ISO-10303-21;
HEADER;
FILE_DESCRIPTION( ( 'STEP AP214' ), '1' );
FILE_NAME( 'p:/temp/worker_113/temp/exporttempdir_5764_41_GAaol/format_0/IPL1-105-01-L-D-RA-K.stp', '2019-10-22T17:47:25', ( '' ), ( '' ), ' ', 'PARTsolutions', ' ' );
FILE_SCHEMA( ( 'AUTOMOTIVE_DESIGN { 1 0 10303 214 1 1 1 1 }' ) );
ENDSEC;
DATA;
#1 = PRODUCT_DEFINITION_CONTEXT( '', #18, 'design' );
#2 = APPLICATION_PROTOCOL_DEFINITION( 'international standard', 'automotive_design', 2001, #18 );
#3 = PRODUCT_CATEGORY_RELATIONSHIP( 'NONE', 'NONE', #19, #20 );
#4 = SHAPE_DEFINITION_REPRESENTATION( #21, #22 );
#5 = PRODUCT_CATEGORY_RELATIONSHIP( 'NONE', 'NONE', #19, #23 );
#6 = CONTEXT_DEPENDENT_SHAPE_REPRESENTATION( #24, #25 );
#7 = SHAPE_DEFINITION_REPRESENTATION( #26, #27 );
#8 = SHAPE_REPRESENTATION_RELATIONSHIP( 'NONE', 'NONE', #27, #28 );
#9 = PRODUCT_CATEGORY_RELATIONSHIP( 'NONE', 'NONE', #19, #29 );
#10 = CONTEXT_DEPENDENT_SHAPE_REPRESENTATION( #30, #31 );
#11 = SHAPE_DEFINITION_REPRESENTATION( #32, #33 );
#12 = SHAPE_REPRESENTATION_RELATIONSHIP( 'NONE', 'NONE', #33, #34 );
#13 = MECHANICAL_DESIGN_GEOMETRIC_PRESENTATION_REPRESENTATION( ' ', ( #35, #36, #37, #38, #39, #40, #41, #42, #43, #44, #45, #46, #47, #48, #49, #50, #51, #52, #53, #54, #55, #56, #57, #58, #59, #60, #61, #62, #63, #64, #65, #66, #67, #68, #69, #70, #71, #72, #73, #74, #75, #76, #77, #78, #79, #80, #81, #82, #83, #84, #85, #86, #87, #88, #89, #90, #91, #92, #93, #94, #95, #96, #97, #98, #99, #100, #101, #102, #103, #104, #105, #106, #107, #108, #109, #110, #111, #112, #113, #114, #115, #116, #117, #118, #119, #120, #121, #122, #123, #124, #125, #126, #127, #128, #129, #130, #131, #132, #133, #134, #135, #136, #137, #138, #139, #140, #141, #142, #143, #144, #145, #146, #147, #148, #149, #150, #151, #152, #153, #154, #155, #156, #157, #158, #159, #160, #161, #162, #163, #164, #165, #166, #167, #168, #169, #170, #171, #172, #173, #174, #175, #176, #177, #178, #179, #180, #181, #182, #183, #184, #185, #186, #187, #188, #189, #190, #191, #192, #193, #194, #195, #196, #197, #198, #199, #200, #201, #202, #203, #204, #205, #206, #207, #208, #209, #210, #211, #212, #213, #214, #215, #216, #217, #218, #219, #220, #221, #222, #223, #224, #225, #226, #227, #228, #229, #230, #231, #232, #233, #234, #235, #236, #237, #238, #239, #240, #241, #242, #243, #244, #245, #246, #247, #248, #249, #250, #251, #252, #253, #254, #255, #256, #257, #258, #259, #260, #261, #262, #263, #264, #265, #266, #267, #268, #269, #270, #271, #272, #273, #274, #275, #276, #277, #278, #279, #280, #281, #282, #283, #284, #285, #286, #287, #288, #289, #290, #291, #292, #293, #294, #295, #296, #297, #298, #299, #300, #301, #302, #303, #304, #305, #306, #307, #308, #309, #310, #311, #312, #313, #314, #315, #316, #317, #318, #319, #320, #321, #322, #323, #324, #325, #326, #327, #328, #329, #330, #331, #332, #333, #334, #335, #336, #337, #338, #339, #340, #341, #342, #343, #344, #345 ), #14 );
#14 =  ( GEOMETRIC_REPRESENTATION_CONTEXT( 3 )GLOBAL_UNCERTAINTY_ASSIGNED_CONTEXT( ( #348 ) )GLOBAL_UNIT_ASSIGNED_CONTEXT( ( #350, #351, #352 ) )REPRESENTATION_CONTEXT( 'NONE', 'WORKSPACE' ) );
#18 = APPLICATION_CONTEXT( 'core data for automotive mechanical design processes' );
#19 = PRODUCT_CATEGORY( 'part', 'NONE' );
#20 = PRODUCT_RELATED_PRODUCT_CATEGORY( 'detail', ' ', ( #354 ) );
#21 = PRODUCT_DEFINITION_SHAPE( 'NONE', 'NONE', #355 );
#22 = SHAPE_REPRESENTATION( 'IPL1-105-01-L-D-RA-K', ( #356, #357, #358 ), #359 );
#23 = PRODUCT_RELATED_PRODUCT_CATEGORY( 'detail', ' ', ( #360 ) );
#24 = ( REPRESENTATION_RELATIONSHIP( '', '', #27, #22 )REPRESENTATION_RELATIONSHIP_WITH_TRANSFORMATION( #363 )SHAPE_REPRESENTATION_RELATIONSHIP(  ) );
#25 = PRODUCT_DEFINITION_SHAPE( 'NAUO-PROD-DEF', 'NAUO-PROD-DEF', #365 );
#26 = PRODUCT_DEFINITION_SHAPE( 'NONE', 'NONE', #366 );
#27 = SHAPE_REPRESENTATION( '_IPL1-105-01-D-RA-K_header', ( #356 ), #359 );
#28 = ADVANCED_BREP_SHAPE_REPRESENTATION( '_IPL1-105-01-D-RA-K_header', ( #367 ), #14 );
#29 = PRODUCT_RELATED_PRODUCT_CATEGORY( 'detail', ' ', ( #368 ) );
#30 = ( REPRESENTATION_RELATIONSHIP( '', '', #33, #22 )REPRESENTATION_RELATIONSHIP_WITH_TRANSFORMATION( #371 )SHAPE_REPRESENTATION_RELATIONSHIP(  ) );
#31 = PRODUCT_DEFINITION_SHAPE( 'NAUO-PROD-DEF', 'NAUO-PROD-DEF', #373 );
#32 = PRODUCT_DEFINITION_SHAPE( 'NONE', 'NONE', #374 );
#33 = SHAPE_REPRESENTATION( '_T-1S64-01-05-D-RA', ( #356 ), #359 );
#34 = ADVANCED_BREP_SHAPE_REPRESENTATION( '_T-1S64-01-05-D-RA', ( #375 ), #14 );
#35 = STYLED_ITEM( '', ( #376 ), #377 );
#36 = STYLED_ITEM( '', ( #378 ), #379 );
#37 = STYLED_ITEM( '', ( #380 ), #381 );
#38 = STYLED_ITEM( '', ( #382 ), #383 );
#39 = STYLED_ITEM( '', ( #384 ), #385 );
#40 = STYLED_ITEM( '', ( #386 ), #387 );
#41 = STYLED_ITEM( '', ( #388 ), #389 );
#42 = STYLED_ITEM( '', ( #390 ), #391 );
#43 = STYLED_ITEM( '', ( #392 ), #393 );
#44 = STYLED_ITEM( '', ( #394 ), #395 );
#45 = STYLED_ITEM( '', ( #396 ), #397 );
#46 = STYLED_ITEM( '', ( #398 ), #399 );
#47 = STYLED_ITEM( '', ( #400 ), #401 );
#48 = STYLED_ITEM( '', ( #402 ), #403 );
#49 = STYLED_ITEM( '', ( #404 ), #405 );
#50 = STYLED_ITEM( '', ( #406 ), #407 );
#51 = STYLED_ITEM( '', ( #408 ), #409 );
#52 = STYLED_ITEM( '', ( #410 ), #411 );
#53 = STYLED_ITEM( '', ( #412 ), #413 );
#54 = STYLED_ITEM( '', ( #414 ), #415 );
#55 = STYLED_ITEM( '', ( #416 ), #417 );
#56 = STYLED_ITEM( '', ( #418 ), #419 );
#57 = STYLED_ITEM( '', ( #420 ), #421 );
#58 = STYLED_ITEM( '', ( #422 ), #423 );
#59 = STYLED_ITEM( '', ( #424 ), #425 );
#60 = STYLED_ITEM( '', ( #426 ), #427 );
#61 = STYLED_ITEM( '', ( #428 ), #429 );
#62 = STYLED_ITEM( '', ( #430 ), #431 );
#63 = STYLED_ITEM( '', ( #432 ), #433 );
#64 = STYLED_ITEM( '', ( #434 ), #435 );
#65 = STYLED_ITEM( '', ( #436 ), #437 );
#66 = STYLED_ITEM( '', ( #438 ), #439 );
#67 = STYLED_ITEM( '', ( #440 ), #441 );
#68 = STYLED_ITEM( '', ( #442 ), #443 );
#69 = STYLED_ITEM( '', ( #444 ), #445 );
#70 = STYLED_ITEM( '', ( #446 ), #447 );
#71 = STYLED_ITEM( '', ( #448 ), #449 );
#72 = STYLED_ITEM( '', ( #450 ), #451 );
#73 = STYLED_ITEM( '', ( #452 ), #453 );
#74 = STYLED_ITEM( '', ( #454 ), #455 );
#75 = STYLED_ITEM( '', ( #456 ), #457 );
#76 = STYLED_ITEM( '', ( #458 ), #459 );
#77 = STYLED_ITEM( '', ( #460 ), #461 );
#78 = STYLED_ITEM( '', ( #462 ), #463 );
#79 = STYLED_ITEM( '', ( #464 ), #465 );
#80 = STYLED_ITEM( '', ( #466 ), #467 );
#81 = STYLED_ITEM( '', ( #468 ), #469 );
#82 = STYLED_ITEM( '', ( #470 ), #471 );
#83 = STYLED_ITEM( '', ( #472 ), #473 );
#84 = STYLED_ITEM( '', ( #474 ), #475 );
#85 = STYLED_ITEM( '', ( #476 ), #477 );
#86 = STYLED_ITEM( '', ( #478 ), #479 );
#87 = STYLED_ITEM( '', ( #480 ), #481 );
#88 = STYLED_ITEM( '', ( #482 ), #483 );
#89 = STYLED_ITEM( '', ( #484 ), #485 );
#90 = STYLED_ITEM( '', ( #486 ), #487 );
#91 = STYLED_ITEM( '', ( #488 ), #489 );
#92 = STYLED_ITEM( '', ( #490 ), #491 );
#93 = STYLED_ITEM( '', ( #492 ), #493 );
#94 = STYLED_ITEM( '', ( #494 ), #495 );
#95 = STYLED_ITEM( '', ( #496 ), #497 );
#96 = STYLED_ITEM( '', ( #498 ), #499 );
#97 = STYLED_ITEM( '', ( #500 ), #501 );
#98 = STYLED_ITEM( '', ( #502 ), #503 );
#99 = STYLED_ITEM( '', ( #504 ), #505 );
#100 = STYLED_ITEM( '', ( #506 ), #507 );
#101 = STYLED_ITEM( '', ( #508 ), #509 );
#102 = STYLED_ITEM( '', ( #510 ), #511 );
#103 = STYLED_ITEM( '', ( #512 ), #513 );
#104 = STYLED_ITEM( '', ( #514 ), #515 );
#105 = STYLED_ITEM( '', ( #516 ), #517 );
#106 = STYLED_ITEM( '', ( #518 ), #519 );
#107 = STYLED_ITEM( '', ( #520 ), #521 );
#108 = STYLED_ITEM( '', ( #522 ), #523 );
#109 = STYLED_ITEM( '', ( #524 ), #525 );
#110 = STYLED_ITEM( '', ( #526 ), #527 );
#111 = STYLED_ITEM( '', ( #528 ), #529 );
#112 = STYLED_ITEM( '', ( #530 ), #531 );
#113 = STYLED_ITEM( '', ( #532 ), #533 );
#114 = STYLED_ITEM( '', ( #534 ), #535 );
#115 = STYLED_ITEM( '', ( #536 ), #537 );
#116 = STYLED_ITEM( '', ( #538 ), #539 );
#117 = STYLED_ITEM( '', ( #540 ), #541 );
#118 = STYLED_ITEM( '', ( #542 ), #543 );
#119 = STYLED_ITEM( '', ( #544 ), #545 );
#120 = STYLED_ITEM( '', ( #546 ), #547 );
#121 = STYLED_ITEM( '', ( #548 ), #549 );
#122 = STYLED_ITEM( '', ( #550 ), #551 );
#123 = STYLED_ITEM( '', ( #552 ), #553 );
#124 = STYLED_ITEM( '', ( #554 ), #555 );
#125 = STYLED_ITEM( '', ( #556 ), #557 );
#126 = STYLED_ITEM( '', ( #558 ), #559 );
#127 = STYLED_ITEM( '', ( #560 ), #561 );
#128 = STYLED_ITEM( '', ( #562 ), #563 );
#129 = STYLED_ITEM( '', ( #564 ), #565 );
#130 = STYLED_ITEM( '', ( #566 ), #567 );
#131 = STYLED_ITEM( '', ( #568 ), #569 );
#132 = STYLED_ITEM( '', ( #570 ), #571 );
#133 = STYLED_ITEM( '', ( #572 ), #573 );
#134 = STYLED_ITEM( '', ( #574 ), #575 );
#135 = STYLED_ITEM( '', ( #576 ), #577 );
#136 = STYLED_ITEM( '', ( #578 ), #579 );
#137 = STYLED_ITEM( '', ( #580 ), #581 );
#138 = STYLED_ITEM( '', ( #582 ), #583 );
#139 = STYLED_ITEM( '', ( #584 ), #585 );
#140 = STYLED_ITEM( '', ( #586 ), #587 );
#141 = STYLED_ITEM( '', ( #588 ), #589 );
#142 = STYLED_ITEM( '', ( #590 ), #591 );
#143 = STYLED_ITEM( '', ( #592 ), #593 );
#144 = STYLED_ITEM( '', ( #594 ), #595 );
#145 = STYLED_ITEM( '', ( #596 ), #597 );
#146 = STYLED_ITEM( '', ( #598 ), #599 );
#147 = STYLED_ITEM( '', ( #600 ), #601 );
#148 = STYLED_ITEM( '', ( #602 ), #603 );
#149 = STYLED_ITEM( '', ( #604 ), #605 );
#150 = STYLED_ITEM( '', ( #606 ), #607 );
#151 = STYLED_ITEM( '', ( #608 ), #609 );
#152 = STYLED_ITEM( '', ( #610 ), #611 );
#153 = STYLED_ITEM( '', ( #612 ), #613 );
#154 = STYLED_ITEM( '', ( #614 ), #615 );
#155 = STYLED_ITEM( '', ( #616 ), #617 );
#156 = STYLED_ITEM( '', ( #618 ), #619 );
#157 = STYLED_ITEM( '', ( #620 ), #621 );
#158 = STYLED_ITEM( '', ( #622 ), #623 );
#159 = STYLED_ITEM( '', ( #624 ), #625 );
#160 = STYLED_ITEM( '', ( #626 ), #627 );
#161 = STYLED_ITEM( '', ( #628 ), #629 );
#162 = STYLED_ITEM( '', ( #630 ), #631 );
#163 = STYLED_ITEM( '', ( #632 ), #633 );
#164 = STYLED_ITEM( '', ( #634 ), #635 );
#165 = STYLED_ITEM( '', ( #636 ), #637 );
#166 = STYLED_ITEM( '', ( #638 ), #639 );
#167 = STYLED_ITEM( '', ( #640 ), #641 );
#168 = STYLED_ITEM( '', ( #642 ), #643 );
#169 = STYLED_ITEM( '', ( #644 ), #645 );
#170 = STYLED_ITEM( '', ( #646 ), #647 );
#171 = STYLED_ITEM( '', ( #648 ), #649 );
#172 = STYLED_ITEM( '', ( #650 ), #651 );
#173 = STYLED_ITEM( '', ( #652 ), #653 );
#174 = STYLED_ITEM( '', ( #654 ), #655 );
#175 = STYLED_ITEM( '', ( #656 ), #657 );
#176 = STYLED_ITEM( '', ( #658 ), #659 );
#177 = STYLED_ITEM( '', ( #660 ), #661 );
#178 = STYLED_ITEM( '', ( #662 ), #663 );
#179 = STYLED_ITEM( '', ( #664 ), #665 );
#180 = STYLED_ITEM( '', ( #666 ), #667 );
#181 = STYLED_ITEM( '', ( #668 ), #669 );
#182 = STYLED_ITEM( '', ( #670 ), #671 );
#183 = STYLED_ITEM( '', ( #672 ), #673 );
#184 = STYLED_ITEM( '', ( #674 ), #675 );
#185 = STYLED_ITEM( '', ( #676 ), #677 );
#186 = STYLED_ITEM( '', ( #678 ), #679 );
#187 = STYLED_ITEM( '', ( #680 ), #681 );
#188 = STYLED_ITEM( '', ( #682 ), #683 );
#189 = STYLED_ITEM( '', ( #684 ), #685 );
#190 = STYLED_ITEM( '', ( #686 ), #687 );
#191 = STYLED_ITEM( '', ( #688 ), #689 );
#192 = STYLED_ITEM( '', ( #690 ), #691 );
#193 = STYLED_ITEM( '', ( #692 ), #693 );
#194 = STYLED_ITEM( '', ( #694 ), #695 );
#195 = STYLED_ITEM( '', ( #696 ), #697 );
#196 = STYLED_ITEM( '', ( #698 ), #699 );
#197 = STYLED_ITEM( '', ( #700 ), #701 );
#198 = STYLED_ITEM( '', ( #702 ), #703 );
#199 = STYLED_ITEM( '', ( #704 ), #705 );
#200 = STYLED_ITEM( '', ( #706 ), #707 );
#201 = STYLED_ITEM( '', ( #708 ), #709 );
#202 = STYLED_ITEM( '', ( #710 ), #711 );
#203 = STYLED_ITEM( '', ( #712 ), #713 );
#204 = STYLED_ITEM( '', ( #714 ), #715 );
#205 = STYLED_ITEM( '', ( #716 ), #717 );
#206 = STYLED_ITEM( '', ( #718 ), #719 );
#207 = STYLED_ITEM( '', ( #720 ), #721 );
#208 = STYLED_ITEM( '', ( #722 ), #723 );
#209 = STYLED_ITEM( '', ( #724 ), #725 );
#210 = STYLED_ITEM( '', ( #726 ), #727 );
#211 = STYLED_ITEM( '', ( #728 ), #729 );
#212 = STYLED_ITEM( '', ( #730 ), #731 );
#213 = STYLED_ITEM( '', ( #732 ), #733 );
#214 = STYLED_ITEM( '', ( #734 ), #735 );
#215 = STYLED_ITEM( '', ( #736 ), #737 );
#216 = STYLED_ITEM( '', ( #738 ), #739 );
#217 = STYLED_ITEM( '', ( #740 ), #741 );
#218 = STYLED_ITEM( '', ( #742 ), #743 );
#219 = STYLED_ITEM( '', ( #744 ), #745 );
#220 = STYLED_ITEM( '', ( #746 ), #747 );
#221 = STYLED_ITEM( '', ( #748 ), #749 );
#222 = STYLED_ITEM( '', ( #750 ), #751 );
#223 = STYLED_ITEM( '', ( #752 ), #753 );
#224 = STYLED_ITEM( '', ( #754 ), #755 );
#225 = STYLED_ITEM( '', ( #756 ), #757 );
#226 = STYLED_ITEM( '', ( #758 ), #759 );
#227 = STYLED_ITEM( '', ( #760 ), #761 );
#228 = STYLED_ITEM( '', ( #762 ), #763 );
#229 = STYLED_ITEM( '', ( #764 ), #765 );
#230 = STYLED_ITEM( '', ( #766 ), #767 );
#231 = STYLED_ITEM( '', ( #768 ), #769 );
#232 = STYLED_ITEM( '', ( #770 ), #771 );
#233 = STYLED_ITEM( '', ( #772 ), #773 );
#234 = STYLED_ITEM( '', ( #774 ), #775 );
#235 = STYLED_ITEM( '', ( #776 ), #777 );
#236 = STYLED_ITEM( '', ( #778 ), #779 );
#237 = STYLED_ITEM( '', ( #780 ), #781 );
#238 = STYLED_ITEM( '', ( #782 ), #783 );
#239 = STYLED_ITEM( '', ( #784 ), #785 );
#240 = STYLED_ITEM( '', ( #786 ), #787 );
#241 = STYLED_ITEM( '', ( #788 ), #789 );
#242 = STYLED_ITEM( '', ( #790 ), #791 );
#243 = STYLED_ITEM( '', ( #792 ), #793 );
#244 = STYLED_ITEM( '', ( #794 ), #795 );
#245 = STYLED_ITEM( '', ( #796 ), #797 );
#246 = STYLED_ITEM( '', ( #798 ), #799 );
#247 = STYLED_ITEM( '', ( #800 ), #801 );
#248 = STYLED_ITEM( '', ( #802 ), #803 );
#249 = STYLED_ITEM( '', ( #804 ), #805 );
#250 = STYLED_ITEM( '', ( #806 ), #807 );
#251 = STYLED_ITEM( '', ( #808 ), #809 );
#252 = STYLED_ITEM( '', ( #810 ), #811 );
#253 = STYLED_ITEM( '', ( #812 ), #813 );
#254 = STYLED_ITEM( '', ( #814 ), #815 );
#255 = STYLED_ITEM( '', ( #816 ), #817 );
#256 = STYLED_ITEM( '', ( #818 ), #819 );
#257 = STYLED_ITEM( '', ( #820 ), #821 );
#258 = STYLED_ITEM( '', ( #822 ), #823 );
#259 = STYLED_ITEM( '', ( #824 ), #825 );
#260 = STYLED_ITEM( '', ( #826 ), #827 );
#261 = STYLED_ITEM( '', ( #828 ), #829 );
#262 = STYLED_ITEM( '', ( #830 ), #831 );
#263 = STYLED_ITEM( '', ( #832 ), #833 );
#264 = STYLED_ITEM( '', ( #834 ), #835 );
#265 = STYLED_ITEM( '', ( #836 ), #837 );
#266 = STYLED_ITEM( '', ( #838 ), #839 );
#267 = STYLED_ITEM( '', ( #840 ), #841 );
#268 = STYLED_ITEM( '', ( #842 ), #843 );
#269 = STYLED_ITEM( '', ( #844 ), #845 );
#270 = STYLED_ITEM( '', ( #846 ), #847 );
#271 = STYLED_ITEM( '', ( #848 ), #849 );
#272 = STYLED_ITEM( '', ( #850 ), #851 );
#273 = STYLED_ITEM( '', ( #852 ), #853 );
#274 = STYLED_ITEM( '', ( #854 ), #855 );
#275 = STYLED_ITEM( '', ( #856 ), #857 );
#276 = STYLED_ITEM( '', ( #858 ), #859 );
#277 = STYLED_ITEM( '', ( #860 ), #861 );
#278 = STYLED_ITEM( '', ( #862 ), #863 );
#279 = STYLED_ITEM( '', ( #864 ), #865 );
#280 = STYLED_ITEM( '', ( #866 ), #867 );
#281 = STYLED_ITEM( '', ( #868 ), #869 );
#282 = STYLED_ITEM( '', ( #870 ), #871 );
#283 = STYLED_ITEM( '', ( #872 ), #873 );
#284 = STYLED_ITEM( '', ( #874 ), #875 );
#285 = STYLED_ITEM( '', ( #876 ), #877 );
#286 = STYLED_ITEM( '', ( #878 ), #879 );
#287 = STYLED_ITEM( '', ( #880 ), #881 );
#288 = STYLED_ITEM( '', ( #882 ), #883 );
#289 = STYLED_ITEM( '', ( #884 ), #885 );
#290 = STYLED_ITEM( '', ( #886 ), #887 );
#291 = STYLED_ITEM( '', ( #888 ), #889 );
#292 = STYLED_ITEM( '', ( #890 ), #891 );
#293 = STYLED_ITEM( '', ( #892 ), #893 );
#294 = STYLED_ITEM( '', ( #894 ), #895 );
#295 = STYLED_ITEM( '', ( #896 ), #897 );
#296 = STYLED_ITEM( '', ( #898 ), #899 );
#297 = STYLED_ITEM( '', ( #900 ), #901 );
#298 = STYLED_ITEM( '', ( #902 ), #903 );
#299 = STYLED_ITEM( '', ( #904 ), #905 );
#300 = STYLED_ITEM( '', ( #906 ), #907 );
#301 = STYLED_ITEM( '', ( #908 ), #909 );
#302 = STYLED_ITEM( '', ( #910 ), #911 );
#303 = STYLED_ITEM( '', ( #912 ), #913 );
#304 = STYLED_ITEM( '', ( #914 ), #915 );
#305 = STYLED_ITEM( '', ( #916 ), #917 );
#306 = STYLED_ITEM( '', ( #918 ), #919 );
#307 = STYLED_ITEM( '', ( #920 ), #921 );
#308 = STYLED_ITEM( '', ( #922 ), #923 );
#309 = STYLED_ITEM( '', ( #924 ), #925 );
#310 = STYLED_ITEM( '', ( #926 ), #927 );
#311 = STYLED_ITEM( '', ( #928 ), #929 );
#312 = STYLED_ITEM( '', ( #930 ), #931 );
#313 = STYLED_ITEM( '', ( #932 ), #933 );
#314 = STYLED_ITEM( '', ( #934 ), #935 );
#315 = STYLED_ITEM( '', ( #936 ), #937 );
#316 = STYLED_ITEM( '', ( #938 ), #939 );
#317 = STYLED_ITEM( '', ( #940 ), #941 );
#318 = STYLED_ITEM( '', ( #942 ), #943 );
#319 = STYLED_ITEM( '', ( #944 ), #945 );
#320 = STYLED_ITEM( '', ( #946 ), #947 );
#321 = STYLED_ITEM( '', ( #948 ), #949 );
#322 = STYLED_ITEM( '', ( #950 ), #951 );
#323 = STYLED_ITEM( '', ( #952 ), #953 );
#324 = STYLED_ITEM( '', ( #954 ), #955 );
#325 = STYLED_ITEM( '', ( #956 ), #957 );
#326 = STYLED_ITEM( '', ( #958 ), #959 );
#327 = STYLED_ITEM( '', ( #960 ), #961 );
#328 = STYLED_ITEM( '', ( #962 ), #963 );
#329 = STYLED_ITEM( '', ( #964 ), #965 );
#330 = STYLED_ITEM( '', ( #966 ), #967 );
#331 = STYLED_ITEM( '', ( #968 ), #969 );
#332 = STYLED_ITEM( '', ( #970 ), #971 );
#333 = STYLED_ITEM( '', ( #972 ), #973 );
#334 = STYLED_ITEM( '', ( #974 ), #975 );
#335 = STYLED_ITEM( '', ( #976 ), #977 );
#336 = STYLED_ITEM( '', ( #978 ), #979 );
#337 = STYLED_ITEM( '', ( #980 ), #981 );
#338 = STYLED_ITEM( '', ( #982 ), #983 );
#339 = STYLED_ITEM( '', ( #984 ), #985 );
#340 = STYLED_ITEM( '', ( #986 ), #987 );
#341 = STYLED_ITEM( '', ( #988 ), #989 );
#342 = STYLED_ITEM( '', ( #990 ), #991 );
#343 = STYLED_ITEM( '', ( #992 ), #993 );
#344 = STYLED_ITEM( '', ( #994 ), #995 );
#345 = STYLED_ITEM( '', ( #996 ), #997 );
#348 = UNCERTAINTY_MEASURE_WITH_UNIT( LENGTH_MEASURE( 3.93701000000000E-05 ), #350, '', '' );
#350 =  ( CONVERSION_BASED_UNIT( 'INCH', #1000 )LENGTH_UNIT(  )NAMED_UNIT( #1003 ) );
#351 =  ( NAMED_UNIT( #1005 )PLANE_ANGLE_UNIT(  )SI_UNIT( $, .RADIAN. ) );
#352 =  ( NAMED_UNIT( #1005 )SI_UNIT( $, .STERADIAN. )SOLID_ANGLE_UNIT(  ) );
#354 = PRODUCT( 'IPL1-105-01-L-D-RA-K', 'IPL1-105-01-L-D-RA-K', 'PART-IPL1-105-01-L-D-RA-K-DESC', ( #1011 ) );
#355 = PRODUCT_DEFINITION( 'NONE', 'NONE', #1012, #1 );
#356 = AXIS2_PLACEMENT_3D( '', #1013, #1014, #1015 );
#357 = AXIS2_PLACEMENT_3D( '', #1016, #1017, #1018 );
#358 = AXIS2_PLACEMENT_3D( '', #1019, #1020, #1021 );
#359 =  ( GEOMETRIC_REPRESENTATION_CONTEXT( 3 )GLOBAL_UNCERTAINTY_ASSIGNED_CONTEXT( ( #1024 ) )GLOBAL_UNIT_ASSIGNED_CONTEXT( ( #1026, #1027, #1028 ) )REPRESENTATION_CONTEXT( 'NONE', 'WORKSPACE' ) );
#360 = PRODUCT( '_IPL1-105-01-D-RA-K_header', '_IPL1-105-01-D-RA-K_header', 'PART-_IPL1-105-01-D-RA-K_header-DESC', ( #1011 ) );
#363 = ITEM_DEFINED_TRANSFORMATION( '', '', #356, #357 );
#365 = NEXT_ASSEMBLY_USAGE_OCCURRENCE( 'NAUO1', '_IPL1-105-01-D-RA-K_header', '_IPL1-105-01-D-RA-K_header', #355, #366, $ );
#366 = PRODUCT_DEFINITION( '_IPL1-105-01-D-RA-K_header', '_IPL1-105-01-D-RA-K_header', #1030, #1 );
#367 = MANIFOLD_SOLID_BREP( '_IPL1-105-01-D-RA-K_header', #1031 );
#368 = PRODUCT( '_T-1S64-01-05-D-RA', '_T-1S64-01-05-D-RA', 'PART-_T-1S64-01-05-D-RA-DESC', ( #1011 ) );
#371 = ITEM_DEFINED_TRANSFORMATION( '', '', #356, #358 );
#373 = NEXT_ASSEMBLY_USAGE_OCCURRENCE( 'NAUO2', '_T-1S64-01-05-D-RA', '_T-1S64-01-05-D-RA', #355, #374, $ );
#374 = PRODUCT_DEFINITION( '_T-1S64-01-05-D-RA', '_T-1S64-01-05-D-RA', #1032, #1 );
#375 = MANIFOLD_SOLID_BREP( '_T-1S64-01-05-D-RA', #1033 );
#376 = PRESENTATION_STYLE_ASSIGNMENT( ( #1034 ) );
#377 = ADVANCED_FACE( '', ( #1035 ), #1036, .F. );
#378 = PRESENTATION_STYLE_ASSIGNMENT( ( #1037 ) );
#379 = ADVANCED_FACE( '', ( #1038 ), #1039, .F. );
#380 = PRESENTATION_STYLE_ASSIGNMENT( ( #1040 ) );
#381 = ADVANCED_FACE( '', ( #1041 ), #1042, .F. );
#382 = PRESENTATION_STYLE_ASSIGNMENT( ( #1043 ) );
#383 = ADVANCED_FACE( '', ( #1044 ), #1045, .F. );
#384 = PRESENTATION_STYLE_ASSIGNMENT( ( #1046 ) );
#385 = ADVANCED_FACE( '', ( #1047 ), #1048, .F. );
#386 = PRESENTATION_STYLE_ASSIGNMENT( ( #1049 ) );
#387 = ADVANCED_FACE( '', ( #1050 ), #1051, .F. );
#388 = PRESENTATION_STYLE_ASSIGNMENT( ( #1052 ) );
#389 = ADVANCED_FACE( '', ( #1053 ), #1054, .T. );
#390 = PRESENTATION_STYLE_ASSIGNMENT( ( #1055 ) );
#391 = ADVANCED_FACE( '', ( #1056 ), #1057, .F. );
#392 = PRESENTATION_STYLE_ASSIGNMENT( ( #1058 ) );
#393 = ADVANCED_FACE( '', ( #1059 ), #1060, .T. );
#394 = PRESENTATION_STYLE_ASSIGNMENT( ( #1061 ) );
#395 = ADVANCED_FACE( '', ( #1062 ), #1063, .F. );
#396 = PRESENTATION_STYLE_ASSIGNMENT( ( #1064 ) );
#397 = ADVANCED_FACE( '', ( #1065 ), #1066, .F. );
#398 = PRESENTATION_STYLE_ASSIGNMENT( ( #1067 ) );
#399 = ADVANCED_FACE( '', ( #1068 ), #1069, .F. );
#400 = PRESENTATION_STYLE_ASSIGNMENT( ( #1070 ) );
#401 = ADVANCED_FACE( '', ( #1071 ), #1072, .T. );
#402 = PRESENTATION_STYLE_ASSIGNMENT( ( #1073 ) );
#403 = ADVANCED_FACE( '', ( #1074 ), #1075, .T. );
#404 = PRESENTATION_STYLE_ASSIGNMENT( ( #1076 ) );
#405 = ADVANCED_FACE( '', ( #1077 ), #1078, .F. );
#406 = PRESENTATION_STYLE_ASSIGNMENT( ( #1079 ) );
#407 = ADVANCED_FACE( '', ( #1080 ), #1081, .F. );
#408 = PRESENTATION_STYLE_ASSIGNMENT( ( #1082 ) );
#409 = ADVANCED_FACE( '', ( #1083 ), #1084, .F. );
#410 = PRESENTATION_STYLE_ASSIGNMENT( ( #1085 ) );
#411 = ADVANCED_FACE( '', ( #1086 ), #1087, .F. );
#412 = PRESENTATION_STYLE_ASSIGNMENT( ( #1088 ) );
#413 = ADVANCED_FACE( '', ( #1089 ), #1090, .F. );
#414 = PRESENTATION_STYLE_ASSIGNMENT( ( #1091 ) );
#415 = ADVANCED_FACE( '', ( #1092 ), #1093, .T. );
#416 = PRESENTATION_STYLE_ASSIGNMENT( ( #1094 ) );
#417 = ADVANCED_FACE( '', ( #1095 ), #1096, .F. );
#418 = PRESENTATION_STYLE_ASSIGNMENT( ( #1097 ) );
#419 = ADVANCED_FACE( '', ( #1098 ), #1099, .F. );
#420 = PRESENTATION_STYLE_ASSIGNMENT( ( #1100 ) );
#421 = ADVANCED_FACE( '', ( #1101 ), #1102, .F. );
#422 = PRESENTATION_STYLE_ASSIGNMENT( ( #1103 ) );
#423 = ADVANCED_FACE( '', ( #1104 ), #1105, .F. );
#424 = PRESENTATION_STYLE_ASSIGNMENT( ( #1106 ) );
#425 = ADVANCED_FACE( '', ( #1107 ), #1108, .T. );
#426 = PRESENTATION_STYLE_ASSIGNMENT( ( #1109 ) );
#427 = ADVANCED_FACE( '', ( #1110 ), #1111, .T. );
#428 = PRESENTATION_STYLE_ASSIGNMENT( ( #1112 ) );
#429 = ADVANCED_FACE( '', ( #1113 ), #1114, .F. );
#430 = PRESENTATION_STYLE_ASSIGNMENT( ( #1115 ) );
#431 = ADVANCED_FACE( '', ( #1116 ), #1117, .F. );
#432 = PRESENTATION_STYLE_ASSIGNMENT( ( #1118 ) );
#433 = ADVANCED_FACE( '', ( #1119 ), #1120, .F. );
#434 = PRESENTATION_STYLE_ASSIGNMENT( ( #1121 ) );
#435 = ADVANCED_FACE( '', ( #1122 ), #1123, .F. );
#436 = PRESENTATION_STYLE_ASSIGNMENT( ( #1124 ) );
#437 = ADVANCED_FACE( '', ( #1125 ), #1126, .T. );
#438 = PRESENTATION_STYLE_ASSIGNMENT( ( #1127 ) );
#439 = ADVANCED_FACE( '', ( #1128 ), #1129, .F. );
#440 = PRESENTATION_STYLE_ASSIGNMENT( ( #1130 ) );
#441 = ADVANCED_FACE( '', ( #1131 ), #1132, .F. );
#442 = PRESENTATION_STYLE_ASSIGNMENT( ( #1133 ) );
#443 = ADVANCED_FACE( '', ( #1134 ), #1135, .F. );
#444 = PRESENTATION_STYLE_ASSIGNMENT( ( #1136 ) );
#445 = ADVANCED_FACE( '', ( #1137 ), #1138, .F. );
#446 = PRESENTATION_STYLE_ASSIGNMENT( ( #1139 ) );
#447 = ADVANCED_FACE( '', ( #1140 ), #1141, .F. );
#448 = PRESENTATION_STYLE_ASSIGNMENT( ( #1142 ) );
#449 = ADVANCED_FACE( '', ( #1143 ), #1144, .F. );
#450 = PRESENTATION_STYLE_ASSIGNMENT( ( #1145 ) );
#451 = ADVANCED_FACE( '', ( #1146 ), #1147, .T. );
#452 = PRESENTATION_STYLE_ASSIGNMENT( ( #1148 ) );
#453 = ADVANCED_FACE( '', ( #1149 ), #1150, .F. );
#454 = PRESENTATION_STYLE_ASSIGNMENT( ( #1151 ) );
#455 = ADVANCED_FACE( '', ( #1152 ), #1153, .F. );
#456 = PRESENTATION_STYLE_ASSIGNMENT( ( #1154 ) );
#457 = ADVANCED_FACE( '', ( #1155 ), #1156, .T. );
#458 = PRESENTATION_STYLE_ASSIGNMENT( ( #1157 ) );
#459 = ADVANCED_FACE( '', ( #1158 ), #1159, .F. );
#460 = PRESENTATION_STYLE_ASSIGNMENT( ( #1160 ) );
#461 = ADVANCED_FACE( '', ( #1161 ), #1162, .F. );
#462 = PRESENTATION_STYLE_ASSIGNMENT( ( #1163 ) );
#463 = ADVANCED_FACE( '', ( #1164 ), #1165, .F. );
#464 = PRESENTATION_STYLE_ASSIGNMENT( ( #1166 ) );
#465 = ADVANCED_FACE( '', ( #1167 ), #1168, .F. );
#466 = PRESENTATION_STYLE_ASSIGNMENT( ( #1169 ) );
#467 = ADVANCED_FACE( '', ( #1170 ), #1171, .F. );
#468 = PRESENTATION_STYLE_ASSIGNMENT( ( #1172 ) );
#469 = ADVANCED_FACE( '', ( #1173 ), #1174, .F. );
#470 = PRESENTATION_STYLE_ASSIGNMENT( ( #1175 ) );
#471 = ADVANCED_FACE( '', ( #1176 ), #1177, .F. );
#472 = PRESENTATION_STYLE_ASSIGNMENT( ( #1178 ) );
#473 = ADVANCED_FACE( '', ( #1179 ), #1180, .F. );
#474 = PRESENTATION_STYLE_ASSIGNMENT( ( #1181 ) );
#475 = ADVANCED_FACE( '', ( #1182 ), #1183, .F. );
#476 = PRESENTATION_STYLE_ASSIGNMENT( ( #1184 ) );
#477 = ADVANCED_FACE( '', ( #1185 ), #1186, .F. );
#478 = PRESENTATION_STYLE_ASSIGNMENT( ( #1187 ) );
#479 = ADVANCED_FACE( '', ( #1188 ), #1189, .F. );
#480 = PRESENTATION_STYLE_ASSIGNMENT( ( #1190 ) );
#481 = ADVANCED_FACE( '', ( #1191 ), #1192, .T. );
#482 = PRESENTATION_STYLE_ASSIGNMENT( ( #1193 ) );
#483 = ADVANCED_FACE( '', ( #1194 ), #1195, .T. );
#484 = PRESENTATION_STYLE_ASSIGNMENT( ( #1196 ) );
#485 = ADVANCED_FACE( '', ( #1197 ), #1198, .F. );
#486 = PRESENTATION_STYLE_ASSIGNMENT( ( #1199 ) );
#487 = ADVANCED_FACE( '', ( #1200 ), #1201, .F. );
#488 = PRESENTATION_STYLE_ASSIGNMENT( ( #1202 ) );
#489 = ADVANCED_FACE( '', ( #1203 ), #1204, .F. );
#490 = PRESENTATION_STYLE_ASSIGNMENT( ( #1205 ) );
#491 = ADVANCED_FACE( '', ( #1206 ), #1207, .T. );
#492 = PRESENTATION_STYLE_ASSIGNMENT( ( #1208 ) );
#493 = ADVANCED_FACE( '', ( #1209 ), #1210, .F. );
#494 = PRESENTATION_STYLE_ASSIGNMENT( ( #1211 ) );
#495 = ADVANCED_FACE( '', ( #1212 ), #1213, .F. );
#496 = PRESENTATION_STYLE_ASSIGNMENT( ( #1214 ) );
#497 = ADVANCED_FACE( '', ( #1215 ), #1216, .F. );
#498 = PRESENTATION_STYLE_ASSIGNMENT( ( #1217 ) );
#499 = ADVANCED_FACE( '', ( #1218 ), #1219, .F. );
#500 = PRESENTATION_STYLE_ASSIGNMENT( ( #1220 ) );
#501 = ADVANCED_FACE( '', ( #1221 ), #1222, .F. );
#502 = PRESENTATION_STYLE_ASSIGNMENT( ( #1223 ) );
#503 = ADVANCED_FACE( '', ( #1224 ), #1225, .F. );
#504 = PRESENTATION_STYLE_ASSIGNMENT( ( #1226 ) );
#505 = ADVANCED_FACE( '', ( #1227 ), #1228, .T. );
#506 = PRESENTATION_STYLE_ASSIGNMENT( ( #1229 ) );
#507 = ADVANCED_FACE( '', ( #1230 ), #1231, .T. );
#508 = PRESENTATION_STYLE_ASSIGNMENT( ( #1232 ) );
#509 = ADVANCED_FACE( '', ( #1233 ), #1234, .F. );
#510 = PRESENTATION_STYLE_ASSIGNMENT( ( #1235 ) );
#511 = ADVANCED_FACE( '', ( #1236 ), #1237, .T. );
#512 = PRESENTATION_STYLE_ASSIGNMENT( ( #1238 ) );
#513 = ADVANCED_FACE( '', ( #1239 ), #1240, .T. );
#514 = PRESENTATION_STYLE_ASSIGNMENT( ( #1241 ) );
#515 = ADVANCED_FACE( '', ( #1242 ), #1243, .T. );
#516 = PRESENTATION_STYLE_ASSIGNMENT( ( #1244 ) );
#517 = ADVANCED_FACE( '', ( #1245 ), #1246, .F. );
#518 = PRESENTATION_STYLE_ASSIGNMENT( ( #1247 ) );
#519 = ADVANCED_FACE( '', ( #1248 ), #1249, .T. );
#520 = PRESENTATION_STYLE_ASSIGNMENT( ( #1250 ) );
#521 = ADVANCED_FACE( '', ( #1251 ), #1252, .F. );
#522 = PRESENTATION_STYLE_ASSIGNMENT( ( #1253 ) );
#523 = ADVANCED_FACE( '', ( #1254 ), #1255, .F. );
#524 = PRESENTATION_STYLE_ASSIGNMENT( ( #1256 ) );
#525 = ADVANCED_FACE( '', ( #1257 ), #1258, .T. );
#526 = PRESENTATION_STYLE_ASSIGNMENT( ( #1259 ) );
#527 = ADVANCED_FACE( '', ( #1260 ), #1261, .F. );
#528 = PRESENTATION_STYLE_ASSIGNMENT( ( #1262 ) );
#529 = ADVANCED_FACE( '', ( #1263 ), #1264, .T. );
#530 = PRESENTATION_STYLE_ASSIGNMENT( ( #1265 ) );
#531 = ADVANCED_FACE( '', ( #1266 ), #1267, .T. );
#532 = PRESENTATION_STYLE_ASSIGNMENT( ( #1268 ) );
#533 = ADVANCED_FACE( '', ( #1269 ), #1270, .T. );
#534 = PRESENTATION_STYLE_ASSIGNMENT( ( #1271 ) );
#535 = ADVANCED_FACE( '', ( #1272 ), #1273, .T. );
#536 = PRESENTATION_STYLE_ASSIGNMENT( ( #1274 ) );
#537 = ADVANCED_FACE( '', ( #1275 ), #1276, .F. );
#538 = PRESENTATION_STYLE_ASSIGNMENT( ( #1277 ) );
#539 = ADVANCED_FACE( '', ( #1278 ), #1279, .T. );
#540 = PRESENTATION_STYLE_ASSIGNMENT( ( #1280 ) );
#541 = ADVANCED_FACE( '', ( #1281 ), #1282, .F. );
#542 = PRESENTATION_STYLE_ASSIGNMENT( ( #1283 ) );
#543 = ADVANCED_FACE( '', ( #1284 ), #1285, .T. );
#544 = PRESENTATION_STYLE_ASSIGNMENT( ( #1286 ) );
#545 = ADVANCED_FACE( '', ( #1287 ), #1288, .F. );
#546 = PRESENTATION_STYLE_ASSIGNMENT( ( #1289 ) );
#547 = ADVANCED_FACE( '', ( #1290 ), #1291, .F. );
#548 = PRESENTATION_STYLE_ASSIGNMENT( ( #1292 ) );
#549 = ADVANCED_FACE( '', ( #1293 ), #1294, .F. );
#550 = PRESENTATION_STYLE_ASSIGNMENT( ( #1295 ) );
#551 = ADVANCED_FACE( '', ( #1296 ), #1297, .T. );
#552 = PRESENTATION_STYLE_ASSIGNMENT( ( #1298 ) );
#553 = ADVANCED_FACE( '', ( #1299 ), #1300, .F. );
#554 = PRESENTATION_STYLE_ASSIGNMENT( ( #1301 ) );
#555 = ADVANCED_FACE( '', ( #1302 ), #1303, .T. );
#556 = PRESENTATION_STYLE_ASSIGNMENT( ( #1304 ) );
#557 = ADVANCED_FACE( '', ( #1305 ), #1306, .F. );
#558 = PRESENTATION_STYLE_ASSIGNMENT( ( #1307 ) );
#559 = ADVANCED_FACE( '', ( #1308 ), #1309, .T. );
#560 = PRESENTATION_STYLE_ASSIGNMENT( ( #1310 ) );
#561 = ADVANCED_FACE( '', ( #1311 ), #1312, .F. );
#562 = PRESENTATION_STYLE_ASSIGNMENT( ( #1313 ) );
#563 = ADVANCED_FACE( '', ( #1314 ), #1315, .F. );
#564 = PRESENTATION_STYLE_ASSIGNMENT( ( #1316 ) );
#565 = ADVANCED_FACE( '', ( #1317 ), #1318, .F. );
#566 = PRESENTATION_STYLE_ASSIGNMENT( ( #1319 ) );
#567 = ADVANCED_FACE( '', ( #1320 ), #1321, .F. );
#568 = PRESENTATION_STYLE_ASSIGNMENT( ( #1322 ) );
#569 = ADVANCED_FACE( '', ( #1323 ), #1324, .T. );
#570 = PRESENTATION_STYLE_ASSIGNMENT( ( #1325 ) );
#571 = ADVANCED_FACE( '', ( #1326 ), #1327, .T. );
#572 = PRESENTATION_STYLE_ASSIGNMENT( ( #1328 ) );
#573 = ADVANCED_FACE( '', ( #1329 ), #1330, .F. );
#574 = PRESENTATION_STYLE_ASSIGNMENT( ( #1331 ) );
#575 = ADVANCED_FACE( '', ( #1332 ), #1333, .T. );
#576 = PRESENTATION_STYLE_ASSIGNMENT( ( #1334 ) );
#577 = ADVANCED_FACE( '', ( #1335 ), #1336, .F. );
#578 = PRESENTATION_STYLE_ASSIGNMENT( ( #1337 ) );
#579 = ADVANCED_FACE( '', ( #1338 ), #1339, .T. );
#580 = PRESENTATION_STYLE_ASSIGNMENT( ( #1340 ) );
#581 = ADVANCED_FACE( '', ( #1341 ), #1342, .F. );
#582 = PRESENTATION_STYLE_ASSIGNMENT( ( #1343 ) );
#583 = ADVANCED_FACE( '', ( #1344 ), #1345, .F. );
#584 = PRESENTATION_STYLE_ASSIGNMENT( ( #1346 ) );
#585 = ADVANCED_FACE( '', ( #1347 ), #1348, .F. );
#586 = PRESENTATION_STYLE_ASSIGNMENT( ( #1349 ) );
#587 = ADVANCED_FACE( '', ( #1350 ), #1351, .F. );
#588 = PRESENTATION_STYLE_ASSIGNMENT( ( #1352 ) );
#589 = ADVANCED_FACE( '', ( #1353 ), #1354, .T. );
#590 = PRESENTATION_STYLE_ASSIGNMENT( ( #1355 ) );
#591 = ADVANCED_FACE( '', ( #1356 ), #1357, .F. );
#592 = PRESENTATION_STYLE_ASSIGNMENT( ( #1358 ) );
#593 = ADVANCED_FACE( '', ( #1359 ), #1360, .T. );
#594 = PRESENTATION_STYLE_ASSIGNMENT( ( #1361 ) );
#595 = ADVANCED_FACE( '', ( #1362 ), #1363, .F. );
#596 = PRESENTATION_STYLE_ASSIGNMENT( ( #1364 ) );
#597 = ADVANCED_FACE( '', ( #1365 ), #1366, .T. );
#598 = PRESENTATION_STYLE_ASSIGNMENT( ( #1367 ) );
#599 = ADVANCED_FACE( '', ( #1368 ), #1369, .F. );
#600 = PRESENTATION_STYLE_ASSIGNMENT( ( #1370 ) );
#601 = ADVANCED_FACE( '', ( #1371 ), #1372, .F. );
#602 = PRESENTATION_STYLE_ASSIGNMENT( ( #1373 ) );
#603 = ADVANCED_FACE( '', ( #1374 ), #1375, .F. );
#604 = PRESENTATION_STYLE_ASSIGNMENT( ( #1376 ) );
#605 = ADVANCED_FACE( '', ( #1377 ), #1378, .F. );
#606 = PRESENTATION_STYLE_ASSIGNMENT( ( #1379 ) );
#607 = ADVANCED_FACE( '', ( #1380 ), #1381, .T. );
#608 = PRESENTATION_STYLE_ASSIGNMENT( ( #1382 ) );
#609 = ADVANCED_FACE( '', ( #1383 ), #1384, .F. );
#610 = PRESENTATION_STYLE_ASSIGNMENT( ( #1385 ) );
#611 = ADVANCED_FACE( '', ( #1386 ), #1387, .F. );
#612 = PRESENTATION_STYLE_ASSIGNMENT( ( #1388 ) );
#613 = ADVANCED_FACE( '', ( #1389 ), #1390, .F. );
#614 = PRESENTATION_STYLE_ASSIGNMENT( ( #1391 ) );
#615 = ADVANCED_FACE( '', ( #1392 ), #1393, .F. );
#616 = PRESENTATION_STYLE_ASSIGNMENT( ( #1394 ) );
#617 = ADVANCED_FACE( '', ( #1395 ), #1396, .F. );
#618 = PRESENTATION_STYLE_ASSIGNMENT( ( #1397 ) );
#619 = ADVANCED_FACE( '', ( #1398 ), #1399, .F. );
#620 = PRESENTATION_STYLE_ASSIGNMENT( ( #1400 ) );
#621 = ADVANCED_FACE( '', ( #1401 ), #1402, .T. );
#622 = PRESENTATION_STYLE_ASSIGNMENT( ( #1403 ) );
#623 = ADVANCED_FACE( '', ( #1404 ), #1405, .F. );
#624 = PRESENTATION_STYLE_ASSIGNMENT( ( #1406 ) );
#625 = ADVANCED_FACE( '', ( #1407 ), #1408, .F. );
#626 = PRESENTATION_STYLE_ASSIGNMENT( ( #1409 ) );
#627 = ADVANCED_FACE( '', ( #1410 ), #1411, .T. );
#628 = PRESENTATION_STYLE_ASSIGNMENT( ( #1412 ) );
#629 = ADVANCED_FACE( '', ( #1413 ), #1414, .F. );
#630 = PRESENTATION_STYLE_ASSIGNMENT( ( #1415 ) );
#631 = ADVANCED_FACE( '', ( #1416 ), #1417, .F. );
#632 = PRESENTATION_STYLE_ASSIGNMENT( ( #1418 ) );
#633 = ADVANCED_FACE( '', ( #1419 ), #1420, .T. );
#634 = PRESENTATION_STYLE_ASSIGNMENT( ( #1421 ) );
#635 = ADVANCED_FACE( '', ( #1422 ), #1423, .F. );
#636 = PRESENTATION_STYLE_ASSIGNMENT( ( #1424 ) );
#637 = ADVANCED_FACE( '', ( #1425 ), #1426, .F. );
#638 = PRESENTATION_STYLE_ASSIGNMENT( ( #1427 ) );
#639 = ADVANCED_FACE( '', ( #1428 ), #1429, .T. );
#640 = PRESENTATION_STYLE_ASSIGNMENT( ( #1430 ) );
#641 = ADVANCED_FACE( '', ( #1431 ), #1432, .F. );
#642 = PRESENTATION_STYLE_ASSIGNMENT( ( #1433 ) );
#643 = ADVANCED_FACE( '', ( #1434 ), #1435, .F. );
#644 = PRESENTATION_STYLE_ASSIGNMENT( ( #1436 ) );
#645 = ADVANCED_FACE( '', ( #1437 ), #1438, .F. );
#646 = PRESENTATION_STYLE_ASSIGNMENT( ( #1439 ) );
#647 = ADVANCED_FACE( '', ( #1440 ), #1441, .T. );
#648 = PRESENTATION_STYLE_ASSIGNMENT( ( #1442 ) );
#649 = ADVANCED_FACE( '', ( #1443 ), #1444, .T. );
#650 = PRESENTATION_STYLE_ASSIGNMENT( ( #1445 ) );
#651 = ADVANCED_FACE( '', ( #1446 ), #1447, .F. );
#652 = PRESENTATION_STYLE_ASSIGNMENT( ( #1448 ) );
#653 = ADVANCED_FACE( '', ( #1449 ), #1450, .F. );
#654 = PRESENTATION_STYLE_ASSIGNMENT( ( #1451 ) );
#655 = ADVANCED_FACE( '', ( #1452 ), #1453, .F. );
#656 = PRESENTATION_STYLE_ASSIGNMENT( ( #1454 ) );
#657 = ADVANCED_FACE( '', ( #1455 ), #1456, .T. );
#658 = PRESENTATION_STYLE_ASSIGNMENT( ( #1457 ) );
#659 = ADVANCED_FACE( '', ( #1458 ), #1459, .F. );
#660 = PRESENTATION_STYLE_ASSIGNMENT( ( #1460 ) );
#661 = ADVANCED_FACE( '', ( #1461 ), #1462, .T. );
#662 = PRESENTATION_STYLE_ASSIGNMENT( ( #1463 ) );
#663 = ADVANCED_FACE( '', ( #1464 ), #1465, .F. );
#664 = PRESENTATION_STYLE_ASSIGNMENT( ( #1466 ) );
#665 = ADVANCED_FACE( '', ( #1467 ), #1468, .F. );
#666 = PRESENTATION_STYLE_ASSIGNMENT( ( #1469 ) );
#667 = ADVANCED_FACE( '', ( #1470 ), #1471, .F. );
#668 = PRESENTATION_STYLE_ASSIGNMENT( ( #1472 ) );
#669 = ADVANCED_FACE( '', ( #1473 ), #1474, .F. );
#670 = PRESENTATION_STYLE_ASSIGNMENT( ( #1475 ) );
#671 = ADVANCED_FACE( '', ( #1476 ), #1477, .F. );
#672 = PRESENTATION_STYLE_ASSIGNMENT( ( #1478 ) );
#673 = ADVANCED_FACE( '', ( #1479 ), #1480, .T. );
#674 = PRESENTATION_STYLE_ASSIGNMENT( ( #1481 ) );
#675 = ADVANCED_FACE( '', ( #1482 ), #1483, .T. );
#676 = PRESENTATION_STYLE_ASSIGNMENT( ( #1484 ) );
#677 = ADVANCED_FACE( '', ( #1485 ), #1486, .F. );
#678 = PRESENTATION_STYLE_ASSIGNMENT( ( #1487 ) );
#679 = ADVANCED_FACE( '', ( #1488 ), #1489, .T. );
#680 = PRESENTATION_STYLE_ASSIGNMENT( ( #1490 ) );
#681 = ADVANCED_FACE( '', ( #1491 ), #1492, .F. );
#682 = PRESENTATION_STYLE_ASSIGNMENT( ( #1493 ) );
#683 = ADVANCED_FACE( '', ( #1494 ), #1495, .F. );
#684 = PRESENTATION_STYLE_ASSIGNMENT( ( #1496 ) );
#685 = ADVANCED_FACE( '', ( #1497 ), #1498, .F. );
#686 = PRESENTATION_STYLE_ASSIGNMENT( ( #1499 ) );
#687 = ADVANCED_FACE( '', ( #1500 ), #1501, .F. );
#688 = PRESENTATION_STYLE_ASSIGNMENT( ( #1502 ) );
#689 = ADVANCED_FACE( '', ( #1503 ), #1504, .F. );
#690 = PRESENTATION_STYLE_ASSIGNMENT( ( #1505 ) );
#691 = ADVANCED_FACE( '', ( #1506 ), #1507, .F. );
#692 = PRESENTATION_STYLE_ASSIGNMENT( ( #1508 ) );
#693 = ADVANCED_FACE( '', ( #1509 ), #1510, .F. );
#694 = PRESENTATION_STYLE_ASSIGNMENT( ( #1511 ) );
#695 = ADVANCED_FACE( '', ( #1512 ), #1513, .F. );
#696 = PRESENTATION_STYLE_ASSIGNMENT( ( #1514 ) );
#697 = ADVANCED_FACE( '', ( #1515 ), #1516, .T. );
#698 = PRESENTATION_STYLE_ASSIGNMENT( ( #1517 ) );
#699 = ADVANCED_FACE( '', ( #1518 ), #1519, .F. );
#700 = PRESENTATION_STYLE_ASSIGNMENT( ( #1520 ) );
#701 = ADVANCED_FACE( '', ( #1521 ), #1522, .F. );
#702 = PRESENTATION_STYLE_ASSIGNMENT( ( #1523 ) );
#703 = ADVANCED_FACE( '', ( #1524 ), #1525, .F. );
#704 = PRESENTATION_STYLE_ASSIGNMENT( ( #1526 ) );
#705 = ADVANCED_FACE( '', ( #1527 ), #1528, .F. );
#706 = PRESENTATION_STYLE_ASSIGNMENT( ( #1529 ) );
#707 = ADVANCED_FACE( '', ( #1530 ), #1531, .T. );
#708 = PRESENTATION_STYLE_ASSIGNMENT( ( #1532 ) );
#709 = ADVANCED_FACE( '', ( #1533 ), #1534, .F. );
#710 = PRESENTATION_STYLE_ASSIGNMENT( ( #1535 ) );
#711 = ADVANCED_FACE( '', ( #1536 ), #1537, .T. );
#712 = PRESENTATION_STYLE_ASSIGNMENT( ( #1538 ) );
#713 = ADVANCED_FACE( '', ( #1539 ), #1540, .F. );
#714 = PRESENTATION_STYLE_ASSIGNMENT( ( #1541 ) );
#715 = ADVANCED_FACE( '', ( #1542 ), #1543, .T. );
#716 = PRESENTATION_STYLE_ASSIGNMENT( ( #1544 ) );
#717 = ADVANCED_FACE( '', ( #1545 ), #1546, .F. );
#718 = PRESENTATION_STYLE_ASSIGNMENT( ( #1547 ) );
#719 = ADVANCED_FACE( '', ( #1548 ), #1549, .F. );
#720 = PRESENTATION_STYLE_ASSIGNMENT( ( #1550 ) );
#721 = ADVANCED_FACE( '', ( #1551 ), #1552, .T. );
#722 = PRESENTATION_STYLE_ASSIGNMENT( ( #1553 ) );
#723 = ADVANCED_FACE( '', ( #1554 ), #1555, .F. );
#724 = PRESENTATION_STYLE_ASSIGNMENT( ( #1556 ) );
#725 = ADVANCED_FACE( '', ( #1557 ), #1558, .F. );
#726 = PRESENTATION_STYLE_ASSIGNMENT( ( #1559 ) );
#727 = ADVANCED_FACE( '', ( #1560 ), #1561, .T. );
#728 = PRESENTATION_STYLE_ASSIGNMENT( ( #1562 ) );
#729 = ADVANCED_FACE( '', ( #1563 ), #1564, .F. );
#730 = PRESENTATION_STYLE_ASSIGNMENT( ( #1565 ) );
#731 = ADVANCED_FACE( '', ( #1566 ), #1567, .F. );
#732 = PRESENTATION_STYLE_ASSIGNMENT( ( #1568 ) );
#733 = ADVANCED_FACE( '', ( #1569 ), #1570, .T. );
#734 = PRESENTATION_STYLE_ASSIGNMENT( ( #1571 ) );
#735 = ADVANCED_FACE( '', ( #1572 ), #1573, .F. );
#736 = PRESENTATION_STYLE_ASSIGNMENT( ( #1574 ) );
#737 = ADVANCED_FACE( '', ( #1575 ), #1576, .T. );
#738 = PRESENTATION_STYLE_ASSIGNMENT( ( #1577 ) );
#739 = ADVANCED_FACE( '', ( #1578 ), #1579, .T. );
#740 = PRESENTATION_STYLE_ASSIGNMENT( ( #1580 ) );
#741 = ADVANCED_FACE( '', ( #1581 ), #1582, .F. );
#742 = PRESENTATION_STYLE_ASSIGNMENT( ( #1583 ) );
#743 = ADVANCED_FACE( '', ( #1584 ), #1585, .F. );
#744 = PRESENTATION_STYLE_ASSIGNMENT( ( #1586 ) );
#745 = ADVANCED_FACE( '', ( #1587 ), #1588, .F. );
#746 = PRESENTATION_STYLE_ASSIGNMENT( ( #1589 ) );
#747 = ADVANCED_FACE( '', ( #1590 ), #1591, .T. );
#748 = PRESENTATION_STYLE_ASSIGNMENT( ( #1592 ) );
#749 = ADVANCED_FACE( '', ( #1593 ), #1594, .T. );
#750 = PRESENTATION_STYLE_ASSIGNMENT( ( #1595 ) );
#751 = ADVANCED_FACE( '', ( #1596 ), #1597, .T. );
#752 = PRESENTATION_STYLE_ASSIGNMENT( ( #1598 ) );
#753 = ADVANCED_FACE( '', ( #1599 ), #1600, .F. );
#754 = PRESENTATION_STYLE_ASSIGNMENT( ( #1601 ) );
#755 = ADVANCED_FACE( '', ( #1602 ), #1603, .T. );
#756 = PRESENTATION_STYLE_ASSIGNMENT( ( #1604 ) );
#757 = ADVANCED_FACE( '', ( #1605 ), #1606, .F. );
#758 = PRESENTATION_STYLE_ASSIGNMENT( ( #1607 ) );
#759 = ADVANCED_FACE( '', ( #1608 ), #1609, .T. );
#760 = PRESENTATION_STYLE_ASSIGNMENT( ( #1610 ) );
#761 = ADVANCED_FACE( '', ( #1611 ), #1612, .F. );
#762 = PRESENTATION_STYLE_ASSIGNMENT( ( #1613 ) );
#763 = ADVANCED_FACE( '', ( #1614 ), #1615, .F. );
#764 = PRESENTATION_STYLE_ASSIGNMENT( ( #1616 ) );
#765 = ADVANCED_FACE( '', ( #1617 ), #1618, .F. );
#766 = PRESENTATION_STYLE_ASSIGNMENT( ( #1619 ) );
#767 = ADVANCED_FACE( '', ( #1620 ), #1621, .F. );
#768 = PRESENTATION_STYLE_ASSIGNMENT( ( #1622 ) );
#769 = ADVANCED_FACE( '', ( #1623 ), #1624, .F. );
#770 = PRESENTATION_STYLE_ASSIGNMENT( ( #1625 ) );
#771 = ADVANCED_FACE( '', ( #1626 ), #1627, .T. );
#772 = PRESENTATION_STYLE_ASSIGNMENT( ( #1628 ) );
#773 = ADVANCED_FACE( '', ( #1629 ), #1630, .F. );
#774 = PRESENTATION_STYLE_ASSIGNMENT( ( #1631 ) );
#775 = ADVANCED_FACE( '', ( #1632 ), #1633, .T. );
#776 = PRESENTATION_STYLE_ASSIGNMENT( ( #1634 ) );
#777 = ADVANCED_FACE( '', ( #1635 ), #1636, .F. );
#778 = PRESENTATION_STYLE_ASSIGNMENT( ( #1637 ) );
#779 = ADVANCED_FACE( '', ( #1638 ), #1639, .T. );
#780 = PRESENTATION_STYLE_ASSIGNMENT( ( #1640 ) );
#781 = ADVANCED_FACE( '', ( #1641 ), #1642, .F. );
#782 = PRESENTATION_STYLE_ASSIGNMENT( ( #1643 ) );
#783 = ADVANCED_FACE( '', ( #1644 ), #1645, .F. );
#784 = PRESENTATION_STYLE_ASSIGNMENT( ( #1646 ) );
#785 = ADVANCED_FACE( '', ( #1647 ), #1648, .T. );
#786 = PRESENTATION_STYLE_ASSIGNMENT( ( #1649 ) );
#787 = ADVANCED_FACE( '', ( #1650 ), #1651, .T. );
#788 = PRESENTATION_STYLE_ASSIGNMENT( ( #1652 ) );
#789 = ADVANCED_FACE( '', ( #1653 ), #1654, .F. );
#790 = PRESENTATION_STYLE_ASSIGNMENT( ( #1655 ) );
#791 = ADVANCED_FACE( '', ( #1656 ), #1657, .T. );
#792 = PRESENTATION_STYLE_ASSIGNMENT( ( #1658 ) );
#793 = ADVANCED_FACE( '', ( #1659 ), #1660, .T. );
#794 = PRESENTATION_STYLE_ASSIGNMENT( ( #1661 ) );
#795 = ADVANCED_FACE( '', ( #1662 ), #1663, .T. );
#796 = PRESENTATION_STYLE_ASSIGNMENT( ( #1664 ) );
#797 = ADVANCED_FACE( '', ( #1665 ), #1666, .F. );
#798 = PRESENTATION_STYLE_ASSIGNMENT( ( #1667 ) );
#799 = ADVANCED_FACE( '', ( #1668 ), #1669, .F. );
#800 = PRESENTATION_STYLE_ASSIGNMENT( ( #1670 ) );
#801 = ADVANCED_FACE( '', ( #1671 ), #1672, .F. );
#802 = PRESENTATION_STYLE_ASSIGNMENT( ( #1673 ) );
#803 = ADVANCED_FACE( '', ( #1674 ), #1675, .F. );
#804 = PRESENTATION_STYLE_ASSIGNMENT( ( #1676 ) );
#805 = ADVANCED_FACE( '', ( #1677 ), #1678, .F. );
#806 = PRESENTATION_STYLE_ASSIGNMENT( ( #1679 ) );
#807 = ADVANCED_FACE( '', ( #1680 ), #1681, .F. );
#808 = PRESENTATION_STYLE_ASSIGNMENT( ( #1682 ) );
#809 = ADVANCED_FACE( '', ( #1683 ), #1684, .F. );
#810 = PRESENTATION_STYLE_ASSIGNMENT( ( #1685 ) );
#811 = ADVANCED_FACE( '', ( #1686 ), #1687, .F. );
#812 = PRESENTATION_STYLE_ASSIGNMENT( ( #1688 ) );
#813 = ADVANCED_FACE( '', ( #1689 ), #1690, .F. );
#814 = PRESENTATION_STYLE_ASSIGNMENT( ( #1691 ) );
#815 = ADVANCED_FACE( '', ( #1692 ), #1693, .F. );
#816 = PRESENTATION_STYLE_ASSIGNMENT( ( #1694 ) );
#817 = ADVANCED_FACE( '', ( #1695 ), #1696, .F. );
#818 = PRESENTATION_STYLE_ASSIGNMENT( ( #1697 ) );
#819 = ADVANCED_FACE( '', ( #1698 ), #1699, .T. );
#820 = PRESENTATION_STYLE_ASSIGNMENT( ( #1700 ) );
#821 = ADVANCED_FACE( '', ( #1701 ), #1702, .F. );
#822 = PRESENTATION_STYLE_ASSIGNMENT( ( #1703 ) );
#823 = ADVANCED_FACE( '', ( #1704 ), #1705, .T. );
#824 = PRESENTATION_STYLE_ASSIGNMENT( ( #1706 ) );
#825 = ADVANCED_FACE( '', ( #1707 ), #1708, .F. );
#826 = PRESENTATION_STYLE_ASSIGNMENT( ( #1709 ) );
#827 = ADVANCED_FACE( '', ( #1710 ), #1711, .F. );
#828 = PRESENTATION_STYLE_ASSIGNMENT( ( #1712 ) );
#829 = ADVANCED_FACE( '', ( #1713 ), #1714, .T. );
#830 = PRESENTATION_STYLE_ASSIGNMENT( ( #1715 ) );
#831 = ADVANCED_FACE( '', ( #1716 ), #1717, .T. );
#832 = PRESENTATION_STYLE_ASSIGNMENT( ( #1718 ) );
#833 = ADVANCED_FACE( '', ( #1719 ), #1720, .F. );
#834 = PRESENTATION_STYLE_ASSIGNMENT( ( #1721 ) );
#835 = ADVANCED_FACE( '', ( #1722 ), #1723, .T. );
#836 = PRESENTATION_STYLE_ASSIGNMENT( ( #1724 ) );
#837 = ADVANCED_FACE( '', ( #1725 ), #1726, .F. );
#838 = PRESENTATION_STYLE_ASSIGNMENT( ( #1727 ) );
#839 = ADVANCED_FACE( '', ( #1728 ), #1729, .F. );
#840 = PRESENTATION_STYLE_ASSIGNMENT( ( #1730 ) );
#841 = ADVANCED_FACE( '', ( #1731 ), #1732, .T. );
#842 = PRESENTATION_STYLE_ASSIGNMENT( ( #1733 ) );
#843 = ADVANCED_FACE( '', ( #1734 ), #1735, .F. );
#844 = PRESENTATION_STYLE_ASSIGNMENT( ( #1736 ) );
#845 = ADVANCED_FACE( '', ( #1737 ), #1738, .T. );
#846 = PRESENTATION_STYLE_ASSIGNMENT( ( #1739 ) );
#847 = ADVANCED_FACE( '', ( #1740 ), #1741, .T. );
#848 = PRESENTATION_STYLE_ASSIGNMENT( ( #1742 ) );
#849 = ADVANCED_FACE( '', ( #1743 ), #1744, .T. );
#850 = PRESENTATION_STYLE_ASSIGNMENT( ( #1745 ) );
#851 = ADVANCED_FACE( '', ( #1746 ), #1747, .T. );
#852 = PRESENTATION_STYLE_ASSIGNMENT( ( #1748 ) );
#853 = ADVANCED_FACE( '', ( #1749 ), #1750, .F. );
#854 = PRESENTATION_STYLE_ASSIGNMENT( ( #1751 ) );
#855 = ADVANCED_FACE( '', ( #1752 ), #1753, .F. );
#856 = PRESENTATION_STYLE_ASSIGNMENT( ( #1754 ) );
#857 = ADVANCED_FACE( '', ( #1755 ), #1756, .F. );
#858 = PRESENTATION_STYLE_ASSIGNMENT( ( #1757 ) );
#859 = ADVANCED_FACE( '', ( #1758 ), #1759, .F. );
#860 = PRESENTATION_STYLE_ASSIGNMENT( ( #1760 ) );
#861 = ADVANCED_FACE( '', ( #1761 ), #1762, .F. );
#862 = PRESENTATION_STYLE_ASSIGNMENT( ( #1763 ) );
#863 = ADVANCED_FACE( '', ( #1764 ), #1765, .F. );
#864 = PRESENTATION_STYLE_ASSIGNMENT( ( #1766 ) );
#865 = ADVANCED_FACE( '', ( #1767 ), #1768, .T. );
#866 = PRESENTATION_STYLE_ASSIGNMENT( ( #1769 ) );
#867 = ADVANCED_FACE( '', ( #1770 ), #1771, .F. );
#868 = PRESENTATION_STYLE_ASSIGNMENT( ( #1772 ) );
#869 = ADVANCED_FACE( '', ( #1773 ), #1774, .T. );
#870 = PRESENTATION_STYLE_ASSIGNMENT( ( #1775 ) );
#871 = ADVANCED_FACE( '', ( #1776 ), #1777, .F. );
#872 = PRESENTATION_STYLE_ASSIGNMENT( ( #1778 ) );
#873 = ADVANCED_FACE( '', ( #1779 ), #1780, .T. );
#874 = PRESENTATION_STYLE_ASSIGNMENT( ( #1781 ) );
#875 = ADVANCED_FACE( '', ( #1782 ), #1783, .F. );
#876 = PRESENTATION_STYLE_ASSIGNMENT( ( #1784 ) );
#877 = ADVANCED_FACE( '', ( #1785 ), #1786, .T. );
#878 = PRESENTATION_STYLE_ASSIGNMENT( ( #1787 ) );
#879 = ADVANCED_FACE( '', ( #1788 ), #1789, .T. );
#880 = PRESENTATION_STYLE_ASSIGNMENT( ( #1790 ) );
#881 = ADVANCED_FACE( '', ( #1791 ), #1792, .F. );
#882 = PRESENTATION_STYLE_ASSIGNMENT( ( #1793 ) );
#883 = ADVANCED_FACE( '', ( #1794 ), #1795, .F. );
#884 = PRESENTATION_STYLE_ASSIGNMENT( ( #1796 ) );
#885 = ADVANCED_FACE( '', ( #1797 ), #1798, .F. );
#886 = PRESENTATION_STYLE_ASSIGNMENT( ( #1799 ) );
#887 = ADVANCED_FACE( '', ( #1800 ), #1801, .T. );
#888 = PRESENTATION_STYLE_ASSIGNMENT( ( #1802 ) );
#889 = ADVANCED_FACE( '', ( #1803 ), #1804, .T. );
#890 = PRESENTATION_STYLE_ASSIGNMENT( ( #1805 ) );
#891 = ADVANCED_FACE( '', ( #1806 ), #1807, .T. );
#892 = PRESENTATION_STYLE_ASSIGNMENT( ( #1808 ) );
#893 = ADVANCED_FACE( '', ( #1809 ), #1810, .T. );
#894 = PRESENTATION_STYLE_ASSIGNMENT( ( #1811 ) );
#895 = ADVANCED_FACE( '', ( #1812 ), #1813, .F. );
#896 = PRESENTATION_STYLE_ASSIGNMENT( ( #1814 ) );
#897 = ADVANCED_FACE( '', ( #1815 ), #1816, .F. );
#898 = PRESENTATION_STYLE_ASSIGNMENT( ( #1817 ) );
#899 = ADVANCED_FACE( '', ( #1818 ), #1819, .T. );
#900 = PRESENTATION_STYLE_ASSIGNMENT( ( #1820 ) );
#901 = ADVANCED_FACE( '', ( #1821 ), #1822, .F. );
#902 = PRESENTATION_STYLE_ASSIGNMENT( ( #1823 ) );
#903 = ADVANCED_FACE( '', ( #1824 ), #1825, .F. );
#904 = PRESENTATION_STYLE_ASSIGNMENT( ( #1826 ) );
#905 = ADVANCED_FACE( '', ( #1827 ), #1828, .F. );
#906 = PRESENTATION_STYLE_ASSIGNMENT( ( #1829 ) );
#907 = ADVANCED_FACE( '', ( #1830 ), #1831, .F. );
#908 = PRESENTATION_STYLE_ASSIGNMENT( ( #1832 ) );
#909 = ADVANCED_FACE( '', ( #1833 ), #1834, .F. );
#910 = PRESENTATION_STYLE_ASSIGNMENT( ( #1835 ) );
#911 = ADVANCED_FACE( '', ( #1836 ), #1837, .F. );
#912 = PRESENTATION_STYLE_ASSIGNMENT( ( #1838 ) );
#913 = ADVANCED_FACE( '', ( #1839 ), #1840, .F. );
#914 = PRESENTATION_STYLE_ASSIGNMENT( ( #1841 ) );
#915 = ADVANCED_FACE( '', ( #1842 ), #1843, .F. );
#916 = PRESENTATION_STYLE_ASSIGNMENT( ( #1844 ) );
#917 = ADVANCED_FACE( '', ( #1845 ), #1846, .F. );
#918 = PRESENTATION_STYLE_ASSIGNMENT( ( #1847 ) );
#919 = ADVANCED_FACE( '', ( #1848 ), #1849, .F. );
#920 = PRESENTATION_STYLE_ASSIGNMENT( ( #1850 ) );
#921 = ADVANCED_FACE( '', ( #1851 ), #1852, .F. );
#922 = PRESENTATION_STYLE_ASSIGNMENT( ( #1853 ) );
#923 = ADVANCED_FACE( '', ( #1854 ), #1855, .F. );
#924 = PRESENTATION_STYLE_ASSIGNMENT( ( #1856 ) );
#925 = ADVANCED_FACE( '', ( #1857 ), #1858, .T. );
#926 = PRESENTATION_STYLE_ASSIGNMENT( ( #1859 ) );
#927 = ADVANCED_FACE( '', ( #1860 ), #1861, .T. );
#928 = PRESENTATION_STYLE_ASSIGNMENT( ( #1862 ) );
#929 = ADVANCED_FACE( '', ( #1863 ), #1864, .F. );
#930 = PRESENTATION_STYLE_ASSIGNMENT( ( #1865 ) );
#931 = ADVANCED_FACE( '', ( #1866 ), #1867, .T. );
#932 = PRESENTATION_STYLE_ASSIGNMENT( ( #1868 ) );
#933 = ADVANCED_FACE( '', ( #1869 ), #1870, .T. );
#934 = PRESENTATION_STYLE_ASSIGNMENT( ( #1871 ) );
#935 = ADVANCED_FACE( '', ( #1872 ), #1873, .F. );
#936 = PRESENTATION_STYLE_ASSIGNMENT( ( #1874 ) );
#937 = ADVANCED_FACE( '', ( #1875 ), #1876, .T. );
#938 = PRESENTATION_STYLE_ASSIGNMENT( ( #1877 ) );
#939 = ADVANCED_FACE( '', ( #1878 ), #1879, .F. );
#940 = PRESENTATION_STYLE_ASSIGNMENT( ( #1880 ) );
#941 = ADVANCED_FACE( '', ( #1881 ), #1882, .F. );
#942 = PRESENTATION_STYLE_ASSIGNMENT( ( #1883 ) );
#943 = ADVANCED_FACE( '', ( #1884 ), #1885, .F. );
#944 = PRESENTATION_STYLE_ASSIGNMENT( ( #1886 ) );
#945 = ADVANCED_FACE( '', ( #1887 ), #1888, .F. );
#946 = PRESENTATION_STYLE_ASSIGNMENT( ( #1889 ) );
#947 = ADVANCED_FACE( '', ( #1890 ), #1891, .F. );
#948 = PRESENTATION_STYLE_ASSIGNMENT( ( #1892 ) );
#949 = ADVANCED_FACE( '', ( #1893 ), #1894, .T. );
#950 = PRESENTATION_STYLE_ASSIGNMENT( ( #1895 ) );
#951 = ADVANCED_FACE( '', ( #1896 ), #1897, .T. );
#952 = PRESENTATION_STYLE_ASSIGNMENT( ( #1898 ) );
#953 = ADVANCED_FACE( '', ( #1899 ), #1900, .F. );
#954 = PRESENTATION_STYLE_ASSIGNMENT( ( #1901 ) );
#955 = ADVANCED_FACE( '', ( #1902 ), #1903, .F. );
#956 = PRESENTATION_STYLE_ASSIGNMENT( ( #1904 ) );
#957 = ADVANCED_FACE( '', ( #1905 ), #1906, .T. );
#958 = PRESENTATION_STYLE_ASSIGNMENT( ( #1907 ) );
#959 = ADVANCED_FACE( '', ( #1908 ), #1909, .T. );
#960 = PRESENTATION_STYLE_ASSIGNMENT( ( #1910 ) );
#961 = ADVANCED_FACE( '', ( #1911 ), #1912, .F. );
#962 = PRESENTATION_STYLE_ASSIGNMENT( ( #1913 ) );
#963 = ADVANCED_FACE( '', ( #1914 ), #1915, .F. );
#964 = PRESENTATION_STYLE_ASSIGNMENT( ( #1916 ) );
#965 = ADVANCED_FACE( '', ( #1917 ), #1918, .T. );
#966 = PRESENTATION_STYLE_ASSIGNMENT( ( #1919 ) );
#967 = ADVANCED_FACE( '', ( #1920 ), #1921, .F. );
#968 = PRESENTATION_STYLE_ASSIGNMENT( ( #1922 ) );
#969 = ADVANCED_FACE( '', ( #1923 ), #1924, .F. );
#970 = PRESENTATION_STYLE_ASSIGNMENT( ( #1925 ) );
#971 = ADVANCED_FACE( '', ( #1926 ), #1927, .F. );
#972 = PRESENTATION_STYLE_ASSIGNMENT( ( #1928 ) );
#973 = ADVANCED_FACE( '', ( #1929 ), #1930, .F. );
#974 = PRESENTATION_STYLE_ASSIGNMENT( ( #1931 ) );
#975 = ADVANCED_FACE( '', ( #1932, #1933, #1934, #1935 ), #1936, .F. );
#976 = PRESENTATION_STYLE_ASSIGNMENT( ( #1937 ) );
#977 = ADVANCED_FACE( '', ( #1938 ), #1939, .T. );
#978 = PRESENTATION_STYLE_ASSIGNMENT( ( #1940 ) );
#979 = ADVANCED_FACE( '', ( #1941 ), #1942, .F. );
#980 = PRESENTATION_STYLE_ASSIGNMENT( ( #1943 ) );
#981 = ADVANCED_FACE( '', ( #1944 ), #1945, .F. );
#982 = PRESENTATION_STYLE_ASSIGNMENT( ( #1946 ) );
#983 = ADVANCED_FACE( '', ( #1947 ), #1948, .F. );
#984 = PRESENTATION_STYLE_ASSIGNMENT( ( #1949 ) );
#985 = ADVANCED_FACE( '', ( #1950 ), #1951, .F. );
#986 = PRESENTATION_STYLE_ASSIGNMENT( ( #1952 ) );
#987 = ADVANCED_FACE( '', ( #1953 ), #1954, .F. );
#988 = PRESENTATION_STYLE_ASSIGNMENT( ( #1955 ) );
#989 = ADVANCED_FACE( '', ( #1956 ), #1957, .F. );
#990 = PRESENTATION_STYLE_ASSIGNMENT( ( #1958 ) );
#991 = ADVANCED_FACE( '', ( #1959 ), #1960, .T. );
#992 = PRESENTATION_STYLE_ASSIGNMENT( ( #1961 ) );
#993 = ADVANCED_FACE( '', ( #1962 ), #1963, .F. );
#994 = PRESENTATION_STYLE_ASSIGNMENT( ( #1964 ) );
#995 = ADVANCED_FACE( '', ( #1965 ), #1966, .F. );
#996 = PRESENTATION_STYLE_ASSIGNMENT( ( #1967 ) );
#997 = ADVANCED_FACE( '', ( #1968 ), #1969, .F. );
#1000 = LENGTH_MEASURE_WITH_UNIT( LENGTH_MEASURE( 25.4000000000000 ), #1970 );
#1003 = DIMENSIONAL_EXPONENTS( 1.00000000000000, 0.000000000000000, 0.000000000000000, 0.000000000000000, 0.000000000000000, 0.000000000000000, 0.000000000000000 );
#1005 = DIMENSIONAL_EXPONENTS( 0.000000000000000, 0.000000000000000, 0.000000000000000, 0.000000000000000, 0.000000000000000, 0.000000000000000, 0.000000000000000 );
#1011 = PRODUCT_CONTEXT( '', #18, 'mechanical' );
#1012 = PRODUCT_DEFINITION_FORMATION_WITH_SPECIFIED_SOURCE( ' ', 'NONE', #354, .NOT_KNOWN. );
#1013 = CARTESIAN_POINT( '', ( 0.000000000000000, 0.000000000000000, 0.000000000000000 ) );
#1014 = DIRECTION( '', ( 0.000000000000000, 0.000000000000000, 1.00000000000000 ) );
#1015 = DIRECTION( '', ( 1.00000000000000, 0.000000000000000, 0.000000000000000 ) );
#1016 = CARTESIAN_POINT( '', ( 0.000000000000000, 0.000000000000000, 0.000000000000000 ) );
#1017 = DIRECTION( '', ( 0.000000000000000, 0.000000000000000, 1.00000000000000 ) );
#1018 = DIRECTION( '', ( 1.00000000000000, 0.000000000000000, 0.000000000000000 ) );
#1019 = CARTESIAN_POINT( '', ( 0.000000000000000, 0.000000000000000, 0.000000000000000 ) );
#1020 = DIRECTION( '', ( 0.000000000000000, 0.000000000000000, 1.00000000000000 ) );
#1021 = DIRECTION( '', ( 1.00000000000000, 0.000000000000000, 0.000000000000000 ) );
#1024 = UNCERTAINTY_MEASURE_WITH_UNIT( LENGTH_MEASURE( 3.93701000000000E-05 ), #1026, '', '' );
#1026 =  ( CONVERSION_BASED_UNIT( 'INCH', #1973 )LENGTH_UNIT(  )NAMED_UNIT( #1976 ) );
#1027 =  ( NAMED_UNIT( #1978 )PLANE_ANGLE_UNIT(  )SI_UNIT( $, .RADIAN. ) );
#1028 =  ( NAMED_UNIT( #1978 )SI_UNIT( $, .STERADIAN. )SOLID_ANGLE_UNIT(  ) );
#1030 = PRODUCT_DEFINITION_FORMATION_WITH_SPECIFIED_SOURCE( ' ', 'NONE', #360, .NOT_KNOWN. );
#1031 = CLOSED_SHELL( '', ( #519, #571, #975, #781, #699, #701, #765, #569, #419, #917, #789, #687, #959, #557, #421, #553, #605, #403, #987, #573, #757, #591, #785, #993, #905, #705, #447, #579, #491, #515, #877, #841, #847, #483, #529, #575, #869, #747, #761, #379, #523, #919, #623, #405, #391, #431, #731, #753, #973, #667, #499, #977, #377, #989, #671, #953, #737, #809, #955, #801, #803, #397, #983, #909, #561, #607, #601, #617, #653, #683, #505, #583, #805, #459, #441, #937, #451, #427, #931, #899, #555, #739, #639, #835, #535, #589, #513, #627, #887, #873, #889, #755, #891, #675, #787, #727, #593, #851, #819, #823, #939, #709, #979, #423, #883, #935, #825, #595, #577, #637, #991, #875, #641, #777, #903, #779, #775, #751, #927, #385, #725, #933, #957, #433, #407, #827, #655, #813, #807, #945, #773, #645, #811, #723, #435, #815, #885, #425, #831, #949, #715, #759, #657, #711, #597, #539, #961, #693, #647, #493, #501, #839, #587 ) );
#1032 = PRODUCT_DEFINITION_FORMATION_WITH_SPECIFIED_SOURCE( ' ', 'NONE', #368, .NOT_KNOWN. );
#1033 = CLOSED_SHELL( '', ( #717, #853, #767, #619, #537, #633, #517, #985, #797, #799, #467, #769, #911, #691, #941, #879, #611, #545, #981, #861, #473, #681, #871, #475, #439, #485, #581, #677, #763, #923, #409, #567, #449, #381, #719, #521, #413, #565, #913, #429, #495, #783, #613, #445, #997, #615, #995, #855, #947, #793, #925, #437, #795, #721, #679, #393, #749, #543, #893, #707, #965, #703, #463, #651, #487, #387, #469, #907, #399, #585, #455, #631, #685, #497, #625, #895, #417, #733, #401, #525, #661, #897, #443, #541, #881, #843, #489, #689, #821, #857, #859, #465, #479, #901, #967, #635, #969, #665, #669, #547, #713, #503, #743, #863, #549, #943, #471, #729, #395, #695, #971, #599, #929, #865, #481, #551, #415, #643, #461, #833, #837, #915, #629, #383, #963, #745, #609, #735, #921, #663, #867, #603, #527, #411, #509, #453, #563, #741, #817, #477, #659, #829, #559, #791, #507, #389, #649, #621, #533, #531, #951, #849, #673, #697, #457, #771, #845, #511 ) );
#1034 = SURFACE_STYLE_USAGE( .BOTH., #1984 );
#1035 = FACE_OUTER_BOUND( '', #1985, .T. );
#1036 = PLANE( '', #1986 );
#1037 = SURFACE_STYLE_USAGE( .BOTH., #1987 );
#1038 = FACE_OUTER_BOUND( '', #1988, .T. );
#1039 = PLANE( '', #1989 );
#1040 = SURFACE_STYLE_USAGE( .BOTH., #1990 );
#1041 = FACE_OUTER_BOUND( '', #1991, .T. );
#1042 = PLANE( '', #1992 );
#1043 = SURFACE_STYLE_USAGE( .BOTH., #1993 );
#1044 = FACE_OUTER_BOUND( '', #1994, .T. );
#1045 = PLANE( '', #1995 );
#1046 = SURFACE_STYLE_USAGE( .BOTH., #1996 );
#1047 = FACE_OUTER_BOUND( '', #1997, .T. );
#1048 = PLANE( '', #1998 );
#1049 = SURFACE_STYLE_USAGE( .BOTH., #1999 );
#1050 = FACE_OUTER_BOUND( '', #2000, .T. );
#1051 = PLANE( '', #2001 );
#1052 = SURFACE_STYLE_USAGE( .BOTH., #2002 );
#1053 = FACE_OUTER_BOUND( '', #2003, .T. );
#1054 = PLANE( '', #2004 );
#1055 = SURFACE_STYLE_USAGE( .BOTH., #2005 );
#1056 = FACE_OUTER_BOUND( '', #2006, .T. );
#1057 = PLANE( '', #2007 );
#1058 = SURFACE_STYLE_USAGE( .BOTH., #2008 );
#1059 = FACE_OUTER_BOUND( '', #2009, .T. );
#1060 = PLANE( '', #2010 );
#1061 = SURFACE_STYLE_USAGE( .BOTH., #2011 );
#1062 = FACE_OUTER_BOUND( '', #2012, .T. );
#1063 = PLANE( '', #2013 );
#1064 = SURFACE_STYLE_USAGE( .BOTH., #2014 );
#1065 = FACE_OUTER_BOUND( '', #2015, .T. );
#1066 = PLANE( '', #2016 );
#1067 = SURFACE_STYLE_USAGE( .BOTH., #2017 );
#1068 = FACE_OUTER_BOUND( '', #2018, .T. );
#1069 = PLANE( '', #2019 );
#1070 = SURFACE_STYLE_USAGE( .BOTH., #2020 );
#1071 = FACE_OUTER_BOUND( '', #2021, .T. );
#1072 = CYLINDRICAL_SURFACE( '', #2022, 0.0500000000000000 );
#1073 = SURFACE_STYLE_USAGE( .BOTH., #2023 );
#1074 = FACE_OUTER_BOUND( '', #2024, .T. );
#1075 = PLANE( '', #2025 );
#1076 = SURFACE_STYLE_USAGE( .BOTH., #2026 );
#1077 = FACE_OUTER_BOUND( '', #2027, .T. );
#1078 = PLANE( '', #2028 );
#1079 = SURFACE_STYLE_USAGE( .BOTH., #2029 );
#1080 = FACE_OUTER_BOUND( '', #2030, .T. );
#1081 = PLANE( '', #2031 );
#1082 = SURFACE_STYLE_USAGE( .BOTH., #2032 );
#1083 = FACE_OUTER_BOUND( '', #2033, .T. );
#1084 = PLANE( '', #2034 );
#1085 = SURFACE_STYLE_USAGE( .BOTH., #2035 );
#1086 = FACE_OUTER_BOUND( '', #2036, .T. );
#1087 = PLANE( '', #2037 );
#1088 = SURFACE_STYLE_USAGE( .BOTH., #2038 );
#1089 = FACE_OUTER_BOUND( '', #2039, .T. );
#1090 = PLANE( '', #2040 );
#1091 = SURFACE_STYLE_USAGE( .BOTH., #2041 );
#1092 = FACE_OUTER_BOUND( '', #2042, .T. );
#1093 = CYLINDRICAL_SURFACE( '', #2043, 0.0500000000000000 );
#1094 = SURFACE_STYLE_USAGE( .BOTH., #2044 );
#1095 = FACE_OUTER_BOUND( '', #2045, .T. );
#1096 = PLANE( '', #2046 );
#1097 = SURFACE_STYLE_USAGE( .BOTH., #2047 );
#1098 = FACE_OUTER_BOUND( '', #2048, .T. );
#1099 = PLANE( '', #2049 );
#1100 = SURFACE_STYLE_USAGE( .BOTH., #2050 );
#1101 = FACE_OUTER_BOUND( '', #2051, .T. );
#1102 = PLANE( '', #2052 );
#1103 = SURFACE_STYLE_USAGE( .BOTH., #2053 );
#1104 = FACE_OUTER_BOUND( '', #2054, .T. );
#1105 = PLANE( '', #2055 );
#1106 = SURFACE_STYLE_USAGE( .BOTH., #2056 );
#1107 = FACE_OUTER_BOUND( '', #2057, .T. );
#1108 = PLANE( '', #2058 );
#1109 = SURFACE_STYLE_USAGE( .BOTH., #2059 );
#1110 = FACE_OUTER_BOUND( '', #2060, .T. );
#1111 = PLANE( '', #2061 );
#1112 = SURFACE_STYLE_USAGE( .BOTH., #2062 );
#1113 = FACE_OUTER_BOUND( '', #2063, .T. );
#1114 = PLANE( '', #2064 );
#1115 = SURFACE_STYLE_USAGE( .BOTH., #2065 );
#1116 = FACE_OUTER_BOUND( '', #2066, .T. );
#1117 = PLANE( '', #2067 );
#1118 = SURFACE_STYLE_USAGE( .BOTH., #2068 );
#1119 = FACE_OUTER_BOUND( '', #2069, .T. );
#1120 = PLANE( '', #2070 );
#1121 = SURFACE_STYLE_USAGE( .BOTH., #2071 );
#1122 = FACE_OUTER_BOUND( '', #2072, .T. );
#1123 = PLANE( '', #2073 );
#1124 = SURFACE_STYLE_USAGE( .BOTH., #2074 );
#1125 = FACE_OUTER_BOUND( '', #2075, .T. );
#1126 = PLANE( '', #2076 );
#1127 = SURFACE_STYLE_USAGE( .BOTH., #2077 );
#1128 = FACE_OUTER_BOUND( '', #2078, .T. );
#1129 = PLANE( '', #2079 );
#1130 = SURFACE_STYLE_USAGE( .BOTH., #2080 );
#1131 = FACE_OUTER_BOUND( '', #2081, .T. );
#1132 = PLANE( '', #2082 );
#1133 = SURFACE_STYLE_USAGE( .BOTH., #2083 );
#1134 = FACE_OUTER_BOUND( '', #2084, .T. );
#1135 = PLANE( '', #2085 );
#1136 = SURFACE_STYLE_USAGE( .BOTH., #2086 );
#1137 = FACE_OUTER_BOUND( '', #2087, .T. );
#1138 = PLANE( '', #2088 );
#1139 = SURFACE_STYLE_USAGE( .BOTH., #2089 );
#1140 = FACE_OUTER_BOUND( '', #2090, .T. );
#1141 = PLANE( '', #2091 );
#1142 = SURFACE_STYLE_USAGE( .BOTH., #2092 );
#1143 = FACE_OUTER_BOUND( '', #2093, .T. );
#1144 = PLANE( '', #2094 );
#1145 = SURFACE_STYLE_USAGE( .BOTH., #2095 );
#1146 = FACE_OUTER_BOUND( '', #2096, .T. );
#1147 = PLANE( '', #2097 );
#1148 = SURFACE_STYLE_USAGE( .BOTH., #2098 );
#1149 = FACE_OUTER_BOUND( '', #2099, .T. );
#1150 = PLANE( '', #2100 );
#1151 = SURFACE_STYLE_USAGE( .BOTH., #2101 );
#1152 = FACE_OUTER_BOUND( '', #2102, .T. );
#1153 = PLANE( '', #2103 );
#1154 = SURFACE_STYLE_USAGE( .BOTH., #2104 );
#1155 = FACE_OUTER_BOUND( '', #2105, .T. );
#1156 = PLANE( '', #2106 );
#1157 = SURFACE_STYLE_USAGE( .BOTH., #2107 );
#1158 = FACE_OUTER_BOUND( '', #2108, .T. );
#1159 = PLANE( '', #2109 );
#1160 = SURFACE_STYLE_USAGE( .BOTH., #2110 );
#1161 = FACE_OUTER_BOUND( '', #2111, .T. );
#1162 = PLANE( '', #2112 );
#1163 = SURFACE_STYLE_USAGE( .BOTH., #2113 );
#1164 = FACE_OUTER_BOUND( '', #2114, .T. );
#1165 = PLANE( '', #2115 );
#1166 = SURFACE_STYLE_USAGE( .BOTH., #2116 );
#1167 = FACE_OUTER_BOUND( '', #2117, .T. );
#1168 = PLANE( '', #2118 );
#1169 = SURFACE_STYLE_USAGE( .BOTH., #2119 );
#1170 = FACE_OUTER_BOUND( '', #2120, .T. );
#1171 = PLANE( '', #2121 );
#1172 = SURFACE_STYLE_USAGE( .BOTH., #2122 );
#1173 = FACE_OUTER_BOUND( '', #2123, .T. );
#1174 = PLANE( '', #2124 );
#1175 = SURFACE_STYLE_USAGE( .BOTH., #2125 );
#1176 = FACE_OUTER_BOUND( '', #2126, .T. );
#1177 = PLANE( '', #2127 );
#1178 = SURFACE_STYLE_USAGE( .BOTH., #2128 );
#1179 = FACE_OUTER_BOUND( '', #2129, .T. );
#1180 = PLANE( '', #2130 );
#1181 = SURFACE_STYLE_USAGE( .BOTH., #2131 );
#1182 = FACE_OUTER_BOUND( '', #2132, .T. );
#1183 = PLANE( '', #2133 );
#1184 = SURFACE_STYLE_USAGE( .BOTH., #2134 );
#1185 = FACE_OUTER_BOUND( '', #2135, .T. );
#1186 = CYLINDRICAL_SURFACE( '', #2136, 0.0250000000000000 );
#1187 = SURFACE_STYLE_USAGE( .BOTH., #2137 );
#1188 = FACE_OUTER_BOUND( '', #2138, .T. );
#1189 = PLANE( '', #2139 );
#1190 = SURFACE_STYLE_USAGE( .BOTH., #2140 );
#1191 = FACE_OUTER_BOUND( '', #2141, .T. );
#1192 = CYLINDRICAL_SURFACE( '', #2142, 0.0500000000000000 );
#1193 = SURFACE_STYLE_USAGE( .BOTH., #2143 );
#1194 = FACE_OUTER_BOUND( '', #2144, .T. );
#1195 = PLANE( '', #2145 );
#1196 = SURFACE_STYLE_USAGE( .BOTH., #2146 );
#1197 = FACE_OUTER_BOUND( '', #2147, .T. );
#1198 = PLANE( '', #2148 );
#1199 = SURFACE_STYLE_USAGE( .BOTH., #2149 );
#1200 = FACE_OUTER_BOUND( '', #2150, .T. );
#1201 = PLANE( '', #2151 );
#1202 = SURFACE_STYLE_USAGE( .BOTH., #2152 );
#1203 = FACE_OUTER_BOUND( '', #2153, .T. );
#1204 = PLANE( '', #2154 );
#1205 = SURFACE_STYLE_USAGE( .BOTH., #2155 );
#1206 = FACE_OUTER_BOUND( '', #2156, .T. );
#1207 = PLANE( '', #2157 );
#1208 = SURFACE_STYLE_USAGE( .BOTH., #2158 );
#1209 = FACE_OUTER_BOUND( '', #2159, .T. );
#1210 = PLANE( '', #2160 );
#1211 = SURFACE_STYLE_USAGE( .BOTH., #2161 );
#1212 = FACE_OUTER_BOUND( '', #2162, .T. );
#1213 = PLANE( '', #2163 );
#1214 = SURFACE_STYLE_USAGE( .BOTH., #2164 );
#1215 = FACE_OUTER_BOUND( '', #2165, .T. );
#1216 = PLANE( '', #2166 );
#1217 = SURFACE_STYLE_USAGE( .BOTH., #2167 );
#1218 = FACE_OUTER_BOUND( '', #2168, .T. );
#1219 = PLANE( '', #2169 );
#1220 = SURFACE_STYLE_USAGE( .BOTH., #2170 );
#1221 = FACE_OUTER_BOUND( '', #2171, .T. );
#1222 = PLANE( '', #2172 );
#1223 = SURFACE_STYLE_USAGE( .BOTH., #2173 );
#1224 = FACE_OUTER_BOUND( '', #2174, .T. );
#1225 = CYLINDRICAL_SURFACE( '', #2175, 0.0250000000000000 );
#1226 = SURFACE_STYLE_USAGE( .BOTH., #2176 );
#1227 = FACE_OUTER_BOUND( '', #2177, .T. );
#1228 = PLANE( '', #2178 );
#1229 = SURFACE_STYLE_USAGE( .BOTH., #2179 );
#1230 = FACE_OUTER_BOUND( '', #2180, .T. );
#1231 = PLANE( '', #2181 );
#1232 = SURFACE_STYLE_USAGE( .BOTH., #2182 );
#1233 = FACE_OUTER_BOUND( '', #2183, .T. );
#1234 = PLANE( '', #2184 );
#1235 = SURFACE_STYLE_USAGE( .BOTH., #2185 );
#1236 = FACE_OUTER_BOUND( '', #2186, .T. );
#1237 = PLANE( '', #2187 );
#1238 = SURFACE_STYLE_USAGE( .BOTH., #2188 );
#1239 = FACE_OUTER_BOUND( '', #2189, .T. );
#1240 = PLANE( '', #2190 );
#1241 = SURFACE_STYLE_USAGE( .BOTH., #2191 );
#1242 = FACE_OUTER_BOUND( '', #2192, .T. );
#1243 = PLANE( '', #2193 );
#1244 = SURFACE_STYLE_USAGE( .BOTH., #2194 );
#1245 = FACE_OUTER_BOUND( '', #2195, .T. );
#1246 = PLANE( '', #2196 );
#1247 = SURFACE_STYLE_USAGE( .BOTH., #2197 );
#1248 = FACE_OUTER_BOUND( '', #2198, .T. );
#1249 = PLANE( '', #2199 );
#1250 = SURFACE_STYLE_USAGE( .BOTH., #2200 );
#1251 = FACE_OUTER_BOUND( '', #2201, .T. );
#1252 = PLANE( '', #2202 );
#1253 = SURFACE_STYLE_USAGE( .BOTH., #2203 );
#1254 = FACE_OUTER_BOUND( '', #2204, .T. );
#1255 = PLANE( '', #2205 );
#1256 = SURFACE_STYLE_USAGE( .BOTH., #2206 );
#1257 = FACE_OUTER_BOUND( '', #2207, .T. );
#1258 = CYLINDRICAL_SURFACE( '', #2208, 0.0500000000000000 );
#1259 = SURFACE_STYLE_USAGE( .BOTH., #2209 );
#1260 = FACE_OUTER_BOUND( '', #2210, .T. );
#1261 = PLANE( '', #2211 );
#1262 = SURFACE_STYLE_USAGE( .BOTH., #2212 );
#1263 = FACE_OUTER_BOUND( '', #2213, .T. );
#1264 = PLANE( '', #2214 );
#1265 = SURFACE_STYLE_USAGE( .BOTH., #2215 );
#1266 = FACE_OUTER_BOUND( '', #2216, .T. );
#1267 = PLANE( '', #2217 );
#1268 = SURFACE_STYLE_USAGE( .BOTH., #2218 );
#1269 = FACE_OUTER_BOUND( '', #2219, .T. );
#1270 = PLANE( '', #2220 );
#1271 = SURFACE_STYLE_USAGE( .BOTH., #2221 );
#1272 = FACE_OUTER_BOUND( '', #2222, .T. );
#1273 = PLANE( '', #2223 );
#1274 = SURFACE_STYLE_USAGE( .BOTH., #2224 );
#1275 = FACE_OUTER_BOUND( '', #2225, .T. );
#1276 = PLANE( '', #2226 );
#1277 = SURFACE_STYLE_USAGE( .BOTH., #2227 );
#1278 = FACE_OUTER_BOUND( '', #2228, .T. );
#1279 = PLANE( '', #2229 );
#1280 = SURFACE_STYLE_USAGE( .BOTH., #2230 );
#1281 = FACE_OUTER_BOUND( '', #2231, .T. );
#1282 = PLANE( '', #2232 );
#1283 = SURFACE_STYLE_USAGE( .BOTH., #2233 );
#1284 = FACE_OUTER_BOUND( '', #2234, .T. );
#1285 = PLANE( '', #2235 );
#1286 = SURFACE_STYLE_USAGE( .BOTH., #2236 );
#1287 = FACE_OUTER_BOUND( '', #2237, .T. );
#1288 = PLANE( '', #2238 );
#1289 = SURFACE_STYLE_USAGE( .BOTH., #2239 );
#1290 = FACE_OUTER_BOUND( '', #2240, .T. );
#1291 = PLANE( '', #2241 );
#1292 = SURFACE_STYLE_USAGE( .BOTH., #2242 );
#1293 = FACE_OUTER_BOUND( '', #2243, .T. );
#1294 = CYLINDRICAL_SURFACE( '', #2244, 0.0250000000000000 );
#1295 = SURFACE_STYLE_USAGE( .BOTH., #2245 );
#1296 = FACE_OUTER_BOUND( '', #2246, .T. );
#1297 = CYLINDRICAL_SURFACE( '', #2247, 0.0500000000000000 );
#1298 = SURFACE_STYLE_USAGE( .BOTH., #2248 );
#1299 = FACE_OUTER_BOUND( '', #2249, .T. );
#1300 = PLANE( '', #2250 );
#1301 = SURFACE_STYLE_USAGE( .BOTH., #2251 );
#1302 = FACE_OUTER_BOUND( '', #2252, .T. );
#1303 = PLANE( '', #2253 );
#1304 = SURFACE_STYLE_USAGE( .BOTH., #2254 );
#1305 = FACE_OUTER_BOUND( '', #2255, .T. );
#1306 = PLANE( '', #2256 );
#1307 = SURFACE_STYLE_USAGE( .BOTH., #2257 );
#1308 = FACE_OUTER_BOUND( '', #2258, .T. );
#1309 = PLANE( '', #2259 );
#1310 = SURFACE_STYLE_USAGE( .BOTH., #2260 );
#1311 = FACE_OUTER_BOUND( '', #2261, .T. );
#1312 = PLANE( '', #2262 );
#1313 = SURFACE_STYLE_USAGE( .BOTH., #2263 );
#1314 = FACE_OUTER_BOUND( '', #2264, .T. );
#1315 = PLANE( '', #2265 );
#1316 = SURFACE_STYLE_USAGE( .BOTH., #2266 );
#1317 = FACE_OUTER_BOUND( '', #2267, .T. );
#1318 = PLANE( '', #2268 );
#1319 = SURFACE_STYLE_USAGE( .BOTH., #2269 );
#1320 = FACE_OUTER_BOUND( '', #2270, .T. );
#1321 = PLANE( '', #2271 );
#1322 = SURFACE_STYLE_USAGE( .BOTH., #2272 );
#1323 = FACE_OUTER_BOUND( '', #2273, .T. );
#1324 = PLANE( '', #2274 );
#1325 = SURFACE_STYLE_USAGE( .BOTH., #2275 );
#1326 = FACE_OUTER_BOUND( '', #2276, .T. );
#1327 = PLANE( '', #2277 );
#1328 = SURFACE_STYLE_USAGE( .BOTH., #2278 );
#1329 = FACE_OUTER_BOUND( '', #2279, .T. );
#1330 = PLANE( '', #2280 );
#1331 = SURFACE_STYLE_USAGE( .BOTH., #2281 );
#1332 = FACE_OUTER_BOUND( '', #2282, .T. );
#1333 = PLANE( '', #2283 );
#1334 = SURFACE_STYLE_USAGE( .BOTH., #2284 );
#1335 = FACE_OUTER_BOUND( '', #2285, .T. );
#1336 = PLANE( '', #2286 );
#1337 = SURFACE_STYLE_USAGE( .BOTH., #2287 );
#1338 = FACE_OUTER_BOUND( '', #2288, .T. );
#1339 = PLANE( '', #2289 );
#1340 = SURFACE_STYLE_USAGE( .BOTH., #2290 );
#1341 = FACE_OUTER_BOUND( '', #2291, .T. );
#1342 = PLANE( '', #2292 );
#1343 = SURFACE_STYLE_USAGE( .BOTH., #2293 );
#1344 = FACE_OUTER_BOUND( '', #2294, .T. );
#1345 = PLANE( '', #2295 );
#1346 = SURFACE_STYLE_USAGE( .BOTH., #2296 );
#1347 = FACE_OUTER_BOUND( '', #2297, .T. );
#1348 = PLANE( '', #2298 );
#1349 = SURFACE_STYLE_USAGE( .BOTH., #2299 );
#1350 = FACE_OUTER_BOUND( '', #2300, .T. );
#1351 = PLANE( '', #2301 );
#1352 = SURFACE_STYLE_USAGE( .BOTH., #2302 );
#1353 = FACE_OUTER_BOUND( '', #2303, .T. );
#1354 = PLANE( '', #2304 );
#1355 = SURFACE_STYLE_USAGE( .BOTH., #2305 );
#1356 = FACE_OUTER_BOUND( '', #2306, .T. );
#1357 = PLANE( '', #2307 );
#1358 = SURFACE_STYLE_USAGE( .BOTH., #2308 );
#1359 = FACE_OUTER_BOUND( '', #2309, .T. );
#1360 = PLANE( '', #2310 );
#1361 = SURFACE_STYLE_USAGE( .BOTH., #2311 );
#1362 = FACE_OUTER_BOUND( '', #2312, .T. );
#1363 = PLANE( '', #2313 );
#1364 = SURFACE_STYLE_USAGE( .BOTH., #2314 );
#1365 = FACE_OUTER_BOUND( '', #2315, .T. );
#1366 = PLANE( '', #2316 );
#1367 = SURFACE_STYLE_USAGE( .BOTH., #2317 );
#1368 = FACE_OUTER_BOUND( '', #2318, .T. );
#1369 = PLANE( '', #2319 );
#1370 = SURFACE_STYLE_USAGE( .BOTH., #2320 );
#1371 = FACE_OUTER_BOUND( '', #2321, .T. );
#1372 = PLANE( '', #2322 );
#1373 = SURFACE_STYLE_USAGE( .BOTH., #2323 );
#1374 = FACE_OUTER_BOUND( '', #2324, .T. );
#1375 = PLANE( '', #2325 );
#1376 = SURFACE_STYLE_USAGE( .BOTH., #2326 );
#1377 = FACE_OUTER_BOUND( '', #2327, .T. );
#1378 = PLANE( '', #2328 );
#1379 = SURFACE_STYLE_USAGE( .BOTH., #2329 );
#1380 = FACE_OUTER_BOUND( '', #2330, .T. );
#1381 = PLANE( '', #2331 );
#1382 = SURFACE_STYLE_USAGE( .BOTH., #2332 );
#1383 = FACE_OUTER_BOUND( '', #2333, .T. );
#1384 = PLANE( '', #2334 );
#1385 = SURFACE_STYLE_USAGE( .BOTH., #2335 );
#1386 = FACE_OUTER_BOUND( '', #2336, .T. );
#1387 = PLANE( '', #2337 );
#1388 = SURFACE_STYLE_USAGE( .BOTH., #2338 );
#1389 = FACE_OUTER_BOUND( '', #2339, .T. );
#1390 = PLANE( '', #2340 );
#1391 = SURFACE_STYLE_USAGE( .BOTH., #2341 );
#1392 = FACE_OUTER_BOUND( '', #2342, .T. );
#1393 = PLANE( '', #2343 );
#1394 = SURFACE_STYLE_USAGE( .BOTH., #2344 );
#1395 = FACE_OUTER_BOUND( '', #2345, .T. );
#1396 = PLANE( '', #2346 );
#1397 = SURFACE_STYLE_USAGE( .BOTH., #2347 );
#1398 = FACE_OUTER_BOUND( '', #2348, .T. );
#1399 = PLANE( '', #2349 );
#1400 = SURFACE_STYLE_USAGE( .BOTH., #2350 );
#1401 = FACE_OUTER_BOUND( '', #2351, .T. );
#1402 = PLANE( '', #2352 );
#1403 = SURFACE_STYLE_USAGE( .BOTH., #2353 );
#1404 = FACE_OUTER_BOUND( '', #2354, .T. );
#1405 = PLANE( '', #2355 );
#1406 = SURFACE_STYLE_USAGE( .BOTH., #2356 );
#1407 = FACE_OUTER_BOUND( '', #2357, .T. );
#1408 = PLANE( '', #2358 );
#1409 = SURFACE_STYLE_USAGE( .BOTH., #2359 );
#1410 = FACE_OUTER_BOUND( '', #2360, .T. );
#1411 = PLANE( '', #2361 );
#1412 = SURFACE_STYLE_USAGE( .BOTH., #2362 );
#1413 = FACE_OUTER_BOUND( '', #2363, .T. );
#1414 = PLANE( '', #2364 );
#1415 = SURFACE_STYLE_USAGE( .BOTH., #2365 );
#1416 = FACE_OUTER_BOUND( '', #2366, .T. );
#1417 = PLANE( '', #2367 );
#1418 = SURFACE_STYLE_USAGE( .BOTH., #2368 );
#1419 = FACE_OUTER_BOUND( '', #2369, .T. );
#1420 = CYLINDRICAL_SURFACE( '', #2370, 0.0500000000000000 );
#1421 = SURFACE_STYLE_USAGE( .BOTH., #2371 );
#1422 = FACE_OUTER_BOUND( '', #2372, .T. );
#1423 = PLANE( '', #2373 );
#1424 = SURFACE_STYLE_USAGE( .BOTH., #2374 );
#1425 = FACE_OUTER_BOUND( '', #2375, .T. );
#1426 = PLANE( '', #2376 );
#1427 = SURFACE_STYLE_USAGE( .BOTH., #2377 );
#1428 = FACE_OUTER_BOUND( '', #2378, .T. );
#1429 = PLANE( '', #2379 );
#1430 = SURFACE_STYLE_USAGE( .BOTH., #2380 );
#1431 = FACE_OUTER_BOUND( '', #2381, .T. );
#1432 = PLANE( '', #2382 );
#1433 = SURFACE_STYLE_USAGE( .BOTH., #2383 );
#1434 = FACE_OUTER_BOUND( '', #2384, .T. );
#1435 = PLANE( '', #2385 );
#1436 = SURFACE_STYLE_USAGE( .BOTH., #2386 );
#1437 = FACE_OUTER_BOUND( '', #2387, .T. );
#1438 = PLANE( '', #2388 );
#1439 = SURFACE_STYLE_USAGE( .BOTH., #2389 );
#1440 = FACE_OUTER_BOUND( '', #2390, .T. );
#1441 = PLANE( '', #2391 );
#1442 = SURFACE_STYLE_USAGE( .BOTH., #2392 );
#1443 = FACE_OUTER_BOUND( '', #2393, .T. );
#1444 = PLANE( '', #2394 );
#1445 = SURFACE_STYLE_USAGE( .BOTH., #2395 );
#1446 = FACE_OUTER_BOUND( '', #2396, .T. );
#1447 = PLANE( '', #2397 );
#1448 = SURFACE_STYLE_USAGE( .BOTH., #2398 );
#1449 = FACE_OUTER_BOUND( '', #2399, .T. );
#1450 = PLANE( '', #2400 );
#1451 = SURFACE_STYLE_USAGE( .BOTH., #2401 );
#1452 = FACE_OUTER_BOUND( '', #2402, .T. );
#1453 = PLANE( '', #2403 );
#1454 = SURFACE_STYLE_USAGE( .BOTH., #2404 );
#1455 = FACE_OUTER_BOUND( '', #2405, .T. );
#1456 = PLANE( '', #2406 );
#1457 = SURFACE_STYLE_USAGE( .BOTH., #2407 );
#1458 = FACE_OUTER_BOUND( '', #2408, .T. );
#1459 = CYLINDRICAL_SURFACE( '', #2409, 0.0250000000000000 );
#1460 = SURFACE_STYLE_USAGE( .BOTH., #2410 );
#1461 = FACE_OUTER_BOUND( '', #2411, .T. );
#1462 = CYLINDRICAL_SURFACE( '', #2412, 0.0500000000000000 );
#1463 = SURFACE_STYLE_USAGE( .BOTH., #2413 );
#1464 = FACE_OUTER_BOUND( '', #2414, .T. );
#1465 = PLANE( '', #2415 );
#1466 = SURFACE_STYLE_USAGE( .BOTH., #2416 );
#1467 = FACE_OUTER_BOUND( '', #2417, .T. );
#1468 = PLANE( '', #2418 );
#1469 = SURFACE_STYLE_USAGE( .BOTH., #2419 );
#1470 = FACE_OUTER_BOUND( '', #2420, .T. );
#1471 = PLANE( '', #2421 );
#1472 = SURFACE_STYLE_USAGE( .BOTH., #2422 );
#1473 = FACE_OUTER_BOUND( '', #2423, .T. );
#1474 = PLANE( '', #2424 );
#1475 = SURFACE_STYLE_USAGE( .BOTH., #2425 );
#1476 = FACE_OUTER_BOUND( '', #2426, .T. );
#1477 = PLANE( '', #2427 );
#1478 = SURFACE_STYLE_USAGE( .BOTH., #2428 );
#1479 = FACE_OUTER_BOUND( '', #2429, .T. );
#1480 = PLANE( '', #2430 );
#1481 = SURFACE_STYLE_USAGE( .BOTH., #2431 );
#1482 = FACE_OUTER_BOUND( '', #2432, .T. );
#1483 = PLANE( '', #2433 );
#1484 = SURFACE_STYLE_USAGE( .BOTH., #2434 );
#1485 = FACE_OUTER_BOUND( '', #2435, .T. );
#1486 = PLANE( '', #2436 );
#1487 = SURFACE_STYLE_USAGE( .BOTH., #2437 );
#1488 = FACE_OUTER_BOUND( '', #2438, .T. );
#1489 = PLANE( '', #2439 );
#1490 = SURFACE_STYLE_USAGE( .BOTH., #2440 );
#1491 = FACE_OUTER_BOUND( '', #2441, .T. );
#1492 = CYLINDRICAL_SURFACE( '', #2442, 0.0250000000000000 );
#1493 = SURFACE_STYLE_USAGE( .BOTH., #2443 );
#1494 = FACE_OUTER_BOUND( '', #2444, .T. );
#1495 = PLANE( '', #2445 );
#1496 = SURFACE_STYLE_USAGE( .BOTH., #2446 );
#1497 = FACE_OUTER_BOUND( '', #2447, .T. );
#1498 = PLANE( '', #2448 );
#1499 = SURFACE_STYLE_USAGE( .BOTH., #2449 );
#1500 = FACE_OUTER_BOUND( '', #2450, .T. );
#1501 = PLANE( '', #2451 );
#1502 = SURFACE_STYLE_USAGE( .BOTH., #2452 );
#1503 = FACE_OUTER_BOUND( '', #2453, .T. );
#1504 = PLANE( '', #2454 );
#1505 = SURFACE_STYLE_USAGE( .BOTH., #2455 );
#1506 = FACE_OUTER_BOUND( '', #2456, .T. );
#1507 = PLANE( '', #2457 );
#1508 = SURFACE_STYLE_USAGE( .BOTH., #2458 );
#1509 = FACE_OUTER_BOUND( '', #2459, .T. );
#1510 = PLANE( '', #2460 );
#1511 = SURFACE_STYLE_USAGE( .BOTH., #2461 );
#1512 = FACE_OUTER_BOUND( '', #2462, .T. );
#1513 = PLANE( '', #2463 );
#1514 = SURFACE_STYLE_USAGE( .BOTH., #2464 );
#1515 = FACE_OUTER_BOUND( '', #2465, .T. );
#1516 = PLANE( '', #2466 );
#1517 = SURFACE_STYLE_USAGE( .BOTH., #2467 );
#1518 = FACE_OUTER_BOUND( '', #2468, .T. );
#1519 = PLANE( '', #2469 );
#1520 = SURFACE_STYLE_USAGE( .BOTH., #2470 );
#1521 = FACE_OUTER_BOUND( '', #2471, .T. );
#1522 = PLANE( '', #2472 );
#1523 = SURFACE_STYLE_USAGE( .BOTH., #2473 );
#1524 = FACE_OUTER_BOUND( '', #2474, .T. );
#1525 = PLANE( '', #2475 );
#1526 = SURFACE_STYLE_USAGE( .BOTH., #2476 );
#1527 = FACE_OUTER_BOUND( '', #2477, .T. );
#1528 = PLANE( '', #2478 );
#1529 = SURFACE_STYLE_USAGE( .BOTH., #2479 );
#1530 = FACE_OUTER_BOUND( '', #2480, .T. );
#1531 = PLANE( '', #2481 );
#1532 = SURFACE_STYLE_USAGE( .BOTH., #2482 );
#1533 = FACE_OUTER_BOUND( '', #2483, .T. );
#1534 = PLANE( '', #2484 );
#1535 = SURFACE_STYLE_USAGE( .BOTH., #2485 );
#1536 = FACE_OUTER_BOUND( '', #2486, .T. );
#1537 = PLANE( '', #2487 );
#1538 = SURFACE_STYLE_USAGE( .BOTH., #2488 );
#1539 = FACE_OUTER_BOUND( '', #2489, .T. );
#1540 = PLANE( '', #2490 );
#1541 = SURFACE_STYLE_USAGE( .BOTH., #2491 );
#1542 = FACE_OUTER_BOUND( '', #2492, .T. );
#1543 = PLANE( '', #2493 );
#1544 = SURFACE_STYLE_USAGE( .BOTH., #2494 );
#1545 = FACE_OUTER_BOUND( '', #2495, .T. );
#1546 = PLANE( '', #2496 );
#1547 = SURFACE_STYLE_USAGE( .BOTH., #2497 );
#1548 = FACE_OUTER_BOUND( '', #2498, .T. );
#1549 = PLANE( '', #2499 );
#1550 = SURFACE_STYLE_USAGE( .BOTH., #2500 );
#1551 = FACE_OUTER_BOUND( '', #2501, .T. );
#1552 = PLANE( '', #2502 );
#1553 = SURFACE_STYLE_USAGE( .BOTH., #2503 );
#1554 = FACE_OUTER_BOUND( '', #2504, .T. );
#1555 = PLANE( '', #2505 );
#1556 = SURFACE_STYLE_USAGE( .BOTH., #2506 );
#1557 = FACE_OUTER_BOUND( '', #2507, .T. );
#1558 = PLANE( '', #2508 );
#1559 = SURFACE_STYLE_USAGE( .BOTH., #2509 );
#1560 = FACE_OUTER_BOUND( '', #2510, .T. );
#1561 = PLANE( '', #2511 );
#1562 = SURFACE_STYLE_USAGE( .BOTH., #2512 );
#1563 = FACE_OUTER_BOUND( '', #2513, .T. );
#1564 = PLANE( '', #2514 );
#1565 = SURFACE_STYLE_USAGE( .BOTH., #2515 );
#1566 = FACE_OUTER_BOUND( '', #2516, .T. );
#1567 = PLANE( '', #2517 );
#1568 = SURFACE_STYLE_USAGE( .BOTH., #2518 );
#1569 = FACE_OUTER_BOUND( '', #2519, .T. );
#1570 = CYLINDRICAL_SURFACE( '', #2520, 0.0500000000000000 );
#1571 = SURFACE_STYLE_USAGE( .BOTH., #2521 );
#1572 = FACE_OUTER_BOUND( '', #2522, .T. );
#1573 = PLANE( '', #2523 );
#1574 = SURFACE_STYLE_USAGE( .BOTH., #2524 );
#1575 = FACE_OUTER_BOUND( '', #2525, .T. );
#1576 = PLANE( '', #2526 );
#1577 = SURFACE_STYLE_USAGE( .BOTH., #2527 );
#1578 = FACE_OUTER_BOUND( '', #2528, .T. );
#1579 = PLANE( '', #2529 );
#1580 = SURFACE_STYLE_USAGE( .BOTH., #2530 );
#1581 = FACE_OUTER_BOUND( '', #2531, .T. );
#1582 = CYLINDRICAL_SURFACE( '', #2532, 0.0250000000000000 );
#1583 = SURFACE_STYLE_USAGE( .BOTH., #2533 );
#1584 = FACE_OUTER_BOUND( '', #2534, .T. );
#1585 = CYLINDRICAL_SURFACE( '', #2535, 0.0250000000000000 );
#1586 = SURFACE_STYLE_USAGE( .BOTH., #2536 );
#1587 = FACE_OUTER_BOUND( '', #2537, .T. );
#1588 = PLANE( '', #2538 );
#1589 = SURFACE_STYLE_USAGE( .BOTH., #2539 );
#1590 = FACE_OUTER_BOUND( '', #2540, .T. );
#1591 = PLANE( '', #2541 );
#1592 = SURFACE_STYLE_USAGE( .BOTH., #2542 );
#1593 = FACE_OUTER_BOUND( '', #2543, .T. );
#1594 = PLANE( '', #2544 );
#1595 = SURFACE_STYLE_USAGE( .BOTH., #2545 );
#1596 = FACE_OUTER_BOUND( '', #2546, .T. );
#1597 = PLANE( '', #2547 );
#1598 = SURFACE_STYLE_USAGE( .BOTH., #2548 );
#1599 = FACE_OUTER_BOUND( '', #2549, .T. );
#1600 = PLANE( '', #2550 );
#1601 = SURFACE_STYLE_USAGE( .BOTH., #2551 );
#1602 = FACE_OUTER_BOUND( '', #2552, .T. );
#1603 = PLANE( '', #2553 );
#1604 = SURFACE_STYLE_USAGE( .BOTH., #2554 );
#1605 = FACE_OUTER_BOUND( '', #2555, .T. );
#1606 = PLANE( '', #2556 );
#1607 = SURFACE_STYLE_USAGE( .BOTH., #2557 );
#1608 = FACE_OUTER_BOUND( '', #2558, .T. );
#1609 = PLANE( '', #2559 );
#1610 = SURFACE_STYLE_USAGE( .BOTH., #2560 );
#1611 = FACE_OUTER_BOUND( '', #2561, .T. );
#1612 = PLANE( '', #2562 );
#1613 = SURFACE_STYLE_USAGE( .BOTH., #2563 );
#1614 = FACE_OUTER_BOUND( '', #2564, .T. );
#1615 = PLANE( '', #2565 );
#1616 = SURFACE_STYLE_USAGE( .BOTH., #2566 );
#1617 = FACE_OUTER_BOUND( '', #2567, .T. );
#1618 = PLANE( '', #2568 );
#1619 = SURFACE_STYLE_USAGE( .BOTH., #2569 );
#1620 = FACE_OUTER_BOUND( '', #2570, .T. );
#1621 = PLANE( '', #2571 );
#1622 = SURFACE_STYLE_USAGE( .BOTH., #2572 );
#1623 = FACE_OUTER_BOUND( '', #2573, .T. );
#1624 = CYLINDRICAL_SURFACE( '', #2574, 0.0250000000000000 );
#1625 = SURFACE_STYLE_USAGE( .BOTH., #2575 );
#1626 = FACE_OUTER_BOUND( '', #2576, .T. );
#1627 = PLANE( '', #2577 );
#1628 = SURFACE_STYLE_USAGE( .BOTH., #2578 );
#1629 = FACE_OUTER_BOUND( '', #2579, .T. );
#1630 = PLANE( '', #2580 );
#1631 = SURFACE_STYLE_USAGE( .BOTH., #2581 );
#1632 = FACE_OUTER_BOUND( '', #2582, .T. );
#1633 = PLANE( '', #2583 );
#1634 = SURFACE_STYLE_USAGE( .BOTH., #2584 );
#1635 = FACE_OUTER_BOUND( '', #2585, .T. );
#1636 = PLANE( '', #2586 );
#1637 = SURFACE_STYLE_USAGE( .BOTH., #2587 );
#1638 = FACE_OUTER_BOUND( '', #2588, .T. );
#1639 = PLANE( '', #2589 );
#1640 = SURFACE_STYLE_USAGE( .BOTH., #2590 );
#1641 = FACE_OUTER_BOUND( '', #2591, .T. );
#1642 = PLANE( '', #2592 );
#1643 = SURFACE_STYLE_USAGE( .BOTH., #2593 );
#1644 = FACE_OUTER_BOUND( '', #2594, .T. );
#1645 = PLANE( '', #2595 );
#1646 = SURFACE_STYLE_USAGE( .BOTH., #2596 );
#1647 = FACE_OUTER_BOUND( '', #2597, .T. );
#1648 = PLANE( '', #2598 );
#1649 = SURFACE_STYLE_USAGE( .BOTH., #2599 );
#1650 = FACE_OUTER_BOUND( '', #2600, .T. );
#1651 = PLANE( '', #2601 );
#1652 = SURFACE_STYLE_USAGE( .BOTH., #2602 );
#1653 = FACE_OUTER_BOUND( '', #2603, .T. );
#1654 = PLANE( '', #2604 );
#1655 = SURFACE_STYLE_USAGE( .BOTH., #2605 );
#1656 = FACE_OUTER_BOUND( '', #2606, .T. );
#1657 = PLANE( '', #2607 );
#1658 = SURFACE_STYLE_USAGE( .BOTH., #2608 );
#1659 = FACE_OUTER_BOUND( '', #2609, .T. );
#1660 = PLANE( '', #2610 );
#1661 = SURFACE_STYLE_USAGE( .BOTH., #2611 );
#1662 = FACE_OUTER_BOUND( '', #2612, .T. );
#1663 = PLANE( '', #2613 );
#1664 = SURFACE_STYLE_USAGE( .BOTH., #2614 );
#1665 = FACE_OUTER_BOUND( '', #2615, .T. );
#1666 = PLANE( '', #2616 );
#1667 = SURFACE_STYLE_USAGE( .BOTH., #2617 );
#1668 = FACE_OUTER_BOUND( '', #2618, .T. );
#1669 = PLANE( '', #2619 );
#1670 = SURFACE_STYLE_USAGE( .BOTH., #2620 );
#1671 = FACE_OUTER_BOUND( '', #2621, .T. );
#1672 = PLANE( '', #2622 );
#1673 = SURFACE_STYLE_USAGE( .BOTH., #2623 );
#1674 = FACE_OUTER_BOUND( '', #2624, .T. );
#1675 = PLANE( '', #2625 );
#1676 = SURFACE_STYLE_USAGE( .BOTH., #2626 );
#1677 = FACE_OUTER_BOUND( '', #2627, .T. );
#1678 = PLANE( '', #2628 );
#1679 = SURFACE_STYLE_USAGE( .BOTH., #2629 );
#1680 = FACE_OUTER_BOUND( '', #2630, .T. );
#1681 = PLANE( '', #2631 );
#1682 = SURFACE_STYLE_USAGE( .BOTH., #2632 );
#1683 = FACE_OUTER_BOUND( '', #2633, .T. );
#1684 = PLANE( '', #2634 );
#1685 = SURFACE_STYLE_USAGE( .BOTH., #2635 );
#1686 = FACE_OUTER_BOUND( '', #2636, .T. );
#1687 = PLANE( '', #2637 );
#1688 = SURFACE_STYLE_USAGE( .BOTH., #2638 );
#1689 = FACE_OUTER_BOUND( '', #2639, .T. );
#1690 = PLANE( '', #2640 );
#1691 = SURFACE_STYLE_USAGE( .BOTH., #2641 );
#1692 = FACE_OUTER_BOUND( '', #2642, .T. );
#1693 = PLANE( '', #2643 );
#1694 = SURFACE_STYLE_USAGE( .BOTH., #2644 );
#1695 = FACE_OUTER_BOUND( '', #2645, .T. );
#1696 = CYLINDRICAL_SURFACE( '', #2646, 0.0250000000000000 );
#1697 = SURFACE_STYLE_USAGE( .BOTH., #2647 );
#1698 = FACE_OUTER_BOUND( '', #2648, .T. );
#1699 = PLANE( '', #2649 );
#1700 = SURFACE_STYLE_USAGE( .BOTH., #2650 );
#1701 = FACE_OUTER_BOUND( '', #2651, .T. );
#1702 = PLANE( '', #2652 );
#1703 = SURFACE_STYLE_USAGE( .BOTH., #2653 );
#1704 = FACE_OUTER_BOUND( '', #2654, .T. );
#1705 = PLANE( '', #2655 );
#1706 = SURFACE_STYLE_USAGE( .BOTH., #2656 );
#1707 = FACE_OUTER_BOUND( '', #2657, .T. );
#1708 = PLANE( '', #2658 );
#1709 = SURFACE_STYLE_USAGE( .BOTH., #2659 );
#1710 = FACE_OUTER_BOUND( '', #2660, .T. );
#1711 = PLANE( '', #2661 );
#1712 = SURFACE_STYLE_USAGE( .BOTH., #2662 );
#1713 = FACE_OUTER_BOUND( '', #2663, .T. );
#1714 = PLANE( '', #2664 );
#1715 = SURFACE_STYLE_USAGE( .BOTH., #2665 );
#1716 = FACE_OUTER_BOUND( '', #2666, .T. );
#1717 = PLANE( '', #2667 );
#1718 = SURFACE_STYLE_USAGE( .BOTH., #2668 );
#1719 = FACE_OUTER_BOUND( '', #2669, .T. );
#1720 = PLANE( '', #2670 );
#1721 = SURFACE_STYLE_USAGE( .BOTH., #2671 );
#1722 = FACE_OUTER_BOUND( '', #2672, .T. );
#1723 = PLANE( '', #2673 );
#1724 = SURFACE_STYLE_USAGE( .BOTH., #2674 );
#1725 = FACE_OUTER_BOUND( '', #2675, .T. );
#1726 = PLANE( '', #2676 );
#1727 = SURFACE_STYLE_USAGE( .BOTH., #2677 );
#1728 = FACE_OUTER_BOUND( '', #2678, .T. );
#1729 = PLANE( '', #2679 );
#1730 = SURFACE_STYLE_USAGE( .BOTH., #2680 );
#1731 = FACE_OUTER_BOUND( '', #2681, .T. );
#1732 = PLANE( '', #2682 );
#1733 = SURFACE_STYLE_USAGE( .BOTH., #2683 );
#1734 = FACE_OUTER_BOUND( '', #2684, .T. );
#1735 = PLANE( '', #2685 );
#1736 = SURFACE_STYLE_USAGE( .BOTH., #2686 );
#1737 = FACE_OUTER_BOUND( '', #2687, .T. );
#1738 = PLANE( '', #2688 );
#1739 = SURFACE_STYLE_USAGE( .BOTH., #2689 );
#1740 = FACE_OUTER_BOUND( '', #2690, .T. );
#1741 = PLANE( '', #2691 );
#1742 = SURFACE_STYLE_USAGE( .BOTH., #2692 );
#1743 = FACE_OUTER_BOUND( '', #2693, .T. );
#1744 = PLANE( '', #2694 );
#1745 = SURFACE_STYLE_USAGE( .BOTH., #2695 );
#1746 = FACE_OUTER_BOUND( '', #2696, .T. );
#1747 = PLANE( '', #2697 );
#1748 = SURFACE_STYLE_USAGE( .BOTH., #2698 );
#1749 = FACE_OUTER_BOUND( '', #2699, .T. );
#1750 = PLANE( '', #2700 );
#1751 = SURFACE_STYLE_USAGE( .BOTH., #2701 );
#1752 = FACE_OUTER_BOUND( '', #2702, .T. );
#1753 = PLANE( '', #2703 );
#1754 = SURFACE_STYLE_USAGE( .BOTH., #2704 );
#1755 = FACE_OUTER_BOUND( '', #2705, .T. );
#1756 = PLANE( '', #2706 );
#1757 = SURFACE_STYLE_USAGE( .BOTH., #2707 );
#1758 = FACE_OUTER_BOUND( '', #2708, .T. );
#1759 = PLANE( '', #2709 );
#1760 = SURFACE_STYLE_USAGE( .BOTH., #2710 );
#1761 = FACE_OUTER_BOUND( '', #2711, .T. );
#1762 = PLANE( '', #2712 );
#1763 = SURFACE_STYLE_USAGE( .BOTH., #2713 );
#1764 = FACE_OUTER_BOUND( '', #2714, .T. );
#1765 = CYLINDRICAL_SURFACE( '', #2715, 0.0250000000000000 );
#1766 = SURFACE_STYLE_USAGE( .BOTH., #2716 );
#1767 = FACE_OUTER_BOUND( '', #2717, .T. );
#1768 = CYLINDRICAL_SURFACE( '', #2718, 0.0500000000000000 );
#1769 = SURFACE_STYLE_USAGE( .BOTH., #2719 );
#1770 = FACE_OUTER_BOUND( '', #2720, .T. );
#1771 = PLANE( '', #2721 );
#1772 = SURFACE_STYLE_USAGE( .BOTH., #2722 );
#1773 = FACE_OUTER_BOUND( '', #2723, .T. );
#1774 = PLANE( '', #2724 );
#1775 = SURFACE_STYLE_USAGE( .BOTH., #2725 );
#1776 = FACE_OUTER_BOUND( '', #2726, .T. );
#1777 = PLANE( '', #2727 );
#1778 = SURFACE_STYLE_USAGE( .BOTH., #2728 );
#1779 = FACE_OUTER_BOUND( '', #2729, .T. );
#1780 = PLANE( '', #2730 );
#1781 = SURFACE_STYLE_USAGE( .BOTH., #2731 );
#1782 = FACE_OUTER_BOUND( '', #2732, .T. );
#1783 = PLANE( '', #2733 );
#1784 = SURFACE_STYLE_USAGE( .BOTH., #2734 );
#1785 = FACE_OUTER_BOUND( '', #2735, .T. );
#1786 = PLANE( '', #2736 );
#1787 = SURFACE_STYLE_USAGE( .BOTH., #2737 );
#1788 = FACE_OUTER_BOUND( '', #2738, .T. );
#1789 = CYLINDRICAL_SURFACE( '', #2739, 0.0500000000000000 );
#1790 = SURFACE_STYLE_USAGE( .BOTH., #2740 );
#1791 = FACE_OUTER_BOUND( '', #2741, .T. );
#1792 = PLANE( '', #2742 );
#1793 = SURFACE_STYLE_USAGE( .BOTH., #2743 );
#1794 = FACE_OUTER_BOUND( '', #2744, .T. );
#1795 = PLANE( '', #2745 );
#1796 = SURFACE_STYLE_USAGE( .BOTH., #2746 );
#1797 = FACE_OUTER_BOUND( '', #2747, .T. );
#1798 = PLANE( '', #2748 );
#1799 = SURFACE_STYLE_USAGE( .BOTH., #2749 );
#1800 = FACE_OUTER_BOUND( '', #2750, .T. );
#1801 = PLANE( '', #2751 );
#1802 = SURFACE_STYLE_USAGE( .BOTH., #2752 );
#1803 = FACE_OUTER_BOUND( '', #2753, .T. );
#1804 = PLANE( '', #2754 );
#1805 = SURFACE_STYLE_USAGE( .BOTH., #2755 );
#1806 = FACE_OUTER_BOUND( '', #2756, .T. );
#1807 = PLANE( '', #2757 );
#1808 = SURFACE_STYLE_USAGE( .BOTH., #2758 );
#1809 = FACE_OUTER_BOUND( '', #2759, .T. );
#1810 = PLANE( '', #2760 );
#1811 = SURFACE_STYLE_USAGE( .BOTH., #2761 );
#1812 = FACE_OUTER_BOUND( '', #2762, .T. );
#1813 = PLANE( '', #2763 );
#1814 = SURFACE_STYLE_USAGE( .BOTH., #2764 );
#1815 = FACE_OUTER_BOUND( '', #2765, .T. );
#1816 = PLANE( '', #2766 );
#1817 = SURFACE_STYLE_USAGE( .BOTH., #2767 );
#1818 = FACE_OUTER_BOUND( '', #2768, .T. );
#1819 = PLANE( '', #2769 );
#1820 = SURFACE_STYLE_USAGE( .BOTH., #2770 );
#1821 = FACE_OUTER_BOUND( '', #2771, .T. );
#1822 = PLANE( '', #2772 );
#1823 = SURFACE_STYLE_USAGE( .BOTH., #2773 );
#1824 = FACE_OUTER_BOUND( '', #2774, .T. );
#1825 = PLANE( '', #2775 );
#1826 = SURFACE_STYLE_USAGE( .BOTH., #2776 );
#1827 = FACE_OUTER_BOUND( '', #2777, .T. );
#1828 = PLANE( '', #2778 );
#1829 = SURFACE_STYLE_USAGE( .BOTH., #2779 );
#1830 = FACE_OUTER_BOUND( '', #2780, .T. );
#1831 = PLANE( '', #2781 );
#1832 = SURFACE_STYLE_USAGE( .BOTH., #2782 );
#1833 = FACE_OUTER_BOUND( '', #2783, .T. );
#1834 = PLANE( '', #2784 );
#1835 = SURFACE_STYLE_USAGE( .BOTH., #2785 );
#1836 = FACE_OUTER_BOUND( '', #2786, .T. );
#1837 = PLANE( '', #2787 );
#1838 = SURFACE_STYLE_USAGE( .BOTH., #2788 );
#1839 = FACE_OUTER_BOUND( '', #2789, .T. );
#1840 = PLANE( '', #2790 );
#1841 = SURFACE_STYLE_USAGE( .BOTH., #2791 );
#1842 = FACE_OUTER_BOUND( '', #2792, .T. );
#1843 = PLANE( '', #2793 );
#1844 = SURFACE_STYLE_USAGE( .BOTH., #2794 );
#1845 = FACE_OUTER_BOUND( '', #2795, .T. );
#1846 = PLANE( '', #2796 );
#1847 = SURFACE_STYLE_USAGE( .BOTH., #2797 );
#1848 = FACE_OUTER_BOUND( '', #2798, .T. );
#1849 = PLANE( '', #2799 );
#1850 = SURFACE_STYLE_USAGE( .BOTH., #2800 );
#1851 = FACE_OUTER_BOUND( '', #2801, .T. );
#1852 = PLANE( '', #2802 );
#1853 = SURFACE_STYLE_USAGE( .BOTH., #2803 );
#1854 = FACE_OUTER_BOUND( '', #2804, .T. );
#1855 = PLANE( '', #2805 );
#1856 = SURFACE_STYLE_USAGE( .BOTH., #2806 );
#1857 = FACE_OUTER_BOUND( '', #2807, .T. );
#1858 = PLANE( '', #2808 );
#1859 = SURFACE_STYLE_USAGE( .BOTH., #2809 );
#1860 = FACE_OUTER_BOUND( '', #2810, .T. );
#1861 = PLANE( '', #2811 );
#1862 = SURFACE_STYLE_USAGE( .BOTH., #2812 );
#1863 = FACE_OUTER_BOUND( '', #2813, .T. );
#1864 = PLANE( '', #2814 );
#1865 = SURFACE_STYLE_USAGE( .BOTH., #2815 );
#1866 = FACE_OUTER_BOUND( '', #2816, .T. );
#1867 = PLANE( '', #2817 );
#1868 = SURFACE_STYLE_USAGE( .BOTH., #2818 );
#1869 = FACE_OUTER_BOUND( '', #2819, .T. );
#1870 = PLANE( '', #2820 );
#1871 = SURFACE_STYLE_USAGE( .BOTH., #2821 );
#1872 = FACE_OUTER_BOUND( '', #2822, .T. );
#1873 = PLANE( '', #2823 );
#1874 = SURFACE_STYLE_USAGE( .BOTH., #2824 );
#1875 = FACE_OUTER_BOUND( '', #2825, .T. );
#1876 = PLANE( '', #2826 );
#1877 = SURFACE_STYLE_USAGE( .BOTH., #2827 );
#1878 = FACE_OUTER_BOUND( '', #2828, .T. );
#1879 = PLANE( '', #2829 );
#1880 = SURFACE_STYLE_USAGE( .BOTH., #2830 );
#1881 = FACE_OUTER_BOUND( '', #2831, .T. );
#1882 = PLANE( '', #2832 );
#1883 = SURFACE_STYLE_USAGE( .BOTH., #2833 );
#1884 = FACE_OUTER_BOUND( '', #2834, .T. );
#1885 = PLANE( '', #2835 );
#1886 = SURFACE_STYLE_USAGE( .BOTH., #2836 );
#1887 = FACE_OUTER_BOUND( '', #2837, .T. );
#1888 = PLANE( '', #2838 );
#1889 = SURFACE_STYLE_USAGE( .BOTH., #2839 );
#1890 = FACE_OUTER_BOUND( '', #2840, .T. );
#1891 = PLANE( '', #2841 );
#1892 = SURFACE_STYLE_USAGE( .BOTH., #2842 );
#1893 = FACE_OUTER_BOUND( '', #2843, .T. );
#1894 = PLANE( '', #2844 );
#1895 = SURFACE_STYLE_USAGE( .BOTH., #2845 );
#1896 = FACE_OUTER_BOUND( '', #2846, .T. );
#1897 = PLANE( '', #2847 );
#1898 = SURFACE_STYLE_USAGE( .BOTH., #2848 );
#1899 = FACE_OUTER_BOUND( '', #2849, .T. );
#1900 = PLANE( '', #2850 );
#1901 = SURFACE_STYLE_USAGE( .BOTH., #2851 );
#1902 = FACE_OUTER_BOUND( '', #2852, .T. );
#1903 = PLANE( '', #2853 );
#1904 = SURFACE_STYLE_USAGE( .BOTH., #2854 );
#1905 = FACE_OUTER_BOUND( '', #2855, .T. );
#1906 = PLANE( '', #2856 );
#1907 = SURFACE_STYLE_USAGE( .BOTH., #2857 );
#1908 = FACE_OUTER_BOUND( '', #2858, .T. );
#1909 = PLANE( '', #2859 );
#1910 = SURFACE_STYLE_USAGE( .BOTH., #2860 );
#1911 = FACE_OUTER_BOUND( '', #2861, .T. );
#1912 = PLANE( '', #2862 );
#1913 = SURFACE_STYLE_USAGE( .BOTH., #2863 );
#1914 = FACE_OUTER_BOUND( '', #2864, .T. );
#1915 = PLANE( '', #2865 );
#1916 = SURFACE_STYLE_USAGE( .BOTH., #2866 );
#1917 = FACE_OUTER_BOUND( '', #2867, .T. );
#1918 = PLANE( '', #2868 );
#1919 = SURFACE_STYLE_USAGE( .BOTH., #2869 );
#1920 = FACE_OUTER_BOUND( '', #2870, .T. );
#1921 = PLANE( '', #2871 );
#1922 = SURFACE_STYLE_USAGE( .BOTH., #2872 );
#1923 = FACE_OUTER_BOUND( '', #2873, .T. );
#1924 = PLANE( '', #2874 );
#1925 = SURFACE_STYLE_USAGE( .BOTH., #2875 );
#1926 = FACE_OUTER_BOUND( '', #2876, .T. );
#1927 = PLANE( '', #2877 );
#1928 = SURFACE_STYLE_USAGE( .BOTH., #2878 );
#1929 = FACE_OUTER_BOUND( '', #2879, .T. );
#1930 = PLANE( '', #2880 );
#1931 = SURFACE_STYLE_USAGE( .BOTH., #2881 );
#1932 = FACE_BOUND( '', #2882, .T. );
#1933 = FACE_BOUND( '', #2883, .T. );
#1934 = FACE_BOUND( '', #2884, .T. );
#1935 = FACE_OUTER_BOUND( '', #2885, .T. );
#1936 = PLANE( '', #2886 );
#1937 = SURFACE_STYLE_USAGE( .BOTH., #2887 );
#1938 = FACE_OUTER_BOUND( '', #2888, .T. );
#1939 = PLANE( '', #2889 );
#1940 = SURFACE_STYLE_USAGE( .BOTH., #2890 );
#1941 = FACE_OUTER_BOUND( '', #2891, .T. );
#1942 = PLANE( '', #2892 );
#1943 = SURFACE_STYLE_USAGE( .BOTH., #2893 );
#1944 = FACE_OUTER_BOUND( '', #2894, .T. );
#1945 = PLANE( '', #2895 );
#1946 = SURFACE_STYLE_USAGE( .BOTH., #2896 );
#1947 = FACE_OUTER_BOUND( '', #2897, .T. );
#1948 = PLANE( '', #2898 );
#1949 = SURFACE_STYLE_USAGE( .BOTH., #2899 );
#1950 = FACE_OUTER_BOUND( '', #2900, .T. );
#1951 = PLANE( '', #2901 );
#1952 = SURFACE_STYLE_USAGE( .BOTH., #2902 );
#1953 = FACE_OUTER_BOUND( '', #2903, .T. );
#1954 = PLANE( '', #2904 );
#1955 = SURFACE_STYLE_USAGE( .BOTH., #2905 );
#1956 = FACE_OUTER_BOUND( '', #2906, .T. );
#1957 = PLANE( '', #2907 );
#1958 = SURFACE_STYLE_USAGE( .BOTH., #2908 );
#1959 = FACE_OUTER_BOUND( '', #2909, .T. );
#1960 = PLANE( '', #2910 );
#1961 = SURFACE_STYLE_USAGE( .BOTH., #2911 );
#1962 = FACE_OUTER_BOUND( '', #2912, .T. );
#1963 = PLANE( '', #2913 );
#1964 = SURFACE_STYLE_USAGE( .BOTH., #2914 );
#1965 = FACE_OUTER_BOUND( '', #2915, .T. );
#1966 = PLANE( '', #2916 );
#1967 = SURFACE_STYLE_USAGE( .BOTH., #2917 );
#1968 = FACE_OUTER_BOUND( '', #2918, .T. );
#1969 = PLANE( '', #2919 );
#1970 =  ( LENGTH_UNIT(  )NAMED_UNIT( #1003 )SI_UNIT( .MILLI., .METRE. ) );
#1973 = LENGTH_MEASURE_WITH_UNIT( LENGTH_MEASURE( 25.4000000000000 ), #2921 );
#1976 = DIMENSIONAL_EXPONENTS( 1.00000000000000, 0.000000000000000, 0.000000000000000, 0.000000000000000, 0.000000000000000, 0.000000000000000, 0.000000000000000 );
#1978 = DIMENSIONAL_EXPONENTS( 0.000000000000000, 0.000000000000000, 0.000000000000000, 0.000000000000000, 0.000000000000000, 0.000000000000000, 0.000000000000000 );
#1984 = SURFACE_SIDE_STYLE( '', ( #2922 ) );
#1985 = EDGE_LOOP( '', ( #2923, #2924, #2925, #2926, #2927, #2928, #2929, #2930, #2931, #2932 ) );
#1986 = AXIS2_PLACEMENT_3D( '', #2933, #2934, #2935 );
#1987 = SURFACE_SIDE_STYLE( '', ( #2936 ) );
#1988 = EDGE_LOOP( '', ( #2937, #2938, #2939, #2940 ) );
#1989 = AXIS2_PLACEMENT_3D( '', #2941, #2942, #2943 );
#1990 = SURFACE_SIDE_STYLE( '', ( #2944 ) );
#1991 = EDGE_LOOP( '', ( #2945, #2946, #2947, #2948 ) );
#1992 = AXIS2_PLACEMENT_3D( '', #2949, #2950, #2951 );
#1993 = SURFACE_SIDE_STYLE( '', ( #2952 ) );
#1994 = EDGE_LOOP( '', ( #2953, #2954, #2955, #2956 ) );
#1995 = AXIS2_PLACEMENT_3D( '', #2957, #2958, #2959 );
#1996 = SURFACE_SIDE_STYLE( '', ( #2960 ) );
#1997 = EDGE_LOOP( '', ( #2961, #2962, #2963, #2964 ) );
#1998 = AXIS2_PLACEMENT_3D( '', #2965, #2966, #2967 );
#1999 = SURFACE_SIDE_STYLE( '', ( #2968 ) );
#2000 = EDGE_LOOP( '', ( #2969, #2970, #2971, #2972 ) );
#2001 = AXIS2_PLACEMENT_3D( '', #2973, #2974, #2975 );
#2002 = SURFACE_SIDE_STYLE( '', ( #2976 ) );
#2003 = EDGE_LOOP( '', ( #2977, #2978, #2979, #2980, #2981, #2982, #2983, #2984, #2985, #2986 ) );
#2004 = AXIS2_PLACEMENT_3D( '', #2987, #2988, #2989 );
#2005 = SURFACE_SIDE_STYLE( '', ( #2990 ) );
#2006 = EDGE_LOOP( '', ( #2991, #2992, #2993, #2994 ) );
#2007 = AXIS2_PLACEMENT_3D( '', #2995, #2996, #2997 );
#2008 = SURFACE_SIDE_STYLE( '', ( #2998 ) );
#2009 = EDGE_LOOP( '', ( #2999, #3000, #3001, #3002, #3003, #3004, #3005, #3006, #3007, #3008 ) );
#2010 = AXIS2_PLACEMENT_3D( '', #3009, #3010, #3011 );
#2011 = SURFACE_SIDE_STYLE( '', ( #3012 ) );
#2012 = EDGE_LOOP( '', ( #3013, #3014, #3015, #3016 ) );
#2013 = AXIS2_PLACEMENT_3D( '', #3017, #3018, #3019 );
#2014 = SURFACE_SIDE_STYLE( '', ( #3020 ) );
#2015 = EDGE_LOOP( '', ( #3021, #3022, #3023, #3024 ) );
#2016 = AXIS2_PLACEMENT_3D( '', #3025, #3026, #3027 );
#2017 = SURFACE_SIDE_STYLE( '', ( #3028 ) );
#2018 = EDGE_LOOP( '', ( #3029, #3030, #3031, #3032 ) );
#2019 = AXIS2_PLACEMENT_3D( '', #3033, #3034, #3035 );
#2020 = SURFACE_SIDE_STYLE( '', ( #3036 ) );
#2021 = EDGE_LOOP( '', ( #3037, #3038, #3039, #3040 ) );
#2022 = AXIS2_PLACEMENT_3D( '', #3041, #3042, #3043 );
#2023 = SURFACE_SIDE_STYLE( '', ( #3044 ) );
#2024 = EDGE_LOOP( '', ( #3045, #3046, #3047, #3048 ) );
#2025 = AXIS2_PLACEMENT_3D( '', #3049, #3050, #3051 );
#2026 = SURFACE_SIDE_STYLE( '', ( #3052 ) );
#2027 = EDGE_LOOP( '', ( #3053, #3054, #3055, #3056 ) );
#2028 = AXIS2_PLACEMENT_3D( '', #3057, #3058, #3059 );
#2029 = SURFACE_SIDE_STYLE( '', ( #3060 ) );
#2030 = EDGE_LOOP( '', ( #3061, #3062, #3063, #3064 ) );
#2031 = AXIS2_PLACEMENT_3D( '', #3065, #3066, #3067 );
#2032 = SURFACE_SIDE_STYLE( '', ( #3068 ) );
#2033 = EDGE_LOOP( '', ( #3069, #3070, #3071, #3072 ) );
#2034 = AXIS2_PLACEMENT_3D( '', #3073, #3074, #3075 );
#2035 = SURFACE_SIDE_STYLE( '', ( #3076 ) );
#2036 = EDGE_LOOP( '', ( #3077, #3078, #3079, #3080 ) );
#2037 = AXIS2_PLACEMENT_3D( '', #3081, #3082, #3083 );
#2038 = SURFACE_SIDE_STYLE( '', ( #3084 ) );
#2039 = EDGE_LOOP( '', ( #3085, #3086, #3087, #3088 ) );
#2040 = AXIS2_PLACEMENT_3D( '', #3089, #3090, #3091 );
#2041 = SURFACE_SIDE_STYLE( '', ( #3092 ) );
#2042 = EDGE_LOOP( '', ( #3093, #3094, #3095, #3096 ) );
#2043 = AXIS2_PLACEMENT_3D( '', #3097, #3098, #3099 );
#2044 = SURFACE_SIDE_STYLE( '', ( #3100 ) );
#2045 = EDGE_LOOP( '', ( #3101, #3102, #3103, #3104 ) );
#2046 = AXIS2_PLACEMENT_3D( '', #3105, #3106, #3107 );
#2047 = SURFACE_SIDE_STYLE( '', ( #3108 ) );
#2048 = EDGE_LOOP( '', ( #3109, #3110, #3111, #3112 ) );
#2049 = AXIS2_PLACEMENT_3D( '', #3113, #3114, #3115 );
#2050 = SURFACE_SIDE_STYLE( '', ( #3116 ) );
#2051 = EDGE_LOOP( '', ( #3117, #3118, #3119, #3120 ) );
#2052 = AXIS2_PLACEMENT_3D( '', #3121, #3122, #3123 );
#2053 = SURFACE_SIDE_STYLE( '', ( #3124 ) );
#2054 = EDGE_LOOP( '', ( #3125, #3126, #3127, #3128 ) );
#2055 = AXIS2_PLACEMENT_3D( '', #3129, #3130, #3131 );
#2056 = SURFACE_SIDE_STYLE( '', ( #3132 ) );
#2057 = EDGE_LOOP( '', ( #3133, #3134, #3135, #3136 ) );
#2058 = AXIS2_PLACEMENT_3D( '', #3137, #3138, #3139 );
#2059 = SURFACE_SIDE_STYLE( '', ( #3140 ) );
#2060 = EDGE_LOOP( '', ( #3141, #3142, #3143, #3144 ) );
#2061 = AXIS2_PLACEMENT_3D( '', #3145, #3146, #3147 );
#2062 = SURFACE_SIDE_STYLE( '', ( #3148 ) );
#2063 = EDGE_LOOP( '', ( #3149, #3150, #3151, #3152 ) );
#2064 = AXIS2_PLACEMENT_3D( '', #3153, #3154, #3155 );
#2065 = SURFACE_SIDE_STYLE( '', ( #3156 ) );
#2066 = EDGE_LOOP( '', ( #3157, #3158, #3159, #3160 ) );
#2067 = AXIS2_PLACEMENT_3D( '', #3161, #3162, #3163 );
#2068 = SURFACE_SIDE_STYLE( '', ( #3164 ) );
#2069 = EDGE_LOOP( '', ( #3165, #3166, #3167, #3168 ) );
#2070 = AXIS2_PLACEMENT_3D( '', #3169, #3170, #3171 );
#2071 = SURFACE_SIDE_STYLE( '', ( #3172 ) );
#2072 = EDGE_LOOP( '', ( #3173, #3174, #3175, #3176 ) );
#2073 = AXIS2_PLACEMENT_3D( '', #3177, #3178, #3179 );
#2074 = SURFACE_SIDE_STYLE( '', ( #3180 ) );
#2075 = EDGE_LOOP( '', ( #3181, #3182, #3183, #3184 ) );
#2076 = AXIS2_PLACEMENT_3D( '', #3185, #3186, #3187 );
#2077 = SURFACE_SIDE_STYLE( '', ( #3188 ) );
#2078 = EDGE_LOOP( '', ( #3189, #3190, #3191, #3192 ) );
#2079 = AXIS2_PLACEMENT_3D( '', #3193, #3194, #3195 );
#2080 = SURFACE_SIDE_STYLE( '', ( #3196 ) );
#2081 = EDGE_LOOP( '', ( #3197, #3198, #3199, #3200 ) );
#2082 = AXIS2_PLACEMENT_3D( '', #3201, #3202, #3203 );
#2083 = SURFACE_SIDE_STYLE( '', ( #3204 ) );
#2084 = EDGE_LOOP( '', ( #3205, #3206, #3207, #3208 ) );
#2085 = AXIS2_PLACEMENT_3D( '', #3209, #3210, #3211 );
#2086 = SURFACE_SIDE_STYLE( '', ( #3212 ) );
#2087 = EDGE_LOOP( '', ( #3213, #3214, #3215, #3216 ) );
#2088 = AXIS2_PLACEMENT_3D( '', #3217, #3218, #3219 );
#2089 = SURFACE_SIDE_STYLE( '', ( #3220 ) );
#2090 = EDGE_LOOP( '', ( #3221, #3222, #3223, #3224, #3225, #3226, #3227, #3228, #3229, #3230 ) );
#2091 = AXIS2_PLACEMENT_3D( '', #3231, #3232, #3233 );
#2092 = SURFACE_SIDE_STYLE( '', ( #3234 ) );
#2093 = EDGE_LOOP( '', ( #3235, #3236, #3237, #3238 ) );
#2094 = AXIS2_PLACEMENT_3D( '', #3239, #3240, #3241 );
#2095 = SURFACE_SIDE_STYLE( '', ( #3242 ) );
#2096 = EDGE_LOOP( '', ( #3243, #3244, #3245, #3246 ) );
#2097 = AXIS2_PLACEMENT_3D( '', #3247, #3248, #3249 );
#2098 = SURFACE_SIDE_STYLE( '', ( #3250 ) );
#2099 = EDGE_LOOP( '', ( #3251, #3252, #3253, #3254 ) );
#2100 = AXIS2_PLACEMENT_3D( '', #3255, #3256, #3257 );
#2101 = SURFACE_SIDE_STYLE( '', ( #3258 ) );
#2102 = EDGE_LOOP( '', ( #3259, #3260, #3261, #3262 ) );
#2103 = AXIS2_PLACEMENT_3D( '', #3263, #3264, #3265 );
#2104 = SURFACE_SIDE_STYLE( '', ( #3266 ) );
#2105 = EDGE_LOOP( '', ( #3267, #3268, #3269, #3270 ) );
#2106 = AXIS2_PLACEMENT_3D( '', #3271, #3272, #3273 );
#2107 = SURFACE_SIDE_STYLE( '', ( #3274 ) );
#2108 = EDGE_LOOP( '', ( #3275, #3276, #3277, #3278, #3279, #3280, #3281, #3282, #3283, #3284 ) );
#2109 = AXIS2_PLACEMENT_3D( '', #3285, #3286, #3287 );
#2110 = SURFACE_SIDE_STYLE( '', ( #3288 ) );
#2111 = EDGE_LOOP( '', ( #3289, #3290, #3291, #3292 ) );
#2112 = AXIS2_PLACEMENT_3D( '', #3293, #3294, #3295 );
#2113 = SURFACE_SIDE_STYLE( '', ( #3296 ) );
#2114 = EDGE_LOOP( '', ( #3297, #3298, #3299, #3300 ) );
#2115 = AXIS2_PLACEMENT_3D( '', #3301, #3302, #3303 );
#2116 = SURFACE_SIDE_STYLE( '', ( #3304 ) );
#2117 = EDGE_LOOP( '', ( #3305, #3306, #3307, #3308 ) );
#2118 = AXIS2_PLACEMENT_3D( '', #3309, #3310, #3311 );
#2119 = SURFACE_SIDE_STYLE( '', ( #3312 ) );
#2120 = EDGE_LOOP( '', ( #3313, #3314, #3315, #3316 ) );
#2121 = AXIS2_PLACEMENT_3D( '', #3317, #3318, #3319 );
#2122 = SURFACE_SIDE_STYLE( '', ( #3320 ) );
#2123 = EDGE_LOOP( '', ( #3321, #3322, #3323, #3324 ) );
#2124 = AXIS2_PLACEMENT_3D( '', #3325, #3326, #3327 );
#2125 = SURFACE_SIDE_STYLE( '', ( #3328 ) );
#2126 = EDGE_LOOP( '', ( #3329, #3330, #3331, #3332 ) );
#2127 = AXIS2_PLACEMENT_3D( '', #3333, #3334, #3335 );
#2128 = SURFACE_SIDE_STYLE( '', ( #3336 ) );
#2129 = EDGE_LOOP( '', ( #3337, #3338, #3339, #3340 ) );
#2130 = AXIS2_PLACEMENT_3D( '', #3341, #3342, #3343 );
#2131 = SURFACE_SIDE_STYLE( '', ( #3344 ) );
#2132 = EDGE_LOOP( '', ( #3345, #3346, #3347, #3348 ) );
#2133 = AXIS2_PLACEMENT_3D( '', #3349, #3350, #3351 );
#2134 = SURFACE_SIDE_STYLE( '', ( #3352 ) );
#2135 = EDGE_LOOP( '', ( #3353, #3354, #3355, #3356 ) );
#2136 = AXIS2_PLACEMENT_3D( '', #3357, #3358, #3359 );
#2137 = SURFACE_SIDE_STYLE( '', ( #3360 ) );
#2138 = EDGE_LOOP( '', ( #3361, #3362, #3363, #3364 ) );
#2139 = AXIS2_PLACEMENT_3D( '', #3365, #3366, #3367 );
#2140 = SURFACE_SIDE_STYLE( '', ( #3368 ) );
#2141 = EDGE_LOOP( '', ( #3369, #3370, #3371, #3372 ) );
#2142 = AXIS2_PLACEMENT_3D( '', #3373, #3374, #3375 );
#2143 = SURFACE_SIDE_STYLE( '', ( #3376 ) );
#2144 = EDGE_LOOP( '', ( #3377, #3378, #3379, #3380, #3381, #3382 ) );
#2145 = AXIS2_PLACEMENT_3D( '', #3383, #3384, #3385 );
#2146 = SURFACE_SIDE_STYLE( '', ( #3386 ) );
#2147 = EDGE_LOOP( '', ( #3387, #3388, #3389, #3390 ) );
#2148 = AXIS2_PLACEMENT_3D( '', #3391, #3392, #3393 );
#2149 = SURFACE_SIDE_STYLE( '', ( #3394 ) );
#2150 = EDGE_LOOP( '', ( #3395, #3396, #3397, #3398 ) );
#2151 = AXIS2_PLACEMENT_3D( '', #3399, #3400, #3401 );
#2152 = SURFACE_SIDE_STYLE( '', ( #3402 ) );
#2153 = EDGE_LOOP( '', ( #3403, #3404, #3405, #3406 ) );
#2154 = AXIS2_PLACEMENT_3D( '', #3407, #3408, #3409 );
#2155 = SURFACE_SIDE_STYLE( '', ( #3410 ) );
#2156 = EDGE_LOOP( '', ( #3411, #3412, #3413, #3414 ) );
#2157 = AXIS2_PLACEMENT_3D( '', #3415, #3416, #3417 );
#2158 = SURFACE_SIDE_STYLE( '', ( #3418 ) );
#2159 = EDGE_LOOP( '', ( #3419, #3420, #3421, #3422 ) );
#2160 = AXIS2_PLACEMENT_3D( '', #3423, #3424, #3425 );
#2161 = SURFACE_SIDE_STYLE( '', ( #3426 ) );
#2162 = EDGE_LOOP( '', ( #3427, #3428, #3429, #3430 ) );
#2163 = AXIS2_PLACEMENT_3D( '', #3431, #3432, #3433 );
#2164 = SURFACE_SIDE_STYLE( '', ( #3434 ) );
#2165 = EDGE_LOOP( '', ( #3435, #3436, #3437, #3438 ) );
#2166 = AXIS2_PLACEMENT_3D( '', #3439, #3440, #3441 );
#2167 = SURFACE_SIDE_STYLE( '', ( #3442 ) );
#2168 = EDGE_LOOP( '', ( #3443, #3444, #3445, #3446 ) );
#2169 = AXIS2_PLACEMENT_3D( '', #3447, #3448, #3449 );
#2170 = SURFACE_SIDE_STYLE( '', ( #3450 ) );
#2171 = EDGE_LOOP( '', ( #3451, #3452, #3453, #3454 ) );
#2172 = AXIS2_PLACEMENT_3D( '', #3455, #3456, #3457 );
#2173 = SURFACE_SIDE_STYLE( '', ( #3458 ) );
#2174 = EDGE_LOOP( '', ( #3459, #3460, #3461, #3462 ) );
#2175 = AXIS2_PLACEMENT_3D( '', #3463, #3464, #3465 );
#2176 = SURFACE_SIDE_STYLE( '', ( #3466 ) );
#2177 = EDGE_LOOP( '', ( #3467, #3468, #3469, #3470 ) );
#2178 = AXIS2_PLACEMENT_3D( '', #3471, #3472, #3473 );
#2179 = SURFACE_SIDE_STYLE( '', ( #3474 ) );
#2180 = EDGE_LOOP( '', ( #3475, #3476, #3477, #3478, #3479, #3480, #3481, #3482, #3483, #3484 ) );
#2181 = AXIS2_PLACEMENT_3D( '', #3485, #3486, #3487 );
#2182 = SURFACE_SIDE_STYLE( '', ( #3488 ) );
#2183 = EDGE_LOOP( '', ( #3489, #3490, #3491, #3492 ) );
#2184 = AXIS2_PLACEMENT_3D( '', #3493, #3494, #3495 );
#2185 = SURFACE_SIDE_STYLE( '', ( #3496 ) );
#2186 = EDGE_LOOP( '', ( #3497, #3498, #3499, #3500 ) );
#2187 = AXIS2_PLACEMENT_3D( '', #3501, #3502, #3503 );
#2188 = SURFACE_SIDE_STYLE( '', ( #3504 ) );
#2189 = EDGE_LOOP( '', ( #3505, #3506, #3507, #3508 ) );
#2190 = AXIS2_PLACEMENT_3D( '', #3509, #3510, #3511 );
#2191 = SURFACE_SIDE_STYLE( '', ( #3512 ) );
#2192 = EDGE_LOOP( '', ( #3513, #3514, #3515, #3516 ) );
#2193 = AXIS2_PLACEMENT_3D( '', #3517, #3518, #3519 );
#2194 = SURFACE_SIDE_STYLE( '', ( #3520 ) );
#2195 = EDGE_LOOP( '', ( #3521, #3522, #3523, #3524 ) );
#2196 = AXIS2_PLACEMENT_3D( '', #3525, #3526, #3527 );
#2197 = SURFACE_SIDE_STYLE( '', ( #3528 ) );
#2198 = EDGE_LOOP( '', ( #3529, #3530, #3531, #3532 ) );
#2199 = AXIS2_PLACEMENT_3D( '', #3533, #3534, #3535 );
#2200 = SURFACE_SIDE_STYLE( '', ( #3536 ) );
#2201 = EDGE_LOOP( '', ( #3537, #3538, #3539, #3540 ) );
#2202 = AXIS2_PLACEMENT_3D( '', #3541, #3542, #3543 );
#2203 = SURFACE_SIDE_STYLE( '', ( #3544 ) );
#2204 = EDGE_LOOP( '', ( #3545, #3546, #3547, #3548 ) );
#2205 = AXIS2_PLACEMENT_3D( '', #3549, #3550, #3551 );
#2206 = SURFACE_SIDE_STYLE( '', ( #3552 ) );
#2207 = EDGE_LOOP( '', ( #3553, #3554, #3555, #3556 ) );
#2208 = AXIS2_PLACEMENT_3D( '', #3557, #3558, #3559 );
#2209 = SURFACE_SIDE_STYLE( '', ( #3560 ) );
#2210 = EDGE_LOOP( '', ( #3561, #3562, #3563, #3564 ) );
#2211 = AXIS2_PLACEMENT_3D( '', #3565, #3566, #3567 );
#2212 = SURFACE_SIDE_STYLE( '', ( #3568 ) );
#2213 = EDGE_LOOP( '', ( #3569, #3570, #3571, #3572 ) );
#2214 = AXIS2_PLACEMENT_3D( '', #3573, #3574, #3575 );
#2215 = SURFACE_SIDE_STYLE( '', ( #3576 ) );
#2216 = EDGE_LOOP( '', ( #3577, #3578, #3579, #3580, #3581, #3582, #3583, #3584, #3585, #3586, #3587, #3588 ) );
#2217 = AXIS2_PLACEMENT_3D( '', #3589, #3590, #3591 );
#2218 = SURFACE_SIDE_STYLE( '', ( #3592 ) );
#2219 = EDGE_LOOP( '', ( #3593, #3594, #3595, #3596, #3597, #3598, #3599, #3600, #3601, #3602 ) );
#2220 = AXIS2_PLACEMENT_3D( '', #3603, #3604, #3605 );
#2221 = SURFACE_SIDE_STYLE( '', ( #3606 ) );
#2222 = EDGE_LOOP( '', ( #3607, #3608, #3609, #3610 ) );
#2223 = AXIS2_PLACEMENT_3D( '', #3611, #3612, #3613 );
#2224 = SURFACE_SIDE_STYLE( '', ( #3614 ) );
#2225 = EDGE_LOOP( '', ( #3615, #3616, #3617, #3618, #3619, #3620, #3621, #3622, #3623, #3624, #3625, #3626, #3627, #3628, #3629, #3630, #3631, #3632, #3633, #3634, #3635, #3636, #3637, #3638, #3639, #3640, #3641, #3642, #3643, #3644, #3645, #3646, #3647, #3648, #3649, #3650 ) );
#2226 = AXIS2_PLACEMENT_3D( '', #3651, #3652, #3653 );
#2227 = SURFACE_SIDE_STYLE( '', ( #3654 ) );
#2228 = EDGE_LOOP( '', ( #3655, #3656, #3657, #3658, #3659, #3660 ) );
#2229 = AXIS2_PLACEMENT_3D( '', #3661, #3662, #3663 );
#2230 = SURFACE_SIDE_STYLE( '', ( #3664 ) );
#2231 = EDGE_LOOP( '', ( #3665, #3666, #3667, #3668 ) );
#2232 = AXIS2_PLACEMENT_3D( '', #3669, #3670, #3671 );
#2233 = SURFACE_SIDE_STYLE( '', ( #3672 ) );
#2234 = EDGE_LOOP( '', ( #3673, #3674, #3675, #3676, #3677, #3678, #3679, #3680, #3681, #3682 ) );
#2235 = AXIS2_PLACEMENT_3D( '', #3683, #3684, #3685 );
#2236 = SURFACE_SIDE_STYLE( '', ( #3686 ) );
#2237 = EDGE_LOOP( '', ( #3687, #3688, #3689, #3690 ) );
#2238 = AXIS2_PLACEMENT_3D( '', #3691, #3692, #3693 );
#2239 = SURFACE_SIDE_STYLE( '', ( #3694 ) );
#2240 = EDGE_LOOP( '', ( #3695, #3696, #3697, #3698 ) );
#2241 = AXIS2_PLACEMENT_3D( '', #3699, #3700, #3701 );
#2242 = SURFACE_SIDE_STYLE( '', ( #3702 ) );
#2243 = EDGE_LOOP( '', ( #3703, #3704, #3705, #3706 ) );
#2244 = AXIS2_PLACEMENT_3D( '', #3707, #3708, #3709 );
#2245 = SURFACE_SIDE_STYLE( '', ( #3710 ) );
#2246 = EDGE_LOOP( '', ( #3711, #3712, #3713, #3714 ) );
#2247 = AXIS2_PLACEMENT_3D( '', #3715, #3716, #3717 );
#2248 = SURFACE_SIDE_STYLE( '', ( #3718 ) );
#2249 = EDGE_LOOP( '', ( #3719, #3720, #3721, #3722 ) );
#2250 = AXIS2_PLACEMENT_3D( '', #3723, #3724, #3725 );
#2251 = SURFACE_SIDE_STYLE( '', ( #3726 ) );
#2252 = EDGE_LOOP( '', ( #3727, #3728, #3729, #3730 ) );
#2253 = AXIS2_PLACEMENT_3D( '', #3731, #3732, #3733 );
#2254 = SURFACE_SIDE_STYLE( '', ( #3734 ) );
#2255 = EDGE_LOOP( '', ( #3735, #3736, #3737, #3738 ) );
#2256 = AXIS2_PLACEMENT_3D( '', #3739, #3740, #3741 );
#2257 = SURFACE_SIDE_STYLE( '', ( #3742 ) );
#2258 = EDGE_LOOP( '', ( #3743, #3744, #3745, #3746, #3747, #3748, #3749, #3750, #3751, #3752 ) );
#2259 = AXIS2_PLACEMENT_3D( '', #3753, #3754, #3755 );
#2260 = SURFACE_SIDE_STYLE( '', ( #3756 ) );
#2261 = EDGE_LOOP( '', ( #3757, #3758, #3759, #3760 ) );
#2262 = AXIS2_PLACEMENT_3D( '', #3761, #3762, #3763 );
#2263 = SURFACE_SIDE_STYLE( '', ( #3764 ) );
#2264 = EDGE_LOOP( '', ( #3765, #3766, #3767, #3768 ) );
#2265 = AXIS2_PLACEMENT_3D( '', #3769, #3770, #3771 );
#2266 = SURFACE_SIDE_STYLE( '', ( #3772 ) );
#2267 = EDGE_LOOP( '', ( #3773, #3774, #3775, #3776 ) );
#2268 = AXIS2_PLACEMENT_3D( '', #3777, #3778, #3779 );
#2269 = SURFACE_SIDE_STYLE( '', ( #3780 ) );
#2270 = EDGE_LOOP( '', ( #3781, #3782, #3783, #3784 ) );
#2271 = AXIS2_PLACEMENT_3D( '', #3785, #3786, #3787 );
#2272 = SURFACE_SIDE_STYLE( '', ( #3788 ) );
#2273 = EDGE_LOOP( '', ( #3789, #3790, #3791, #3792 ) );
#2274 = AXIS2_PLACEMENT_3D( '', #3793, #3794, #3795 );
#2275 = SURFACE_SIDE_STYLE( '', ( #3796 ) );
#2276 = EDGE_LOOP( '', ( #3797, #3798, #3799, #3800 ) );
#2277 = AXIS2_PLACEMENT_3D( '', #3801, #3802, #3803 );
#2278 = SURFACE_SIDE_STYLE( '', ( #3804 ) );
#2279 = EDGE_LOOP( '', ( #3805, #3806, #3807, #3808 ) );
#2280 = AXIS2_PLACEMENT_3D( '', #3809, #3810, #3811 );
#2281 = SURFACE_SIDE_STYLE( '', ( #3812 ) );
#2282 = EDGE_LOOP( '', ( #3813, #3814, #3815, #3816 ) );
#2283 = AXIS2_PLACEMENT_3D( '', #3817, #3818, #3819 );
#2284 = SURFACE_SIDE_STYLE( '', ( #3820 ) );
#2285 = EDGE_LOOP( '', ( #3821, #3822, #3823, #3824 ) );
#2286 = AXIS2_PLACEMENT_3D( '', #3825, #3826, #3827 );
#2287 = SURFACE_SIDE_STYLE( '', ( #3828 ) );
#2288 = EDGE_LOOP( '', ( #3829, #3830, #3831, #3832 ) );
#2289 = AXIS2_PLACEMENT_3D( '', #3833, #3834, #3835 );
#2290 = SURFACE_SIDE_STYLE( '', ( #3836 ) );
#2291 = EDGE_LOOP( '', ( #3837, #3838, #3839, #3840 ) );
#2292 = AXIS2_PLACEMENT_3D( '', #3841, #3842, #3843 );
#2293 = SURFACE_SIDE_STYLE( '', ( #3844 ) );
#2294 = EDGE_LOOP( '', ( #3845, #3846, #3847, #3848 ) );
#2295 = AXIS2_PLACEMENT_3D( '', #3849, #3850, #3851 );
#2296 = SURFACE_SIDE_STYLE( '', ( #3852 ) );
#2297 = EDGE_LOOP( '', ( #3853, #3854, #3855, #3856 ) );
#2298 = AXIS2_PLACEMENT_3D( '', #3857, #3858, #3859 );
#2299 = SURFACE_SIDE_STYLE( '', ( #3860 ) );
#2300 = EDGE_LOOP( '', ( #3861, #3862, #3863, #3864, #3865, #3866, #3867, #3868, #3869, #3870, #3871, #3872 ) );
#2301 = AXIS2_PLACEMENT_3D( '', #3873, #3874, #3875 );
#2302 = SURFACE_SIDE_STYLE( '', ( #3876 ) );
#2303 = EDGE_LOOP( '', ( #3877, #3878, #3879, #3880 ) );
#2304 = AXIS2_PLACEMENT_3D( '', #3881, #3882, #3883 );
#2305 = SURFACE_SIDE_STYLE( '', ( #3884 ) );
#2306 = EDGE_LOOP( '', ( #3885, #3886, #3887, #3888, #3889, #3890, #3891, #3892, #3893, #3894 ) );
#2307 = AXIS2_PLACEMENT_3D( '', #3895, #3896, #3897 );
#2308 = SURFACE_SIDE_STYLE( '', ( #3898 ) );
#2309 = EDGE_LOOP( '', ( #3899, #3900, #3901, #3902 ) );
#2310 = AXIS2_PLACEMENT_3D( '', #3903, #3904, #3905 );
#2311 = SURFACE_SIDE_STYLE( '', ( #3906 ) );
#2312 = EDGE_LOOP( '', ( #3907, #3908, #3909, #3910 ) );
#2313 = AXIS2_PLACEMENT_3D( '', #3911, #3912, #3913 );
#2314 = SURFACE_SIDE_STYLE( '', ( #3914 ) );
#2315 = EDGE_LOOP( '', ( #3915, #3916, #3917, #3918 ) );
#2316 = AXIS2_PLACEMENT_3D( '', #3919, #3920, #3921 );
#2317 = SURFACE_SIDE_STYLE( '', ( #3922 ) );
#2318 = EDGE_LOOP( '', ( #3923, #3924, #3925, #3926 ) );
#2319 = AXIS2_PLACEMENT_3D( '', #3927, #3928, #3929 );
#2320 = SURFACE_SIDE_STYLE( '', ( #3930 ) );
#2321 = EDGE_LOOP( '', ( #3931, #3932, #3933, #3934 ) );
#2322 = AXIS2_PLACEMENT_3D( '', #3935, #3936, #3937 );
#2323 = SURFACE_SIDE_STYLE( '', ( #3938 ) );
#2324 = EDGE_LOOP( '', ( #3939, #3940, #3941, #3942 ) );
#2325 = AXIS2_PLACEMENT_3D( '', #3943, #3944, #3945 );
#2326 = SURFACE_SIDE_STYLE( '', ( #3946 ) );
#2327 = EDGE_LOOP( '', ( #3947, #3948, #3949, #3950, #3951, #3952, #3953, #3954, #3955, #3956 ) );
#2328 = AXIS2_PLACEMENT_3D( '', #3957, #3958, #3959 );
#2329 = SURFACE_SIDE_STYLE( '', ( #3960 ) );
#2330 = EDGE_LOOP( '', ( #3961, #3962, #3963, #3964, #3965, #3966, #3967, #3968, #3969, #3970, #3971, #3972 ) );
#2331 = AXIS2_PLACEMENT_3D( '', #3973, #3974, #3975 );
#2332 = SURFACE_SIDE_STYLE( '', ( #3976 ) );
#2333 = EDGE_LOOP( '', ( #3977, #3978, #3979, #3980 ) );
#2334 = AXIS2_PLACEMENT_3D( '', #3981, #3982, #3983 );
#2335 = SURFACE_SIDE_STYLE( '', ( #3984 ) );
#2336 = EDGE_LOOP( '', ( #3985, #3986, #3987, #3988 ) );
#2337 = AXIS2_PLACEMENT_3D( '', #3989, #3990, #3991 );
#2338 = SURFACE_SIDE_STYLE( '', ( #3992 ) );
#2339 = EDGE_LOOP( '', ( #3993, #3994, #3995, #3996 ) );
#2340 = AXIS2_PLACEMENT_3D( '', #3997, #3998, #3999 );
#2341 = SURFACE_SIDE_STYLE( '', ( #4000 ) );
#2342 = EDGE_LOOP( '', ( #4001, #4002, #4003, #4004 ) );
#2343 = AXIS2_PLACEMENT_3D( '', #4005, #4006, #4007 );
#2344 = SURFACE_SIDE_STYLE( '', ( #4008 ) );
#2345 = EDGE_LOOP( '', ( #4009, #4010, #4011, #4012 ) );
#2346 = AXIS2_PLACEMENT_3D( '', #4013, #4014, #4015 );
#2347 = SURFACE_SIDE_STYLE( '', ( #4016 ) );
#2348 = EDGE_LOOP( '', ( #4017, #4018, #4019, #4020, #4021, #4022, #4023, #4024, #4025, #4026, #4027, #4028, #4029, #4030, #4031, #4032, #4033, #4034, #4035, #4036, #4037, #4038, #4039, #4040, #4041, #4042, #4043, #4044, #4045, #4046, #4047, #4048, #4049, #4050, #4051, #4052 ) );
#2349 = AXIS2_PLACEMENT_3D( '', #4053, #4054, #4055 );
#2350 = SURFACE_SIDE_STYLE( '', ( #4056 ) );
#2351 = EDGE_LOOP( '', ( #4057, #4058, #4059, #4060, #4061, #4062, #4063, #4064, #4065, #4066 ) );
#2352 = AXIS2_PLACEMENT_3D( '', #4067, #4068, #4069 );
#2353 = SURFACE_SIDE_STYLE( '', ( #4070 ) );
#2354 = EDGE_LOOP( '', ( #4071, #4072, #4073, #4074 ) );
#2355 = AXIS2_PLACEMENT_3D( '', #4075, #4076, #4077 );
#2356 = SURFACE_SIDE_STYLE( '', ( #4078 ) );
#2357 = EDGE_LOOP( '', ( #4079, #4080, #4081, #4082 ) );
#2358 = AXIS2_PLACEMENT_3D( '', #4083, #4084, #4085 );
#2359 = SURFACE_SIDE_STYLE( '', ( #4086 ) );
#2360 = EDGE_LOOP( '', ( #4087, #4088, #4089, #4090 ) );
#2361 = AXIS2_PLACEMENT_3D( '', #4091, #4092, #4093 );
#2362 = SURFACE_SIDE_STYLE( '', ( #4094 ) );
#2363 = EDGE_LOOP( '', ( #4095, #4096, #4097, #4098 ) );
#2364 = AXIS2_PLACEMENT_3D( '', #4099, #4100, #4101 );
#2365 = SURFACE_SIDE_STYLE( '', ( #4102 ) );
#2366 = EDGE_LOOP( '', ( #4103, #4104, #4105, #4106 ) );
#2367 = AXIS2_PLACEMENT_3D( '', #4107, #4108, #4109 );
#2368 = SURFACE_SIDE_STYLE( '', ( #4110 ) );
#2369 = EDGE_LOOP( '', ( #4111, #4112, #4113, #4114 ) );
#2370 = AXIS2_PLACEMENT_3D( '', #4115, #4116, #4117 );
#2371 = SURFACE_SIDE_STYLE( '', ( #4118 ) );
#2372 = EDGE_LOOP( '', ( #4119, #4120, #4121, #4122 ) );
#2373 = AXIS2_PLACEMENT_3D( '', #4123, #4124, #4125 );
#2374 = SURFACE_SIDE_STYLE( '', ( #4126 ) );
#2375 = EDGE_LOOP( '', ( #4127, #4128, #4129, #4130, #4131, #4132 ) );
#2376 = AXIS2_PLACEMENT_3D( '', #4133, #4134, #4135 );
#2377 = SURFACE_SIDE_STYLE( '', ( #4136 ) );
#2378 = EDGE_LOOP( '', ( #4137, #4138, #4139, #4140 ) );
#2379 = AXIS2_PLACEMENT_3D( '', #4141, #4142, #4143 );
#2380 = SURFACE_SIDE_STYLE( '', ( #4144 ) );
#2381 = EDGE_LOOP( '', ( #4145, #4146, #4147, #4148 ) );
#2382 = AXIS2_PLACEMENT_3D( '', #4149, #4150, #4151 );
#2383 = SURFACE_SIDE_STYLE( '', ( #4152 ) );
#2384 = EDGE_LOOP( '', ( #4153, #4154, #4155, #4156 ) );
#2385 = AXIS2_PLACEMENT_3D( '', #4157, #4158, #4159 );
#2386 = SURFACE_SIDE_STYLE( '', ( #4160 ) );
#2387 = EDGE_LOOP( '', ( #4161, #4162, #4163, #4164 ) );
#2388 = AXIS2_PLACEMENT_3D( '', #4165, #4166, #4167 );
#2389 = SURFACE_SIDE_STYLE( '', ( #4168 ) );
#2390 = EDGE_LOOP( '', ( #4169, #4170, #4171, #4172 ) );
#2391 = AXIS2_PLACEMENT_3D( '', #4173, #4174, #4175 );
#2392 = SURFACE_SIDE_STYLE( '', ( #4176 ) );
#2393 = EDGE_LOOP( '', ( #4177, #4178, #4179, #4180, #4181, #4182, #4183, #4184, #4185, #4186 ) );
#2394 = AXIS2_PLACEMENT_3D( '', #4187, #4188, #4189 );
#2395 = SURFACE_SIDE_STYLE( '', ( #4190 ) );
#2396 = EDGE_LOOP( '', ( #4191, #4192, #4193, #4194 ) );
#2397 = AXIS2_PLACEMENT_3D( '', #4195, #4196, #4197 );
#2398 = SURFACE_SIDE_STYLE( '', ( #4198 ) );
#2399 = EDGE_LOOP( '', ( #4199, #4200, #4201, #4202, #4203, #4204, #4205, #4206, #4207, #4208 ) );
#2400 = AXIS2_PLACEMENT_3D( '', #4209, #4210, #4211 );
#2401 = SURFACE_SIDE_STYLE( '', ( #4212 ) );
#2402 = EDGE_LOOP( '', ( #4213, #4214, #4215, #4216 ) );
#2403 = AXIS2_PLACEMENT_3D( '', #4217, #4218, #4219 );
#2404 = SURFACE_SIDE_STYLE( '', ( #4220 ) );
#2405 = EDGE_LOOP( '', ( #4221, #4222, #4223, #4224, #4225, #4226 ) );
#2406 = AXIS2_PLACEMENT_3D( '', #4227, #4228, #4229 );
#2407 = SURFACE_SIDE_STYLE( '', ( #4230 ) );
#2408 = EDGE_LOOP( '', ( #4231, #4232, #4233, #4234 ) );
#2409 = AXIS2_PLACEMENT_3D( '', #4235, #4236, #4237 );
#2410 = SURFACE_SIDE_STYLE( '', ( #4238 ) );
#2411 = EDGE_LOOP( '', ( #4239, #4240, #4241, #4242 ) );
#2412 = AXIS2_PLACEMENT_3D( '', #4243, #4244, #4245 );
#2413 = SURFACE_SIDE_STYLE( '', ( #4246 ) );
#2414 = EDGE_LOOP( '', ( #4247, #4248, #4249, #4250 ) );
#2415 = AXIS2_PLACEMENT_3D( '', #4251, #4252, #4253 );
#2416 = SURFACE_SIDE_STYLE( '', ( #4254 ) );
#2417 = EDGE_LOOP( '', ( #4255, #4256, #4257, #4258 ) );
#2418 = AXIS2_PLACEMENT_3D( '', #4259, #4260, #4261 );
#2419 = SURFACE_SIDE_STYLE( '', ( #4262 ) );
#2420 = EDGE_LOOP( '', ( #4263, #4264, #4265, #4266 ) );
#2421 = AXIS2_PLACEMENT_3D( '', #4267, #4268, #4269 );
#2422 = SURFACE_SIDE_STYLE( '', ( #4270 ) );
#2423 = EDGE_LOOP( '', ( #4271, #4272, #4273, #4274 ) );
#2424 = AXIS2_PLACEMENT_3D( '', #4275, #4276, #4277 );
#2425 = SURFACE_SIDE_STYLE( '', ( #4278 ) );
#2426 = EDGE_LOOP( '', ( #4279, #4280, #4281, #4282 ) );
#2427 = AXIS2_PLACEMENT_3D( '', #4283, #4284, #4285 );
#2428 = SURFACE_SIDE_STYLE( '', ( #4286 ) );
#2429 = EDGE_LOOP( '', ( #4287, #4288, #4289, #4290, #4291, #4292, #4293, #4294, #4295, #4296, #4297, #4298 ) );
#2430 = AXIS2_PLACEMENT_3D( '', #4299, #4300, #4301 );
#2431 = SURFACE_SIDE_STYLE( '', ( #4302 ) );
#2432 = EDGE_LOOP( '', ( #4303, #4304, #4305, #4306 ) );
#2433 = AXIS2_PLACEMENT_3D( '', #4307, #4308, #4309 );
#2434 = SURFACE_SIDE_STYLE( '', ( #4310 ) );
#2435 = EDGE_LOOP( '', ( #4311, #4312, #4313, #4314 ) );
#2436 = AXIS2_PLACEMENT_3D( '', #4315, #4316, #4317 );
#2437 = SURFACE_SIDE_STYLE( '', ( #4318 ) );
#2438 = EDGE_LOOP( '', ( #4319, #4320, #4321, #4322, #4323, #4324, #4325, #4326, #4327, #4328 ) );
#2439 = AXIS2_PLACEMENT_3D( '', #4329, #4330, #4331 );
#2440 = SURFACE_SIDE_STYLE( '', ( #4332 ) );
#2441 = EDGE_LOOP( '', ( #4333, #4334, #4335, #4336 ) );
#2442 = AXIS2_PLACEMENT_3D( '', #4337, #4338, #4339 );
#2443 = SURFACE_SIDE_STYLE( '', ( #4340 ) );
#2444 = EDGE_LOOP( '', ( #4341, #4342, #4343, #4344 ) );
#2445 = AXIS2_PLACEMENT_3D( '', #4345, #4346, #4347 );
#2446 = SURFACE_SIDE_STYLE( '', ( #4348 ) );
#2447 = EDGE_LOOP( '', ( #4349, #4350, #4351, #4352 ) );
#2448 = AXIS2_PLACEMENT_3D( '', #4353, #4354, #4355 );
#2449 = SURFACE_SIDE_STYLE( '', ( #4356 ) );
#2450 = EDGE_LOOP( '', ( #4357, #4358, #4359, #4360, #4361, #4362, #4363, #4364, #4365, #4366 ) );
#2451 = AXIS2_PLACEMENT_3D( '', #4367, #4368, #4369 );
#2452 = SURFACE_SIDE_STYLE( '', ( #4370 ) );
#2453 = EDGE_LOOP( '', ( #4371, #4372, #4373, #4374 ) );
#2454 = AXIS2_PLACEMENT_3D( '', #4375, #4376, #4377 );
#2455 = SURFACE_SIDE_STYLE( '', ( #4378 ) );
#2456 = EDGE_LOOP( '', ( #4379, #4380, #4381, #4382, #4383, #4384, #4385, #4386, #4387, #4388, #4389, #4390, #4391, #4392, #4393, #4394, #4395, #4396, #4397, #4398, #4399, #4400, #4401, #4402, #4403, #4404, #4405, #4406, #4407, #4408, #4409, #4410, #4411, #4412, #4413, #4414 ) );
#2457 = AXIS2_PLACEMENT_3D( '', #4415, #4416, #4417 );
#2458 = SURFACE_SIDE_STYLE( '', ( #4418 ) );
#2459 = EDGE_LOOP( '', ( #4419, #4420, #4421, #4422 ) );
#2460 = AXIS2_PLACEMENT_3D( '', #4423, #4424, #4425 );
#2461 = SURFACE_SIDE_STYLE( '', ( #4426 ) );
#2462 = EDGE_LOOP( '', ( #4427, #4428, #4429, #4430 ) );
#2463 = AXIS2_PLACEMENT_3D( '', #4431, #4432, #4433 );
#2464 = SURFACE_SIDE_STYLE( '', ( #4434 ) );
#2465 = EDGE_LOOP( '', ( #4435, #4436, #4437, #4438, #4439, #4440, #4441, #4442, #4443, #4444, #4445, #4446 ) );
#2466 = AXIS2_PLACEMENT_3D( '', #4447, #4448, #4449 );
#2467 = SURFACE_SIDE_STYLE( '', ( #4450 ) );
#2468 = EDGE_LOOP( '', ( #4451, #4452, #4453, #4454 ) );
#2469 = AXIS2_PLACEMENT_3D( '', #4455, #4456, #4457 );
#2470 = SURFACE_SIDE_STYLE( '', ( #4458 ) );
#2471 = EDGE_LOOP( '', ( #4459, #4460, #4461, #4462 ) );
#2472 = AXIS2_PLACEMENT_3D( '', #4463, #4464, #4465 );
#2473 = SURFACE_SIDE_STYLE( '', ( #4466 ) );
#2474 = EDGE_LOOP( '', ( #4467, #4468, #4469, #4470, #4471, #4472, #4473, #4474, #4475, #4476, #4477, #4478, #4479, #4480, #4481, #4482, #4483, #4484, #4485, #4486, #4487, #4488, #4489, #4490, #4491, #4492, #4493, #4494 ) );
#2475 = AXIS2_PLACEMENT_3D( '', #4495, #4496, #4497 );
#2476 = SURFACE_SIDE_STYLE( '', ( #4498 ) );
#2477 = EDGE_LOOP( '', ( #4499, #4500, #4501, #4502 ) );
#2478 = AXIS2_PLACEMENT_3D( '', #4503, #4504, #4505 );
#2479 = SURFACE_SIDE_STYLE( '', ( #4506 ) );
#2480 = EDGE_LOOP( '', ( #4507, #4508, #4509, #4510, #4511, #4512, #4513, #4514, #4515, #4516 ) );
#2481 = AXIS2_PLACEMENT_3D( '', #4517, #4518, #4519 );
#2482 = SURFACE_SIDE_STYLE( '', ( #4520 ) );
#2483 = EDGE_LOOP( '', ( #4521, #4522, #4523, #4524, #4525, #4526, #4527, #4528 ) );
#2484 = AXIS2_PLACEMENT_3D( '', #4529, #4530, #4531 );
#2485 = SURFACE_SIDE_STYLE( '', ( #4532 ) );
#2486 = EDGE_LOOP( '', ( #4533, #4534, #4535, #4536 ) );
#2487 = AXIS2_PLACEMENT_3D( '', #4537, #4538, #4539 );
#2488 = SURFACE_SIDE_STYLE( '', ( #4540 ) );
#2489 = EDGE_LOOP( '', ( #4541, #4542, #4543, #4544 ) );
#2490 = AXIS2_PLACEMENT_3D( '', #4545, #4546, #4547 );
#2491 = SURFACE_SIDE_STYLE( '', ( #4548 ) );
#2492 = EDGE_LOOP( '', ( #4549, #4550, #4551, #4552 ) );
#2493 = AXIS2_PLACEMENT_3D( '', #4553, #4554, #4555 );
#2494 = SURFACE_SIDE_STYLE( '', ( #4556 ) );
#2495 = EDGE_LOOP( '', ( #4557, #4558, #4559, #4560 ) );
#2496 = AXIS2_PLACEMENT_3D( '', #4561, #4562, #4563 );
#2497 = SURFACE_SIDE_STYLE( '', ( #4564 ) );
#2498 = EDGE_LOOP( '', ( #4565, #4566, #4567, #4568 ) );
#2499 = AXIS2_PLACEMENT_3D( '', #4569, #4570, #4571 );
#2500 = SURFACE_SIDE_STYLE( '', ( #4572 ) );
#2501 = EDGE_LOOP( '', ( #4573, #4574, #4575, #4576, #4577, #4578, #4579, #4580, #4581, #4582 ) );
#2502 = AXIS2_PLACEMENT_3D( '', #4583, #4584, #4585 );
#2503 = SURFACE_SIDE_STYLE( '', ( #4586 ) );
#2504 = EDGE_LOOP( '', ( #4587, #4588, #4589, #4590 ) );
#2505 = AXIS2_PLACEMENT_3D( '', #4591, #4592, #4593 );
#2506 = SURFACE_SIDE_STYLE( '', ( #4594 ) );
#2507 = EDGE_LOOP( '', ( #4595, #4596, #4597, #4598 ) );
#2508 = AXIS2_PLACEMENT_3D( '', #4599, #4600, #4601 );
#2509 = SURFACE_SIDE_STYLE( '', ( #4602 ) );
#2510 = EDGE_LOOP( '', ( #4603, #4604, #4605, #4606 ) );
#2511 = AXIS2_PLACEMENT_3D( '', #4607, #4608, #4609 );
#2512 = SURFACE_SIDE_STYLE( '', ( #4610 ) );
#2513 = EDGE_LOOP( '', ( #4611, #4612, #4613, #4614 ) );
#2514 = AXIS2_PLACEMENT_3D( '', #4615, #4616, #4617 );
#2515 = SURFACE_SIDE_STYLE( '', ( #4618 ) );
#2516 = EDGE_LOOP( '', ( #4619, #4620, #4621, #4622, #4623, #4624, #4625, #4626, #4627, #4628 ) );
#2517 = AXIS2_PLACEMENT_3D( '', #4629, #4630, #4631 );
#2518 = SURFACE_SIDE_STYLE( '', ( #4632 ) );
#2519 = EDGE_LOOP( '', ( #4633, #4634, #4635, #4636 ) );
#2520 = AXIS2_PLACEMENT_3D( '', #4637, #4638, #4639 );
#2521 = SURFACE_SIDE_STYLE( '', ( #4640 ) );
#2522 = EDGE_LOOP( '', ( #4641, #4642, #4643, #4644 ) );
#2523 = AXIS2_PLACEMENT_3D( '', #4645, #4646, #4647 );
#2524 = SURFACE_SIDE_STYLE( '', ( #4648 ) );
#2525 = EDGE_LOOP( '', ( #4649, #4650, #4651, #4652 ) );
#2526 = AXIS2_PLACEMENT_3D( '', #4653, #4654, #4655 );
#2527 = SURFACE_SIDE_STYLE( '', ( #4656 ) );
#2528 = EDGE_LOOP( '', ( #4657, #4658, #4659, #4660 ) );
#2529 = AXIS2_PLACEMENT_3D( '', #4661, #4662, #4663 );
#2530 = SURFACE_SIDE_STYLE( '', ( #4664 ) );
#2531 = EDGE_LOOP( '', ( #4665, #4666, #4667, #4668 ) );
#2532 = AXIS2_PLACEMENT_3D( '', #4669, #4670, #4671 );
#2533 = SURFACE_SIDE_STYLE( '', ( #4672 ) );
#2534 = EDGE_LOOP( '', ( #4673, #4674, #4675, #4676 ) );
#2535 = AXIS2_PLACEMENT_3D( '', #4677, #4678, #4679 );
#2536 = SURFACE_SIDE_STYLE( '', ( #4680 ) );
#2537 = EDGE_LOOP( '', ( #4681, #4682, #4683, #4684 ) );
#2538 = AXIS2_PLACEMENT_3D( '', #4685, #4686, #4687 );
#2539 = SURFACE_SIDE_STYLE( '', ( #4688 ) );
#2540 = EDGE_LOOP( '', ( #4689, #4690, #4691, #4692 ) );
#2541 = AXIS2_PLACEMENT_3D( '', #4693, #4694, #4695 );
#2542 = SURFACE_SIDE_STYLE( '', ( #4696 ) );
#2543 = EDGE_LOOP( '', ( #4697, #4698, #4699, #4700, #4701, #4702, #4703, #4704, #4705, #4706 ) );
#2544 = AXIS2_PLACEMENT_3D( '', #4707, #4708, #4709 );
#2545 = SURFACE_SIDE_STYLE( '', ( #4710 ) );
#2546 = EDGE_LOOP( '', ( #4711, #4712, #4713, #4714 ) );
#2547 = AXIS2_PLACEMENT_3D( '', #4715, #4716, #4717 );
#2548 = SURFACE_SIDE_STYLE( '', ( #4718 ) );
#2549 = EDGE_LOOP( '', ( #4719, #4720, #4721, #4722 ) );
#2550 = AXIS2_PLACEMENT_3D( '', #4723, #4724, #4725 );
#2551 = SURFACE_SIDE_STYLE( '', ( #4726 ) );
#2552 = EDGE_LOOP( '', ( #4727, #4728, #4729, #4730 ) );
#2553 = AXIS2_PLACEMENT_3D( '', #4731, #4732, #4733 );
#2554 = SURFACE_SIDE_STYLE( '', ( #4734 ) );
#2555 = EDGE_LOOP( '', ( #4735, #4736, #4737, #4738 ) );
#2556 = AXIS2_PLACEMENT_3D( '', #4739, #4740, #4741 );
#2557 = SURFACE_SIDE_STYLE( '', ( #4742 ) );
#2558 = EDGE_LOOP( '', ( #4743, #4744, #4745, #4746 ) );
#2559 = AXIS2_PLACEMENT_3D( '', #4747, #4748, #4749 );
#2560 = SURFACE_SIDE_STYLE( '', ( #4750 ) );
#2561 = EDGE_LOOP( '', ( #4751, #4752, #4753, #4754, #4755, #4756, #4757, #4758 ) );
#2562 = AXIS2_PLACEMENT_3D( '', #4759, #4760, #4761 );
#2563 = SURFACE_SIDE_STYLE( '', ( #4762 ) );
#2564 = EDGE_LOOP( '', ( #4763, #4764, #4765, #4766 ) );
#2565 = AXIS2_PLACEMENT_3D( '', #4767, #4768, #4769 );
#2566 = SURFACE_SIDE_STYLE( '', ( #4770 ) );
#2567 = EDGE_LOOP( '', ( #4771, #4772, #4773, #4774 ) );
#2568 = AXIS2_PLACEMENT_3D( '', #4775, #4776, #4777 );
#2569 = SURFACE_SIDE_STYLE( '', ( #4778 ) );
#2570 = EDGE_LOOP( '', ( #4779, #4780, #4781, #4782 ) );
#2571 = AXIS2_PLACEMENT_3D( '', #4783, #4784, #4785 );
#2572 = SURFACE_SIDE_STYLE( '', ( #4786 ) );
#2573 = EDGE_LOOP( '', ( #4787, #4788, #4789, #4790 ) );
#2574 = AXIS2_PLACEMENT_3D( '', #4791, #4792, #4793 );
#2575 = SURFACE_SIDE_STYLE( '', ( #4794 ) );
#2576 = EDGE_LOOP( '', ( #4795, #4796, #4797, #4798, #4799, #4800, #4801, #4802, #4803, #4804, #4805, #4806 ) );
#2577 = AXIS2_PLACEMENT_3D( '', #4807, #4808, #4809 );
#2578 = SURFACE_SIDE_STYLE( '', ( #4810 ) );
#2579 = EDGE_LOOP( '', ( #4811, #4812, #4813, #4814 ) );
#2580 = AXIS2_PLACEMENT_3D( '', #4815, #4816, #4817 );
#2581 = SURFACE_SIDE_STYLE( '', ( #4818 ) );
#2582 = EDGE_LOOP( '', ( #4819, #4820, #4821, #4822 ) );
#2583 = AXIS2_PLACEMENT_3D( '', #4823, #4824, #4825 );
#2584 = SURFACE_SIDE_STYLE( '', ( #4826 ) );
#2585 = EDGE_LOOP( '', ( #4827, #4828, #4829, #4830 ) );
#2586 = AXIS2_PLACEMENT_3D( '', #4831, #4832, #4833 );
#2587 = SURFACE_SIDE_STYLE( '', ( #4834 ) );
#2588 = EDGE_LOOP( '', ( #4835, #4836, #4837, #4838 ) );
#2589 = AXIS2_PLACEMENT_3D( '', #4839, #4840, #4841 );
#2590 = SURFACE_SIDE_STYLE( '', ( #4842 ) );
#2591 = EDGE_LOOP( '', ( #4843, #4844, #4845, #4846, #4847, #4848, #4849, #4850, #4851, #4852, #4853, #4854, #4855, #4856, #4857, #4858, #4859, #4860, #4861, #4862, #4863, #4864, #4865, #4866, #4867, #4868, #4869, #4870, #4871, #4872, #4873, #4874, #4875, #4876, #4877, #4878, #4879, #4880, #4881, #4882, #4883, #4884, #4885, #4886, #4887, #4888, #4889, #4890, #4891, #4892, #4893, #4894, #4895, #4896, #4897, #4898 ) );
#2592 = AXIS2_PLACEMENT_3D( '', #4899, #4900, #4901 );
#2593 = SURFACE_SIDE_STYLE( '', ( #4902 ) );
#2594 = EDGE_LOOP( '', ( #4903, #4904, #4905, #4906 ) );
#2595 = AXIS2_PLACEMENT_3D( '', #4907, #4908, #4909 );
#2596 = SURFACE_SIDE_STYLE( '', ( #4910 ) );
#2597 = EDGE_LOOP( '', ( #4911, #4912, #4913, #4914 ) );
#2598 = AXIS2_PLACEMENT_3D( '', #4915, #4916, #4917 );
#2599 = SURFACE_SIDE_STYLE( '', ( #4918 ) );
#2600 = EDGE_LOOP( '', ( #4919, #4920, #4921, #4922 ) );
#2601 = AXIS2_PLACEMENT_3D( '', #4923, #4924, #4925 );
#2602 = SURFACE_SIDE_STYLE( '', ( #4926 ) );
#2603 = EDGE_LOOP( '', ( #4927, #4928, #4929, #4930 ) );
#2604 = AXIS2_PLACEMENT_3D( '', #4931, #4932, #4933 );
#2605 = SURFACE_SIDE_STYLE( '', ( #4934 ) );
#2606 = EDGE_LOOP( '', ( #4935, #4936, #4937, #4938, #4939, #4940, #4941, #4942, #4943, #4944 ) );
#2607 = AXIS2_PLACEMENT_3D( '', #4945, #4946, #4947 );
#2608 = SURFACE_SIDE_STYLE( '', ( #4948 ) );
#2609 = EDGE_LOOP( '', ( #4949, #4950, #4951, #4952, #4953, #4954, #4955, #4956, #4957, #4958, #4959, #4960 ) );
#2610 = AXIS2_PLACEMENT_3D( '', #4961, #4962, #4963 );
#2611 = SURFACE_SIDE_STYLE( '', ( #4964 ) );
#2612 = EDGE_LOOP( '', ( #4965, #4966, #4967, #4968, #4969, #4970, #4971, #4972, #4973, #4974 ) );
#2613 = AXIS2_PLACEMENT_3D( '', #4975, #4976, #4977 );
#2614 = SURFACE_SIDE_STYLE( '', ( #4978 ) );
#2615 = EDGE_LOOP( '', ( #4979, #4980, #4981, #4982 ) );
#2616 = AXIS2_PLACEMENT_3D( '', #4983, #4984, #4985 );
#2617 = SURFACE_SIDE_STYLE( '', ( #4986 ) );
#2618 = EDGE_LOOP( '', ( #4987, #4988, #4989, #4990 ) );
#2619 = AXIS2_PLACEMENT_3D( '', #4991, #4992, #4993 );
#2620 = SURFACE_SIDE_STYLE( '', ( #4994 ) );
#2621 = EDGE_LOOP( '', ( #4995, #4996, #4997, #4998, #4999, #5000, #5001, #5002, #5003, #5004 ) );
#2622 = AXIS2_PLACEMENT_3D( '', #5005, #5006, #5007 );
#2623 = SURFACE_SIDE_STYLE( '', ( #5008 ) );
#2624 = EDGE_LOOP( '', ( #5009, #5010, #5011, #5012 ) );
#2625 = AXIS2_PLACEMENT_3D( '', #5013, #5014, #5015 );
#2626 = SURFACE_SIDE_STYLE( '', ( #5016 ) );
#2627 = EDGE_LOOP( '', ( #5017, #5018, #5019, #5020 ) );
#2628 = AXIS2_PLACEMENT_3D( '', #5021, #5022, #5023 );
#2629 = SURFACE_SIDE_STYLE( '', ( #5024 ) );
#2630 = EDGE_LOOP( '', ( #5025, #5026, #5027, #5028 ) );
#2631 = AXIS2_PLACEMENT_3D( '', #5029, #5030, #5031 );
#2632 = SURFACE_SIDE_STYLE( '', ( #5032 ) );
#2633 = EDGE_LOOP( '', ( #5033, #5034, #5035, #5036 ) );
#2634 = AXIS2_PLACEMENT_3D( '', #5037, #5038, #5039 );
#2635 = SURFACE_SIDE_STYLE( '', ( #5040 ) );
#2636 = EDGE_LOOP( '', ( #5041, #5042, #5043, #5044 ) );
#2637 = AXIS2_PLACEMENT_3D( '', #5045, #5046, #5047 );
#2638 = SURFACE_SIDE_STYLE( '', ( #5048 ) );
#2639 = EDGE_LOOP( '', ( #5049, #5050, #5051, #5052 ) );
#2640 = AXIS2_PLACEMENT_3D( '', #5053, #5054, #5055 );
#2641 = SURFACE_SIDE_STYLE( '', ( #5056 ) );
#2642 = EDGE_LOOP( '', ( #5057, #5058, #5059, #5060 ) );
#2643 = AXIS2_PLACEMENT_3D( '', #5061, #5062, #5063 );
#2644 = SURFACE_SIDE_STYLE( '', ( #5064 ) );
#2645 = EDGE_LOOP( '', ( #5065, #5066, #5067, #5068 ) );
#2646 = AXIS2_PLACEMENT_3D( '', #5069, #5070, #5071 );
#2647 = SURFACE_SIDE_STYLE( '', ( #5072 ) );
#2648 = EDGE_LOOP( '', ( #5073, #5074, #5075, #5076 ) );
#2649 = AXIS2_PLACEMENT_3D( '', #5077, #5078, #5079 );
#2650 = SURFACE_SIDE_STYLE( '', ( #5080 ) );
#2651 = EDGE_LOOP( '', ( #5081, #5082, #5083, #5084 ) );
#2652 = AXIS2_PLACEMENT_3D( '', #5085, #5086, #5087 );
#2653 = SURFACE_SIDE_STYLE( '', ( #5088 ) );
#2654 = EDGE_LOOP( '', ( #5089, #5090, #5091, #5092 ) );
#2655 = AXIS2_PLACEMENT_3D( '', #5093, #5094, #5095 );
#2656 = SURFACE_SIDE_STYLE( '', ( #5096 ) );
#2657 = EDGE_LOOP( '', ( #5097, #5098, #5099, #5100 ) );
#2658 = AXIS2_PLACEMENT_3D( '', #5101, #5102, #5103 );
#2659 = SURFACE_SIDE_STYLE( '', ( #5104 ) );
#2660 = EDGE_LOOP( '', ( #5105, #5106, #5107, #5108 ) );
#2661 = AXIS2_PLACEMENT_3D( '', #5109, #5110, #5111 );
#2662 = SURFACE_SIDE_STYLE( '', ( #5112 ) );
#2663 = EDGE_LOOP( '', ( #5113, #5114, #5115, #5116, #5117, #5118, #5119, #5120, #5121, #5122 ) );
#2664 = AXIS2_PLACEMENT_3D( '', #5123, #5124, #5125 );
#2665 = SURFACE_SIDE_STYLE( '', ( #5126 ) );
#2666 = EDGE_LOOP( '', ( #5127, #5128, #5129, #5130 ) );
#2667 = AXIS2_PLACEMENT_3D( '', #5131, #5132, #5133 );
#2668 = SURFACE_SIDE_STYLE( '', ( #5134 ) );
#2669 = EDGE_LOOP( '', ( #5135, #5136, #5137, #5138 ) );
#2670 = AXIS2_PLACEMENT_3D( '', #5139, #5140, #5141 );
#2671 = SURFACE_SIDE_STYLE( '', ( #5142 ) );
#2672 = EDGE_LOOP( '', ( #5143, #5144, #5145, #5146 ) );
#2673 = AXIS2_PLACEMENT_3D( '', #5147, #5148, #5149 );
#2674 = SURFACE_SIDE_STYLE( '', ( #5150 ) );
#2675 = EDGE_LOOP( '', ( #5151, #5152, #5153, #5154 ) );
#2676 = AXIS2_PLACEMENT_3D( '', #5155, #5156, #5157 );
#2677 = SURFACE_SIDE_STYLE( '', ( #5158 ) );
#2678 = EDGE_LOOP( '', ( #5159, #5160, #5161, #5162 ) );
#2679 = AXIS2_PLACEMENT_3D( '', #5163, #5164, #5165 );
#2680 = SURFACE_SIDE_STYLE( '', ( #5166 ) );
#2681 = EDGE_LOOP( '', ( #5167, #5168, #5169, #5170 ) );
#2682 = AXIS2_PLACEMENT_3D( '', #5171, #5172, #5173 );
#2683 = SURFACE_SIDE_STYLE( '', ( #5174 ) );
#2684 = EDGE_LOOP( '', ( #5175, #5176, #5177, #5178 ) );
#2685 = AXIS2_PLACEMENT_3D( '', #5179, #5180, #5181 );
#2686 = SURFACE_SIDE_STYLE( '', ( #5182 ) );
#2687 = EDGE_LOOP( '', ( #5183, #5184, #5185, #5186, #5187, #5188, #5189, #5190, #5191, #5192, #5193, #5194 ) );
#2688 = AXIS2_PLACEMENT_3D( '', #5195, #5196, #5197 );
#2689 = SURFACE_SIDE_STYLE( '', ( #5198 ) );
#2690 = EDGE_LOOP( '', ( #5199, #5200, #5201, #5202 ) );
#2691 = AXIS2_PLACEMENT_3D( '', #5203, #5204, #5205 );
#2692 = SURFACE_SIDE_STYLE( '', ( #5206 ) );
#2693 = EDGE_LOOP( '', ( #5207, #5208, #5209, #5210 ) );
#2694 = AXIS2_PLACEMENT_3D( '', #5211, #5212, #5213 );
#2695 = SURFACE_SIDE_STYLE( '', ( #5214 ) );
#2696 = EDGE_LOOP( '', ( #5215, #5216, #5217, #5218 ) );
#2697 = AXIS2_PLACEMENT_3D( '', #5219, #5220, #5221 );
#2698 = SURFACE_SIDE_STYLE( '', ( #5222 ) );
#2699 = EDGE_LOOP( '', ( #5223, #5224, #5225, #5226 ) );
#2700 = AXIS2_PLACEMENT_3D( '', #5227, #5228, #5229 );
#2701 = SURFACE_SIDE_STYLE( '', ( #5230 ) );
#2702 = EDGE_LOOP( '', ( #5231, #5232, #5233, #5234 ) );
#2703 = AXIS2_PLACEMENT_3D( '', #5235, #5236, #5237 );
#2704 = SURFACE_SIDE_STYLE( '', ( #5238 ) );
#2705 = EDGE_LOOP( '', ( #5239, #5240, #5241, #5242 ) );
#2706 = AXIS2_PLACEMENT_3D( '', #5243, #5244, #5245 );
#2707 = SURFACE_SIDE_STYLE( '', ( #5246 ) );
#2708 = EDGE_LOOP( '', ( #5247, #5248, #5249, #5250 ) );
#2709 = AXIS2_PLACEMENT_3D( '', #5251, #5252, #5253 );
#2710 = SURFACE_SIDE_STYLE( '', ( #5254 ) );
#2711 = EDGE_LOOP( '', ( #5255, #5256, #5257, #5258 ) );
#2712 = AXIS2_PLACEMENT_3D( '', #5259, #5260, #5261 );
#2713 = SURFACE_SIDE_STYLE( '', ( #5262 ) );
#2714 = EDGE_LOOP( '', ( #5263, #5264, #5265, #5266 ) );
#2715 = AXIS2_PLACEMENT_3D( '', #5267, #5268, #5269 );
#2716 = SURFACE_SIDE_STYLE( '', ( #5270 ) );
#2717 = EDGE_LOOP( '', ( #5271, #5272, #5273, #5274 ) );
#2718 = AXIS2_PLACEMENT_3D( '', #5275, #5276, #5277 );
#2719 = SURFACE_SIDE_STYLE( '', ( #5278 ) );
#2720 = EDGE_LOOP( '', ( #5279, #5280, #5281, #5282 ) );
#2721 = AXIS2_PLACEMENT_3D( '', #5283, #5284, #5285 );
#2722 = SURFACE_SIDE_STYLE( '', ( #5286 ) );
#2723 = EDGE_LOOP( '', ( #5287, #5288, #5289, #5290, #5291, #5292 ) );
#2724 = AXIS2_PLACEMENT_3D( '', #5293, #5294, #5295 );
#2725 = SURFACE_SIDE_STYLE( '', ( #5296 ) );
#2726 = EDGE_LOOP( '', ( #5297, #5298, #5299, #5300 ) );
#2727 = AXIS2_PLACEMENT_3D( '', #5301, #5302, #5303 );
#2728 = SURFACE_SIDE_STYLE( '', ( #5304 ) );
#2729 = EDGE_LOOP( '', ( #5305, #5306, #5307, #5308 ) );
#2730 = AXIS2_PLACEMENT_3D( '', #5309, #5310, #5311 );
#2731 = SURFACE_SIDE_STYLE( '', ( #5312 ) );
#2732 = EDGE_LOOP( '', ( #5313, #5314, #5315, #5316 ) );
#2733 = AXIS2_PLACEMENT_3D( '', #5317, #5318, #5319 );
#2734 = SURFACE_SIDE_STYLE( '', ( #5320 ) );
#2735 = EDGE_LOOP( '', ( #5321, #5322, #5323, #5324 ) );
#2736 = AXIS2_PLACEMENT_3D( '', #5325, #5326, #5327 );
#2737 = SURFACE_SIDE_STYLE( '', ( #5328 ) );
#2738 = EDGE_LOOP( '', ( #5329, #5330, #5331, #5332 ) );
#2739 = AXIS2_PLACEMENT_3D( '', #5333, #5334, #5335 );
#2740 = SURFACE_SIDE_STYLE( '', ( #5336 ) );
#2741 = EDGE_LOOP( '', ( #5337, #5338, #5339, #5340 ) );
#2742 = AXIS2_PLACEMENT_3D( '', #5341, #5342, #5343 );
#2743 = SURFACE_SIDE_STYLE( '', ( #5344 ) );
#2744 = EDGE_LOOP( '', ( #5345, #5346, #5347, #5348, #5349, #5350, #5351, #5352 ) );
#2745 = AXIS2_PLACEMENT_3D( '', #5353, #5354, #5355 );
#2746 = SURFACE_SIDE_STYLE( '', ( #5356 ) );
#2747 = EDGE_LOOP( '', ( #5357, #5358, #5359, #5360 ) );
#2748 = AXIS2_PLACEMENT_3D( '', #5361, #5362, #5363 );
#2749 = SURFACE_SIDE_STYLE( '', ( #5364 ) );
#2750 = EDGE_LOOP( '', ( #5365, #5366, #5367, #5368 ) );
#2751 = AXIS2_PLACEMENT_3D( '', #5369, #5370, #5371 );
#2752 = SURFACE_SIDE_STYLE( '', ( #5372 ) );
#2753 = EDGE_LOOP( '', ( #5373, #5374, #5375, #5376 ) );
#2754 = AXIS2_PLACEMENT_3D( '', #5377, #5378, #5379 );
#2755 = SURFACE_SIDE_STYLE( '', ( #5380 ) );
#2756 = EDGE_LOOP( '', ( #5381, #5382, #5383, #5384 ) );
#2757 = AXIS2_PLACEMENT_3D( '', #5385, #5386, #5387 );
#2758 = SURFACE_SIDE_STYLE( '', ( #5388 ) );
#2759 = EDGE_LOOP( '', ( #5389, #5390, #5391, #5392, #5393, #5394, #5395, #5396, #5397, #5398 ) );
#2760 = AXIS2_PLACEMENT_3D( '', #5399, #5400, #5401 );
#2761 = SURFACE_SIDE_STYLE( '', ( #5402 ) );
#2762 = EDGE_LOOP( '', ( #5403, #5404, #5405, #5406 ) );
#2763 = AXIS2_PLACEMENT_3D( '', #5407, #5408, #5409 );
#2764 = SURFACE_SIDE_STYLE( '', ( #5410 ) );
#2765 = EDGE_LOOP( '', ( #5411, #5412, #5413, #5414 ) );
#2766 = AXIS2_PLACEMENT_3D( '', #5415, #5416, #5417 );
#2767 = SURFACE_SIDE_STYLE( '', ( #5418 ) );
#2768 = EDGE_LOOP( '', ( #5419, #5420, #5421, #5422 ) );
#2769 = AXIS2_PLACEMENT_3D( '', #5423, #5424, #5425 );
#2770 = SURFACE_SIDE_STYLE( '', ( #5426 ) );
#2771 = EDGE_LOOP( '', ( #5427, #5428, #5429, #5430 ) );
#2772 = AXIS2_PLACEMENT_3D( '', #5431, #5432, #5433 );
#2773 = SURFACE_SIDE_STYLE( '', ( #5434 ) );
#2774 = EDGE_LOOP( '', ( #5435, #5436, #5437, #5438 ) );
#2775 = AXIS2_PLACEMENT_3D( '', #5439, #5440, #5441 );
#2776 = SURFACE_SIDE_STYLE( '', ( #5442 ) );
#2777 = EDGE_LOOP( '', ( #5443, #5444, #5445, #5446 ) );
#2778 = AXIS2_PLACEMENT_3D( '', #5447, #5448, #5449 );
#2779 = SURFACE_SIDE_STYLE( '', ( #5450 ) );
#2780 = EDGE_LOOP( '', ( #5451, #5452, #5453, #5454 ) );
#2781 = AXIS2_PLACEMENT_3D( '', #5455, #5456, #5457 );
#2782 = SURFACE_SIDE_STYLE( '', ( #5458 ) );
#2783 = EDGE_LOOP( '', ( #5459, #5460, #5461, #5462, #5463, #5464, #5465, #5466, #5467, #5468 ) );
#2784 = AXIS2_PLACEMENT_3D( '', #5469, #5470, #5471 );
#2785 = SURFACE_SIDE_STYLE( '', ( #5472 ) );
#2786 = EDGE_LOOP( '', ( #5473, #5474, #5475, #5476 ) );
#2787 = AXIS2_PLACEMENT_3D( '', #5477, #5478, #5479 );
#2788 = SURFACE_SIDE_STYLE( '', ( #5480 ) );
#2789 = EDGE_LOOP( '', ( #5481, #5482, #5483, #5484 ) );
#2790 = AXIS2_PLACEMENT_3D( '', #5485, #5486, #5487 );
#2791 = SURFACE_SIDE_STYLE( '', ( #5488 ) );
#2792 = EDGE_LOOP( '', ( #5489, #5490, #5491, #5492 ) );
#2793 = AXIS2_PLACEMENT_3D( '', #5493, #5494, #5495 );
#2794 = SURFACE_SIDE_STYLE( '', ( #5496 ) );
#2795 = EDGE_LOOP( '', ( #5497, #5498, #5499, #5500 ) );
#2796 = AXIS2_PLACEMENT_3D( '', #5501, #5502, #5503 );
#2797 = SURFACE_SIDE_STYLE( '', ( #5504 ) );
#2798 = EDGE_LOOP( '', ( #5505, #5506, #5507, #5508 ) );
#2799 = AXIS2_PLACEMENT_3D( '', #5509, #5510, #5511 );
#2800 = SURFACE_SIDE_STYLE( '', ( #5512 ) );
#2801 = EDGE_LOOP( '', ( #5513, #5514, #5515, #5516 ) );
#2802 = AXIS2_PLACEMENT_3D( '', #5517, #5518, #5519 );
#2803 = SURFACE_SIDE_STYLE( '', ( #5520 ) );
#2804 = EDGE_LOOP( '', ( #5521, #5522, #5523, #5524 ) );
#2805 = AXIS2_PLACEMENT_3D( '', #5525, #5526, #5527 );
#2806 = SURFACE_SIDE_STYLE( '', ( #5528 ) );
#2807 = EDGE_LOOP( '', ( #5529, #5530, #5531, #5532, #5533, #5534, #5535, #5536, #5537, #5538, #5539, #5540 ) );
#2808 = AXIS2_PLACEMENT_3D( '', #5541, #5542, #5543 );
#2809 = SURFACE_SIDE_STYLE( '', ( #5544 ) );
#2810 = EDGE_LOOP( '', ( #5545, #5546, #5547, #5548 ) );
#2811 = AXIS2_PLACEMENT_3D( '', #5549, #5550, #5551 );
#2812 = SURFACE_SIDE_STYLE( '', ( #5552 ) );
#2813 = EDGE_LOOP( '', ( #5553, #5554, #5555, #5556 ) );
#2814 = AXIS2_PLACEMENT_3D( '', #5557, #5558, #5559 );
#2815 = SURFACE_SIDE_STYLE( '', ( #5560 ) );
#2816 = EDGE_LOOP( '', ( #5561, #5562, #5563, #5564 ) );
#2817 = AXIS2_PLACEMENT_3D( '', #5565, #5566, #5567 );
#2818 = SURFACE_SIDE_STYLE( '', ( #5568 ) );
#2819 = EDGE_LOOP( '', ( #5569, #5570, #5571, #5572, #5573, #5574 ) );
#2820 = AXIS2_PLACEMENT_3D( '', #5575, #5576, #5577 );
#2821 = SURFACE_SIDE_STYLE( '', ( #5578 ) );
#2822 = EDGE_LOOP( '', ( #5579, #5580, #5581, #5582 ) );
#2823 = AXIS2_PLACEMENT_3D( '', #5583, #5584, #5585 );
#2824 = SURFACE_SIDE_STYLE( '', ( #5586 ) );
#2825 = EDGE_LOOP( '', ( #5587, #5588, #5589, #5590 ) );
#2826 = AXIS2_PLACEMENT_3D( '', #5591, #5592, #5593 );
#2827 = SURFACE_SIDE_STYLE( '', ( #5594 ) );
#2828 = EDGE_LOOP( '', ( #5595, #5596, #5597, #5598, #5599, #5600, #5601, #5602, #5603, #5604, #5605, #5606, #5607, #5608, #5609, #5610, #5611, #5612, #5613, #5614, #5615, #5616, #5617, #5618 ) );
#2829 = AXIS2_PLACEMENT_3D( '', #5619, #5620, #5621 );
#2830 = SURFACE_SIDE_STYLE( '', ( #5622 ) );
#2831 = EDGE_LOOP( '', ( #5623, #5624, #5625, #5626 ) );
#2832 = AXIS2_PLACEMENT_3D( '', #5627, #5628, #5629 );
#2833 = SURFACE_SIDE_STYLE( '', ( #5630 ) );
#2834 = EDGE_LOOP( '', ( #5631, #5632, #5633, #5634 ) );
#2835 = AXIS2_PLACEMENT_3D( '', #5635, #5636, #5637 );
#2836 = SURFACE_SIDE_STYLE( '', ( #5638 ) );
#2837 = EDGE_LOOP( '', ( #5639, #5640, #5641, #5642 ) );
#2838 = AXIS2_PLACEMENT_3D( '', #5643, #5644, #5645 );
#2839 = SURFACE_SIDE_STYLE( '', ( #5646 ) );
#2840 = EDGE_LOOP( '', ( #5647, #5648, #5649, #5650 ) );
#2841 = AXIS2_PLACEMENT_3D( '', #5651, #5652, #5653 );
#2842 = SURFACE_SIDE_STYLE( '', ( #5654 ) );
#2843 = EDGE_LOOP( '', ( #5655, #5656, #5657, #5658 ) );
#2844 = AXIS2_PLACEMENT_3D( '', #5659, #5660, #5661 );
#2845 = SURFACE_SIDE_STYLE( '', ( #5662 ) );
#2846 = EDGE_LOOP( '', ( #5663, #5664, #5665, #5666, #5667, #5668, #5669, #5670, #5671, #5672, #5673, #5674 ) );
#2847 = AXIS2_PLACEMENT_3D( '', #5675, #5676, #5677 );
#2848 = SURFACE_SIDE_STYLE( '', ( #5678 ) );
#2849 = EDGE_LOOP( '', ( #5679, #5680, #5681, #5682 ) );
#2850 = AXIS2_PLACEMENT_3D( '', #5683, #5684, #5685 );
#2851 = SURFACE_SIDE_STYLE( '', ( #5686 ) );
#2852 = EDGE_LOOP( '', ( #5687, #5688, #5689, #5690 ) );
#2853 = AXIS2_PLACEMENT_3D( '', #5691, #5692, #5693 );
#2854 = SURFACE_SIDE_STYLE( '', ( #5694 ) );
#2855 = EDGE_LOOP( '', ( #5695, #5696, #5697, #5698, #5699, #5700 ) );
#2856 = AXIS2_PLACEMENT_3D( '', #5701, #5702, #5703 );
#2857 = SURFACE_SIDE_STYLE( '', ( #5704 ) );
#2858 = EDGE_LOOP( '', ( #5705, #5706, #5707, #5708 ) );
#2859 = AXIS2_PLACEMENT_3D( '', #5709, #5710, #5711 );
#2860 = SURFACE_SIDE_STYLE( '', ( #5712 ) );
#2861 = EDGE_LOOP( '', ( #5713, #5714, #5715, #5716 ) );
#2862 = AXIS2_PLACEMENT_3D( '', #5717, #5718, #5719 );
#2863 = SURFACE_SIDE_STYLE( '', ( #5720 ) );
#2864 = EDGE_LOOP( '', ( #5721, #5722, #5723, #5724 ) );
#2865 = AXIS2_PLACEMENT_3D( '', #5725, #5726, #5727 );
#2866 = SURFACE_SIDE_STYLE( '', ( #5728 ) );
#2867 = EDGE_LOOP( '', ( #5729, #5730, #5731, #5732, #5733, #5734, #5735, #5736, #5737, #5738, #5739, #5740, #5741, #5742, #5743, #5744, #5745, #5746, #5747, #5748, #5749, #5750, #5751, #5752, #5753, #5754, #5755, #5756 ) );
#2868 = AXIS2_PLACEMENT_3D( '', #5757, #5758, #5759 );
#2869 = SURFACE_SIDE_STYLE( '', ( #5760 ) );
#2870 = EDGE_LOOP( '', ( #5761, #5762, #5763, #5764 ) );
#2871 = AXIS2_PLACEMENT_3D( '', #5765, #5766, #5767 );
#2872 = SURFACE_SIDE_STYLE( '', ( #5768 ) );
#2873 = EDGE_LOOP( '', ( #5769, #5770, #5771, #5772 ) );
#2874 = AXIS2_PLACEMENT_3D( '', #5773, #5774, #5775 );
#2875 = SURFACE_SIDE_STYLE( '', ( #5776 ) );
#2876 = EDGE_LOOP( '', ( #5777, #5778, #5779, #5780 ) );
#2877 = AXIS2_PLACEMENT_3D( '', #5781, #5782, #5783 );
#2878 = SURFACE_SIDE_STYLE( '', ( #5784 ) );
#2879 = EDGE_LOOP( '', ( #5785, #5786, #5787, #5788 ) );
#2880 = AXIS2_PLACEMENT_3D( '', #5789, #5790, #5791 );
#2881 = SURFACE_SIDE_STYLE( '', ( #5792 ) );
#2882 = EDGE_LOOP( '', ( #5793, #5794, #5795, #5796, #5797, #5798, #5799, #5800, #5801, #5802, #5803, #5804, #5805, #5806, #5807, #5808, #5809, #5810, #5811, #5812, #5813, #5814, #5815, #5816, #5817, #5818, #5819, #5820 ) );
#2883 = EDGE_LOOP( '', ( #5821, #5822, #5823, #5824, #5825, #5826, #5827, #5828, #5829, #5830, #5831, #5832 ) );
#2884 = EDGE_LOOP( '', ( #5833, #5834, #5835, #5836, #5837, #5838, #5839, #5840, #5841, #5842, #5843, #5844, #5845, #5846, #5847, #5848, #5849, #5850, #5851, #5852, #5853, #5854, #5855, #5856, #5857, #5858, #5859, #5860 ) );
#2885 = EDGE_LOOP( '', ( #5861, #5862, #5863, #5864, #5865, #5866, #5867, #5868, #5869, #5870, #5871, #5872, #5873, #5874, #5875, #5876, #5877, #5878, #5879, #5880, #5881, #5882, #5883, #5884, #5885, #5886, #5887, #5888 ) );
#2886 = AXIS2_PLACEMENT_3D( '', #5889, #5890, #5891 );
#2887 = SURFACE_SIDE_STYLE( '', ( #5892 ) );
#2888 = EDGE_LOOP( '', ( #5893, #5894, #5895, #5896, #5897, #5898, #5899, #5900, #5901, #5902, #5903, #5904 ) );
#2889 = AXIS2_PLACEMENT_3D( '', #5905, #5906, #5907 );
#2890 = SURFACE_SIDE_STYLE( '', ( #5908 ) );
#2891 = EDGE_LOOP( '', ( #5909, #5910, #5911, #5912 ) );
#2892 = AXIS2_PLACEMENT_3D( '', #5913, #5914, #5915 );
#2893 = SURFACE_SIDE_STYLE( '', ( #5916 ) );
#2894 = EDGE_LOOP( '', ( #5917, #5918, #5919, #5920 ) );
#2895 = AXIS2_PLACEMENT_3D( '', #5921, #5922, #5923 );
#2896 = SURFACE_SIDE_STYLE( '', ( #5924 ) );
#2897 = EDGE_LOOP( '', ( #5925, #5926, #5927, #5928 ) );
#2898 = AXIS2_PLACEMENT_3D( '', #5929, #5930, #5931 );
#2899 = SURFACE_SIDE_STYLE( '', ( #5932 ) );
#2900 = EDGE_LOOP( '', ( #5933, #5934, #5935, #5936 ) );
#2901 = AXIS2_PLACEMENT_3D( '', #5937, #5938, #5939 );
#2902 = SURFACE_SIDE_STYLE( '', ( #5940 ) );
#2903 = EDGE_LOOP( '', ( #5941, #5942, #5943, #5944 ) );
#2904 = AXIS2_PLACEMENT_3D( '', #5945, #5946, #5947 );
#2905 = SURFACE_SIDE_STYLE( '', ( #5948 ) );
#2906 = EDGE_LOOP( '', ( #5949, #5950, #5951, #5952 ) );
#2907 = AXIS2_PLACEMENT_3D( '', #5953, #5954, #5955 );
#2908 = SURFACE_SIDE_STYLE( '', ( #5956 ) );
#2909 = EDGE_LOOP( '', ( #5957, #5958, #5959, #5960, #5961, #5962 ) );
#2910 = AXIS2_PLACEMENT_3D( '', #5963, #5964, #5965 );
#2911 = SURFACE_SIDE_STYLE( '', ( #5966 ) );
#2912 = EDGE_LOOP( '', ( #5967, #5968, #5969, #5970 ) );
#2913 = AXIS2_PLACEMENT_3D( '', #5971, #5972, #5973 );
#2914 = SURFACE_SIDE_STYLE( '', ( #5974 ) );
#2915 = EDGE_LOOP( '', ( #5975, #5976, #5977, #5978 ) );
#2916 = AXIS2_PLACEMENT_3D( '', #5979, #5980, #5981 );
#2917 = SURFACE_SIDE_STYLE( '', ( #5982 ) );
#2918 = EDGE_LOOP( '', ( #5983, #5984, #5985, #5986 ) );
#2919 = AXIS2_PLACEMENT_3D( '', #5987, #5988, #5989 );
#2921 =  ( LENGTH_UNIT(  )NAMED_UNIT( #1976 )SI_UNIT( .MILLI., .METRE. ) );
#2922 = SURFACE_STYLE_FILL_AREA( #5991 );
#2923 = ORIENTED_EDGE( '', *, *, #5992, .F. );
#2924 = ORIENTED_EDGE( '', *, *, #5993, .T. );
#2925 = ORIENTED_EDGE( '', *, *, #5994, .F. );
#2926 = ORIENTED_EDGE( '', *, *, #5995, .F. );
#2927 = ORIENTED_EDGE( '', *, *, #5996, .T. );
#2928 = ORIENTED_EDGE( '', *, *, #5997, .T. );
#2929 = ORIENTED_EDGE( '', *, *, #5998, .F. );
#2930 = ORIENTED_EDGE( '', *, *, #5999, .F. );
#2931 = ORIENTED_EDGE( '', *, *, #6000, .F. );
#2932 = ORIENTED_EDGE( '', *, *, #6001, .F. );
#2933 = CARTESIAN_POINT( '', ( 0.244950000000000, 0.0900000000000000, 0.00510000000000000 ) );
#2934 = DIRECTION( '', ( 0.000000000000000, 0.000000000000000, -1.00000000000000 ) );
#2935 = DIRECTION( '', ( -1.00000000000000, 0.000000000000000, 0.000000000000000 ) );
#2936 = SURFACE_STYLE_FILL_AREA( #6002 );
#2937 = ORIENTED_EDGE( '', *, *, #6003, .T. );
#2938 = ORIENTED_EDGE( '', *, *, #6004, .F. );
#2939 = ORIENTED_EDGE( '', *, *, #6005, .F. );
#2940 = ORIENTED_EDGE( '', *, *, #6006, .T. );
#2941 = CARTESIAN_POINT( '', ( 0.280000000000000, 0.000000000000000, -0.145000000000000 ) );
#2942 = DIRECTION( '', ( 0.000000000000000, 0.000000000000000, 1.00000000000000 ) );
#2943 = DIRECTION( '', ( 1.00000000000000, 0.000000000000000, -0.000000000000000 ) );
#2944 = SURFACE_STYLE_FILL_AREA( #6007 );
#2945 = ORIENTED_EDGE( '', *, *, #6008, .F. );
#2946 = ORIENTED_EDGE( '', *, *, #6009, .F. );
#2947 = ORIENTED_EDGE( '', *, *, #6010, .F. );
#2948 = ORIENTED_EDGE( '', *, *, #6011, .T. );
#2949 = CARTESIAN_POINT( '', ( 0.212500000000000, 0.305000000000000, -0.0437500000000000 ) );
#2950 = DIRECTION( '', ( 0.000000000000000, -0.707106781186549, -0.707106781186546 ) );
#2951 = DIRECTION( '', ( 0.000000000000000, 0.707106781186546, -0.707106781186549 ) );
#2952 = SURFACE_STYLE_FILL_AREA( #6012 );
#2953 = ORIENTED_EDGE( '', *, *, #6013, .F. );
#2954 = ORIENTED_EDGE( '', *, *, #6014, .T. );
#2955 = ORIENTED_EDGE( '', *, *, #6015, .F. );
#2956 = ORIENTED_EDGE( '', *, *, #6016, .F. );
#2957 = CARTESIAN_POINT( '', ( 0.212500000000000, -0.0725000000000000, -0.223750000000000 ) );
#2958 = DIRECTION( '', ( -0.000000000000000, 0.707106781186547, 0.707106781186548 ) );
#2959 = DIRECTION( '', ( 0.000000000000000, -0.707106781186548, 0.707106781186547 ) );
#2960 = SURFACE_STYLE_FILL_AREA( #6017 );
#2961 = ORIENTED_EDGE( '', *, *, #6018, .F. );
#2962 = ORIENTED_EDGE( '', *, *, #6019, .T. );
#2963 = ORIENTED_EDGE( '', *, *, #6020, .T. );
#2964 = ORIENTED_EDGE( '', *, *, #6021, .F. );
#2965 = CARTESIAN_POINT( '', ( 0.144950000000000, 0.0900000000000000, -0.00500000000000000 ) );
#2966 = DIRECTION( '', ( 1.00000000000000, -0.000000000000000, 0.000000000000000 ) );
#2967 = DIRECTION( '', ( 0.000000000000000, 0.000000000000000, -1.00000000000000 ) );
#2968 = SURFACE_STYLE_FILL_AREA( #6022 );
#2969 = ORIENTED_EDGE( '', *, *, #6023, .F. );
#2970 = ORIENTED_EDGE( '', *, *, #6024, .F. );
#2971 = ORIENTED_EDGE( '', *, *, #6025, .F. );
#2972 = ORIENTED_EDGE( '', *, *, #6026, .T. );
#2973 = CARTESIAN_POINT( '', ( 0.212500000000000, 0.0650000000000000, 0.0375000000000000 ) );
#2974 = DIRECTION( '', ( 0.000000000000000, 0.000000000000000, 1.00000000000000 ) );
#2975 = DIRECTION( '', ( 1.00000000000000, 0.000000000000000, -0.000000000000000 ) );
#2976 = SURFACE_STYLE_FILL_AREA( #6027 );
#2977 = ORIENTED_EDGE( '', *, *, #6028, .T. );
#2978 = ORIENTED_EDGE( '', *, *, #6029, .T. );
#2979 = ORIENTED_EDGE( '', *, *, #6030, .T. );
#2980 = ORIENTED_EDGE( '', *, *, #6031, .T. );
#2981 = ORIENTED_EDGE( '', *, *, #6032, .F. );
#2982 = ORIENTED_EDGE( '', *, *, #6033, .T. );
#2983 = ORIENTED_EDGE( '', *, *, #6034, .T. );
#2984 = ORIENTED_EDGE( '', *, *, #6035, .F. );
#2985 = ORIENTED_EDGE( '', *, *, #6036, .T. );
#2986 = ORIENTED_EDGE( '', *, *, #6037, .F. );
#2987 = CARTESIAN_POINT( '', ( 0.0125000000000000, 0.0400000000000000, 0.145000000000000 ) );
#2988 = DIRECTION( '', ( 1.00000000000000, 0.000000000000000, -0.000000000000000 ) );
#2989 = DIRECTION( '', ( -0.000000000000000, 0.000000000000000, -1.00000000000000 ) );
#2990 = SURFACE_STYLE_FILL_AREA( #6038 );
#2991 = ORIENTED_EDGE( '', *, *, #6039, .F. );
#2992 = ORIENTED_EDGE( '', *, *, #6040, .T. );
#2993 = ORIENTED_EDGE( '', *, *, #6041, .T. );
#2994 = ORIENTED_EDGE( '', *, *, #6042, .F. );
#2995 = CARTESIAN_POINT( '', ( 0.280000000000000, 0.320000000000000, 0.145000000000000 ) );
#2996 = DIRECTION( '', ( 0.000000000000000, 0.000000000000000, -1.00000000000000 ) );
#2997 = DIRECTION( '', ( -1.00000000000000, 0.000000000000000, 0.000000000000000 ) );
#2998 = SURFACE_STYLE_FILL_AREA( #6043 );
#2999 = ORIENTED_EDGE( '', *, *, #6044, .T. );
#3000 = ORIENTED_EDGE( '', *, *, #6045, .T. );
#3001 = ORIENTED_EDGE( '', *, *, #6046, .T. );
#3002 = ORIENTED_EDGE( '', *, *, #6047, .F. );
#3003 = ORIENTED_EDGE( '', *, *, #6048, .T. );
#3004 = ORIENTED_EDGE( '', *, *, #6049, .T. );
#3005 = ORIENTED_EDGE( '', *, *, #6050, .F. );
#3006 = ORIENTED_EDGE( '', *, *, #6051, .T. );
#3007 = ORIENTED_EDGE( '', *, *, #6052, .T. );
#3008 = ORIENTED_EDGE( '', *, *, #6053, .T. );
#3009 = CARTESIAN_POINT( '', ( -0.0125000000000000, -0.200000000000000, 0.145000000000000 ) );
#3010 = DIRECTION( '', ( -1.00000000000000, 0.000000000000000, 0.000000000000000 ) );
#3011 = DIRECTION( '', ( 0.000000000000000, 0.000000000000000, 1.00000000000000 ) );
#3012 = SURFACE_STYLE_FILL_AREA( #6054 );
#3013 = ORIENTED_EDGE( '', *, *, #6055, .F. );
#3014 = ORIENTED_EDGE( '', *, *, #6056, .T. );
#3015 = ORIENTED_EDGE( '', *, *, #6057, .T. );
#3016 = ORIENTED_EDGE( '', *, *, #6058, .F. );
#3017 = CARTESIAN_POINT( '', ( 0.212500000000000, -0.122500000000000, 0.0375000000000000 ) );
#3018 = DIRECTION( '', ( 0.000000000000000, 0.000000000000000, 1.00000000000000 ) );
#3019 = DIRECTION( '', ( 1.00000000000000, 0.000000000000000, -0.000000000000000 ) );
#3020 = SURFACE_STYLE_FILL_AREA( #6059 );
#3021 = ORIENTED_EDGE( '', *, *, #6060, .T. );
#3022 = ORIENTED_EDGE( '', *, *, #6061, .F. );
#3023 = ORIENTED_EDGE( '', *, *, #6062, .F. );
#3024 = ORIENTED_EDGE( '', *, *, #6021, .T. );
#3025 = CARTESIAN_POINT( '', ( 0.144950000000000, 0.0900000000000000, -0.114900000000000 ) );
#3026 = DIRECTION( '', ( 0.000000000000000, 0.000000000000000, -1.00000000000000 ) );
#3027 = DIRECTION( '', ( -1.00000000000000, 0.000000000000000, 0.000000000000000 ) );
#3028 = SURFACE_STYLE_FILL_AREA( #6063 );
#3029 = ORIENTED_EDGE( '', *, *, #6064, .F. );
#3030 = ORIENTED_EDGE( '', *, *, #6065, .F. );
#3031 = ORIENTED_EDGE( '', *, *, #6066, .F. );
#3032 = ORIENTED_EDGE( '', *, *, #6067, .T. );
#3033 = CARTESIAN_POINT( '', ( 0.212500000000000, 0.0650000000000000, 0.0375000000000000 ) );
#3034 = DIRECTION( '', ( 0.000000000000000, 0.000000000000000, 1.00000000000000 ) );
#3035 = DIRECTION( '', ( 1.00000000000000, 0.000000000000000, -0.000000000000000 ) );
#3036 = SURFACE_STYLE_FILL_AREA( #6068 );
#3037 = ORIENTED_EDGE( '', *, *, #6069, .F. );
#3038 = ORIENTED_EDGE( '', *, *, #6070, .T. );
#3039 = ORIENTED_EDGE( '', *, *, #6053, .F. );
#3040 = ORIENTED_EDGE( '', *, *, #6071, .F. );
#3041 = CARTESIAN_POINT( '', ( 0.212500000000000, -0.122500000000000, 0.0125000000000000 ) );
#3042 = DIRECTION( '', ( 1.00000000000000, -0.000000000000000, -0.000000000000000 ) );
#3043 = DIRECTION( '', ( 0.000000000000000, 0.000000000000000, 1.00000000000000 ) );
#3044 = SURFACE_STYLE_FILL_AREA( #6072 );
#3045 = ORIENTED_EDGE( '', *, *, #6073, .T. );
#3046 = ORIENTED_EDGE( '', *, *, #6074, .T. );
#3047 = ORIENTED_EDGE( '', *, *, #6075, .T. );
#3048 = ORIENTED_EDGE( '', *, *, #6076, .T. );
#3049 = CARTESIAN_POINT( '', ( 0.100000000000000, 0.0900000000000000, -6.40276873515062E-18 ) );
#3050 = DIRECTION( '', ( 0.000000000000000, 1.00000000000000, -0.000000000000000 ) );
#3051 = DIRECTION( '', ( 0.000000000000000, 0.000000000000000, 1.00000000000000 ) );
#3052 = SURFACE_STYLE_FILL_AREA( #6077 );
#3053 = ORIENTED_EDGE( '', *, *, #6078, .F. );
#3054 = ORIENTED_EDGE( '', *, *, #6042, .T. );
#3055 = ORIENTED_EDGE( '', *, *, #6079, .T. );
#3056 = ORIENTED_EDGE( '', *, *, #6080, .F. );
#3057 = CARTESIAN_POINT( '', ( 0.280000000000000, 0.000000000000000, 0.145000000000000 ) );
#3058 = DIRECTION( '', ( -0.000000000000000, 1.00000000000000, 0.000000000000000 ) );
#3059 = DIRECTION( '', ( 0.000000000000000, -0.000000000000000, 1.00000000000000 ) );
#3060 = SURFACE_STYLE_FILL_AREA( #6081 );
#3061 = ORIENTED_EDGE( '', *, *, #6082, .F. );
#3062 = ORIENTED_EDGE( '', *, *, #6083, .T. );
#3063 = ORIENTED_EDGE( '', *, *, #6084, .F. );
#3064 = ORIENTED_EDGE( '', *, *, #6085, .F. );
#3065 = CARTESIAN_POINT( '', ( 0.280000000000000, 0.000000000000000, 0.115000000000000 ) );
#3066 = DIRECTION( '', ( 0.000000000000000, 0.000000000000000, 1.00000000000000 ) );
#3067 = DIRECTION( '', ( 1.00000000000000, 0.000000000000000, -0.000000000000000 ) );
#3068 = SURFACE_STYLE_FILL_AREA( #6086 );
#3069 = ORIENTED_EDGE( '', *, *, #6087, .F. );
#3070 = ORIENTED_EDGE( '', *, *, #6088, .F. );
#3071 = ORIENTED_EDGE( '', *, *, #6089, .F. );
#3072 = ORIENTED_EDGE( '', *, *, #6009, .T. );
#3073 = CARTESIAN_POINT( '', ( 0.212500000000000, 0.298750000000000, -0.0375000000000000 ) );
#3074 = DIRECTION( '', ( 0.000000000000000, 0.000000000000000, -1.00000000000000 ) );
#3075 = DIRECTION( '', ( -1.00000000000000, 0.000000000000000, 0.000000000000000 ) );
#3076 = SURFACE_STYLE_FILL_AREA( #6090 );
#3077 = ORIENTED_EDGE( '', *, *, #6091, .F. );
#3078 = ORIENTED_EDGE( '', *, *, #6092, .T. );
#3079 = ORIENTED_EDGE( '', *, *, #6093, .F. );
#3080 = ORIENTED_EDGE( '', *, *, #6094, .F. );
#3081 = CARTESIAN_POINT( '', ( 0.212500000000000, -0.0475000000000000, -0.223750000000000 ) );
#3082 = DIRECTION( '', ( 0.000000000000000, -1.00000000000000, -1.25314128149737E-16 ) );
#3083 = DIRECTION( '', ( 0.000000000000000, 1.25314128149737E-16, -1.00000000000000 ) );
#3084 = SURFACE_STYLE_FILL_AREA( #6095 );
#3085 = ORIENTED_EDGE( '', *, *, #6096, .F. );
#3086 = ORIENTED_EDGE( '', *, *, #6097, .F. );
#3087 = ORIENTED_EDGE( '', *, *, #6098, .F. );
#3088 = ORIENTED_EDGE( '', *, *, #6099, .T. );
#3089 = CARTESIAN_POINT( '', ( 0.212500000000000, 0.305000000000000, -0.0562500000000000 ) );
#3090 = DIRECTION( '', ( 0.000000000000000, -1.00000000000000, 0.000000000000000 ) );
#3091 = DIRECTION( '', ( 0.000000000000000, 0.000000000000000, -1.00000000000000 ) );
#3092 = SURFACE_STYLE_FILL_AREA( #6100 );
#3093 = ORIENTED_EDGE( '', *, *, #6101, .F. );
#3094 = ORIENTED_EDGE( '', *, *, #6102, .T. );
#3095 = ORIENTED_EDGE( '', *, *, #6103, .T. );
#3096 = ORIENTED_EDGE( '', *, *, #6104, .F. );
#3097 = CARTESIAN_POINT( '', ( 0.212500000000000, -0.0225000000000000, -0.0875000000000000 ) );
#3098 = DIRECTION( '', ( 1.00000000000000, -0.000000000000000, -0.000000000000000 ) );
#3099 = DIRECTION( '', ( 0.000000000000000, 0.000000000000000, 1.00000000000000 ) );
#3100 = SURFACE_STYLE_FILL_AREA( #6105 );
#3101 = ORIENTED_EDGE( '', *, *, #6106, .F. );
#3102 = ORIENTED_EDGE( '', *, *, #6107, .F. );
#3103 = ORIENTED_EDGE( '', *, *, #6108, .F. );
#3104 = ORIENTED_EDGE( '', *, *, #6109, .T. );
#3105 = CARTESIAN_POINT( '', ( 0.212500000000000, 0.305000000000000, 0.0437500000000000 ) );
#3106 = DIRECTION( '', ( 0.000000000000000, -1.00000000000000, 0.000000000000000 ) );
#3107 = DIRECTION( '', ( 0.000000000000000, 0.000000000000000, -1.00000000000000 ) );
#3108 = SURFACE_STYLE_FILL_AREA( #6110 );
#3109 = ORIENTED_EDGE( '', *, *, #6111, .T. );
#3110 = ORIENTED_EDGE( '', *, *, #6112, .F. );
#3111 = ORIENTED_EDGE( '', *, *, #6113, .F. );
#3112 = ORIENTED_EDGE( '', *, *, #6114, .T. );
#3113 = CARTESIAN_POINT( '', ( 0.0449500000000000, 0.0900000000000000, 0.115000000000000 ) );
#3114 = DIRECTION( '', ( 1.00000000000000, -0.000000000000000, 0.000000000000000 ) );
#3115 = DIRECTION( '', ( 0.000000000000000, 0.000000000000000, -1.00000000000000 ) );
#3116 = SURFACE_STYLE_FILL_AREA( #6115 );
#3117 = ORIENTED_EDGE( '', *, *, #6116, .T. );
#3118 = ORIENTED_EDGE( '', *, *, #6117, .F. );
#3119 = ORIENTED_EDGE( '', *, *, #6118, .F. );
#3120 = ORIENTED_EDGE( '', *, *, #6119, .T. );
#3121 = CARTESIAN_POINT( '', ( 0.0550500000000000, 0.0900000000000000, 0.115000000000000 ) );
#3122 = DIRECTION( '', ( 0.000000000000000, 0.000000000000000, 1.00000000000000 ) );
#3123 = DIRECTION( '', ( 1.00000000000000, 0.000000000000000, -0.000000000000000 ) );
#3124 = SURFACE_STYLE_FILL_AREA( #6120 );
#3125 = ORIENTED_EDGE( '', *, *, #6121, .F. );
#3126 = ORIENTED_EDGE( '', *, *, #6122, .F. );
#3127 = ORIENTED_EDGE( '', *, *, #6123, .T. );
#3128 = ORIENTED_EDGE( '', *, *, #6124, .F. );
#3129 = CARTESIAN_POINT( '', ( -0.0750000000000000, 0.320000000000000, -0.145000000000000 ) );
#3130 = DIRECTION( '', ( 1.00000000000000, 0.000000000000000, 0.000000000000000 ) );
#3131 = DIRECTION( '', ( 0.000000000000000, 0.000000000000000, -1.00000000000000 ) );
#3132 = SURFACE_STYLE_FILL_AREA( #6125 );
#3133 = ORIENTED_EDGE( '', *, *, #6126, .T. );
#3134 = ORIENTED_EDGE( '', *, *, #6127, .T. );
#3135 = ORIENTED_EDGE( '', *, *, #6128, .F. );
#3136 = ORIENTED_EDGE( '', *, *, #6129, .F. );
#3137 = CARTESIAN_POINT( '', ( 0.0325000000000000, 0.000000000000000, 0.145000000000000 ) );
#3138 = DIRECTION( '', ( -1.00000000000000, 0.000000000000000, 0.000000000000000 ) );
#3139 = DIRECTION( '', ( 0.000000000000000, 0.000000000000000, 1.00000000000000 ) );
#3140 = SURFACE_STYLE_FILL_AREA( #6130 );
#3141 = ORIENTED_EDGE( '', *, *, #6131, .T. );
#3142 = ORIENTED_EDGE( '', *, *, #6132, .T. );
#3143 = ORIENTED_EDGE( '', *, *, #6133, .T. );
#3144 = ORIENTED_EDGE( '', *, *, #6134, .F. );
#3145 = CARTESIAN_POINT( '', ( -0.223333319203366, 0.200000000000000, 0.0500000000000000 ) );
#3146 = DIRECTION( '', ( 0.000000000000000, 1.00000000000000, 0.000000000000000 ) );
#3147 = DIRECTION( '', ( 0.000000000000000, -0.000000000000000, 1.00000000000000 ) );
#3148 = SURFACE_STYLE_FILL_AREA( #6135 );
#3149 = ORIENTED_EDGE( '', *, *, #6136, .F. );
#3150 = ORIENTED_EDGE( '', *, *, #6137, .F. );
#3151 = ORIENTED_EDGE( '', *, *, #6138, .F. );
#3152 = ORIENTED_EDGE( '', *, *, #6139, .T. );
#3153 = CARTESIAN_POINT( '', ( 0.212500000000000, 0.305000000000000, -0.0562500000000000 ) );
#3154 = DIRECTION( '', ( 0.000000000000000, -1.00000000000000, 0.000000000000000 ) );
#3155 = DIRECTION( '', ( 0.000000000000000, 0.000000000000000, -1.00000000000000 ) );
#3156 = SURFACE_STYLE_FILL_AREA( #6140 );
#3157 = ORIENTED_EDGE( '', *, *, #6141, .F. );
#3158 = ORIENTED_EDGE( '', *, *, #6142, .F. );
#3159 = ORIENTED_EDGE( '', *, *, #6143, .F. );
#3160 = ORIENTED_EDGE( '', *, *, #6144, .F. );
#3161 = CARTESIAN_POINT( '', ( 0.280000000000000, 0.000000000000000, 0.145000000000000 ) );
#3162 = DIRECTION( '', ( -0.000000000000000, 1.00000000000000, 0.000000000000000 ) );
#3163 = DIRECTION( '', ( 0.000000000000000, -0.000000000000000, 1.00000000000000 ) );
#3164 = SURFACE_STYLE_FILL_AREA( #6145 );
#3165 = ORIENTED_EDGE( '', *, *, #6146, .F. );
#3166 = ORIENTED_EDGE( '', *, *, #6147, .T. );
#3167 = ORIENTED_EDGE( '', *, *, #6148, .F. );
#3168 = ORIENTED_EDGE( '', *, *, #6149, .F. );
#3169 = CARTESIAN_POINT( '', ( 0.280000000000000, 0.000000000000000, 0.115000000000000 ) );
#3170 = DIRECTION( '', ( 0.000000000000000, 0.000000000000000, 1.00000000000000 ) );
#3171 = DIRECTION( '', ( 1.00000000000000, 0.000000000000000, -0.000000000000000 ) );
#3172 = SURFACE_STYLE_FILL_AREA( #6150 );
#3173 = ORIENTED_EDGE( '', *, *, #6151, .F. );
#3174 = ORIENTED_EDGE( '', *, *, #6152, .T. );
#3175 = ORIENTED_EDGE( '', *, *, #6153, .F. );
#3176 = ORIENTED_EDGE( '', *, *, #6154, .F. );
#3177 = CARTESIAN_POINT( '', ( 0.280000000000000, 0.0200000000000000, -0.115000000000000 ) );
#3178 = DIRECTION( '', ( 0.000000000000000, 0.000000000000000, -1.00000000000000 ) );
#3179 = DIRECTION( '', ( -1.00000000000000, 0.000000000000000, 0.000000000000000 ) );
#3180 = SURFACE_STYLE_FILL_AREA( #6155 );
#3181 = ORIENTED_EDGE( '', *, *, #6156, .T. );
#3182 = ORIENTED_EDGE( '', *, *, #6157, .T. );
#3183 = ORIENTED_EDGE( '', *, *, #6158, .T. );
#3184 = ORIENTED_EDGE( '', *, *, #6159, .F. );
#3185 = CARTESIAN_POINT( '', ( -0.187500000000000, 0.0600000000000000, 0.145000000000000 ) );
#3186 = DIRECTION( '', ( 0.000000000000000, 1.00000000000000, 0.000000000000000 ) );
#3187 = DIRECTION( '', ( 0.000000000000000, -0.000000000000000, 1.00000000000000 ) );
#3188 = SURFACE_STYLE_FILL_AREA( #6160 );
#3189 = ORIENTED_EDGE( '', *, *, #6161, .F. );
#3190 = ORIENTED_EDGE( '', *, *, #6162, .T. );
#3191 = ORIENTED_EDGE( '', *, *, #6163, .T. );
#3192 = ORIENTED_EDGE( '', *, *, #6164, .F. );
#3193 = CARTESIAN_POINT( '', ( 0.212500000000000, 0.305000000000000, -0.0437500000000000 ) );
#3194 = DIRECTION( '', ( 0.000000000000000, -0.707106781186549, -0.707106781186546 ) );
#3195 = DIRECTION( '', ( 0.000000000000000, 0.707106781186546, -0.707106781186549 ) );
#3196 = SURFACE_STYLE_FILL_AREA( #6165 );
#3197 = ORIENTED_EDGE( '', *, *, #6166, .T. );
#3198 = ORIENTED_EDGE( '', *, *, #6167, .F. );
#3199 = ORIENTED_EDGE( '', *, *, #6168, .F. );
#3200 = ORIENTED_EDGE( '', *, *, #6169, .T. );
#3201 = CARTESIAN_POINT( '', ( -0.0550500000000000, 0.0900000000000000, -0.00500000000000000 ) );
#3202 = DIRECTION( '', ( 1.00000000000000, -0.000000000000000, 0.000000000000000 ) );
#3203 = DIRECTION( '', ( 0.000000000000000, 0.000000000000000, -1.00000000000000 ) );
#3204 = SURFACE_STYLE_FILL_AREA( #6170 );
#3205 = ORIENTED_EDGE( '', *, *, #6171, .F. );
#3206 = ORIENTED_EDGE( '', *, *, #6071, .T. );
#3207 = ORIENTED_EDGE( '', *, *, #6052, .F. );
#3208 = ORIENTED_EDGE( '', *, *, #6172, .F. );
#3209 = CARTESIAN_POINT( '', ( 0.212500000000000, -0.172500000000000, 0.0125000000000000 ) );
#3210 = DIRECTION( '', ( -0.000000000000000, 1.00000000000000, 0.000000000000000 ) );
#3211 = DIRECTION( '', ( 0.000000000000000, -0.000000000000000, 1.00000000000000 ) );
#3212 = SURFACE_STYLE_FILL_AREA( #6173 );
#3213 = ORIENTED_EDGE( '', *, *, #6174, .F. );
#3214 = ORIENTED_EDGE( '', *, *, #6139, .F. );
#3215 = ORIENTED_EDGE( '', *, *, #6175, .F. );
#3216 = ORIENTED_EDGE( '', *, *, #6176, .T. );
#3217 = CARTESIAN_POINT( '', ( 0.212500000000000, 0.298750000000000, -0.0625000000000000 ) );
#3218 = DIRECTION( '', ( 0.000000000000000, -0.707106781186549, 0.707106781186546 ) );
#3219 = DIRECTION( '', ( 0.000000000000000, -0.707106781186545, -0.707106781186549 ) );
#3220 = SURFACE_STYLE_FILL_AREA( #6177 );
#3221 = ORIENTED_EDGE( '', *, *, #6178, .F. );
#3222 = ORIENTED_EDGE( '', *, *, #6179, .T. );
#3223 = ORIENTED_EDGE( '', *, *, #6180, .F. );
#3224 = ORIENTED_EDGE( '', *, *, #6181, .F. );
#3225 = ORIENTED_EDGE( '', *, *, #6182, .T. );
#3226 = ORIENTED_EDGE( '', *, *, #6183, .T. );
#3227 = ORIENTED_EDGE( '', *, *, #6184, .F. );
#3228 = ORIENTED_EDGE( '', *, *, #6185, .F. );
#3229 = ORIENTED_EDGE( '', *, *, #6131, .F. );
#3230 = ORIENTED_EDGE( '', *, *, #6186, .F. );
#3231 = CARTESIAN_POINT( '', ( -0.155050000000000, 0.0900000000000000, 0.00510000000000001 ) );
#3232 = DIRECTION( '', ( 0.000000000000000, 0.000000000000000, -1.00000000000000 ) );
#3233 = DIRECTION( '', ( -1.00000000000000, 0.000000000000000, 0.000000000000000 ) );
#3234 = SURFACE_STYLE_FILL_AREA( #6187 );
#3235 = ORIENTED_EDGE( '', *, *, #6188, .F. );
#3236 = ORIENTED_EDGE( '', *, *, #6026, .F. );
#3237 = ORIENTED_EDGE( '', *, *, #6189, .F. );
#3238 = ORIENTED_EDGE( '', *, *, #6190, .T. );
#3239 = CARTESIAN_POINT( '', ( 0.212500000000000, 0.0650000000000000, -0.0375000000000000 ) );
#3240 = DIRECTION( '', ( 0.000000000000000, -1.00000000000000, 3.41480999208033E-16 ) );
#3241 = DIRECTION( '', ( 0.000000000000000, -3.41480999208033E-16, -1.00000000000000 ) );
#3242 = SURFACE_STYLE_FILL_AREA( #6191 );
#3243 = ORIENTED_EDGE( '', *, *, #6186, .T. );
#3244 = ORIENTED_EDGE( '', *, *, #6134, .T. );
#3245 = ORIENTED_EDGE( '', *, *, #6192, .T. );
#3246 = ORIENTED_EDGE( '', *, *, #6193, .F. );
#3247 = CARTESIAN_POINT( '', ( -0.227000000000000, 0.305000000000000, 0.0500000000000000 ) );
#3248 = DIRECTION( '', ( 0.999390827019096, 0.0348994967025011, -0.000000000000000 ) );
#3249 = DIRECTION( '', ( -0.0348994967025011, 0.999390827019096, 0.000000000000000 ) );
#3250 = SURFACE_STYLE_FILL_AREA( #6194 );
#3251 = ORIENTED_EDGE( '', *, *, #6195, .F. );
#3252 = ORIENTED_EDGE( '', *, *, #6196, .T. );
#3253 = ORIENTED_EDGE( '', *, *, #6197, .F. );
#3254 = ORIENTED_EDGE( '', *, *, #6198, .F. );
#3255 = CARTESIAN_POINT( '', ( 0.212500000000000, -0.0475000000000000, -0.223750000000000 ) );
#3256 = DIRECTION( '', ( 0.000000000000000, -1.00000000000000, -1.25314128149737E-16 ) );
#3257 = DIRECTION( '', ( 0.000000000000000, 1.25314128149737E-16, -1.00000000000000 ) );
#3258 = SURFACE_STYLE_FILL_AREA( #6199 );
#3259 = ORIENTED_EDGE( '', *, *, #6200, .F. );
#3260 = ORIENTED_EDGE( '', *, *, #6201, .F. );
#3261 = ORIENTED_EDGE( '', *, *, #6202, .F. );
#3262 = ORIENTED_EDGE( '', *, *, #6065, .T. );
#3263 = CARTESIAN_POINT( '', ( 0.212500000000000, 0.298750000000000, 0.0375000000000000 ) );
#3264 = DIRECTION( '', ( 0.000000000000000, -0.707106781186549, 0.707106781186546 ) );
#3265 = DIRECTION( '', ( 0.000000000000000, -0.707106781186546, -0.707106781186549 ) );
#3266 = SURFACE_STYLE_FILL_AREA( #6203 );
#3267 = ORIENTED_EDGE( '', *, *, #6204, .T. );
#3268 = ORIENTED_EDGE( '', *, *, #6205, .T. );
#3269 = ORIENTED_EDGE( '', *, *, #6206, .T. );
#3270 = ORIENTED_EDGE( '', *, *, #6207, .F. );
#3271 = CARTESIAN_POINT( '', ( 0.0125000000000001, 0.0600000000000000, 0.145000000000000 ) );
#3272 = DIRECTION( '', ( 0.000000000000000, 1.00000000000000, 0.000000000000000 ) );
#3273 = DIRECTION( '', ( 0.000000000000000, -0.000000000000000, 1.00000000000000 ) );
#3274 = SURFACE_STYLE_FILL_AREA( #6208 );
#3275 = ORIENTED_EDGE( '', *, *, #6209, .F. );
#3276 = ORIENTED_EDGE( '', *, *, #6210, .F. );
#3277 = ORIENTED_EDGE( '', *, *, #6211, .F. );
#3278 = ORIENTED_EDGE( '', *, *, #6212, .F. );
#3279 = ORIENTED_EDGE( '', *, *, #6213, .F. );
#3280 = ORIENTED_EDGE( '', *, *, #6214, .T. );
#3281 = ORIENTED_EDGE( '', *, *, #6169, .F. );
#3282 = ORIENTED_EDGE( '', *, *, #6215, .F. );
#3283 = ORIENTED_EDGE( '', *, *, #6216, .T. );
#3284 = ORIENTED_EDGE( '', *, *, #6217, .T. );
#3285 = CARTESIAN_POINT( '', ( -0.144950000000000, 0.0900000000000000, -0.00500000000000000 ) );
#3286 = DIRECTION( '', ( 0.000000000000000, 0.000000000000000, 1.00000000000000 ) );
#3287 = DIRECTION( '', ( 1.00000000000000, 0.000000000000000, -0.000000000000000 ) );
#3288 = SURFACE_STYLE_FILL_AREA( #6218 );
#3289 = ORIENTED_EDGE( '', *, *, #6030, .F. );
#3290 = ORIENTED_EDGE( '', *, *, #6219, .T. );
#3291 = ORIENTED_EDGE( '', *, *, #6220, .F. );
#3292 = ORIENTED_EDGE( '', *, *, #6221, .F. );
#3293 = CARTESIAN_POINT( '', ( 0.212500000000000, -0.0725000000000000, -0.0875000000000000 ) );
#3294 = DIRECTION( '', ( -0.000000000000000, 1.00000000000000, 1.25314128149737E-16 ) );
#3295 = DIRECTION( '', ( 0.000000000000000, -1.25314128149737E-16, 1.00000000000000 ) );
#3296 = SURFACE_STYLE_FILL_AREA( #6222 );
#3297 = ORIENTED_EDGE( '', *, *, #6223, .F. );
#3298 = ORIENTED_EDGE( '', *, *, #6224, .T. );
#3299 = ORIENTED_EDGE( '', *, *, #6225, .T. );
#3300 = ORIENTED_EDGE( '', *, *, #6226, .F. );
#3301 = CARTESIAN_POINT( '', ( 0.212500000000000, 0.305000000000000, 0.0437500000000000 ) );
#3302 = DIRECTION( '', ( 0.000000000000000, -1.00000000000000, 0.000000000000000 ) );
#3303 = DIRECTION( '', ( 0.000000000000000, 0.000000000000000, -1.00000000000000 ) );
#3304 = SURFACE_STYLE_FILL_AREA( #6227 );
#3305 = ORIENTED_EDGE( '', *, *, #6228, .T. );
#3306 = ORIENTED_EDGE( '', *, *, #6229, .T. );
#3307 = ORIENTED_EDGE( '', *, *, #6230, .T. );
#3308 = ORIENTED_EDGE( '', *, *, #6231, .F. );
#3309 = CARTESIAN_POINT( '', ( 0.212500000000000, -0.166250000000000, -0.230000000000000 ) );
#3310 = DIRECTION( '', ( 0.000000000000000, 0.000000000000000, 1.00000000000000 ) );
#3311 = DIRECTION( '', ( 1.00000000000000, 0.000000000000000, -0.000000000000000 ) );
#3312 = SURFACE_STYLE_FILL_AREA( #6232 );
#3313 = ORIENTED_EDGE( '', *, *, #6233, .F. );
#3314 = ORIENTED_EDGE( '', *, *, #6234, .F. );
#3315 = ORIENTED_EDGE( '', *, *, #6235, .F. );
#3316 = ORIENTED_EDGE( '', *, *, #6236, .T. );
#3317 = CARTESIAN_POINT( '', ( 0.212500000000000, -0.147500000000000, -0.223750000000000 ) );
#3318 = DIRECTION( '', ( 0.000000000000000, -1.00000000000000, -7.22711109434991E-17 ) );
#3319 = DIRECTION( '', ( 0.000000000000000, 7.22711109434991E-17, -1.00000000000000 ) );
#3320 = SURFACE_STYLE_FILL_AREA( #6237 );
#3321 = ORIENTED_EDGE( '', *, *, #6238, .F. );
#3322 = ORIENTED_EDGE( '', *, *, #6239, .F. );
#3323 = ORIENTED_EDGE( '', *, *, #6240, .F. );
#3324 = ORIENTED_EDGE( '', *, *, #6241, .T. );
#3325 = CARTESIAN_POINT( '', ( 0.212500000000000, 0.0650000000000000, 0.0375000000000000 ) );
#3326 = DIRECTION( '', ( 0.000000000000000, 0.000000000000000, 1.00000000000000 ) );
#3327 = DIRECTION( '', ( 1.00000000000000, 0.000000000000000, -0.000000000000000 ) );
#3328 = SURFACE_STYLE_FILL_AREA( #6242 );
#3329 = ORIENTED_EDGE( '', *, *, #6243, .F. );
#3330 = ORIENTED_EDGE( '', *, *, #6244, .T. );
#3331 = ORIENTED_EDGE( '', *, *, #6046, .F. );
#3332 = ORIENTED_EDGE( '', *, *, #6245, .F. );
#3333 = CARTESIAN_POINT( '', ( 0.212500000000000, -0.122500000000000, 0.0375000000000000 ) );
#3334 = DIRECTION( '', ( 0.000000000000000, 0.000000000000000, 1.00000000000000 ) );
#3335 = DIRECTION( '', ( 1.00000000000000, 0.000000000000000, -0.000000000000000 ) );
#3336 = SURFACE_STYLE_FILL_AREA( #6246 );
#3337 = ORIENTED_EDGE( '', *, *, #6247, .F. );
#3338 = ORIENTED_EDGE( '', *, *, #6248, .F. );
#3339 = ORIENTED_EDGE( '', *, *, #6249, .F. );
#3340 = ORIENTED_EDGE( '', *, *, #6250, .T. );
#3341 = CARTESIAN_POINT( '', ( 0.212500000000000, -0.0475000000000000, -0.223750000000000 ) );
#3342 = DIRECTION( '', ( 0.000000000000000, -1.00000000000000, -1.25314128149737E-16 ) );
#3343 = DIRECTION( '', ( 0.000000000000000, 1.25314128149737E-16, -1.00000000000000 ) );
#3344 = SURFACE_STYLE_FILL_AREA( #6251 );
#3345 = ORIENTED_EDGE( '', *, *, #6252, .F. );
#3346 = ORIENTED_EDGE( '', *, *, #6253, .T. );
#3347 = ORIENTED_EDGE( '', *, *, #6254, .T. );
#3348 = ORIENTED_EDGE( '', *, *, #6162, .F. );
#3349 = CARTESIAN_POINT( '', ( 0.212500000000000, 0.305000000000000, -0.0562500000000000 ) );
#3350 = DIRECTION( '', ( 0.000000000000000, -1.00000000000000, 0.000000000000000 ) );
#3351 = DIRECTION( '', ( 0.000000000000000, 0.000000000000000, -1.00000000000000 ) );
#3352 = SURFACE_STYLE_FILL_AREA( #6255 );
#3353 = ORIENTED_EDGE( '', *, *, #6256, .F. );
#3354 = ORIENTED_EDGE( '', *, *, #6257, .T. );
#3355 = ORIENTED_EDGE( '', *, *, #6198, .T. );
#3356 = ORIENTED_EDGE( '', *, *, #6258, .T. );
#3357 = CARTESIAN_POINT( '', ( 0.212500000000000, -0.0225000000000000, -0.0875000000000000 ) );
#3358 = DIRECTION( '', ( 1.00000000000000, -0.000000000000000, -0.000000000000000 ) );
#3359 = DIRECTION( '', ( 0.000000000000000, 0.000000000000000, 1.00000000000000 ) );
#3360 = SURFACE_STYLE_FILL_AREA( #6259 );
#3361 = ORIENTED_EDGE( '', *, *, #6260, .T. );
#3362 = ORIENTED_EDGE( '', *, *, #6261, .T. );
#3363 = ORIENTED_EDGE( '', *, *, #6262, .T. );
#3364 = ORIENTED_EDGE( '', *, *, #6263, .F. );
#3365 = CARTESIAN_POINT( '', ( 0.212500000000000, -0.166250000000000, -0.230000000000000 ) );
#3366 = DIRECTION( '', ( 0.000000000000000, 0.000000000000000, 1.00000000000000 ) );
#3367 = DIRECTION( '', ( 1.00000000000000, 0.000000000000000, -0.000000000000000 ) );
#3368 = SURFACE_STYLE_FILL_AREA( #6264 );
#3369 = ORIENTED_EDGE( '', *, *, #6029, .F. );
#3370 = ORIENTED_EDGE( '', *, *, #6265, .T. );
#3371 = ORIENTED_EDGE( '', *, *, #6266, .F. );
#3372 = ORIENTED_EDGE( '', *, *, #6219, .F. );
#3373 = CARTESIAN_POINT( '', ( 0.212500000000000, -0.0225000000000000, -0.0875000000000000 ) );
#3374 = DIRECTION( '', ( 1.00000000000000, -0.000000000000000, -0.000000000000000 ) );
#3375 = DIRECTION( '', ( 0.000000000000000, 0.000000000000000, 1.00000000000000 ) );
#3376 = SURFACE_STYLE_FILL_AREA( #6267 );
#3377 = ORIENTED_EDGE( '', *, *, #6268, .T. );
#3378 = ORIENTED_EDGE( '', *, *, #6269, .T. );
#3379 = ORIENTED_EDGE( '', *, *, #6270, .F. );
#3380 = ORIENTED_EDGE( '', *, *, #6271, .T. );
#3381 = ORIENTED_EDGE( '', *, *, #6272, .T. );
#3382 = ORIENTED_EDGE( '', *, *, #6273, .T. );
#3383 = CARTESIAN_POINT( '', ( 0.257500000000000, -0.0200000000000000, 0.145000000000000 ) );
#3384 = DIRECTION( '', ( -1.00000000000000, 0.000000000000000, 0.000000000000000 ) );
#3385 = DIRECTION( '', ( 0.000000000000000, 0.000000000000000, 1.00000000000000 ) );
#3386 = SURFACE_STYLE_FILL_AREA( #6274 );
#3387 = ORIENTED_EDGE( '', *, *, #6275, .F. );
#3388 = ORIENTED_EDGE( '', *, *, #6164, .T. );
#3389 = ORIENTED_EDGE( '', *, *, #6276, .T. );
#3390 = ORIENTED_EDGE( '', *, *, #6277, .F. );
#3391 = CARTESIAN_POINT( '', ( 0.212500000000000, 0.298750000000000, -0.0375000000000000 ) );
#3392 = DIRECTION( '', ( 0.000000000000000, 0.000000000000000, -1.00000000000000 ) );
#3393 = DIRECTION( '', ( -1.00000000000000, 0.000000000000000, 0.000000000000000 ) );
#3394 = SURFACE_STYLE_FILL_AREA( #6278 );
#3395 = ORIENTED_EDGE( '', *, *, #6279, .F. );
#3396 = ORIENTED_EDGE( '', *, *, #6280, .T. );
#3397 = ORIENTED_EDGE( '', *, *, #6281, .T. );
#3398 = ORIENTED_EDGE( '', *, *, #6282, .F. );
#3399 = CARTESIAN_POINT( '', ( 0.212500000000000, 0.0650000000000000, 0.0375000000000000 ) );
#3400 = DIRECTION( '', ( 0.000000000000000, 0.000000000000000, 1.00000000000000 ) );
#3401 = DIRECTION( '', ( 1.00000000000000, 0.000000000000000, -0.000000000000000 ) );
#3402 = SURFACE_STYLE_FILL_AREA( #6283 );
#3403 = ORIENTED_EDGE( '', *, *, #6284, .F. );
#3404 = ORIENTED_EDGE( '', *, *, #6172, .T. );
#3405 = ORIENTED_EDGE( '', *, *, #6051, .F. );
#3406 = ORIENTED_EDGE( '', *, *, #6285, .F. );
#3407 = CARTESIAN_POINT( '', ( 0.212500000000000, -0.172500000000000, -0.223750000000000 ) );
#3408 = DIRECTION( '', ( -0.000000000000000, 0.707106781186549, 0.707106781186546 ) );
#3409 = DIRECTION( '', ( 0.000000000000000, -0.707106781186545, 0.707106781186549 ) );
#3410 = SURFACE_STYLE_FILL_AREA( #6286 );
#3411 = ORIENTED_EDGE( '', *, *, #6287, .F. );
#3412 = ORIENTED_EDGE( '', *, *, #6288, .T. );
#3413 = ORIENTED_EDGE( '', *, *, #6082, .T. );
#3414 = ORIENTED_EDGE( '', *, *, #6289, .F. );
#3415 = CARTESIAN_POINT( '', ( -0.0325000000000000, 0.0200000000000000, 0.145000000000000 ) );
#3416 = DIRECTION( '', ( 1.00000000000000, 0.000000000000000, -0.000000000000000 ) );
#3417 = DIRECTION( '', ( -0.000000000000000, 0.000000000000000, -1.00000000000000 ) );
#3418 = SURFACE_STYLE_FILL_AREA( #6290 );
#3419 = ORIENTED_EDGE( '', *, *, #6291, .F. );
#3420 = ORIENTED_EDGE( '', *, *, #6292, .T. );
#3421 = ORIENTED_EDGE( '', *, *, #6129, .T. );
#3422 = ORIENTED_EDGE( '', *, *, #6293, .F. );
#3423 = CARTESIAN_POINT( '', ( 0.280000000000000, 0.000000000000000, -0.115000000000000 ) );
#3424 = DIRECTION( '', ( -0.000000000000000, 1.00000000000000, 0.000000000000000 ) );
#3425 = DIRECTION( '', ( 0.000000000000000, -0.000000000000000, 1.00000000000000 ) );
#3426 = SURFACE_STYLE_FILL_AREA( #6294 );
#3427 = ORIENTED_EDGE( '', *, *, #6295, .F. );
#3428 = ORIENTED_EDGE( '', *, *, #6099, .F. );
#3429 = ORIENTED_EDGE( '', *, *, #6296, .F. );
#3430 = ORIENTED_EDGE( '', *, *, #6297, .T. );
#3431 = CARTESIAN_POINT( '', ( 0.212500000000000, 0.298750000000000, -0.0625000000000000 ) );
#3432 = DIRECTION( '', ( 0.000000000000000, -0.707106781186549, 0.707106781186546 ) );
#3433 = DIRECTION( '', ( 0.000000000000000, -0.707106781186545, -0.707106781186549 ) );
#3434 = SURFACE_STYLE_FILL_AREA( #6298 );
#3435 = ORIENTED_EDGE( '', *, *, #6299, .F. );
#3436 = ORIENTED_EDGE( '', *, *, #6300, .F. );
#3437 = ORIENTED_EDGE( '', *, *, #6301, .F. );
#3438 = ORIENTED_EDGE( '', *, *, #6302, .T. );
#3439 = CARTESIAN_POINT( '', ( 0.212500000000000, 0.305000000000000, 0.0437500000000000 ) );
#3440 = DIRECTION( '', ( 0.000000000000000, -1.00000000000000, 0.000000000000000 ) );
#3441 = DIRECTION( '', ( 0.000000000000000, 0.000000000000000, -1.00000000000000 ) );
#3442 = SURFACE_STYLE_FILL_AREA( #6303 );
#3443 = ORIENTED_EDGE( '', *, *, #6304, .T. );
#3444 = ORIENTED_EDGE( '', *, *, #6305, .T. );
#3445 = ORIENTED_EDGE( '', *, *, #6306, .F. );
#3446 = ORIENTED_EDGE( '', *, *, #6307, .T. );
#3447 = CARTESIAN_POINT( '', ( -0.144950000000000, 0.0900000000000000, -0.114900000000000 ) );
#3448 = DIRECTION( '', ( -1.00000000000000, 0.000000000000000, 0.000000000000000 ) );
#3449 = DIRECTION( '', ( 0.000000000000000, 0.000000000000000, 1.00000000000000 ) );
#3450 = SURFACE_STYLE_FILL_AREA( #6308 );
#3451 = ORIENTED_EDGE( '', *, *, #6309, .F. );
#3452 = ORIENTED_EDGE( '', *, *, #6154, .T. );
#3453 = ORIENTED_EDGE( '', *, *, #6310, .T. );
#3454 = ORIENTED_EDGE( '', *, *, #6311, .F. );
#3455 = CARTESIAN_POINT( '', ( 0.280000000000000, 0.000000000000000, -0.115000000000000 ) );
#3456 = DIRECTION( '', ( -0.000000000000000, 1.00000000000000, 0.000000000000000 ) );
#3457 = DIRECTION( '', ( 0.000000000000000, -0.000000000000000, 1.00000000000000 ) );
#3458 = SURFACE_STYLE_FILL_AREA( #6312 );
#3459 = ORIENTED_EDGE( '', *, *, #6313, .F. );
#3460 = ORIENTED_EDGE( '', *, *, #6314, .T. );
#3461 = ORIENTED_EDGE( '', *, *, #6315, .T. );
#3462 = ORIENTED_EDGE( '', *, *, #6316, .T. );
#3463 = CARTESIAN_POINT( '', ( 0.212500000000000, -0.122500000000000, 0.0125000000000000 ) );
#3464 = DIRECTION( '', ( 1.00000000000000, -0.000000000000000, -0.000000000000000 ) );
#3465 = DIRECTION( '', ( 0.000000000000000, 0.000000000000000, 1.00000000000000 ) );
#3466 = SURFACE_STYLE_FILL_AREA( #6317 );
#3467 = ORIENTED_EDGE( '', *, *, #6318, .T. );
#3468 = ORIENTED_EDGE( '', *, *, #6319, .T. );
#3469 = ORIENTED_EDGE( '', *, *, #6320, .T. );
#3470 = ORIENTED_EDGE( '', *, *, #6321, .T. );
#3471 = CARTESIAN_POINT( '', ( 0.200000000000000, 0.0900000000000000, -0.120000000000000 ) );
#3472 = DIRECTION( '', ( 0.000000000000000, 1.00000000000000, -0.000000000000000 ) );
#3473 = DIRECTION( '', ( 0.000000000000000, 0.000000000000000, 1.00000000000000 ) );
#3474 = SURFACE_STYLE_FILL_AREA( #6322 );
#3475 = ORIENTED_EDGE( '', *, *, #6323, .T. );
#3476 = ORIENTED_EDGE( '', *, *, #6324, .T. );
#3477 = ORIENTED_EDGE( '', *, *, #6325, .T. );
#3478 = ORIENTED_EDGE( '', *, *, #6326, .F. );
#3479 = ORIENTED_EDGE( '', *, *, #6327, .T. );
#3480 = ORIENTED_EDGE( '', *, *, #6328, .T. );
#3481 = ORIENTED_EDGE( '', *, *, #6329, .F. );
#3482 = ORIENTED_EDGE( '', *, *, #6330, .T. );
#3483 = ORIENTED_EDGE( '', *, *, #6220, .T. );
#3484 = ORIENTED_EDGE( '', *, *, #6266, .T. );
#3485 = CARTESIAN_POINT( '', ( -0.0125000000000000, -0.200000000000000, 0.145000000000000 ) );
#3486 = DIRECTION( '', ( -1.00000000000000, 0.000000000000000, 0.000000000000000 ) );
#3487 = DIRECTION( '', ( 0.000000000000000, 0.000000000000000, 1.00000000000000 ) );
#3488 = SURFACE_STYLE_FILL_AREA( #6331 );
#3489 = ORIENTED_EDGE( '', *, *, #6034, .F. );
#3490 = ORIENTED_EDGE( '', *, *, #6332, .T. );
#3491 = ORIENTED_EDGE( '', *, *, #6327, .F. );
#3492 = ORIENTED_EDGE( '', *, *, #6333, .F. );
#3493 = CARTESIAN_POINT( '', ( 0.212500000000000, -0.0475000000000000, -0.223750000000000 ) );
#3494 = DIRECTION( '', ( 0.000000000000000, -1.00000000000000, -1.25314128149737E-16 ) );
#3495 = DIRECTION( '', ( 0.000000000000000, 1.25314128149737E-16, -1.00000000000000 ) );
#3496 = SURFACE_STYLE_FILL_AREA( #6334 );
#3497 = ORIENTED_EDGE( '', *, *, #6335, .T. );
#3498 = ORIENTED_EDGE( '', *, *, #6336, .T. );
#3499 = ORIENTED_EDGE( '', *, *, #6337, .T. );
#3500 = ORIENTED_EDGE( '', *, *, #6338, .F. );
#3501 = CARTESIAN_POINT( '', ( -0.0875000000000000, 0.0600000000000000, 0.145000000000000 ) );
#3502 = DIRECTION( '', ( 0.000000000000000, 1.00000000000000, 0.000000000000000 ) );
#3503 = DIRECTION( '', ( 0.000000000000000, -0.000000000000000, 1.00000000000000 ) );
#3504 = SURFACE_STYLE_FILL_AREA( #6339 );
#3505 = ORIENTED_EDGE( '', *, *, #6340, .T. );
#3506 = ORIENTED_EDGE( '', *, *, #6341, .F. );
#3507 = ORIENTED_EDGE( '', *, *, #6342, .T. );
#3508 = ORIENTED_EDGE( '', *, *, #6343, .T. );
#3509 = CARTESIAN_POINT( '', ( -0.0270000000000000, 0.305000000000000, 0.0500000000000000 ) );
#3510 = DIRECTION( '', ( 0.999390827019096, 0.0348994967025013, -0.000000000000000 ) );
#3511 = DIRECTION( '', ( -0.0348994967025013, 0.999390827019096, 0.000000000000000 ) );
#3512 = SURFACE_STYLE_FILL_AREA( #6344 );
#3513 = ORIENTED_EDGE( '', *, *, #6345, .F. );
#3514 = ORIENTED_EDGE( '', *, *, #6346, .T. );
#3515 = ORIENTED_EDGE( '', *, *, #6148, .T. );
#3516 = ORIENTED_EDGE( '', *, *, #6347, .F. );
#3517 = CARTESIAN_POINT( '', ( 0.0325000000000000, 0.000000000000000, 0.145000000000000 ) );
#3518 = DIRECTION( '', ( -1.00000000000000, 0.000000000000000, 0.000000000000000 ) );
#3519 = DIRECTION( '', ( 0.000000000000000, 0.000000000000000, 1.00000000000000 ) );
#3520 = SURFACE_STYLE_FILL_AREA( #6348 );
#3521 = ORIENTED_EDGE( '', *, *, #6349, .F. );
#3522 = ORIENTED_EDGE( '', *, *, #6350, .F. );
#3523 = ORIENTED_EDGE( '', *, *, #6351, .F. );
#3524 = ORIENTED_EDGE( '', *, *, #6352, .T. );
#3525 = CARTESIAN_POINT( '', ( 0.212500000000000, -0.172500000000000, 0.0125000000000000 ) );
#3526 = DIRECTION( '', ( -0.000000000000000, 1.00000000000000, 0.000000000000000 ) );
#3527 = DIRECTION( '', ( 0.000000000000000, -0.000000000000000, 1.00000000000000 ) );
#3528 = SURFACE_STYLE_FILL_AREA( #6353 );
#3529 = ORIENTED_EDGE( '', *, *, #6354, .T. );
#3530 = ORIENTED_EDGE( '', *, *, #6355, .F. );
#3531 = ORIENTED_EDGE( '', *, *, #6356, .T. );
#3532 = ORIENTED_EDGE( '', *, *, #6357, .F. );
#3533 = CARTESIAN_POINT( '', ( 0.275000000000000, 0.320000000000000, 0.0750000000000000 ) );
#3534 = DIRECTION( '', ( 0.000000000000000, 0.000000000000000, -1.00000000000000 ) );
#3535 = DIRECTION( '', ( -1.00000000000000, 0.000000000000000, 0.000000000000000 ) );
#3536 = SURFACE_STYLE_FILL_AREA( #6358 );
#3537 = ORIENTED_EDGE( '', *, *, #6359, .F. );
#3538 = ORIENTED_EDGE( '', *, *, #6360, .F. );
#3539 = ORIENTED_EDGE( '', *, *, #6361, .F. );
#3540 = ORIENTED_EDGE( '', *, *, #6137, .T. );
#3541 = CARTESIAN_POINT( '', ( 0.212500000000000, 0.305000000000000, -0.0437500000000000 ) );
#3542 = DIRECTION( '', ( 0.000000000000000, -0.707106781186549, -0.707106781186546 ) );
#3543 = DIRECTION( '', ( 0.000000000000000, 0.707106781186546, -0.707106781186549 ) );
#3544 = SURFACE_STYLE_FILL_AREA( #6362 );
#3545 = ORIENTED_EDGE( '', *, *, #6363, .F. );
#3546 = ORIENTED_EDGE( '', *, *, #6364, .T. );
#3547 = ORIENTED_EDGE( '', *, *, #6365, .T. );
#3548 = ORIENTED_EDGE( '', *, *, #6366, .F. );
#3549 = CARTESIAN_POINT( '', ( 0.280000000000000, 0.000000000000000, -0.115000000000000 ) );
#3550 = DIRECTION( '', ( -0.000000000000000, 1.00000000000000, 0.000000000000000 ) );
#3551 = DIRECTION( '', ( 0.000000000000000, -0.000000000000000, 1.00000000000000 ) );
#3552 = SURFACE_STYLE_FILL_AREA( #6367 );
#3553 = ORIENTED_EDGE( '', *, *, #6368, .F. );
#3554 = ORIENTED_EDGE( '', *, *, #6369, .T. );
#3555 = ORIENTED_EDGE( '', *, *, #6370, .F. );
#3556 = ORIENTED_EDGE( '', *, *, #6371, .F. );
#3557 = CARTESIAN_POINT( '', ( 0.212500000000000, -0.122500000000000, 0.0125000000000000 ) );
#3558 = DIRECTION( '', ( 1.00000000000000, -0.000000000000000, -0.000000000000000 ) );
#3559 = DIRECTION( '', ( 0.000000000000000, 0.000000000000000, 1.00000000000000 ) );
#3560 = SURFACE_STYLE_FILL_AREA( #6372 );
#3561 = ORIENTED_EDGE( '', *, *, #6373, .F. );
#3562 = ORIENTED_EDGE( '', *, *, #6374, .T. );
#3563 = ORIENTED_EDGE( '', *, *, #6375, .T. );
#3564 = ORIENTED_EDGE( '', *, *, #6376, .F. );
#3565 = CARTESIAN_POINT( '', ( 0.212500000000000, -0.0537500000000000, -0.230000000000000 ) );
#3566 = DIRECTION( '', ( 0.000000000000000, -0.707106781186548, 0.707106781186548 ) );
#3567 = DIRECTION( '', ( 0.000000000000000, -0.707106781186547, -0.707106781186547 ) );
#3568 = SURFACE_STYLE_FILL_AREA( #6377 );
#3569 = ORIENTED_EDGE( '', *, *, #6378, .F. );
#3570 = ORIENTED_EDGE( '', *, *, #6379, .T. );
#3571 = ORIENTED_EDGE( '', *, *, #6380, .T. );
#3572 = ORIENTED_EDGE( '', *, *, #6381, .F. );
#3573 = CARTESIAN_POINT( '', ( 0.167500000000000, 0.0200000000000000, 0.145000000000000 ) );
#3574 = DIRECTION( '', ( 1.00000000000000, 0.000000000000000, -0.000000000000000 ) );
#3575 = DIRECTION( '', ( -0.000000000000000, 0.000000000000000, -1.00000000000000 ) );
#3576 = SURFACE_STYLE_FILL_AREA( #6382 );
#3577 = ORIENTED_EDGE( '', *, *, #6383, .T. );
#3578 = ORIENTED_EDGE( '', *, *, #6384, .T. );
#3579 = ORIENTED_EDGE( '', *, *, #6106, .T. );
#3580 = ORIENTED_EDGE( '', *, *, #6385, .T. );
#3581 = ORIENTED_EDGE( '', *, *, #6238, .T. );
#3582 = ORIENTED_EDGE( '', *, *, #6386, .T. );
#3583 = ORIENTED_EDGE( '', *, *, #6387, .T. );
#3584 = ORIENTED_EDGE( '', *, *, #6388, .T. );
#3585 = ORIENTED_EDGE( '', *, *, #6096, .T. );
#3586 = ORIENTED_EDGE( '', *, *, #6295, .T. );
#3587 = ORIENTED_EDGE( '', *, *, #6389, .T. );
#3588 = ORIENTED_EDGE( '', *, *, #6390, .F. );
#3589 = CARTESIAN_POINT( '', ( 0.187500000000000, 0.0600000000000000, 0.145000000000000 ) );
#3590 = DIRECTION( '', ( -1.00000000000000, 0.000000000000000, 0.000000000000000 ) );
#3591 = DIRECTION( '', ( 0.000000000000000, 0.000000000000000, 1.00000000000000 ) );
#3592 = SURFACE_STYLE_FILL_AREA( #6391 );
#3593 = ORIENTED_EDGE( '', *, *, #6392, .T. );
#3594 = ORIENTED_EDGE( '', *, *, #6393, .T. );
#3595 = ORIENTED_EDGE( '', *, *, #6394, .T. );
#3596 = ORIENTED_EDGE( '', *, *, #6395, .F. );
#3597 = ORIENTED_EDGE( '', *, *, #6247, .T. );
#3598 = ORIENTED_EDGE( '', *, *, #6396, .T. );
#3599 = ORIENTED_EDGE( '', *, *, #6397, .F. );
#3600 = ORIENTED_EDGE( '', *, *, #6398, .T. );
#3601 = ORIENTED_EDGE( '', *, *, #6399, .T. );
#3602 = ORIENTED_EDGE( '', *, *, #6400, .T. );
#3603 = CARTESIAN_POINT( '', ( 0.187500000000000, -0.200000000000000, 0.145000000000000 ) );
#3604 = DIRECTION( '', ( -1.00000000000000, 0.000000000000000, 0.000000000000000 ) );
#3605 = DIRECTION( '', ( 0.000000000000000, 0.000000000000000, 1.00000000000000 ) );
#3606 = SURFACE_STYLE_FILL_AREA( #6401 );
#3607 = ORIENTED_EDGE( '', *, *, #6402, .T. );
#3608 = ORIENTED_EDGE( '', *, *, #6403, .T. );
#3609 = ORIENTED_EDGE( '', *, *, #6213, .T. );
#3610 = ORIENTED_EDGE( '', *, *, #6404, .F. );
#3611 = CARTESIAN_POINT( '', ( -0.0730000000000000, 0.305000000000000, 0.0500000000000000 ) );
#3612 = DIRECTION( '', ( -0.848048096156426, 0.529919264233205, 0.000000000000000 ) );
#3613 = DIRECTION( '', ( -0.529919264233205, -0.848048096156426, 0.000000000000000 ) );
#3614 = SURFACE_STYLE_FILL_AREA( #6405 );
#3615 = ORIENTED_EDGE( '', *, *, #6406, .F. );
#3616 = ORIENTED_EDGE( '', *, *, #6158, .F. );
#3617 = ORIENTED_EDGE( '', *, *, #6407, .F. );
#3618 = ORIENTED_EDGE( '', *, *, #6176, .F. );
#3619 = ORIENTED_EDGE( '', *, *, #6408, .F. );
#3620 = ORIENTED_EDGE( '', *, *, #6337, .F. );
#3621 = ORIENTED_EDGE( '', *, *, #6409, .F. );
#3622 = ORIENTED_EDGE( '', *, *, #6410, .F. );
#3623 = ORIENTED_EDGE( '', *, *, #6411, .F. );
#3624 = ORIENTED_EDGE( '', *, *, #6206, .F. );
#3625 = ORIENTED_EDGE( '', *, *, #6412, .F. );
#3626 = ORIENTED_EDGE( '', *, *, #6413, .F. );
#3627 = ORIENTED_EDGE( '', *, *, #6414, .F. );
#3628 = ORIENTED_EDGE( '', *, *, #6415, .F. );
#3629 = ORIENTED_EDGE( '', *, *, #6389, .F. );
#3630 = ORIENTED_EDGE( '', *, *, #6297, .F. );
#3631 = ORIENTED_EDGE( '', *, *, #6416, .F. );
#3632 = ORIENTED_EDGE( '', *, *, #6417, .T. );
#3633 = ORIENTED_EDGE( '', *, *, #6394, .F. );
#3634 = ORIENTED_EDGE( '', *, *, #6418, .F. );
#3635 = ORIENTED_EDGE( '', *, *, #6419, .F. );
#3636 = ORIENTED_EDGE( '', *, *, #6420, .T. );
#3637 = ORIENTED_EDGE( '', *, *, #6421, .F. );
#3638 = ORIENTED_EDGE( '', *, *, #6422, .F. );
#3639 = ORIENTED_EDGE( '', *, *, #6036, .F. );
#3640 = ORIENTED_EDGE( '', *, *, #6423, .T. );
#3641 = ORIENTED_EDGE( '', *, *, #6325, .F. );
#3642 = ORIENTED_EDGE( '', *, *, #6424, .F. );
#3643 = ORIENTED_EDGE( '', *, *, #6425, .F. );
#3644 = ORIENTED_EDGE( '', *, *, #6256, .T. );
#3645 = ORIENTED_EDGE( '', *, *, #6426, .F. );
#3646 = ORIENTED_EDGE( '', *, *, #6427, .F. );
#3647 = ORIENTED_EDGE( '', *, *, #6428, .F. );
#3648 = ORIENTED_EDGE( '', *, *, #6429, .T. );
#3649 = ORIENTED_EDGE( '', *, *, #6430, .T. );
#3650 = ORIENTED_EDGE( '', *, *, #6431, .F. );
#3651 = CARTESIAN_POINT( '', ( 0.212500000000000, -0.0225000000000000, -0.0625000000000000 ) );
#3652 = DIRECTION( '', ( 0.000000000000000, 0.000000000000000, 1.00000000000000 ) );
#3653 = DIRECTION( '', ( 1.00000000000000, 0.000000000000000, -0.000000000000000 ) );
#3654 = SURFACE_STYLE_FILL_AREA( #6432 );
#3655 = ORIENTED_EDGE( '', *, *, #6433, .T. );
#3656 = ORIENTED_EDGE( '', *, *, #6434, .F. );
#3657 = ORIENTED_EDGE( '', *, *, #6435, .F. );
#3658 = ORIENTED_EDGE( '', *, *, #6003, .F. );
#3659 = ORIENTED_EDGE( '', *, *, #6436, .T. );
#3660 = ORIENTED_EDGE( '', *, *, #6437, .T. );
#3661 = CARTESIAN_POINT( '', ( 0.257500000000000, -0.0200000000000000, 0.145000000000000 ) );
#3662 = DIRECTION( '', ( -1.00000000000000, 0.000000000000000, 0.000000000000000 ) );
#3663 = DIRECTION( '', ( 0.000000000000000, 0.000000000000000, 1.00000000000000 ) );
#3664 = SURFACE_STYLE_FILL_AREA( #6438 );
#3665 = ORIENTED_EDGE( '', *, *, #6439, .F. );
#3666 = ORIENTED_EDGE( '', *, *, #6371, .T. );
#3667 = ORIENTED_EDGE( '', *, *, #6440, .F. );
#3668 = ORIENTED_EDGE( '', *, *, #6441, .F. );
#3669 = CARTESIAN_POINT( '', ( 0.212500000000000, -0.172500000000000, 0.0125000000000000 ) );
#3670 = DIRECTION( '', ( -0.000000000000000, 1.00000000000000, 0.000000000000000 ) );
#3671 = DIRECTION( '', ( 0.000000000000000, -0.000000000000000, 1.00000000000000 ) );
#3672 = SURFACE_STYLE_FILL_AREA( #6442 );
#3673 = ORIENTED_EDGE( '', *, *, #6443, .T. );
#3674 = ORIENTED_EDGE( '', *, *, #6444, .T. );
#3675 = ORIENTED_EDGE( '', *, *, #6445, .T. );
#3676 = ORIENTED_EDGE( '', *, *, #6316, .F. );
#3677 = ORIENTED_EDGE( '', *, *, #6446, .T. );
#3678 = ORIENTED_EDGE( '', *, *, #6447, .T. );
#3679 = ORIENTED_EDGE( '', *, *, #6448, .F. );
#3680 = ORIENTED_EDGE( '', *, *, #6449, .T. );
#3681 = ORIENTED_EDGE( '', *, *, #6450, .T. );
#3682 = ORIENTED_EDGE( '', *, *, #6451, .T. );
#3683 = CARTESIAN_POINT( '', ( 0.0875000000000001, -0.200000000000000, 0.145000000000000 ) );
#3684 = DIRECTION( '', ( -1.00000000000000, 0.000000000000000, 0.000000000000000 ) );
#3685 = DIRECTION( '', ( 0.000000000000000, 0.000000000000000, 1.00000000000000 ) );
#3686 = SURFACE_STYLE_FILL_AREA( #6452 );
#3687 = ORIENTED_EDGE( '', *, *, #6398, .F. );
#3688 = ORIENTED_EDGE( '', *, *, #6453, .F. );
#3689 = ORIENTED_EDGE( '', *, *, #6454, .F. );
#3690 = ORIENTED_EDGE( '', *, *, #6455, .T. );
#3691 = CARTESIAN_POINT( '', ( 0.212500000000000, -0.0725000000000000, -0.223750000000000 ) );
#3692 = DIRECTION( '', ( -0.000000000000000, 0.707106781186547, 0.707106781186548 ) );
#3693 = DIRECTION( '', ( 0.000000000000000, -0.707106781186548, 0.707106781186547 ) );
#3694 = SURFACE_STYLE_FILL_AREA( #6456 );
#3695 = ORIENTED_EDGE( '', *, *, #6457, .F. );
#3696 = ORIENTED_EDGE( '', *, *, #6458, .T. );
#3697 = ORIENTED_EDGE( '', *, *, #6459, .F. );
#3698 = ORIENTED_EDGE( '', *, *, #6460, .F. );
#3699 = CARTESIAN_POINT( '', ( 0.212500000000000, -0.147500000000000, -0.223750000000000 ) );
#3700 = DIRECTION( '', ( 0.000000000000000, -1.00000000000000, -7.22711109434991E-17 ) );
#3701 = DIRECTION( '', ( 0.000000000000000, 7.22711109434991E-17, -1.00000000000000 ) );
#3702 = SURFACE_STYLE_FILL_AREA( #6461 );
#3703 = ORIENTED_EDGE( '', *, *, #6056, .F. );
#3704 = ORIENTED_EDGE( '', *, *, #6462, .T. );
#3705 = ORIENTED_EDGE( '', *, *, #6463, .T. );
#3706 = ORIENTED_EDGE( '', *, *, #6464, .F. );
#3707 = CARTESIAN_POINT( '', ( 0.212500000000000, -0.122500000000000, 0.0125000000000000 ) );
#3708 = DIRECTION( '', ( 1.00000000000000, -0.000000000000000, -0.000000000000000 ) );
#3709 = DIRECTION( '', ( 0.000000000000000, 0.000000000000000, 1.00000000000000 ) );
#3710 = SURFACE_STYLE_FILL_AREA( #6465 );
#3711 = ORIENTED_EDGE( '', *, *, #6466, .F. );
#3712 = ORIENTED_EDGE( '', *, *, #6467, .T. );
#3713 = ORIENTED_EDGE( '', *, *, #6468, .F. );
#3714 = ORIENTED_EDGE( '', *, *, #6469, .F. );
#3715 = CARTESIAN_POINT( '', ( 0.212500000000000, -0.0225000000000000, -0.0875000000000000 ) );
#3716 = DIRECTION( '', ( 1.00000000000000, -0.000000000000000, -0.000000000000000 ) );
#3717 = DIRECTION( '', ( 0.000000000000000, 0.000000000000000, 1.00000000000000 ) );
#3718 = SURFACE_STYLE_FILL_AREA( #6470 );
#3719 = ORIENTED_EDGE( '', *, *, #6471, .T. );
#3720 = ORIENTED_EDGE( '', *, *, #6119, .F. );
#3721 = ORIENTED_EDGE( '', *, *, #6472, .F. );
#3722 = ORIENTED_EDGE( '', *, *, #6473, .T. );
#3723 = CARTESIAN_POINT( '', ( 0.0550500000000000, 0.0900000000000000, 0.00510000000000000 ) );
#3724 = DIRECTION( '', ( -1.00000000000000, 0.000000000000000, 0.000000000000000 ) );
#3725 = DIRECTION( '', ( 0.000000000000000, 0.000000000000000, 1.00000000000000 ) );
#3726 = SURFACE_STYLE_FILL_AREA( #6474 );
#3727 = ORIENTED_EDGE( '', *, *, #6475, .T. );
#3728 = ORIENTED_EDGE( '', *, *, #6476, .T. );
#3729 = ORIENTED_EDGE( '', *, *, #6209, .T. );
#3730 = ORIENTED_EDGE( '', *, *, #6477, .F. );
#3731 = CARTESIAN_POINT( '', ( -0.136373040278640, 0.320000000000000, 0.0500000000000000 ) );
#3732 = DIRECTION( '', ( 0.848048096156426, 0.529919264233204, -0.000000000000000 ) );
#3733 = DIRECTION( '', ( -0.529919264233204, 0.848048096156426, 0.000000000000000 ) );
#3734 = SURFACE_STYLE_FILL_AREA( #6478 );
#3735 = ORIENTED_EDGE( '', *, *, #6479, .T. );
#3736 = ORIENTED_EDGE( '', *, *, #6480, .F. );
#3737 = ORIENTED_EDGE( '', *, *, #6481, .F. );
#3738 = ORIENTED_EDGE( '', *, *, #6117, .T. );
#3739 = CARTESIAN_POINT( '', ( 0.144950000000000, 0.0900000000000000, 0.115000000000000 ) );
#3740 = DIRECTION( '', ( 1.00000000000000, -0.000000000000000, 0.000000000000000 ) );
#3741 = DIRECTION( '', ( 0.000000000000000, 0.000000000000000, -1.00000000000000 ) );
#3742 = SURFACE_STYLE_FILL_AREA( #6482 );
#3743 = ORIENTED_EDGE( '', *, *, #6483, .T. );
#3744 = ORIENTED_EDGE( '', *, *, #6484, .T. );
#3745 = ORIENTED_EDGE( '', *, *, #6426, .T. );
#3746 = ORIENTED_EDGE( '', *, *, #6258, .F. );
#3747 = ORIENTED_EDGE( '', *, *, #6197, .T. );
#3748 = ORIENTED_EDGE( '', *, *, #6485, .T. );
#3749 = ORIENTED_EDGE( '', *, *, #6486, .F. );
#3750 = ORIENTED_EDGE( '', *, *, #6015, .T. );
#3751 = ORIENTED_EDGE( '', *, *, #6487, .T. );
#3752 = ORIENTED_EDGE( '', *, *, #6468, .T. );
#3753 = CARTESIAN_POINT( '', ( -0.112500000000000, -0.200000000000000, 0.145000000000000 ) );
#3754 = DIRECTION( '', ( -1.00000000000000, 0.000000000000000, 0.000000000000000 ) );
#3755 = DIRECTION( '', ( 0.000000000000000, 0.000000000000000, 1.00000000000000 ) );
#3756 = SURFACE_STYLE_FILL_AREA( #6488 );
#3757 = ORIENTED_EDGE( '', *, *, #6489, .T. );
#3758 = ORIENTED_EDGE( '', *, *, #6490, .T. );
#3759 = ORIENTED_EDGE( '', *, *, #6491, .F. );
#3760 = ORIENTED_EDGE( '', *, *, #6492, .T. );
#3761 = CARTESIAN_POINT( '', ( 0.144950000000000, 0.0900000000000000, -0.00500000000000000 ) );
#3762 = DIRECTION( '', ( 1.00000000000000, -0.000000000000000, 0.000000000000000 ) );
#3763 = DIRECTION( '', ( 0.000000000000000, 0.000000000000000, -1.00000000000000 ) );
#3764 = SURFACE_STYLE_FILL_AREA( #6493 );
#3765 = ORIENTED_EDGE( '', *, *, #6494, .F. );
#3766 = ORIENTED_EDGE( '', *, *, #6376, .T. );
#3767 = ORIENTED_EDGE( '', *, *, #6495, .T. );
#3768 = ORIENTED_EDGE( '', *, *, #6496, .F. );
#3769 = CARTESIAN_POINT( '', ( 0.212500000000000, -0.0475000000000000, -0.223750000000000 ) );
#3770 = DIRECTION( '', ( 0.000000000000000, -1.00000000000000, -1.25314128149737E-16 ) );
#3771 = DIRECTION( '', ( 0.000000000000000, 1.25314128149737E-16, -1.00000000000000 ) );
#3772 = SURFACE_STYLE_FILL_AREA( #6497 );
#3773 = ORIENTED_EDGE( '', *, *, #6498, .F. );
#3774 = ORIENTED_EDGE( '', *, *, #6011, .F. );
#3775 = ORIENTED_EDGE( '', *, *, #6499, .F. );
#3776 = ORIENTED_EDGE( '', *, *, #6500, .T. );
#3777 = CARTESIAN_POINT( '', ( 0.212500000000000, 0.305000000000000, -0.0562500000000000 ) );
#3778 = DIRECTION( '', ( 0.000000000000000, -1.00000000000000, 0.000000000000000 ) );
#3779 = DIRECTION( '', ( 0.000000000000000, 0.000000000000000, -1.00000000000000 ) );
#3780 = SURFACE_STYLE_FILL_AREA( #6501 );
#3781 = ORIENTED_EDGE( '', *, *, #6502, .F. );
#3782 = ORIENTED_EDGE( '', *, *, #6503, .F. );
#3783 = ORIENTED_EDGE( '', *, *, #6504, .F. );
#3784 = ORIENTED_EDGE( '', *, *, #6505, .T. );
#3785 = CARTESIAN_POINT( '', ( 0.212500000000000, 0.298750000000000, -0.0375000000000000 ) );
#3786 = DIRECTION( '', ( 0.000000000000000, 0.000000000000000, -1.00000000000000 ) );
#3787 = DIRECTION( '', ( -1.00000000000000, 0.000000000000000, 0.000000000000000 ) );
#3788 = SURFACE_STYLE_FILL_AREA( #6506 );
#3789 = ORIENTED_EDGE( '', *, *, #6507, .T. );
#3790 = ORIENTED_EDGE( '', *, *, #6508, .T. );
#3791 = ORIENTED_EDGE( '', *, *, #6509, .T. );
#3792 = ORIENTED_EDGE( '', *, *, #6113, .T. );
#3793 = CARTESIAN_POINT( '', ( 0.200000000000000, 0.0900000000000000, -6.40276873515062E-18 ) );
#3794 = DIRECTION( '', ( 0.000000000000000, 1.00000000000000, -0.000000000000000 ) );
#3795 = DIRECTION( '', ( 0.000000000000000, 0.000000000000000, 1.00000000000000 ) );
#3796 = SURFACE_STYLE_FILL_AREA( #6510 );
#3797 = ORIENTED_EDGE( '', *, *, #6511, .T. );
#3798 = ORIENTED_EDGE( '', *, *, #6512, .F. );
#3799 = ORIENTED_EDGE( '', *, *, #6513, .T. );
#3800 = ORIENTED_EDGE( '', *, *, #6514, .T. );
#3801 = CARTESIAN_POINT( '', ( 0.285000000000000, 0.320000000000000, 0.0250000000000000 ) );
#3802 = DIRECTION( '', ( 0.000000000000000, -0.000000000000000, 1.00000000000000 ) );
#3803 = DIRECTION( '', ( 1.00000000000000, 0.000000000000000, -0.000000000000000 ) );
#3804 = SURFACE_STYLE_FILL_AREA( #6515 );
#3805 = ORIENTED_EDGE( '', *, *, #6516, .T. );
#3806 = ORIENTED_EDGE( '', *, *, #6517, .F. );
#3807 = ORIENTED_EDGE( '', *, *, #6075, .F. );
#3808 = ORIENTED_EDGE( '', *, *, #6518, .T. );
#3809 = CARTESIAN_POINT( '', ( -0.144950000000000, 0.0900000000000000, 0.115000000000000 ) );
#3810 = DIRECTION( '', ( 0.000000000000000, 0.000000000000000, 1.00000000000000 ) );
#3811 = DIRECTION( '', ( 1.00000000000000, 0.000000000000000, -0.000000000000000 ) );
#3812 = SURFACE_STYLE_FILL_AREA( #6519 );
#3813 = ORIENTED_EDGE( '', *, *, #6520, .F. );
#3814 = ORIENTED_EDGE( '', *, *, #6521, .T. );
#3815 = ORIENTED_EDGE( '', *, *, #6522, .T. );
#3816 = ORIENTED_EDGE( '', *, *, #6143, .T. );
#3817 = CARTESIAN_POINT( '', ( -0.167500000000000, -0.0200000000000000, 0.145000000000000 ) );
#3818 = DIRECTION( '', ( -1.00000000000000, 0.000000000000000, 0.000000000000000 ) );
#3819 = DIRECTION( '', ( 0.000000000000000, 0.000000000000000, 1.00000000000000 ) );
#3820 = SURFACE_STYLE_FILL_AREA( #6523 );
#3821 = ORIENTED_EDGE( '', *, *, #6524, .T. );
#3822 = ORIENTED_EDGE( '', *, *, #6525, .F. );
#3823 = ORIENTED_EDGE( '', *, *, #6526, .F. );
#3824 = ORIENTED_EDGE( '', *, *, #6527, .T. );
#3825 = CARTESIAN_POINT( '', ( 0.0500000000000000, 0.233000000000000, 0.135000000000000 ) );
#3826 = DIRECTION( '', ( -0.000000000000000, 1.00000000000000, 0.000000000000000 ) );
#3827 = DIRECTION( '', ( 0.000000000000000, -0.000000000000000, 1.00000000000000 ) );
#3828 = SURFACE_STYLE_FILL_AREA( #6528 );
#3829 = ORIENTED_EDGE( '', *, *, #6529, .F. );
#3830 = ORIENTED_EDGE( '', *, *, #6530, .T. );
#3831 = ORIENTED_EDGE( '', *, *, #6084, .T. );
#3832 = ORIENTED_EDGE( '', *, *, #6531, .F. );
#3833 = CARTESIAN_POINT( '', ( -0.0675000000000000, 0.000000000000000, 0.145000000000000 ) );
#3834 = DIRECTION( '', ( -1.00000000000000, 0.000000000000000, 0.000000000000000 ) );
#3835 = DIRECTION( '', ( 0.000000000000000, 0.000000000000000, 1.00000000000000 ) );
#3836 = SURFACE_STYLE_FILL_AREA( #6532 );
#3837 = ORIENTED_EDGE( '', *, *, #6533, .F. );
#3838 = ORIENTED_EDGE( '', *, *, #6190, .F. );
#3839 = ORIENTED_EDGE( '', *, *, #6534, .F. );
#3840 = ORIENTED_EDGE( '', *, *, #6360, .T. );
#3841 = CARTESIAN_POINT( '', ( 0.212500000000000, 0.298750000000000, -0.0375000000000000 ) );
#3842 = DIRECTION( '', ( 0.000000000000000, 0.000000000000000, -1.00000000000000 ) );
#3843 = DIRECTION( '', ( -1.00000000000000, 0.000000000000000, 0.000000000000000 ) );
#3844 = SURFACE_STYLE_FILL_AREA( #6535 );
#3845 = ORIENTED_EDGE( '', *, *, #6536, .T. );
#3846 = ORIENTED_EDGE( '', *, *, #6307, .F. );
#3847 = ORIENTED_EDGE( '', *, *, #6537, .F. );
#3848 = ORIENTED_EDGE( '', *, *, #6167, .T. );
#3849 = CARTESIAN_POINT( '', ( -0.0550500000000000, 0.0900000000000000, -0.114900000000000 ) );
#3850 = DIRECTION( '', ( 0.000000000000000, 0.000000000000000, -1.00000000000000 ) );
#3851 = DIRECTION( '', ( -1.00000000000000, 0.000000000000000, 0.000000000000000 ) );
#3852 = SURFACE_STYLE_FILL_AREA( #6538 );
#3853 = ORIENTED_EDGE( '', *, *, #6539, .F. );
#3854 = ORIENTED_EDGE( '', *, *, #6302, .F. );
#3855 = ORIENTED_EDGE( '', *, *, #6540, .F. );
#3856 = ORIENTED_EDGE( '', *, *, #6024, .T. );
#3857 = CARTESIAN_POINT( '', ( 0.212500000000000, 0.298750000000000, 0.0375000000000000 ) );
#3858 = DIRECTION( '', ( 0.000000000000000, -0.707106781186549, 0.707106781186546 ) );
#3859 = DIRECTION( '', ( 0.000000000000000, -0.707106781186546, -0.707106781186549 ) );
#3860 = SURFACE_STYLE_FILL_AREA( #6541 );
#3861 = ORIENTED_EDGE( '', *, *, #6542, .T. );
#3862 = ORIENTED_EDGE( '', *, *, #6123, .F. );
#3863 = ORIENTED_EDGE( '', *, *, #6543, .F. );
#3864 = ORIENTED_EDGE( '', *, *, #6544, .T. );
#3865 = ORIENTED_EDGE( '', *, *, #6545, .T. );
#3866 = ORIENTED_EDGE( '', *, *, #6546, .T. );
#3867 = ORIENTED_EDGE( '', *, *, #6293, .T. );
#3868 = ORIENTED_EDGE( '', *, *, #6128, .T. );
#3869 = ORIENTED_EDGE( '', *, *, #6547, .T. );
#3870 = ORIENTED_EDGE( '', *, *, #6548, .T. );
#3871 = ORIENTED_EDGE( '', *, *, #6311, .T. );
#3872 = ORIENTED_EDGE( '', *, *, #6549, .T. );
#3873 = CARTESIAN_POINT( '', ( 0.280000000000000, 0.000000000000000, -0.145000000000000 ) );
#3874 = DIRECTION( '', ( 0.000000000000000, 0.000000000000000, 1.00000000000000 ) );
#3875 = DIRECTION( '', ( 1.00000000000000, 0.000000000000000, -0.000000000000000 ) );
#3876 = SURFACE_STYLE_FILL_AREA( #6550 );
#3877 = ORIENTED_EDGE( '', *, *, #6551, .T. );
#3878 = ORIENTED_EDGE( '', *, *, #6552, .F. );
#3879 = ORIENTED_EDGE( '', *, *, #6553, .T. );
#3880 = ORIENTED_EDGE( '', *, *, #6341, .T. );
#3881 = CARTESIAN_POINT( '', ( -0.0363730402786399, 0.320000000000000, 0.0500000000000000 ) );
#3882 = DIRECTION( '', ( 0.848048096156426, 0.529919264233205, -0.000000000000000 ) );
#3883 = DIRECTION( '', ( -0.529919264233205, 0.848048096156426, 0.000000000000000 ) );
#3884 = SURFACE_STYLE_FILL_AREA( #6554 );
#3885 = ORIENTED_EDGE( '', *, *, #6475, .F. );
#3886 = ORIENTED_EDGE( '', *, *, #6555, .T. );
#3887 = ORIENTED_EDGE( '', *, *, #6556, .F. );
#3888 = ORIENTED_EDGE( '', *, *, #6073, .F. );
#3889 = ORIENTED_EDGE( '', *, *, #6557, .T. );
#3890 = ORIENTED_EDGE( '', *, *, #6558, .T. );
#3891 = ORIENTED_EDGE( '', *, *, #6402, .F. );
#3892 = ORIENTED_EDGE( '', *, *, #6559, .F. );
#3893 = ORIENTED_EDGE( '', *, *, #6560, .F. );
#3894 = ORIENTED_EDGE( '', *, *, #6561, .F. );
#3895 = CARTESIAN_POINT( '', ( -0.0550500000000000, 0.0900000000000000, 0.00510000000000000 ) );
#3896 = DIRECTION( '', ( 0.000000000000000, 0.000000000000000, -1.00000000000000 ) );
#3897 = DIRECTION( '', ( -1.00000000000000, 0.000000000000000, 0.000000000000000 ) );
#3898 = SURFACE_STYLE_FILL_AREA( #6562 );
#3899 = ORIENTED_EDGE( '', *, *, #6563, .T. );
#3900 = ORIENTED_EDGE( '', *, *, #6564, .F. );
#3901 = ORIENTED_EDGE( '', *, *, #6001, .T. );
#3902 = ORIENTED_EDGE( '', *, *, #6565, .T. );
#3903 = CARTESIAN_POINT( '', ( 0.173000000000000, 0.305000000000000, 0.0500000000000000 ) );
#3904 = DIRECTION( '', ( 0.999390827019096, 0.0348994967025014, -0.000000000000000 ) );
#3905 = DIRECTION( '', ( -0.0348994967025014, 0.999390827019096, 0.000000000000000 ) );
#3906 = SURFACE_STYLE_FILL_AREA( #6566 );
#3907 = ORIENTED_EDGE( '', *, *, #6567, .T. );
#3908 = ORIENTED_EDGE( '', *, *, #6527, .F. );
#3909 = ORIENTED_EDGE( '', *, *, #6568, .F. );
#3910 = ORIENTED_EDGE( '', *, *, #6569, .T. );
#3911 = CARTESIAN_POINT( '', ( 0.0500000000000000, 0.222000000000000, 0.165000000000000 ) );
#3912 = DIRECTION( '', ( -0.000000000000000, 0.938876315886609, 0.344254649158423 ) );
#3913 = DIRECTION( '', ( 0.000000000000000, -0.344254649158423, 0.938876315886609 ) );
#3914 = SURFACE_STYLE_FILL_AREA( #6570 );
#3915 = ORIENTED_EDGE( '', *, *, #6571, .F. );
#3916 = ORIENTED_EDGE( '', *, *, #6572, .F. );
#3917 = ORIENTED_EDGE( '', *, *, #6573, .T. );
#3918 = ORIENTED_EDGE( '', *, *, #6574, .T. );
#3919 = CARTESIAN_POINT( '', ( 0.167500000000000, 0.0200000000000000, 0.145000000000000 ) );
#3920 = DIRECTION( '', ( 1.00000000000000, 0.000000000000000, -0.000000000000000 ) );
#3921 = DIRECTION( '', ( -0.000000000000000, 0.000000000000000, -1.00000000000000 ) );
#3922 = SURFACE_STYLE_FILL_AREA( #6575 );
#3923 = ORIENTED_EDGE( '', *, *, #6576, .F. );
#3924 = ORIENTED_EDGE( '', *, *, #6577, .T. );
#3925 = ORIENTED_EDGE( '', *, *, #6483, .F. );
#3926 = ORIENTED_EDGE( '', *, *, #6467, .F. );
#3927 = CARTESIAN_POINT( '', ( 0.212500000000000, 0.0400000000000000, -0.0375000000000000 ) );
#3928 = DIRECTION( '', ( 0.000000000000000, 0.000000000000000, -1.00000000000000 ) );
#3929 = DIRECTION( '', ( -1.00000000000000, 0.000000000000000, 0.000000000000000 ) );
#3930 = SURFACE_STYLE_FILL_AREA( #6578 );
#3931 = ORIENTED_EDGE( '', *, *, #6579, .T. );
#3932 = ORIENTED_EDGE( '', *, *, #6580, .F. );
#3933 = ORIENTED_EDGE( '', *, *, #6318, .F. );
#3934 = ORIENTED_EDGE( '', *, *, #6581, .T. );
#3935 = CARTESIAN_POINT( '', ( 0.0449500000000000, 0.0900000000000000, -0.114900000000000 ) );
#3936 = DIRECTION( '', ( 0.000000000000000, 0.000000000000000, -1.00000000000000 ) );
#3937 = DIRECTION( '', ( -1.00000000000000, 0.000000000000000, 0.000000000000000 ) );
#3938 = SURFACE_STYLE_FILL_AREA( #6582 );
#3939 = ORIENTED_EDGE( '', *, *, #6583, .F. );
#3940 = ORIENTED_EDGE( '', *, *, #6584, .T. );
#3941 = ORIENTED_EDGE( '', *, *, #6485, .F. );
#3942 = ORIENTED_EDGE( '', *, *, #6196, .F. );
#3943 = CARTESIAN_POINT( '', ( 0.212500000000000, -0.0537500000000000, -0.230000000000000 ) );
#3944 = DIRECTION( '', ( 0.000000000000000, -0.707106781186548, 0.707106781186548 ) );
#3945 = DIRECTION( '', ( 0.000000000000000, -0.707106781186547, -0.707106781186547 ) );
#3946 = SURFACE_STYLE_FILL_AREA( #6585 );
#3947 = ORIENTED_EDGE( '', *, *, #6586, .F. );
#3948 = ORIENTED_EDGE( '', *, *, #6587, .T. );
#3949 = ORIENTED_EDGE( '', *, *, #6473, .F. );
#3950 = ORIENTED_EDGE( '', *, *, #6588, .F. );
#3951 = ORIENTED_EDGE( '', *, *, #6480, .T. );
#3952 = ORIENTED_EDGE( '', *, *, #6589, .T. );
#3953 = ORIENTED_EDGE( '', *, *, #6590, .F. );
#3954 = ORIENTED_EDGE( '', *, *, #6591, .F. );
#3955 = ORIENTED_EDGE( '', *, *, #6592, .F. );
#3956 = ORIENTED_EDGE( '', *, *, #6593, .F. );
#3957 = CARTESIAN_POINT( '', ( 0.144950000000000, 0.0900000000000000, 0.00510000000000000 ) );
#3958 = DIRECTION( '', ( 0.000000000000000, 0.000000000000000, -1.00000000000000 ) );
#3959 = DIRECTION( '', ( -1.00000000000000, 0.000000000000000, 0.000000000000000 ) );
#3960 = SURFACE_STYLE_FILL_AREA( #6594 );
#3961 = ORIENTED_EDGE( '', *, *, #6491, .T. );
#3962 = ORIENTED_EDGE( '', *, *, #6595, .T. );
#3963 = ORIENTED_EDGE( '', *, *, #6596, .T. );
#3964 = ORIENTED_EDGE( '', *, *, #6597, .T. );
#3965 = ORIENTED_EDGE( '', *, *, #6598, .T. );
#3966 = ORIENTED_EDGE( '', *, *, #6599, .T. );
#3967 = ORIENTED_EDGE( '', *, *, #6600, .T. );
#3968 = ORIENTED_EDGE( '', *, *, #6601, .T. );
#3969 = ORIENTED_EDGE( '', *, *, #6018, .T. );
#3970 = ORIENTED_EDGE( '', *, *, #6062, .T. );
#3971 = ORIENTED_EDGE( '', *, *, #6602, .T. );
#3972 = ORIENTED_EDGE( '', *, *, #6603, .T. );
#3973 = CARTESIAN_POINT( '', ( 0.300000000000000, 0.0900000000000000, -0.120000000000000 ) );
#3974 = DIRECTION( '', ( 0.000000000000000, 1.00000000000000, -0.000000000000000 ) );
#3975 = DIRECTION( '', ( 0.000000000000000, 0.000000000000000, 1.00000000000000 ) );
#3976 = SURFACE_STYLE_FILL_AREA( #6604 );
#3977 = ORIENTED_EDGE( '', *, *, #6032, .T. );
#3978 = ORIENTED_EDGE( '', *, *, #6605, .T. );
#3979 = ORIENTED_EDGE( '', *, *, #6329, .T. );
#3980 = ORIENTED_EDGE( '', *, *, #6606, .F. );
#3981 = CARTESIAN_POINT( '', ( 0.212500000000000, -0.0662500000000000, -0.230000000000000 ) );
#3982 = DIRECTION( '', ( 0.000000000000000, 0.000000000000000, 1.00000000000000 ) );
#3983 = DIRECTION( '', ( 1.00000000000000, 0.000000000000000, -0.000000000000000 ) );
#3984 = SURFACE_STYLE_FILL_AREA( #6607 );
#3985 = ORIENTED_EDGE( '', *, *, #6399, .F. );
#3986 = ORIENTED_EDGE( '', *, *, #6455, .F. );
#3987 = ORIENTED_EDGE( '', *, *, #6608, .F. );
#3988 = ORIENTED_EDGE( '', *, *, #6609, .T. );
#3989 = CARTESIAN_POINT( '', ( 0.212500000000000, -0.0725000000000000, -0.0875000000000000 ) );
#3990 = DIRECTION( '', ( -0.000000000000000, 1.00000000000000, 1.25314128149737E-16 ) );
#3991 = DIRECTION( '', ( 0.000000000000000, -1.25314128149737E-16, 1.00000000000000 ) );
#3992 = SURFACE_STYLE_FILL_AREA( #6610 );
#3993 = ORIENTED_EDGE( '', *, *, #6611, .F. );
#3994 = ORIENTED_EDGE( '', *, *, #6612, .F. );
#3995 = ORIENTED_EDGE( '', *, *, #6613, .F. );
#3996 = ORIENTED_EDGE( '', *, *, #6410, .T. );
#3997 = CARTESIAN_POINT( '', ( 0.212500000000000, 0.298750000000000, -0.0625000000000000 ) );
#3998 = DIRECTION( '', ( 0.000000000000000, -0.707106781186549, 0.707106781186546 ) );
#3999 = DIRECTION( '', ( 0.000000000000000, -0.707106781186545, -0.707106781186549 ) );
#4000 = SURFACE_STYLE_FILL_AREA( #6614 );
#4001 = ORIENTED_EDGE( '', *, *, #6615, .F. );
#4002 = ORIENTED_EDGE( '', *, *, #6616, .F. );
#4003 = ORIENTED_EDGE( '', *, *, #6617, .F. );
#4004 = ORIENTED_EDGE( '', *, *, #6618, .T. );
#4005 = CARTESIAN_POINT( '', ( 0.212500000000000, 0.305000000000000, 0.0562500000000000 ) );
#4006 = DIRECTION( '', ( 0.000000000000000, -0.707106781186549, -0.707106781186546 ) );
#4007 = DIRECTION( '', ( 0.000000000000000, 0.707106781186545, -0.707106781186549 ) );
#4008 = SURFACE_STYLE_FILL_AREA( #6619 );
#4009 = ORIENTED_EDGE( '', *, *, #6620, .T. );
#4010 = ORIENTED_EDGE( '', *, *, #6621, .F. );
#4011 = ORIENTED_EDGE( '', *, *, #6319, .F. );
#4012 = ORIENTED_EDGE( '', *, *, #6580, .T. );
#4013 = CARTESIAN_POINT( '', ( -0.0449500000000000, 0.0900000000000000, -0.114900000000000 ) );
#4014 = DIRECTION( '', ( -1.00000000000000, 0.000000000000000, 0.000000000000000 ) );
#4015 = DIRECTION( '', ( 0.000000000000000, 0.000000000000000, 1.00000000000000 ) );
#4016 = SURFACE_STYLE_FILL_AREA( #6622 );
#4017 = ORIENTED_EDGE( '', *, *, #6623, .F. );
#4018 = ORIENTED_EDGE( '', *, *, #6624, .T. );
#4019 = ORIENTED_EDGE( '', *, *, #6625, .T. );
#4020 = ORIENTED_EDGE( '', *, *, #6626, .F. );
#4021 = ORIENTED_EDGE( '', *, *, #6627, .F. );
#4022 = ORIENTED_EDGE( '', *, *, #6628, .F. );
#4023 = ORIENTED_EDGE( '', *, *, #6629, .F. );
#4024 = ORIENTED_EDGE( '', *, *, #6369, .F. );
#4025 = ORIENTED_EDGE( '', *, *, #6630, .F. );
#4026 = ORIENTED_EDGE( '', *, *, #6631, .F. );
#4027 = ORIENTED_EDGE( '', *, *, #6044, .F. );
#4028 = ORIENTED_EDGE( '', *, *, #6070, .F. );
#4029 = ORIENTED_EDGE( '', *, *, #6632, .F. );
#4030 = ORIENTED_EDGE( '', *, *, #6633, .F. );
#4031 = ORIENTED_EDGE( '', *, *, #6443, .F. );
#4032 = ORIENTED_EDGE( '', *, *, #6634, .F. );
#4033 = ORIENTED_EDGE( '', *, *, #6635, .F. );
#4034 = ORIENTED_EDGE( '', *, *, #6636, .F. );
#4035 = ORIENTED_EDGE( '', *, *, #6637, .F. );
#4036 = ORIENTED_EDGE( '', *, *, #6638, .F. );
#4037 = ORIENTED_EDGE( '', *, *, #6639, .F. );
#4038 = ORIENTED_EDGE( '', *, *, #6640, .T. );
#4039 = ORIENTED_EDGE( '', *, *, #6383, .F. );
#4040 = ORIENTED_EDGE( '', *, *, #6641, .F. );
#4041 = ORIENTED_EDGE( '', *, *, #6642, .F. );
#4042 = ORIENTED_EDGE( '', *, *, #6616, .T. );
#4043 = ORIENTED_EDGE( '', *, *, #6643, .F. );
#4044 = ORIENTED_EDGE( '', *, *, #6204, .F. );
#4045 = ORIENTED_EDGE( '', *, *, #6644, .F. );
#4046 = ORIENTED_EDGE( '', *, *, #6645, .T. );
#4047 = ORIENTED_EDGE( '', *, *, #6646, .F. );
#4048 = ORIENTED_EDGE( '', *, *, #6335, .F. );
#4049 = ORIENTED_EDGE( '', *, *, #6647, .F. );
#4050 = ORIENTED_EDGE( '', *, *, #6648, .T. );
#4051 = ORIENTED_EDGE( '', *, *, #6649, .F. );
#4052 = ORIENTED_EDGE( '', *, *, #6156, .F. );
#4053 = CARTESIAN_POINT( '', ( 0.212500000000000, 0.298750000000000, 0.0625000000000000 ) );
#4054 = DIRECTION( '', ( 0.000000000000000, 0.000000000000000, -1.00000000000000 ) );
#4055 = DIRECTION( '', ( -1.00000000000000, 0.000000000000000, 0.000000000000000 ) );
#4056 = SURFACE_STYLE_FILL_AREA( #6650 );
#4057 = ORIENTED_EDGE( '', *, *, #6651, .T. );
#4058 = ORIENTED_EDGE( '', *, *, #6652, .T. );
#4059 = ORIENTED_EDGE( '', *, *, #6653, .T. );
#4060 = ORIENTED_EDGE( '', *, *, #6654, .T. );
#4061 = ORIENTED_EDGE( '', *, *, #6655, .F. );
#4062 = ORIENTED_EDGE( '', *, *, #6656, .T. );
#4063 = ORIENTED_EDGE( '', *, *, #6091, .T. );
#4064 = ORIENTED_EDGE( '', *, *, #6657, .F. );
#4065 = ORIENTED_EDGE( '', *, *, #6419, .T. );
#4066 = ORIENTED_EDGE( '', *, *, #6658, .F. );
#4067 = CARTESIAN_POINT( '', ( 0.112500000000000, 0.0400000000000000, 0.145000000000000 ) );
#4068 = DIRECTION( '', ( 1.00000000000000, 0.000000000000000, -0.000000000000000 ) );
#4069 = DIRECTION( '', ( -0.000000000000000, 0.000000000000000, -1.00000000000000 ) );
#4070 = SURFACE_STYLE_FILL_AREA( #6659 );
#4071 = ORIENTED_EDGE( '', *, *, #6660, .F. );
#4072 = ORIENTED_EDGE( '', *, *, #6080, .T. );
#4073 = ORIENTED_EDGE( '', *, *, #6661, .T. );
#4074 = ORIENTED_EDGE( '', *, *, #6662, .F. );
#4075 = CARTESIAN_POINT( '', ( 0.280000000000000, 0.000000000000000, 0.115000000000000 ) );
#4076 = DIRECTION( '', ( 0.000000000000000, 0.000000000000000, 1.00000000000000 ) );
#4077 = DIRECTION( '', ( 1.00000000000000, 0.000000000000000, -0.000000000000000 ) );
#4078 = SURFACE_STYLE_FILL_AREA( #6663 );
#4079 = ORIENTED_EDGE( '', *, *, #6664, .F. );
#4080 = ORIENTED_EDGE( '', *, *, #6665, .F. );
#4081 = ORIENTED_EDGE( '', *, *, #6666, .F. );
#4082 = ORIENTED_EDGE( '', *, *, #6201, .T. );
#4083 = CARTESIAN_POINT( '', ( 0.212500000000000, 0.305000000000000, 0.0437500000000000 ) );
#4084 = DIRECTION( '', ( 0.000000000000000, -1.00000000000000, 0.000000000000000 ) );
#4085 = DIRECTION( '', ( 0.000000000000000, 0.000000000000000, -1.00000000000000 ) );
#4086 = SURFACE_STYLE_FILL_AREA( #6667 );
#4087 = ORIENTED_EDGE( '', *, *, #6668, .T. );
#4088 = ORIENTED_EDGE( '', *, *, #6343, .F. );
#4089 = ORIENTED_EDGE( '', *, *, #6669, .T. );
#4090 = ORIENTED_EDGE( '', *, *, #6670, .T. );
#4091 = CARTESIAN_POINT( '', ( -0.0233333192033665, 0.200000000000000, 0.0500000000000000 ) );
#4092 = DIRECTION( '', ( 0.000000000000000, 1.00000000000000, 0.000000000000000 ) );
#4093 = DIRECTION( '', ( 0.000000000000000, -0.000000000000000, 1.00000000000000 ) );
#4094 = SURFACE_STYLE_FILL_AREA( #6671 );
#4095 = ORIENTED_EDGE( '', *, *, #6031, .F. );
#4096 = ORIENTED_EDGE( '', *, *, #6221, .T. );
#4097 = ORIENTED_EDGE( '', *, *, #6330, .F. );
#4098 = ORIENTED_EDGE( '', *, *, #6605, .F. );
#4099 = CARTESIAN_POINT( '', ( 0.212500000000000, -0.0725000000000000, -0.223750000000000 ) );
#4100 = DIRECTION( '', ( -0.000000000000000, 0.707106781186547, 0.707106781186548 ) );
#4101 = DIRECTION( '', ( 0.000000000000000, -0.707106781186548, 0.707106781186547 ) );
#4102 = SURFACE_STYLE_FILL_AREA( #6672 );
#4103 = ORIENTED_EDGE( '', *, *, #6673, .F. );
#4104 = ORIENTED_EDGE( '', *, *, #6674, .F. );
#4105 = ORIENTED_EDGE( '', *, *, #6675, .F. );
#4106 = ORIENTED_EDGE( '', *, *, #6676, .T. );
#4107 = CARTESIAN_POINT( '', ( 0.212500000000000, 0.298750000000000, 0.0375000000000000 ) );
#4108 = DIRECTION( '', ( 0.000000000000000, -0.707106781186549, 0.707106781186546 ) );
#4109 = DIRECTION( '', ( 0.000000000000000, -0.707106781186546, -0.707106781186549 ) );
#4110 = SURFACE_STYLE_FILL_AREA( #6677 );
#4111 = ORIENTED_EDGE( '', *, *, #6678, .F. );
#4112 = ORIENTED_EDGE( '', *, *, #6352, .F. );
#4113 = ORIENTED_EDGE( '', *, *, #6679, .F. );
#4114 = ORIENTED_EDGE( '', *, *, #6638, .T. );
#4115 = CARTESIAN_POINT( '', ( 0.212500000000000, -0.122500000000000, 0.0125000000000000 ) );
#4116 = DIRECTION( '', ( 1.00000000000000, -0.000000000000000, -0.000000000000000 ) );
#4117 = DIRECTION( '', ( 0.000000000000000, 0.000000000000000, 1.00000000000000 ) );
#4118 = SURFACE_STYLE_FILL_AREA( #6680 );
#4119 = ORIENTED_EDGE( '', *, *, #6681, .F. );
#4120 = ORIENTED_EDGE( '', *, *, #6231, .T. );
#4121 = ORIENTED_EDGE( '', *, *, #6682, .F. );
#4122 = ORIENTED_EDGE( '', *, *, #6458, .F. );
#4123 = CARTESIAN_POINT( '', ( 0.212500000000000, -0.153750000000000, -0.230000000000000 ) );
#4124 = DIRECTION( '', ( 0.000000000000000, -0.707106781186548, 0.707106781186548 ) );
#4125 = DIRECTION( '', ( 0.000000000000000, -0.707106781186547, -0.707106781186547 ) );
#4126 = SURFACE_STYLE_FILL_AREA( #6683 );
#4127 = ORIENTED_EDGE( '', *, *, #6684, .F. );
#4128 = ORIENTED_EDGE( '', *, *, #6685, .F. );
#4129 = ORIENTED_EDGE( '', *, *, #6686, .F. );
#4130 = ORIENTED_EDGE( '', *, *, #6524, .F. );
#4131 = ORIENTED_EDGE( '', *, *, #6567, .F. );
#4132 = ORIENTED_EDGE( '', *, *, #6687, .F. );
#4133 = CARTESIAN_POINT( '', ( -0.0500000000000000, 0.000000000000000, 0.000000000000000 ) );
#4134 = DIRECTION( '', ( 1.00000000000000, 0.000000000000000, 0.000000000000000 ) );
#4135 = DIRECTION( '', ( 0.000000000000000, 0.000000000000000, -1.00000000000000 ) );
#4136 = SURFACE_STYLE_FILL_AREA( #6688 );
#4137 = ORIENTED_EDGE( '', *, *, #6560, .T. );
#4138 = ORIENTED_EDGE( '', *, *, #6689, .T. );
#4139 = ORIENTED_EDGE( '', *, *, #6211, .T. );
#4140 = ORIENTED_EDGE( '', *, *, #6690, .F. );
#4141 = CARTESIAN_POINT( '', ( -0.123333319203366, 0.200000000000000, 0.0500000000000000 ) );
#4142 = DIRECTION( '', ( 0.000000000000000, 1.00000000000000, 0.000000000000000 ) );
#4143 = DIRECTION( '', ( 0.000000000000000, -0.000000000000000, 1.00000000000000 ) );
#4144 = SURFACE_STYLE_FILL_AREA( #6691 );
#4145 = ORIENTED_EDGE( '', *, *, #6692, .F. );
#4146 = ORIENTED_EDGE( '', *, *, #6693, .F. );
#4147 = ORIENTED_EDGE( '', *, *, #6694, .T. );
#4148 = ORIENTED_EDGE( '', *, *, #6695, .F. );
#4149 = CARTESIAN_POINT( '', ( -0.170000000000000, 0.0900000000000000, -0.0200000000000000 ) );
#4150 = DIRECTION( '', ( -1.06712812252510E-16, 0.000000000000000, 1.00000000000000 ) );
#4151 = DIRECTION( '', ( 1.00000000000000, 0.000000000000000, 1.06712812252510E-16 ) );
#4152 = SURFACE_STYLE_FILL_AREA( #6696 );
#4153 = ORIENTED_EDGE( '', *, *, #6653, .F. );
#4154 = ORIENTED_EDGE( '', *, *, #6697, .T. );
#4155 = ORIENTED_EDGE( '', *, *, #6698, .F. );
#4156 = ORIENTED_EDGE( '', *, *, #6699, .F. );
#4157 = CARTESIAN_POINT( '', ( 0.212500000000000, -0.0725000000000000, -0.0875000000000000 ) );
#4158 = DIRECTION( '', ( -0.000000000000000, 1.00000000000000, 1.25314128149737E-16 ) );
#4159 = DIRECTION( '', ( 0.000000000000000, -1.25314128149737E-16, 1.00000000000000 ) );
#4160 = SURFACE_STYLE_FILL_AREA( #6700 );
#4161 = ORIENTED_EDGE( '', *, *, #6273, .F. );
#4162 = ORIENTED_EDGE( '', *, *, #6701, .F. );
#4163 = ORIENTED_EDGE( '', *, *, #6702, .F. );
#4164 = ORIENTED_EDGE( '', *, *, #6703, .T. );
#4165 = CARTESIAN_POINT( '', ( 0.280000000000000, 0.000000000000000, 0.115000000000000 ) );
#4166 = DIRECTION( '', ( 0.000000000000000, 0.000000000000000, 1.00000000000000 ) );
#4167 = DIRECTION( '', ( 1.00000000000000, 0.000000000000000, -0.000000000000000 ) );
#4168 = SURFACE_STYLE_FILL_AREA( #6704 );
#4169 = ORIENTED_EDGE( '', *, *, #6705, .F. );
#4170 = ORIENTED_EDGE( '', *, *, #6706, .F. );
#4171 = ORIENTED_EDGE( '', *, *, #6707, .T. );
#4172 = ORIENTED_EDGE( '', *, *, #6708, .T. );
#4173 = CARTESIAN_POINT( '', ( 0.132500000000000, 0.000000000000000, 0.145000000000000 ) );
#4174 = DIRECTION( '', ( -1.00000000000000, 0.000000000000000, 0.000000000000000 ) );
#4175 = DIRECTION( '', ( 0.000000000000000, 0.000000000000000, 1.00000000000000 ) );
#4176 = SURFACE_STYLE_FILL_AREA( #6709 );
#4177 = ORIENTED_EDGE( '', *, *, #6710, .T. );
#4178 = ORIENTED_EDGE( '', *, *, #6711, .T. );
#4179 = ORIENTED_EDGE( '', *, *, #6421, .T. );
#4180 = ORIENTED_EDGE( '', *, *, #6712, .F. );
#4181 = ORIENTED_EDGE( '', *, *, #6093, .T. );
#4182 = ORIENTED_EDGE( '', *, *, #6713, .T. );
#4183 = ORIENTED_EDGE( '', *, *, #6714, .F. );
#4184 = ORIENTED_EDGE( '', *, *, #6715, .T. );
#4185 = ORIENTED_EDGE( '', *, *, #6698, .T. );
#4186 = ORIENTED_EDGE( '', *, *, #6716, .T. );
#4187 = CARTESIAN_POINT( '', ( 0.0875000000000001, -0.200000000000000, 0.145000000000000 ) );
#4188 = DIRECTION( '', ( -1.00000000000000, 0.000000000000000, 0.000000000000000 ) );
#4189 = DIRECTION( '', ( 0.000000000000000, 0.000000000000000, 1.00000000000000 ) );
#4190 = SURFACE_STYLE_FILL_AREA( #6717 );
#4191 = ORIENTED_EDGE( '', *, *, #6718, .F. );
#4192 = ORIENTED_EDGE( '', *, *, #6282, .T. );
#4193 = ORIENTED_EDGE( '', *, *, #6719, .T. );
#4194 = ORIENTED_EDGE( '', *, *, #6224, .F. );
#4195 = CARTESIAN_POINT( '', ( 0.212500000000000, 0.298750000000000, 0.0375000000000000 ) );
#4196 = DIRECTION( '', ( 0.000000000000000, -0.707106781186549, 0.707106781186546 ) );
#4197 = DIRECTION( '', ( 0.000000000000000, -0.707106781186546, -0.707106781186549 ) );
#4198 = SURFACE_STYLE_FILL_AREA( #6720 );
#4199 = ORIENTED_EDGE( '', *, *, #6551, .F. );
#4200 = ORIENTED_EDGE( '', *, *, #6340, .F. );
#4201 = ORIENTED_EDGE( '', *, *, #6668, .F. );
#4202 = ORIENTED_EDGE( '', *, *, #6721, .F. );
#4203 = ORIENTED_EDGE( '', *, *, #6722, .F. );
#4204 = ORIENTED_EDGE( '', *, *, #6723, .T. );
#4205 = ORIENTED_EDGE( '', *, *, #6724, .F. );
#4206 = ORIENTED_EDGE( '', *, *, #6320, .F. );
#4207 = ORIENTED_EDGE( '', *, *, #6621, .T. );
#4208 = ORIENTED_EDGE( '', *, *, #6725, .T. );
#4209 = CARTESIAN_POINT( '', ( -0.0449500000000000, 0.0900000000000000, -0.00500000000000000 ) );
#4210 = DIRECTION( '', ( 0.000000000000000, 0.000000000000000, 1.00000000000000 ) );
#4211 = DIRECTION( '', ( 1.00000000000000, 0.000000000000000, -0.000000000000000 ) );
#4212 = SURFACE_STYLE_FILL_AREA( #6726 );
#4213 = ORIENTED_EDGE( '', *, *, #6727, .F. );
#4214 = ORIENTED_EDGE( '', *, *, #6144, .T. );
#4215 = ORIENTED_EDGE( '', *, *, #6522, .F. );
#4216 = ORIENTED_EDGE( '', *, *, #6728, .F. );
#4217 = CARTESIAN_POINT( '', ( 0.280000000000000, 0.000000000000000, 0.115000000000000 ) );
#4218 = DIRECTION( '', ( 0.000000000000000, 0.000000000000000, 1.00000000000000 ) );
#4219 = DIRECTION( '', ( 1.00000000000000, 0.000000000000000, -0.000000000000000 ) );
#4220 = SURFACE_STYLE_FILL_AREA( #6729 );
#4221 = ORIENTED_EDGE( '', *, *, #6363, .T. );
#4222 = ORIENTED_EDGE( '', *, *, #6730, .F. );
#4223 = ORIENTED_EDGE( '', *, *, #6731, .F. );
#4224 = ORIENTED_EDGE( '', *, *, #6732, .T. );
#4225 = ORIENTED_EDGE( '', *, *, #6733, .F. );
#4226 = ORIENTED_EDGE( '', *, *, #6734, .T. );
#4227 = CARTESIAN_POINT( '', ( -0.257500000000000, 0.0200000000000000, 0.145000000000000 ) );
#4228 = DIRECTION( '', ( 1.00000000000000, 0.000000000000000, -0.000000000000000 ) );
#4229 = DIRECTION( '', ( -0.000000000000000, 0.000000000000000, -1.00000000000000 ) );
#4230 = SURFACE_STYLE_FILL_AREA( #6735 );
#4231 = ORIENTED_EDGE( '', *, *, #6429, .F. );
#4232 = ORIENTED_EDGE( '', *, *, #6736, .T. );
#4233 = ORIENTED_EDGE( '', *, *, #6496, .T. );
#4234 = ORIENTED_EDGE( '', *, *, #6737, .F. );
#4235 = CARTESIAN_POINT( '', ( 0.212500000000000, -0.0225000000000000, -0.0875000000000000 ) );
#4236 = DIRECTION( '', ( 1.00000000000000, -0.000000000000000, -0.000000000000000 ) );
#4237 = DIRECTION( '', ( 0.000000000000000, 0.000000000000000, 1.00000000000000 ) );
#4238 = SURFACE_STYLE_FILL_AREA( #6738 );
#4239 = ORIENTED_EDGE( '', *, *, #6739, .F. );
#4240 = ORIENTED_EDGE( '', *, *, #6626, .T. );
#4241 = ORIENTED_EDGE( '', *, *, #6740, .T. );
#4242 = ORIENTED_EDGE( '', *, *, #6741, .F. );
#4243 = CARTESIAN_POINT( '', ( 0.212500000000000, -0.122500000000000, 0.0125000000000000 ) );
#4244 = DIRECTION( '', ( 1.00000000000000, -0.000000000000000, -0.000000000000000 ) );
#4245 = DIRECTION( '', ( 0.000000000000000, 0.000000000000000, 1.00000000000000 ) );
#4246 = SURFACE_STYLE_FILL_AREA( #6742 );
#4247 = ORIENTED_EDGE( '', *, *, #6656, .F. );
#4248 = ORIENTED_EDGE( '', *, *, #6743, .T. );
#4249 = ORIENTED_EDGE( '', *, *, #6713, .F. );
#4250 = ORIENTED_EDGE( '', *, *, #6092, .F. );
#4251 = CARTESIAN_POINT( '', ( 0.212500000000000, -0.0537500000000000, -0.230000000000000 ) );
#4252 = DIRECTION( '', ( 0.000000000000000, -0.707106781186548, 0.707106781186548 ) );
#4253 = DIRECTION( '', ( 0.000000000000000, -0.707106781186547, -0.707106781186547 ) );
#4254 = SURFACE_STYLE_FILL_AREA( #6744 );
#4255 = ORIENTED_EDGE( '', *, *, #6745, .F. );
#4256 = ORIENTED_EDGE( '', *, *, #6746, .T. );
#4257 = ORIENTED_EDGE( '', *, *, #6446, .F. );
#4258 = ORIENTED_EDGE( '', *, *, #6315, .F. );
#4259 = CARTESIAN_POINT( '', ( 0.212500000000000, -0.147500000000000, -0.223750000000000 ) );
#4260 = DIRECTION( '', ( 0.000000000000000, -1.00000000000000, -7.22711109434991E-17 ) );
#4261 = DIRECTION( '', ( 0.000000000000000, 7.22711109434991E-17, -1.00000000000000 ) );
#4262 = SURFACE_STYLE_FILL_AREA( #6747 );
#4263 = ORIENTED_EDGE( '', *, *, #6748, .F. );
#4264 = ORIENTED_EDGE( '', *, *, #6749, .T. );
#4265 = ORIENTED_EDGE( '', *, *, #6750, .T. );
#4266 = ORIENTED_EDGE( '', *, *, #6751, .F. );
#4267 = CARTESIAN_POINT( '', ( -0.155050000000000, 0.0900000000000000, -0.00500000000000000 ) );
#4268 = DIRECTION( '', ( 1.00000000000000, -0.000000000000000, 0.000000000000000 ) );
#4269 = DIRECTION( '', ( 0.000000000000000, 0.000000000000000, -1.00000000000000 ) );
#4270 = SURFACE_STYLE_FILL_AREA( #6752 );
#4271 = ORIENTED_EDGE( '', *, *, #6753, .F. );
#4272 = ORIENTED_EDGE( '', *, *, #6754, .T. );
#4273 = ORIENTED_EDGE( '', *, *, #6048, .F. );
#4274 = ORIENTED_EDGE( '', *, *, #6755, .F. );
#4275 = CARTESIAN_POINT( '', ( 0.212500000000000, -0.147500000000000, -0.223750000000000 ) );
#4276 = DIRECTION( '', ( 0.000000000000000, -1.00000000000000, -7.22711109434991E-17 ) );
#4277 = DIRECTION( '', ( 0.000000000000000, 7.22711109434991E-17, -1.00000000000000 ) );
#4278 = SURFACE_STYLE_FILL_AREA( #6756 );
#4279 = ORIENTED_EDGE( '', *, *, #6757, .T. );
#4280 = ORIENTED_EDGE( '', *, *, #6758, .F. );
#4281 = ORIENTED_EDGE( '', *, *, #6759, .F. );
#4282 = ORIENTED_EDGE( '', *, *, #6760, .T. );
#4283 = CARTESIAN_POINT( '', ( 0.155050000000000, 0.0900000000000000, 0.115000000000000 ) );
#4284 = DIRECTION( '', ( 0.000000000000000, 0.000000000000000, 1.00000000000000 ) );
#4285 = DIRECTION( '', ( 1.00000000000000, 0.000000000000000, -0.000000000000000 ) );
#4286 = SURFACE_STYLE_FILL_AREA( #6761 );
#4287 = ORIENTED_EDGE( '', *, *, #6643, .T. );
#4288 = ORIENTED_EDGE( '', *, *, #6615, .T. );
#4289 = ORIENTED_EDGE( '', *, *, #6762, .T. );
#4290 = ORIENTED_EDGE( '', *, *, #6673, .T. );
#4291 = ORIENTED_EDGE( '', *, *, #6763, .T. );
#4292 = ORIENTED_EDGE( '', *, *, #6764, .T. );
#4293 = ORIENTED_EDGE( '', *, *, #6087, .T. );
#4294 = ORIENTED_EDGE( '', *, *, #6008, .T. );
#4295 = ORIENTED_EDGE( '', *, *, #6498, .T. );
#4296 = ORIENTED_EDGE( '', *, *, #6765, .T. );
#4297 = ORIENTED_EDGE( '', *, *, #6412, .T. );
#4298 = ORIENTED_EDGE( '', *, *, #6205, .F. );
#4299 = CARTESIAN_POINT( '', ( 0.0875000000000000, 0.0600000000000000, 0.145000000000000 ) );
#4300 = DIRECTION( '', ( -1.00000000000000, 0.000000000000000, 0.000000000000000 ) );
#4301 = DIRECTION( '', ( 0.000000000000000, 0.000000000000000, 1.00000000000000 ) );
#4302 = SURFACE_STYLE_FILL_AREA( #6766 );
#4303 = ORIENTED_EDGE( '', *, *, #6767, .T. );
#4304 = ORIENTED_EDGE( '', *, *, #6768, .F. );
#4305 = ORIENTED_EDGE( '', *, *, #6591, .T. );
#4306 = ORIENTED_EDGE( '', *, *, #6769, .T. );
#4307 = CARTESIAN_POINT( '', ( 0.123333319203367, 0.200000000000000, 0.0500000000000000 ) );
#4308 = DIRECTION( '', ( -0.999390827019096, 0.0348994967025008, 0.000000000000000 ) );
#4309 = DIRECTION( '', ( -0.0348994967025008, -0.999390827019096, 0.000000000000000 ) );
#4310 = SURFACE_STYLE_FILL_AREA( #6770 );
#4311 = ORIENTED_EDGE( '', *, *, #6388, .F. );
#4312 = ORIENTED_EDGE( '', *, *, #6771, .F. );
#4313 = ORIENTED_EDGE( '', *, *, #6772, .F. );
#4314 = ORIENTED_EDGE( '', *, *, #6097, .T. );
#4315 = CARTESIAN_POINT( '', ( 0.212500000000000, 0.305000000000000, -0.0437500000000000 ) );
#4316 = DIRECTION( '', ( 0.000000000000000, -0.707106781186549, -0.707106781186546 ) );
#4317 = DIRECTION( '', ( 0.000000000000000, 0.707106781186546, -0.707106781186549 ) );
#4318 = SURFACE_STYLE_FILL_AREA( #6773 );
#4319 = ORIENTED_EDGE( '', *, *, #6630, .T. );
#4320 = ORIENTED_EDGE( '', *, *, #6368, .T. );
#4321 = ORIENTED_EDGE( '', *, *, #6439, .T. );
#4322 = ORIENTED_EDGE( '', *, *, #6774, .T. );
#4323 = ORIENTED_EDGE( '', *, *, #6228, .F. );
#4324 = ORIENTED_EDGE( '', *, *, #6681, .T. );
#4325 = ORIENTED_EDGE( '', *, *, #6457, .T. );
#4326 = ORIENTED_EDGE( '', *, *, #6775, .F. );
#4327 = ORIENTED_EDGE( '', *, *, #6776, .T. );
#4328 = ORIENTED_EDGE( '', *, *, #6777, .F. );
#4329 = CARTESIAN_POINT( '', ( -0.0875000000000000, 0.0400000000000000, 0.145000000000000 ) );
#4330 = DIRECTION( '', ( 1.00000000000000, 0.000000000000000, -0.000000000000000 ) );
#4331 = DIRECTION( '', ( -0.000000000000000, 0.000000000000000, -1.00000000000000 ) );
#4332 = SURFACE_STYLE_FILL_AREA( #6778 );
#4333 = ORIENTED_EDGE( '', *, *, #6248, .T. );
#4334 = ORIENTED_EDGE( '', *, *, #6395, .T. );
#4335 = ORIENTED_EDGE( '', *, *, #6417, .F. );
#4336 = ORIENTED_EDGE( '', *, *, #6779, .T. );
#4337 = CARTESIAN_POINT( '', ( 0.212500000000000, -0.0225000000000000, -0.0875000000000000 ) );
#4338 = DIRECTION( '', ( 1.00000000000000, -0.000000000000000, -0.000000000000000 ) );
#4339 = DIRECTION( '', ( 0.000000000000000, 0.000000000000000, 1.00000000000000 ) );
#4340 = SURFACE_STYLE_FILL_AREA( #6780 );
#4341 = ORIENTED_EDGE( '', *, *, #6781, .T. );
#4342 = ORIENTED_EDGE( '', *, *, #6581, .F. );
#4343 = ORIENTED_EDGE( '', *, *, #6321, .F. );
#4344 = ORIENTED_EDGE( '', *, *, #6724, .T. );
#4345 = CARTESIAN_POINT( '', ( 0.0449500000000000, 0.0900000000000000, -0.00500000000000000 ) );
#4346 = DIRECTION( '', ( 1.00000000000000, -0.000000000000000, 0.000000000000000 ) );
#4347 = DIRECTION( '', ( 0.000000000000000, 0.000000000000000, -1.00000000000000 ) );
#4348 = SURFACE_STYLE_FILL_AREA( #6782 );
#4349 = ORIENTED_EDGE( '', *, *, #6385, .F. );
#4350 = ORIENTED_EDGE( '', *, *, #6109, .F. );
#4351 = ORIENTED_EDGE( '', *, *, #6783, .F. );
#4352 = ORIENTED_EDGE( '', *, *, #6239, .T. );
#4353 = CARTESIAN_POINT( '', ( 0.212500000000000, 0.298750000000000, 0.0375000000000000 ) );
#4354 = DIRECTION( '', ( 0.000000000000000, -0.707106781186549, 0.707106781186546 ) );
#4355 = DIRECTION( '', ( 0.000000000000000, -0.707106781186546, -0.707106781186549 ) );
#4356 = SURFACE_STYLE_FILL_AREA( #6784 );
#4357 = ORIENTED_EDGE( '', *, *, #6553, .F. );
#4358 = ORIENTED_EDGE( '', *, *, #6785, .T. );
#4359 = ORIENTED_EDGE( '', *, *, #6786, .F. );
#4360 = ORIENTED_EDGE( '', *, *, #6507, .F. );
#4361 = ORIENTED_EDGE( '', *, *, #6112, .T. );
#4362 = ORIENTED_EDGE( '', *, *, #6787, .T. );
#4363 = ORIENTED_EDGE( '', *, *, #6788, .F. );
#4364 = ORIENTED_EDGE( '', *, *, #6789, .F. );
#4365 = ORIENTED_EDGE( '', *, *, #6669, .F. );
#4366 = ORIENTED_EDGE( '', *, *, #6342, .F. );
#4367 = CARTESIAN_POINT( '', ( 0.0449500000000000, 0.0900000000000000, 0.00510000000000000 ) );
#4368 = DIRECTION( '', ( 0.000000000000000, 0.000000000000000, -1.00000000000000 ) );
#4369 = DIRECTION( '', ( -1.00000000000000, 0.000000000000000, 0.000000000000000 ) );
#4370 = SURFACE_STYLE_FILL_AREA( #6790 );
#4371 = ORIENTED_EDGE( '', *, *, #6774, .F. );
#4372 = ORIENTED_EDGE( '', *, *, #6441, .T. );
#4373 = ORIENTED_EDGE( '', *, *, #6791, .F. );
#4374 = ORIENTED_EDGE( '', *, *, #6229, .F. );
#4375 = CARTESIAN_POINT( '', ( 0.212500000000000, -0.172500000000000, -0.223750000000000 ) );
#4376 = DIRECTION( '', ( -0.000000000000000, 0.707106781186549, 0.707106781186546 ) );
#4377 = DIRECTION( '', ( 0.000000000000000, -0.707106781186545, 0.707106781186549 ) );
#4378 = SURFACE_STYLE_FILL_AREA( #6792 );
#4379 = ORIENTED_EDGE( '', *, *, #6793, .T. );
#4380 = ORIENTED_EDGE( '', *, *, #6794, .F. );
#4381 = ORIENTED_EDGE( '', *, *, #6628, .T. );
#4382 = ORIENTED_EDGE( '', *, *, #6795, .T. );
#4383 = ORIENTED_EDGE( '', *, *, #6058, .T. );
#4384 = ORIENTED_EDGE( '', *, *, #6796, .T. );
#4385 = ORIENTED_EDGE( '', *, *, #6797, .F. );
#4386 = ORIENTED_EDGE( '', *, *, #6798, .T. );
#4387 = ORIENTED_EDGE( '', *, *, #6427, .T. );
#4388 = ORIENTED_EDGE( '', *, *, #6484, .F. );
#4389 = ORIENTED_EDGE( '', *, *, #6577, .F. );
#4390 = ORIENTED_EDGE( '', *, *, #6799, .T. );
#4391 = ORIENTED_EDGE( '', *, *, #6424, .T. );
#4392 = ORIENTED_EDGE( '', *, *, #6324, .F. );
#4393 = ORIENTED_EDGE( '', *, *, #6800, .F. );
#4394 = ORIENTED_EDGE( '', *, *, #6037, .T. );
#4395 = ORIENTED_EDGE( '', *, *, #6422, .T. );
#4396 = ORIENTED_EDGE( '', *, *, #6711, .F. );
#4397 = ORIENTED_EDGE( '', *, *, #6801, .F. );
#4398 = ORIENTED_EDGE( '', *, *, #6658, .T. );
#4399 = ORIENTED_EDGE( '', *, *, #6418, .T. );
#4400 = ORIENTED_EDGE( '', *, *, #6393, .F. );
#4401 = ORIENTED_EDGE( '', *, *, #6802, .F. );
#4402 = ORIENTED_EDGE( '', *, *, #6803, .F. );
#4403 = ORIENTED_EDGE( '', *, *, #6804, .T. );
#4404 = ORIENTED_EDGE( '', *, *, #6805, .F. );
#4405 = ORIENTED_EDGE( '', *, *, #6636, .T. );
#4406 = ORIENTED_EDGE( '', *, *, #6806, .T. );
#4407 = ORIENTED_EDGE( '', *, *, #6807, .T. );
#4408 = ORIENTED_EDGE( '', *, *, #6444, .F. );
#4409 = ORIENTED_EDGE( '', *, *, #6633, .T. );
#4410 = ORIENTED_EDGE( '', *, *, #6808, .T. );
#4411 = ORIENTED_EDGE( '', *, *, #6245, .T. );
#4412 = ORIENTED_EDGE( '', *, *, #6045, .F. );
#4413 = ORIENTED_EDGE( '', *, *, #6631, .T. );
#4414 = ORIENTED_EDGE( '', *, *, #6777, .T. );
#4415 = CARTESIAN_POINT( '', ( 0.212500000000000, 0.0400000000000000, 0.0375000000000000 ) );
#4416 = DIRECTION( '', ( 0.000000000000000, 1.00000000000000, -1.13826999736011E-16 ) );
#4417 = DIRECTION( '', ( 0.000000000000000, 1.13826999736011E-16, 1.00000000000000 ) );
#4418 = SURFACE_STYLE_FILL_AREA( #6809 );
#4419 = ORIENTED_EDGE( '', *, *, #6707, .F. );
#4420 = ORIENTED_EDGE( '', *, *, #6810, .F. );
#4421 = ORIENTED_EDGE( '', *, *, #6573, .F. );
#4422 = ORIENTED_EDGE( '', *, *, #6811, .T. );
#4423 = CARTESIAN_POINT( '', ( 0.280000000000000, 0.0200000000000000, -0.115000000000000 ) );
#4424 = DIRECTION( '', ( 0.000000000000000, 0.000000000000000, -1.00000000000000 ) );
#4425 = DIRECTION( '', ( -1.00000000000000, 0.000000000000000, 0.000000000000000 ) );
#4426 = SURFACE_STYLE_FILL_AREA( #6812 );
#4427 = ORIENTED_EDGE( '', *, *, #6651, .F. );
#4428 = ORIENTED_EDGE( '', *, *, #6801, .T. );
#4429 = ORIENTED_EDGE( '', *, *, #6710, .F. );
#4430 = ORIENTED_EDGE( '', *, *, #6813, .F. );
#4431 = CARTESIAN_POINT( '', ( 0.212500000000000, 0.0400000000000000, -0.0375000000000000 ) );
#4432 = DIRECTION( '', ( 0.000000000000000, 0.000000000000000, -1.00000000000000 ) );
#4433 = DIRECTION( '', ( -1.00000000000000, 0.000000000000000, 0.000000000000000 ) );
#4434 = SURFACE_STYLE_FILL_AREA( #6814 );
#4435 = ORIENTED_EDGE( '', *, *, #6644, .T. );
#4436 = ORIENTED_EDGE( '', *, *, #6207, .T. );
#4437 = ORIENTED_EDGE( '', *, *, #6411, .T. );
#4438 = ORIENTED_EDGE( '', *, *, #6613, .T. );
#4439 = ORIENTED_EDGE( '', *, *, #6815, .T. );
#4440 = ORIENTED_EDGE( '', *, *, #6816, .T. );
#4441 = ORIENTED_EDGE( '', *, *, #6504, .T. );
#4442 = ORIENTED_EDGE( '', *, *, #6817, .T. );
#4443 = ORIENTED_EDGE( '', *, *, #6066, .T. );
#4444 = ORIENTED_EDGE( '', *, *, #6202, .T. );
#4445 = ORIENTED_EDGE( '', *, *, #6666, .T. );
#4446 = ORIENTED_EDGE( '', *, *, #6818, .T. );
#4447 = CARTESIAN_POINT( '', ( 0.0125000000000001, 0.325000000000000, 0.145000000000000 ) );
#4448 = DIRECTION( '', ( 1.00000000000000, 0.000000000000000, -0.000000000000000 ) );
#4449 = DIRECTION( '', ( -0.000000000000000, 0.000000000000000, -1.00000000000000 ) );
#4450 = SURFACE_STYLE_FILL_AREA( #6819 );
#4451 = ORIENTED_EDGE( '', *, *, #6820, .T. );
#4452 = ORIENTED_EDGE( '', *, *, #6821, .F. );
#4453 = ORIENTED_EDGE( '', *, *, #6822, .F. );
#4454 = ORIENTED_EDGE( '', *, *, #6823, .T. );
#4455 = CARTESIAN_POINT( '', ( -0.244950000000000, 0.0900000000000000, -0.114900000000000 ) );
#4456 = DIRECTION( '', ( -1.00000000000000, 0.000000000000000, 0.000000000000000 ) );
#4457 = DIRECTION( '', ( 0.000000000000000, 0.000000000000000, 1.00000000000000 ) );
#4458 = SURFACE_STYLE_FILL_AREA( #6824 );
#4459 = ORIENTED_EDGE( '', *, *, #6825, .T. );
#4460 = ORIENTED_EDGE( '', *, *, #6693, .T. );
#4461 = ORIENTED_EDGE( '', *, *, #6826, .F. );
#4462 = ORIENTED_EDGE( '', *, *, #6827, .T. );
#4463 = CARTESIAN_POINT( '', ( -0.155050000000000, 0.0900000000000000, -0.00500000000000000 ) );
#4464 = DIRECTION( '', ( 1.00000000000000, -0.000000000000000, 0.000000000000000 ) );
#4465 = DIRECTION( '', ( 0.000000000000000, 0.000000000000000, -1.00000000000000 ) );
#4466 = SURFACE_STYLE_FILL_AREA( #6828 );
#4467 = ORIENTED_EDGE( '', *, *, #6829, .F. );
#4468 = ORIENTED_EDGE( '', *, *, #6430, .F. );
#4469 = ORIENTED_EDGE( '', *, *, #6737, .T. );
#4470 = ORIENTED_EDGE( '', *, *, #6495, .F. );
#4471 = ORIENTED_EDGE( '', *, *, #6375, .F. );
#4472 = ORIENTED_EDGE( '', *, *, #6830, .F. );
#4473 = ORIENTED_EDGE( '', *, *, #6831, .F. );
#4474 = ORIENTED_EDGE( '', *, *, #6832, .F. );
#4475 = ORIENTED_EDGE( '', *, *, #6103, .F. );
#4476 = ORIENTED_EDGE( '', *, *, #6833, .F. );
#4477 = ORIENTED_EDGE( '', *, *, #6796, .F. );
#4478 = ORIENTED_EDGE( '', *, *, #6057, .F. );
#4479 = ORIENTED_EDGE( '', *, *, #6464, .T. );
#4480 = ORIENTED_EDGE( '', *, *, #6834, .F. );
#4481 = ORIENTED_EDGE( '', *, *, #6835, .F. );
#4482 = ORIENTED_EDGE( '', *, *, #6262, .F. );
#4483 = ORIENTED_EDGE( '', *, *, #6836, .F. );
#4484 = ORIENTED_EDGE( '', *, *, #6837, .F. );
#4485 = ORIENTED_EDGE( '', *, *, #6740, .F. );
#4486 = ORIENTED_EDGE( '', *, *, #6625, .F. );
#4487 = ORIENTED_EDGE( '', *, *, #6838, .F. );
#4488 = ORIENTED_EDGE( '', *, *, #6225, .F. );
#4489 = ORIENTED_EDGE( '', *, *, #6719, .F. );
#4490 = ORIENTED_EDGE( '', *, *, #6281, .F. );
#4491 = ORIENTED_EDGE( '', *, *, #6839, .F. );
#4492 = ORIENTED_EDGE( '', *, *, #6276, .F. );
#4493 = ORIENTED_EDGE( '', *, *, #6163, .F. );
#4494 = ORIENTED_EDGE( '', *, *, #6254, .F. );
#4495 = CARTESIAN_POINT( '', ( -0.212500000000000, -0.122500000000000, 0.0125000000000000 ) );
#4496 = DIRECTION( '', ( 1.00000000000000, 0.000000000000000, 0.000000000000000 ) );
#4497 = DIRECTION( '', ( 0.000000000000000, 0.000000000000000, -1.00000000000000 ) );
#4498 = SURFACE_STYLE_FILL_AREA( #6840 );
#4499 = ORIENTED_EDGE( '', *, *, #6841, .T. );
#4500 = ORIENTED_EDGE( '', *, *, #6842, .F. );
#4501 = ORIENTED_EDGE( '', *, *, #6843, .F. );
#4502 = ORIENTED_EDGE( '', *, *, #6180, .T. );
#4503 = CARTESIAN_POINT( '', ( -0.244950000000000, 0.0900000000000000, 0.00510000000000001 ) );
#4504 = DIRECTION( '', ( -1.00000000000000, 0.000000000000000, 0.000000000000000 ) );
#4505 = DIRECTION( '', ( 0.000000000000000, 0.000000000000000, 1.00000000000000 ) );
#4506 = SURFACE_STYLE_FILL_AREA( #6844 );
#4507 = ORIENTED_EDGE( '', *, *, #6637, .T. );
#4508 = ORIENTED_EDGE( '', *, *, #6805, .T. );
#4509 = ORIENTED_EDGE( '', *, *, #6845, .T. );
#4510 = ORIENTED_EDGE( '', *, *, #6846, .F. );
#4511 = ORIENTED_EDGE( '', *, *, #6233, .T. );
#4512 = ORIENTED_EDGE( '', *, *, #6847, .T. );
#4513 = ORIENTED_EDGE( '', *, *, #6848, .F. );
#4514 = ORIENTED_EDGE( '', *, *, #6849, .T. );
#4515 = ORIENTED_EDGE( '', *, *, #6349, .T. );
#4516 = ORIENTED_EDGE( '', *, *, #6678, .T. );
#4517 = CARTESIAN_POINT( '', ( 0.187500000000000, -0.200000000000000, 0.145000000000000 ) );
#4518 = DIRECTION( '', ( -1.00000000000000, 0.000000000000000, 0.000000000000000 ) );
#4519 = DIRECTION( '', ( 0.000000000000000, 0.000000000000000, 1.00000000000000 ) );
#4520 = SURFACE_STYLE_FILL_AREA( #6850 );
#4521 = ORIENTED_EDGE( '', *, *, #6571, .T. );
#4522 = ORIENTED_EDGE( '', *, *, #6851, .T. );
#4523 = ORIENTED_EDGE( '', *, *, #6705, .T. );
#4524 = ORIENTED_EDGE( '', *, *, #6852, .F. );
#4525 = ORIENTED_EDGE( '', *, *, #6853, .F. );
#4526 = ORIENTED_EDGE( '', *, *, #6854, .F. );
#4527 = ORIENTED_EDGE( '', *, *, #6434, .T. );
#4528 = ORIENTED_EDGE( '', *, *, #6855, .F. );
#4529 = CARTESIAN_POINT( '', ( 0.257500000000000, 0.320000000000000, -0.125000000000000 ) );
#4530 = DIRECTION( '', ( 0.000000000000000, -0.000000000000000, 1.00000000000000 ) );
#4531 = DIRECTION( '', ( 1.00000000000000, 0.000000000000000, -0.000000000000000 ) );
#4532 = SURFACE_STYLE_FILL_AREA( #6856 );
#4533 = ORIENTED_EDGE( '', *, *, #6857, .F. );
#4534 = ORIENTED_EDGE( '', *, *, #6858, .T. );
#4535 = ORIENTED_EDGE( '', *, *, #6859, .T. );
#4536 = ORIENTED_EDGE( '', *, *, #6860, .T. );
#4537 = CARTESIAN_POINT( '', ( -0.167500000000000, -0.0200000000000000, 0.145000000000000 ) );
#4538 = DIRECTION( '', ( -1.00000000000000, 0.000000000000000, 0.000000000000000 ) );
#4539 = DIRECTION( '', ( 0.000000000000000, 0.000000000000000, 1.00000000000000 ) );
#4540 = SURFACE_STYLE_FILL_AREA( #6861 );
#4541 = ORIENTED_EDGE( '', *, *, #6862, .F. );
#4542 = ORIENTED_EDGE( '', *, *, #6863, .T. );
#4543 = ORIENTED_EDGE( '', *, *, #6834, .T. );
#4544 = ORIENTED_EDGE( '', *, *, #6463, .F. );
#4545 = CARTESIAN_POINT( '', ( 0.212500000000000, -0.147500000000000, -0.223750000000000 ) );
#4546 = DIRECTION( '', ( 0.000000000000000, -1.00000000000000, -7.22711109434991E-17 ) );
#4547 = DIRECTION( '', ( 0.000000000000000, 7.22711109434991E-17, -1.00000000000000 ) );
#4548 = SURFACE_STYLE_FILL_AREA( #6864 );
#4549 = ORIENTED_EDGE( '', *, *, #6865, .F. );
#4550 = ORIENTED_EDGE( '', *, *, #6866, .F. );
#4551 = ORIENTED_EDGE( '', *, *, #6867, .T. );
#4552 = ORIENTED_EDGE( '', *, *, #6868, .T. );
#4553 = CARTESIAN_POINT( '', ( -0.132500000000000, 0.0200000000000000, 0.145000000000000 ) );
#4554 = DIRECTION( '', ( 1.00000000000000, 0.000000000000000, -0.000000000000000 ) );
#4555 = DIRECTION( '', ( -0.000000000000000, 0.000000000000000, -1.00000000000000 ) );
#4556 = SURFACE_STYLE_FILL_AREA( #6869 );
#4557 = ORIENTED_EDGE( '', *, *, #6764, .F. );
#4558 = ORIENTED_EDGE( '', *, *, #6870, .F. );
#4559 = ORIENTED_EDGE( '', *, *, #6871, .F. );
#4560 = ORIENTED_EDGE( '', *, *, #6088, .T. );
#4561 = CARTESIAN_POINT( '', ( 0.212500000000000, 0.0650000000000000, -0.0375000000000000 ) );
#4562 = DIRECTION( '', ( 0.000000000000000, -1.00000000000000, 3.41480999208033E-16 ) );
#4563 = DIRECTION( '', ( 0.000000000000000, -3.41480999208033E-16, -1.00000000000000 ) );
#4564 = SURFACE_STYLE_FILL_AREA( #6872 );
#4565 = ORIENTED_EDGE( '', *, *, #6873, .F. );
#4566 = ORIENTED_EDGE( '', *, *, #6505, .F. );
#4567 = ORIENTED_EDGE( '', *, *, #6816, .F. );
#4568 = ORIENTED_EDGE( '', *, *, #6874, .T. );
#4569 = CARTESIAN_POINT( '', ( 0.212500000000000, 0.305000000000000, -0.0437500000000000 ) );
#4570 = DIRECTION( '', ( 0.000000000000000, -0.707106781186549, -0.707106781186546 ) );
#4571 = DIRECTION( '', ( 0.000000000000000, 0.707106781186546, -0.707106781186549 ) );
#4572 = SURFACE_STYLE_FILL_AREA( #6875 );
#4573 = ORIENTED_EDGE( '', *, *, #6629, .T. );
#4574 = ORIENTED_EDGE( '', *, *, #6794, .T. );
#4575 = ORIENTED_EDGE( '', *, *, #6876, .T. );
#4576 = ORIENTED_EDGE( '', *, *, #6877, .F. );
#4577 = ORIENTED_EDGE( '', *, *, #6459, .T. );
#4578 = ORIENTED_EDGE( '', *, *, #6682, .T. );
#4579 = ORIENTED_EDGE( '', *, *, #6230, .F. );
#4580 = ORIENTED_EDGE( '', *, *, #6791, .T. );
#4581 = ORIENTED_EDGE( '', *, *, #6440, .T. );
#4582 = ORIENTED_EDGE( '', *, *, #6370, .T. );
#4583 = CARTESIAN_POINT( '', ( -0.112500000000000, -0.200000000000000, 0.145000000000000 ) );
#4584 = DIRECTION( '', ( -1.00000000000000, 0.000000000000000, 0.000000000000000 ) );
#4585 = DIRECTION( '', ( 0.000000000000000, 0.000000000000000, 1.00000000000000 ) );
#4586 = SURFACE_STYLE_FILL_AREA( #6878 );
#4587 = ORIENTED_EDGE( '', *, *, #6436, .F. );
#4588 = ORIENTED_EDGE( '', *, *, #6006, .F. );
#4589 = ORIENTED_EDGE( '', *, *, #6879, .F. );
#4590 = ORIENTED_EDGE( '', *, *, #6880, .T. );
#4591 = CARTESIAN_POINT( '', ( 0.280000000000000, 0.000000000000000, -0.115000000000000 ) );
#4592 = DIRECTION( '', ( -0.000000000000000, 1.00000000000000, 0.000000000000000 ) );
#4593 = DIRECTION( '', ( 0.000000000000000, -0.000000000000000, 1.00000000000000 ) );
#4594 = SURFACE_STYLE_FILL_AREA( #6881 );
#4595 = ORIENTED_EDGE( '', *, *, #6882, .T. );
#4596 = ORIENTED_EDGE( '', *, *, #6883, .T. );
#4597 = ORIENTED_EDGE( '', *, *, #6600, .F. );
#4598 = ORIENTED_EDGE( '', *, *, #6884, .T. );
#4599 = CARTESIAN_POINT( '', ( 0.155050000000000, 0.0900000000000000, -0.114900000000000 ) );
#4600 = DIRECTION( '', ( -1.00000000000000, 0.000000000000000, 0.000000000000000 ) );
#4601 = DIRECTION( '', ( 0.000000000000000, 0.000000000000000, 1.00000000000000 ) );
#4602 = SURFACE_STYLE_FILL_AREA( #6885 );
#4603 = ORIENTED_EDGE( '', *, *, #6886, .T. );
#4604 = ORIENTED_EDGE( '', *, *, #6887, .F. );
#4605 = ORIENTED_EDGE( '', *, *, #5992, .T. );
#4606 = ORIENTED_EDGE( '', *, *, #6564, .T. );
#4607 = CARTESIAN_POINT( '', ( 0.163626959721360, 0.320000000000000, 0.0500000000000000 ) );
#4608 = DIRECTION( '', ( 0.848048096156426, 0.529919264233205, -0.000000000000000 ) );
#4609 = DIRECTION( '', ( -0.529919264233205, 0.848048096156426, 0.000000000000000 ) );
#4610 = SURFACE_STYLE_FILL_AREA( #6888 );
#4611 = ORIENTED_EDGE( '', *, *, #6776, .F. );
#4612 = ORIENTED_EDGE( '', *, *, #6889, .T. );
#4613 = ORIENTED_EDGE( '', *, *, #6876, .F. );
#4614 = ORIENTED_EDGE( '', *, *, #6793, .F. );
#4615 = CARTESIAN_POINT( '', ( 0.212500000000000, -0.122500000000000, 0.0375000000000000 ) );
#4616 = DIRECTION( '', ( 0.000000000000000, 0.000000000000000, 1.00000000000000 ) );
#4617 = DIRECTION( '', ( 1.00000000000000, 0.000000000000000, -0.000000000000000 ) );
#4618 = SURFACE_STYLE_FILL_AREA( #6890 );
#4619 = ORIENTED_EDGE( '', *, *, #6891, .F. );
#4620 = ORIENTED_EDGE( '', *, *, #6192, .F. );
#4621 = ORIENTED_EDGE( '', *, *, #6133, .F. );
#4622 = ORIENTED_EDGE( '', *, *, #6892, .F. );
#4623 = ORIENTED_EDGE( '', *, *, #6893, .F. );
#4624 = ORIENTED_EDGE( '', *, *, #6894, .T. );
#4625 = ORIENTED_EDGE( '', *, *, #6827, .F. );
#4626 = ORIENTED_EDGE( '', *, *, #6895, .F. );
#4627 = ORIENTED_EDGE( '', *, *, #6821, .T. );
#4628 = ORIENTED_EDGE( '', *, *, #6896, .T. );
#4629 = CARTESIAN_POINT( '', ( -0.244950000000000, 0.0900000000000000, -0.00500000000000000 ) );
#4630 = DIRECTION( '', ( 0.000000000000000, 0.000000000000000, 1.00000000000000 ) );
#4631 = DIRECTION( '', ( 1.00000000000000, 0.000000000000000, -0.000000000000000 ) );
#4632 = SURFACE_STYLE_FILL_AREA( #6897 );
#4633 = ORIENTED_EDGE( '', *, *, #6898, .F. );
#4634 = ORIENTED_EDGE( '', *, *, #6634, .T. );
#4635 = ORIENTED_EDGE( '', *, *, #6451, .F. );
#4636 = ORIENTED_EDGE( '', *, *, #6899, .F. );
#4637 = CARTESIAN_POINT( '', ( 0.212500000000000, -0.122500000000000, 0.0125000000000000 ) );
#4638 = DIRECTION( '', ( 1.00000000000000, -0.000000000000000, -0.000000000000000 ) );
#4639 = DIRECTION( '', ( 0.000000000000000, 0.000000000000000, 1.00000000000000 ) );
#4640 = SURFACE_STYLE_FILL_AREA( #6900 );
#4641 = ORIENTED_EDGE( '', *, *, #6901, .T. );
#4642 = ORIENTED_EDGE( '', *, *, #6016, .T. );
#4643 = ORIENTED_EDGE( '', *, *, #6486, .T. );
#4644 = ORIENTED_EDGE( '', *, *, #6584, .F. );
#4645 = CARTESIAN_POINT( '', ( 0.212500000000000, -0.0662500000000000, -0.230000000000000 ) );
#4646 = DIRECTION( '', ( 0.000000000000000, 0.000000000000000, 1.00000000000000 ) );
#4647 = DIRECTION( '', ( 1.00000000000000, 0.000000000000000, -0.000000000000000 ) );
#4648 = SURFACE_STYLE_FILL_AREA( #6902 );
#4649 = ORIENTED_EDGE( '', *, *, #5995, .T. );
#4650 = ORIENTED_EDGE( '', *, *, #6903, .T. );
#4651 = ORIENTED_EDGE( '', *, *, #6759, .T. );
#4652 = ORIENTED_EDGE( '', *, *, #6904, .T. );
#4653 = CARTESIAN_POINT( '', ( 0.400000000000000, 0.0900000000000000, -6.40276873515062E-18 ) );
#4654 = DIRECTION( '', ( 0.000000000000000, 1.00000000000000, -0.000000000000000 ) );
#4655 = DIRECTION( '', ( 0.000000000000000, 0.000000000000000, 1.00000000000000 ) );
#4656 = SURFACE_STYLE_FILL_AREA( #6905 );
#4657 = ORIENTED_EDGE( '', *, *, #6561, .T. );
#4658 = ORIENTED_EDGE( '', *, *, #6690, .T. );
#4659 = ORIENTED_EDGE( '', *, *, #6210, .T. );
#4660 = ORIENTED_EDGE( '', *, *, #6476, .F. );
#4661 = CARTESIAN_POINT( '', ( -0.127000000000000, 0.305000000000000, 0.0500000000000000 ) );
#4662 = DIRECTION( '', ( 0.999390827019096, 0.0348994967025013, -0.000000000000000 ) );
#4663 = DIRECTION( '', ( -0.0348994967025013, 0.999390827019096, 0.000000000000000 ) );
#4664 = SURFACE_STYLE_FILL_AREA( #6906 );
#4665 = ORIENTED_EDGE( '', *, *, #6420, .F. );
#4666 = ORIENTED_EDGE( '', *, *, #6657, .T. );
#4667 = ORIENTED_EDGE( '', *, *, #6094, .T. );
#4668 = ORIENTED_EDGE( '', *, *, #6712, .T. );
#4669 = CARTESIAN_POINT( '', ( 0.212500000000000, -0.0225000000000000, -0.0875000000000000 ) );
#4670 = DIRECTION( '', ( 1.00000000000000, -0.000000000000000, -0.000000000000000 ) );
#4671 = DIRECTION( '', ( 0.000000000000000, 0.000000000000000, 1.00000000000000 ) );
#4672 = SURFACE_STYLE_FILL_AREA( #6907 );
#4673 = ORIENTED_EDGE( '', *, *, #6244, .F. );
#4674 = ORIENTED_EDGE( '', *, *, #6908, .T. );
#4675 = ORIENTED_EDGE( '', *, *, #6755, .T. );
#4676 = ORIENTED_EDGE( '', *, *, #6047, .T. );
#4677 = CARTESIAN_POINT( '', ( 0.212500000000000, -0.122500000000000, 0.0125000000000000 ) );
#4678 = DIRECTION( '', ( 1.00000000000000, -0.000000000000000, -0.000000000000000 ) );
#4679 = DIRECTION( '', ( 0.000000000000000, 0.000000000000000, 1.00000000000000 ) );
#4680 = SURFACE_STYLE_FILL_AREA( #6909 );
#4681 = ORIENTED_EDGE( '', *, *, #6655, .T. );
#4682 = ORIENTED_EDGE( '', *, *, #6910, .T. );
#4683 = ORIENTED_EDGE( '', *, *, #6714, .T. );
#4684 = ORIENTED_EDGE( '', *, *, #6743, .F. );
#4685 = CARTESIAN_POINT( '', ( 0.212500000000000, -0.0662500000000000, -0.230000000000000 ) );
#4686 = DIRECTION( '', ( 0.000000000000000, 0.000000000000000, 1.00000000000000 ) );
#4687 = DIRECTION( '', ( 1.00000000000000, 0.000000000000000, -0.000000000000000 ) );
#4688 = SURFACE_STYLE_FILL_AREA( #6911 );
#4689 = ORIENTED_EDGE( '', *, *, #6912, .T. );
#4690 = ORIENTED_EDGE( '', *, *, #6512, .T. );
#4691 = ORIENTED_EDGE( '', *, *, #6913, .T. );
#4692 = ORIENTED_EDGE( '', *, *, #6914, .T. );
#4693 = CARTESIAN_POINT( '', ( 0.280000000000000, 0.000000000000000, 0.000000000000000 ) );
#4694 = DIRECTION( '', ( 1.00000000000000, 0.000000000000000, -0.000000000000000 ) );
#4695 = DIRECTION( '', ( -0.000000000000000, 0.000000000000000, -1.00000000000000 ) );
#4696 = SURFACE_STYLE_FILL_AREA( #6915 );
#4697 = ORIENTED_EDGE( '', *, *, #6632, .T. );
#4698 = ORIENTED_EDGE( '', *, *, #6069, .T. );
#4699 = ORIENTED_EDGE( '', *, *, #6171, .T. );
#4700 = ORIENTED_EDGE( '', *, *, #6284, .T. );
#4701 = ORIENTED_EDGE( '', *, *, #6916, .F. );
#4702 = ORIENTED_EDGE( '', *, *, #6917, .T. );
#4703 = ORIENTED_EDGE( '', *, *, #6753, .T. );
#4704 = ORIENTED_EDGE( '', *, *, #6908, .F. );
#4705 = ORIENTED_EDGE( '', *, *, #6243, .T. );
#4706 = ORIENTED_EDGE( '', *, *, #6808, .F. );
#4707 = CARTESIAN_POINT( '', ( 0.0125000000000000, 0.0400000000000000, 0.145000000000000 ) );
#4708 = DIRECTION( '', ( 1.00000000000000, 0.000000000000000, -0.000000000000000 ) );
#4709 = DIRECTION( '', ( -0.000000000000000, 0.000000000000000, -1.00000000000000 ) );
#4710 = SURFACE_STYLE_FILL_AREA( #6918 );
#4711 = ORIENTED_EDGE( '', *, *, #6919, .T. );
#4712 = ORIENTED_EDGE( '', *, *, #6920, .F. );
#4713 = ORIENTED_EDGE( '', *, *, #6921, .T. );
#4714 = ORIENTED_EDGE( '', *, *, #6914, .F. );
#4715 = CARTESIAN_POINT( '', ( 0.275000000000000, 0.320000000000000, -0.0250000000000000 ) );
#4716 = DIRECTION( '', ( 0.000000000000000, 0.000000000000000, -1.00000000000000 ) );
#4717 = DIRECTION( '', ( -1.00000000000000, 0.000000000000000, 0.000000000000000 ) );
#4718 = SURFACE_STYLE_FILL_AREA( #6922 );
#4719 = ORIENTED_EDGE( '', *, *, #6923, .T. );
#4720 = ORIENTED_EDGE( '', *, *, #6269, .F. );
#4721 = ORIENTED_EDGE( '', *, *, #6924, .F. );
#4722 = ORIENTED_EDGE( '', *, *, #6925, .F. );
#4723 = CARTESIAN_POINT( '', ( 0.280000000000000, 0.320000000000000, 0.145000000000000 ) );
#4724 = DIRECTION( '', ( 0.000000000000000, 0.000000000000000, -1.00000000000000 ) );
#4725 = DIRECTION( '', ( -1.00000000000000, 0.000000000000000, 0.000000000000000 ) );
#4726 = SURFACE_STYLE_FILL_AREA( #6926 );
#4727 = ORIENTED_EDGE( '', *, *, #6927, .T. );
#4728 = ORIENTED_EDGE( '', *, *, #6928, .F. );
#4729 = ORIENTED_EDGE( '', *, *, #6593, .T. );
#4730 = ORIENTED_EDGE( '', *, *, #6929, .T. );
#4731 = CARTESIAN_POINT( '', ( 0.0730000000000000, 0.305000000000000, 0.0500000000000000 ) );
#4732 = DIRECTION( '', ( 0.999390827019096, 0.0348994967025013, -0.000000000000000 ) );
#4733 = DIRECTION( '', ( -0.0348994967025013, 0.999390827019096, 0.000000000000000 ) );
#4734 = SURFACE_STYLE_FILL_AREA( #6930 );
#4735 = ORIENTED_EDGE( '', *, *, #6931, .T. );
#4736 = ORIENTED_EDGE( '', *, *, #6518, .F. );
#4737 = ORIENTED_EDGE( '', *, *, #6074, .F. );
#4738 = ORIENTED_EDGE( '', *, *, #6556, .T. );
#4739 = CARTESIAN_POINT( '', ( -0.144950000000000, 0.0900000000000000, 0.00510000000000000 ) );
#4740 = DIRECTION( '', ( -1.00000000000000, 0.000000000000000, 0.000000000000000 ) );
#4741 = DIRECTION( '', ( 0.000000000000000, 0.000000000000000, 1.00000000000000 ) );
#4742 = SURFACE_STYLE_FILL_AREA( #6932 );
#4743 = ORIENTED_EDGE( '', *, *, #6153, .T. );
#4744 = ORIENTED_EDGE( '', *, *, #6933, .T. );
#4745 = ORIENTED_EDGE( '', *, *, #6549, .F. );
#4746 = ORIENTED_EDGE( '', *, *, #6310, .F. );
#4747 = CARTESIAN_POINT( '', ( -0.0675000000000000, 0.000000000000000, 0.145000000000000 ) );
#4748 = DIRECTION( '', ( -1.00000000000000, 0.000000000000000, 0.000000000000000 ) );
#4749 = DIRECTION( '', ( 0.000000000000000, 0.000000000000000, 1.00000000000000 ) );
#4750 = SURFACE_STYLE_FILL_AREA( #6934 );
#4751 = ORIENTED_EDGE( '', *, *, #6935, .F. );
#4752 = ORIENTED_EDGE( '', *, *, #6936, .F. );
#4753 = ORIENTED_EDGE( '', *, *, #6365, .F. );
#4754 = ORIENTED_EDGE( '', *, *, #6937, .F. );
#4755 = ORIENTED_EDGE( '', *, *, #6938, .F. );
#4756 = ORIENTED_EDGE( '', *, *, #6661, .F. );
#4757 = ORIENTED_EDGE( '', *, *, #6079, .F. );
#4758 = ORIENTED_EDGE( '', *, *, #6041, .F. );
#4759 = CARTESIAN_POINT( '', ( -0.280000000000000, 0.000000000000000, -0.000000000000000 ) );
#4760 = DIRECTION( '', ( 1.00000000000000, 0.000000000000000, -0.000000000000000 ) );
#4761 = DIRECTION( '', ( -0.000000000000000, 0.000000000000000, -1.00000000000000 ) );
#4762 = SURFACE_STYLE_FILL_AREA( #6939 );
#4763 = ORIENTED_EDGE( '', *, *, #6387, .F. );
#4764 = ORIENTED_EDGE( '', *, *, #6940, .F. );
#4765 = ORIENTED_EDGE( '', *, *, #6941, .F. );
#4766 = ORIENTED_EDGE( '', *, *, #6771, .T. );
#4767 = CARTESIAN_POINT( '', ( 0.212500000000000, 0.298750000000000, -0.0375000000000000 ) );
#4768 = DIRECTION( '', ( 0.000000000000000, 0.000000000000000, -1.00000000000000 ) );
#4769 = DIRECTION( '', ( -1.00000000000000, 0.000000000000000, 0.000000000000000 ) );
#4770 = SURFACE_STYLE_FILL_AREA( #6942 );
#4771 = ORIENTED_EDGE( '', *, *, #6943, .T. );
#4772 = ORIENTED_EDGE( '', *, *, #6823, .F. );
#4773 = ORIENTED_EDGE( '', *, *, #6944, .F. );
#4774 = ORIENTED_EDGE( '', *, *, #6751, .T. );
#4775 = CARTESIAN_POINT( '', ( -0.155050000000000, 0.0900000000000000, -0.114900000000000 ) );
#4776 = DIRECTION( '', ( 0.000000000000000, 0.000000000000000, -1.00000000000000 ) );
#4777 = DIRECTION( '', ( -1.00000000000000, 0.000000000000000, 0.000000000000000 ) );
#4778 = SURFACE_STYLE_FILL_AREA( #6945 );
#4779 = ORIENTED_EDGE( '', *, *, #6946, .F. );
#4780 = ORIENTED_EDGE( '', *, *, #6067, .F. );
#4781 = ORIENTED_EDGE( '', *, *, #6817, .F. );
#4782 = ORIENTED_EDGE( '', *, *, #6503, .T. );
#4783 = CARTESIAN_POINT( '', ( 0.212500000000000, 0.0650000000000000, -0.0375000000000000 ) );
#4784 = DIRECTION( '', ( 0.000000000000000, -1.00000000000000, 3.41480999208033E-16 ) );
#4785 = DIRECTION( '', ( 0.000000000000000, -3.41480999208033E-16, -1.00000000000000 ) );
#4786 = SURFACE_STYLE_FILL_AREA( #6947 );
#4787 = ORIENTED_EDGE( '', *, *, #6234, .T. );
#4788 = ORIENTED_EDGE( '', *, *, #6846, .T. );
#4789 = ORIENTED_EDGE( '', *, *, #6948, .F. );
#4790 = ORIENTED_EDGE( '', *, *, #6949, .T. );
#4791 = CARTESIAN_POINT( '', ( 0.212500000000000, -0.122500000000000, 0.0125000000000000 ) );
#4792 = DIRECTION( '', ( 1.00000000000000, -0.000000000000000, -0.000000000000000 ) );
#4793 = DIRECTION( '', ( 0.000000000000000, 0.000000000000000, 1.00000000000000 ) );
#4794 = SURFACE_STYLE_FILL_AREA( #6950 );
#4795 = ORIENTED_EDGE( '', *, *, #6646, .T. );
#4796 = ORIENTED_EDGE( '', *, *, #6951, .T. );
#4797 = ORIENTED_EDGE( '', *, *, #6664, .T. );
#4798 = ORIENTED_EDGE( '', *, *, #6200, .T. );
#4799 = ORIENTED_EDGE( '', *, *, #6064, .T. );
#4800 = ORIENTED_EDGE( '', *, *, #6946, .T. );
#4801 = ORIENTED_EDGE( '', *, *, #6502, .T. );
#4802 = ORIENTED_EDGE( '', *, *, #6873, .T. );
#4803 = ORIENTED_EDGE( '', *, *, #6952, .T. );
#4804 = ORIENTED_EDGE( '', *, *, #6611, .T. );
#4805 = ORIENTED_EDGE( '', *, *, #6409, .T. );
#4806 = ORIENTED_EDGE( '', *, *, #6336, .F. );
#4807 = CARTESIAN_POINT( '', ( -0.0125000000000000, 0.0600000000000000, 0.145000000000000 ) );
#4808 = DIRECTION( '', ( -1.00000000000000, 0.000000000000000, 0.000000000000000 ) );
#4809 = DIRECTION( '', ( 0.000000000000000, 0.000000000000000, 1.00000000000000 ) );
#4810 = SURFACE_STYLE_FILL_AREA( #6953 );
#4811 = ORIENTED_EDGE( '', *, *, #6268, .F. );
#4812 = ORIENTED_EDGE( '', *, *, #6703, .F. );
#4813 = ORIENTED_EDGE( '', *, *, #6954, .F. );
#4814 = ORIENTED_EDGE( '', *, *, #6924, .T. );
#4815 = CARTESIAN_POINT( '', ( 0.280000000000000, 0.000000000000000, 0.145000000000000 ) );
#4816 = DIRECTION( '', ( -0.000000000000000, 1.00000000000000, 0.000000000000000 ) );
#4817 = DIRECTION( '', ( 0.000000000000000, -0.000000000000000, 1.00000000000000 ) );
#4818 = SURFACE_STYLE_FILL_AREA( #6955 );
#4819 = ORIENTED_EDGE( '', *, *, #6956, .T. );
#4820 = ORIENTED_EDGE( '', *, *, #6957, .F. );
#4821 = ORIENTED_EDGE( '', *, *, #6958, .T. );
#4822 = ORIENTED_EDGE( '', *, *, #6920, .T. );
#4823 = CARTESIAN_POINT( '', ( 0.275000000000000, 0.320000000000000, -0.0750000000000000 ) );
#4824 = DIRECTION( '', ( 1.00000000000000, 0.000000000000000, 0.000000000000000 ) );
#4825 = DIRECTION( '', ( 0.000000000000000, 0.000000000000000, -1.00000000000000 ) );
#4826 = SURFACE_STYLE_FILL_AREA( #6959 );
#4827 = ORIENTED_EDGE( '', *, *, #6960, .T. );
#4828 = ORIENTED_EDGE( '', *, *, #6019, .F. );
#4829 = ORIENTED_EDGE( '', *, *, #6601, .F. );
#4830 = ORIENTED_EDGE( '', *, *, #6883, .F. );
#4831 = CARTESIAN_POINT( '', ( 0.170000000000000, 0.0900000000000000, -0.0600000000000000 ) );
#4832 = DIRECTION( '', ( 0.000000000000000, 0.000000000000000, -1.00000000000000 ) );
#4833 = DIRECTION( '', ( -1.00000000000000, 0.000000000000000, 0.000000000000000 ) );
#4834 = SURFACE_STYLE_FILL_AREA( #6961 );
#4835 = ORIENTED_EDGE( '', *, *, #6962, .T. );
#4836 = ORIENTED_EDGE( '', *, *, #6514, .F. );
#4837 = ORIENTED_EDGE( '', *, *, #6963, .T. );
#4838 = ORIENTED_EDGE( '', *, *, #6355, .T. );
#4839 = CARTESIAN_POINT( '', ( 0.275000000000000, 0.320000000000000, 0.0250000000000000 ) );
#4840 = DIRECTION( '', ( 1.00000000000000, 0.000000000000000, 0.000000000000000 ) );
#4841 = DIRECTION( '', ( 0.000000000000000, 0.000000000000000, -1.00000000000000 ) );
#4842 = SURFACE_STYLE_FILL_AREA( #6964 );
#4843 = ORIENTED_EDGE( '', *, *, #6511, .F. );
#4844 = ORIENTED_EDGE( '', *, *, #6962, .F. );
#4845 = ORIENTED_EDGE( '', *, *, #6354, .F. );
#4846 = ORIENTED_EDGE( '', *, *, #6965, .F. );
#4847 = ORIENTED_EDGE( '', *, *, #6701, .T. );
#4848 = ORIENTED_EDGE( '', *, *, #6272, .F. );
#4849 = ORIENTED_EDGE( '', *, *, #6966, .T. );
#4850 = ORIENTED_EDGE( '', *, *, #6381, .T. );
#4851 = ORIENTED_EDGE( '', *, *, #6967, .T. );
#4852 = ORIENTED_EDGE( '', *, *, #6968, .F. );
#4853 = ORIENTED_EDGE( '', *, *, #6969, .T. );
#4854 = ORIENTED_EDGE( '', *, *, #6970, .T. );
#4855 = ORIENTED_EDGE( '', *, *, #6149, .T. );
#4856 = ORIENTED_EDGE( '', *, *, #6346, .F. );
#4857 = ORIENTED_EDGE( '', *, *, #6971, .T. );
#4858 = ORIENTED_EDGE( '', *, *, #6289, .T. );
#4859 = ORIENTED_EDGE( '', *, *, #6085, .T. );
#4860 = ORIENTED_EDGE( '', *, *, #6530, .F. );
#4861 = ORIENTED_EDGE( '', *, *, #6972, .T. );
#4862 = ORIENTED_EDGE( '', *, *, #6973, .T. );
#4863 = ORIENTED_EDGE( '', *, *, #6728, .T. );
#4864 = ORIENTED_EDGE( '', *, *, #6521, .F. );
#4865 = ORIENTED_EDGE( '', *, *, #6974, .T. );
#4866 = ORIENTED_EDGE( '', *, *, #6975, .T. );
#4867 = ORIENTED_EDGE( '', *, *, #6662, .T. );
#4868 = ORIENTED_EDGE( '', *, *, #6938, .T. );
#4869 = ORIENTED_EDGE( '', *, *, #6976, .F. );
#4870 = ORIENTED_EDGE( '', *, *, #6733, .T. );
#4871 = ORIENTED_EDGE( '', *, *, #6977, .T. );
#4872 = ORIENTED_EDGE( '', *, *, #6860, .F. );
#4873 = ORIENTED_EDGE( '', *, *, #6978, .F. );
#4874 = ORIENTED_EDGE( '', *, *, #6866, .T. );
#4875 = ORIENTED_EDGE( '', *, *, #6979, .T. );
#4876 = ORIENTED_EDGE( '', *, *, #6124, .T. );
#4877 = ORIENTED_EDGE( '', *, *, #6542, .F. );
#4878 = ORIENTED_EDGE( '', *, *, #6933, .F. );
#4879 = ORIENTED_EDGE( '', *, *, #6152, .F. );
#4880 = ORIENTED_EDGE( '', *, *, #6980, .T. );
#4881 = ORIENTED_EDGE( '', *, *, #6547, .F. );
#4882 = ORIENTED_EDGE( '', *, *, #6127, .F. );
#4883 = ORIENTED_EDGE( '', *, *, #6981, .F. );
#4884 = ORIENTED_EDGE( '', *, *, #6982, .T. );
#4885 = ORIENTED_EDGE( '', *, *, #6545, .F. );
#4886 = ORIENTED_EDGE( '', *, *, #6983, .T. );
#4887 = ORIENTED_EDGE( '', *, *, #6852, .T. );
#4888 = ORIENTED_EDGE( '', *, *, #6708, .F. );
#4889 = ORIENTED_EDGE( '', *, *, #6811, .F. );
#4890 = ORIENTED_EDGE( '', *, *, #6572, .T. );
#4891 = ORIENTED_EDGE( '', *, *, #6855, .T. );
#4892 = ORIENTED_EDGE( '', *, *, #6433, .F. );
#4893 = ORIENTED_EDGE( '', *, *, #6984, .F. );
#4894 = ORIENTED_EDGE( '', *, *, #6985, .F. );
#4895 = ORIENTED_EDGE( '', *, *, #6986, .F. );
#4896 = ORIENTED_EDGE( '', *, *, #6956, .F. );
#4897 = ORIENTED_EDGE( '', *, *, #6919, .F. );
#4898 = ORIENTED_EDGE( '', *, *, #6913, .F. );
#4899 = CARTESIAN_POINT( '', ( 0.280000000000000, 0.0200000000000000, 0.115000000000000 ) );
#4900 = DIRECTION( '', ( -0.000000000000000, 1.00000000000000, 0.000000000000000 ) );
#4901 = DIRECTION( '', ( 0.000000000000000, -0.000000000000000, 1.00000000000000 ) );
#4902 = SURFACE_STYLE_FILL_AREA( #6987 );
#4903 = ORIENTED_EDGE( '', *, *, #6765, .F. );
#4904 = ORIENTED_EDGE( '', *, *, #6500, .F. );
#4905 = ORIENTED_EDGE( '', *, *, #6988, .F. );
#4906 = ORIENTED_EDGE( '', *, *, #6413, .T. );
#4907 = CARTESIAN_POINT( '', ( 0.212500000000000, 0.298750000000000, -0.0625000000000000 ) );
#4908 = DIRECTION( '', ( 0.000000000000000, -0.707106781186549, 0.707106781186546 ) );
#4909 = DIRECTION( '', ( 0.000000000000000, -0.707106781186545, -0.707106781186549 ) );
#4910 = SURFACE_STYLE_FILL_AREA( #6989 );
#4911 = ORIENTED_EDGE( '', *, *, #6181, .T. );
#4912 = ORIENTED_EDGE( '', *, *, #6843, .T. );
#4913 = ORIENTED_EDGE( '', *, *, #6990, .T. );
#4914 = ORIENTED_EDGE( '', *, *, #6991, .T. );
#4915 = CARTESIAN_POINT( '', ( 0.000000000000000, 0.0900000000000000, -0.000000000000000 ) );
#4916 = DIRECTION( '', ( 0.000000000000000, 1.00000000000000, -0.000000000000000 ) );
#4917 = DIRECTION( '', ( 0.000000000000000, 0.000000000000000, 1.00000000000000 ) );
#4918 = SURFACE_STYLE_FILL_AREA( #6992 );
#4919 = ORIENTED_EDGE( '', *, *, #6993, .T. );
#4920 = ORIENTED_EDGE( '', *, *, #6769, .F. );
#4921 = ORIENTED_EDGE( '', *, *, #6590, .T. );
#4922 = ORIENTED_EDGE( '', *, *, #6994, .T. );
#4923 = CARTESIAN_POINT( '', ( 0.127000000000000, 0.305000000000000, 0.0500000000000000 ) );
#4924 = DIRECTION( '', ( -0.848048096156426, 0.529919264233204, 0.000000000000000 ) );
#4925 = DIRECTION( '', ( -0.529919264233204, -0.848048096156426, 0.000000000000000 ) );
#4926 = SURFACE_STYLE_FILL_AREA( #6995 );
#4927 = ORIENTED_EDGE( '', *, *, #6996, .T. );
#4928 = ORIENTED_EDGE( '', *, *, #6997, .F. );
#4929 = ORIENTED_EDGE( '', *, *, #6508, .F. );
#4930 = ORIENTED_EDGE( '', *, *, #6786, .T. );
#4931 = CARTESIAN_POINT( '', ( -0.0449500000000000, 0.0900000000000000, 0.00510000000000000 ) );
#4932 = DIRECTION( '', ( -1.00000000000000, 0.000000000000000, 0.000000000000000 ) );
#4933 = DIRECTION( '', ( 0.000000000000000, 0.000000000000000, 1.00000000000000 ) );
#4934 = SURFACE_STYLE_FILL_AREA( #6998 );
#4935 = ORIENTED_EDGE( '', *, *, #6576, .T. );
#4936 = ORIENTED_EDGE( '', *, *, #6466, .T. );
#4937 = ORIENTED_EDGE( '', *, *, #6999, .T. );
#4938 = ORIENTED_EDGE( '', *, *, #6013, .T. );
#4939 = ORIENTED_EDGE( '', *, *, #6901, .F. );
#4940 = ORIENTED_EDGE( '', *, *, #6583, .T. );
#4941 = ORIENTED_EDGE( '', *, *, #6195, .T. );
#4942 = ORIENTED_EDGE( '', *, *, #6257, .F. );
#4943 = ORIENTED_EDGE( '', *, *, #6425, .T. );
#4944 = ORIENTED_EDGE( '', *, *, #6799, .F. );
#4945 = CARTESIAN_POINT( '', ( -0.0875000000000000, 0.0400000000000000, 0.145000000000000 ) );
#4946 = DIRECTION( '', ( 1.00000000000000, 0.000000000000000, -0.000000000000000 ) );
#4947 = DIRECTION( '', ( -0.000000000000000, 0.000000000000000, -1.00000000000000 ) );
#4948 = SURFACE_STYLE_FILL_AREA( #7000 );
#4949 = ORIENTED_EDGE( '', *, *, #6623, .T. );
#4950 = ORIENTED_EDGE( '', *, *, #6159, .T. );
#4951 = ORIENTED_EDGE( '', *, *, #6406, .T. );
#4952 = ORIENTED_EDGE( '', *, *, #7001, .T. );
#4953 = ORIENTED_EDGE( '', *, *, #6252, .T. );
#4954 = ORIENTED_EDGE( '', *, *, #6161, .T. );
#4955 = ORIENTED_EDGE( '', *, *, #6275, .T. );
#4956 = ORIENTED_EDGE( '', *, *, #7002, .T. );
#4957 = ORIENTED_EDGE( '', *, *, #6279, .T. );
#4958 = ORIENTED_EDGE( '', *, *, #6718, .T. );
#4959 = ORIENTED_EDGE( '', *, *, #6223, .T. );
#4960 = ORIENTED_EDGE( '', *, *, #7003, .T. );
#4961 = CARTESIAN_POINT( '', ( -0.187500000000000, 0.325000000000000, 0.145000000000000 ) );
#4962 = DIRECTION( '', ( 1.00000000000000, 0.000000000000000, -0.000000000000000 ) );
#4963 = DIRECTION( '', ( -0.000000000000000, 0.000000000000000, -1.00000000000000 ) );
#4964 = SURFACE_STYLE_FILL_AREA( #7004 );
#4965 = ORIENTED_EDGE( '', *, *, #6627, .T. );
#4966 = ORIENTED_EDGE( '', *, *, #6739, .T. );
#4967 = ORIENTED_EDGE( '', *, *, #7005, .T. );
#4968 = ORIENTED_EDGE( '', *, *, #7006, .T. );
#4969 = ORIENTED_EDGE( '', *, *, #6260, .F. );
#4970 = ORIENTED_EDGE( '', *, *, #7007, .T. );
#4971 = ORIENTED_EDGE( '', *, *, #6862, .T. );
#4972 = ORIENTED_EDGE( '', *, *, #6462, .F. );
#4973 = ORIENTED_EDGE( '', *, *, #6055, .T. );
#4974 = ORIENTED_EDGE( '', *, *, #6795, .F. );
#4975 = CARTESIAN_POINT( '', ( -0.187500000000000, 0.0400000000000000, 0.145000000000000 ) );
#4976 = DIRECTION( '', ( 1.00000000000000, 0.000000000000000, -0.000000000000000 ) );
#4977 = DIRECTION( '', ( -0.000000000000000, 0.000000000000000, -1.00000000000000 ) );
#4978 = SURFACE_STYLE_FILL_AREA( #7008 );
#4979 = ORIENTED_EDGE( '', *, *, #6848, .T. );
#4980 = ORIENTED_EDGE( '', *, *, #7009, .F. );
#4981 = ORIENTED_EDGE( '', *, *, #7010, .F. );
#4982 = ORIENTED_EDGE( '', *, *, #7011, .T. );
#4983 = CARTESIAN_POINT( '', ( 0.212500000000000, -0.166250000000000, -0.230000000000000 ) );
#4984 = DIRECTION( '', ( 0.000000000000000, 0.000000000000000, 1.00000000000000 ) );
#4985 = DIRECTION( '', ( 1.00000000000000, 0.000000000000000, -0.000000000000000 ) );
#4986 = SURFACE_STYLE_FILL_AREA( #7012 );
#4987 = ORIENTED_EDGE( '', *, *, #6847, .F. );
#4988 = ORIENTED_EDGE( '', *, *, #6236, .F. );
#4989 = ORIENTED_EDGE( '', *, *, #7013, .F. );
#4990 = ORIENTED_EDGE( '', *, *, #7009, .T. );
#4991 = CARTESIAN_POINT( '', ( 0.212500000000000, -0.153750000000000, -0.230000000000000 ) );
#4992 = DIRECTION( '', ( 0.000000000000000, -0.707106781186548, 0.707106781186548 ) );
#4993 = DIRECTION( '', ( 0.000000000000000, -0.707106781186547, -0.707106781186547 ) );
#4994 = SURFACE_STYLE_FILL_AREA( #7014 );
#4995 = ORIENTED_EDGE( '', *, *, #6886, .F. );
#4996 = ORIENTED_EDGE( '', *, *, #6563, .F. );
#4997 = ORIENTED_EDGE( '', *, *, #7015, .F. );
#4998 = ORIENTED_EDGE( '', *, *, #7016, .F. );
#4999 = ORIENTED_EDGE( '', *, *, #7017, .F. );
#5000 = ORIENTED_EDGE( '', *, *, #7018, .T. );
#5001 = ORIENTED_EDGE( '', *, *, #7019, .F. );
#5002 = ORIENTED_EDGE( '', *, *, #6597, .F. );
#5003 = ORIENTED_EDGE( '', *, *, #7020, .T. );
#5004 = ORIENTED_EDGE( '', *, *, #7021, .T. );
#5005 = CARTESIAN_POINT( '', ( 0.155050000000000, 0.0900000000000000, -0.00500000000000000 ) );
#5006 = DIRECTION( '', ( 0.000000000000000, 0.000000000000000, 1.00000000000000 ) );
#5007 = DIRECTION( '', ( 1.00000000000000, 0.000000000000000, -0.000000000000000 ) );
#5008 = SURFACE_STYLE_FILL_AREA( #7022 );
#5009 = ORIENTED_EDGE( '', *, *, #7023, .T. );
#5010 = ORIENTED_EDGE( '', *, *, #7024, .F. );
#5011 = ORIENTED_EDGE( '', *, *, #6598, .F. );
#5012 = ORIENTED_EDGE( '', *, *, #7019, .T. );
#5013 = CARTESIAN_POINT( '', ( 0.244950000000000, 0.0900000000000000, -0.00500000000000000 ) );
#5014 = DIRECTION( '', ( 1.00000000000000, -0.000000000000000, 0.000000000000000 ) );
#5015 = DIRECTION( '', ( 0.000000000000000, 0.000000000000000, -1.00000000000000 ) );
#5016 = SURFACE_STYLE_FILL_AREA( #7025 );
#5017 = ORIENTED_EDGE( '', *, *, #7026, .F. );
#5018 = ORIENTED_EDGE( '', *, *, #6695, .T. );
#5019 = ORIENTED_EDGE( '', *, *, #7027, .T. );
#5020 = ORIENTED_EDGE( '', *, *, #6216, .F. );
#5021 = CARTESIAN_POINT( '', ( -0.144950000000000, 0.0900000000000000, -0.114900000000000 ) );
#5022 = DIRECTION( '', ( -1.00000000000000, 0.000000000000000, 0.000000000000000 ) );
#5023 = DIRECTION( '', ( 0.000000000000000, 0.000000000000000, 1.00000000000000 ) );
#5024 = SURFACE_STYLE_FILL_AREA( #7028 );
#5025 = ORIENTED_EDGE( '', *, *, #7029, .F. );
#5026 = ORIENTED_EDGE( '', *, *, #7030, .F. );
#5027 = ORIENTED_EDGE( '', *, *, #6347, .T. );
#5028 = ORIENTED_EDGE( '', *, *, #6147, .F. );
#5029 = CARTESIAN_POINT( '', ( 0.280000000000000, 0.000000000000000, 0.145000000000000 ) );
#5030 = DIRECTION( '', ( -0.000000000000000, 1.00000000000000, 0.000000000000000 ) );
#5031 = DIRECTION( '', ( 0.000000000000000, -0.000000000000000, 1.00000000000000 ) );
#5032 = SURFACE_STYLE_FILL_AREA( #7031 );
#5033 = ORIENTED_EDGE( '', *, *, #7032, .T. );
#5034 = ORIENTED_EDGE( '', *, *, #6884, .F. );
#5035 = ORIENTED_EDGE( '', *, *, #6599, .F. );
#5036 = ORIENTED_EDGE( '', *, *, #7024, .T. );
#5037 = CARTESIAN_POINT( '', ( 0.244950000000000, 0.0900000000000000, -0.114900000000000 ) );
#5038 = DIRECTION( '', ( 0.000000000000000, 0.000000000000000, -1.00000000000000 ) );
#5039 = DIRECTION( '', ( -1.00000000000000, 0.000000000000000, 0.000000000000000 ) );
#5040 = SURFACE_STYLE_FILL_AREA( #7033 );
#5041 = ORIENTED_EDGE( '', *, *, #6437, .F. );
#5042 = ORIENTED_EDGE( '', *, *, #6880, .F. );
#5043 = ORIENTED_EDGE( '', *, *, #7034, .F. );
#5044 = ORIENTED_EDGE( '', *, *, #6984, .T. );
#5045 = CARTESIAN_POINT( '', ( 0.280000000000000, 0.0200000000000000, -0.115000000000000 ) );
#5046 = DIRECTION( '', ( 0.000000000000000, 0.000000000000000, -1.00000000000000 ) );
#5047 = DIRECTION( '', ( -1.00000000000000, 0.000000000000000, 0.000000000000000 ) );
#5048 = SURFACE_STYLE_FILL_AREA( #7035 );
#5049 = ORIENTED_EDGE( '', *, *, #6379, .F. );
#5050 = ORIENTED_EDGE( '', *, *, #7036, .F. );
#5051 = ORIENTED_EDGE( '', *, *, #7037, .T. );
#5052 = ORIENTED_EDGE( '', *, *, #7038, .F. );
#5053 = CARTESIAN_POINT( '', ( 0.280000000000000, 0.000000000000000, 0.145000000000000 ) );
#5054 = DIRECTION( '', ( -0.000000000000000, 1.00000000000000, 0.000000000000000 ) );
#5055 = DIRECTION( '', ( 0.000000000000000, -0.000000000000000, 1.00000000000000 ) );
#5056 = SURFACE_STYLE_FILL_AREA( #7039 );
#5057 = ORIENTED_EDGE( '', *, *, #6858, .F. );
#5058 = ORIENTED_EDGE( '', *, *, #7040, .F. );
#5059 = ORIENTED_EDGE( '', *, *, #6868, .F. );
#5060 = ORIENTED_EDGE( '', *, *, #7041, .T. );
#5061 = CARTESIAN_POINT( '', ( 0.280000000000000, 0.000000000000000, -0.115000000000000 ) );
#5062 = DIRECTION( '', ( -0.000000000000000, 1.00000000000000, 0.000000000000000 ) );
#5063 = DIRECTION( '', ( 0.000000000000000, -0.000000000000000, 1.00000000000000 ) );
#5064 = SURFACE_STYLE_FILL_AREA( #7042 );
#5065 = ORIENTED_EDGE( '', *, *, #6423, .F. );
#5066 = ORIENTED_EDGE( '', *, *, #6035, .T. );
#5067 = ORIENTED_EDGE( '', *, *, #6333, .T. );
#5068 = ORIENTED_EDGE( '', *, *, #6326, .T. );
#5069 = CARTESIAN_POINT( '', ( 0.212500000000000, -0.0225000000000000, -0.0875000000000000 ) );
#5070 = DIRECTION( '', ( 1.00000000000000, -0.000000000000000, -0.000000000000000 ) );
#5071 = DIRECTION( '', ( 0.000000000000000, 0.000000000000000, 1.00000000000000 ) );
#5072 = SURFACE_STYLE_FILL_AREA( #7043 );
#5073 = ORIENTED_EDGE( '', *, *, #7016, .T. );
#5074 = ORIENTED_EDGE( '', *, *, #7044, .F. );
#5075 = ORIENTED_EDGE( '', *, *, #5999, .T. );
#5076 = ORIENTED_EDGE( '', *, *, #7045, .T. );
#5077 = CARTESIAN_POINT( '', ( 0.223333319203366, 0.200000000000000, 0.0500000000000000 ) );
#5078 = DIRECTION( '', ( -0.999390827019096, 0.0348994967025008, 0.000000000000000 ) );
#5079 = DIRECTION( '', ( -0.0348994967025008, -0.999390827019096, 0.000000000000000 ) );
#5080 = SURFACE_STYLE_FILL_AREA( #7046 );
#5081 = ORIENTED_EDGE( '', *, *, #7006, .F. );
#5082 = ORIENTED_EDGE( '', *, *, #7047, .T. );
#5083 = ORIENTED_EDGE( '', *, *, #6836, .T. );
#5084 = ORIENTED_EDGE( '', *, *, #6261, .F. );
#5085 = CARTESIAN_POINT( '', ( 0.212500000000000, -0.172500000000000, -0.223750000000000 ) );
#5086 = DIRECTION( '', ( -0.000000000000000, 0.707106781186549, 0.707106781186546 ) );
#5087 = DIRECTION( '', ( 0.000000000000000, -0.707106781186545, 0.707106781186549 ) );
#5088 = SURFACE_STYLE_FILL_AREA( #7048 );
#5089 = ORIENTED_EDGE( '', *, *, #7017, .T. );
#5090 = ORIENTED_EDGE( '', *, *, #7045, .F. );
#5091 = ORIENTED_EDGE( '', *, *, #5998, .T. );
#5092 = ORIENTED_EDGE( '', *, *, #7049, .T. );
#5093 = CARTESIAN_POINT( '', ( 0.227000000000000, 0.305000000000000, 0.0500000000000000 ) );
#5094 = DIRECTION( '', ( -0.848048096156426, 0.529919264233205, 0.000000000000000 ) );
#5095 = DIRECTION( '', ( -0.529919264233205, -0.848048096156426, 0.000000000000000 ) );
#5096 = SURFACE_STYLE_FILL_AREA( #7050 );
#5097 = ORIENTED_EDGE( '', *, *, #6687, .T. );
#5098 = ORIENTED_EDGE( '', *, *, #6569, .F. );
#5099 = ORIENTED_EDGE( '', *, *, #7051, .F. );
#5100 = ORIENTED_EDGE( '', *, *, #7052, .T. );
#5101 = CARTESIAN_POINT( '', ( 0.0500000000000000, 0.245000000000000, 0.165000000000000 ) );
#5102 = DIRECTION( '', ( 0.000000000000000, 0.000000000000000, -1.00000000000000 ) );
#5103 = DIRECTION( '', ( -1.00000000000000, 0.000000000000000, 0.000000000000000 ) );
#5104 = SURFACE_STYLE_FILL_AREA( #7053 );
#5105 = ORIENTED_EDGE( '', *, *, #7054, .F. );
#5106 = ORIENTED_EDGE( '', *, *, #6967, .F. );
#5107 = ORIENTED_EDGE( '', *, *, #6380, .F. );
#5108 = ORIENTED_EDGE( '', *, *, #7038, .T. );
#5109 = CARTESIAN_POINT( '', ( 0.280000000000000, 0.000000000000000, 0.115000000000000 ) );
#5110 = DIRECTION( '', ( 0.000000000000000, 0.000000000000000, 1.00000000000000 ) );
#5111 = DIRECTION( '', ( 1.00000000000000, 0.000000000000000, -0.000000000000000 ) );
#5112 = SURFACE_STYLE_FILL_AREA( #7055 );
#5113 = ORIENTED_EDGE( '', *, *, #7056, .T. );
#5114 = ORIENTED_EDGE( '', *, *, #6101, .T. );
#5115 = ORIENTED_EDGE( '', *, *, #7057, .T. );
#5116 = ORIENTED_EDGE( '', *, *, #7058, .T. );
#5117 = ORIENTED_EDGE( '', *, *, #7059, .F. );
#5118 = ORIENTED_EDGE( '', *, *, #6373, .T. );
#5119 = ORIENTED_EDGE( '', *, *, #6494, .T. );
#5120 = ORIENTED_EDGE( '', *, *, #6736, .F. );
#5121 = ORIENTED_EDGE( '', *, *, #6428, .T. );
#5122 = ORIENTED_EDGE( '', *, *, #6798, .F. );
#5123 = CARTESIAN_POINT( '', ( -0.187500000000000, 0.0400000000000000, 0.145000000000000 ) );
#5124 = DIRECTION( '', ( 1.00000000000000, 0.000000000000000, -0.000000000000000 ) );
#5125 = DIRECTION( '', ( -0.000000000000000, 0.000000000000000, -1.00000000000000 ) );
#5126 = SURFACE_STYLE_FILL_AREA( #7060 );
#5127 = ORIENTED_EDGE( '', *, *, #7061, .T. );
#5128 = ORIENTED_EDGE( '', *, *, #6291, .T. );
#5129 = ORIENTED_EDGE( '', *, *, #6546, .F. );
#5130 = ORIENTED_EDGE( '', *, *, #6982, .F. );
#5131 = CARTESIAN_POINT( '', ( 0.0675000000000000, 0.0200000000000000, 0.145000000000000 ) );
#5132 = DIRECTION( '', ( 1.00000000000000, 0.000000000000000, -0.000000000000000 ) );
#5133 = DIRECTION( '', ( -0.000000000000000, 0.000000000000000, -1.00000000000000 ) );
#5134 = SURFACE_STYLE_FILL_AREA( #7062 );
#5135 = ORIENTED_EDGE( '', *, *, #6999, .F. );
#5136 = ORIENTED_EDGE( '', *, *, #6469, .T. );
#5137 = ORIENTED_EDGE( '', *, *, #6487, .F. );
#5138 = ORIENTED_EDGE( '', *, *, #6014, .F. );
#5139 = CARTESIAN_POINT( '', ( 0.212500000000000, -0.0725000000000000, -0.0875000000000000 ) );
#5140 = DIRECTION( '', ( -0.000000000000000, 1.00000000000000, 1.25314128149737E-16 ) );
#5141 = DIRECTION( '', ( 0.000000000000000, -1.25314128149737E-16, 1.00000000000000 ) );
#5142 = SURFACE_STYLE_FILL_AREA( #7063 );
#5143 = ORIENTED_EDGE( '', *, *, #6559, .T. );
#5144 = ORIENTED_EDGE( '', *, *, #6404, .T. );
#5145 = ORIENTED_EDGE( '', *, *, #6212, .T. );
#5146 = ORIENTED_EDGE( '', *, *, #6689, .F. );
#5147 = CARTESIAN_POINT( '', ( -0.0766666807966335, 0.200000000000000, 0.0500000000000000 ) );
#5148 = DIRECTION( '', ( -0.999390827019096, 0.0348994967025008, 0.000000000000000 ) );
#5149 = DIRECTION( '', ( -0.0348994967025008, -0.999390827019096, 0.000000000000000 ) );
#5150 = SURFACE_STYLE_FILL_AREA( #7064 );
#5151 = ORIENTED_EDGE( '', *, *, #7057, .F. );
#5152 = ORIENTED_EDGE( '', *, *, #6104, .T. );
#5153 = ORIENTED_EDGE( '', *, *, #6832, .T. );
#5154 = ORIENTED_EDGE( '', *, *, #7065, .F. );
#5155 = CARTESIAN_POINT( '', ( 0.212500000000000, -0.0725000000000000, -0.0875000000000000 ) );
#5156 = DIRECTION( '', ( -0.000000000000000, 1.00000000000000, 1.25314128149737E-16 ) );
#5157 = DIRECTION( '', ( 0.000000000000000, -1.25314128149737E-16, 1.00000000000000 ) );
#5158 = SURFACE_STYLE_FILL_AREA( #7066 );
#5159 = ORIENTED_EDGE( '', *, *, #6706, .T. );
#5160 = ORIENTED_EDGE( '', *, *, #6851, .F. );
#5161 = ORIENTED_EDGE( '', *, *, #6574, .F. );
#5162 = ORIENTED_EDGE( '', *, *, #6810, .T. );
#5163 = CARTESIAN_POINT( '', ( 0.280000000000000, 0.000000000000000, -0.115000000000000 ) );
#5164 = DIRECTION( '', ( -0.000000000000000, 1.00000000000000, 0.000000000000000 ) );
#5165 = DIRECTION( '', ( 0.000000000000000, -0.000000000000000, 1.00000000000000 ) );
#5166 = SURFACE_STYLE_FILL_AREA( #7067 );
#5167 = ORIENTED_EDGE( '', *, *, #7068, .F. );
#5168 = ORIENTED_EDGE( '', *, *, #6968, .T. );
#5169 = ORIENTED_EDGE( '', *, *, #7054, .T. );
#5170 = ORIENTED_EDGE( '', *, *, #7037, .F. );
#5171 = CARTESIAN_POINT( '', ( 0.132500000000000, 0.000000000000000, 0.145000000000000 ) );
#5172 = DIRECTION( '', ( -1.00000000000000, 0.000000000000000, 0.000000000000000 ) );
#5173 = DIRECTION( '', ( 0.000000000000000, 0.000000000000000, 1.00000000000000 ) );
#5174 = SURFACE_STYLE_FILL_AREA( #7069 );
#5175 = ORIENTED_EDGE( '', *, *, #7070, .F. );
#5176 = ORIENTED_EDGE( '', *, *, #7071, .T. );
#5177 = ORIENTED_EDGE( '', *, *, #6449, .F. );
#5178 = ORIENTED_EDGE( '', *, *, #7072, .F. );
#5179 = CARTESIAN_POINT( '', ( 0.212500000000000, -0.172500000000000, -0.223750000000000 ) );
#5180 = DIRECTION( '', ( -0.000000000000000, 0.707106781186549, 0.707106781186546 ) );
#5181 = DIRECTION( '', ( 0.000000000000000, -0.707106781186545, 0.707106781186549 ) );
#5182 = SURFACE_STYLE_FILL_AREA( #7073 );
#5183 = ORIENTED_EDGE( '', *, *, #6647, .T. );
#5184 = ORIENTED_EDGE( '', *, *, #6338, .T. );
#5185 = ORIENTED_EDGE( '', *, *, #6408, .T. );
#5186 = ORIENTED_EDGE( '', *, *, #6175, .T. );
#5187 = ORIENTED_EDGE( '', *, *, #6138, .T. );
#5188 = ORIENTED_EDGE( '', *, *, #6361, .T. );
#5189 = ORIENTED_EDGE( '', *, *, #6534, .T. );
#5190 = ORIENTED_EDGE( '', *, *, #6189, .T. );
#5191 = ORIENTED_EDGE( '', *, *, #6025, .T. );
#5192 = ORIENTED_EDGE( '', *, *, #6540, .T. );
#5193 = ORIENTED_EDGE( '', *, *, #6301, .T. );
#5194 = ORIENTED_EDGE( '', *, *, #7074, .T. );
#5195 = CARTESIAN_POINT( '', ( -0.0875000000000000, 0.325000000000000, 0.145000000000000 ) );
#5196 = DIRECTION( '', ( 1.00000000000000, 0.000000000000000, -0.000000000000000 ) );
#5197 = DIRECTION( '', ( -0.000000000000000, 0.000000000000000, -1.00000000000000 ) );
#5198 = SURFACE_STYLE_FILL_AREA( #7075 );
#5199 = ORIENTED_EDGE( '', *, *, #7076, .F. );
#5200 = ORIENTED_EDGE( '', *, *, #6141, .T. );
#5201 = ORIENTED_EDGE( '', *, *, #6727, .T. );
#5202 = ORIENTED_EDGE( '', *, *, #6973, .F. );
#5203 = CARTESIAN_POINT( '', ( -0.132500000000000, 0.0200000000000000, 0.145000000000000 ) );
#5204 = DIRECTION( '', ( 1.00000000000000, 0.000000000000000, -0.000000000000000 ) );
#5205 = DIRECTION( '', ( -0.000000000000000, 0.000000000000000, -1.00000000000000 ) );
#5206 = SURFACE_STYLE_FILL_AREA( #7077 );
#5207 = ORIENTED_EDGE( '', *, *, #6641, .T. );
#5208 = ORIENTED_EDGE( '', *, *, #6390, .T. );
#5209 = ORIENTED_EDGE( '', *, *, #6415, .T. );
#5210 = ORIENTED_EDGE( '', *, *, #7078, .F. );
#5211 = CARTESIAN_POINT( '', ( 0.112500000000000, 0.0600000000000000, 0.145000000000000 ) );
#5212 = DIRECTION( '', ( 0.000000000000000, 1.00000000000000, 0.000000000000000 ) );
#5213 = DIRECTION( '', ( 0.000000000000000, -0.000000000000000, 1.00000000000000 ) );
#5214 = SURFACE_STYLE_FILL_AREA( #7079 );
#5215 = ORIENTED_EDGE( '', *, *, #7015, .T. );
#5216 = ORIENTED_EDGE( '', *, *, #6565, .F. );
#5217 = ORIENTED_EDGE( '', *, *, #6000, .T. );
#5218 = ORIENTED_EDGE( '', *, *, #7044, .T. );
#5219 = CARTESIAN_POINT( '', ( 0.176666680796634, 0.200000000000000, 0.0500000000000000 ) );
#5220 = DIRECTION( '', ( 0.000000000000000, 1.00000000000000, 0.000000000000000 ) );
#5221 = DIRECTION( '', ( 0.000000000000000, -0.000000000000000, 1.00000000000000 ) );
#5222 = SURFACE_STYLE_FILL_AREA( #7080 );
#5223 = ORIENTED_EDGE( '', *, *, #6386, .F. );
#5224 = ORIENTED_EDGE( '', *, *, #6241, .F. );
#5225 = ORIENTED_EDGE( '', *, *, #7081, .F. );
#5226 = ORIENTED_EDGE( '', *, *, #6940, .T. );
#5227 = CARTESIAN_POINT( '', ( 0.212500000000000, 0.0650000000000000, -0.0375000000000000 ) );
#5228 = DIRECTION( '', ( 0.000000000000000, -1.00000000000000, 3.41480999208033E-16 ) );
#5229 = DIRECTION( '', ( 0.000000000000000, -3.41480999208033E-16, -1.00000000000000 ) );
#5230 = SURFACE_STYLE_FILL_AREA( #7082 );
#5231 = ORIENTED_EDGE( '', *, *, #7083, .F. );
#5232 = ORIENTED_EDGE( '', *, *, #6648, .F. );
#5233 = ORIENTED_EDGE( '', *, *, #7074, .F. );
#5234 = ORIENTED_EDGE( '', *, *, #6300, .T. );
#5235 = CARTESIAN_POINT( '', ( 0.212500000000000, 0.305000000000000, 0.0562500000000000 ) );
#5236 = DIRECTION( '', ( 0.000000000000000, -0.707106781186549, -0.707106781186546 ) );
#5237 = DIRECTION( '', ( 0.000000000000000, 0.707106781186545, -0.707106781186549 ) );
#5238 = SURFACE_STYLE_FILL_AREA( #7084 );
#5239 = ORIENTED_EDGE( '', *, *, #7085, .T. );
#5240 = ORIENTED_EDGE( '', *, *, #7072, .T. );
#5241 = ORIENTED_EDGE( '', *, *, #6448, .T. );
#5242 = ORIENTED_EDGE( '', *, *, #7086, .F. );
#5243 = CARTESIAN_POINT( '', ( 0.212500000000000, -0.166250000000000, -0.230000000000000 ) );
#5244 = DIRECTION( '', ( 0.000000000000000, 0.000000000000000, 1.00000000000000 ) );
#5245 = DIRECTION( '', ( 1.00000000000000, 0.000000000000000, -0.000000000000000 ) );
#5246 = SURFACE_STYLE_FILL_AREA( #7087 );
#5247 = ORIENTED_EDGE( '', *, *, #6916, .T. );
#5248 = ORIENTED_EDGE( '', *, *, #6285, .T. );
#5249 = ORIENTED_EDGE( '', *, *, #6050, .T. );
#5250 = ORIENTED_EDGE( '', *, *, #7088, .F. );
#5251 = CARTESIAN_POINT( '', ( 0.212500000000000, -0.166250000000000, -0.230000000000000 ) );
#5252 = DIRECTION( '', ( 0.000000000000000, 0.000000000000000, 1.00000000000000 ) );
#5253 = DIRECTION( '', ( 1.00000000000000, 0.000000000000000, -0.000000000000000 ) );
#5254 = SURFACE_STYLE_FILL_AREA( #7089 );
#5255 = ORIENTED_EDGE( '', *, *, #6396, .F. );
#5256 = ORIENTED_EDGE( '', *, *, #6250, .F. );
#5257 = ORIENTED_EDGE( '', *, *, #7090, .F. );
#5258 = ORIENTED_EDGE( '', *, *, #7091, .T. );
#5259 = CARTESIAN_POINT( '', ( 0.212500000000000, -0.0537500000000000, -0.230000000000000 ) );
#5260 = DIRECTION( '', ( 0.000000000000000, -0.707106781186548, 0.707106781186548 ) );
#5261 = DIRECTION( '', ( 0.000000000000000, -0.707106781186547, -0.707106781186547 ) );
#5262 = SURFACE_STYLE_FILL_AREA( #7092 );
#5263 = ORIENTED_EDGE( '', *, *, #6889, .F. );
#5264 = ORIENTED_EDGE( '', *, *, #6775, .T. );
#5265 = ORIENTED_EDGE( '', *, *, #6460, .T. );
#5266 = ORIENTED_EDGE( '', *, *, #6877, .T. );
#5267 = CARTESIAN_POINT( '', ( 0.212500000000000, -0.122500000000000, 0.0125000000000000 ) );
#5268 = DIRECTION( '', ( 1.00000000000000, -0.000000000000000, -0.000000000000000 ) );
#5269 = DIRECTION( '', ( 0.000000000000000, 0.000000000000000, 1.00000000000000 ) );
#5270 = SURFACE_STYLE_FILL_AREA( #7093 );
#5271 = ORIENTED_EDGE( '', *, *, #6652, .F. );
#5272 = ORIENTED_EDGE( '', *, *, #6813, .T. );
#5273 = ORIENTED_EDGE( '', *, *, #6716, .F. );
#5274 = ORIENTED_EDGE( '', *, *, #6697, .F. );
#5275 = CARTESIAN_POINT( '', ( 0.212500000000000, -0.0225000000000000, -0.0875000000000000 ) );
#5276 = DIRECTION( '', ( 1.00000000000000, -0.000000000000000, -0.000000000000000 ) );
#5277 = DIRECTION( '', ( 0.000000000000000, 0.000000000000000, 1.00000000000000 ) );
#5278 = SURFACE_STYLE_FILL_AREA( #7094 );
#5279 = ORIENTED_EDGE( '', *, *, #6033, .F. );
#5280 = ORIENTED_EDGE( '', *, *, #6606, .T. );
#5281 = ORIENTED_EDGE( '', *, *, #6328, .F. );
#5282 = ORIENTED_EDGE( '', *, *, #6332, .F. );
#5283 = CARTESIAN_POINT( '', ( 0.212500000000000, -0.0537500000000000, -0.230000000000000 ) );
#5284 = DIRECTION( '', ( 0.000000000000000, -0.707106781186548, 0.707106781186548 ) );
#5285 = DIRECTION( '', ( 0.000000000000000, -0.707106781186547, -0.707106781186547 ) );
#5286 = SURFACE_STYLE_FILL_AREA( #7095 );
#5287 = ORIENTED_EDGE( '', *, *, #6975, .F. );
#5288 = ORIENTED_EDGE( '', *, *, #7096, .F. );
#5289 = ORIENTED_EDGE( '', *, *, #7097, .F. );
#5290 = ORIENTED_EDGE( '', *, *, #6039, .T. );
#5291 = ORIENTED_EDGE( '', *, *, #6078, .T. );
#5292 = ORIENTED_EDGE( '', *, *, #6660, .T. );
#5293 = CARTESIAN_POINT( '', ( -0.257500000000000, 0.0200000000000000, 0.145000000000000 ) );
#5294 = DIRECTION( '', ( 1.00000000000000, 0.000000000000000, -0.000000000000000 ) );
#5295 = DIRECTION( '', ( -0.000000000000000, 0.000000000000000, -1.00000000000000 ) );
#5296 = SURFACE_STYLE_FILL_AREA( #7098 );
#5297 = ORIENTED_EDGE( '', *, *, #7001, .F. );
#5298 = ORIENTED_EDGE( '', *, *, #6431, .T. );
#5299 = ORIENTED_EDGE( '', *, *, #6829, .T. );
#5300 = ORIENTED_EDGE( '', *, *, #6253, .F. );
#5301 = CARTESIAN_POINT( '', ( 0.212500000000000, 0.298750000000000, -0.0625000000000000 ) );
#5302 = DIRECTION( '', ( 0.000000000000000, -0.707106781186549, 0.707106781186546 ) );
#5303 = DIRECTION( '', ( 0.000000000000000, -0.707106781186545, -0.707106781186549 ) );
#5304 = SURFACE_STYLE_FILL_AREA( #7099 );
#5305 = ORIENTED_EDGE( '', *, *, #6722, .T. );
#5306 = ORIENTED_EDGE( '', *, *, #7100, .F. );
#5307 = ORIENTED_EDGE( '', *, *, #6788, .T. );
#5308 = ORIENTED_EDGE( '', *, *, #7101, .T. );
#5309 = CARTESIAN_POINT( '', ( 0.0270000000000000, 0.305000000000000, 0.0500000000000000 ) );
#5310 = DIRECTION( '', ( -0.848048096156426, 0.529919264233205, 0.000000000000000 ) );
#5311 = DIRECTION( '', ( -0.529919264233205, -0.848048096156426, 0.000000000000000 ) );
#5312 = SURFACE_STYLE_FILL_AREA( #7102 );
#5313 = ORIENTED_EDGE( '', *, *, #7103, .T. );
#5314 = ORIENTED_EDGE( '', *, *, #6749, .F. );
#5315 = ORIENTED_EDGE( '', *, *, #7104, .F. );
#5316 = ORIENTED_EDGE( '', *, *, #6305, .F. );
#5317 = CARTESIAN_POINT( '', ( -0.130000000000000, 0.0900000000000000, -0.0600000000000000 ) );
#5318 = DIRECTION( '', ( 0.000000000000000, 0.000000000000000, -1.00000000000000 ) );
#5319 = DIRECTION( '', ( -1.00000000000000, 0.000000000000000, 0.000000000000000 ) );
#5320 = SURFACE_STYLE_FILL_AREA( #7105 );
#5321 = ORIENTED_EDGE( '', *, *, #7106, .F. );
#5322 = ORIENTED_EDGE( '', *, *, #7029, .T. );
#5323 = ORIENTED_EDGE( '', *, *, #6146, .T. );
#5324 = ORIENTED_EDGE( '', *, *, #6970, .F. );
#5325 = CARTESIAN_POINT( '', ( 0.0675000000000000, 0.0200000000000000, 0.145000000000000 ) );
#5326 = DIRECTION( '', ( 1.00000000000000, 0.000000000000000, -0.000000000000000 ) );
#5327 = DIRECTION( '', ( -0.000000000000000, 0.000000000000000, -1.00000000000000 ) );
#5328 = SURFACE_STYLE_FILL_AREA( #7107 );
#5329 = ORIENTED_EDGE( '', *, *, #6400, .F. );
#5330 = ORIENTED_EDGE( '', *, *, #6609, .F. );
#5331 = ORIENTED_EDGE( '', *, *, #7108, .F. );
#5332 = ORIENTED_EDGE( '', *, *, #7109, .T. );
#5333 = CARTESIAN_POINT( '', ( 0.212500000000000, -0.0225000000000000, -0.0875000000000000 ) );
#5334 = DIRECTION( '', ( 1.00000000000000, -0.000000000000000, -0.000000000000000 ) );
#5335 = DIRECTION( '', ( 0.000000000000000, 0.000000000000000, 1.00000000000000 ) );
#5336 = SURFACE_STYLE_FILL_AREA( #7110 );
#5337 = ORIENTED_EDGE( '', *, *, #7005, .F. );
#5338 = ORIENTED_EDGE( '', *, *, #6741, .T. );
#5339 = ORIENTED_EDGE( '', *, *, #6837, .T. );
#5340 = ORIENTED_EDGE( '', *, *, #7047, .F. );
#5341 = CARTESIAN_POINT( '', ( 0.212500000000000, -0.172500000000000, 0.0125000000000000 ) );
#5342 = DIRECTION( '', ( -0.000000000000000, 1.00000000000000, 0.000000000000000 ) );
#5343 = DIRECTION( '', ( 0.000000000000000, -0.000000000000000, 1.00000000000000 ) );
#5344 = SURFACE_STYLE_FILL_AREA( #7111 );
#5345 = ORIENTED_EDGE( '', *, *, #6732, .F. );
#5346 = ORIENTED_EDGE( '', *, *, #7112, .F. );
#5347 = ORIENTED_EDGE( '', *, *, #6121, .T. );
#5348 = ORIENTED_EDGE( '', *, *, #6979, .F. );
#5349 = ORIENTED_EDGE( '', *, *, #6865, .T. );
#5350 = ORIENTED_EDGE( '', *, *, #7040, .T. );
#5351 = ORIENTED_EDGE( '', *, *, #6857, .T. );
#5352 = ORIENTED_EDGE( '', *, *, #6977, .F. );
#5353 = CARTESIAN_POINT( '', ( -0.0750000000000000, 0.320000000000000, -0.125000000000000 ) );
#5354 = DIRECTION( '', ( 0.000000000000000, -0.000000000000000, 1.00000000000000 ) );
#5355 = DIRECTION( '', ( 1.00000000000000, 0.000000000000000, -0.000000000000000 ) );
#5356 = SURFACE_STYLE_FILL_AREA( #7113 );
#5357 = ORIENTED_EDGE( '', *, *, #7061, .F. );
#5358 = ORIENTED_EDGE( '', *, *, #6981, .T. );
#5359 = ORIENTED_EDGE( '', *, *, #6126, .F. );
#5360 = ORIENTED_EDGE( '', *, *, #6292, .F. );
#5361 = CARTESIAN_POINT( '', ( 0.280000000000000, 0.0200000000000000, -0.115000000000000 ) );
#5362 = DIRECTION( '', ( 0.000000000000000, 0.000000000000000, -1.00000000000000 ) );
#5363 = DIRECTION( '', ( -1.00000000000000, 0.000000000000000, 0.000000000000000 ) );
#5364 = SURFACE_STYLE_FILL_AREA( #7114 );
#5365 = ORIENTED_EDGE( '', *, *, #6721, .T. );
#5366 = ORIENTED_EDGE( '', *, *, #6670, .F. );
#5367 = ORIENTED_EDGE( '', *, *, #6789, .T. );
#5368 = ORIENTED_EDGE( '', *, *, #7100, .T. );
#5369 = CARTESIAN_POINT( '', ( 0.0233333192033665, 0.200000000000000, 0.0500000000000000 ) );
#5370 = DIRECTION( '', ( -0.999390827019096, 0.0348994967025007, 0.000000000000000 ) );
#5371 = DIRECTION( '', ( -0.0348994967025007, -0.999390827019096, 0.000000000000000 ) );
#5372 = SURFACE_STYLE_FILL_AREA( #7115 );
#5373 = ORIENTED_EDGE( '', *, *, #7116, .T. );
#5374 = ORIENTED_EDGE( '', *, *, #7117, .F. );
#5375 = ORIENTED_EDGE( '', *, *, #6586, .T. );
#5376 = ORIENTED_EDGE( '', *, *, #6928, .T. );
#5377 = CARTESIAN_POINT( '', ( 0.0636269597213601, 0.320000000000000, 0.0500000000000000 ) );
#5378 = DIRECTION( '', ( 0.848048096156426, 0.529919264233205, -0.000000000000000 ) );
#5379 = DIRECTION( '', ( -0.529919264233205, 0.848048096156426, 0.000000000000000 ) );
#5380 = SURFACE_STYLE_FILL_AREA( #7118 );
#5381 = ORIENTED_EDGE( '', *, *, #7119, .T. );
#5382 = ORIENTED_EDGE( '', *, *, #6929, .F. );
#5383 = ORIENTED_EDGE( '', *, *, #6592, .T. );
#5384 = ORIENTED_EDGE( '', *, *, #6768, .T. );
#5385 = CARTESIAN_POINT( '', ( 0.0766666807966336, 0.200000000000000, 0.0500000000000000 ) );
#5386 = DIRECTION( '', ( 0.000000000000000, 1.00000000000000, 0.000000000000000 ) );
#5387 = DIRECTION( '', ( 0.000000000000000, -0.000000000000000, 1.00000000000000 ) );
#5388 = SURFACE_STYLE_FILL_AREA( #7120 );
#5389 = ORIENTED_EDGE( '', *, *, #6635, .T. );
#5390 = ORIENTED_EDGE( '', *, *, #6898, .T. );
#5391 = ORIENTED_EDGE( '', *, *, #7121, .T. );
#5392 = ORIENTED_EDGE( '', *, *, #7070, .T. );
#5393 = ORIENTED_EDGE( '', *, *, #7085, .F. );
#5394 = ORIENTED_EDGE( '', *, *, #7122, .T. );
#5395 = ORIENTED_EDGE( '', *, *, #6745, .T. );
#5396 = ORIENTED_EDGE( '', *, *, #6314, .F. );
#5397 = ORIENTED_EDGE( '', *, *, #7123, .T. );
#5398 = ORIENTED_EDGE( '', *, *, #6806, .F. );
#5399 = CARTESIAN_POINT( '', ( 0.112500000000000, 0.0400000000000000, 0.145000000000000 ) );
#5400 = DIRECTION( '', ( 1.00000000000000, 0.000000000000000, -0.000000000000000 ) );
#5401 = DIRECTION( '', ( -0.000000000000000, 0.000000000000000, -1.00000000000000 ) );
#5402 = SURFACE_STYLE_FILL_AREA( #7124 );
#5403 = ORIENTED_EDGE( '', *, *, #6762, .F. );
#5404 = ORIENTED_EDGE( '', *, *, #6618, .F. );
#5405 = ORIENTED_EDGE( '', *, *, #7125, .F. );
#5406 = ORIENTED_EDGE( '', *, *, #6674, .T. );
#5407 = CARTESIAN_POINT( '', ( 0.212500000000000, 0.305000000000000, 0.0437500000000000 ) );
#5408 = DIRECTION( '', ( 0.000000000000000, -1.00000000000000, 0.000000000000000 ) );
#5409 = DIRECTION( '', ( 0.000000000000000, 0.000000000000000, -1.00000000000000 ) );
#5410 = SURFACE_STYLE_FILL_AREA( #7126 );
#5411 = ORIENTED_EDGE( '', *, *, #7121, .F. );
#5412 = ORIENTED_EDGE( '', *, *, #6899, .T. );
#5413 = ORIENTED_EDGE( '', *, *, #6450, .F. );
#5414 = ORIENTED_EDGE( '', *, *, #7071, .F. );
#5415 = CARTESIAN_POINT( '', ( 0.212500000000000, -0.172500000000000, 0.0125000000000000 ) );
#5416 = DIRECTION( '', ( -0.000000000000000, 1.00000000000000, 0.000000000000000 ) );
#5417 = DIRECTION( '', ( 0.000000000000000, -0.000000000000000, 1.00000000000000 ) );
#5418 = SURFACE_STYLE_FILL_AREA( #7127 );
#5419 = ORIENTED_EDGE( '', *, *, #6184, .T. );
#5420 = ORIENTED_EDGE( '', *, *, #7128, .T. );
#5421 = ORIENTED_EDGE( '', *, *, #6893, .T. );
#5422 = ORIENTED_EDGE( '', *, *, #7129, .F. );
#5423 = CARTESIAN_POINT( '', ( -0.173000000000000, 0.305000000000000, 0.0500000000000000 ) );
#5424 = DIRECTION( '', ( -0.848048096156426, 0.529919264233205, 0.000000000000000 ) );
#5425 = DIRECTION( '', ( -0.529919264233205, -0.848048096156426, 0.000000000000000 ) );
#5426 = SURFACE_STYLE_FILL_AREA( #7130 );
#5427 = ORIENTED_EDGE( '', *, *, #7122, .F. );
#5428 = ORIENTED_EDGE( '', *, *, #7086, .T. );
#5429 = ORIENTED_EDGE( '', *, *, #6447, .F. );
#5430 = ORIENTED_EDGE( '', *, *, #6746, .F. );
#5431 = CARTESIAN_POINT( '', ( 0.212500000000000, -0.153750000000000, -0.230000000000000 ) );
#5432 = DIRECTION( '', ( 0.000000000000000, -0.707106781186548, 0.707106781186548 ) );
#5433 = DIRECTION( '', ( 0.000000000000000, -0.707106781186547, -0.707106781186547 ) );
#5434 = SURFACE_STYLE_FILL_AREA( #7131 );
#5435 = ORIENTED_EDGE( '', *, *, #6595, .F. );
#5436 = ORIENTED_EDGE( '', *, *, #6490, .F. );
#5437 = ORIENTED_EDGE( '', *, *, #7132, .T. );
#5438 = ORIENTED_EDGE( '', *, *, #7133, .F. );
#5439 = CARTESIAN_POINT( '', ( 0.130000000000000, 0.0900000000000000, -0.0200000000000000 ) );
#5440 = DIRECTION( '', ( -1.06712812252510E-16, 0.000000000000000, 1.00000000000000 ) );
#5441 = DIRECTION( '', ( 1.00000000000000, 0.000000000000000, 1.06712812252510E-16 ) );
#5442 = SURFACE_STYLE_FILL_AREA( #7134 );
#5443 = ORIENTED_EDGE( '', *, *, #7135, .T. );
#5444 = ORIENTED_EDGE( '', *, *, #7136, .F. );
#5445 = ORIENTED_EDGE( '', *, *, #6990, .F. );
#5446 = ORIENTED_EDGE( '', *, *, #6842, .T. );
#5447 = CARTESIAN_POINT( '', ( -0.244950000000000, 0.0900000000000000, 0.115000000000000 ) );
#5448 = DIRECTION( '', ( 0.000000000000000, 0.000000000000000, 1.00000000000000 ) );
#5449 = DIRECTION( '', ( 1.00000000000000, 0.000000000000000, -0.000000000000000 ) );
#5450 = SURFACE_STYLE_FILL_AREA( #7137 );
#5451 = ORIENTED_EDGE( '', *, *, #6763, .F. );
#5452 = ORIENTED_EDGE( '', *, *, #6676, .F. );
#5453 = ORIENTED_EDGE( '', *, *, #7138, .F. );
#5454 = ORIENTED_EDGE( '', *, *, #6870, .T. );
#5455 = CARTESIAN_POINT( '', ( 0.212500000000000, 0.0650000000000000, 0.0375000000000000 ) );
#5456 = DIRECTION( '', ( 0.000000000000000, 0.000000000000000, 1.00000000000000 ) );
#5457 = DIRECTION( '', ( 1.00000000000000, 0.000000000000000, -0.000000000000000 ) );
#5458 = SURFACE_STYLE_FILL_AREA( #7139 );
#5459 = ORIENTED_EDGE( '', *, *, #7116, .F. );
#5460 = ORIENTED_EDGE( '', *, *, #6927, .F. );
#5461 = ORIENTED_EDGE( '', *, *, #7119, .F. );
#5462 = ORIENTED_EDGE( '', *, *, #6767, .F. );
#5463 = ORIENTED_EDGE( '', *, *, #6993, .F. );
#5464 = ORIENTED_EDGE( '', *, *, #7140, .T. );
#5465 = ORIENTED_EDGE( '', *, *, #6492, .F. );
#5466 = ORIENTED_EDGE( '', *, *, #6603, .F. );
#5467 = ORIENTED_EDGE( '', *, *, #7141, .T. );
#5468 = ORIENTED_EDGE( '', *, *, #7142, .T. );
#5469 = CARTESIAN_POINT( '', ( 0.0550500000000000, 0.0900000000000000, -0.00500000000000000 ) );
#5470 = DIRECTION( '', ( 0.000000000000000, 0.000000000000000, 1.00000000000000 ) );
#5471 = DIRECTION( '', ( 1.00000000000000, 0.000000000000000, -0.000000000000000 ) );
#5472 = SURFACE_STYLE_FILL_AREA( #7143 );
#5473 = ORIENTED_EDGE( '', *, *, #6845, .F. );
#5474 = ORIENTED_EDGE( '', *, *, #6804, .F. );
#5475 = ORIENTED_EDGE( '', *, *, #7144, .F. );
#5476 = ORIENTED_EDGE( '', *, *, #6948, .T. );
#5477 = CARTESIAN_POINT( '', ( 0.212500000000000, -0.122500000000000, 0.0375000000000000 ) );
#5478 = DIRECTION( '', ( 0.000000000000000, 0.000000000000000, 1.00000000000000 ) );
#5479 = DIRECTION( '', ( 1.00000000000000, 0.000000000000000, -0.000000000000000 ) );
#5480 = SURFACE_STYLE_FILL_AREA( #7145 );
#5481 = ORIENTED_EDGE( '', *, *, #6952, .F. );
#5482 = ORIENTED_EDGE( '', *, *, #6874, .F. );
#5483 = ORIENTED_EDGE( '', *, *, #6815, .F. );
#5484 = ORIENTED_EDGE( '', *, *, #6612, .T. );
#5485 = CARTESIAN_POINT( '', ( 0.212500000000000, 0.305000000000000, -0.0562500000000000 ) );
#5486 = DIRECTION( '', ( 0.000000000000000, -1.00000000000000, 0.000000000000000 ) );
#5487 = DIRECTION( '', ( 0.000000000000000, 0.000000000000000, -1.00000000000000 ) );
#5488 = SURFACE_STYLE_FILL_AREA( #7146 );
#5489 = ORIENTED_EDGE( '', *, *, #6654, .F. );
#5490 = ORIENTED_EDGE( '', *, *, #6699, .T. );
#5491 = ORIENTED_EDGE( '', *, *, #6715, .F. );
#5492 = ORIENTED_EDGE( '', *, *, #6910, .F. );
#5493 = CARTESIAN_POINT( '', ( 0.212500000000000, -0.0725000000000000, -0.223750000000000 ) );
#5494 = DIRECTION( '', ( -0.000000000000000, 0.707106781186547, 0.707106781186548 ) );
#5495 = DIRECTION( '', ( 0.000000000000000, -0.707106781186548, 0.707106781186547 ) );
#5496 = SURFACE_STYLE_FILL_AREA( #7147 );
#5497 = ORIENTED_EDGE( '', *, *, #7148, .T. );
#5498 = ORIENTED_EDGE( '', *, *, #6114, .F. );
#5499 = ORIENTED_EDGE( '', *, *, #6509, .F. );
#5500 = ORIENTED_EDGE( '', *, *, #6997, .T. );
#5501 = CARTESIAN_POINT( '', ( -0.0449500000000000, 0.0900000000000000, 0.115000000000000 ) );
#5502 = DIRECTION( '', ( 0.000000000000000, 0.000000000000000, 1.00000000000000 ) );
#5503 = DIRECTION( '', ( 1.00000000000000, 0.000000000000000, -0.000000000000000 ) );
#5504 = SURFACE_STYLE_FILL_AREA( #7149 );
#5505 = ORIENTED_EDGE( '', *, *, #6734, .F. );
#5506 = ORIENTED_EDGE( '', *, *, #6976, .T. );
#5507 = ORIENTED_EDGE( '', *, *, #6937, .T. );
#5508 = ORIENTED_EDGE( '', *, *, #6364, .F. );
#5509 = CARTESIAN_POINT( '', ( 0.280000000000000, 0.0200000000000000, -0.115000000000000 ) );
#5510 = DIRECTION( '', ( 0.000000000000000, 0.000000000000000, -1.00000000000000 ) );
#5511 = DIRECTION( '', ( -1.00000000000000, 0.000000000000000, 0.000000000000000 ) );
#5512 = SURFACE_STYLE_FILL_AREA( #7150 );
#5513 = ORIENTED_EDGE( '', *, *, #7059, .T. );
#5514 = ORIENTED_EDGE( '', *, *, #7151, .T. );
#5515 = ORIENTED_EDGE( '', *, *, #6830, .T. );
#5516 = ORIENTED_EDGE( '', *, *, #6374, .F. );
#5517 = CARTESIAN_POINT( '', ( 0.212500000000000, -0.0662500000000000, -0.230000000000000 ) );
#5518 = DIRECTION( '', ( 0.000000000000000, 0.000000000000000, 1.00000000000000 ) );
#5519 = DIRECTION( '', ( 1.00000000000000, 0.000000000000000, -0.000000000000000 ) );
#5520 = SURFACE_STYLE_FILL_AREA( #7152 );
#5521 = ORIENTED_EDGE( '', *, *, #7002, .F. );
#5522 = ORIENTED_EDGE( '', *, *, #6277, .T. );
#5523 = ORIENTED_EDGE( '', *, *, #6839, .T. );
#5524 = ORIENTED_EDGE( '', *, *, #6280, .F. );
#5525 = CARTESIAN_POINT( '', ( 0.212500000000000, 0.0650000000000000, -0.0375000000000000 ) );
#5526 = DIRECTION( '', ( 0.000000000000000, -1.00000000000000, 3.41480999208033E-16 ) );
#5527 = DIRECTION( '', ( 0.000000000000000, -3.41480999208033E-16, -1.00000000000000 ) );
#5528 = SURFACE_STYLE_FILL_AREA( #7153 );
#5529 = ORIENTED_EDGE( '', *, *, #6649, .T. );
#5530 = ORIENTED_EDGE( '', *, *, #7083, .T. );
#5531 = ORIENTED_EDGE( '', *, *, #6299, .T. );
#5532 = ORIENTED_EDGE( '', *, *, #6539, .T. );
#5533 = ORIENTED_EDGE( '', *, *, #6023, .T. );
#5534 = ORIENTED_EDGE( '', *, *, #6188, .T. );
#5535 = ORIENTED_EDGE( '', *, *, #6533, .T. );
#5536 = ORIENTED_EDGE( '', *, *, #6359, .T. );
#5537 = ORIENTED_EDGE( '', *, *, #6136, .T. );
#5538 = ORIENTED_EDGE( '', *, *, #6174, .T. );
#5539 = ORIENTED_EDGE( '', *, *, #6407, .T. );
#5540 = ORIENTED_EDGE( '', *, *, #6157, .F. );
#5541 = CARTESIAN_POINT( '', ( -0.112500000000000, 0.0600000000000000, 0.145000000000000 ) );
#5542 = DIRECTION( '', ( -1.00000000000000, 0.000000000000000, 0.000000000000000 ) );
#5543 = DIRECTION( '', ( 0.000000000000000, 0.000000000000000, 1.00000000000000 ) );
#5544 = SURFACE_STYLE_FILL_AREA( #7154 );
#5545 = ORIENTED_EDGE( '', *, *, #6986, .T. );
#5546 = ORIENTED_EDGE( '', *, *, #7155, .F. );
#5547 = ORIENTED_EDGE( '', *, *, #7156, .T. );
#5548 = ORIENTED_EDGE( '', *, *, #6957, .T. );
#5549 = CARTESIAN_POINT( '', ( 0.290000000000000, 0.320000000000000, -0.0750000000000000 ) );
#5550 = DIRECTION( '', ( 0.000000000000000, -0.000000000000000, 1.00000000000000 ) );
#5551 = DIRECTION( '', ( 1.00000000000000, 0.000000000000000, -0.000000000000000 ) );
#5552 = SURFACE_STYLE_FILL_AREA( #7157 );
#5553 = ORIENTED_EDGE( '', *, *, #7056, .F. );
#5554 = ORIENTED_EDGE( '', *, *, #6797, .T. );
#5555 = ORIENTED_EDGE( '', *, *, #6833, .T. );
#5556 = ORIENTED_EDGE( '', *, *, #6102, .F. );
#5557 = CARTESIAN_POINT( '', ( 0.212500000000000, 0.0400000000000000, -0.0375000000000000 ) );
#5558 = DIRECTION( '', ( 0.000000000000000, 0.000000000000000, -1.00000000000000 ) );
#5559 = DIRECTION( '', ( -1.00000000000000, 0.000000000000000, 0.000000000000000 ) );
#5560 = SURFACE_STYLE_FILL_AREA( #7158 );
#5561 = ORIENTED_EDGE( '', *, *, #6185, .T. );
#5562 = ORIENTED_EDGE( '', *, *, #7129, .T. );
#5563 = ORIENTED_EDGE( '', *, *, #6892, .T. );
#5564 = ORIENTED_EDGE( '', *, *, #6132, .F. );
#5565 = CARTESIAN_POINT( '', ( -0.176666680796634, 0.200000000000000, 0.0500000000000000 ) );
#5566 = DIRECTION( '', ( -0.999390827019096, 0.0348994967025008, 0.000000000000000 ) );
#5567 = DIRECTION( '', ( -0.0348994967025008, -0.999390827019096, 0.000000000000000 ) );
#5568 = SURFACE_STYLE_FILL_AREA( #7159 );
#5569 = ORIENTED_EDGE( '', *, *, #7160, .T. );
#5570 = ORIENTED_EDGE( '', *, *, #7155, .T. );
#5571 = ORIENTED_EDGE( '', *, *, #6985, .T. );
#5572 = ORIENTED_EDGE( '', *, *, #7034, .T. );
#5573 = ORIENTED_EDGE( '', *, *, #6879, .T. );
#5574 = ORIENTED_EDGE( '', *, *, #6005, .T. );
#5575 = CARTESIAN_POINT( '', ( 0.280000000000000, 0.000000000000000, 0.000000000000000 ) );
#5576 = DIRECTION( '', ( 1.00000000000000, 0.000000000000000, -0.000000000000000 ) );
#5577 = DIRECTION( '', ( -0.000000000000000, 0.000000000000000, -1.00000000000000 ) );
#5578 = SURFACE_STYLE_FILL_AREA( #7161 );
#5579 = ORIENTED_EDGE( '', *, *, #6684, .T. );
#5580 = ORIENTED_EDGE( '', *, *, #7052, .F. );
#5581 = ORIENTED_EDGE( '', *, *, #7162, .F. );
#5582 = ORIENTED_EDGE( '', *, *, #7163, .T. );
#5583 = CARTESIAN_POINT( '', ( 0.0500000000000000, 0.320000000000000, 0.130000000000000 ) );
#5584 = DIRECTION( '', ( 0.000000000000000, -0.422885465331124, -0.906183139995265 ) );
#5585 = DIRECTION( '', ( 0.000000000000000, 0.906183139995265, -0.422885465331124 ) );
#5586 = SURFACE_STYLE_FILL_AREA( #7164 );
#5587 = ORIENTED_EDGE( '', *, *, #6178, .T. );
#5588 = ORIENTED_EDGE( '', *, *, #6193, .T. );
#5589 = ORIENTED_EDGE( '', *, *, #6891, .T. );
#5590 = ORIENTED_EDGE( '', *, *, #7165, .F. );
#5591 = CARTESIAN_POINT( '', ( -0.236373040278640, 0.320000000000000, 0.0500000000000000 ) );
#5592 = DIRECTION( '', ( 0.848048096156426, 0.529919264233205, -0.000000000000000 ) );
#5593 = DIRECTION( '', ( -0.529919264233205, 0.848048096156426, 0.000000000000000 ) );
#5594 = SURFACE_STYLE_FILL_AREA( #7166 );
#5595 = ORIENTED_EDGE( '', *, *, #7167, .F. );
#5596 = ORIENTED_EDGE( '', *, *, #7168, .F. );
#5597 = ORIENTED_EDGE( '', *, *, #6525, .T. );
#5598 = ORIENTED_EDGE( '', *, *, #6686, .T. );
#5599 = ORIENTED_EDGE( '', *, *, #7169, .F. );
#5600 = ORIENTED_EDGE( '', *, *, #7096, .T. );
#5601 = ORIENTED_EDGE( '', *, *, #6974, .F. );
#5602 = ORIENTED_EDGE( '', *, *, #6520, .T. );
#5603 = ORIENTED_EDGE( '', *, *, #6142, .T. );
#5604 = ORIENTED_EDGE( '', *, *, #7076, .T. );
#5605 = ORIENTED_EDGE( '', *, *, #6972, .F. );
#5606 = ORIENTED_EDGE( '', *, *, #6529, .T. );
#5607 = ORIENTED_EDGE( '', *, *, #7170, .T. );
#5608 = ORIENTED_EDGE( '', *, *, #6287, .T. );
#5609 = ORIENTED_EDGE( '', *, *, #6971, .F. );
#5610 = ORIENTED_EDGE( '', *, *, #6345, .T. );
#5611 = ORIENTED_EDGE( '', *, *, #7030, .T. );
#5612 = ORIENTED_EDGE( '', *, *, #7106, .T. );
#5613 = ORIENTED_EDGE( '', *, *, #6969, .F. );
#5614 = ORIENTED_EDGE( '', *, *, #7068, .T. );
#5615 = ORIENTED_EDGE( '', *, *, #7036, .T. );
#5616 = ORIENTED_EDGE( '', *, *, #6378, .T. );
#5617 = ORIENTED_EDGE( '', *, *, #6966, .F. );
#5618 = ORIENTED_EDGE( '', *, *, #6271, .F. );
#5619 = CARTESIAN_POINT( '', ( -0.257500000000000, 0.320000000000000, 0.125000000000000 ) );
#5620 = DIRECTION( '', ( 0.000000000000000, 0.000000000000000, -1.00000000000000 ) );
#5621 = DIRECTION( '', ( -1.00000000000000, 0.000000000000000, 0.000000000000000 ) );
#5622 = SURFACE_STYLE_FILL_AREA( #7171 );
#5623 = ORIENTED_EDGE( '', *, *, #6392, .F. );
#5624 = ORIENTED_EDGE( '', *, *, #7109, .F. );
#5625 = ORIENTED_EDGE( '', *, *, #7172, .F. );
#5626 = ORIENTED_EDGE( '', *, *, #6802, .T. );
#5627 = CARTESIAN_POINT( '', ( 0.212500000000000, 0.0400000000000000, -0.0375000000000000 ) );
#5628 = DIRECTION( '', ( 0.000000000000000, 0.000000000000000, -1.00000000000000 ) );
#5629 = DIRECTION( '', ( -1.00000000000000, 0.000000000000000, 0.000000000000000 ) );
#5630 = SURFACE_STYLE_FILL_AREA( #7173 );
#5631 = ORIENTED_EDGE( '', *, *, #7123, .F. );
#5632 = ORIENTED_EDGE( '', *, *, #6313, .T. );
#5633 = ORIENTED_EDGE( '', *, *, #6445, .F. );
#5634 = ORIENTED_EDGE( '', *, *, #6807, .F. );
#5635 = CARTESIAN_POINT( '', ( 0.212500000000000, -0.122500000000000, 0.0375000000000000 ) );
#5636 = DIRECTION( '', ( 0.000000000000000, 0.000000000000000, 1.00000000000000 ) );
#5637 = DIRECTION( '', ( 1.00000000000000, 0.000000000000000, -0.000000000000000 ) );
#5638 = SURFACE_STYLE_FILL_AREA( #7174 );
#5639 = ORIENTED_EDGE( '', *, *, #6288, .F. );
#5640 = ORIENTED_EDGE( '', *, *, #7170, .F. );
#5641 = ORIENTED_EDGE( '', *, *, #6531, .T. );
#5642 = ORIENTED_EDGE( '', *, *, #6083, .F. );
#5643 = CARTESIAN_POINT( '', ( 0.280000000000000, 0.000000000000000, 0.145000000000000 ) );
#5644 = DIRECTION( '', ( -0.000000000000000, 1.00000000000000, 0.000000000000000 ) );
#5645 = DIRECTION( '', ( 0.000000000000000, -0.000000000000000, 1.00000000000000 ) );
#5646 = SURFACE_STYLE_FILL_AREA( #7175 );
#5647 = ORIENTED_EDGE( '', *, *, #7003, .F. );
#5648 = ORIENTED_EDGE( '', *, *, #6226, .T. );
#5649 = ORIENTED_EDGE( '', *, *, #6838, .T. );
#5650 = ORIENTED_EDGE( '', *, *, #6624, .F. );
#5651 = CARTESIAN_POINT( '', ( 0.212500000000000, 0.305000000000000, 0.0562500000000000 ) );
#5652 = DIRECTION( '', ( 0.000000000000000, -0.707106781186549, -0.707106781186546 ) );
#5653 = DIRECTION( '', ( 0.000000000000000, 0.707106781186545, -0.707106781186549 ) );
#5654 = SURFACE_STYLE_FILL_AREA( #7176 );
#5655 = ORIENTED_EDGE( '', *, *, #6151, .T. );
#5656 = ORIENTED_EDGE( '', *, *, #6309, .T. );
#5657 = ORIENTED_EDGE( '', *, *, #6548, .F. );
#5658 = ORIENTED_EDGE( '', *, *, #6980, .F. );
#5659 = CARTESIAN_POINT( '', ( -0.0325000000000000, 0.0200000000000000, 0.145000000000000 ) );
#5660 = DIRECTION( '', ( 1.00000000000000, 0.000000000000000, -0.000000000000000 ) );
#5661 = DIRECTION( '', ( -0.000000000000000, 0.000000000000000, -1.00000000000000 ) );
#5662 = SURFACE_STYLE_FILL_AREA( #7177 );
#5663 = ORIENTED_EDGE( '', *, *, #6642, .T. );
#5664 = ORIENTED_EDGE( '', *, *, #7078, .T. );
#5665 = ORIENTED_EDGE( '', *, *, #6414, .T. );
#5666 = ORIENTED_EDGE( '', *, *, #6988, .T. );
#5667 = ORIENTED_EDGE( '', *, *, #6499, .T. );
#5668 = ORIENTED_EDGE( '', *, *, #6010, .T. );
#5669 = ORIENTED_EDGE( '', *, *, #6089, .T. );
#5670 = ORIENTED_EDGE( '', *, *, #6871, .T. );
#5671 = ORIENTED_EDGE( '', *, *, #7138, .T. );
#5672 = ORIENTED_EDGE( '', *, *, #6675, .T. );
#5673 = ORIENTED_EDGE( '', *, *, #7125, .T. );
#5674 = ORIENTED_EDGE( '', *, *, #6617, .T. );
#5675 = CARTESIAN_POINT( '', ( 0.112500000000000, 0.325000000000000, 0.145000000000000 ) );
#5676 = DIRECTION( '', ( 1.00000000000000, 0.000000000000000, -0.000000000000000 ) );
#5677 = DIRECTION( '', ( -0.000000000000000, 0.000000000000000, -1.00000000000000 ) );
#5678 = SURFACE_STYLE_FILL_AREA( #7178 );
#5679 = ORIENTED_EDGE( '', *, *, #7179, .T. );
#5680 = ORIENTED_EDGE( '', *, *, #5996, .F. );
#5681 = ORIENTED_EDGE( '', *, *, #6904, .F. );
#5682 = ORIENTED_EDGE( '', *, *, #6758, .T. );
#5683 = CARTESIAN_POINT( '', ( 0.244950000000000, 0.0900000000000000, 0.115000000000000 ) );
#5684 = DIRECTION( '', ( 1.00000000000000, -0.000000000000000, 0.000000000000000 ) );
#5685 = DIRECTION( '', ( 0.000000000000000, 0.000000000000000, -1.00000000000000 ) );
#5686 = SURFACE_STYLE_FILL_AREA( #7180 );
#5687 = ORIENTED_EDGE( '', *, *, #6596, .F. );
#5688 = ORIENTED_EDGE( '', *, *, #7133, .T. );
#5689 = ORIENTED_EDGE( '', *, *, #7181, .T. );
#5690 = ORIENTED_EDGE( '', *, *, #7020, .F. );
#5691 = CARTESIAN_POINT( '', ( 0.155050000000000, 0.0900000000000000, -0.114900000000000 ) );
#5692 = DIRECTION( '', ( -1.00000000000000, 0.000000000000000, 0.000000000000000 ) );
#5693 = DIRECTION( '', ( 0.000000000000000, 0.000000000000000, 1.00000000000000 ) );
#5694 = SURFACE_STYLE_FILL_AREA( #7182 );
#5695 = ORIENTED_EDGE( '', *, *, #6965, .T. );
#5696 = ORIENTED_EDGE( '', *, *, #6357, .T. );
#5697 = ORIENTED_EDGE( '', *, *, #7183, .T. );
#5698 = ORIENTED_EDGE( '', *, *, #6925, .T. );
#5699 = ORIENTED_EDGE( '', *, *, #6954, .T. );
#5700 = ORIENTED_EDGE( '', *, *, #6702, .T. );
#5701 = CARTESIAN_POINT( '', ( 0.280000000000000, 0.000000000000000, 0.000000000000000 ) );
#5702 = DIRECTION( '', ( 1.00000000000000, 0.000000000000000, -0.000000000000000 ) );
#5703 = DIRECTION( '', ( -0.000000000000000, 0.000000000000000, -1.00000000000000 ) );
#5704 = SURFACE_STYLE_FILL_AREA( #7184 );
#5705 = ORIENTED_EDGE( '', *, *, #6588, .T. );
#5706 = ORIENTED_EDGE( '', *, *, #6472, .T. );
#5707 = ORIENTED_EDGE( '', *, *, #6118, .T. );
#5708 = ORIENTED_EDGE( '', *, *, #6481, .T. );
#5709 = CARTESIAN_POINT( '', ( 0.300000000000000, 0.0900000000000000, -6.40276873515062E-18 ) );
#5710 = DIRECTION( '', ( 0.000000000000000, 1.00000000000000, -0.000000000000000 ) );
#5711 = DIRECTION( '', ( 0.000000000000000, 0.000000000000000, 1.00000000000000 ) );
#5712 = SURFACE_STYLE_FILL_AREA( #7185 );
#5713 = ORIENTED_EDGE( '', *, *, #6867, .F. );
#5714 = ORIENTED_EDGE( '', *, *, #6978, .T. );
#5715 = ORIENTED_EDGE( '', *, *, #6859, .F. );
#5716 = ORIENTED_EDGE( '', *, *, #7041, .F. );
#5717 = CARTESIAN_POINT( '', ( 0.280000000000000, 0.0200000000000000, -0.115000000000000 ) );
#5718 = DIRECTION( '', ( 0.000000000000000, 0.000000000000000, -1.00000000000000 ) );
#5719 = DIRECTION( '', ( -1.00000000000000, 0.000000000000000, 0.000000000000000 ) );
#5720 = SURFACE_STYLE_FILL_AREA( #7186 );
#5721 = ORIENTED_EDGE( '', *, *, #7058, .F. );
#5722 = ORIENTED_EDGE( '', *, *, #7065, .T. );
#5723 = ORIENTED_EDGE( '', *, *, #6831, .T. );
#5724 = ORIENTED_EDGE( '', *, *, #7151, .F. );
#5725 = CARTESIAN_POINT( '', ( 0.212500000000000, -0.0725000000000000, -0.223750000000000 ) );
#5726 = DIRECTION( '', ( -0.000000000000000, 0.707106781186547, 0.707106781186548 ) );
#5727 = DIRECTION( '', ( 0.000000000000000, -0.707106781186548, 0.707106781186547 ) );
#5728 = SURFACE_STYLE_FILL_AREA( #7187 );
#5729 = ORIENTED_EDGE( '', *, *, #6639, .T. );
#5730 = ORIENTED_EDGE( '', *, *, #6679, .T. );
#5731 = ORIENTED_EDGE( '', *, *, #6351, .T. );
#5732 = ORIENTED_EDGE( '', *, *, #7188, .T. );
#5733 = ORIENTED_EDGE( '', *, *, #7010, .T. );
#5734 = ORIENTED_EDGE( '', *, *, #7013, .T. );
#5735 = ORIENTED_EDGE( '', *, *, #6235, .T. );
#5736 = ORIENTED_EDGE( '', *, *, #6949, .F. );
#5737 = ORIENTED_EDGE( '', *, *, #7144, .T. );
#5738 = ORIENTED_EDGE( '', *, *, #6803, .T. );
#5739 = ORIENTED_EDGE( '', *, *, #7172, .T. );
#5740 = ORIENTED_EDGE( '', *, *, #7108, .T. );
#5741 = ORIENTED_EDGE( '', *, *, #6608, .T. );
#5742 = ORIENTED_EDGE( '', *, *, #6454, .T. );
#5743 = ORIENTED_EDGE( '', *, *, #7189, .T. );
#5744 = ORIENTED_EDGE( '', *, *, #7090, .T. );
#5745 = ORIENTED_EDGE( '', *, *, #6249, .T. );
#5746 = ORIENTED_EDGE( '', *, *, #6779, .F. );
#5747 = ORIENTED_EDGE( '', *, *, #6416, .T. );
#5748 = ORIENTED_EDGE( '', *, *, #6296, .T. );
#5749 = ORIENTED_EDGE( '', *, *, #6098, .T. );
#5750 = ORIENTED_EDGE( '', *, *, #6772, .T. );
#5751 = ORIENTED_EDGE( '', *, *, #6941, .T. );
#5752 = ORIENTED_EDGE( '', *, *, #7081, .T. );
#5753 = ORIENTED_EDGE( '', *, *, #6240, .T. );
#5754 = ORIENTED_EDGE( '', *, *, #6783, .T. );
#5755 = ORIENTED_EDGE( '', *, *, #6108, .T. );
#5756 = ORIENTED_EDGE( '', *, *, #7190, .T. );
#5757 = CARTESIAN_POINT( '', ( 0.212500000000000, -0.122500000000000, 0.0125000000000000 ) );
#5758 = DIRECTION( '', ( 1.00000000000000, 0.000000000000000, 0.000000000000000 ) );
#5759 = DIRECTION( '', ( 0.000000000000000, 0.000000000000000, -1.00000000000000 ) );
#5760 = SURFACE_STYLE_FILL_AREA( #7191 );
#5761 = ORIENTED_EDGE( '', *, *, #6917, .F. );
#5762 = ORIENTED_EDGE( '', *, *, #7088, .T. );
#5763 = ORIENTED_EDGE( '', *, *, #6049, .F. );
#5764 = ORIENTED_EDGE( '', *, *, #6754, .F. );
#5765 = CARTESIAN_POINT( '', ( 0.212500000000000, -0.153750000000000, -0.230000000000000 ) );
#5766 = DIRECTION( '', ( 0.000000000000000, -0.707106781186548, 0.707106781186548 ) );
#5767 = DIRECTION( '', ( 0.000000000000000, -0.707106781186547, -0.707106781186547 ) );
#5768 = SURFACE_STYLE_FILL_AREA( #7192 );
#5769 = ORIENTED_EDGE( '', *, *, #7007, .F. );
#5770 = ORIENTED_EDGE( '', *, *, #6263, .T. );
#5771 = ORIENTED_EDGE( '', *, *, #6835, .T. );
#5772 = ORIENTED_EDGE( '', *, *, #6863, .F. );
#5773 = CARTESIAN_POINT( '', ( 0.212500000000000, -0.153750000000000, -0.230000000000000 ) );
#5774 = DIRECTION( '', ( 0.000000000000000, -0.707106781186548, 0.707106781186548 ) );
#5775 = DIRECTION( '', ( 0.000000000000000, -0.707106781186547, -0.707106781186547 ) );
#5776 = SURFACE_STYLE_FILL_AREA( #7193 );
#5777 = ORIENTED_EDGE( '', *, *, #6028, .F. );
#5778 = ORIENTED_EDGE( '', *, *, #6800, .T. );
#5779 = ORIENTED_EDGE( '', *, *, #6323, .F. );
#5780 = ORIENTED_EDGE( '', *, *, #6265, .F. );
#5781 = CARTESIAN_POINT( '', ( 0.212500000000000, 0.0400000000000000, -0.0375000000000000 ) );
#5782 = DIRECTION( '', ( 0.000000000000000, 0.000000000000000, -1.00000000000000 ) );
#5783 = DIRECTION( '', ( -1.00000000000000, 0.000000000000000, 0.000000000000000 ) );
#5784 = SURFACE_STYLE_FILL_AREA( #7194 );
#5785 = ORIENTED_EDGE( '', *, *, #7195, .F. );
#5786 = ORIENTED_EDGE( '', *, *, #6730, .T. );
#5787 = ORIENTED_EDGE( '', *, *, #6366, .T. );
#5788 = ORIENTED_EDGE( '', *, *, #6936, .T. );
#5789 = CARTESIAN_POINT( '', ( 0.280000000000000, 0.000000000000000, -0.145000000000000 ) );
#5790 = DIRECTION( '', ( 0.000000000000000, 0.000000000000000, 1.00000000000000 ) );
#5791 = DIRECTION( '', ( 1.00000000000000, 0.000000000000000, -0.000000000000000 ) );
#5792 = SURFACE_STYLE_FILL_AREA( #7196 );
#5793 = ORIENTED_EDGE( '', *, *, #6020, .F. );
#5794 = ORIENTED_EDGE( '', *, *, #6960, .F. );
#5795 = ORIENTED_EDGE( '', *, *, #6882, .F. );
#5796 = ORIENTED_EDGE( '', *, *, #7032, .F. );
#5797 = ORIENTED_EDGE( '', *, *, #7023, .F. );
#5798 = ORIENTED_EDGE( '', *, *, #7018, .F. );
#5799 = ORIENTED_EDGE( '', *, *, #7049, .F. );
#5800 = ORIENTED_EDGE( '', *, *, #5997, .F. );
#5801 = ORIENTED_EDGE( '', *, *, #7179, .F. );
#5802 = ORIENTED_EDGE( '', *, *, #6757, .F. );
#5803 = ORIENTED_EDGE( '', *, *, #7197, .F. );
#5804 = ORIENTED_EDGE( '', *, *, #5993, .F. );
#5805 = ORIENTED_EDGE( '', *, *, #6887, .T. );
#5806 = ORIENTED_EDGE( '', *, *, #7021, .F. );
#5807 = ORIENTED_EDGE( '', *, *, #7181, .F. );
#5808 = ORIENTED_EDGE( '', *, *, #7132, .F. );
#5809 = ORIENTED_EDGE( '', *, *, #6489, .F. );
#5810 = ORIENTED_EDGE( '', *, *, #7140, .F. );
#5811 = ORIENTED_EDGE( '', *, *, #6994, .F. );
#5812 = ORIENTED_EDGE( '', *, *, #6589, .F. );
#5813 = ORIENTED_EDGE( '', *, *, #6479, .F. );
#5814 = ORIENTED_EDGE( '', *, *, #6116, .F. );
#5815 = ORIENTED_EDGE( '', *, *, #6471, .F. );
#5816 = ORIENTED_EDGE( '', *, *, #6587, .F. );
#5817 = ORIENTED_EDGE( '', *, *, #7117, .T. );
#5818 = ORIENTED_EDGE( '', *, *, #7142, .F. );
#5819 = ORIENTED_EDGE( '', *, *, #7198, .F. );
#5820 = ORIENTED_EDGE( '', *, *, #6060, .F. );
#5821 = ORIENTED_EDGE( '', *, *, #6787, .F. );
#5822 = ORIENTED_EDGE( '', *, *, #6111, .F. );
#5823 = ORIENTED_EDGE( '', *, *, #7148, .F. );
#5824 = ORIENTED_EDGE( '', *, *, #6996, .F. );
#5825 = ORIENTED_EDGE( '', *, *, #6785, .F. );
#5826 = ORIENTED_EDGE( '', *, *, #6552, .T. );
#5827 = ORIENTED_EDGE( '', *, *, #6725, .F. );
#5828 = ORIENTED_EDGE( '', *, *, #6620, .F. );
#5829 = ORIENTED_EDGE( '', *, *, #6579, .F. );
#5830 = ORIENTED_EDGE( '', *, *, #6781, .F. );
#5831 = ORIENTED_EDGE( '', *, *, #6723, .F. );
#5832 = ORIENTED_EDGE( '', *, *, #7101, .F. );
#5833 = ORIENTED_EDGE( '', *, *, #6750, .F. );
#5834 = ORIENTED_EDGE( '', *, *, #7103, .F. );
#5835 = ORIENTED_EDGE( '', *, *, #6304, .F. );
#5836 = ORIENTED_EDGE( '', *, *, #6536, .F. );
#5837 = ORIENTED_EDGE( '', *, *, #6166, .F. );
#5838 = ORIENTED_EDGE( '', *, *, #6214, .F. );
#5839 = ORIENTED_EDGE( '', *, *, #6403, .F. );
#5840 = ORIENTED_EDGE( '', *, *, #6558, .F. );
#5841 = ORIENTED_EDGE( '', *, *, #7199, .F. );
#5842 = ORIENTED_EDGE( '', *, *, #6516, .F. );
#5843 = ORIENTED_EDGE( '', *, *, #6931, .F. );
#5844 = ORIENTED_EDGE( '', *, *, #6555, .F. );
#5845 = ORIENTED_EDGE( '', *, *, #6477, .T. );
#5846 = ORIENTED_EDGE( '', *, *, #6217, .F. );
#5847 = ORIENTED_EDGE( '', *, *, #7027, .F. );
#5848 = ORIENTED_EDGE( '', *, *, #6694, .F. );
#5849 = ORIENTED_EDGE( '', *, *, #6825, .F. );
#5850 = ORIENTED_EDGE( '', *, *, #6894, .F. );
#5851 = ORIENTED_EDGE( '', *, *, #7128, .F. );
#5852 = ORIENTED_EDGE( '', *, *, #6183, .F. );
#5853 = ORIENTED_EDGE( '', *, *, #7200, .F. );
#5854 = ORIENTED_EDGE( '', *, *, #7135, .F. );
#5855 = ORIENTED_EDGE( '', *, *, #6841, .F. );
#5856 = ORIENTED_EDGE( '', *, *, #6179, .F. );
#5857 = ORIENTED_EDGE( '', *, *, #7165, .T. );
#5858 = ORIENTED_EDGE( '', *, *, #6896, .F. );
#5859 = ORIENTED_EDGE( '', *, *, #6820, .F. );
#5860 = ORIENTED_EDGE( '', *, *, #6943, .F. );
#5861 = ORIENTED_EDGE( '', *, *, #6513, .F. );
#5862 = ORIENTED_EDGE( '', *, *, #6912, .F. );
#5863 = ORIENTED_EDGE( '', *, *, #6921, .F. );
#5864 = ORIENTED_EDGE( '', *, *, #6958, .F. );
#5865 = ORIENTED_EDGE( '', *, *, #7156, .F. );
#5866 = ORIENTED_EDGE( '', *, *, #7160, .F. );
#5867 = ORIENTED_EDGE( '', *, *, #6004, .T. );
#5868 = ORIENTED_EDGE( '', *, *, #6435, .T. );
#5869 = ORIENTED_EDGE( '', *, *, #6854, .T. );
#5870 = ORIENTED_EDGE( '', *, *, #7201, .T. );
#5871 = ORIENTED_EDGE( '', *, *, #6543, .T. );
#5872 = ORIENTED_EDGE( '', *, *, #6122, .T. );
#5873 = ORIENTED_EDGE( '', *, *, #7112, .T. );
#5874 = ORIENTED_EDGE( '', *, *, #6731, .T. );
#5875 = ORIENTED_EDGE( '', *, *, #7195, .T. );
#5876 = ORIENTED_EDGE( '', *, *, #6935, .T. );
#5877 = ORIENTED_EDGE( '', *, *, #6040, .F. );
#5878 = ORIENTED_EDGE( '', *, *, #7097, .T. );
#5879 = ORIENTED_EDGE( '', *, *, #7169, .T. );
#5880 = ORIENTED_EDGE( '', *, *, #6685, .T. );
#5881 = ORIENTED_EDGE( '', *, *, #7163, .F. );
#5882 = ORIENTED_EDGE( '', *, *, #7202, .F. );
#5883 = ORIENTED_EDGE( '', *, *, #7167, .T. );
#5884 = ORIENTED_EDGE( '', *, *, #6270, .T. );
#5885 = ORIENTED_EDGE( '', *, *, #6923, .F. );
#5886 = ORIENTED_EDGE( '', *, *, #7183, .F. );
#5887 = ORIENTED_EDGE( '', *, *, #6356, .F. );
#5888 = ORIENTED_EDGE( '', *, *, #6963, .F. );
#5889 = CARTESIAN_POINT( '', ( 0.280000000000000, 0.320000000000000, -0.145000000000000 ) );
#5890 = DIRECTION( '', ( 0.000000000000000, -1.00000000000000, 0.000000000000000 ) );
#5891 = DIRECTION( '', ( 0.000000000000000, 0.000000000000000, -1.00000000000000 ) );
#5892 = SURFACE_STYLE_FILL_AREA( #7203 );
#5893 = ORIENTED_EDGE( '', *, *, #6826, .T. );
#5894 = ORIENTED_EDGE( '', *, *, #6692, .T. );
#5895 = ORIENTED_EDGE( '', *, *, #7026, .T. );
#5896 = ORIENTED_EDGE( '', *, *, #6215, .T. );
#5897 = ORIENTED_EDGE( '', *, *, #6168, .T. );
#5898 = ORIENTED_EDGE( '', *, *, #6537, .T. );
#5899 = ORIENTED_EDGE( '', *, *, #6306, .T. );
#5900 = ORIENTED_EDGE( '', *, *, #7104, .T. );
#5901 = ORIENTED_EDGE( '', *, *, #6748, .T. );
#5902 = ORIENTED_EDGE( '', *, *, #6944, .T. );
#5903 = ORIENTED_EDGE( '', *, *, #6822, .T. );
#5904 = ORIENTED_EDGE( '', *, *, #6895, .T. );
#5905 = CARTESIAN_POINT( '', ( 0.000000000000000, 0.0900000000000000, -0.120000000000000 ) );
#5906 = DIRECTION( '', ( 0.000000000000000, 1.00000000000000, -0.000000000000000 ) );
#5907 = DIRECTION( '', ( 0.000000000000000, 0.000000000000000, 1.00000000000000 ) );
#5908 = SURFACE_STYLE_FILL_AREA( #7204 );
#5909 = ORIENTED_EDGE( '', *, *, #6544, .F. );
#5910 = ORIENTED_EDGE( '', *, *, #7201, .F. );
#5911 = ORIENTED_EDGE( '', *, *, #6853, .T. );
#5912 = ORIENTED_EDGE( '', *, *, #6983, .F. );
#5913 = CARTESIAN_POINT( '', ( 0.0750000000000000, 0.320000000000000, -0.125000000000000 ) );
#5914 = DIRECTION( '', ( -1.00000000000000, 0.000000000000000, 0.000000000000000 ) );
#5915 = DIRECTION( '', ( 0.000000000000000, 0.000000000000000, 1.00000000000000 ) );
#5916 = SURFACE_STYLE_FILL_AREA( #7205 );
#5917 = ORIENTED_EDGE( '', *, *, #6397, .T. );
#5918 = ORIENTED_EDGE( '', *, *, #7091, .F. );
#5919 = ORIENTED_EDGE( '', *, *, #7189, .F. );
#5920 = ORIENTED_EDGE( '', *, *, #6453, .T. );
#5921 = CARTESIAN_POINT( '', ( 0.212500000000000, -0.0662500000000000, -0.230000000000000 ) );
#5922 = DIRECTION( '', ( 0.000000000000000, 0.000000000000000, 1.00000000000000 ) );
#5923 = DIRECTION( '', ( 1.00000000000000, 0.000000000000000, -0.000000000000000 ) );
#5924 = SURFACE_STYLE_FILL_AREA( #7206 );
#5925 = ORIENTED_EDGE( '', *, *, #7198, .T. );
#5926 = ORIENTED_EDGE( '', *, *, #7141, .F. );
#5927 = ORIENTED_EDGE( '', *, *, #6602, .F. );
#5928 = ORIENTED_EDGE( '', *, *, #6061, .T. );
#5929 = CARTESIAN_POINT( '', ( 0.0550500000000000, 0.0900000000000000, -0.114900000000000 ) );
#5930 = DIRECTION( '', ( -1.00000000000000, 0.000000000000000, 0.000000000000000 ) );
#5931 = DIRECTION( '', ( 0.000000000000000, 0.000000000000000, 1.00000000000000 ) );
#5932 = SURFACE_STYLE_FILL_AREA( #7207 );
#5933 = ORIENTED_EDGE( '', *, *, #6849, .F. );
#5934 = ORIENTED_EDGE( '', *, *, #7011, .F. );
#5935 = ORIENTED_EDGE( '', *, *, #7188, .F. );
#5936 = ORIENTED_EDGE( '', *, *, #6350, .T. );
#5937 = CARTESIAN_POINT( '', ( 0.212500000000000, -0.172500000000000, -0.223750000000000 ) );
#5938 = DIRECTION( '', ( -0.000000000000000, 0.707106781186549, 0.707106781186546 ) );
#5939 = DIRECTION( '', ( 0.000000000000000, -0.707106781186545, 0.707106781186549 ) );
#5940 = SURFACE_STYLE_FILL_AREA( #7208 );
#5941 = ORIENTED_EDGE( '', *, *, #7199, .T. );
#5942 = ORIENTED_EDGE( '', *, *, #6557, .F. );
#5943 = ORIENTED_EDGE( '', *, *, #6076, .F. );
#5944 = ORIENTED_EDGE( '', *, *, #6517, .T. );
#5945 = CARTESIAN_POINT( '', ( -0.0550500000000000, 0.0900000000000000, 0.115000000000000 ) );
#5946 = DIRECTION( '', ( 1.00000000000000, -0.000000000000000, 0.000000000000000 ) );
#5947 = DIRECTION( '', ( 0.000000000000000, 0.000000000000000, -1.00000000000000 ) );
#5948 = SURFACE_STYLE_FILL_AREA( #7209 );
#5949 = ORIENTED_EDGE( '', *, *, #7197, .T. );
#5950 = ORIENTED_EDGE( '', *, *, #6760, .F. );
#5951 = ORIENTED_EDGE( '', *, *, #6903, .F. );
#5952 = ORIENTED_EDGE( '', *, *, #5994, .T. );
#5953 = CARTESIAN_POINT( '', ( 0.155050000000000, 0.0900000000000000, 0.00510000000000000 ) );
#5954 = DIRECTION( '', ( -1.00000000000000, 0.000000000000000, 0.000000000000000 ) );
#5955 = DIRECTION( '', ( 0.000000000000000, 0.000000000000000, 1.00000000000000 ) );
#5956 = SURFACE_STYLE_FILL_AREA( #7210 );
#5957 = ORIENTED_EDGE( '', *, *, #7162, .T. );
#5958 = ORIENTED_EDGE( '', *, *, #7051, .T. );
#5959 = ORIENTED_EDGE( '', *, *, #6568, .T. );
#5960 = ORIENTED_EDGE( '', *, *, #6526, .T. );
#5961 = ORIENTED_EDGE( '', *, *, #7168, .T. );
#5962 = ORIENTED_EDGE( '', *, *, #7202, .T. );
#5963 = CARTESIAN_POINT( '', ( 0.0500000000000000, 0.000000000000000, 0.000000000000000 ) );
#5964 = DIRECTION( '', ( 1.00000000000000, 0.000000000000000, 0.000000000000000 ) );
#5965 = DIRECTION( '', ( 0.000000000000000, 0.000000000000000, -1.00000000000000 ) );
#5966 = SURFACE_STYLE_FILL_AREA( #7211 );
#5967 = ORIENTED_EDGE( '', *, *, #7200, .T. );
#5968 = ORIENTED_EDGE( '', *, *, #6182, .F. );
#5969 = ORIENTED_EDGE( '', *, *, #6991, .F. );
#5970 = ORIENTED_EDGE( '', *, *, #7136, .T. );
#5971 = CARTESIAN_POINT( '', ( -0.155050000000000, 0.0900000000000000, 0.115000000000000 ) );
#5972 = DIRECTION( '', ( 1.00000000000000, -0.000000000000000, 0.000000000000000 ) );
#5973 = DIRECTION( '', ( 0.000000000000000, 0.000000000000000, -1.00000000000000 ) );
#5974 = SURFACE_STYLE_FILL_AREA( #7212 );
#5975 = ORIENTED_EDGE( '', *, *, #6951, .F. );
#5976 = ORIENTED_EDGE( '', *, *, #6645, .F. );
#5977 = ORIENTED_EDGE( '', *, *, #6818, .F. );
#5978 = ORIENTED_EDGE( '', *, *, #6665, .T. );
#5979 = CARTESIAN_POINT( '', ( 0.212500000000000, 0.305000000000000, 0.0562500000000000 ) );
#5980 = DIRECTION( '', ( 0.000000000000000, -0.707106781186549, -0.707106781186546 ) );
#5981 = DIRECTION( '', ( 0.000000000000000, 0.707106781186545, -0.707106781186549 ) );
#5982 = SURFACE_STYLE_FILL_AREA( #7213 );
#5983 = ORIENTED_EDGE( '', *, *, #6384, .F. );
#5984 = ORIENTED_EDGE( '', *, *, #6640, .F. );
#5985 = ORIENTED_EDGE( '', *, *, #7190, .F. );
#5986 = ORIENTED_EDGE( '', *, *, #6107, .T. );
#5987 = CARTESIAN_POINT( '', ( 0.212500000000000, 0.305000000000000, 0.0562500000000000 ) );
#5988 = DIRECTION( '', ( 0.000000000000000, -0.707106781186549, -0.707106781186546 ) );
#5989 = DIRECTION( '', ( 0.000000000000000, 0.707106781186545, -0.707106781186549 ) );
#5991 = FILL_AREA_STYLE( '', ( #7214 ) );
#5992 = EDGE_CURVE( '', #7215, #7216, #7217, .T. );
#5993 = EDGE_CURVE( '', #7215, #7218, #7219, .T. );
#5994 = EDGE_CURVE( '', #7220, #7218, #7221, .T. );
#5995 = EDGE_CURVE( '', #7222, #7220, #7223, .T. );
#5996 = EDGE_CURVE( '', #7222, #7224, #7225, .T. );
#5997 = EDGE_CURVE( '', #7224, #7226, #7227, .T. );
#5998 = EDGE_CURVE( '', #7228, #7226, #7229, .T. );
#5999 = EDGE_CURVE( '', #7230, #7228, #7231, .T. );
#6000 = EDGE_CURVE( '', #7232, #7230, #7233, .T. );
#6001 = EDGE_CURVE( '', #7216, #7232, #7234, .T. );
#6002 = FILL_AREA_STYLE( '', ( #7235 ) );
#6003 = EDGE_CURVE( '', #7236, #7237, #7238, .T. );
#6004 = EDGE_CURVE( '', #7239, #7237, #7240, .T. );
#6005 = EDGE_CURVE( '', #7241, #7239, #7242, .T. );
#6006 = EDGE_CURVE( '', #7241, #7236, #7243, .T. );
#6007 = FILL_AREA_STYLE( '', ( #7244 ) );
#6008 = EDGE_CURVE( '', #7245, #7246, #7247, .T. );
#6009 = EDGE_CURVE( '', #7248, #7245, #7249, .T. );
#6010 = EDGE_CURVE( '', #7250, #7248, #7251, .T. );
#6011 = EDGE_CURVE( '', #7250, #7246, #7252, .T. );
#6012 = FILL_AREA_STYLE( '', ( #7253 ) );
#6013 = EDGE_CURVE( '', #7254, #7255, #7256, .T. );
#6014 = EDGE_CURVE( '', #7254, #7257, #7258, .T. );
#6015 = EDGE_CURVE( '', #7259, #7257, #7260, .T. );
#6016 = EDGE_CURVE( '', #7255, #7259, #7261, .T. );
#6017 = FILL_AREA_STYLE( '', ( #7262 ) );
#6018 = EDGE_CURVE( '', #7263, #7264, #7265, .T. );
#6019 = EDGE_CURVE( '', #7263, #7266, #7267, .T. );
#6020 = EDGE_CURVE( '', #7266, #7268, #7269, .T. );
#6021 = EDGE_CURVE( '', #7264, #7268, #7270, .T. );
#6022 = FILL_AREA_STYLE( '', ( #7271 ) );
#6023 = EDGE_CURVE( '', #7272, #7273, #7274, .T. );
#6024 = EDGE_CURVE( '', #7275, #7272, #7276, .T. );
#6025 = EDGE_CURVE( '', #7277, #7275, #7278, .T. );
#6026 = EDGE_CURVE( '', #7277, #7273, #7279, .T. );
#6027 = FILL_AREA_STYLE( '', ( #7280 ) );
#6028 = EDGE_CURVE( '', #7281, #7282, #7283, .T. );
#6029 = EDGE_CURVE( '', #7282, #7284, #7285, .T. );
#6030 = EDGE_CURVE( '', #7284, #7286, #7287, .T. );
#6031 = EDGE_CURVE( '', #7286, #7288, #7289, .T. );
#6032 = EDGE_CURVE( '', #7290, #7288, #7291, .T. );
#6033 = EDGE_CURVE( '', #7290, #7292, #7293, .T. );
#6034 = EDGE_CURVE( '', #7292, #7294, #7295, .T. );
#6035 = EDGE_CURVE( '', #7296, #7294, #7297, .T. );
#6036 = EDGE_CURVE( '', #7296, #7298, #7299, .T. );
#6037 = EDGE_CURVE( '', #7281, #7298, #7300, .T. );
#6038 = FILL_AREA_STYLE( '', ( #7301 ) );
#6039 = EDGE_CURVE( '', #7302, #7303, #7304, .T. );
#6040 = EDGE_CURVE( '', #7302, #7305, #7306, .T. );
#6041 = EDGE_CURVE( '', #7305, #7307, #7308, .T. );
#6042 = EDGE_CURVE( '', #7303, #7307, #7309, .T. );
#6043 = FILL_AREA_STYLE( '', ( #7310 ) );
#6044 = EDGE_CURVE( '', #7311, #7312, #7313, .T. );
#6045 = EDGE_CURVE( '', #7312, #7314, #7315, .T. );
#6046 = EDGE_CURVE( '', #7314, #7316, #7317, .T. );
#6047 = EDGE_CURVE( '', #7318, #7316, #7319, .T. );
#6048 = EDGE_CURVE( '', #7318, #7320, #7321, .T. );
#6049 = EDGE_CURVE( '', #7320, #7322, #7323, .T. );
#6050 = EDGE_CURVE( '', #7324, #7322, #7325, .T. );
#6051 = EDGE_CURVE( '', #7324, #7326, #7327, .T. );
#6052 = EDGE_CURVE( '', #7326, #7328, #7329, .T. );
#6053 = EDGE_CURVE( '', #7328, #7311, #7330, .T. );
#6054 = FILL_AREA_STYLE( '', ( #7331 ) );
#6055 = EDGE_CURVE( '', #7332, #7333, #7334, .T. );
#6056 = EDGE_CURVE( '', #7332, #7335, #7336, .T. );
#6057 = EDGE_CURVE( '', #7335, #7337, #7338, .T. );
#6058 = EDGE_CURVE( '', #7333, #7337, #7339, .T. );
#6059 = FILL_AREA_STYLE( '', ( #7340 ) );
#6060 = EDGE_CURVE( '', #7268, #7341, #7342, .T. );
#6061 = EDGE_CURVE( '', #7343, #7341, #7344, .T. );
#6062 = EDGE_CURVE( '', #7264, #7343, #7345, .T. );
#6063 = FILL_AREA_STYLE( '', ( #7346 ) );
#6064 = EDGE_CURVE( '', #7347, #7348, #7349, .T. );
#6065 = EDGE_CURVE( '', #7350, #7347, #7351, .T. );
#6066 = EDGE_CURVE( '', #7352, #7350, #7353, .T. );
#6067 = EDGE_CURVE( '', #7352, #7348, #7354, .T. );
#6068 = FILL_AREA_STYLE( '', ( #7355 ) );
#6069 = EDGE_CURVE( '', #7356, #7357, #7358, .T. );
#6070 = EDGE_CURVE( '', #7356, #7311, #7359, .T. );
#6071 = EDGE_CURVE( '', #7357, #7328, #7360, .T. );
#6072 = FILL_AREA_STYLE( '', ( #7361 ) );
#6073 = EDGE_CURVE( '', #7362, #7363, #7364, .T. );
#6074 = EDGE_CURVE( '', #7363, #7365, #7366, .T. );
#6075 = EDGE_CURVE( '', #7365, #7367, #7368, .T. );
#6076 = EDGE_CURVE( '', #7367, #7362, #7369, .T. );
#6077 = FILL_AREA_STYLE( '', ( #7370 ) );
#6078 = EDGE_CURVE( '', #7303, #7371, #7372, .T. );
#6079 = EDGE_CURVE( '', #7307, #7373, #7374, .T. );
#6080 = EDGE_CURVE( '', #7371, #7373, #7375, .T. );
#6081 = FILL_AREA_STYLE( '', ( #7376 ) );
#6082 = EDGE_CURVE( '', #7377, #7378, #7379, .T. );
#6083 = EDGE_CURVE( '', #7377, #7380, #7381, .T. );
#6084 = EDGE_CURVE( '', #7382, #7380, #7383, .T. );
#6085 = EDGE_CURVE( '', #7378, #7382, #7384, .T. );
#6086 = FILL_AREA_STYLE( '', ( #7385 ) );
#6087 = EDGE_CURVE( '', #7386, #7245, #7387, .T. );
#6088 = EDGE_CURVE( '', #7388, #7386, #7389, .T. );
#6089 = EDGE_CURVE( '', #7248, #7388, #7390, .T. );
#6090 = FILL_AREA_STYLE( '', ( #7391 ) );
#6091 = EDGE_CURVE( '', #7392, #7393, #7394, .T. );
#6092 = EDGE_CURVE( '', #7392, #7395, #7396, .T. );
#6093 = EDGE_CURVE( '', #7397, #7395, #7398, .T. );
#6094 = EDGE_CURVE( '', #7393, #7397, #7399, .T. );
#6095 = FILL_AREA_STYLE( '', ( #7400 ) );
#6096 = EDGE_CURVE( '', #7401, #7402, #7403, .T. );
#6097 = EDGE_CURVE( '', #7404, #7401, #7405, .T. );
#6098 = EDGE_CURVE( '', #7406, #7404, #7407, .T. );
#6099 = EDGE_CURVE( '', #7406, #7402, #7408, .T. );
#6100 = FILL_AREA_STYLE( '', ( #7409 ) );
#6101 = EDGE_CURVE( '', #7410, #7411, #7412, .T. );
#6102 = EDGE_CURVE( '', #7410, #7413, #7414, .T. );
#6103 = EDGE_CURVE( '', #7413, #7415, #7416, .T. );
#6104 = EDGE_CURVE( '', #7411, #7415, #7417, .T. );
#6105 = FILL_AREA_STYLE( '', ( #7418 ) );
#6106 = EDGE_CURVE( '', #7419, #7420, #7421, .T. );
#6107 = EDGE_CURVE( '', #7422, #7419, #7423, .T. );
#6108 = EDGE_CURVE( '', #7424, #7422, #7425, .T. );
#6109 = EDGE_CURVE( '', #7424, #7420, #7426, .T. );
#6110 = FILL_AREA_STYLE( '', ( #7427 ) );
#6111 = EDGE_CURVE( '', #7428, #7429, #7430, .T. );
#6112 = EDGE_CURVE( '', #7431, #7429, #7432, .T. );
#6113 = EDGE_CURVE( '', #7433, #7431, #7434, .T. );
#6114 = EDGE_CURVE( '', #7433, #7428, #7435, .T. );
#6115 = FILL_AREA_STYLE( '', ( #7436 ) );
#6116 = EDGE_CURVE( '', #7437, #7438, #7439, .T. );
#6117 = EDGE_CURVE( '', #7440, #7438, #7441, .T. );
#6118 = EDGE_CURVE( '', #7442, #7440, #7443, .T. );
#6119 = EDGE_CURVE( '', #7442, #7437, #7444, .T. );
#6120 = FILL_AREA_STYLE( '', ( #7445 ) );
#6121 = EDGE_CURVE( '', #7446, #7447, #7448, .T. );
#6122 = EDGE_CURVE( '', #7449, #7446, #7450, .T. );
#6123 = EDGE_CURVE( '', #7449, #7451, #7452, .T. );
#6124 = EDGE_CURVE( '', #7447, #7451, #7453, .T. );
#6125 = FILL_AREA_STYLE( '', ( #7454 ) );
#6126 = EDGE_CURVE( '', #7455, #7456, #7457, .T. );
#6127 = EDGE_CURVE( '', #7456, #7458, #7459, .T. );
#6128 = EDGE_CURVE( '', #7460, #7458, #7461, .T. );
#6129 = EDGE_CURVE( '', #7455, #7460, #7462, .T. );
#6130 = FILL_AREA_STYLE( '', ( #7463 ) );
#6131 = EDGE_CURVE( '', #7464, #7465, #7466, .T. );
#6132 = EDGE_CURVE( '', #7465, #7467, #7468, .T. );
#6133 = EDGE_CURVE( '', #7467, #7469, #7470, .T. );
#6134 = EDGE_CURVE( '', #7464, #7469, #7471, .T. );
#6135 = FILL_AREA_STYLE( '', ( #7472 ) );
#6136 = EDGE_CURVE( '', #7473, #7474, #7475, .T. );
#6137 = EDGE_CURVE( '', #7476, #7473, #7477, .T. );
#6138 = EDGE_CURVE( '', #7478, #7476, #7479, .T. );
#6139 = EDGE_CURVE( '', #7478, #7474, #7480, .T. );
#6140 = FILL_AREA_STYLE( '', ( #7481 ) );
#6141 = EDGE_CURVE( '', #7482, #7483, #7484, .T. );
#6142 = EDGE_CURVE( '', #7485, #7482, #7486, .T. );
#6143 = EDGE_CURVE( '', #7487, #7485, #7488, .T. );
#6144 = EDGE_CURVE( '', #7483, #7487, #7489, .T. );
#6145 = FILL_AREA_STYLE( '', ( #7490 ) );
#6146 = EDGE_CURVE( '', #7491, #7492, #7493, .T. );
#6147 = EDGE_CURVE( '', #7491, #7494, #7495, .T. );
#6148 = EDGE_CURVE( '', #7496, #7494, #7497, .T. );
#6149 = EDGE_CURVE( '', #7492, #7496, #7498, .T. );
#6150 = FILL_AREA_STYLE( '', ( #7499 ) );
#6151 = EDGE_CURVE( '', #7500, #7501, #7502, .T. );
#6152 = EDGE_CURVE( '', #7500, #7503, #7504, .T. );
#6153 = EDGE_CURVE( '', #7505, #7503, #7506, .T. );
#6154 = EDGE_CURVE( '', #7501, #7505, #7507, .T. );
#6155 = FILL_AREA_STYLE( '', ( #7508 ) );
#6156 = EDGE_CURVE( '', #7509, #7510, #7511, .T. );
#6157 = EDGE_CURVE( '', #7510, #7512, #7513, .T. );
#6158 = EDGE_CURVE( '', #7512, #7514, #7515, .T. );
#6159 = EDGE_CURVE( '', #7509, #7514, #7516, .T. );
#6160 = FILL_AREA_STYLE( '', ( #7517 ) );
#6161 = EDGE_CURVE( '', #7518, #7519, #7520, .T. );
#6162 = EDGE_CURVE( '', #7518, #7521, #7522, .T. );
#6163 = EDGE_CURVE( '', #7521, #7523, #7524, .T. );
#6164 = EDGE_CURVE( '', #7519, #7523, #7525, .T. );
#6165 = FILL_AREA_STYLE( '', ( #7526 ) );
#6166 = EDGE_CURVE( '', #7527, #7528, #7529, .T. );
#6167 = EDGE_CURVE( '', #7530, #7528, #7531, .T. );
#6168 = EDGE_CURVE( '', #7532, #7530, #7533, .T. );
#6169 = EDGE_CURVE( '', #7532, #7527, #7534, .T. );
#6170 = FILL_AREA_STYLE( '', ( #7535 ) );
#6171 = EDGE_CURVE( '', #7357, #7536, #7537, .T. );
#6172 = EDGE_CURVE( '', #7536, #7326, #7538, .T. );
#6173 = FILL_AREA_STYLE( '', ( #7539 ) );
#6174 = EDGE_CURVE( '', #7474, #7540, #7541, .T. );
#6175 = EDGE_CURVE( '', #7542, #7478, #7543, .T. );
#6176 = EDGE_CURVE( '', #7542, #7540, #7544, .T. );
#6177 = FILL_AREA_STYLE( '', ( #7545 ) );
#6178 = EDGE_CURVE( '', #7546, #7547, #7548, .T. );
#6179 = EDGE_CURVE( '', #7546, #7549, #7550, .T. );
#6180 = EDGE_CURVE( '', #7551, #7549, #7552, .T. );
#6181 = EDGE_CURVE( '', #7553, #7551, #7554, .T. );
#6182 = EDGE_CURVE( '', #7553, #7555, #7556, .T. );
#6183 = EDGE_CURVE( '', #7555, #7557, #7558, .T. );
#6184 = EDGE_CURVE( '', #7559, #7557, #7560, .T. );
#6185 = EDGE_CURVE( '', #7465, #7559, #7561, .T. );
#6186 = EDGE_CURVE( '', #7547, #7464, #7562, .T. );
#6187 = FILL_AREA_STYLE( '', ( #7563 ) );
#6188 = EDGE_CURVE( '', #7273, #7564, #7565, .T. );
#6189 = EDGE_CURVE( '', #7566, #7277, #7567, .T. );
#6190 = EDGE_CURVE( '', #7566, #7564, #7568, .T. );
#6191 = FILL_AREA_STYLE( '', ( #7569 ) );
#6192 = EDGE_CURVE( '', #7469, #7570, #7571, .T. );
#6193 = EDGE_CURVE( '', #7547, #7570, #7572, .T. );
#6194 = FILL_AREA_STYLE( '', ( #7573 ) );
#6195 = EDGE_CURVE( '', #7574, #7575, #7576, .T. );
#6196 = EDGE_CURVE( '', #7574, #7577, #7578, .T. );
#6197 = EDGE_CURVE( '', #7579, #7577, #7580, .T. );
#6198 = EDGE_CURVE( '', #7575, #7579, #7581, .T. );
#6199 = FILL_AREA_STYLE( '', ( #7582 ) );
#6200 = EDGE_CURVE( '', #7583, #7347, #7584, .T. );
#6201 = EDGE_CURVE( '', #7585, #7583, #7586, .T. );
#6202 = EDGE_CURVE( '', #7350, #7585, #7587, .T. );
#6203 = FILL_AREA_STYLE( '', ( #7588 ) );
#6204 = EDGE_CURVE( '', #7589, #7590, #7591, .T. );
#6205 = EDGE_CURVE( '', #7590, #7592, #7593, .T. );
#6206 = EDGE_CURVE( '', #7592, #7594, #7595, .T. );
#6207 = EDGE_CURVE( '', #7589, #7594, #7596, .T. );
#6208 = FILL_AREA_STYLE( '', ( #7597 ) );
#6209 = EDGE_CURVE( '', #7598, #7599, #7600, .T. );
#6210 = EDGE_CURVE( '', #7601, #7598, #7602, .T. );
#6211 = EDGE_CURVE( '', #7603, #7601, #7604, .T. );
#6212 = EDGE_CURVE( '', #7605, #7603, #7606, .T. );
#6213 = EDGE_CURVE( '', #7607, #7605, #7608, .T. );
#6214 = EDGE_CURVE( '', #7607, #7527, #7609, .T. );
#6215 = EDGE_CURVE( '', #7610, #7532, #7611, .T. );
#6216 = EDGE_CURVE( '', #7610, #7612, #7613, .T. );
#6217 = EDGE_CURVE( '', #7612, #7599, #7614, .T. );
#6218 = FILL_AREA_STYLE( '', ( #7615 ) );
#6219 = EDGE_CURVE( '', #7284, #7616, #7617, .T. );
#6220 = EDGE_CURVE( '', #7618, #7616, #7619, .T. );
#6221 = EDGE_CURVE( '', #7286, #7618, #7620, .T. );
#6222 = FILL_AREA_STYLE( '', ( #7621 ) );
#6223 = EDGE_CURVE( '', #7622, #7623, #7624, .T. );
#6224 = EDGE_CURVE( '', #7622, #7625, #7626, .T. );
#6225 = EDGE_CURVE( '', #7625, #7627, #7628, .T. );
#6226 = EDGE_CURVE( '', #7623, #7627, #7629, .T. );
#6227 = FILL_AREA_STYLE( '', ( #7630 ) );
#6228 = EDGE_CURVE( '', #7631, #7632, #7633, .T. );
#6229 = EDGE_CURVE( '', #7632, #7634, #7635, .T. );
#6230 = EDGE_CURVE( '', #7634, #7636, #7637, .T. );
#6231 = EDGE_CURVE( '', #7631, #7636, #7638, .T. );
#6232 = FILL_AREA_STYLE( '', ( #7639 ) );
#6233 = EDGE_CURVE( '', #7640, #7641, #7642, .T. );
#6234 = EDGE_CURVE( '', #7643, #7640, #7644, .T. );
#6235 = EDGE_CURVE( '', #7645, #7643, #7646, .T. );
#6236 = EDGE_CURVE( '', #7645, #7641, #7647, .T. );
#6237 = FILL_AREA_STYLE( '', ( #7648 ) );
#6238 = EDGE_CURVE( '', #7649, #7650, #7651, .T. );
#6239 = EDGE_CURVE( '', #7652, #7649, #7653, .T. );
#6240 = EDGE_CURVE( '', #7654, #7652, #7655, .T. );
#6241 = EDGE_CURVE( '', #7654, #7650, #7656, .T. );
#6242 = FILL_AREA_STYLE( '', ( #7657 ) );
#6243 = EDGE_CURVE( '', #7658, #7659, #7660, .T. );
#6244 = EDGE_CURVE( '', #7658, #7316, #7661, .T. );
#6245 = EDGE_CURVE( '', #7659, #7314, #7662, .T. );
#6246 = FILL_AREA_STYLE( '', ( #7663 ) );
#6247 = EDGE_CURVE( '', #7664, #7665, #7666, .T. );
#6248 = EDGE_CURVE( '', #7667, #7664, #7668, .T. );
#6249 = EDGE_CURVE( '', #7669, #7667, #7670, .T. );
#6250 = EDGE_CURVE( '', #7669, #7665, #7671, .T. );
#6251 = FILL_AREA_STYLE( '', ( #7672 ) );
#6252 = EDGE_CURVE( '', #7673, #7518, #7674, .T. );
#6253 = EDGE_CURVE( '', #7673, #7675, #7676, .T. );
#6254 = EDGE_CURVE( '', #7675, #7521, #7677, .T. );
#6255 = FILL_AREA_STYLE( '', ( #7678 ) );
#6256 = EDGE_CURVE( '', #7679, #7680, #7681, .T. );
#6257 = EDGE_CURVE( '', #7679, #7575, #7682, .T. );
#6258 = EDGE_CURVE( '', #7579, #7680, #7683, .T. );
#6259 = FILL_AREA_STYLE( '', ( #7684 ) );
#6260 = EDGE_CURVE( '', #7685, #7686, #7687, .T. );
#6261 = EDGE_CURVE( '', #7686, #7688, #7689, .T. );
#6262 = EDGE_CURVE( '', #7688, #7690, #7691, .T. );
#6263 = EDGE_CURVE( '', #7685, #7690, #7692, .T. );
#6264 = FILL_AREA_STYLE( '', ( #7693 ) );
#6265 = EDGE_CURVE( '', #7282, #7694, #7695, .T. );
#6266 = EDGE_CURVE( '', #7616, #7694, #7696, .T. );
#6267 = FILL_AREA_STYLE( '', ( #7697 ) );
#6268 = EDGE_CURVE( '', #7698, #7699, #7700, .T. );
#6269 = EDGE_CURVE( '', #7699, #7701, #7702, .T. );
#6270 = EDGE_CURVE( '', #7703, #7701, #7704, .T. );
#6271 = EDGE_CURVE( '', #7703, #7705, #7706, .T. );
#6272 = EDGE_CURVE( '', #7705, #7707, #7708, .T. );
#6273 = EDGE_CURVE( '', #7707, #7698, #7709, .T. );
#6274 = FILL_AREA_STYLE( '', ( #7710 ) );
#6275 = EDGE_CURVE( '', #7519, #7711, #7712, .T. );
#6276 = EDGE_CURVE( '', #7523, #7713, #7714, .T. );
#6277 = EDGE_CURVE( '', #7711, #7713, #7715, .T. );
#6278 = FILL_AREA_STYLE( '', ( #7716 ) );
#6279 = EDGE_CURVE( '', #7717, #7718, #7719, .T. );
#6280 = EDGE_CURVE( '', #7717, #7720, #7721, .T. );
#6281 = EDGE_CURVE( '', #7720, #7722, #7723, .T. );
#6282 = EDGE_CURVE( '', #7718, #7722, #7724, .T. );
#6283 = FILL_AREA_STYLE( '', ( #7725 ) );
#6284 = EDGE_CURVE( '', #7536, #7726, #7727, .T. );
#6285 = EDGE_CURVE( '', #7726, #7324, #7728, .T. );
#6286 = FILL_AREA_STYLE( '', ( #7729 ) );
#6287 = EDGE_CURVE( '', #7730, #7731, #7732, .T. );
#6288 = EDGE_CURVE( '', #7730, #7377, #7733, .T. );
#6289 = EDGE_CURVE( '', #7731, #7378, #7734, .T. );
#6290 = FILL_AREA_STYLE( '', ( #7735 ) );
#6291 = EDGE_CURVE( '', #7736, #7737, #7738, .T. );
#6292 = EDGE_CURVE( '', #7736, #7455, #7739, .T. );
#6293 = EDGE_CURVE( '', #7737, #7460, #7740, .T. );
#6294 = FILL_AREA_STYLE( '', ( #7741 ) );
#6295 = EDGE_CURVE( '', #7402, #7742, #7743, .T. );
#6296 = EDGE_CURVE( '', #7744, #7406, #7745, .T. );
#6297 = EDGE_CURVE( '', #7744, #7742, #7746, .T. );
#6298 = FILL_AREA_STYLE( '', ( #7747 ) );
#6299 = EDGE_CURVE( '', #7748, #7749, #7750, .T. );
#6300 = EDGE_CURVE( '', #7751, #7748, #7752, .T. );
#6301 = EDGE_CURVE( '', #7753, #7751, #7754, .T. );
#6302 = EDGE_CURVE( '', #7753, #7749, #7755, .T. );
#6303 = FILL_AREA_STYLE( '', ( #7756 ) );
#6304 = EDGE_CURVE( '', #7757, #7758, #7759, .T. );
#6305 = EDGE_CURVE( '', #7758, #7760, #7761, .T. );
#6306 = EDGE_CURVE( '', #7762, #7760, #7763, .T. );
#6307 = EDGE_CURVE( '', #7762, #7757, #7764, .T. );
#6308 = FILL_AREA_STYLE( '', ( #7765 ) );
#6309 = EDGE_CURVE( '', #7501, #7766, #7767, .T. );
#6310 = EDGE_CURVE( '', #7505, #7768, #7769, .T. );
#6311 = EDGE_CURVE( '', #7766, #7768, #7770, .T. );
#6312 = FILL_AREA_STYLE( '', ( #7771 ) );
#6313 = EDGE_CURVE( '', #7772, #7773, #7774, .T. );
#6314 = EDGE_CURVE( '', #7772, #7775, #7776, .T. );
#6315 = EDGE_CURVE( '', #7775, #7777, #7778, .T. );
#6316 = EDGE_CURVE( '', #7777, #7773, #7779, .T. );
#6317 = FILL_AREA_STYLE( '', ( #7780 ) );
#6318 = EDGE_CURVE( '', #7781, #7782, #7783, .T. );
#6319 = EDGE_CURVE( '', #7782, #7784, #7785, .T. );
#6320 = EDGE_CURVE( '', #7784, #7786, #7787, .T. );
#6321 = EDGE_CURVE( '', #7786, #7781, #7788, .T. );
#6322 = FILL_AREA_STYLE( '', ( #7789 ) );
#6323 = EDGE_CURVE( '', #7694, #7790, #7791, .T. );
#6324 = EDGE_CURVE( '', #7790, #7792, #7793, .T. );
#6325 = EDGE_CURVE( '', #7792, #7794, #7795, .T. );
#6326 = EDGE_CURVE( '', #7796, #7794, #7797, .T. );
#6327 = EDGE_CURVE( '', #7796, #7798, #7799, .T. );
#6328 = EDGE_CURVE( '', #7798, #7800, #7801, .T. );
#6329 = EDGE_CURVE( '', #7802, #7800, #7803, .T. );
#6330 = EDGE_CURVE( '', #7802, #7618, #7804, .T. );
#6331 = FILL_AREA_STYLE( '', ( #7805 ) );
#6332 = EDGE_CURVE( '', #7292, #7798, #7806, .T. );
#6333 = EDGE_CURVE( '', #7294, #7796, #7807, .T. );
#6334 = FILL_AREA_STYLE( '', ( #7808 ) );
#6335 = EDGE_CURVE( '', #7809, #7810, #7811, .T. );
#6336 = EDGE_CURVE( '', #7810, #7812, #7813, .T. );
#6337 = EDGE_CURVE( '', #7812, #7814, #7815, .T. );
#6338 = EDGE_CURVE( '', #7809, #7814, #7816, .T. );
#6339 = FILL_AREA_STYLE( '', ( #7817 ) );
#6340 = EDGE_CURVE( '', #7818, #7819, #7820, .T. );
#6341 = EDGE_CURVE( '', #7821, #7819, #7822, .T. );
#6342 = EDGE_CURVE( '', #7821, #7823, #7824, .T. );
#6343 = EDGE_CURVE( '', #7823, #7818, #7825, .T. );
#6344 = FILL_AREA_STYLE( '', ( #7826 ) );
#6345 = EDGE_CURVE( '', #7827, #7828, #7829, .T. );
#6346 = EDGE_CURVE( '', #7827, #7496, #7830, .T. );
#6347 = EDGE_CURVE( '', #7828, #7494, #7831, .T. );
#6348 = FILL_AREA_STYLE( '', ( #7832 ) );
#6349 = EDGE_CURVE( '', #7833, #7834, #7835, .T. );
#6350 = EDGE_CURVE( '', #7836, #7833, #7837, .T. );
#6351 = EDGE_CURVE( '', #7838, #7836, #7839, .T. );
#6352 = EDGE_CURVE( '', #7838, #7834, #7840, .T. );
#6353 = FILL_AREA_STYLE( '', ( #7841 ) );
#6354 = EDGE_CURVE( '', #7842, #7843, #7844, .T. );
#6355 = EDGE_CURVE( '', #7845, #7843, #7846, .T. );
#6356 = EDGE_CURVE( '', #7845, #7847, #7848, .T. );
#6357 = EDGE_CURVE( '', #7842, #7847, #7849, .T. );
#6358 = FILL_AREA_STYLE( '', ( #7850 ) );
#6359 = EDGE_CURVE( '', #7851, #7473, #7852, .T. );
#6360 = EDGE_CURVE( '', #7853, #7851, #7854, .T. );
#6361 = EDGE_CURVE( '', #7476, #7853, #7855, .T. );
#6362 = FILL_AREA_STYLE( '', ( #7856 ) );
#6363 = EDGE_CURVE( '', #7857, #7858, #7859, .T. );
#6364 = EDGE_CURVE( '', #7857, #7860, #7861, .T. );
#6365 = EDGE_CURVE( '', #7860, #7862, #7863, .T. );
#6366 = EDGE_CURVE( '', #7858, #7862, #7864, .T. );
#6367 = FILL_AREA_STYLE( '', ( #7865 ) );
#6368 = EDGE_CURVE( '', #7866, #7867, #7868, .T. );
#6369 = EDGE_CURVE( '', #7866, #7869, #7870, .T. );
#6370 = EDGE_CURVE( '', #7871, #7869, #7872, .T. );
#6371 = EDGE_CURVE( '', #7867, #7871, #7873, .T. );
#6372 = FILL_AREA_STYLE( '', ( #7874 ) );
#6373 = EDGE_CURVE( '', #7875, #7876, #7877, .T. );
#6374 = EDGE_CURVE( '', #7875, #7878, #7879, .T. );
#6375 = EDGE_CURVE( '', #7878, #7880, #7881, .T. );
#6376 = EDGE_CURVE( '', #7876, #7880, #7882, .T. );
#6377 = FILL_AREA_STYLE( '', ( #7883 ) );
#6378 = EDGE_CURVE( '', #7884, #7885, #7886, .T. );
#6379 = EDGE_CURVE( '', #7884, #7887, #7888, .T. );
#6380 = EDGE_CURVE( '', #7887, #7889, #7890, .T. );
#6381 = EDGE_CURVE( '', #7885, #7889, #7891, .T. );
#6382 = FILL_AREA_STYLE( '', ( #7892 ) );
#6383 = EDGE_CURVE( '', #7893, #7894, #7895, .T. );
#6384 = EDGE_CURVE( '', #7894, #7419, #7896, .T. );
#6385 = EDGE_CURVE( '', #7420, #7649, #7897, .T. );
#6386 = EDGE_CURVE( '', #7650, #7898, #7899, .T. );
#6387 = EDGE_CURVE( '', #7898, #7900, #7901, .T. );
#6388 = EDGE_CURVE( '', #7900, #7401, #7902, .T. );
#6389 = EDGE_CURVE( '', #7742, #7903, #7904, .T. );
#6390 = EDGE_CURVE( '', #7893, #7903, #7905, .T. );
#6391 = FILL_AREA_STYLE( '', ( #7906 ) );
#6392 = EDGE_CURVE( '', #7907, #7908, #7909, .T. );
#6393 = EDGE_CURVE( '', #7908, #7910, #7911, .T. );
#6394 = EDGE_CURVE( '', #7910, #7912, #7913, .T. );
#6395 = EDGE_CURVE( '', #7664, #7912, #7914, .T. );
#6396 = EDGE_CURVE( '', #7665, #7915, #7916, .T. );
#6397 = EDGE_CURVE( '', #7917, #7915, #7918, .T. );
#6398 = EDGE_CURVE( '', #7917, #7919, #7920, .T. );
#6399 = EDGE_CURVE( '', #7919, #7921, #7922, .T. );
#6400 = EDGE_CURVE( '', #7921, #7907, #7923, .T. );
#6401 = FILL_AREA_STYLE( '', ( #7924 ) );
#6402 = EDGE_CURVE( '', #7925, #7926, #7927, .T. );
#6403 = EDGE_CURVE( '', #7926, #7607, #7928, .T. );
#6404 = EDGE_CURVE( '', #7925, #7605, #7929, .T. );
#6405 = FILL_AREA_STYLE( '', ( #7930 ) );
#6406 = EDGE_CURVE( '', #7514, #7931, #7932, .T. );
#6407 = EDGE_CURVE( '', #7540, #7512, #7933, .T. );
#6408 = EDGE_CURVE( '', #7814, #7542, #7934, .T. );
#6409 = EDGE_CURVE( '', #7935, #7812, #7936, .T. );
#6410 = EDGE_CURVE( '', #7937, #7935, #7938, .T. );
#6411 = EDGE_CURVE( '', #7594, #7937, #7939, .T. );
#6412 = EDGE_CURVE( '', #7940, #7592, #7941, .T. );
#6413 = EDGE_CURVE( '', #7942, #7940, #7943, .T. );
#6414 = EDGE_CURVE( '', #7944, #7942, #7945, .T. );
#6415 = EDGE_CURVE( '', #7903, #7944, #7946, .T. );
#6416 = EDGE_CURVE( '', #7947, #7744, #7948, .T. );
#6417 = EDGE_CURVE( '', #7947, #7912, #7949, .T. );
#6418 = EDGE_CURVE( '', #7950, #7910, #7951, .T. );
#6419 = EDGE_CURVE( '', #7952, #7950, #7953, .T. );
#6420 = EDGE_CURVE( '', #7952, #7954, #7955, .T. );
#6421 = EDGE_CURVE( '', #7956, #7954, #7957, .T. );
#6422 = EDGE_CURVE( '', #7298, #7956, #7958, .T. );
#6423 = EDGE_CURVE( '', #7296, #7794, #7959, .T. );
#6424 = EDGE_CURVE( '', #7960, #7792, #7961, .T. );
#6425 = EDGE_CURVE( '', #7679, #7960, #7962, .T. );
#6426 = EDGE_CURVE( '', #7963, #7680, #7964, .T. );
#6427 = EDGE_CURVE( '', #7965, #7963, #7966, .T. );
#6428 = EDGE_CURVE( '', #7967, #7965, #7968, .T. );
#6429 = EDGE_CURVE( '', #7967, #7969, #7970, .T. );
#6430 = EDGE_CURVE( '', #7969, #7971, #7972, .T. );
#6431 = EDGE_CURVE( '', #7931, #7971, #7973, .T. );
#6432 = FILL_AREA_STYLE( '', ( #7974 ) );
#6433 = EDGE_CURVE( '', #7975, #7976, #7977, .T. );
#6434 = EDGE_CURVE( '', #7978, #7976, #7979, .T. );
#6435 = EDGE_CURVE( '', #7237, #7978, #7980, .T. );
#6436 = EDGE_CURVE( '', #7236, #7981, #7982, .T. );
#6437 = EDGE_CURVE( '', #7981, #7975, #7983, .T. );
#6438 = FILL_AREA_STYLE( '', ( #7984 ) );
#6439 = EDGE_CURVE( '', #7867, #7985, #7986, .T. );
#6440 = EDGE_CURVE( '', #7987, #7871, #7988, .T. );
#6441 = EDGE_CURVE( '', #7985, #7987, #7989, .T. );
#6442 = FILL_AREA_STYLE( '', ( #7990 ) );
#6443 = EDGE_CURVE( '', #7991, #7992, #7993, .T. );
#6444 = EDGE_CURVE( '', #7992, #7994, #7995, .T. );
#6445 = EDGE_CURVE( '', #7994, #7773, #7996, .T. );
#6446 = EDGE_CURVE( '', #7777, #7997, #7998, .T. );
#6447 = EDGE_CURVE( '', #7997, #7999, #8000, .T. );
#6448 = EDGE_CURVE( '', #8001, #7999, #8002, .T. );
#6449 = EDGE_CURVE( '', #8001, #8003, #8004, .T. );
#6450 = EDGE_CURVE( '', #8003, #8005, #8006, .T. );
#6451 = EDGE_CURVE( '', #8005, #7991, #8007, .T. );
#6452 = FILL_AREA_STYLE( '', ( #8008 ) );
#6453 = EDGE_CURVE( '', #8009, #7917, #8010, .T. );
#6454 = EDGE_CURVE( '', #8011, #8009, #8012, .T. );
#6455 = EDGE_CURVE( '', #8011, #7919, #8013, .T. );
#6456 = FILL_AREA_STYLE( '', ( #8014 ) );
#6457 = EDGE_CURVE( '', #8015, #8016, #8017, .T. );
#6458 = EDGE_CURVE( '', #8015, #8018, #8019, .T. );
#6459 = EDGE_CURVE( '', #8020, #8018, #8021, .T. );
#6460 = EDGE_CURVE( '', #8016, #8020, #8022, .T. );
#6461 = FILL_AREA_STYLE( '', ( #8023 ) );
#6462 = EDGE_CURVE( '', #7332, #8024, #8025, .T. );
#6463 = EDGE_CURVE( '', #8024, #8026, #8027, .T. );
#6464 = EDGE_CURVE( '', #7335, #8026, #8028, .T. );
#6465 = FILL_AREA_STYLE( '', ( #8029 ) );
#6466 = EDGE_CURVE( '', #8030, #8031, #8032, .T. );
#6467 = EDGE_CURVE( '', #8030, #8033, #8034, .T. );
#6468 = EDGE_CURVE( '', #8035, #8033, #8036, .T. );
#6469 = EDGE_CURVE( '', #8031, #8035, #8037, .T. );
#6470 = FILL_AREA_STYLE( '', ( #8038 ) );
#6471 = EDGE_CURVE( '', #8039, #7437, #8040, .T. );
#6472 = EDGE_CURVE( '', #8041, #7442, #8042, .T. );
#6473 = EDGE_CURVE( '', #8041, #8039, #8043, .T. );
#6474 = FILL_AREA_STYLE( '', ( #8044 ) );
#6475 = EDGE_CURVE( '', #8045, #8046, #8047, .T. );
#6476 = EDGE_CURVE( '', #8046, #7598, #8048, .T. );
#6477 = EDGE_CURVE( '', #8045, #7599, #8049, .T. );
#6478 = FILL_AREA_STYLE( '', ( #8050 ) );
#6479 = EDGE_CURVE( '', #7438, #8051, #8052, .T. );
#6480 = EDGE_CURVE( '', #8053, #8051, #8054, .T. );
#6481 = EDGE_CURVE( '', #7440, #8053, #8055, .T. );
#6482 = FILL_AREA_STYLE( '', ( #8056 ) );
#6483 = EDGE_CURVE( '', #8033, #8057, #8058, .T. );
#6484 = EDGE_CURVE( '', #8057, #7963, #8059, .T. );
#6485 = EDGE_CURVE( '', #7577, #8060, #8061, .T. );
#6486 = EDGE_CURVE( '', #7259, #8060, #8062, .T. );
#6487 = EDGE_CURVE( '', #7257, #8035, #8063, .T. );
#6488 = FILL_AREA_STYLE( '', ( #8064 ) );
#6489 = EDGE_CURVE( '', #8065, #8066, #8067, .T. );
#6490 = EDGE_CURVE( '', #8066, #8068, #8069, .T. );
#6491 = EDGE_CURVE( '', #8070, #8068, #8071, .T. );
#6492 = EDGE_CURVE( '', #8070, #8065, #8072, .T. );
#6493 = FILL_AREA_STYLE( '', ( #8073 ) );
#6494 = EDGE_CURVE( '', #7876, #8074, #8075, .T. );
#6495 = EDGE_CURVE( '', #7880, #8076, #8077, .T. );
#6496 = EDGE_CURVE( '', #8074, #8076, #8078, .T. );
#6497 = FILL_AREA_STYLE( '', ( #8079 ) );
#6498 = EDGE_CURVE( '', #7246, #8080, #8081, .T. );
#6499 = EDGE_CURVE( '', #8082, #7250, #8083, .T. );
#6500 = EDGE_CURVE( '', #8082, #8080, #8084, .T. );
#6501 = FILL_AREA_STYLE( '', ( #8085 ) );
#6502 = EDGE_CURVE( '', #8086, #8087, #8088, .T. );
#6503 = EDGE_CURVE( '', #8089, #8086, #8090, .T. );
#6504 = EDGE_CURVE( '', #8091, #8089, #8092, .T. );
#6505 = EDGE_CURVE( '', #8091, #8087, #8093, .T. );
#6506 = FILL_AREA_STYLE( '', ( #8094 ) );
#6507 = EDGE_CURVE( '', #7431, #8095, #8096, .T. );
#6508 = EDGE_CURVE( '', #8095, #8097, #8098, .T. );
#6509 = EDGE_CURVE( '', #8097, #7433, #8099, .T. );
#6510 = FILL_AREA_STYLE( '', ( #8100 ) );
#6511 = EDGE_CURVE( '', #8101, #8102, #8103, .T. );
#6512 = EDGE_CURVE( '', #8104, #8102, #8105, .T. );
#6513 = EDGE_CURVE( '', #8104, #8106, #8107, .T. );
#6514 = EDGE_CURVE( '', #8106, #8101, #8108, .T. );
#6515 = FILL_AREA_STYLE( '', ( #8109 ) );
#6516 = EDGE_CURVE( '', #8110, #8111, #8112, .T. );
#6517 = EDGE_CURVE( '', #7367, #8111, #8113, .T. );
#6518 = EDGE_CURVE( '', #7365, #8110, #8114, .T. );
#6519 = FILL_AREA_STYLE( '', ( #8115 ) );
#6520 = EDGE_CURVE( '', #8116, #7485, #8117, .T. );
#6521 = EDGE_CURVE( '', #8116, #8118, #8119, .T. );
#6522 = EDGE_CURVE( '', #8118, #7487, #8120, .T. );
#6523 = FILL_AREA_STYLE( '', ( #8121 ) );
#6524 = EDGE_CURVE( '', #8122, #8123, #8124, .T. );
#6525 = EDGE_CURVE( '', #8125, #8123, #8126, .T. );
#6526 = EDGE_CURVE( '', #8127, #8125, #8128, .T. );
#6527 = EDGE_CURVE( '', #8127, #8122, #8129, .T. );
#6528 = FILL_AREA_STYLE( '', ( #8130 ) );
#6529 = EDGE_CURVE( '', #8131, #8132, #8133, .T. );
#6530 = EDGE_CURVE( '', #8131, #7382, #8134, .T. );
#6531 = EDGE_CURVE( '', #8132, #7380, #8135, .T. );
#6532 = FILL_AREA_STYLE( '', ( #8136 ) );
#6533 = EDGE_CURVE( '', #7564, #7851, #8137, .T. );
#6534 = EDGE_CURVE( '', #7853, #7566, #8138, .T. );
#6535 = FILL_AREA_STYLE( '', ( #8139 ) );
#6536 = EDGE_CURVE( '', #7528, #7757, #8140, .T. );
#6537 = EDGE_CURVE( '', #7530, #7762, #8141, .T. );
#6538 = FILL_AREA_STYLE( '', ( #8142 ) );
#6539 = EDGE_CURVE( '', #7749, #7272, #8143, .T. );
#6540 = EDGE_CURVE( '', #7275, #7753, #8144, .T. );
#6541 = FILL_AREA_STYLE( '', ( #8145 ) );
#6542 = EDGE_CURVE( '', #8146, #7451, #8147, .T. );
#6543 = EDGE_CURVE( '', #8148, #7449, #8149, .T. );
#6544 = EDGE_CURVE( '', #8148, #8150, #8151, .T. );
#6545 = EDGE_CURVE( '', #8150, #8152, #8153, .T. );
#6546 = EDGE_CURVE( '', #8152, #7737, #8154, .T. );
#6547 = EDGE_CURVE( '', #7458, #8155, #8156, .T. );
#6548 = EDGE_CURVE( '', #8155, #7766, #8157, .T. );
#6549 = EDGE_CURVE( '', #7768, #8146, #8158, .T. );
#6550 = FILL_AREA_STYLE( '', ( #8159 ) );
#6551 = EDGE_CURVE( '', #7819, #8160, #8161, .T. );
#6552 = EDGE_CURVE( '', #8162, #8160, #8163, .T. );
#6553 = EDGE_CURVE( '', #8162, #7821, #8164, .T. );
#6554 = FILL_AREA_STYLE( '', ( #8165 ) );
#6555 = EDGE_CURVE( '', #8045, #8166, #8167, .T. );
#6556 = EDGE_CURVE( '', #7363, #8166, #8168, .T. );
#6557 = EDGE_CURVE( '', #7362, #8169, #8170, .T. );
#6558 = EDGE_CURVE( '', #8169, #7926, #8171, .T. );
#6559 = EDGE_CURVE( '', #8172, #7925, #8173, .T. );
#6560 = EDGE_CURVE( '', #8174, #8172, #8175, .T. );
#6561 = EDGE_CURVE( '', #8046, #8174, #8176, .T. );
#6562 = FILL_AREA_STYLE( '', ( #8177 ) );
#6563 = EDGE_CURVE( '', #8178, #8179, #8180, .T. );
#6564 = EDGE_CURVE( '', #7216, #8179, #8181, .T. );
#6565 = EDGE_CURVE( '', #7232, #8178, #8182, .T. );
#6566 = FILL_AREA_STYLE( '', ( #8183 ) );
#6567 = EDGE_CURVE( '', #8184, #8122, #8185, .T. );
#6568 = EDGE_CURVE( '', #8186, #8127, #8187, .T. );
#6569 = EDGE_CURVE( '', #8186, #8184, #8188, .T. );
#6570 = FILL_AREA_STYLE( '', ( #8189 ) );
#6571 = EDGE_CURVE( '', #8190, #8191, #8192, .T. );
#6572 = EDGE_CURVE( '', #8193, #8190, #8194, .T. );
#6573 = EDGE_CURVE( '', #8193, #8195, #8196, .T. );
#6574 = EDGE_CURVE( '', #8195, #8191, #8197, .T. );
#6575 = FILL_AREA_STYLE( '', ( #8198 ) );
#6576 = EDGE_CURVE( '', #8199, #8030, #8200, .T. );
#6577 = EDGE_CURVE( '', #8199, #8057, #8201, .T. );
#6578 = FILL_AREA_STYLE( '', ( #8202 ) );
#6579 = EDGE_CURVE( '', #8203, #8204, #8205, .T. );
#6580 = EDGE_CURVE( '', #7782, #8204, #8206, .T. );
#6581 = EDGE_CURVE( '', #7781, #8203, #8207, .T. );
#6582 = FILL_AREA_STYLE( '', ( #8208 ) );
#6583 = EDGE_CURVE( '', #8209, #7574, #8210, .T. );
#6584 = EDGE_CURVE( '', #8209, #8060, #8211, .T. );
#6585 = FILL_AREA_STYLE( '', ( #8212 ) );
#6586 = EDGE_CURVE( '', #8213, #8214, #8215, .T. );
#6587 = EDGE_CURVE( '', #8213, #8039, #8216, .T. );
#6588 = EDGE_CURVE( '', #8053, #8041, #8217, .T. );
#6589 = EDGE_CURVE( '', #8051, #8218, #8219, .T. );
#6590 = EDGE_CURVE( '', #8220, #8218, #8221, .T. );
#6591 = EDGE_CURVE( '', #8222, #8220, #8223, .T. );
#6592 = EDGE_CURVE( '', #8224, #8222, #8225, .T. );
#6593 = EDGE_CURVE( '', #8214, #8224, #8226, .T. );
#6594 = FILL_AREA_STYLE( '', ( #8227 ) );
#6595 = EDGE_CURVE( '', #8068, #8228, #8229, .T. );
#6596 = EDGE_CURVE( '', #8228, #8230, #8231, .T. );
#6597 = EDGE_CURVE( '', #8230, #8232, #8233, .T. );
#6598 = EDGE_CURVE( '', #8232, #8234, #8235, .T. );
#6599 = EDGE_CURVE( '', #8234, #8236, #8237, .T. );
#6600 = EDGE_CURVE( '', #8236, #8238, #8239, .T. );
#6601 = EDGE_CURVE( '', #8238, #7263, #8240, .T. );
#6602 = EDGE_CURVE( '', #7343, #8241, #8242, .T. );
#6603 = EDGE_CURVE( '', #8241, #8070, #8243, .T. );
#6604 = FILL_AREA_STYLE( '', ( #8244 ) );
#6605 = EDGE_CURVE( '', #7288, #7802, #8245, .T. );
#6606 = EDGE_CURVE( '', #7290, #7800, #8246, .T. );
#6607 = FILL_AREA_STYLE( '', ( #8247 ) );
#6608 = EDGE_CURVE( '', #8248, #8011, #8249, .T. );
#6609 = EDGE_CURVE( '', #8248, #7921, #8250, .T. );
#6610 = FILL_AREA_STYLE( '', ( #8251 ) );
#6611 = EDGE_CURVE( '', #8252, #7935, #8253, .T. );
#6612 = EDGE_CURVE( '', #8254, #8252, #8255, .T. );
#6613 = EDGE_CURVE( '', #7937, #8254, #8256, .T. );
#6614 = FILL_AREA_STYLE( '', ( #8257 ) );
#6615 = EDGE_CURVE( '', #8258, #8259, #8260, .T. );
#6616 = EDGE_CURVE( '', #8261, #8258, #8262, .T. );
#6617 = EDGE_CURVE( '', #8263, #8261, #8264, .T. );
#6618 = EDGE_CURVE( '', #8263, #8259, #8265, .T. );
#6619 = FILL_AREA_STYLE( '', ( #8266 ) );
#6620 = EDGE_CURVE( '', #8204, #8267, #8268, .T. );
#6621 = EDGE_CURVE( '', #7784, #8267, #8269, .T. );
#6622 = FILL_AREA_STYLE( '', ( #8270 ) );
#6623 = EDGE_CURVE( '', #8271, #7509, #8272, .T. );
#6624 = EDGE_CURVE( '', #8271, #8273, #8274, .T. );
#6625 = EDGE_CURVE( '', #8273, #8275, #8276, .T. );
#6626 = EDGE_CURVE( '', #8277, #8275, #8278, .T. );
#6627 = EDGE_CURVE( '', #8279, #8277, #8280, .T. );
#6628 = EDGE_CURVE( '', #8281, #8279, #8282, .T. );
#6629 = EDGE_CURVE( '', #7869, #8281, #8283, .T. );
#6630 = EDGE_CURVE( '', #8284, #7866, #8285, .T. );
#6631 = EDGE_CURVE( '', #7312, #8284, #8286, .T. );
#6632 = EDGE_CURVE( '', #8287, #7356, #8288, .T. );
#6633 = EDGE_CURVE( '', #7992, #8287, #8289, .T. );
#6634 = EDGE_CURVE( '', #8290, #7991, #8291, .T. );
#6635 = EDGE_CURVE( '', #8292, #8290, #8293, .T. );
#6636 = EDGE_CURVE( '', #8294, #8292, #8295, .T. );
#6637 = EDGE_CURVE( '', #8296, #8294, #8297, .T. );
#6638 = EDGE_CURVE( '', #8298, #8296, #8299, .T. );
#6639 = EDGE_CURVE( '', #8300, #8298, #8301, .T. );
#6640 = EDGE_CURVE( '', #8300, #7894, #8302, .T. );
#6641 = EDGE_CURVE( '', #8303, #7893, #8304, .T. );
#6642 = EDGE_CURVE( '', #8261, #8303, #8305, .T. );
#6643 = EDGE_CURVE( '', #7590, #8258, #8306, .T. );
#6644 = EDGE_CURVE( '', #8307, #7589, #8308, .T. );
#6645 = EDGE_CURVE( '', #8307, #8309, #8310, .T. );
#6646 = EDGE_CURVE( '', #7810, #8309, #8311, .T. );
#6647 = EDGE_CURVE( '', #8312, #7809, #8313, .T. );
#6648 = EDGE_CURVE( '', #8312, #8314, #8315, .T. );
#6649 = EDGE_CURVE( '', #7510, #8314, #8316, .T. );
#6650 = FILL_AREA_STYLE( '', ( #8317 ) );
#6651 = EDGE_CURVE( '', #8318, #8319, #8320, .T. );
#6652 = EDGE_CURVE( '', #8319, #8321, #8322, .T. );
#6653 = EDGE_CURVE( '', #8321, #8323, #8324, .T. );
#6654 = EDGE_CURVE( '', #8323, #8325, #8326, .T. );
#6655 = EDGE_CURVE( '', #8327, #8325, #8328, .T. );
#6656 = EDGE_CURVE( '', #8327, #7392, #8329, .T. );
#6657 = EDGE_CURVE( '', #7952, #7393, #8330, .T. );
#6658 = EDGE_CURVE( '', #8318, #7950, #8331, .T. );
#6659 = FILL_AREA_STYLE( '', ( #8332 ) );
#6660 = EDGE_CURVE( '', #7371, #8333, #8334, .T. );
#6661 = EDGE_CURVE( '', #7373, #8335, #8336, .T. );
#6662 = EDGE_CURVE( '', #8333, #8335, #8337, .T. );
#6663 = FILL_AREA_STYLE( '', ( #8338 ) );
#6664 = EDGE_CURVE( '', #8339, #7583, #8340, .T. );
#6665 = EDGE_CURVE( '', #8341, #8339, #8342, .T. );
#6666 = EDGE_CURVE( '', #7585, #8341, #8343, .T. );
#6667 = FILL_AREA_STYLE( '', ( #8344 ) );
#6668 = EDGE_CURVE( '', #8345, #7818, #8346, .T. );
#6669 = EDGE_CURVE( '', #7823, #8347, #8348, .T. );
#6670 = EDGE_CURVE( '', #8347, #8345, #8349, .T. );
#6671 = FILL_AREA_STYLE( '', ( #8350 ) );
#6672 = FILL_AREA_STYLE( '', ( #8351 ) );
#6673 = EDGE_CURVE( '', #8352, #8353, #8354, .T. );
#6674 = EDGE_CURVE( '', #8355, #8352, #8356, .T. );
#6675 = EDGE_CURVE( '', #8357, #8355, #8358, .T. );
#6676 = EDGE_CURVE( '', #8357, #8353, #8359, .T. );
#6677 = FILL_AREA_STYLE( '', ( #8360 ) );
#6678 = EDGE_CURVE( '', #7834, #8296, #8361, .T. );
#6679 = EDGE_CURVE( '', #8298, #7838, #8362, .T. );
#6680 = FILL_AREA_STYLE( '', ( #8363 ) );
#6681 = EDGE_CURVE( '', #7631, #8015, #8364, .T. );
#6682 = EDGE_CURVE( '', #8018, #7636, #8365, .T. );
#6683 = FILL_AREA_STYLE( '', ( #8366 ) );
#6684 = EDGE_CURVE( '', #8367, #8368, #8369, .T. );
#6685 = EDGE_CURVE( '', #8370, #8367, #8371, .T. );
#6686 = EDGE_CURVE( '', #8123, #8370, #8372, .T. );
#6687 = EDGE_CURVE( '', #8368, #8184, #8373, .T. );
#6688 = FILL_AREA_STYLE( '', ( #8374 ) );
#6689 = EDGE_CURVE( '', #8172, #7603, #8375, .T. );
#6690 = EDGE_CURVE( '', #8174, #7601, #8376, .T. );
#6691 = FILL_AREA_STYLE( '', ( #8377 ) );
#6692 = EDGE_CURVE( '', #8378, #8379, #8380, .T. );
#6693 = EDGE_CURVE( '', #8381, #8378, #8382, .T. );
#6694 = EDGE_CURVE( '', #8381, #8383, #8384, .T. );
#6695 = EDGE_CURVE( '', #8379, #8383, #8385, .T. );
#6696 = FILL_AREA_STYLE( '', ( #8386 ) );
#6697 = EDGE_CURVE( '', #8321, #8387, #8388, .T. );
#6698 = EDGE_CURVE( '', #8389, #8387, #8390, .T. );
#6699 = EDGE_CURVE( '', #8323, #8389, #8391, .T. );
#6700 = FILL_AREA_STYLE( '', ( #8392 ) );
#6701 = EDGE_CURVE( '', #8393, #7707, #8394, .T. );
#6702 = EDGE_CURVE( '', #8395, #8393, #8396, .T. );
#6703 = EDGE_CURVE( '', #8395, #7698, #8397, .T. );
#6704 = FILL_AREA_STYLE( '', ( #8398 ) );
#6705 = EDGE_CURVE( '', #8399, #8400, #8401, .T. );
#6706 = EDGE_CURVE( '', #8402, #8399, #8403, .T. );
#6707 = EDGE_CURVE( '', #8402, #8404, #8405, .T. );
#6708 = EDGE_CURVE( '', #8404, #8400, #8406, .T. );
#6709 = FILL_AREA_STYLE( '', ( #8407 ) );
#6710 = EDGE_CURVE( '', #8408, #8409, #8410, .T. );
#6711 = EDGE_CURVE( '', #8409, #7956, #8411, .T. );
#6712 = EDGE_CURVE( '', #7397, #7954, #8412, .T. );
#6713 = EDGE_CURVE( '', #7395, #8413, #8414, .T. );
#6714 = EDGE_CURVE( '', #8415, #8413, #8416, .T. );
#6715 = EDGE_CURVE( '', #8415, #8389, #8417, .T. );
#6716 = EDGE_CURVE( '', #8387, #8408, #8418, .T. );
#6717 = FILL_AREA_STYLE( '', ( #8419 ) );
#6718 = EDGE_CURVE( '', #7718, #7622, #8420, .T. );
#6719 = EDGE_CURVE( '', #7722, #7625, #8421, .T. );
#6720 = FILL_AREA_STYLE( '', ( #8422 ) );
#6721 = EDGE_CURVE( '', #8423, #8345, #8424, .T. );
#6722 = EDGE_CURVE( '', #8425, #8423, #8426, .T. );
#6723 = EDGE_CURVE( '', #8425, #8427, #8428, .T. );
#6724 = EDGE_CURVE( '', #7786, #8427, #8429, .T. );
#6725 = EDGE_CURVE( '', #8267, #8160, #8430, .T. );
#6726 = FILL_AREA_STYLE( '', ( #8431 ) );
#6727 = EDGE_CURVE( '', #7483, #8432, #8433, .T. );
#6728 = EDGE_CURVE( '', #8432, #8118, #8434, .T. );
#6729 = FILL_AREA_STYLE( '', ( #8435 ) );
#6730 = EDGE_CURVE( '', #8436, #7858, #8437, .T. );
#6731 = EDGE_CURVE( '', #8438, #8436, #8439, .T. );
#6732 = EDGE_CURVE( '', #8438, #8440, #8441, .T. );
#6733 = EDGE_CURVE( '', #8442, #8440, #8443, .T. );
#6734 = EDGE_CURVE( '', #8442, #7857, #8444, .T. );
#6735 = FILL_AREA_STYLE( '', ( #8445 ) );
#6736 = EDGE_CURVE( '', #7967, #8074, #8446, .T. );
#6737 = EDGE_CURVE( '', #7969, #8076, #8447, .T. );
#6738 = FILL_AREA_STYLE( '', ( #8448 ) );
#6739 = EDGE_CURVE( '', #8277, #8449, #8450, .T. );
#6740 = EDGE_CURVE( '', #8275, #8451, #8452, .T. );
#6741 = EDGE_CURVE( '', #8449, #8451, #8453, .T. );
#6742 = FILL_AREA_STYLE( '', ( #8454 ) );
#6743 = EDGE_CURVE( '', #8327, #8413, #8455, .T. );
#6744 = FILL_AREA_STYLE( '', ( #8456 ) );
#6745 = EDGE_CURVE( '', #8457, #7775, #8458, .T. );
#6746 = EDGE_CURVE( '', #8457, #7997, #8459, .T. );
#6747 = FILL_AREA_STYLE( '', ( #8460 ) );
#6748 = EDGE_CURVE( '', #8461, #8462, #8463, .T. );
#6749 = EDGE_CURVE( '', #8461, #8464, #8465, .T. );
#6750 = EDGE_CURVE( '', #8464, #8466, #8467, .T. );
#6751 = EDGE_CURVE( '', #8462, #8466, #8468, .T. );
#6752 = FILL_AREA_STYLE( '', ( #8469 ) );
#6753 = EDGE_CURVE( '', #8470, #8471, #8472, .T. );
#6754 = EDGE_CURVE( '', #8470, #7320, #8473, .T. );
#6755 = EDGE_CURVE( '', #8471, #7318, #8474, .T. );
#6756 = FILL_AREA_STYLE( '', ( #8475 ) );
#6757 = EDGE_CURVE( '', #8476, #8477, #8478, .T. );
#6758 = EDGE_CURVE( '', #8479, #8477, #8480, .T. );
#6759 = EDGE_CURVE( '', #8481, #8479, #8482, .T. );
#6760 = EDGE_CURVE( '', #8481, #8476, #8483, .T. );
#6761 = FILL_AREA_STYLE( '', ( #8484 ) );
#6762 = EDGE_CURVE( '', #8259, #8352, #8485, .T. );
#6763 = EDGE_CURVE( '', #8353, #8486, #8487, .T. );
#6764 = EDGE_CURVE( '', #8486, #7386, #8488, .T. );
#6765 = EDGE_CURVE( '', #8080, #7940, #8489, .T. );
#6766 = FILL_AREA_STYLE( '', ( #8490 ) );
#6767 = EDGE_CURVE( '', #8491, #8492, #8493, .T. );
#6768 = EDGE_CURVE( '', #8222, #8492, #8494, .T. );
#6769 = EDGE_CURVE( '', #8220, #8491, #8495, .T. );
#6770 = FILL_AREA_STYLE( '', ( #8496 ) );
#6771 = EDGE_CURVE( '', #8497, #7900, #8498, .T. );
#6772 = EDGE_CURVE( '', #7404, #8497, #8499, .T. );
#6773 = FILL_AREA_STYLE( '', ( #8500 ) );
#6774 = EDGE_CURVE( '', #7985, #7632, #8501, .T. );
#6775 = EDGE_CURVE( '', #8502, #8016, #8503, .T. );
#6776 = EDGE_CURVE( '', #8502, #8504, #8505, .T. );
#6777 = EDGE_CURVE( '', #8284, #8504, #8506, .T. );
#6778 = FILL_AREA_STYLE( '', ( #8507 ) );
#6779 = EDGE_CURVE( '', #7947, #7667, #8508, .T. );
#6780 = FILL_AREA_STYLE( '', ( #8509 ) );
#6781 = EDGE_CURVE( '', #8427, #8203, #8510, .T. );
#6782 = FILL_AREA_STYLE( '', ( #8511 ) );
#6783 = EDGE_CURVE( '', #7652, #7424, #8512, .T. );
#6784 = FILL_AREA_STYLE( '', ( #8513 ) );
#6785 = EDGE_CURVE( '', #8162, #8514, #8515, .T. );
#6786 = EDGE_CURVE( '', #8095, #8514, #8516, .T. );
#6787 = EDGE_CURVE( '', #7429, #8517, #8518, .T. );
#6788 = EDGE_CURVE( '', #8519, #8517, #8520, .T. );
#6789 = EDGE_CURVE( '', #8347, #8519, #8521, .T. );
#6790 = FILL_AREA_STYLE( '', ( #8522 ) );
#6791 = EDGE_CURVE( '', #7634, #7987, #8523, .T. );
#6792 = FILL_AREA_STYLE( '', ( #8524 ) );
#6793 = EDGE_CURVE( '', #8504, #8525, #8526, .T. );
#6794 = EDGE_CURVE( '', #8281, #8525, #8527, .T. );
#6795 = EDGE_CURVE( '', #8279, #7333, #8528, .T. );
#6796 = EDGE_CURVE( '', #7337, #8529, #8530, .T. );
#6797 = EDGE_CURVE( '', #8531, #8529, #8532, .T. );
#6798 = EDGE_CURVE( '', #8531, #7965, #8533, .T. );
#6799 = EDGE_CURVE( '', #8199, #7960, #8534, .T. );
#6800 = EDGE_CURVE( '', #7281, #7790, #8535, .T. );
#6801 = EDGE_CURVE( '', #8318, #8409, #8536, .T. );
#6802 = EDGE_CURVE( '', #8537, #7908, #8538, .T. );
#6803 = EDGE_CURVE( '', #8539, #8537, #8540, .T. );
#6804 = EDGE_CURVE( '', #8539, #8541, #8542, .T. );
#6805 = EDGE_CURVE( '', #8294, #8541, #8543, .T. );
#6806 = EDGE_CURVE( '', #8292, #8544, #8545, .T. );
#6807 = EDGE_CURVE( '', #8544, #7994, #8546, .T. );
#6808 = EDGE_CURVE( '', #8287, #7659, #8547, .T. );
#6809 = FILL_AREA_STYLE( '', ( #8548 ) );
#6810 = EDGE_CURVE( '', #8195, #8402, #8549, .T. );
#6811 = EDGE_CURVE( '', #8193, #8404, #8550, .T. );
#6812 = FILL_AREA_STYLE( '', ( #8551 ) );
#6813 = EDGE_CURVE( '', #8319, #8408, #8552, .T. );
#6814 = FILL_AREA_STYLE( '', ( #8553 ) );
#6815 = EDGE_CURVE( '', #8254, #8554, #8555, .T. );
#6816 = EDGE_CURVE( '', #8554, #8091, #8556, .T. );
#6817 = EDGE_CURVE( '', #8089, #7352, #8557, .T. );
#6818 = EDGE_CURVE( '', #8341, #8307, #8558, .T. );
#6819 = FILL_AREA_STYLE( '', ( #8559 ) );
#6820 = EDGE_CURVE( '', #8560, #8561, #8562, .T. );
#6821 = EDGE_CURVE( '', #8563, #8561, #8564, .T. );
#6822 = EDGE_CURVE( '', #8565, #8563, #8566, .T. );
#6823 = EDGE_CURVE( '', #8565, #8560, #8567, .T. );
#6824 = FILL_AREA_STYLE( '', ( #8568 ) );
#6825 = EDGE_CURVE( '', #8569, #8381, #8570, .T. );
#6826 = EDGE_CURVE( '', #8571, #8378, #8572, .T. );
#6827 = EDGE_CURVE( '', #8571, #8569, #8573, .T. );
#6828 = FILL_AREA_STYLE( '', ( #8574 ) );
#6829 = EDGE_CURVE( '', #7971, #7675, #8575, .T. );
#6830 = EDGE_CURVE( '', #8576, #7878, #8577, .T. );
#6831 = EDGE_CURVE( '', #8578, #8576, #8579, .T. );
#6832 = EDGE_CURVE( '', #7415, #8578, #8580, .T. );
#6833 = EDGE_CURVE( '', #8529, #7413, #8581, .T. );
#6834 = EDGE_CURVE( '', #8582, #8026, #8583, .T. );
#6835 = EDGE_CURVE( '', #7690, #8582, #8584, .T. );
#6836 = EDGE_CURVE( '', #8585, #7688, #8586, .T. );
#6837 = EDGE_CURVE( '', #8451, #8585, #8587, .T. );
#6838 = EDGE_CURVE( '', #7627, #8273, #8588, .T. );
#6839 = EDGE_CURVE( '', #7713, #7720, #8589, .T. );
#6840 = FILL_AREA_STYLE( '', ( #8590 ) );
#6841 = EDGE_CURVE( '', #7549, #8591, #8592, .T. );
#6842 = EDGE_CURVE( '', #8593, #8591, #8594, .T. );
#6843 = EDGE_CURVE( '', #7551, #8593, #8595, .T. );
#6844 = FILL_AREA_STYLE( '', ( #8596 ) );
#6845 = EDGE_CURVE( '', #8541, #8597, #8598, .T. );
#6846 = EDGE_CURVE( '', #7640, #8597, #8599, .T. );
#6847 = EDGE_CURVE( '', #7641, #8600, #8601, .T. );
#6848 = EDGE_CURVE( '', #8602, #8600, #8603, .T. );
#6849 = EDGE_CURVE( '', #8602, #7833, #8604, .T. );
#6850 = FILL_AREA_STYLE( '', ( #8605 ) );
#6851 = EDGE_CURVE( '', #8191, #8399, #8606, .T. );
#6852 = EDGE_CURVE( '', #8607, #8400, #8608, .T. );
#6853 = EDGE_CURVE( '', #8609, #8607, #8610, .T. );
#6854 = EDGE_CURVE( '', #7978, #8609, #8611, .T. );
#6855 = EDGE_CURVE( '', #8190, #7976, #8612, .T. );
#6856 = FILL_AREA_STYLE( '', ( #8613 ) );
#6857 = EDGE_CURVE( '', #8614, #8615, #8616, .T. );
#6858 = EDGE_CURVE( '', #8614, #8617, #8618, .T. );
#6859 = EDGE_CURVE( '', #8617, #8619, #8620, .T. );
#6860 = EDGE_CURVE( '', #8619, #8615, #8621, .T. );
#6861 = FILL_AREA_STYLE( '', ( #8622 ) );
#6862 = EDGE_CURVE( '', #8623, #8024, #8624, .T. );
#6863 = EDGE_CURVE( '', #8623, #8582, #8625, .T. );
#6864 = FILL_AREA_STYLE( '', ( #8626 ) );
#6865 = EDGE_CURVE( '', #8627, #8628, #8629, .T. );
#6866 = EDGE_CURVE( '', #8630, #8627, #8631, .T. );
#6867 = EDGE_CURVE( '', #8630, #8632, #8633, .T. );
#6868 = EDGE_CURVE( '', #8632, #8628, #8634, .T. );
#6869 = FILL_AREA_STYLE( '', ( #8635 ) );
#6870 = EDGE_CURVE( '', #8636, #8486, #8637, .T. );
#6871 = EDGE_CURVE( '', #7388, #8636, #8638, .T. );
#6872 = FILL_AREA_STYLE( '', ( #8639 ) );
#6873 = EDGE_CURVE( '', #8087, #8640, #8641, .T. );
#6874 = EDGE_CURVE( '', #8554, #8640, #8642, .T. );
#6875 = FILL_AREA_STYLE( '', ( #8643 ) );
#6876 = EDGE_CURVE( '', #8525, #8644, #8645, .T. );
#6877 = EDGE_CURVE( '', #8020, #8644, #8646, .T. );
#6878 = FILL_AREA_STYLE( '', ( #8647 ) );
#6879 = EDGE_CURVE( '', #8648, #7241, #8649, .T. );
#6880 = EDGE_CURVE( '', #8648, #7981, #8650, .T. );
#6881 = FILL_AREA_STYLE( '', ( #8651 ) );
#6882 = EDGE_CURVE( '', #8652, #8653, #8654, .T. );
#6883 = EDGE_CURVE( '', #8653, #8238, #8655, .T. );
#6884 = EDGE_CURVE( '', #8236, #8652, #8656, .T. );
#6885 = FILL_AREA_STYLE( '', ( #8657 ) );
#6886 = EDGE_CURVE( '', #8179, #8658, #8659, .T. );
#6887 = EDGE_CURVE( '', #7215, #8658, #8660, .T. );
#6888 = FILL_AREA_STYLE( '', ( #8661 ) );
#6889 = EDGE_CURVE( '', #8502, #8644, #8662, .T. );
#6890 = FILL_AREA_STYLE( '', ( #8663 ) );
#6891 = EDGE_CURVE( '', #7570, #8664, #8665, .T. );
#6892 = EDGE_CURVE( '', #8666, #7467, #8667, .T. );
#6893 = EDGE_CURVE( '', #8668, #8666, #8669, .T. );
#6894 = EDGE_CURVE( '', #8668, #8569, #8670, .T. );
#6895 = EDGE_CURVE( '', #8563, #8571, #8671, .T. );
#6896 = EDGE_CURVE( '', #8561, #8664, #8672, .T. );
#6897 = FILL_AREA_STYLE( '', ( #8673 ) );
#6898 = EDGE_CURVE( '', #8290, #8674, #8675, .T. );
#6899 = EDGE_CURVE( '', #8674, #8005, #8676, .T. );
#6900 = FILL_AREA_STYLE( '', ( #8677 ) );
#6901 = EDGE_CURVE( '', #8209, #7255, #8678, .T. );
#6902 = FILL_AREA_STYLE( '', ( #8679 ) );
#6903 = EDGE_CURVE( '', #7220, #8481, #8680, .T. );
#6904 = EDGE_CURVE( '', #8479, #7222, #8681, .T. );
#6905 = FILL_AREA_STYLE( '', ( #8682 ) );
#6906 = FILL_AREA_STYLE( '', ( #8683 ) );
#6907 = FILL_AREA_STYLE( '', ( #8684 ) );
#6908 = EDGE_CURVE( '', #7658, #8471, #8685, .T. );
#6909 = FILL_AREA_STYLE( '', ( #8686 ) );
#6910 = EDGE_CURVE( '', #8325, #8415, #8687, .T. );
#6911 = FILL_AREA_STYLE( '', ( #8688 ) );
#6912 = EDGE_CURVE( '', #8689, #8104, #8690, .T. );
#6913 = EDGE_CURVE( '', #8102, #8691, #8692, .T. );
#6914 = EDGE_CURVE( '', #8691, #8689, #8693, .T. );
#6915 = FILL_AREA_STYLE( '', ( #8694 ) );
#6916 = EDGE_CURVE( '', #8695, #7726, #8696, .T. );
#6917 = EDGE_CURVE( '', #8695, #8470, #8697, .T. );
#6918 = FILL_AREA_STYLE( '', ( #8698 ) );
#6919 = EDGE_CURVE( '', #8691, #8699, #8700, .T. );
#6920 = EDGE_CURVE( '', #8701, #8699, #8702, .T. );
#6921 = EDGE_CURVE( '', #8701, #8689, #8703, .T. );
#6922 = FILL_AREA_STYLE( '', ( #8704 ) );
#6923 = EDGE_CURVE( '', #8705, #7701, #8706, .T. );
#6924 = EDGE_CURVE( '', #8707, #7699, #8708, .T. );
#6925 = EDGE_CURVE( '', #8705, #8707, #8709, .T. );
#6926 = FILL_AREA_STYLE( '', ( #8710 ) );
#6927 = EDGE_CURVE( '', #8711, #8712, #8713, .T. );
#6928 = EDGE_CURVE( '', #8214, #8712, #8714, .T. );
#6929 = EDGE_CURVE( '', #8224, #8711, #8715, .T. );
#6930 = FILL_AREA_STYLE( '', ( #8716 ) );
#6931 = EDGE_CURVE( '', #8166, #8110, #8717, .T. );
#6932 = FILL_AREA_STYLE( '', ( #8718 ) );
#6933 = EDGE_CURVE( '', #7503, #8146, #8719, .T. );
#6934 = FILL_AREA_STYLE( '', ( #8720 ) );
#6935 = EDGE_CURVE( '', #8721, #7305, #8722, .T. );
#6936 = EDGE_CURVE( '', #7862, #8721, #8723, .T. );
#6937 = EDGE_CURVE( '', #8724, #7860, #8725, .T. );
#6938 = EDGE_CURVE( '', #8335, #8724, #8726, .T. );
#6939 = FILL_AREA_STYLE( '', ( #8727 ) );
#6940 = EDGE_CURVE( '', #8728, #7898, #8729, .T. );
#6941 = EDGE_CURVE( '', #8497, #8728, #8730, .T. );
#6942 = FILL_AREA_STYLE( '', ( #8731 ) );
#6943 = EDGE_CURVE( '', #8466, #8560, #8732, .T. );
#6944 = EDGE_CURVE( '', #8462, #8565, #8733, .T. );
#6945 = FILL_AREA_STYLE( '', ( #8734 ) );
#6946 = EDGE_CURVE( '', #7348, #8086, #8735, .T. );
#6947 = FILL_AREA_STYLE( '', ( #8736 ) );
#6948 = EDGE_CURVE( '', #8737, #8597, #8738, .T. );
#6949 = EDGE_CURVE( '', #8737, #7643, #8739, .T. );
#6950 = FILL_AREA_STYLE( '', ( #8740 ) );
#6951 = EDGE_CURVE( '', #8309, #8339, #8741, .T. );
#6952 = EDGE_CURVE( '', #8640, #8252, #8742, .T. );
#6953 = FILL_AREA_STYLE( '', ( #8743 ) );
#6954 = EDGE_CURVE( '', #8707, #8395, #8744, .T. );
#6955 = FILL_AREA_STYLE( '', ( #8745 ) );
#6956 = EDGE_CURVE( '', #8699, #8746, #8747, .T. );
#6957 = EDGE_CURVE( '', #8748, #8746, #8749, .T. );
#6958 = EDGE_CURVE( '', #8748, #8701, #8750, .T. );
#6959 = FILL_AREA_STYLE( '', ( #8751 ) );
#6960 = EDGE_CURVE( '', #8653, #7266, #8752, .T. );
#6961 = FILL_AREA_STYLE( '', ( #8753 ) );
#6962 = EDGE_CURVE( '', #7843, #8101, #8754, .T. );
#6963 = EDGE_CURVE( '', #8106, #7845, #8755, .T. );
#6964 = FILL_AREA_STYLE( '', ( #8756 ) );
#6965 = EDGE_CURVE( '', #8393, #7842, #8757, .T. );
#6966 = EDGE_CURVE( '', #7705, #7885, #8758, .T. );
#6967 = EDGE_CURVE( '', #7889, #8759, #8760, .T. );
#6968 = EDGE_CURVE( '', #8761, #8759, #8762, .T. );
#6969 = EDGE_CURVE( '', #8761, #8763, #8764, .T. );
#6970 = EDGE_CURVE( '', #8763, #7492, #8765, .T. );
#6971 = EDGE_CURVE( '', #7827, #7731, #8766, .T. );
#6972 = EDGE_CURVE( '', #8131, #8767, #8768, .T. );
#6973 = EDGE_CURVE( '', #8767, #8432, #8769, .T. );
#6974 = EDGE_CURVE( '', #8116, #8770, #8771, .T. );
#6975 = EDGE_CURVE( '', #8770, #8333, #8772, .T. );
#6976 = EDGE_CURVE( '', #8442, #8724, #8773, .T. );
#6977 = EDGE_CURVE( '', #8440, #8615, #8774, .T. );
#6978 = EDGE_CURVE( '', #8630, #8619, #8775, .T. );
#6979 = EDGE_CURVE( '', #8627, #7447, #8776, .T. );
#6980 = EDGE_CURVE( '', #7500, #8155, #8777, .T. );
#6981 = EDGE_CURVE( '', #8778, #7456, #8779, .T. );
#6982 = EDGE_CURVE( '', #8778, #8152, #8780, .T. );
#6983 = EDGE_CURVE( '', #8150, #8607, #8781, .T. );
#6984 = EDGE_CURVE( '', #8782, #7975, #8783, .T. );
#6985 = EDGE_CURVE( '', #8784, #8782, #8785, .T. );
#6986 = EDGE_CURVE( '', #8746, #8784, #8786, .T. );
#6987 = FILL_AREA_STYLE( '', ( #8787 ) );
#6988 = EDGE_CURVE( '', #7942, #8082, #8788, .T. );
#6989 = FILL_AREA_STYLE( '', ( #8789 ) );
#6990 = EDGE_CURVE( '', #8593, #8790, #8791, .T. );
#6991 = EDGE_CURVE( '', #8790, #7553, #8792, .T. );
#6992 = FILL_AREA_STYLE( '', ( #8793 ) );
#6993 = EDGE_CURVE( '', #8794, #8491, #8795, .T. );
#6994 = EDGE_CURVE( '', #8218, #8794, #8796, .T. );
#6995 = FILL_AREA_STYLE( '', ( #8797 ) );
#6996 = EDGE_CURVE( '', #8514, #8798, #8799, .T. );
#6997 = EDGE_CURVE( '', #8097, #8798, #8800, .T. );
#6998 = FILL_AREA_STYLE( '', ( #8801 ) );
#6999 = EDGE_CURVE( '', #8031, #7254, #8802, .T. );
#7000 = FILL_AREA_STYLE( '', ( #8803 ) );
#7001 = EDGE_CURVE( '', #7931, #7673, #8804, .T. );
#7002 = EDGE_CURVE( '', #7711, #7717, #8805, .T. );
#7003 = EDGE_CURVE( '', #7623, #8271, #8806, .T. );
#7004 = FILL_AREA_STYLE( '', ( #8807 ) );
#7005 = EDGE_CURVE( '', #8449, #8808, #8809, .T. );
#7006 = EDGE_CURVE( '', #8808, #7686, #8810, .T. );
#7007 = EDGE_CURVE( '', #7685, #8623, #8811, .T. );
#7008 = FILL_AREA_STYLE( '', ( #8812 ) );
#7009 = EDGE_CURVE( '', #8813, #8600, #8814, .T. );
#7010 = EDGE_CURVE( '', #8815, #8813, #8816, .T. );
#7011 = EDGE_CURVE( '', #8815, #8602, #8817, .T. );
#7012 = FILL_AREA_STYLE( '', ( #8818 ) );
#7013 = EDGE_CURVE( '', #8813, #7645, #8819, .T. );
#7014 = FILL_AREA_STYLE( '', ( #8820 ) );
#7015 = EDGE_CURVE( '', #8821, #8178, #8822, .T. );
#7016 = EDGE_CURVE( '', #8823, #8821, #8824, .T. );
#7017 = EDGE_CURVE( '', #8825, #8823, #8826, .T. );
#7018 = EDGE_CURVE( '', #8825, #8827, #8828, .T. );
#7019 = EDGE_CURVE( '', #8232, #8827, #8829, .T. );
#7020 = EDGE_CURVE( '', #8230, #8830, #8831, .T. );
#7021 = EDGE_CURVE( '', #8830, #8658, #8832, .T. );
#7022 = FILL_AREA_STYLE( '', ( #8833 ) );
#7023 = EDGE_CURVE( '', #8827, #8834, #8835, .T. );
#7024 = EDGE_CURVE( '', #8234, #8834, #8836, .T. );
#7025 = FILL_AREA_STYLE( '', ( #8837 ) );
#7026 = EDGE_CURVE( '', #8379, #7610, #8838, .T. );
#7027 = EDGE_CURVE( '', #8383, #7612, #8839, .T. );
#7028 = FILL_AREA_STYLE( '', ( #8840 ) );
#7029 = EDGE_CURVE( '', #8841, #7491, #8842, .T. );
#7030 = EDGE_CURVE( '', #7828, #8841, #8843, .T. );
#7031 = FILL_AREA_STYLE( '', ( #8844 ) );
#7032 = EDGE_CURVE( '', #8834, #8652, #8845, .T. );
#7033 = FILL_AREA_STYLE( '', ( #8846 ) );
#7034 = EDGE_CURVE( '', #8782, #8648, #8847, .T. );
#7035 = FILL_AREA_STYLE( '', ( #8848 ) );
#7036 = EDGE_CURVE( '', #8849, #7884, #8850, .T. );
#7037 = EDGE_CURVE( '', #8849, #8851, #8852, .T. );
#7038 = EDGE_CURVE( '', #7887, #8851, #8853, .T. );
#7039 = FILL_AREA_STYLE( '', ( #8854 ) );
#7040 = EDGE_CURVE( '', #8628, #8614, #8855, .T. );
#7041 = EDGE_CURVE( '', #8632, #8617, #8856, .T. );
#7042 = FILL_AREA_STYLE( '', ( #8857 ) );
#7043 = FILL_AREA_STYLE( '', ( #8858 ) );
#7044 = EDGE_CURVE( '', #7230, #8821, #8859, .T. );
#7045 = EDGE_CURVE( '', #7228, #8823, #8860, .T. );
#7046 = FILL_AREA_STYLE( '', ( #8861 ) );
#7047 = EDGE_CURVE( '', #8808, #8585, #8862, .T. );
#7048 = FILL_AREA_STYLE( '', ( #8863 ) );
#7049 = EDGE_CURVE( '', #7226, #8825, #8864, .T. );
#7050 = FILL_AREA_STYLE( '', ( #8865 ) );
#7051 = EDGE_CURVE( '', #8866, #8186, #8867, .T. );
#7052 = EDGE_CURVE( '', #8866, #8368, #8868, .T. );
#7053 = FILL_AREA_STYLE( '', ( #8869 ) );
#7054 = EDGE_CURVE( '', #8759, #8851, #8870, .T. );
#7055 = FILL_AREA_STYLE( '', ( #8871 ) );
#7056 = EDGE_CURVE( '', #8531, #7410, #8872, .T. );
#7057 = EDGE_CURVE( '', #7411, #8873, #8874, .T. );
#7058 = EDGE_CURVE( '', #8873, #8875, #8876, .T. );
#7059 = EDGE_CURVE( '', #7875, #8875, #8877, .T. );
#7060 = FILL_AREA_STYLE( '', ( #8878 ) );
#7061 = EDGE_CURVE( '', #8778, #7736, #8879, .T. );
#7062 = FILL_AREA_STYLE( '', ( #8880 ) );
#7063 = FILL_AREA_STYLE( '', ( #8881 ) );
#7064 = FILL_AREA_STYLE( '', ( #8882 ) );
#7065 = EDGE_CURVE( '', #8873, #8578, #8883, .T. );
#7066 = FILL_AREA_STYLE( '', ( #8884 ) );
#7067 = FILL_AREA_STYLE( '', ( #8885 ) );
#7068 = EDGE_CURVE( '', #8761, #8849, #8886, .T. );
#7069 = FILL_AREA_STYLE( '', ( #8887 ) );
#7070 = EDGE_CURVE( '', #8888, #8889, #8890, .T. );
#7071 = EDGE_CURVE( '', #8888, #8003, #8891, .T. );
#7072 = EDGE_CURVE( '', #8889, #8001, #8892, .T. );
#7073 = FILL_AREA_STYLE( '', ( #8893 ) );
#7074 = EDGE_CURVE( '', #7751, #8312, #8894, .T. );
#7075 = FILL_AREA_STYLE( '', ( #8895 ) );
#7076 = EDGE_CURVE( '', #7482, #8767, #8896, .T. );
#7077 = FILL_AREA_STYLE( '', ( #8897 ) );
#7078 = EDGE_CURVE( '', #8303, #7944, #8898, .T. );
#7079 = FILL_AREA_STYLE( '', ( #8899 ) );
#7080 = FILL_AREA_STYLE( '', ( #8900 ) );
#7081 = EDGE_CURVE( '', #8728, #7654, #8901, .T. );
#7082 = FILL_AREA_STYLE( '', ( #8902 ) );
#7083 = EDGE_CURVE( '', #8314, #7748, #8903, .T. );
#7084 = FILL_AREA_STYLE( '', ( #8904 ) );
#7085 = EDGE_CURVE( '', #8905, #8889, #8906, .T. );
#7086 = EDGE_CURVE( '', #8905, #7999, #8907, .T. );
#7087 = FILL_AREA_STYLE( '', ( #8908 ) );
#7088 = EDGE_CURVE( '', #8695, #7322, #8909, .T. );
#7089 = FILL_AREA_STYLE( '', ( #8910 ) );
#7090 = EDGE_CURVE( '', #8911, #7669, #8912, .T. );
#7091 = EDGE_CURVE( '', #8911, #7915, #8913, .T. );
#7092 = FILL_AREA_STYLE( '', ( #8914 ) );
#7093 = FILL_AREA_STYLE( '', ( #8915 ) );
#7094 = FILL_AREA_STYLE( '', ( #8916 ) );
#7095 = FILL_AREA_STYLE( '', ( #8917 ) );
#7096 = EDGE_CURVE( '', #8918, #8770, #8919, .T. );
#7097 = EDGE_CURVE( '', #7302, #8918, #8920, .T. );
#7098 = FILL_AREA_STYLE( '', ( #8921 ) );
#7099 = FILL_AREA_STYLE( '', ( #8922 ) );
#7100 = EDGE_CURVE( '', #8519, #8423, #8923, .T. );
#7101 = EDGE_CURVE( '', #8517, #8425, #8924, .T. );
#7102 = FILL_AREA_STYLE( '', ( #8925 ) );
#7103 = EDGE_CURVE( '', #7758, #8464, #8926, .T. );
#7104 = EDGE_CURVE( '', #7760, #8461, #8927, .T. );
#7105 = FILL_AREA_STYLE( '', ( #8928 ) );
#7106 = EDGE_CURVE( '', #8841, #8763, #8929, .T. );
#7107 = FILL_AREA_STYLE( '', ( #8930 ) );
#7108 = EDGE_CURVE( '', #8931, #8248, #8932, .T. );
#7109 = EDGE_CURVE( '', #8931, #7907, #8933, .T. );
#7110 = FILL_AREA_STYLE( '', ( #8934 ) );
#7111 = FILL_AREA_STYLE( '', ( #8935 ) );
#7112 = EDGE_CURVE( '', #7446, #8438, #8936, .T. );
#7113 = FILL_AREA_STYLE( '', ( #8937 ) );
#7114 = FILL_AREA_STYLE( '', ( #8938 ) );
#7115 = FILL_AREA_STYLE( '', ( #8939 ) );
#7116 = EDGE_CURVE( '', #8712, #8940, #8941, .T. );
#7117 = EDGE_CURVE( '', #8213, #8940, #8942, .T. );
#7118 = FILL_AREA_STYLE( '', ( #8943 ) );
#7119 = EDGE_CURVE( '', #8492, #8711, #8944, .T. );
#7120 = FILL_AREA_STYLE( '', ( #8945 ) );
#7121 = EDGE_CURVE( '', #8674, #8888, #8946, .T. );
#7122 = EDGE_CURVE( '', #8905, #8457, #8947, .T. );
#7123 = EDGE_CURVE( '', #7772, #8544, #8948, .T. );
#7124 = FILL_AREA_STYLE( '', ( #8949 ) );
#7125 = EDGE_CURVE( '', #8355, #8263, #8950, .T. );
#7126 = FILL_AREA_STYLE( '', ( #8951 ) );
#7127 = FILL_AREA_STYLE( '', ( #8952 ) );
#7128 = EDGE_CURVE( '', #7557, #8668, #8953, .T. );
#7129 = EDGE_CURVE( '', #7559, #8666, #8954, .T. );
#7130 = FILL_AREA_STYLE( '', ( #8955 ) );
#7131 = FILL_AREA_STYLE( '', ( #8956 ) );
#7132 = EDGE_CURVE( '', #8066, #8957, #8958, .T. );
#7133 = EDGE_CURVE( '', #8228, #8957, #8959, .T. );
#7134 = FILL_AREA_STYLE( '', ( #8960 ) );
#7135 = EDGE_CURVE( '', #8591, #8961, #8962, .T. );
#7136 = EDGE_CURVE( '', #8790, #8961, #8963, .T. );
#7137 = FILL_AREA_STYLE( '', ( #8964 ) );
#7138 = EDGE_CURVE( '', #8636, #8357, #8965, .T. );
#7139 = FILL_AREA_STYLE( '', ( #8966 ) );
#7140 = EDGE_CURVE( '', #8794, #8065, #8967, .T. );
#7141 = EDGE_CURVE( '', #8241, #8968, #8969, .T. );
#7142 = EDGE_CURVE( '', #8968, #8940, #8970, .T. );
#7143 = FILL_AREA_STYLE( '', ( #8971 ) );
#7144 = EDGE_CURVE( '', #8737, #8539, #8972, .T. );
#7145 = FILL_AREA_STYLE( '', ( #8973 ) );
#7146 = FILL_AREA_STYLE( '', ( #8974 ) );
#7147 = FILL_AREA_STYLE( '', ( #8975 ) );
#7148 = EDGE_CURVE( '', #8798, #7428, #8976, .T. );
#7149 = FILL_AREA_STYLE( '', ( #8977 ) );
#7150 = FILL_AREA_STYLE( '', ( #8978 ) );
#7151 = EDGE_CURVE( '', #8875, #8576, #8979, .T. );
#7152 = FILL_AREA_STYLE( '', ( #8980 ) );
#7153 = FILL_AREA_STYLE( '', ( #8981 ) );
#7154 = FILL_AREA_STYLE( '', ( #8982 ) );
#7155 = EDGE_CURVE( '', #8983, #8784, #8984, .T. );
#7156 = EDGE_CURVE( '', #8983, #8748, #8985, .T. );
#7157 = FILL_AREA_STYLE( '', ( #8986 ) );
#7158 = FILL_AREA_STYLE( '', ( #8987 ) );
#7159 = FILL_AREA_STYLE( '', ( #8988 ) );
#7160 = EDGE_CURVE( '', #7239, #8983, #8989, .T. );
#7161 = FILL_AREA_STYLE( '', ( #8990 ) );
#7162 = EDGE_CURVE( '', #8991, #8866, #8992, .T. );
#7163 = EDGE_CURVE( '', #8991, #8367, #8993, .T. );
#7164 = FILL_AREA_STYLE( '', ( #8994 ) );
#7165 = EDGE_CURVE( '', #7546, #8664, #8995, .T. );
#7166 = FILL_AREA_STYLE( '', ( #8996 ) );
#7167 = EDGE_CURVE( '', #8997, #7703, #8998, .T. );
#7168 = EDGE_CURVE( '', #8125, #8997, #8999, .T. );
#7169 = EDGE_CURVE( '', #8918, #8370, #9000, .T. );
#7170 = EDGE_CURVE( '', #8132, #7730, #9001, .T. );
#7171 = FILL_AREA_STYLE( '', ( #9002 ) );
#7172 = EDGE_CURVE( '', #8537, #8931, #9003, .T. );
#7173 = FILL_AREA_STYLE( '', ( #9004 ) );
#7174 = FILL_AREA_STYLE( '', ( #9005 ) );
#7175 = FILL_AREA_STYLE( '', ( #9006 ) );
#7176 = FILL_AREA_STYLE( '', ( #9007 ) );
#7177 = FILL_AREA_STYLE( '', ( #9008 ) );
#7178 = FILL_AREA_STYLE( '', ( #9009 ) );
#7179 = EDGE_CURVE( '', #8477, #7224, #9010, .T. );
#7180 = FILL_AREA_STYLE( '', ( #9011 ) );
#7181 = EDGE_CURVE( '', #8957, #8830, #9012, .T. );
#7182 = FILL_AREA_STYLE( '', ( #9013 ) );
#7183 = EDGE_CURVE( '', #7847, #8705, #9014, .T. );
#7184 = FILL_AREA_STYLE( '', ( #9015 ) );
#7185 = FILL_AREA_STYLE( '', ( #9016 ) );
#7186 = FILL_AREA_STYLE( '', ( #9017 ) );
#7187 = FILL_AREA_STYLE( '', ( #9018 ) );
#7188 = EDGE_CURVE( '', #7836, #8815, #9019, .T. );
#7189 = EDGE_CURVE( '', #8009, #8911, #9020, .T. );
#7190 = EDGE_CURVE( '', #7422, #8300, #9021, .T. );
#7191 = FILL_AREA_STYLE( '', ( #9022 ) );
#7192 = FILL_AREA_STYLE( '', ( #9023 ) );
#7193 = FILL_AREA_STYLE( '', ( #9024 ) );
#7194 = FILL_AREA_STYLE( '', ( #9025 ) );
#7195 = EDGE_CURVE( '', #8436, #8721, #9026, .T. );
#7196 = FILL_AREA_STYLE( '', ( #9027 ) );
#7197 = EDGE_CURVE( '', #7218, #8476, #9028, .T. );
#7198 = EDGE_CURVE( '', #7341, #8968, #9029, .T. );
#7199 = EDGE_CURVE( '', #8111, #8169, #9030, .T. );
#7200 = EDGE_CURVE( '', #8961, #7555, #9031, .T. );
#7201 = EDGE_CURVE( '', #8609, #8148, #9032, .T. );
#7202 = EDGE_CURVE( '', #8997, #8991, #9033, .T. );
#7203 = FILL_AREA_STYLE( '', ( #9034 ) );
#7204 = FILL_AREA_STYLE( '', ( #9035 ) );
#7205 = FILL_AREA_STYLE( '', ( #9036 ) );
#7206 = FILL_AREA_STYLE( '', ( #9037 ) );
#7207 = FILL_AREA_STYLE( '', ( #9038 ) );
#7208 = FILL_AREA_STYLE( '', ( #9039 ) );
#7209 = FILL_AREA_STYLE( '', ( #9040 ) );
#7210 = FILL_AREA_STYLE( '', ( #9041 ) );
#7211 = FILL_AREA_STYLE( '', ( #9042 ) );
#7212 = FILL_AREA_STYLE( '', ( #9043 ) );
#7213 = FILL_AREA_STYLE( '', ( #9044 ) );
#7214 = FILL_AREA_STYLE_COLOUR( '', #9045 );
#7215 = VERTEX_POINT( '', #9046 );
#7216 = VERTEX_POINT( '', #9047 );
#7217 = LINE( '', #9048, #9049 );
#7218 = VERTEX_POINT( '', #9050 );
#7219 = LINE( '', #9051, #9052 );
#7220 = VERTEX_POINT( '', #9053 );
#7221 = LINE( '', #9054, #9055 );
#7222 = VERTEX_POINT( '', #9056 );
#7223 = LINE( '', #9057, #9058 );
#7224 = VERTEX_POINT( '', #9059 );
#7225 = LINE( '', #9060, #9061 );
#7226 = VERTEX_POINT( '', #9062 );
#7227 = LINE( '', #9063, #9064 );
#7228 = VERTEX_POINT( '', #9065 );
#7229 = LINE( '', #9066, #9067 );
#7230 = VERTEX_POINT( '', #9068 );
#7231 = LINE( '', #9069, #9070 );
#7232 = VERTEX_POINT( '', #9071 );
#7233 = LINE( '', #9072, #9073 );
#7234 = LINE( '', #9074, #9075 );
#7235 = FILL_AREA_STYLE_COLOUR( '', #9076 );
#7236 = VERTEX_POINT( '', #9077 );
#7237 = VERTEX_POINT( '', #9078 );
#7238 = LINE( '', #9079, #9080 );
#7239 = VERTEX_POINT( '', #9081 );
#7240 = LINE( '', #9082, #9083 );
#7241 = VERTEX_POINT( '', #9084 );
#7242 = LINE( '', #9085, #9086 );
#7243 = LINE( '', #9087, #9088 );
#7244 = FILL_AREA_STYLE_COLOUR( '', #9089 );
#7245 = VERTEX_POINT( '', #9090 );
#7246 = VERTEX_POINT( '', #9091 );
#7247 = LINE( '', #9092, #9093 );
#7248 = VERTEX_POINT( '', #9094 );
#7249 = LINE( '', #9095, #9096 );
#7250 = VERTEX_POINT( '', #9097 );
#7251 = LINE( '', #9098, #9099 );
#7252 = LINE( '', #9100, #9101 );
#7253 = FILL_AREA_STYLE_COLOUR( '', #9102 );
#7254 = VERTEX_POINT( '', #9103 );
#7255 = VERTEX_POINT( '', #9104 );
#7256 = LINE( '', #9105, #9106 );
#7257 = VERTEX_POINT( '', #9107 );
#7258 = LINE( '', #9108, #9109 );
#7259 = VERTEX_POINT( '', #9110 );
#7260 = LINE( '', #9111, #9112 );
#7261 = LINE( '', #9113, #9114 );
#7262 = FILL_AREA_STYLE_COLOUR( '', #9115 );
#7263 = VERTEX_POINT( '', #9116 );
#7264 = VERTEX_POINT( '', #9117 );
#7265 = LINE( '', #9118, #9119 );
#7266 = VERTEX_POINT( '', #9120 );
#7267 = LINE( '', #9121, #9122 );
#7268 = VERTEX_POINT( '', #9123 );
#7269 = LINE( '', #9124, #9125 );
#7270 = LINE( '', #9126, #9127 );
#7271 = FILL_AREA_STYLE_COLOUR( '', #9128 );
#7272 = VERTEX_POINT( '', #9129 );
#7273 = VERTEX_POINT( '', #9130 );
#7274 = LINE( '', #9131, #9132 );
#7275 = VERTEX_POINT( '', #9133 );
#7276 = LINE( '', #9134, #9135 );
#7277 = VERTEX_POINT( '', #9136 );
#7278 = LINE( '', #9137, #9138 );
#7279 = LINE( '', #9139, #9140 );
#7280 = FILL_AREA_STYLE_COLOUR( '', #9141 );
#7281 = VERTEX_POINT( '', #9142 );
#7282 = VERTEX_POINT( '', #9143 );
#7283 = LINE( '', #9144, #9145 );
#7284 = VERTEX_POINT( '', #9146 );
#7285 = CIRCLE( '', #9147, 0.0500000000000000 );
#7286 = VERTEX_POINT( '', #9148 );
#7287 = LINE( '', #9149, #9150 );
#7288 = VERTEX_POINT( '', #9151 );
#7289 = LINE( '', #9152, #9153 );
#7290 = VERTEX_POINT( '', #9154 );
#7291 = LINE( '', #9155, #9156 );
#7292 = VERTEX_POINT( '', #9157 );
#7293 = LINE( '', #9158, #9159 );
#7294 = VERTEX_POINT( '', #9160 );
#7295 = LINE( '', #9161, #9162 );
#7296 = VERTEX_POINT( '', #9163 );
#7297 = CIRCLE( '', #9164, 0.0250000000000000 );
#7298 = VERTEX_POINT( '', #9165 );
#7299 = LINE( '', #9166, #9167 );
#7300 = LINE( '', #9168, #9169 );
#7301 = FILL_AREA_STYLE_COLOUR( '', #9170 );
#7302 = VERTEX_POINT( '', #9171 );
#7303 = VERTEX_POINT( '', #9172 );
#7304 = LINE( '', #9173, #9174 );
#7305 = VERTEX_POINT( '', #9175 );
#7306 = LINE( '', #9176, #9177 );
#7307 = VERTEX_POINT( '', #9178 );
#7308 = LINE( '', #9179, #9180 );
#7309 = LINE( '', #9181, #9182 );
#7310 = FILL_AREA_STYLE_COLOUR( '', #9183 );
#7311 = VERTEX_POINT( '', #9184 );
#7312 = VERTEX_POINT( '', #9185 );
#7313 = LINE( '', #9186, #9187 );
#7314 = VERTEX_POINT( '', #9188 );
#7315 = LINE( '', #9189, #9190 );
#7316 = VERTEX_POINT( '', #9191 );
#7317 = LINE( '', #9192, #9193 );
#7318 = VERTEX_POINT( '', #9194 );
#7319 = CIRCLE( '', #9195, 0.0250000000000000 );
#7320 = VERTEX_POINT( '', #9196 );
#7321 = LINE( '', #9197, #9198 );
#7322 = VERTEX_POINT( '', #9199 );
#7323 = LINE( '', #9200, #9201 );
#7324 = VERTEX_POINT( '', #9202 );
#7325 = LINE( '', #9203, #9204 );
#7326 = VERTEX_POINT( '', #9205 );
#7327 = LINE( '', #9206, #9207 );
#7328 = VERTEX_POINT( '', #9208 );
#7329 = LINE( '', #9209, #9210 );
#7330 = CIRCLE( '', #9211, 0.0500000000000000 );
#7331 = FILL_AREA_STYLE_COLOUR( '', #9212 );
#7332 = VERTEX_POINT( '', #9213 );
#7333 = VERTEX_POINT( '', #9214 );
#7334 = LINE( '', #9215, #9216 );
#7335 = VERTEX_POINT( '', #9217 );
#7336 = LINE( '', #9218, #9219 );
#7337 = VERTEX_POINT( '', #9220 );
#7338 = LINE( '', #9221, #9222 );
#7339 = LINE( '', #9223, #9224 );
#7340 = FILL_AREA_STYLE_COLOUR( '', #9225 );
#7341 = VERTEX_POINT( '', #9226 );
#7342 = LINE( '', #9227, #9228 );
#7343 = VERTEX_POINT( '', #9229 );
#7344 = LINE( '', #9230, #9231 );
#7345 = LINE( '', #9232, #9233 );
#7346 = FILL_AREA_STYLE_COLOUR( '', #9234 );
#7347 = VERTEX_POINT( '', #9235 );
#7348 = VERTEX_POINT( '', #9236 );
#7349 = LINE( '', #9237, #9238 );
#7350 = VERTEX_POINT( '', #9239 );
#7351 = LINE( '', #9240, #9241 );
#7352 = VERTEX_POINT( '', #9242 );
#7353 = LINE( '', #9243, #9244 );
#7354 = LINE( '', #9245, #9246 );
#7355 = FILL_AREA_STYLE_COLOUR( '', #9247 );
#7356 = VERTEX_POINT( '', #9248 );
#7357 = VERTEX_POINT( '', #9249 );
#7358 = CIRCLE( '', #9250, 0.0500000000000000 );
#7359 = LINE( '', #9251, #9252 );
#7360 = LINE( '', #9253, #9254 );
#7361 = FILL_AREA_STYLE_COLOUR( '', #9255 );
#7362 = VERTEX_POINT( '', #9256 );
#7363 = VERTEX_POINT( '', #9257 );
#7364 = LINE( '', #9258, #9259 );
#7365 = VERTEX_POINT( '', #9260 );
#7366 = LINE( '', #9261, #9262 );
#7367 = VERTEX_POINT( '', #9263 );
#7368 = LINE( '', #9264, #9265 );
#7369 = LINE( '', #9266, #9267 );
#7370 = FILL_AREA_STYLE_COLOUR( '', #9268 );
#7371 = VERTEX_POINT( '', #9269 );
#7372 = LINE( '', #9270, #9271 );
#7373 = VERTEX_POINT( '', #9272 );
#7374 = LINE( '', #9273, #9274 );
#7375 = LINE( '', #9275, #9276 );
#7376 = FILL_AREA_STYLE_COLOUR( '', #9277 );
#7377 = VERTEX_POINT( '', #9278 );
#7378 = VERTEX_POINT( '', #9279 );
#7379 = LINE( '', #9280, #9281 );
#7380 = VERTEX_POINT( '', #9282 );
#7381 = LINE( '', #9283, #9284 );
#7382 = VERTEX_POINT( '', #9285 );
#7383 = LINE( '', #9286, #9287 );
#7384 = LINE( '', #9288, #9289 );
#7385 = FILL_AREA_STYLE_COLOUR( '', #9290 );
#7386 = VERTEX_POINT( '', #9291 );
#7387 = LINE( '', #9292, #9293 );
#7388 = VERTEX_POINT( '', #9294 );
#7389 = LINE( '', #9295, #9296 );
#7390 = LINE( '', #9297, #9298 );
#7391 = FILL_AREA_STYLE_COLOUR( '', #9299 );
#7392 = VERTEX_POINT( '', #9300 );
#7393 = VERTEX_POINT( '', #9301 );
#7394 = LINE( '', #9302, #9303 );
#7395 = VERTEX_POINT( '', #9304 );
#7396 = LINE( '', #9305, #9306 );
#7397 = VERTEX_POINT( '', #9307 );
#7398 = LINE( '', #9308, #9309 );
#7399 = LINE( '', #9310, #9311 );
#7400 = FILL_AREA_STYLE_COLOUR( '', #9312 );
#7401 = VERTEX_POINT( '', #9313 );
#7402 = VERTEX_POINT( '', #9314 );
#7403 = LINE( '', #9315, #9316 );
#7404 = VERTEX_POINT( '', #9317 );
#7405 = LINE( '', #9318, #9319 );
#7406 = VERTEX_POINT( '', #9320 );
#7407 = LINE( '', #9321, #9322 );
#7408 = LINE( '', #9323, #9324 );
#7409 = FILL_AREA_STYLE_COLOUR( '', #9325 );
#7410 = VERTEX_POINT( '', #9326 );
#7411 = VERTEX_POINT( '', #9327 );
#7412 = CIRCLE( '', #9328, 0.0500000000000000 );
#7413 = VERTEX_POINT( '', #9329 );
#7414 = LINE( '', #9330, #9331 );
#7415 = VERTEX_POINT( '', #9332 );
#7416 = CIRCLE( '', #9333, 0.0500000000000000 );
#7417 = LINE( '', #9334, #9335 );
#7418 = FILL_AREA_STYLE_COLOUR( '', #9336 );
#7419 = VERTEX_POINT( '', #9337 );
#7420 = VERTEX_POINT( '', #9338 );
#7421 = LINE( '', #9339, #9340 );
#7422 = VERTEX_POINT( '', #9341 );
#7423 = LINE( '', #9342, #9343 );
#7424 = VERTEX_POINT( '', #9344 );
#7425 = LINE( '', #9345, #9346 );
#7426 = LINE( '', #9347, #9348 );
#7427 = FILL_AREA_STYLE_COLOUR( '', #9349 );
#7428 = VERTEX_POINT( '', #9350 );
#7429 = VERTEX_POINT( '', #9351 );
#7430 = LINE( '', #9352, #9353 );
#7431 = VERTEX_POINT( '', #9354 );
#7432 = LINE( '', #9355, #9356 );
#7433 = VERTEX_POINT( '', #9357 );
#7434 = LINE( '', #9358, #9359 );
#7435 = LINE( '', #9360, #9361 );
#7436 = FILL_AREA_STYLE_COLOUR( '', #9362 );
#7437 = VERTEX_POINT( '', #9363 );
#7438 = VERTEX_POINT( '', #9364 );
#7439 = LINE( '', #9365, #9366 );
#7440 = VERTEX_POINT( '', #9367 );
#7441 = LINE( '', #9368, #9369 );
#7442 = VERTEX_POINT( '', #9370 );
#7443 = LINE( '', #9371, #9372 );
#7444 = LINE( '', #9373, #9374 );
#7445 = FILL_AREA_STYLE_COLOUR( '', #9375 );
#7446 = VERTEX_POINT( '', #9376 );
#7447 = VERTEX_POINT( '', #9377 );
#7448 = LINE( '', #9378, #9379 );
#7449 = VERTEX_POINT( '', #9380 );
#7450 = LINE( '', #9381, #9382 );
#7451 = VERTEX_POINT( '', #9383 );
#7452 = LINE( '', #9384, #9385 );
#7453 = LINE( '', #9386, #9387 );
#7454 = FILL_AREA_STYLE_COLOUR( '', #9388 );
#7455 = VERTEX_POINT( '', #9389 );
#7456 = VERTEX_POINT( '', #9390 );
#7457 = LINE( '', #9391, #9392 );
#7458 = VERTEX_POINT( '', #9393 );
#7459 = LINE( '', #9394, #9395 );
#7460 = VERTEX_POINT( '', #9396 );
#7461 = LINE( '', #9397, #9398 );
#7462 = LINE( '', #9399, #9400 );
#7463 = FILL_AREA_STYLE_COLOUR( '', #9401 );
#7464 = VERTEX_POINT( '', #9402 );
#7465 = VERTEX_POINT( '', #9403 );
#7466 = LINE( '', #9404, #9405 );
#7467 = VERTEX_POINT( '', #9406 );
#7468 = LINE( '', #9407, #9408 );
#7469 = VERTEX_POINT( '', #9409 );
#7470 = LINE( '', #9410, #9411 );
#7471 = LINE( '', #9412, #9413 );
#7472 = FILL_AREA_STYLE_COLOUR( '', #9414 );
#7473 = VERTEX_POINT( '', #9415 );
#7474 = VERTEX_POINT( '', #9416 );
#7475 = LINE( '', #9417, #9418 );
#7476 = VERTEX_POINT( '', #9419 );
#7477 = LINE( '', #9420, #9421 );
#7478 = VERTEX_POINT( '', #9422 );
#7479 = LINE( '', #9423, #9424 );
#7480 = LINE( '', #9425, #9426 );
#7481 = FILL_AREA_STYLE_COLOUR( '', #9427 );
#7482 = VERTEX_POINT( '', #9428 );
#7483 = VERTEX_POINT( '', #9429 );
#7484 = LINE( '', #9430, #9431 );
#7485 = VERTEX_POINT( '', #9432 );
#7486 = LINE( '', #9433, #9434 );
#7487 = VERTEX_POINT( '', #9435 );
#7488 = LINE( '', #9436, #9437 );
#7489 = LINE( '', #9438, #9439 );
#7490 = FILL_AREA_STYLE_COLOUR( '', #9440 );
#7491 = VERTEX_POINT( '', #9441 );
#7492 = VERTEX_POINT( '', #9442 );
#7493 = LINE( '', #9443, #9444 );
#7494 = VERTEX_POINT( '', #9445 );
#7495 = LINE( '', #9446, #9447 );
#7496 = VERTEX_POINT( '', #9448 );
#7497 = LINE( '', #9449, #9450 );
#7498 = LINE( '', #9451, #9452 );
#7499 = FILL_AREA_STYLE_COLOUR( '', #9453 );
#7500 = VERTEX_POINT( '', #9454 );
#7501 = VERTEX_POINT( '', #9455 );
#7502 = LINE( '', #9456, #9457 );
#7503 = VERTEX_POINT( '', #9458 );
#7504 = LINE( '', #9459, #9460 );
#7505 = VERTEX_POINT( '', #9461 );
#7506 = LINE( '', #9462, #9463 );
#7507 = LINE( '', #9464, #9465 );
#7508 = FILL_AREA_STYLE_COLOUR( '', #9466 );
#7509 = VERTEX_POINT( '', #9467 );
#7510 = VERTEX_POINT( '', #9468 );
#7511 = LINE( '', #9469, #9470 );
#7512 = VERTEX_POINT( '', #9471 );
#7513 = LINE( '', #9472, #9473 );
#7514 = VERTEX_POINT( '', #9474 );
#7515 = LINE( '', #9475, #9476 );
#7516 = LINE( '', #9477, #9478 );
#7517 = FILL_AREA_STYLE_COLOUR( '', #9479 );
#7518 = VERTEX_POINT( '', #9480 );
#7519 = VERTEX_POINT( '', #9481 );
#7520 = LINE( '', #9482, #9483 );
#7521 = VERTEX_POINT( '', #9484 );
#7522 = LINE( '', #9485, #9486 );
#7523 = VERTEX_POINT( '', #9487 );
#7524 = LINE( '', #9488, #9489 );
#7525 = LINE( '', #9490, #9491 );
#7526 = FILL_AREA_STYLE_COLOUR( '', #9492 );
#7527 = VERTEX_POINT( '', #9493 );
#7528 = VERTEX_POINT( '', #9494 );
#7529 = LINE( '', #9495, #9496 );
#7530 = VERTEX_POINT( '', #9497 );
#7531 = LINE( '', #9498, #9499 );
#7532 = VERTEX_POINT( '', #9500 );
#7533 = LINE( '', #9501, #9502 );
#7534 = LINE( '', #9503, #9504 );
#7535 = FILL_AREA_STYLE_COLOUR( '', #9505 );
#7536 = VERTEX_POINT( '', #9506 );
#7537 = LINE( '', #9507, #9508 );
#7538 = LINE( '', #9509, #9510 );
#7539 = FILL_AREA_STYLE_COLOUR( '', #9511 );
#7540 = VERTEX_POINT( '', #9512 );
#7541 = LINE( '', #9513, #9514 );
#7542 = VERTEX_POINT( '', #9515 );
#7543 = LINE( '', #9516, #9517 );
#7544 = LINE( '', #9518, #9519 );
#7545 = FILL_AREA_STYLE_COLOUR( '', #9520 );
#7546 = VERTEX_POINT( '', #9521 );
#7547 = VERTEX_POINT( '', #9522 );
#7548 = LINE( '', #9523, #9524 );
#7549 = VERTEX_POINT( '', #9525 );
#7550 = LINE( '', #9526, #9527 );
#7551 = VERTEX_POINT( '', #9528 );
#7552 = LINE( '', #9529, #9530 );
#7553 = VERTEX_POINT( '', #9531 );
#7554 = LINE( '', #9532, #9533 );
#7555 = VERTEX_POINT( '', #9534 );
#7556 = LINE( '', #9535, #9536 );
#7557 = VERTEX_POINT( '', #9537 );
#7558 = LINE( '', #9538, #9539 );
#7559 = VERTEX_POINT( '', #9540 );
#7560 = LINE( '', #9541, #9542 );
#7561 = LINE( '', #9543, #9544 );
#7562 = LINE( '', #9545, #9546 );
#7563 = FILL_AREA_STYLE_COLOUR( '', #9547 );
#7564 = VERTEX_POINT( '', #9548 );
#7565 = LINE( '', #9549, #9550 );
#7566 = VERTEX_POINT( '', #9551 );
#7567 = LINE( '', #9552, #9553 );
#7568 = LINE( '', #9554, #9555 );
#7569 = FILL_AREA_STYLE_COLOUR( '', #9556 );
#7570 = VERTEX_POINT( '', #9557 );
#7571 = LINE( '', #9558, #9559 );
#7572 = LINE( '', #9560, #9561 );
#7573 = FILL_AREA_STYLE_COLOUR( '', #9562 );
#7574 = VERTEX_POINT( '', #9563 );
#7575 = VERTEX_POINT( '', #9564 );
#7576 = LINE( '', #9565, #9566 );
#7577 = VERTEX_POINT( '', #9567 );
#7578 = LINE( '', #9568, #9569 );
#7579 = VERTEX_POINT( '', #9570 );
#7580 = LINE( '', #9571, #9572 );
#7581 = LINE( '', #9573, #9574 );
#7582 = FILL_AREA_STYLE_COLOUR( '', #9575 );
#7583 = VERTEX_POINT( '', #9576 );
#7584 = LINE( '', #9577, #9578 );
#7585 = VERTEX_POINT( '', #9579 );
#7586 = LINE( '', #9580, #9581 );
#7587 = LINE( '', #9582, #9583 );
#7588 = FILL_AREA_STYLE_COLOUR( '', #9584 );
#7589 = VERTEX_POINT( '', #9585 );
#7590 = VERTEX_POINT( '', #9586 );
#7591 = LINE( '', #9587, #9588 );
#7592 = VERTEX_POINT( '', #9589 );
#7593 = LINE( '', #9590, #9591 );
#7594 = VERTEX_POINT( '', #9592 );
#7595 = LINE( '', #9593, #9594 );
#7596 = LINE( '', #9595, #9596 );
#7597 = FILL_AREA_STYLE_COLOUR( '', #9597 );
#7598 = VERTEX_POINT( '', #9598 );
#7599 = VERTEX_POINT( '', #9599 );
#7600 = LINE( '', #9600, #9601 );
#7601 = VERTEX_POINT( '', #9602 );
#7602 = LINE( '', #9603, #9604 );
#7603 = VERTEX_POINT( '', #9605 );
#7604 = LINE( '', #9606, #9607 );
#7605 = VERTEX_POINT( '', #9608 );
#7606 = LINE( '', #9609, #9610 );
#7607 = VERTEX_POINT( '', #9611 );
#7608 = LINE( '', #9612, #9613 );
#7609 = LINE( '', #9614, #9615 );
#7610 = VERTEX_POINT( '', #9616 );
#7611 = LINE( '', #9617, #9618 );
#7612 = VERTEX_POINT( '', #9619 );
#7613 = LINE( '', #9620, #9621 );
#7614 = LINE( '', #9622, #9623 );
#7615 = FILL_AREA_STYLE_COLOUR( '', #9624 );
#7616 = VERTEX_POINT( '', #9625 );
#7617 = LINE( '', #9626, #9627 );
#7618 = VERTEX_POINT( '', #9628 );
#7619 = LINE( '', #9629, #9630 );
#7620 = LINE( '', #9631, #9632 );
#7621 = FILL_AREA_STYLE_COLOUR( '', #9633 );
#7622 = VERTEX_POINT( '', #9634 );
#7623 = VERTEX_POINT( '', #9635 );
#7624 = LINE( '', #9636, #9637 );
#7625 = VERTEX_POINT( '', #9638 );
#7626 = LINE( '', #9639, #9640 );
#7627 = VERTEX_POINT( '', #9641 );
#7628 = LINE( '', #9642, #9643 );
#7629 = LINE( '', #9644, #9645 );
#7630 = FILL_AREA_STYLE_COLOUR( '', #9646 );
#7631 = VERTEX_POINT( '', #9647 );
#7632 = VERTEX_POINT( '', #9648 );
#7633 = LINE( '', #9649, #9650 );
#7634 = VERTEX_POINT( '', #9651 );
#7635 = LINE( '', #9652, #9653 );
#7636 = VERTEX_POINT( '', #9654 );
#7637 = LINE( '', #9655, #9656 );
#7638 = LINE( '', #9657, #9658 );
#7639 = FILL_AREA_STYLE_COLOUR( '', #9659 );
#7640 = VERTEX_POINT( '', #9660 );
#7641 = VERTEX_POINT( '', #9661 );
#7642 = LINE( '', #9662, #9663 );
#7643 = VERTEX_POINT( '', #9664 );
#7644 = LINE( '', #9665, #9666 );
#7645 = VERTEX_POINT( '', #9667 );
#7646 = LINE( '', #9668, #9669 );
#7647 = LINE( '', #9670, #9671 );
#7648 = FILL_AREA_STYLE_COLOUR( '', #9672 );
#7649 = VERTEX_POINT( '', #9673 );
#7650 = VERTEX_POINT( '', #9674 );
#7651 = LINE( '', #9675, #9676 );
#7652 = VERTEX_POINT( '', #9677 );
#7653 = LINE( '', #9678, #9679 );
#7654 = VERTEX_POINT( '', #9680 );
#7655 = LINE( '', #9681, #9682 );
#7656 = LINE( '', #9683, #9684 );
#7657 = FILL_AREA_STYLE_COLOUR( '', #9685 );
#7658 = VERTEX_POINT( '', #9686 );
#7659 = VERTEX_POINT( '', #9687 );
#7660 = LINE( '', #9688, #9689 );
#7661 = LINE( '', #9690, #9691 );
#7662 = LINE( '', #9692, #9693 );
#7663 = FILL_AREA_STYLE_COLOUR( '', #9694 );
#7664 = VERTEX_POINT( '', #9695 );
#7665 = VERTEX_POINT( '', #9696 );
#7666 = LINE( '', #9697, #9698 );
#7667 = VERTEX_POINT( '', #9699 );
#7668 = LINE( '', #9700, #9701 );
#7669 = VERTEX_POINT( '', #9702 );
#7670 = LINE( '', #9703, #9704 );
#7671 = LINE( '', #9705, #9706 );
#7672 = FILL_AREA_STYLE_COLOUR( '', #9707 );
#7673 = VERTEX_POINT( '', #9708 );
#7674 = LINE( '', #9709, #9710 );
#7675 = VERTEX_POINT( '', #9711 );
#7676 = LINE( '', #9712, #9713 );
#7677 = LINE( '', #9714, #9715 );
#7678 = FILL_AREA_STYLE_COLOUR( '', #9716 );
#7679 = VERTEX_POINT( '', #9717 );
#7680 = VERTEX_POINT( '', #9718 );
#7681 = LINE( '', #9719, #9720 );
#7682 = CIRCLE( '', #9721, 0.0250000000000000 );
#7683 = CIRCLE( '', #9722, 0.0250000000000000 );
#7684 = FILL_AREA_STYLE_COLOUR( '', #9723 );
#7685 = VERTEX_POINT( '', #9724 );
#7686 = VERTEX_POINT( '', #9725 );
#7687 = LINE( '', #9726, #9727 );
#7688 = VERTEX_POINT( '', #9728 );
#7689 = LINE( '', #9729, #9730 );
#7690 = VERTEX_POINT( '', #9731 );
#7691 = LINE( '', #9732, #9733 );
#7692 = LINE( '', #9734, #9735 );
#7693 = FILL_AREA_STYLE_COLOUR( '', #9736 );
#7694 = VERTEX_POINT( '', #9737 );
#7695 = LINE( '', #9738, #9739 );
#7696 = CIRCLE( '', #9740, 0.0500000000000000 );
#7697 = FILL_AREA_STYLE_COLOUR( '', #9741 );
#7698 = VERTEX_POINT( '', #9742 );
#7699 = VERTEX_POINT( '', #9743 );
#7700 = LINE( '', #9744, #9745 );
#7701 = VERTEX_POINT( '', #9746 );
#7702 = LINE( '', #9747, #9748 );
#7703 = VERTEX_POINT( '', #9749 );
#7704 = LINE( '', #9750, #9751 );
#7705 = VERTEX_POINT( '', #9752 );
#7706 = LINE( '', #9753, #9754 );
#7707 = VERTEX_POINT( '', #9755 );
#7708 = LINE( '', #9756, #9757 );
#7709 = LINE( '', #9758, #9759 );
#7710 = FILL_AREA_STYLE_COLOUR( '', #9760 );
#7711 = VERTEX_POINT( '', #9761 );
#7712 = LINE( '', #9762, #9763 );
#7713 = VERTEX_POINT( '', #9764 );
#7714 = LINE( '', #9765, #9766 );
#7715 = LINE( '', #9767, #9768 );
#7716 = FILL_AREA_STYLE_COLOUR( '', #9769 );
#7717 = VERTEX_POINT( '', #9770 );
#7718 = VERTEX_POINT( '', #9771 );
#7719 = LINE( '', #9772, #9773 );
#7720 = VERTEX_POINT( '', #9774 );
#7721 = LINE( '', #9775, #9776 );
#7722 = VERTEX_POINT( '', #9777 );
#7723 = LINE( '', #9778, #9779 );
#7724 = LINE( '', #9780, #9781 );
#7725 = FILL_AREA_STYLE_COLOUR( '', #9782 );
#7726 = VERTEX_POINT( '', #9783 );
#7727 = LINE( '', #9784, #9785 );
#7728 = LINE( '', #9786, #9787 );
#7729 = FILL_AREA_STYLE_COLOUR( '', #9788 );
#7730 = VERTEX_POINT( '', #9789 );
#7731 = VERTEX_POINT( '', #9790 );
#7732 = LINE( '', #9791, #9792 );
#7733 = LINE( '', #9793, #9794 );
#7734 = LINE( '', #9795, #9796 );
#7735 = FILL_AREA_STYLE_COLOUR( '', #9797 );
#7736 = VERTEX_POINT( '', #9798 );
#7737 = VERTEX_POINT( '', #9799 );
#7738 = LINE( '', #9800, #9801 );
#7739 = LINE( '', #9802, #9803 );
#7740 = LINE( '', #9804, #9805 );
#7741 = FILL_AREA_STYLE_COLOUR( '', #9806 );
#7742 = VERTEX_POINT( '', #9807 );
#7743 = LINE( '', #9808, #9809 );
#7744 = VERTEX_POINT( '', #9810 );
#7745 = LINE( '', #9811, #9812 );
#7746 = LINE( '', #9813, #9814 );
#7747 = FILL_AREA_STYLE_COLOUR( '', #9815 );
#7748 = VERTEX_POINT( '', #9816 );
#7749 = VERTEX_POINT( '', #9817 );
#7750 = LINE( '', #9818, #9819 );
#7751 = VERTEX_POINT( '', #9820 );
#7752 = LINE( '', #9821, #9822 );
#7753 = VERTEX_POINT( '', #9823 );
#7754 = LINE( '', #9824, #9825 );
#7755 = LINE( '', #9826, #9827 );
#7756 = FILL_AREA_STYLE_COLOUR( '', #9828 );
#7757 = VERTEX_POINT( '', #9829 );
#7758 = VERTEX_POINT( '', #9830 );
#7759 = LINE( '', #9831, #9832 );
#7760 = VERTEX_POINT( '', #9833 );
#7761 = LINE( '', #9834, #9835 );
#7762 = VERTEX_POINT( '', #9836 );
#7763 = LINE( '', #9837, #9838 );
#7764 = LINE( '', #9839, #9840 );
#7765 = FILL_AREA_STYLE_COLOUR( '', #9841 );
#7766 = VERTEX_POINT( '', #9842 );
#7767 = LINE( '', #9843, #9844 );
#7768 = VERTEX_POINT( '', #9845 );
#7769 = LINE( '', #9846, #9847 );
#7770 = LINE( '', #9848, #9849 );
#7771 = FILL_AREA_STYLE_COLOUR( '', #9850 );
#7772 = VERTEX_POINT( '', #9851 );
#7773 = VERTEX_POINT( '', #9852 );
#7774 = LINE( '', #9853, #9854 );
#7775 = VERTEX_POINT( '', #9855 );
#7776 = CIRCLE( '', #9856, 0.0250000000000000 );
#7777 = VERTEX_POINT( '', #9857 );
#7778 = LINE( '', #9858, #9859 );
#7779 = CIRCLE( '', #9860, 0.0250000000000000 );
#7780 = FILL_AREA_STYLE_COLOUR( '', #9861 );
#7781 = VERTEX_POINT( '', #9862 );
#7782 = VERTEX_POINT( '', #9863 );
#7783 = LINE( '', #9864, #9865 );
#7784 = VERTEX_POINT( '', #9866 );
#7785 = LINE( '', #9867, #9868 );
#7786 = VERTEX_POINT( '', #9869 );
#7787 = LINE( '', #9870, #9871 );
#7788 = LINE( '', #9872, #9873 );
#7789 = FILL_AREA_STYLE_COLOUR( '', #9874 );
#7790 = VERTEX_POINT( '', #9875 );
#7791 = LINE( '', #9876, #9877 );
#7792 = VERTEX_POINT( '', #9878 );
#7793 = LINE( '', #9879, #9880 );
#7794 = VERTEX_POINT( '', #9881 );
#7795 = LINE( '', #9882, #9883 );
#7796 = VERTEX_POINT( '', #9884 );
#7797 = CIRCLE( '', #9885, 0.0250000000000000 );
#7798 = VERTEX_POINT( '', #9886 );
#7799 = LINE( '', #9887, #9888 );
#7800 = VERTEX_POINT( '', #9889 );
#7801 = LINE( '', #9890, #9891 );
#7802 = VERTEX_POINT( '', #9892 );
#7803 = LINE( '', #9893, #9894 );
#7804 = LINE( '', #9895, #9896 );
#7805 = FILL_AREA_STYLE_COLOUR( '', #9897 );
#7806 = LINE( '', #9898, #9899 );
#7807 = LINE( '', #9900, #9901 );
#7808 = FILL_AREA_STYLE_COLOUR( '', #9902 );
#7809 = VERTEX_POINT( '', #9903 );
#7810 = VERTEX_POINT( '', #9904 );
#7811 = LINE( '', #9905, #9906 );
#7812 = VERTEX_POINT( '', #9907 );
#7813 = LINE( '', #9908, #9909 );
#7814 = VERTEX_POINT( '', #9910 );
#7815 = LINE( '', #9911, #9912 );
#7816 = LINE( '', #9913, #9914 );
#7817 = FILL_AREA_STYLE_COLOUR( '', #9915 );
#7818 = VERTEX_POINT( '', #9916 );
#7819 = VERTEX_POINT( '', #9917 );
#7820 = LINE( '', #9918, #9919 );
#7821 = VERTEX_POINT( '', #9920 );
#7822 = LINE( '', #9921, #9922 );
#7823 = VERTEX_POINT( '', #9923 );
#7824 = LINE( '', #9924, #9925 );
#7825 = LINE( '', #9926, #9927 );
#7826 = FILL_AREA_STYLE_COLOUR( '', #9928 );
#7827 = VERTEX_POINT( '', #9929 );
#7828 = VERTEX_POINT( '', #9930 );
#7829 = LINE( '', #9931, #9932 );
#7830 = LINE( '', #9933, #9934 );
#7831 = LINE( '', #9935, #9936 );
#7832 = FILL_AREA_STYLE_COLOUR( '', #9937 );
#7833 = VERTEX_POINT( '', #9938 );
#7834 = VERTEX_POINT( '', #9939 );
#7835 = LINE( '', #9940, #9941 );
#7836 = VERTEX_POINT( '', #9942 );
#7837 = LINE( '', #9943, #9944 );
#7838 = VERTEX_POINT( '', #9945 );
#7839 = LINE( '', #9946, #9947 );
#7840 = LINE( '', #9948, #9949 );
#7841 = FILL_AREA_STYLE_COLOUR( '', #9950 );
#7842 = VERTEX_POINT( '', #9951 );
#7843 = VERTEX_POINT( '', #9952 );
#7844 = LINE( '', #9953, #9954 );
#7845 = VERTEX_POINT( '', #9955 );
#7846 = LINE( '', #9956, #9957 );
#7847 = VERTEX_POINT( '', #9958 );
#7848 = LINE( '', #9959, #9960 );
#7849 = LINE( '', #9961, #9962 );
#7850 = FILL_AREA_STYLE_COLOUR( '', #9963 );
#7851 = VERTEX_POINT( '', #9964 );
#7852 = LINE( '', #9965, #9966 );
#7853 = VERTEX_POINT( '', #9967 );
#7854 = LINE( '', #9968, #9969 );
#7855 = LINE( '', #9970, #9971 );
#7856 = FILL_AREA_STYLE_COLOUR( '', #9972 );
#7857 = VERTEX_POINT( '', #9973 );
#7858 = VERTEX_POINT( '', #9974 );
#7859 = LINE( '', #9975, #9976 );
#7860 = VERTEX_POINT( '', #9977 );
#7861 = LINE( '', #9978, #9979 );
#7862 = VERTEX_POINT( '', #9980 );
#7863 = LINE( '', #9981, #9982 );
#7864 = LINE( '', #9983, #9984 );
#7865 = FILL_AREA_STYLE_COLOUR( '', #9985 );
#7866 = VERTEX_POINT( '', #9986 );
#7867 = VERTEX_POINT( '', #9987 );
#7868 = CIRCLE( '', #9988, 0.0500000000000000 );
#7869 = VERTEX_POINT( '', #9989 );
#7870 = LINE( '', #9990, #9991 );
#7871 = VERTEX_POINT( '', #9992 );
#7872 = CIRCLE( '', #9993, 0.0500000000000000 );
#7873 = LINE( '', #9994, #9995 );
#7874 = FILL_AREA_STYLE_COLOUR( '', #9996 );
#7875 = VERTEX_POINT( '', #9997 );
#7876 = VERTEX_POINT( '', #9998 );
#7877 = LINE( '', #9999, #10000 );
#7878 = VERTEX_POINT( '', #10001 );
#7879 = LINE( '', #10002, #10003 );
#7880 = VERTEX_POINT( '', #10004 );
#7881 = LINE( '', #10005, #10006 );
#7882 = LINE( '', #10007, #10008 );
#7883 = FILL_AREA_STYLE_COLOUR( '', #10009 );
#7884 = VERTEX_POINT( '', #10010 );
#7885 = VERTEX_POINT( '', #10011 );
#7886 = LINE( '', #10012, #10013 );
#7887 = VERTEX_POINT( '', #10014 );
#7888 = LINE( '', #10015, #10016 );
#7889 = VERTEX_POINT( '', #10017 );
#7890 = LINE( '', #10018, #10019 );
#7891 = LINE( '', #10020, #10021 );
#7892 = FILL_AREA_STYLE_COLOUR( '', #10022 );
#7893 = VERTEX_POINT( '', #10023 );
#7894 = VERTEX_POINT( '', #10024 );
#7895 = LINE( '', #10025, #10026 );
#7896 = LINE( '', #10027, #10028 );
#7897 = LINE( '', #10029, #10030 );
#7898 = VERTEX_POINT( '', #10031 );
#7899 = LINE( '', #10032, #10033 );
#7900 = VERTEX_POINT( '', #10034 );
#7901 = LINE( '', #10035, #10036 );
#7902 = LINE( '', #10037, #10038 );
#7903 = VERTEX_POINT( '', #10039 );
#7904 = LINE( '', #10040, #10041 );
#7905 = LINE( '', #10042, #10043 );
#7906 = FILL_AREA_STYLE_COLOUR( '', #10044 );
#7907 = VERTEX_POINT( '', #10045 );
#7908 = VERTEX_POINT( '', #10046 );
#7909 = LINE( '', #10047, #10048 );
#7910 = VERTEX_POINT( '', #10049 );
#7911 = LINE( '', #10050, #10051 );
#7912 = VERTEX_POINT( '', #10052 );
#7913 = LINE( '', #10053, #10054 );
#7914 = CIRCLE( '', #10055, 0.0250000000000000 );
#7915 = VERTEX_POINT( '', #10056 );
#7916 = LINE( '', #10057, #10058 );
#7917 = VERTEX_POINT( '', #10059 );
#7918 = LINE( '', #10060, #10061 );
#7919 = VERTEX_POINT( '', #10062 );
#7920 = LINE( '', #10063, #10064 );
#7921 = VERTEX_POINT( '', #10065 );
#7922 = LINE( '', #10066, #10067 );
#7923 = CIRCLE( '', #10068, 0.0500000000000000 );
#7924 = FILL_AREA_STYLE_COLOUR( '', #10069 );
#7925 = VERTEX_POINT( '', #10070 );
#7926 = VERTEX_POINT( '', #10071 );
#7927 = LINE( '', #10072, #10073 );
#7928 = LINE( '', #10074, #10075 );
#7929 = LINE( '', #10076, #10077 );
#7930 = FILL_AREA_STYLE_COLOUR( '', #10078 );
#7931 = VERTEX_POINT( '', #10079 );
#7932 = LINE( '', #10080, #10081 );
#7933 = LINE( '', #10082, #10083 );
#7934 = LINE( '', #10084, #10085 );
#7935 = VERTEX_POINT( '', #10086 );
#7936 = LINE( '', #10087, #10088 );
#7937 = VERTEX_POINT( '', #10089 );
#7938 = LINE( '', #10090, #10091 );
#7939 = LINE( '', #10092, #10093 );
#7940 = VERTEX_POINT( '', #10094 );
#7941 = LINE( '', #10095, #10096 );
#7942 = VERTEX_POINT( '', #10097 );
#7943 = LINE( '', #10098, #10099 );
#7944 = VERTEX_POINT( '', #10100 );
#7945 = LINE( '', #10101, #10102 );
#7946 = LINE( '', #10103, #10104 );
#7947 = VERTEX_POINT( '', #10105 );
#7948 = LINE( '', #10106, #10107 );
#7949 = LINE( '', #10108, #10109 );
#7950 = VERTEX_POINT( '', #10110 );
#7951 = LINE( '', #10111, #10112 );
#7952 = VERTEX_POINT( '', #10113 );
#7953 = LINE( '', #10114, #10115 );
#7954 = VERTEX_POINT( '', #10116 );
#7955 = LINE( '', #10117, #10118 );
#7956 = VERTEX_POINT( '', #10119 );
#7957 = LINE( '', #10120, #10121 );
#7958 = LINE( '', #10122, #10123 );
#7959 = LINE( '', #10124, #10125 );
#7960 = VERTEX_POINT( '', #10126 );
#7961 = LINE( '', #10127, #10128 );
#7962 = LINE( '', #10129, #10130 );
#7963 = VERTEX_POINT( '', #10131 );
#7964 = LINE( '', #10132, #10133 );
#7965 = VERTEX_POINT( '', #10134 );
#7966 = LINE( '', #10135, #10136 );
#7967 = VERTEX_POINT( '', #10137 );
#7968 = LINE( '', #10138, #10139 );
#7969 = VERTEX_POINT( '', #10140 );
#7970 = LINE( '', #10141, #10142 );
#7971 = VERTEX_POINT( '', #10143 );
#7972 = LINE( '', #10144, #10145 );
#7973 = LINE( '', #10146, #10147 );
#7974 = FILL_AREA_STYLE_COLOUR( '', #10148 );
#7975 = VERTEX_POINT( '', #10149 );
#7976 = VERTEX_POINT( '', #10150 );
#7977 = LINE( '', #10151, #10152 );
#7978 = VERTEX_POINT( '', #10153 );
#7979 = LINE( '', #10154, #10155 );
#7980 = LINE( '', #10156, #10157 );
#7981 = VERTEX_POINT( '', #10158 );
#7982 = LINE( '', #10159, #10160 );
#7983 = LINE( '', #10161, #10162 );
#7984 = FILL_AREA_STYLE_COLOUR( '', #10163 );
#7985 = VERTEX_POINT( '', #10164 );
#7986 = LINE( '', #10165, #10166 );
#7987 = VERTEX_POINT( '', #10167 );
#7988 = LINE( '', #10168, #10169 );
#7989 = LINE( '', #10170, #10171 );
#7990 = FILL_AREA_STYLE_COLOUR( '', #10172 );
#7991 = VERTEX_POINT( '', #10173 );
#7992 = VERTEX_POINT( '', #10174 );
#7993 = LINE( '', #10175, #10176 );
#7994 = VERTEX_POINT( '', #10177 );
#7995 = LINE( '', #10178, #10179 );
#7996 = LINE( '', #10180, #10181 );
#7997 = VERTEX_POINT( '', #10182 );
#7998 = LINE( '', #10183, #10184 );
#7999 = VERTEX_POINT( '', #10185 );
#8000 = LINE( '', #10186, #10187 );
#8001 = VERTEX_POINT( '', #10188 );
#8002 = LINE( '', #10189, #10190 );
#8003 = VERTEX_POINT( '', #10191 );
#8004 = LINE( '', #10192, #10193 );
#8005 = VERTEX_POINT( '', #10194 );
#8006 = LINE( '', #10195, #10196 );
#8007 = CIRCLE( '', #10197, 0.0500000000000000 );
#8008 = FILL_AREA_STYLE_COLOUR( '', #10198 );
#8009 = VERTEX_POINT( '', #10199 );
#8010 = LINE( '', #10200, #10201 );
#8011 = VERTEX_POINT( '', #10202 );
#8012 = LINE( '', #10203, #10204 );
#8013 = LINE( '', #10205, #10206 );
#8014 = FILL_AREA_STYLE_COLOUR( '', #10207 );
#8015 = VERTEX_POINT( '', #10208 );
#8016 = VERTEX_POINT( '', #10209 );
#8017 = LINE( '', #10210, #10211 );
#8018 = VERTEX_POINT( '', #10212 );
#8019 = LINE( '', #10213, #10214 );
#8020 = VERTEX_POINT( '', #10215 );
#8021 = LINE( '', #10216, #10217 );
#8022 = LINE( '', #10218, #10219 );
#8023 = FILL_AREA_STYLE_COLOUR( '', #10220 );
#8024 = VERTEX_POINT( '', #10221 );
#8025 = CIRCLE( '', #10222, 0.0250000000000000 );
#8026 = VERTEX_POINT( '', #10223 );
#8027 = LINE( '', #10224, #10225 );
#8028 = CIRCLE( '', #10226, 0.0250000000000000 );
#8029 = FILL_AREA_STYLE_COLOUR( '', #10227 );
#8030 = VERTEX_POINT( '', #10228 );
#8031 = VERTEX_POINT( '', #10229 );
#8032 = CIRCLE( '', #10230, 0.0500000000000000 );
#8033 = VERTEX_POINT( '', #10231 );
#8034 = LINE( '', #10232, #10233 );
#8035 = VERTEX_POINT( '', #10234 );
#8036 = CIRCLE( '', #10235, 0.0500000000000000 );
#8037 = LINE( '', #10236, #10237 );
#8038 = FILL_AREA_STYLE_COLOUR( '', #10238 );
#8039 = VERTEX_POINT( '', #10239 );
#8040 = LINE( '', #10240, #10241 );
#8041 = VERTEX_POINT( '', #10242 );
#8042 = LINE( '', #10243, #10244 );
#8043 = LINE( '', #10245, #10246 );
#8044 = FILL_AREA_STYLE_COLOUR( '', #10247 );
#8045 = VERTEX_POINT( '', #10248 );
#8046 = VERTEX_POINT( '', #10249 );
#8047 = LINE( '', #10250, #10251 );
#8048 = LINE( '', #10252, #10253 );
#8049 = LINE( '', #10254, #10255 );
#8050 = FILL_AREA_STYLE_COLOUR( '', #10256 );
#8051 = VERTEX_POINT( '', #10257 );
#8052 = LINE( '', #10258, #10259 );
#8053 = VERTEX_POINT( '', #10260 );
#8054 = LINE( '', #10261, #10262 );
#8055 = LINE( '', #10263, #10264 );
#8056 = FILL_AREA_STYLE_COLOUR( '', #10265 );
#8057 = VERTEX_POINT( '', #10266 );
#8058 = LINE( '', #10267, #10268 );
#8059 = LINE( '', #10269, #10270 );
#8060 = VERTEX_POINT( '', #10271 );
#8061 = LINE( '', #10272, #10273 );
#8062 = LINE( '', #10274, #10275 );
#8063 = LINE( '', #10276, #10277 );
#8064 = FILL_AREA_STYLE_COLOUR( '', #10278 );
#8065 = VERTEX_POINT( '', #10279 );
#8066 = VERTEX_POINT( '', #10280 );
#8067 = LINE( '', #10281, #10282 );
#8068 = VERTEX_POINT( '', #10283 );
#8069 = LINE( '', #10284, #10285 );
#8070 = VERTEX_POINT( '', #10286 );
#8071 = LINE( '', #10287, #10288 );
#8072 = LINE( '', #10289, #10290 );
#8073 = FILL_AREA_STYLE_COLOUR( '', #10291 );
#8074 = VERTEX_POINT( '', #10292 );
#8075 = LINE( '', #10293, #10294 );
#8076 = VERTEX_POINT( '', #10295 );
#8077 = LINE( '', #10296, #10297 );
#8078 = LINE( '', #10298, #10299 );
#8079 = FILL_AREA_STYLE_COLOUR( '', #10300 );
#8080 = VERTEX_POINT( '', #10301 );
#8081 = LINE( '', #10302, #10303 );
#8082 = VERTEX_POINT( '', #10304 );
#8083 = LINE( '', #10305, #10306 );
#8084 = LINE( '', #10307, #10308 );
#8085 = FILL_AREA_STYLE_COLOUR( '', #10309 );
#8086 = VERTEX_POINT( '', #10310 );
#8087 = VERTEX_POINT( '', #10311 );
#8088 = LINE( '', #10312, #10313 );
#8089 = VERTEX_POINT( '', #10314 );
#8090 = LINE( '', #10315, #10316 );
#8091 = VERTEX_POINT( '', #10317 );
#8092 = LINE( '', #10318, #10319 );
#8093 = LINE( '', #10320, #10321 );
#8094 = FILL_AREA_STYLE_COLOUR( '', #10322 );
#8095 = VERTEX_POINT( '', #10323 );
#8096 = LINE( '', #10324, #10325 );
#8097 = VERTEX_POINT( '', #10326 );
#8098 = LINE( '', #10327, #10328 );
#8099 = LINE( '', #10329, #10330 );
#8100 = FILL_AREA_STYLE_COLOUR( '', #10331 );
#8101 = VERTEX_POINT( '', #10332 );
#8102 = VERTEX_POINT( '', #10333 );
#8103 = LINE( '', #10334, #10335 );
#8104 = VERTEX_POINT( '', #10336 );
#8105 = LINE( '', #10337, #10338 );
#8106 = VERTEX_POINT( '', #10339 );
#8107 = LINE( '', #10340, #10341 );
#8108 = LINE( '', #10342, #10343 );
#8109 = FILL_AREA_STYLE_COLOUR( '', #10344 );
#8110 = VERTEX_POINT( '', #10345 );
#8111 = VERTEX_POINT( '', #10346 );
#8112 = LINE( '', #10347, #10348 );
#8113 = LINE( '', #10349, #10350 );
#8114 = LINE( '', #10351, #10352 );
#8115 = FILL_AREA_STYLE_COLOUR( '', #10353 );
#8116 = VERTEX_POINT( '', #10354 );
#8117 = LINE( '', #10355, #10356 );
#8118 = VERTEX_POINT( '', #10357 );
#8119 = LINE( '', #10358, #10359 );
#8120 = LINE( '', #10360, #10361 );
#8121 = FILL_AREA_STYLE_COLOUR( '', #10362 );
#8122 = VERTEX_POINT( '', #10363 );
#8123 = VERTEX_POINT( '', #10364 );
#8124 = LINE( '', #10365, #10366 );
#8125 = VERTEX_POINT( '', #10367 );
#8126 = LINE( '', #10368, #10369 );
#8127 = VERTEX_POINT( '', #10370 );
#8128 = LINE( '', #10371, #10372 );
#8129 = LINE( '', #10373, #10374 );
#8130 = FILL_AREA_STYLE_COLOUR( '', #10375 );
#8131 = VERTEX_POINT( '', #10376 );
#8132 = VERTEX_POINT( '', #10377 );
#8133 = LINE( '', #10378, #10379 );
#8134 = LINE( '', #10380, #10381 );
#8135 = LINE( '', #10382, #10383 );
#8136 = FILL_AREA_STYLE_COLOUR( '', #10384 );
#8137 = LINE( '', #10385, #10386 );
#8138 = LINE( '', #10387, #10388 );
#8139 = FILL_AREA_STYLE_COLOUR( '', #10389 );
#8140 = LINE( '', #10390, #10391 );
#8141 = LINE( '', #10392, #10393 );
#8142 = FILL_AREA_STYLE_COLOUR( '', #10394 );
#8143 = LINE( '', #10395, #10396 );
#8144 = LINE( '', #10397, #10398 );
#8145 = FILL_AREA_STYLE_COLOUR( '', #10399 );
#8146 = VERTEX_POINT( '', #10400 );
#8147 = LINE( '', #10401, #10402 );
#8148 = VERTEX_POINT( '', #10403 );
#8149 = LINE( '', #10404, #10405 );
#8150 = VERTEX_POINT( '', #10406 );
#8151 = LINE( '', #10407, #10408 );
#8152 = VERTEX_POINT( '', #10409 );
#8153 = LINE( '', #10410, #10411 );
#8154 = LINE( '', #10412, #10413 );
#8155 = VERTEX_POINT( '', #10414 );
#8156 = LINE( '', #10415, #10416 );
#8157 = LINE( '', #10417, #10418 );
#8158 = LINE( '', #10419, #10420 );
#8159 = FILL_AREA_STYLE_COLOUR( '', #10421 );
#8160 = VERTEX_POINT( '', #10422 );
#8161 = LINE( '', #10423, #10424 );
#8162 = VERTEX_POINT( '', #10425 );
#8163 = LINE( '', #10426, #10427 );
#8164 = LINE( '', #10428, #10429 );
#8165 = FILL_AREA_STYLE_COLOUR( '', #10430 );
#8166 = VERTEX_POINT( '', #10431 );
#8167 = LINE( '', #10432, #10433 );
#8168 = LINE( '', #10434, #10435 );
#8169 = VERTEX_POINT( '', #10436 );
#8170 = LINE( '', #10437, #10438 );
#8171 = LINE( '', #10439, #10440 );
#8172 = VERTEX_POINT( '', #10441 );
#8173 = LINE( '', #10442, #10443 );
#8174 = VERTEX_POINT( '', #10444 );
#8175 = LINE( '', #10445, #10446 );
#8176 = LINE( '', #10447, #10448 );
#8177 = FILL_AREA_STYLE_COLOUR( '', #10449 );
#8178 = VERTEX_POINT( '', #10450 );
#8179 = VERTEX_POINT( '', #10451 );
#8180 = LINE( '', #10452, #10453 );
#8181 = LINE( '', #10454, #10455 );
#8182 = LINE( '', #10456, #10457 );
#8183 = FILL_AREA_STYLE_COLOUR( '', #10458 );
#8184 = VERTEX_POINT( '', #10459 );
#8185 = LINE( '', #10460, #10461 );
#8186 = VERTEX_POINT( '', #10462 );
#8187 = LINE( '', #10463, #10464 );
#8188 = LINE( '', #10465, #10466 );
#8189 = FILL_AREA_STYLE_COLOUR( '', #10467 );
#8190 = VERTEX_POINT( '', #10468 );
#8191 = VERTEX_POINT( '', #10469 );
#8192 = LINE( '', #10470, #10471 );
#8193 = VERTEX_POINT( '', #10472 );
#8194 = LINE( '', #10473, #10474 );
#8195 = VERTEX_POINT( '', #10475 );
#8196 = LINE( '', #10476, #10477 );
#8197 = LINE( '', #10478, #10479 );
#8198 = FILL_AREA_STYLE_COLOUR( '', #10480 );
#8199 = VERTEX_POINT( '', #10481 );
#8200 = LINE( '', #10482, #10483 );
#8201 = LINE( '', #10484, #10485 );
#8202 = FILL_AREA_STYLE_COLOUR( '', #10486 );
#8203 = VERTEX_POINT( '', #10487 );
#8204 = VERTEX_POINT( '', #10488 );
#8205 = LINE( '', #10489, #10490 );
#8206 = LINE( '', #10491, #10492 );
#8207 = LINE( '', #10493, #10494 );
#8208 = FILL_AREA_STYLE_COLOUR( '', #10495 );
#8209 = VERTEX_POINT( '', #10496 );
#8210 = LINE( '', #10497, #10498 );
#8211 = LINE( '', #10499, #10500 );
#8212 = FILL_AREA_STYLE_COLOUR( '', #10501 );
#8213 = VERTEX_POINT( '', #10502 );
#8214 = VERTEX_POINT( '', #10503 );
#8215 = LINE( '', #10504, #10505 );
#8216 = LINE( '', #10506, #10507 );
#8217 = LINE( '', #10508, #10509 );
#8218 = VERTEX_POINT( '', #10510 );
#8219 = LINE( '', #10511, #10512 );
#8220 = VERTEX_POINT( '', #10513 );
#8221 = LINE( '', #10514, #10515 );
#8222 = VERTEX_POINT( '', #10516 );
#8223 = LINE( '', #10517, #10518 );
#8224 = VERTEX_POINT( '', #10519 );
#8225 = LINE( '', #10520, #10521 );
#8226 = LINE( '', #10522, #10523 );
#8227 = FILL_AREA_STYLE_COLOUR( '', #10524 );
#8228 = VERTEX_POINT( '', #10525 );
#8229 = LINE( '', #10526, #10527 );
#8230 = VERTEX_POINT( '', #10528 );
#8231 = LINE( '', #10529, #10530 );
#8232 = VERTEX_POINT( '', #10531 );
#8233 = LINE( '', #10532, #10533 );
#8234 = VERTEX_POINT( '', #10534 );
#8235 = LINE( '', #10535, #10536 );
#8236 = VERTEX_POINT( '', #10537 );
#8237 = LINE( '', #10538, #10539 );
#8238 = VERTEX_POINT( '', #10540 );
#8239 = LINE( '', #10541, #10542 );
#8240 = LINE( '', #10543, #10544 );
#8241 = VERTEX_POINT( '', #10545 );
#8242 = LINE( '', #10546, #10547 );
#8243 = LINE( '', #10548, #10549 );
#8244 = FILL_AREA_STYLE_COLOUR( '', #10550 );
#8245 = LINE( '', #10551, #10552 );
#8246 = LINE( '', #10553, #10554 );
#8247 = FILL_AREA_STYLE_COLOUR( '', #10555 );
#8248 = VERTEX_POINT( '', #10556 );
#8249 = LINE( '', #10557, #10558 );
#8250 = LINE( '', #10559, #10560 );
#8251 = FILL_AREA_STYLE_COLOUR( '', #10561 );
#8252 = VERTEX_POINT( '', #10562 );
#8253 = LINE( '', #10563, #10564 );
#8254 = VERTEX_POINT( '', #10565 );
#8255 = LINE( '', #10566, #10567 );
#8256 = LINE( '', #10568, #10569 );
#8257 = FILL_AREA_STYLE_COLOUR( '', #10570 );
#8258 = VERTEX_POINT( '', #10571 );
#8259 = VERTEX_POINT( '', #10572 );
#8260 = LINE( '', #10573, #10574 );
#8261 = VERTEX_POINT( '', #10575 );
#8262 = LINE( '', #10576, #10577 );
#8263 = VERTEX_POINT( '', #10578 );
#8264 = LINE( '', #10579, #10580 );
#8265 = LINE( '', #10581, #10582 );
#8266 = FILL_AREA_STYLE_COLOUR( '', #10583 );
#8267 = VERTEX_POINT( '', #10584 );
#8268 = LINE( '', #10585, #10586 );
#8269 = LINE( '', #10587, #10588 );
#8270 = FILL_AREA_STYLE_COLOUR( '', #10589 );
#8271 = VERTEX_POINT( '', #10590 );
#8272 = LINE( '', #10591, #10592 );
#8273 = VERTEX_POINT( '', #10593 );
#8274 = LINE( '', #10594, #10595 );
#8275 = VERTEX_POINT( '', #10596 );
#8276 = LINE( '', #10597, #10598 );
#8277 = VERTEX_POINT( '', #10599 );
#8278 = LINE( '', #10600, #10601 );
#8279 = VERTEX_POINT( '', #10602 );
#8280 = LINE( '', #10603, #10604 );
#8281 = VERTEX_POINT( '', #10605 );
#8282 = LINE( '', #10606, #10607 );
#8283 = LINE( '', #10608, #10609 );
#8284 = VERTEX_POINT( '', #10610 );
#8285 = LINE( '', #10611, #10612 );
#8286 = LINE( '', #10613, #10614 );
#8287 = VERTEX_POINT( '', #10615 );
#8288 = LINE( '', #10616, #10617 );
#8289 = LINE( '', #10618, #10619 );
#8290 = VERTEX_POINT( '', #10620 );
#8291 = LINE( '', #10621, #10622 );
#8292 = VERTEX_POINT( '', #10623 );
#8293 = LINE( '', #10624, #10625 );
#8294 = VERTEX_POINT( '', #10626 );
#8295 = LINE( '', #10627, #10628 );
#8296 = VERTEX_POINT( '', #10629 );
#8297 = LINE( '', #10630, #10631 );
#8298 = VERTEX_POINT( '', #10632 );
#8299 = LINE( '', #10633, #10634 );
#8300 = VERTEX_POINT( '', #10635 );
#8301 = LINE( '', #10636, #10637 );
#8302 = LINE( '', #10638, #10639 );
#8303 = VERTEX_POINT( '', #10640 );
#8304 = LINE( '', #10641, #10642 );
#8305 = LINE( '', #10643, #10644 );
#8306 = LINE( '', #10645, #10646 );
#8307 = VERTEX_POINT( '', #10647 );
#8308 = LINE( '', #10648, #10649 );
#8309 = VERTEX_POINT( '', #10650 );
#8310 = LINE( '', #10651, #10652 );
#8311 = LINE( '', #10653, #10654 );
#8312 = VERTEX_POINT( '', #10655 );
#8313 = LINE( '', #10656, #10657 );
#8314 = VERTEX_POINT( '', #10658 );
#8315 = LINE( '', #10659, #10660 );
#8316 = LINE( '', #10661, #10662 );
#8317 = FILL_AREA_STYLE_COLOUR( '', #10663 );
#8318 = VERTEX_POINT( '', #10664 );
#8319 = VERTEX_POINT( '', #10665 );
#8320 = LINE( '', #10666, #10667 );
#8321 = VERTEX_POINT( '', #10668 );
#8322 = CIRCLE( '', #10669, 0.0500000000000000 );
#8323 = VERTEX_POINT( '', #10670 );
#8324 = LINE( '', #10671, #10672 );
#8325 = VERTEX_POINT( '', #10673 );
#8326 = LINE( '', #10674, #10675 );
#8327 = VERTEX_POINT( '', #10676 );
#8328 = LINE( '', #10677, #10678 );
#8329 = LINE( '', #10679, #10680 );
#8330 = CIRCLE( '', #10681, 0.0250000000000000 );
#8331 = LINE( '', #10682, #10683 );
#8332 = FILL_AREA_STYLE_COLOUR( '', #10684 );
#8333 = VERTEX_POINT( '', #10685 );
#8334 = LINE( '', #10686, #10687 );
#8335 = VERTEX_POINT( '', #10688 );
#8336 = LINE( '', #10689, #10690 );
#8337 = LINE( '', #10691, #10692 );
#8338 = FILL_AREA_STYLE_COLOUR( '', #10693 );
#8339 = VERTEX_POINT( '', #10694 );
#8340 = LINE( '', #10695, #10696 );
#8341 = VERTEX_POINT( '', #10697 );
#8342 = LINE( '', #10698, #10699 );
#8343 = LINE( '', #10700, #10701 );
#8344 = FILL_AREA_STYLE_COLOUR( '', #10702 );
#8345 = VERTEX_POINT( '', #10703 );
#8346 = LINE( '', #10704, #10705 );
#8347 = VERTEX_POINT( '', #10706 );
#8348 = LINE( '', #10707, #10708 );
#8349 = LINE( '', #10709, #10710 );
#8350 = FILL_AREA_STYLE_COLOUR( '', #10711 );
#8351 = FILL_AREA_STYLE_COLOUR( '', #10712 );
#8352 = VERTEX_POINT( '', #10713 );
#8353 = VERTEX_POINT( '', #10714 );
#8354 = LINE( '', #10715, #10716 );
#8355 = VERTEX_POINT( '', #10717 );
#8356 = LINE( '', #10718, #10719 );
#8357 = VERTEX_POINT( '', #10720 );
#8358 = LINE( '', #10721, #10722 );
#8359 = LINE( '', #10723, #10724 );
#8360 = FILL_AREA_STYLE_COLOUR( '', #10725 );
#8361 = CIRCLE( '', #10726, 0.0500000000000000 );
#8362 = CIRCLE( '', #10727, 0.0500000000000000 );
#8363 = FILL_AREA_STYLE_COLOUR( '', #10728 );
#8364 = LINE( '', #10729, #10730 );
#8365 = LINE( '', #10731, #10732 );
#8366 = FILL_AREA_STYLE_COLOUR( '', #10733 );
#8367 = VERTEX_POINT( '', #10734 );
#8368 = VERTEX_POINT( '', #10735 );
#8369 = LINE( '', #10736, #10737 );
#8370 = VERTEX_POINT( '', #10738 );
#8371 = LINE( '', #10739, #10740 );
#8372 = LINE( '', #10741, #10742 );
#8373 = LINE( '', #10743, #10744 );
#8374 = FILL_AREA_STYLE_COLOUR( '', #10745 );
#8375 = LINE( '', #10746, #10747 );
#8376 = LINE( '', #10748, #10749 );
#8377 = FILL_AREA_STYLE_COLOUR( '', #10750 );
#8378 = VERTEX_POINT( '', #10751 );
#8379 = VERTEX_POINT( '', #10752 );
#8380 = LINE( '', #10753, #10754 );
#8381 = VERTEX_POINT( '', #10755 );
#8382 = LINE( '', #10756, #10757 );
#8383 = VERTEX_POINT( '', #10758 );
#8384 = LINE( '', #10759, #10760 );
#8385 = LINE( '', #10761, #10762 );
#8386 = FILL_AREA_STYLE_COLOUR( '', #10763 );
#8387 = VERTEX_POINT( '', #10764 );
#8388 = LINE( '', #10765, #10766 );
#8389 = VERTEX_POINT( '', #10767 );
#8390 = LINE( '', #10768, #10769 );
#8391 = LINE( '', #10770, #10771 );
#8392 = FILL_AREA_STYLE_COLOUR( '', #10772 );
#8393 = VERTEX_POINT( '', #10773 );
#8394 = LINE( '', #10774, #10775 );
#8395 = VERTEX_POINT( '', #10776 );
#8396 = LINE( '', #10777, #10778 );
#8397 = LINE( '', #10779, #10780 );
#8398 = FILL_AREA_STYLE_COLOUR( '', #10781 );
#8399 = VERTEX_POINT( '', #10782 );
#8400 = VERTEX_POINT( '', #10783 );
#8401 = LINE( '', #10784, #10785 );
#8402 = VERTEX_POINT( '', #10786 );
#8403 = LINE( '', #10787, #10788 );
#8404 = VERTEX_POINT( '', #10789 );
#8405 = LINE( '', #10790, #10791 );
#8406 = LINE( '', #10792, #10793 );
#8407 = FILL_AREA_STYLE_COLOUR( '', #10794 );
#8408 = VERTEX_POINT( '', #10795 );
#8409 = VERTEX_POINT( '', #10796 );
#8410 = LINE( '', #10797, #10798 );
#8411 = LINE( '', #10799, #10800 );
#8412 = CIRCLE( '', #10801, 0.0250000000000000 );
#8413 = VERTEX_POINT( '', #10802 );
#8414 = LINE( '', #10803, #10804 );
#8415 = VERTEX_POINT( '', #10805 );
#8416 = LINE( '', #10806, #10807 );
#8417 = LINE( '', #10808, #10809 );
#8418 = CIRCLE( '', #10810, 0.0500000000000000 );
#8419 = FILL_AREA_STYLE_COLOUR( '', #10811 );
#8420 = LINE( '', #10812, #10813 );
#8421 = LINE( '', #10814, #10815 );
#8422 = FILL_AREA_STYLE_COLOUR( '', #10816 );
#8423 = VERTEX_POINT( '', #10817 );
#8424 = LINE( '', #10818, #10819 );
#8425 = VERTEX_POINT( '', #10820 );
#8426 = LINE( '', #10821, #10822 );
#8427 = VERTEX_POINT( '', #10823 );
#8428 = LINE( '', #10824, #10825 );
#8429 = LINE( '', #10826, #10827 );
#8430 = LINE( '', #10828, #10829 );
#8431 = FILL_AREA_STYLE_COLOUR( '', #10830 );
#8432 = VERTEX_POINT( '', #10831 );
#8433 = LINE( '', #10832, #10833 );
#8434 = LINE( '', #10834, #10835 );
#8435 = FILL_AREA_STYLE_COLOUR( '', #10836 );
#8436 = VERTEX_POINT( '', #10837 );
#8437 = LINE( '', #10838, #10839 );
#8438 = VERTEX_POINT( '', #10840 );
#8439 = LINE( '', #10841, #10842 );
#8440 = VERTEX_POINT( '', #10843 );
#8441 = LINE( '', #10844, #10845 );
#8442 = VERTEX_POINT( '', #10846 );
#8443 = LINE( '', #10847, #10848 );
#8444 = LINE( '', #10849, #10850 );
#8445 = FILL_AREA_STYLE_COLOUR( '', #10851 );
#8446 = CIRCLE( '', #10852, 0.0250000000000000 );
#8447 = CIRCLE( '', #10853, 0.0250000000000000 );
#8448 = FILL_AREA_STYLE_COLOUR( '', #10854 );
#8449 = VERTEX_POINT( '', #10855 );
#8450 = CIRCLE( '', #10856, 0.0500000000000000 );
#8451 = VERTEX_POINT( '', #10857 );
#8452 = CIRCLE( '', #10858, 0.0500000000000000 );
#8453 = LINE( '', #10859, #10860 );
#8454 = FILL_AREA_STYLE_COLOUR( '', #10861 );
#8455 = LINE( '', #10862, #10863 );
#8456 = FILL_AREA_STYLE_COLOUR( '', #10864 );
#8457 = VERTEX_POINT( '', #10865 );
#8458 = LINE( '', #10866, #10867 );
#8459 = LINE( '', #10868, #10869 );
#8460 = FILL_AREA_STYLE_COLOUR( '', #10870 );
#8461 = VERTEX_POINT( '', #10871 );
#8462 = VERTEX_POINT( '', #10872 );
#8463 = LINE( '', #10873, #10874 );
#8464 = VERTEX_POINT( '', #10875 );
#8465 = LINE( '', #10876, #10877 );
#8466 = VERTEX_POINT( '', #10878 );
#8467 = LINE( '', #10879, #10880 );
#8468 = LINE( '', #10881, #10882 );
#8469 = FILL_AREA_STYLE_COLOUR( '', #10883 );
#8470 = VERTEX_POINT( '', #10884 );
#8471 = VERTEX_POINT( '', #10885 );
#8472 = LINE( '', #10886, #10887 );
#8473 = LINE( '', #10888, #10889 );
#8474 = LINE( '', #10890, #10891 );
#8475 = FILL_AREA_STYLE_COLOUR( '', #10892 );
#8476 = VERTEX_POINT( '', #10893 );
#8477 = VERTEX_POINT( '', #10894 );
#8478 = LINE( '', #10895, #10896 );
#8479 = VERTEX_POINT( '', #10897 );
#8480 = LINE( '', #10898, #10899 );
#8481 = VERTEX_POINT( '', #10900 );
#8482 = LINE( '', #10901, #10902 );
#8483 = LINE( '', #10903, #10904 );
#8484 = FILL_AREA_STYLE_COLOUR( '', #10905 );
#8485 = LINE( '', #10906, #10907 );
#8486 = VERTEX_POINT( '', #10908 );
#8487 = LINE( '', #10909, #10910 );
#8488 = LINE( '', #10911, #10912 );
#8489 = LINE( '', #10913, #10914 );
#8490 = FILL_AREA_STYLE_COLOUR( '', #10915 );
#8491 = VERTEX_POINT( '', #10916 );
#8492 = VERTEX_POINT( '', #10917 );
#8493 = LINE( '', #10918, #10919 );
#8494 = LINE( '', #10920, #10921 );
#8495 = LINE( '', #10922, #10923 );
#8496 = FILL_AREA_STYLE_COLOUR( '', #10924 );
#8497 = VERTEX_POINT( '', #10925 );
#8498 = LINE( '', #10926, #10927 );
#8499 = LINE( '', #10928, #10929 );
#8500 = FILL_AREA_STYLE_COLOUR( '', #10930 );
#8501 = LINE( '', #10931, #10932 );
#8502 = VERTEX_POINT( '', #10933 );
#8503 = CIRCLE( '', #10934, 0.0250000000000000 );
#8504 = VERTEX_POINT( '', #10935 );
#8505 = LINE( '', #10936, #10937 );
#8506 = LINE( '', #10938, #10939 );
#8507 = FILL_AREA_STYLE_COLOUR( '', #10940 );
#8508 = CIRCLE( '', #10941, 0.0250000000000000 );
#8509 = FILL_AREA_STYLE_COLOUR( '', #10942 );
#8510 = LINE( '', #10943, #10944 );
#8511 = FILL_AREA_STYLE_COLOUR( '', #10945 );
#8512 = LINE( '', #10946, #10947 );
#8513 = FILL_AREA_STYLE_COLOUR( '', #10948 );
#8514 = VERTEX_POINT( '', #10949 );
#8515 = LINE( '', #10950, #10951 );
#8516 = LINE( '', #10952, #10953 );
#8517 = VERTEX_POINT( '', #10954 );
#8518 = LINE( '', #10955, #10956 );
#8519 = VERTEX_POINT( '', #10957 );
#8520 = LINE( '', #10958, #10959 );
#8521 = LINE( '', #10960, #10961 );
#8522 = FILL_AREA_STYLE_COLOUR( '', #10962 );
#8523 = LINE( '', #10963, #10964 );
#8524 = FILL_AREA_STYLE_COLOUR( '', #10965 );
#8525 = VERTEX_POINT( '', #10966 );
#8526 = LINE( '', #10967, #10968 );
#8527 = LINE( '', #10969, #10970 );
#8528 = LINE( '', #10971, #10972 );
#8529 = VERTEX_POINT( '', #10973 );
#8530 = LINE( '', #10974, #10975 );
#8531 = VERTEX_POINT( '', #10976 );
#8532 = LINE( '', #10977, #10978 );
#8533 = LINE( '', #10979, #10980 );
#8534 = LINE( '', #10981, #10982 );
#8535 = LINE( '', #10983, #10984 );
#8536 = LINE( '', #10985, #10986 );
#8537 = VERTEX_POINT( '', #10987 );
#8538 = LINE( '', #10988, #10989 );
#8539 = VERTEX_POINT( '', #10990 );
#8540 = LINE( '', #10991, #10992 );
#8541 = VERTEX_POINT( '', #10993 );
#8542 = LINE( '', #10994, #10995 );
#8543 = LINE( '', #10996, #10997 );
#8544 = VERTEX_POINT( '', #10998 );
#8545 = LINE( '', #10999, #11000 );
#8546 = LINE( '', #11001, #11002 );
#8547 = LINE( '', #11003, #11004 );
#8548 = FILL_AREA_STYLE_COLOUR( '', #11005 );
#8549 = LINE( '', #11006, #11007 );
#8550 = LINE( '', #11008, #11009 );
#8551 = FILL_AREA_STYLE_COLOUR( '', #11010 );
#8552 = LINE( '', #11011, #11012 );
#8553 = FILL_AREA_STYLE_COLOUR( '', #11013 );
#8554 = VERTEX_POINT( '', #11014 );
#8555 = LINE( '', #11015, #11016 );
#8556 = LINE( '', #11017, #11018 );
#8557 = LINE( '', #11019, #11020 );
#8558 = LINE( '', #11021, #11022 );
#8559 = FILL_AREA_STYLE_COLOUR( '', #11023 );
#8560 = VERTEX_POINT( '', #11024 );
#8561 = VERTEX_POINT( '', #11025 );
#8562 = LINE( '', #11026, #11027 );
#8563 = VERTEX_POINT( '', #11028 );
#8564 = LINE( '', #11029, #11030 );
#8565 = VERTEX_POINT( '', #11031 );
#8566 = LINE( '', #11032, #11033 );
#8567 = LINE( '', #11034, #11035 );
#8568 = FILL_AREA_STYLE_COLOUR( '', #11036 );
#8569 = VERTEX_POINT( '', #11037 );
#8570 = LINE( '', #11038, #11039 );
#8571 = VERTEX_POINT( '', #11040 );
#8572 = LINE( '', #11041, #11042 );
#8573 = LINE( '', #11043, #11044 );
#8574 = FILL_AREA_STYLE_COLOUR( '', #11045 );
#8575 = LINE( '', #11046, #11047 );
#8576 = VERTEX_POINT( '', #11048 );
#8577 = LINE( '', #11049, #11050 );
#8578 = VERTEX_POINT( '', #11051 );
#8579 = LINE( '', #11052, #11053 );
#8580 = LINE( '', #11054, #11055 );
#8581 = LINE( '', #11056, #11057 );
#8582 = VERTEX_POINT( '', #11058 );
#8583 = LINE( '', #11059, #11060 );
#8584 = LINE( '', #11061, #11062 );
#8585 = VERTEX_POINT( '', #11063 );
#8586 = LINE( '', #11064, #11065 );
#8587 = LINE( '', #11066, #11067 );
#8588 = LINE( '', #11068, #11069 );
#8589 = LINE( '', #11070, #11071 );
#8590 = FILL_AREA_STYLE_COLOUR( '', #11072 );
#8591 = VERTEX_POINT( '', #11073 );
#8592 = LINE( '', #11074, #11075 );
#8593 = VERTEX_POINT( '', #11076 );
#8594 = LINE( '', #11077, #11078 );
#8595 = LINE( '', #11079, #11080 );
#8596 = FILL_AREA_STYLE_COLOUR( '', #11081 );
#8597 = VERTEX_POINT( '', #11082 );
#8598 = LINE( '', #11083, #11084 );
#8599 = CIRCLE( '', #11085, 0.0250000000000000 );
#8600 = VERTEX_POINT( '', #11086 );
#8601 = LINE( '', #11087, #11088 );
#8602 = VERTEX_POINT( '', #11089 );
#8603 = LINE( '', #11090, #11091 );
#8604 = LINE( '', #11092, #11093 );
#8605 = FILL_AREA_STYLE_COLOUR( '', #11094 );
#8606 = LINE( '', #11095, #11096 );
#8607 = VERTEX_POINT( '', #11097 );
#8608 = LINE( '', #11098, #11099 );
#8609 = VERTEX_POINT( '', #11100 );
#8610 = LINE( '', #11101, #11102 );
#8611 = LINE( '', #11103, #11104 );
#8612 = LINE( '', #11105, #11106 );
#8613 = FILL_AREA_STYLE_COLOUR( '', #11107 );
#8614 = VERTEX_POINT( '', #11108 );
#8615 = VERTEX_POINT( '', #11109 );
#8616 = LINE( '', #11110, #11111 );
#8617 = VERTEX_POINT( '', #11112 );
#8618 = LINE( '', #11113, #11114 );
#8619 = VERTEX_POINT( '', #11115 );
#8620 = LINE( '', #11116, #11117 );
#8621 = LINE( '', #11118, #11119 );
#8622 = FILL_AREA_STYLE_COLOUR( '', #11120 );
#8623 = VERTEX_POINT( '', #11121 );
#8624 = LINE( '', #11122, #11123 );
#8625 = LINE( '', #11124, #11125 );
#8626 = FILL_AREA_STYLE_COLOUR( '', #11126 );
#8627 = VERTEX_POINT( '', #11127 );
#8628 = VERTEX_POINT( '', #11128 );
#8629 = LINE( '', #11129, #11130 );
#8630 = VERTEX_POINT( '', #11131 );
#8631 = LINE( '', #11132, #11133 );
#8632 = VERTEX_POINT( '', #11134 );
#8633 = LINE( '', #11135, #11136 );
#8634 = LINE( '', #11137, #11138 );
#8635 = FILL_AREA_STYLE_COLOUR( '', #11139 );
#8636 = VERTEX_POINT( '', #11140 );
#8637 = LINE( '', #11141, #11142 );
#8638 = LINE( '', #11143, #11144 );
#8639 = FILL_AREA_STYLE_COLOUR( '', #11145 );
#8640 = VERTEX_POINT( '', #11146 );
#8641 = LINE( '', #11147, #11148 );
#8642 = LINE( '', #11149, #11150 );
#8643 = FILL_AREA_STYLE_COLOUR( '', #11151 );
#8644 = VERTEX_POINT( '', #11152 );
#8645 = LINE( '', #11153, #11154 );
#8646 = CIRCLE( '', #11155, 0.0250000000000000 );
#8647 = FILL_AREA_STYLE_COLOUR( '', #11156 );
#8648 = VERTEX_POINT( '', #11157 );
#8649 = LINE( '', #11158, #11159 );
#8650 = LINE( '', #11160, #11161 );
#8651 = FILL_AREA_STYLE_COLOUR( '', #11162 );
#8652 = VERTEX_POINT( '', #11163 );
#8653 = VERTEX_POINT( '', #11164 );
#8654 = LINE( '', #11165, #11166 );
#8655 = LINE( '', #11167, #11168 );
#8656 = LINE( '', #11169, #11170 );
#8657 = FILL_AREA_STYLE_COLOUR( '', #11171 );
#8658 = VERTEX_POINT( '', #11172 );
#8659 = LINE( '', #11173, #11174 );
#8660 = LINE( '', #11175, #11176 );
#8661 = FILL_AREA_STYLE_COLOUR( '', #11177 );
#8662 = LINE( '', #11178, #11179 );
#8663 = FILL_AREA_STYLE_COLOUR( '', #11180 );
#8664 = VERTEX_POINT( '', #11181 );
#8665 = LINE( '', #11182, #11183 );
#8666 = VERTEX_POINT( '', #11184 );
#8667 = LINE( '', #11185, #11186 );
#8668 = VERTEX_POINT( '', #11187 );
#8669 = LINE( '', #11188, #11189 );
#8670 = LINE( '', #11190, #11191 );
#8671 = LINE( '', #11192, #11193 );
#8672 = LINE( '', #11194, #11195 );
#8673 = FILL_AREA_STYLE_COLOUR( '', #11196 );
#8674 = VERTEX_POINT( '', #11197 );
#8675 = CIRCLE( '', #11198, 0.0500000000000000 );
#8676 = LINE( '', #11199, #11200 );
#8677 = FILL_AREA_STYLE_COLOUR( '', #11201 );
#8678 = LINE( '', #11202, #11203 );
#8679 = FILL_AREA_STYLE_COLOUR( '', #11204 );
#8680 = LINE( '', #11205, #11206 );
#8681 = LINE( '', #11207, #11208 );
#8682 = FILL_AREA_STYLE_COLOUR( '', #11209 );
#8683 = FILL_AREA_STYLE_COLOUR( '', #11210 );
#8684 = FILL_AREA_STYLE_COLOUR( '', #11211 );
#8685 = CIRCLE( '', #11212, 0.0250000000000000 );
#8686 = FILL_AREA_STYLE_COLOUR( '', #11213 );
#8687 = LINE( '', #11214, #11215 );
#8688 = FILL_AREA_STYLE_COLOUR( '', #11216 );
#8689 = VERTEX_POINT( '', #11217 );
#8690 = LINE( '', #11218, #11219 );
#8691 = VERTEX_POINT( '', #11220 );
#8692 = LINE( '', #11221, #11222 );
#8693 = LINE( '', #11223, #11224 );
#8694 = FILL_AREA_STYLE_COLOUR( '', #11225 );
#8695 = VERTEX_POINT( '', #11226 );
#8696 = LINE( '', #11227, #11228 );
#8697 = LINE( '', #11229, #11230 );
#8698 = FILL_AREA_STYLE_COLOUR( '', #11231 );
#8699 = VERTEX_POINT( '', #11232 );
#8700 = LINE( '', #11233, #11234 );
#8701 = VERTEX_POINT( '', #11235 );
#8702 = LINE( '', #11236, #11237 );
#8703 = LINE( '', #11238, #11239 );
#8704 = FILL_AREA_STYLE_COLOUR( '', #11240 );
#8705 = VERTEX_POINT( '', #11241 );
#8706 = LINE( '', #11242, #11243 );
#8707 = VERTEX_POINT( '', #11244 );
#8708 = LINE( '', #11245, #11246 );
#8709 = LINE( '', #11247, #11248 );
#8710 = FILL_AREA_STYLE_COLOUR( '', #11249 );
#8711 = VERTEX_POINT( '', #11250 );
#8712 = VERTEX_POINT( '', #11251 );
#8713 = LINE( '', #11252, #11253 );
#8714 = LINE( '', #11254, #11255 );
#8715 = LINE( '', #11256, #11257 );
#8716 = FILL_AREA_STYLE_COLOUR( '', #11258 );
#8717 = LINE( '', #11259, #11260 );
#8718 = FILL_AREA_STYLE_COLOUR( '', #11261 );
#8719 = LINE( '', #11262, #11263 );
#8720 = FILL_AREA_STYLE_COLOUR( '', #11264 );
#8721 = VERTEX_POINT( '', #11265 );
#8722 = LINE( '', #11266, #11267 );
#8723 = LINE( '', #11268, #11269 );
#8724 = VERTEX_POINT( '', #11270 );
#8725 = LINE( '', #11271, #11272 );
#8726 = LINE( '', #11273, #11274 );
#8727 = FILL_AREA_STYLE_COLOUR( '', #11275 );
#8728 = VERTEX_POINT( '', #11276 );
#8729 = LINE( '', #11277, #11278 );
#8730 = LINE( '', #11279, #11280 );
#8731 = FILL_AREA_STYLE_COLOUR( '', #11281 );
#8732 = LINE( '', #11282, #11283 );
#8733 = LINE( '', #11284, #11285 );
#8734 = FILL_AREA_STYLE_COLOUR( '', #11286 );
#8735 = LINE( '', #11287, #11288 );
#8736 = FILL_AREA_STYLE_COLOUR( '', #11289 );
#8737 = VERTEX_POINT( '', #11290 );
#8738 = LINE( '', #11291, #11292 );
#8739 = CIRCLE( '', #11293, 0.0250000000000000 );
#8740 = FILL_AREA_STYLE_COLOUR( '', #11294 );
#8741 = LINE( '', #11295, #11296 );
#8742 = LINE( '', #11297, #11298 );
#8743 = FILL_AREA_STYLE_COLOUR( '', #11299 );
#8744 = LINE( '', #11300, #11301 );
#8745 = FILL_AREA_STYLE_COLOUR( '', #11302 );
#8746 = VERTEX_POINT( '', #11303 );
#8747 = LINE( '', #11304, #11305 );
#8748 = VERTEX_POINT( '', #11306 );
#8749 = LINE( '', #11307, #11308 );
#8750 = LINE( '', #11309, #11310 );
#8751 = FILL_AREA_STYLE_COLOUR( '', #11311 );
#8752 = LINE( '', #11312, #11313 );
#8753 = FILL_AREA_STYLE_COLOUR( '', #11314 );
#8754 = LINE( '', #11315, #11316 );
#8755 = LINE( '', #11317, #11318 );
#8756 = FILL_AREA_STYLE_COLOUR( '', #11319 );
#8757 = LINE( '', #11320, #11321 );
#8758 = LINE( '', #11322, #11323 );
#8759 = VERTEX_POINT( '', #11324 );
#8760 = LINE( '', #11325, #11326 );
#8761 = VERTEX_POINT( '', #11327 );
#8762 = LINE( '', #11328, #11329 );
#8763 = VERTEX_POINT( '', #11330 );
#8764 = LINE( '', #11331, #11332 );
#8765 = LINE( '', #11333, #11334 );
#8766 = LINE( '', #11335, #11336 );
#8767 = VERTEX_POINT( '', #11337 );
#8768 = LINE( '', #11338, #11339 );
#8769 = LINE( '', #11340, #11341 );
#8770 = VERTEX_POINT( '', #11342 );
#8771 = LINE( '', #11343, #11344 );
#8772 = LINE( '', #11345, #11346 );
#8773 = LINE( '', #11347, #11348 );
#8774 = LINE( '', #11349, #11350 );
#8775 = LINE( '', #11351, #11352 );
#8776 = LINE( '', #11353, #11354 );
#8777 = LINE( '', #11355, #11356 );
#8778 = VERTEX_POINT( '', #11357 );
#8779 = LINE( '', #11358, #11359 );
#8780 = LINE( '', #11360, #11361 );
#8781 = LINE( '', #11362, #11363 );
#8782 = VERTEX_POINT( '', #11364 );
#8783 = LINE( '', #11365, #11366 );
#8784 = VERTEX_POINT( '', #11367 );
#8785 = LINE( '', #11368, #11369 );
#8786 = LINE( '', #11370, #11371 );
#8787 = FILL_AREA_STYLE_COLOUR( '', #11372 );
#8788 = LINE( '', #11373, #11374 );
#8789 = FILL_AREA_STYLE_COLOUR( '', #11375 );
#8790 = VERTEX_POINT( '', #11376 );
#8791 = LINE( '', #11377, #11378 );
#8792 = LINE( '', #11379, #11380 );
#8793 = FILL_AREA_STYLE_COLOUR( '', #11381 );
#8794 = VERTEX_POINT( '', #11382 );
#8795 = LINE( '', #11383, #11384 );
#8796 = LINE( '', #11385, #11386 );
#8797 = FILL_AREA_STYLE_COLOUR( '', #11387 );
#8798 = VERTEX_POINT( '', #11388 );
#8799 = LINE( '', #11389, #11390 );
#8800 = LINE( '', #11391, #11392 );
#8801 = FILL_AREA_STYLE_COLOUR( '', #11393 );
#8802 = LINE( '', #11394, #11395 );
#8803 = FILL_AREA_STYLE_COLOUR( '', #11396 );
#8804 = LINE( '', #11397, #11398 );
#8805 = LINE( '', #11399, #11400 );
#8806 = LINE( '', #11401, #11402 );
#8807 = FILL_AREA_STYLE_COLOUR( '', #11403 );
#8808 = VERTEX_POINT( '', #11404 );
#8809 = LINE( '', #11405, #11406 );
#8810 = LINE( '', #11407, #11408 );
#8811 = LINE( '', #11409, #11410 );
#8812 = FILL_AREA_STYLE_COLOUR( '', #11411 );
#8813 = VERTEX_POINT( '', #11412 );
#8814 = LINE( '', #11413, #11414 );
#8815 = VERTEX_POINT( '', #11415 );
#8816 = LINE( '', #11416, #11417 );
#8817 = LINE( '', #11418, #11419 );
#8818 = FILL_AREA_STYLE_COLOUR( '', #11420 );
#8819 = LINE( '', #11421, #11422 );
#8820 = FILL_AREA_STYLE_COLOUR( '', #11423 );
#8821 = VERTEX_POINT( '', #11424 );
#8822 = LINE( '', #11425, #11426 );
#8823 = VERTEX_POINT( '', #11427 );
#8824 = LINE( '', #11428, #11429 );
#8825 = VERTEX_POINT( '', #11430 );
#8826 = LINE( '', #11431, #11432 );
#8827 = VERTEX_POINT( '', #11433 );
#8828 = LINE( '', #11434, #11435 );
#8829 = LINE( '', #11436, #11437 );
#8830 = VERTEX_POINT( '', #11438 );
#8831 = LINE( '', #11439, #11440 );
#8832 = LINE( '', #11441, #11442 );
#8833 = FILL_AREA_STYLE_COLOUR( '', #11443 );
#8834 = VERTEX_POINT( '', #11444 );
#8835 = LINE( '', #11445, #11446 );
#8836 = LINE( '', #11447, #11448 );
#8837 = FILL_AREA_STYLE_COLOUR( '', #11449 );
#8838 = LINE( '', #11450, #11451 );
#8839 = LINE( '', #11452, #11453 );
#8840 = FILL_AREA_STYLE_COLOUR( '', #11454 );
#8841 = VERTEX_POINT( '', #11455 );
#8842 = LINE( '', #11456, #11457 );
#8843 = LINE( '', #11458, #11459 );
#8844 = FILL_AREA_STYLE_COLOUR( '', #11460 );
#8845 = LINE( '', #11461, #11462 );
#8846 = FILL_AREA_STYLE_COLOUR( '', #11463 );
#8847 = LINE( '', #11464, #11465 );
#8848 = FILL_AREA_STYLE_COLOUR( '', #11466 );
#8849 = VERTEX_POINT( '', #11467 );
#8850 = LINE( '', #11468, #11469 );
#8851 = VERTEX_POINT( '', #11470 );
#8852 = LINE( '', #11471, #11472 );
#8853 = LINE( '', #11473, #11474 );
#8854 = FILL_AREA_STYLE_COLOUR( '', #11475 );
#8855 = LINE( '', #11476, #11477 );
#8856 = LINE( '', #11478, #11479 );
#8857 = FILL_AREA_STYLE_COLOUR( '', #11480 );
#8858 = FILL_AREA_STYLE_COLOUR( '', #11481 );
#8859 = LINE( '', #11482, #11483 );
#8860 = LINE( '', #11484, #11485 );
#8861 = FILL_AREA_STYLE_COLOUR( '', #11486 );
#8862 = LINE( '', #11487, #11488 );
#8863 = FILL_AREA_STYLE_COLOUR( '', #11489 );
#8864 = LINE( '', #11490, #11491 );
#8865 = FILL_AREA_STYLE_COLOUR( '', #11492 );
#8866 = VERTEX_POINT( '', #11493 );
#8867 = LINE( '', #11494, #11495 );
#8868 = LINE( '', #11496, #11497 );
#8869 = FILL_AREA_STYLE_COLOUR( '', #11498 );
#8870 = LINE( '', #11499, #11500 );
#8871 = FILL_AREA_STYLE_COLOUR( '', #11501 );
#8872 = LINE( '', #11502, #11503 );
#8873 = VERTEX_POINT( '', #11504 );
#8874 = LINE( '', #11505, #11506 );
#8875 = VERTEX_POINT( '', #11507 );
#8876 = LINE( '', #11508, #11509 );
#8877 = LINE( '', #11510, #11511 );
#8878 = FILL_AREA_STYLE_COLOUR( '', #11512 );
#8879 = LINE( '', #11513, #11514 );
#8880 = FILL_AREA_STYLE_COLOUR( '', #11515 );
#8881 = FILL_AREA_STYLE_COLOUR( '', #11516 );
#8882 = FILL_AREA_STYLE_COLOUR( '', #11517 );
#8883 = LINE( '', #11518, #11519 );
#8884 = FILL_AREA_STYLE_COLOUR( '', #11520 );
#8885 = FILL_AREA_STYLE_COLOUR( '', #11521 );
#8886 = LINE( '', #11522, #11523 );
#8887 = FILL_AREA_STYLE_COLOUR( '', #11524 );
#8888 = VERTEX_POINT( '', #11525 );
#8889 = VERTEX_POINT( '', #11526 );
#8890 = LINE( '', #11527, #11528 );
#8891 = LINE( '', #11529, #11530 );
#8892 = LINE( '', #11531, #11532 );
#8893 = FILL_AREA_STYLE_COLOUR( '', #11533 );
#8894 = LINE( '', #11534, #11535 );
#8895 = FILL_AREA_STYLE_COLOUR( '', #11536 );
#8896 = LINE( '', #11537, #11538 );
#8897 = FILL_AREA_STYLE_COLOUR( '', #11539 );
#8898 = LINE( '', #11540, #11541 );
#8899 = FILL_AREA_STYLE_COLOUR( '', #11542 );
#8900 = FILL_AREA_STYLE_COLOUR( '', #11543 );
#8901 = LINE( '', #11544, #11545 );
#8902 = FILL_AREA_STYLE_COLOUR( '', #11546 );
#8903 = LINE( '', #11547, #11548 );
#8904 = FILL_AREA_STYLE_COLOUR( '', #11549 );
#8905 = VERTEX_POINT( '', #11550 );
#8906 = LINE( '', #11551, #11552 );
#8907 = LINE( '', #11553, #11554 );
#8908 = FILL_AREA_STYLE_COLOUR( '', #11555 );
#8909 = LINE( '', #11556, #11557 );
#8910 = FILL_AREA_STYLE_COLOUR( '', #11558 );
#8911 = VERTEX_POINT( '', #11559 );
#8912 = LINE( '', #11560, #11561 );
#8913 = LINE( '', #11562, #11563 );
#8914 = FILL_AREA_STYLE_COLOUR( '', #11564 );
#8915 = FILL_AREA_STYLE_COLOUR( '', #11565 );
#8916 = FILL_AREA_STYLE_COLOUR( '', #11566 );
#8917 = FILL_AREA_STYLE_COLOUR( '', #11567 );
#8918 = VERTEX_POINT( '', #11568 );
#8919 = LINE( '', #11569, #11570 );
#8920 = LINE( '', #11571, #11572 );
#8921 = FILL_AREA_STYLE_COLOUR( '', #11573 );
#8922 = FILL_AREA_STYLE_COLOUR( '', #11574 );
#8923 = LINE( '', #11575, #11576 );
#8924 = LINE( '', #11577, #11578 );
#8925 = FILL_AREA_STYLE_COLOUR( '', #11579 );
#8926 = LINE( '', #11580, #11581 );
#8927 = LINE( '', #11582, #11583 );
#8928 = FILL_AREA_STYLE_COLOUR( '', #11584 );
#8929 = LINE( '', #11585, #11586 );
#8930 = FILL_AREA_STYLE_COLOUR( '', #11587 );
#8931 = VERTEX_POINT( '', #11588 );
#8932 = CIRCLE( '', #11589, 0.0500000000000000 );
#8933 = LINE( '', #11590, #11591 );
#8934 = FILL_AREA_STYLE_COLOUR( '', #11592 );
#8935 = FILL_AREA_STYLE_COLOUR( '', #11593 );
#8936 = LINE( '', #11594, #11595 );
#8937 = FILL_AREA_STYLE_COLOUR( '', #11596 );
#8938 = FILL_AREA_STYLE_COLOUR( '', #11597 );
#8939 = FILL_AREA_STYLE_COLOUR( '', #11598 );
#8940 = VERTEX_POINT( '', #11599 );
#8941 = LINE( '', #11600, #11601 );
#8942 = LINE( '', #11602, #11603 );
#8943 = FILL_AREA_STYLE_COLOUR( '', #11604 );
#8944 = LINE( '', #11605, #11606 );
#8945 = FILL_AREA_STYLE_COLOUR( '', #11607 );
#8946 = LINE( '', #11608, #11609 );
#8947 = LINE( '', #11610, #11611 );
#8948 = LINE( '', #11612, #11613 );
#8949 = FILL_AREA_STYLE_COLOUR( '', #11614 );
#8950 = LINE( '', #11615, #11616 );
#8951 = FILL_AREA_STYLE_COLOUR( '', #11617 );
#8952 = FILL_AREA_STYLE_COLOUR( '', #11618 );
#8953 = LINE( '', #11619, #11620 );
#8954 = LINE( '', #11621, #11622 );
#8955 = FILL_AREA_STYLE_COLOUR( '', #11623 );
#8956 = FILL_AREA_STYLE_COLOUR( '', #11624 );
#8957 = VERTEX_POINT( '', #11625 );
#8958 = LINE( '', #11626, #11627 );
#8959 = LINE( '', #11628, #11629 );
#8960 = FILL_AREA_STYLE_COLOUR( '', #11630 );
#8961 = VERTEX_POINT( '', #11631 );
#8962 = LINE( '', #11632, #11633 );
#8963 = LINE( '', #11634, #11635 );
#8964 = FILL_AREA_STYLE_COLOUR( '', #11636 );
#8965 = LINE( '', #11637, #11638 );
#8966 = FILL_AREA_STYLE_COLOUR( '', #11639 );
#8967 = LINE( '', #11640, #11641 );
#8968 = VERTEX_POINT( '', #11642 );
#8969 = LINE( '', #11643, #11644 );
#8970 = LINE( '', #11645, #11646 );
#8971 = FILL_AREA_STYLE_COLOUR( '', #11647 );
#8972 = LINE( '', #11648, #11649 );
#8973 = FILL_AREA_STYLE_COLOUR( '', #11650 );
#8974 = FILL_AREA_STYLE_COLOUR( '', #11651 );
#8975 = FILL_AREA_STYLE_COLOUR( '', #11652 );
#8976 = LINE( '', #11653, #11654 );
#8977 = FILL_AREA_STYLE_COLOUR( '', #11655 );
#8978 = FILL_AREA_STYLE_COLOUR( '', #11656 );
#8979 = LINE( '', #11657, #11658 );
#8980 = FILL_AREA_STYLE_COLOUR( '', #11659 );
#8981 = FILL_AREA_STYLE_COLOUR( '', #11660 );
#8982 = FILL_AREA_STYLE_COLOUR( '', #11661 );
#8983 = VERTEX_POINT( '', #11662 );
#8984 = LINE( '', #11663, #11664 );
#8985 = LINE( '', #11665, #11666 );
#8986 = FILL_AREA_STYLE_COLOUR( '', #11667 );
#8987 = FILL_AREA_STYLE_COLOUR( '', #11668 );
#8988 = FILL_AREA_STYLE_COLOUR( '', #11669 );
#8989 = LINE( '', #11670, #11671 );
#8990 = FILL_AREA_STYLE_COLOUR( '', #11672 );
#8991 = VERTEX_POINT( '', #11673 );
#8992 = LINE( '', #11674, #11675 );
#8993 = LINE( '', #11676, #11677 );
#8994 = FILL_AREA_STYLE_COLOUR( '', #11678 );
#8995 = LINE( '', #11679, #11680 );
#8996 = FILL_AREA_STYLE_COLOUR( '', #11681 );
#8997 = VERTEX_POINT( '', #11682 );
#8998 = LINE( '', #11683, #11684 );
#8999 = LINE( '', #11685, #11686 );
#9000 = LINE( '', #11687, #11688 );
#9001 = LINE( '', #11689, #11690 );
#9002 = FILL_AREA_STYLE_COLOUR( '', #11691 );
#9003 = LINE( '', #11692, #11693 );
#9004 = FILL_AREA_STYLE_COLOUR( '', #11694 );
#9005 = FILL_AREA_STYLE_COLOUR( '', #11695 );
#9006 = FILL_AREA_STYLE_COLOUR( '', #11696 );
#9007 = FILL_AREA_STYLE_COLOUR( '', #11697 );
#9008 = FILL_AREA_STYLE_COLOUR( '', #11698 );
#9009 = FILL_AREA_STYLE_COLOUR( '', #11699 );
#9010 = LINE( '', #11700, #11701 );
#9011 = FILL_AREA_STYLE_COLOUR( '', #11702 );
#9012 = LINE( '', #11703, #11704 );
#9013 = FILL_AREA_STYLE_COLOUR( '', #11705 );
#9014 = LINE( '', #11706, #11707 );
#9015 = FILL_AREA_STYLE_COLOUR( '', #11708 );
#9016 = FILL_AREA_STYLE_COLOUR( '', #11709 );
#9017 = FILL_AREA_STYLE_COLOUR( '', #11710 );
#9018 = FILL_AREA_STYLE_COLOUR( '', #11711 );
#9019 = LINE( '', #11712, #11713 );
#9020 = LINE( '', #11714, #11715 );
#9021 = LINE( '', #11716, #11717 );
#9022 = FILL_AREA_STYLE_COLOUR( '', #11718 );
#9023 = FILL_AREA_STYLE_COLOUR( '', #11719 );
#9024 = FILL_AREA_STYLE_COLOUR( '', #11720 );
#9025 = FILL_AREA_STYLE_COLOUR( '', #11721 );
#9026 = LINE( '', #11722, #11723 );
#9027 = FILL_AREA_STYLE_COLOUR( '', #11724 );
#9028 = LINE( '', #11725, #11726 );
#9029 = LINE( '', #11727, #11728 );
#9030 = LINE( '', #11729, #11730 );
#9031 = LINE( '', #11731, #11732 );
#9032 = LINE( '', #11733, #11734 );
#9033 = LINE( '', #11735, #11736 );
#9034 = FILL_AREA_STYLE_COLOUR( '', #11737 );
#9035 = FILL_AREA_STYLE_COLOUR( '', #11738 );
#9036 = FILL_AREA_STYLE_COLOUR( '', #11739 );
#9037 = FILL_AREA_STYLE_COLOUR( '', #11740 );
#9038 = FILL_AREA_STYLE_COLOUR( '', #11741 );
#9039 = FILL_AREA_STYLE_COLOUR( '', #11742 );
#9040 = FILL_AREA_STYLE_COLOUR( '', #11743 );
#9041 = FILL_AREA_STYLE_COLOUR( '', #11744 );
#9042 = FILL_AREA_STYLE_COLOUR( '', #11745 );
#9043 = FILL_AREA_STYLE_COLOUR( '', #11746 );
#9044 = FILL_AREA_STYLE_COLOUR( '', #11747 );
#9045 = COLOUR_RGB( '', 0.689999997600000, 0.689999997600000, 0.689999997600000 );
#9046 = CARTESIAN_POINT( '', ( 0.163626959721360, 0.320000000000000, 0.00510000000000000 ) );
#9047 = CARTESIAN_POINT( '', ( 0.173000000000000, 0.305000000000000, 0.00510000000000000 ) );
#9048 = CARTESIAN_POINT( '', ( 0.289824957971423, 0.118040985904562, 0.00510000000000000 ) );
#9049 = VECTOR( '', #11748, 39.3700787402000 );
#9050 = CARTESIAN_POINT( '', ( 0.155050000000000, 0.320000000000000, 0.00510000000000000 ) );
#9051 = CARTESIAN_POINT( '', ( 0.244950000000000, 0.320000000000000, 0.00510000000000000 ) );
#9052 = VECTOR( '', #11749, 39.3700787402000 );
#9053 = CARTESIAN_POINT( '', ( 0.155050000000000, 0.0900000000000000, 0.00510000000000000 ) );
#9054 = CARTESIAN_POINT( '', ( 0.155050000000000, 0.0900000000000000, 0.00510000000000000 ) );
#9055 = VECTOR( '', #11750, 39.3700787402000 );
#9056 = CARTESIAN_POINT( '', ( 0.244950000000000, 0.0900000000000000, 0.00510000000000000 ) );
#9057 = CARTESIAN_POINT( '', ( 0.244950000000000, 0.0900000000000000, 0.00510000000000000 ) );
#9058 = VECTOR( '', #11751, 39.3700787402000 );
#9059 = CARTESIAN_POINT( '', ( 0.244950000000000, 0.320000000000000, 0.00510000000000000 ) );
#9060 = CARTESIAN_POINT( '', ( 0.244950000000000, 0.0900000000000000, 0.00510000000000000 ) );
#9061 = VECTOR( '', #11752, 39.3700787402000 );
#9062 = CARTESIAN_POINT( '', ( 0.236373040278640, 0.320000000000000, 0.00510000000000000 ) );
#9063 = CARTESIAN_POINT( '', ( 0.244950000000000, 0.320000000000000, 0.00510000000000000 ) );
#9064 = VECTOR( '', #11753, 39.3700787402000 );
#9065 = CARTESIAN_POINT( '', ( 0.227000000000000, 0.305000000000000, 0.00510000000000000 ) );
#9066 = CARTESIAN_POINT( '', ( 0.135420258980408, 0.158441778285709, 0.00510000000000000 ) );
#9067 = VECTOR( '', #11754, 39.3700787402000 );
#9068 = CARTESIAN_POINT( '', ( 0.223333319203366, 0.200000000000000, 0.00510000000000000 ) );
#9069 = CARTESIAN_POINT( '', ( 0.219523041721425, 0.0908879289489224, 0.00510000000000000 ) );
#9070 = VECTOR( '', #11755, 39.3700787402000 );
#9071 = CARTESIAN_POINT( '', ( 0.176666680796634, 0.200000000000000, 0.00510000000000000 ) );
#9072 = CARTESIAN_POINT( '', ( 0.244950000000000, 0.200000000000000, 0.00510000000000000 ) );
#9073 = VECTOR( '', #11756, 39.3700787402000 );
#9074 = CARTESIAN_POINT( '', ( 0.180586454219396, 0.0877523754541240, 0.00510000000000000 ) );
#9075 = VECTOR( '', #11757, 39.3700787402000 );
#9076 = COLOUR_RGB( '', 0.689999997600000, 0.689999997600000, 0.689999997600000 );
#9077 = CARTESIAN_POINT( '', ( 0.257500000000000, 0.000000000000000, -0.145000000000000 ) );
#9078 = CARTESIAN_POINT( '', ( 0.257500000000000, 0.320000000000000, -0.145000000000000 ) );
#9079 = CARTESIAN_POINT( '', ( 0.257500000000000, -0.0200000000000000, -0.145000000000000 ) );
#9080 = VECTOR( '', #11758, 39.3700787402000 );
#9081 = CARTESIAN_POINT( '', ( 0.280000000000000, 0.320000000000000, -0.145000000000000 ) );
#9082 = CARTESIAN_POINT( '', ( 0.280000000000000, 0.320000000000000, -0.145000000000000 ) );
#9083 = VECTOR( '', #11759, 39.3700787402000 );
#9084 = CARTESIAN_POINT( '', ( 0.280000000000000, 0.000000000000000, -0.145000000000000 ) );
#9085 = CARTESIAN_POINT( '', ( 0.280000000000000, 0.000000000000000, -0.145000000000000 ) );
#9086 = VECTOR( '', #11760, 39.3700787402000 );
#9087 = CARTESIAN_POINT( '', ( 0.280000000000000, 0.000000000000000, -0.145000000000000 ) );
#9088 = VECTOR( '', #11761, 39.3700787402000 );
#9089 = COLOUR_RGB( '', 1.00000000000000, 1.00000000000000, 0.000000000000000 );
#9090 = CARTESIAN_POINT( '', ( 0.0875000000000000, 0.298750000000000, -0.0375000000000000 ) );
#9091 = CARTESIAN_POINT( '', ( 0.0875000000000000, 0.305000000000000, -0.0437500000000000 ) );
#9092 = CARTESIAN_POINT( '', ( 0.0875000000000000, 0.305000000000000, -0.0437500000000000 ) );
#9093 = VECTOR( '', #11762, 39.3700787402000 );
#9094 = CARTESIAN_POINT( '', ( 0.112500000000000, 0.298750000000000, -0.0375000000000000 ) );
#9095 = CARTESIAN_POINT( '', ( 0.212500000000000, 0.298750000000000, -0.0375000000000000 ) );
#9096 = VECTOR( '', #11763, 39.3700787402000 );
#9097 = CARTESIAN_POINT( '', ( 0.112500000000000, 0.305000000000000, -0.0437500000000000 ) );
#9098 = CARTESIAN_POINT( '', ( 0.112500000000000, 0.305000000000000, -0.0437500000000000 ) );
#9099 = VECTOR( '', #11764, 39.3700787402000 );
#9100 = CARTESIAN_POINT( '', ( 0.212500000000000, 0.305000000000000, -0.0437500000000000 ) );
#9101 = VECTOR( '', #11765, 39.3700787402000 );
#9102 = COLOUR_RGB( '', 1.00000000000000, 1.00000000000000, 0.000000000000000 );
#9103 = CARTESIAN_POINT( '', ( -0.0875000000000000, -0.0725000000000000, -0.223750000000000 ) );
#9104 = CARTESIAN_POINT( '', ( -0.0875000000000000, -0.0662499999999999, -0.230000000000000 ) );
#9105 = CARTESIAN_POINT( '', ( -0.0875000000000000, -0.0725000000000000, -0.223750000000000 ) );
#9106 = VECTOR( '', #11766, 39.3700787402000 );
#9107 = CARTESIAN_POINT( '', ( -0.112500000000000, -0.0725000000000000, -0.223750000000000 ) );
#9108 = CARTESIAN_POINT( '', ( 0.212500000000000, -0.0725000000000000, -0.223750000000000 ) );
#9109 = VECTOR( '', #11767, 39.3700787402000 );
#9110 = CARTESIAN_POINT( '', ( -0.112500000000000, -0.0662500000000000, -0.230000000000000 ) );
#9111 = CARTESIAN_POINT( '', ( -0.112500000000000, -0.0725000000000000, -0.223750000000000 ) );
#9112 = VECTOR( '', #11768, 39.3700787402000 );
#9113 = CARTESIAN_POINT( '', ( 0.212500000000000, -0.0662500000000000, -0.230000000000000 ) );
#9114 = VECTOR( '', #11769, 39.3700787402000 );
#9115 = COLOUR_RGB( '', 0.689999997600000, 0.689999997600000, 0.689999997600000 );
#9116 = CARTESIAN_POINT( '', ( 0.144950000000000, 0.0900000000000000, -0.0600000000000000 ) );
#9117 = CARTESIAN_POINT( '', ( 0.144950000000000, 0.0900000000000000, -0.114900000000000 ) );
#9118 = CARTESIAN_POINT( '', ( 0.144950000000000, 0.0900000000000000, -0.00500000000000000 ) );
#9119 = VECTOR( '', #11770, 39.3700787402000 );
#9120 = CARTESIAN_POINT( '', ( 0.144950000000000, 0.320000000000000, -0.0600000000000000 ) );
#9121 = CARTESIAN_POINT( '', ( 0.144950000000000, 0.0900000000000000, -0.0600000000000000 ) );
#9122 = VECTOR( '', #11771, 39.3700787402000 );
#9123 = CARTESIAN_POINT( '', ( 0.144950000000000, 0.320000000000000, -0.114900000000000 ) );
#9124 = CARTESIAN_POINT( '', ( 0.144950000000000, 0.320000000000000, -0.00500000000000000 ) );
#9125 = VECTOR( '', #11772, 39.3700787402000 );
#9126 = CARTESIAN_POINT( '', ( 0.144950000000000, 0.0900000000000000, -0.114900000000000 ) );
#9127 = VECTOR( '', #11773, 39.3700787402000 );
#9128 = COLOUR_RGB( '', 1.00000000000000, 1.00000000000000, 0.000000000000000 );
#9129 = CARTESIAN_POINT( '', ( -0.112500000000000, 0.298750000000000, 0.0375000000000000 ) );
#9130 = CARTESIAN_POINT( '', ( -0.112500000000000, 0.0650000000000000, 0.0375000000000000 ) );
#9131 = CARTESIAN_POINT( '', ( -0.112500000000000, 0.0650000000000000, 0.0375000000000000 ) );
#9132 = VECTOR( '', #11774, 39.3700787402000 );
#9133 = CARTESIAN_POINT( '', ( -0.0875000000000000, 0.298750000000000, 0.0375000000000000 ) );
#9134 = CARTESIAN_POINT( '', ( 0.212500000000000, 0.298750000000000, 0.0375000000000000 ) );
#9135 = VECTOR( '', #11775, 39.3700787402000 );
#9136 = CARTESIAN_POINT( '', ( -0.0875000000000000, 0.0650000000000000, 0.0375000000000000 ) );
#9137 = CARTESIAN_POINT( '', ( -0.0875000000000000, 0.0650000000000000, 0.0375000000000000 ) );
#9138 = VECTOR( '', #11776, 39.3700787402000 );
#9139 = CARTESIAN_POINT( '', ( 0.212500000000000, 0.0650000000000000, 0.0375000000000000 ) );
#9140 = VECTOR( '', #11777, 39.3700787402000 );
#9141 = COLOUR_RGB( '', 1.00000000000000, 1.00000000000000, 0.000000000000000 );
#9142 = CARTESIAN_POINT( '', ( 0.0125000000000000, 0.0400000000000000, -0.0375000000000000 ) );
#9143 = CARTESIAN_POINT( '', ( 0.0125000000000000, -0.0225000000000000, -0.0375000000000000 ) );
#9144 = CARTESIAN_POINT( '', ( 0.0125000000000000, 0.0400000000000000, -0.0375000000000000 ) );
#9145 = VECTOR( '', #11778, 39.3700787402000 );
#9146 = CARTESIAN_POINT( '', ( 0.0125000000000000, -0.0725000000000000, -0.0875000000000000 ) );
#9147 = AXIS2_PLACEMENT_3D( '', #11779, #11780, #11781 );
#9148 = CARTESIAN_POINT( '', ( 0.0125000000000000, -0.0725000000000000, -0.223750000000000 ) );
#9149 = CARTESIAN_POINT( '', ( 0.0125000000000000, -0.0725000000000000, -0.0875000000000000 ) );
#9150 = VECTOR( '', #11782, 39.3700787402000 );
#9151 = CARTESIAN_POINT( '', ( 0.0125000000000000, -0.0662499999999999, -0.230000000000000 ) );
#9152 = CARTESIAN_POINT( '', ( 0.0125000000000000, -0.0725000000000000, -0.223750000000000 ) );
#9153 = VECTOR( '', #11783, 39.3700787402000 );
#9154 = CARTESIAN_POINT( '', ( 0.0125000000000000, -0.0537500000000000, -0.230000000000000 ) );
#9155 = CARTESIAN_POINT( '', ( 0.0125000000000000, 0.0400000000000000, -0.230000000000000 ) );
#9156 = VECTOR( '', #11784, 39.3700787402000 );
#9157 = CARTESIAN_POINT( '', ( 0.0125000000000000, -0.0475000000000000, -0.223750000000000 ) );
#9158 = CARTESIAN_POINT( '', ( 0.0125000000000000, -0.0537500000000000, -0.230000000000000 ) );
#9159 = VECTOR( '', #11785, 39.3700787402000 );
#9160 = CARTESIAN_POINT( '', ( 0.0125000000000000, -0.0475000000000000, -0.0875000000000000 ) );
#9161 = CARTESIAN_POINT( '', ( 0.0125000000000000, -0.0475000000000000, -0.223750000000000 ) );
#9162 = VECTOR( '', #11786, 39.3700787402000 );
#9163 = CARTESIAN_POINT( '', ( 0.0125000000000000, -0.0225000000000000, -0.0625000000000000 ) );
#9164 = AXIS2_PLACEMENT_3D( '', #11787, #11788, #11789 );
#9165 = CARTESIAN_POINT( '', ( 0.0125000000000000, 0.0400000000000000, -0.0625000000000000 ) );
#9166 = CARTESIAN_POINT( '', ( 0.0125000000000000, -0.0225000000000000, -0.0625000000000000 ) );
#9167 = VECTOR( '', #11790, 39.3700787402000 );
#9168 = CARTESIAN_POINT( '', ( 0.0125000000000000, 0.0400000000000000, 0.145000000000000 ) );
#9169 = VECTOR( '', #11791, 39.3700787402000 );
#9170 = COLOUR_RGB( '', 0.689999997600000, 0.689999997600000, 0.689999997600000 );
#9171 = CARTESIAN_POINT( '', ( -0.257500000000000, 0.320000000000000, 0.145000000000000 ) );
#9172 = CARTESIAN_POINT( '', ( -0.257500000000000, 0.000000000000000, 0.145000000000000 ) );
#9173 = CARTESIAN_POINT( '', ( -0.257500000000000, 0.0200000000000000, 0.145000000000000 ) );
#9174 = VECTOR( '', #11792, 39.3700787402000 );
#9175 = CARTESIAN_POINT( '', ( -0.280000000000000, 0.320000000000000, 0.145000000000000 ) );
#9176 = CARTESIAN_POINT( '', ( 0.280000000000000, 0.320000000000000, 0.145000000000000 ) );
#9177 = VECTOR( '', #11793, 39.3700787402000 );
#9178 = CARTESIAN_POINT( '', ( -0.280000000000000, 0.000000000000000, 0.145000000000000 ) );
#9179 = CARTESIAN_POINT( '', ( -0.280000000000000, 0.320000000000000, 0.145000000000000 ) );
#9180 = VECTOR( '', #11794, 39.3700787402000 );
#9181 = CARTESIAN_POINT( '', ( 0.280000000000000, 0.000000000000000, 0.145000000000000 ) );
#9182 = VECTOR( '', #11795, 39.3700787402000 );
#9183 = COLOUR_RGB( '', 1.00000000000000, 1.00000000000000, 0.000000000000000 );
#9184 = CARTESIAN_POINT( '', ( -0.0125000000000000, -0.122500000000000, 0.0625000000000000 ) );
#9185 = CARTESIAN_POINT( '', ( -0.0125000000000000, 0.0400000000000000, 0.0625000000000000 ) );
#9186 = CARTESIAN_POINT( '', ( -0.0125000000000000, 0.298750000000000, 0.0625000000000000 ) );
#9187 = VECTOR( '', #11796, 39.3700787402000 );
#9188 = CARTESIAN_POINT( '', ( -0.0125000000000000, 0.0400000000000000, 0.0375000000000000 ) );
#9189 = CARTESIAN_POINT( '', ( -0.0125000000000000, 0.0400000000000000, 0.145000000000000 ) );
#9190 = VECTOR( '', #11797, 39.3700787402000 );
#9191 = CARTESIAN_POINT( '', ( -0.0125000000000000, -0.122500000000000, 0.0375000000000000 ) );
#9192 = CARTESIAN_POINT( '', ( -0.0125000000000000, -0.122500000000000, 0.0375000000000000 ) );
#9193 = VECTOR( '', #11798, 39.3700787402000 );
#9194 = CARTESIAN_POINT( '', ( -0.0125000000000000, -0.147500000000000, 0.0125000000000000 ) );
#9195 = AXIS2_PLACEMENT_3D( '', #11799, #11800, #11801 );
#9196 = CARTESIAN_POINT( '', ( -0.0125000000000000, -0.147500000000000, -0.223750000000000 ) );
#9197 = CARTESIAN_POINT( '', ( -0.0125000000000000, -0.147500000000000, -0.223750000000000 ) );
#9198 = VECTOR( '', #11802, 39.3700787402000 );
#9199 = CARTESIAN_POINT( '', ( -0.0125000000000000, -0.153750000000000, -0.230000000000000 ) );
#9200 = CARTESIAN_POINT( '', ( -0.0125000000000000, -0.153750000000000, -0.230000000000000 ) );
#9201 = VECTOR( '', #11803, 39.3700787402000 );
#9202 = CARTESIAN_POINT( '', ( -0.0125000000000000, -0.166250000000000, -0.230000000000000 ) );
#9203 = CARTESIAN_POINT( '', ( -0.0125000000000000, -0.200000000000000, -0.230000000000000 ) );
#9204 = VECTOR( '', #11804, 39.3700787402000 );
#9205 = CARTESIAN_POINT( '', ( -0.0125000000000000, -0.172500000000000, -0.223750000000000 ) );
#9206 = CARTESIAN_POINT( '', ( -0.0125000000000000, -0.172500000000000, -0.223750000000000 ) );
#9207 = VECTOR( '', #11805, 39.3700787402000 );
#9208 = CARTESIAN_POINT( '', ( -0.0125000000000000, -0.172500000000000, 0.0125000000000000 ) );
#9209 = CARTESIAN_POINT( '', ( -0.0125000000000000, -0.172500000000000, 0.0125000000000000 ) );
#9210 = VECTOR( '', #11806, 39.3700787402000 );
#9211 = AXIS2_PLACEMENT_3D( '', #11807, #11808, #11809 );
#9212 = COLOUR_RGB( '', 1.00000000000000, 1.00000000000000, 0.000000000000000 );
#9213 = CARTESIAN_POINT( '', ( -0.187500000000000, -0.122500000000000, 0.0375000000000000 ) );
#9214 = CARTESIAN_POINT( '', ( -0.187500000000000, 0.0400000000000000, 0.0375000000000000 ) );
#9215 = CARTESIAN_POINT( '', ( -0.187500000000000, -0.122500000000000, 0.0375000000000000 ) );
#9216 = VECTOR( '', #11810, 39.3700787402000 );
#9217 = CARTESIAN_POINT( '', ( -0.212500000000000, -0.122500000000000, 0.0375000000000000 ) );
#9218 = CARTESIAN_POINT( '', ( 0.212500000000000, -0.122500000000000, 0.0375000000000000 ) );
#9219 = VECTOR( '', #11811, 39.3700787402000 );
#9220 = CARTESIAN_POINT( '', ( -0.212500000000000, 0.0400000000000000, 0.0375000000000000 ) );
#9221 = CARTESIAN_POINT( '', ( -0.212500000000000, -0.122500000000000, 0.0375000000000000 ) );
#9222 = VECTOR( '', #11812, 39.3700787402000 );
#9223 = CARTESIAN_POINT( '', ( 0.212500000000000, 0.0400000000000000, 0.0375000000000000 ) );
#9224 = VECTOR( '', #11813, 39.3700787402000 );
#9225 = COLOUR_RGB( '', 0.689999997600000, 0.689999997600000, 0.689999997600000 );
#9226 = CARTESIAN_POINT( '', ( 0.0550500000000000, 0.320000000000000, -0.114900000000000 ) );
#9227 = CARTESIAN_POINT( '', ( 0.144950000000000, 0.320000000000000, -0.114900000000000 ) );
#9228 = VECTOR( '', #11814, 39.3700787402000 );
#9229 = CARTESIAN_POINT( '', ( 0.0550500000000000, 0.0900000000000000, -0.114900000000000 ) );
#9230 = CARTESIAN_POINT( '', ( 0.0550500000000000, 0.0900000000000000, -0.114900000000000 ) );
#9231 = VECTOR( '', #11815, 39.3700787402000 );
#9232 = CARTESIAN_POINT( '', ( 0.144950000000000, 0.0900000000000000, -0.114900000000000 ) );
#9233 = VECTOR( '', #11816, 39.3700787402000 );
#9234 = COLOUR_RGB( '', 1.00000000000000, 1.00000000000000, 0.000000000000000 );
#9235 = CARTESIAN_POINT( '', ( -0.0125000000000000, 0.298750000000000, 0.0375000000000000 ) );
#9236 = CARTESIAN_POINT( '', ( -0.0125000000000000, 0.0650000000000000, 0.0375000000000000 ) );
#9237 = CARTESIAN_POINT( '', ( -0.0125000000000000, 0.0650000000000000, 0.0375000000000000 ) );
#9238 = VECTOR( '', #11817, 39.3700787402000 );
#9239 = CARTESIAN_POINT( '', ( 0.0125000000000001, 0.298750000000000, 0.0375000000000000 ) );
#9240 = CARTESIAN_POINT( '', ( 0.212500000000000, 0.298750000000000, 0.0375000000000000 ) );
#9241 = VECTOR( '', #11818, 39.3700787402000 );
#9242 = CARTESIAN_POINT( '', ( 0.0125000000000001, 0.0650000000000000, 0.0375000000000000 ) );
#9243 = CARTESIAN_POINT( '', ( 0.0125000000000001, 0.0650000000000000, 0.0375000000000000 ) );
#9244 = VECTOR( '', #11819, 39.3700787402000 );
#9245 = CARTESIAN_POINT( '', ( 0.212500000000000, 0.0650000000000000, 0.0375000000000000 ) );
#9246 = VECTOR( '', #11820, 39.3700787402000 );
#9247 = COLOUR_RGB( '', 1.00000000000000, 1.00000000000000, 0.000000000000000 );
#9248 = CARTESIAN_POINT( '', ( 0.0125000000000000, -0.122500000000000, 0.0625000000000000 ) );
#9249 = CARTESIAN_POINT( '', ( 0.0125000000000000, -0.172500000000000, 0.0125000000000000 ) );
#9250 = AXIS2_PLACEMENT_3D( '', #11821, #11822, #11823 );
#9251 = CARTESIAN_POINT( '', ( 0.212500000000000, -0.122500000000000, 0.0625000000000000 ) );
#9252 = VECTOR( '', #11824, 39.3700787402000 );
#9253 = CARTESIAN_POINT( '', ( 0.212500000000000, -0.172500000000000, 0.0125000000000000 ) );
#9254 = VECTOR( '', #11825, 39.3700787402000 );
#9255 = COLOUR_RGB( '', 0.689999997600000, 0.689999997600000, 0.689999997600000 );
#9256 = CARTESIAN_POINT( '', ( -0.0550500000000000, 0.0900000000000000, 0.00510000000000000 ) );
#9257 = CARTESIAN_POINT( '', ( -0.144950000000000, 0.0900000000000000, 0.00510000000000000 ) );
#9258 = CARTESIAN_POINT( '', ( -0.0550500000000000, 0.0900000000000000, 0.00510000000000000 ) );
#9259 = VECTOR( '', #11826, 39.3700787402000 );
#9260 = CARTESIAN_POINT( '', ( -0.144950000000000, 0.0900000000000000, 0.115000000000000 ) );
#9261 = CARTESIAN_POINT( '', ( -0.144950000000000, 0.0900000000000000, 0.00510000000000000 ) );
#9262 = VECTOR( '', #11827, 39.3700787402000 );
#9263 = CARTESIAN_POINT( '', ( -0.0550500000000000, 0.0900000000000000, 0.115000000000000 ) );
#9264 = CARTESIAN_POINT( '', ( -0.144950000000000, 0.0900000000000000, 0.115000000000000 ) );
#9265 = VECTOR( '', #11828, 39.3700787402000 );
#9266 = CARTESIAN_POINT( '', ( -0.0550500000000000, 0.0900000000000000, 0.115000000000000 ) );
#9267 = VECTOR( '', #11829, 39.3700787402000 );
#9268 = COLOUR_RGB( '', 0.689999997600000, 0.689999997600000, 0.689999997600000 );
#9269 = CARTESIAN_POINT( '', ( -0.257500000000000, 0.000000000000000, 0.115000000000000 ) );
#9270 = CARTESIAN_POINT( '', ( -0.257500000000000, 0.000000000000000, 0.145000000000000 ) );
#9271 = VECTOR( '', #11830, 39.3700787402000 );
#9272 = CARTESIAN_POINT( '', ( -0.280000000000000, 0.000000000000000, 0.115000000000000 ) );
#9273 = CARTESIAN_POINT( '', ( -0.280000000000000, 0.000000000000000, 0.145000000000000 ) );
#9274 = VECTOR( '', #11831, 39.3700787402000 );
#9275 = CARTESIAN_POINT( '', ( 0.280000000000000, 0.000000000000000, 0.115000000000000 ) );
#9276 = VECTOR( '', #11832, 39.3700787402000 );
#9277 = COLOUR_RGB( '', 0.689999997600000, 0.689999997600000, 0.689999997600000 );
#9278 = CARTESIAN_POINT( '', ( -0.0325000000000000, 0.000000000000000, 0.115000000000000 ) );
#9279 = CARTESIAN_POINT( '', ( -0.0325000000000000, 0.0200000000000000, 0.115000000000000 ) );
#9280 = CARTESIAN_POINT( '', ( -0.0325000000000000, 0.000000000000000, 0.115000000000000 ) );
#9281 = VECTOR( '', #11833, 39.3700787402000 );
#9282 = CARTESIAN_POINT( '', ( -0.0675000000000000, 0.000000000000000, 0.115000000000000 ) );
#9283 = CARTESIAN_POINT( '', ( 0.280000000000000, 0.000000000000000, 0.115000000000000 ) );
#9284 = VECTOR( '', #11834, 39.3700787402000 );
#9285 = CARTESIAN_POINT( '', ( -0.0675000000000000, 0.0200000000000000, 0.115000000000000 ) );
#9286 = CARTESIAN_POINT( '', ( -0.0675000000000000, 0.000000000000000, 0.115000000000000 ) );
#9287 = VECTOR( '', #11835, 39.3700787402000 );
#9288 = CARTESIAN_POINT( '', ( 0.280000000000000, 0.0200000000000000, 0.115000000000000 ) );
#9289 = VECTOR( '', #11836, 39.3700787402000 );
#9290 = COLOUR_RGB( '', 1.00000000000000, 1.00000000000000, 0.000000000000000 );
#9291 = CARTESIAN_POINT( '', ( 0.0875000000000000, 0.0650000000000000, -0.0375000000000000 ) );
#9292 = CARTESIAN_POINT( '', ( 0.0875000000000000, 0.298750000000000, -0.0375000000000000 ) );
#9293 = VECTOR( '', #11837, 39.3700787402000 );
#9294 = CARTESIAN_POINT( '', ( 0.112500000000000, 0.0650000000000000, -0.0375000000000000 ) );
#9295 = CARTESIAN_POINT( '', ( 0.212500000000000, 0.0650000000000000, -0.0375000000000000 ) );
#9296 = VECTOR( '', #11838, 39.3700787402000 );
#9297 = CARTESIAN_POINT( '', ( 0.112500000000000, 0.298750000000000, -0.0375000000000000 ) );
#9298 = VECTOR( '', #11839, 39.3700787402000 );
#9299 = COLOUR_RGB( '', 1.00000000000000, 1.00000000000000, 0.000000000000000 );
#9300 = CARTESIAN_POINT( '', ( 0.112500000000000, -0.0475000000000000, -0.223750000000000 ) );
#9301 = CARTESIAN_POINT( '', ( 0.112500000000000, -0.0475000000000000, -0.0875000000000000 ) );
#9302 = CARTESIAN_POINT( '', ( 0.112500000000000, -0.0475000000000000, -0.223750000000000 ) );
#9303 = VECTOR( '', #11840, 39.3700787402000 );
#9304 = CARTESIAN_POINT( '', ( 0.0875000000000001, -0.0475000000000000, -0.223750000000000 ) );
#9305 = CARTESIAN_POINT( '', ( 0.212500000000000, -0.0475000000000000, -0.223750000000000 ) );
#9306 = VECTOR( '', #11841, 39.3700787402000 );
#9307 = CARTESIAN_POINT( '', ( 0.0875000000000001, -0.0475000000000000, -0.0875000000000000 ) );
#9308 = CARTESIAN_POINT( '', ( 0.0875000000000001, -0.0475000000000000, -0.223750000000000 ) );
#9309 = VECTOR( '', #11842, 39.3700787402000 );
#9310 = CARTESIAN_POINT( '', ( 0.212500000000000, -0.0475000000000000, -0.0875000000000000 ) );
#9311 = VECTOR( '', #11843, 39.3700787402000 );
#9312 = COLOUR_RGB( '', 1.00000000000000, 1.00000000000000, 0.000000000000000 );
#9313 = CARTESIAN_POINT( '', ( 0.187500000000000, 0.305000000000000, -0.0437500000000000 ) );
#9314 = CARTESIAN_POINT( '', ( 0.187500000000000, 0.305000000000000, -0.0562500000000000 ) );
#9315 = CARTESIAN_POINT( '', ( 0.187500000000000, 0.305000000000000, -0.0562500000000000 ) );
#9316 = VECTOR( '', #11844, 39.3700787402000 );
#9317 = CARTESIAN_POINT( '', ( 0.212500000000000, 0.305000000000000, -0.0437500000000000 ) );
#9318 = CARTESIAN_POINT( '', ( 0.212500000000000, 0.305000000000000, -0.0437500000000000 ) );
#9319 = VECTOR( '', #11845, 39.3700787402000 );
#9320 = CARTESIAN_POINT( '', ( 0.212500000000000, 0.305000000000000, -0.0562500000000000 ) );
#9321 = CARTESIAN_POINT( '', ( 0.212500000000000, 0.305000000000000, -0.0562500000000000 ) );
#9322 = VECTOR( '', #11846, 39.3700787402000 );
#9323 = CARTESIAN_POINT( '', ( 0.212500000000000, 0.305000000000000, -0.0562500000000000 ) );
#9324 = VECTOR( '', #11847, 39.3700787402000 );
#9325 = COLOUR_RGB( '', 1.00000000000000, 1.00000000000000, 0.000000000000000 );
#9326 = CARTESIAN_POINT( '', ( -0.187500000000000, -0.0225000000000000, -0.0375000000000000 ) );
#9327 = CARTESIAN_POINT( '', ( -0.187500000000000, -0.0725000000000000, -0.0875000000000000 ) );
#9328 = AXIS2_PLACEMENT_3D( '', #11848, #11849, #11850 );
#9329 = CARTESIAN_POINT( '', ( -0.212500000000000, -0.0225000000000000, -0.0375000000000000 ) );
#9330 = CARTESIAN_POINT( '', ( 0.212500000000000, -0.0225000000000000, -0.0375000000000000 ) );
#9331 = VECTOR( '', #11851, 39.3700787402000 );
#9332 = CARTESIAN_POINT( '', ( -0.212500000000000, -0.0725000000000000, -0.0875000000000000 ) );
#9333 = AXIS2_PLACEMENT_3D( '', #11852, #11853, #11854 );
#9334 = CARTESIAN_POINT( '', ( 0.212500000000000, -0.0725000000000000, -0.0875000000000000 ) );
#9335 = VECTOR( '', #11855, 39.3700787402000 );
#9336 = COLOUR_RGB( '', 1.00000000000000, 1.00000000000000, 0.000000000000000 );
#9337 = CARTESIAN_POINT( '', ( 0.187500000000000, 0.305000000000000, 0.0562500000000000 ) );
#9338 = CARTESIAN_POINT( '', ( 0.187500000000000, 0.305000000000000, 0.0437500000000000 ) );
#9339 = CARTESIAN_POINT( '', ( 0.187500000000000, 0.305000000000000, 0.0437500000000000 ) );
#9340 = VECTOR( '', #11856, 39.3700787402000 );
#9341 = CARTESIAN_POINT( '', ( 0.212500000000000, 0.305000000000000, 0.0562500000000000 ) );
#9342 = CARTESIAN_POINT( '', ( 0.212500000000000, 0.305000000000000, 0.0562500000000000 ) );
#9343 = VECTOR( '', #11857, 39.3700787402000 );
#9344 = CARTESIAN_POINT( '', ( 0.212500000000000, 0.305000000000000, 0.0437500000000000 ) );
#9345 = CARTESIAN_POINT( '', ( 0.212500000000000, 0.305000000000000, 0.0437500000000000 ) );
#9346 = VECTOR( '', #11858, 39.3700787402000 );
#9347 = CARTESIAN_POINT( '', ( 0.212500000000000, 0.305000000000000, 0.0437500000000000 ) );
#9348 = VECTOR( '', #11859, 39.3700787402000 );
#9349 = COLOUR_RGB( '', 0.689999997600000, 0.689999997600000, 0.689999997600000 );
#9350 = CARTESIAN_POINT( '', ( 0.0449500000000000, 0.320000000000000, 0.115000000000000 ) );
#9351 = CARTESIAN_POINT( '', ( 0.0449500000000000, 0.320000000000000, 0.00510000000000000 ) );
#9352 = CARTESIAN_POINT( '', ( 0.0449500000000000, 0.320000000000000, 0.115000000000000 ) );
#9353 = VECTOR( '', #11860, 39.3700787402000 );
#9354 = CARTESIAN_POINT( '', ( 0.0449500000000000, 0.0900000000000000, 0.00510000000000000 ) );
#9355 = CARTESIAN_POINT( '', ( 0.0449500000000000, 0.0900000000000000, 0.00510000000000000 ) );
#9356 = VECTOR( '', #11861, 39.3700787402000 );
#9357 = CARTESIAN_POINT( '', ( 0.0449500000000000, 0.0900000000000000, 0.115000000000000 ) );
#9358 = CARTESIAN_POINT( '', ( 0.0449500000000000, 0.0900000000000000, 0.115000000000000 ) );
#9359 = VECTOR( '', #11862, 39.3700787402000 );
#9360 = CARTESIAN_POINT( '', ( 0.0449500000000000, 0.0900000000000000, 0.115000000000000 ) );
#9361 = VECTOR( '', #11863, 39.3700787402000 );
#9362 = COLOUR_RGB( '', 0.689999997600000, 0.689999997600000, 0.689999997600000 );
#9363 = CARTESIAN_POINT( '', ( 0.0550500000000000, 0.320000000000000, 0.115000000000000 ) );
#9364 = CARTESIAN_POINT( '', ( 0.144950000000000, 0.320000000000000, 0.115000000000000 ) );
#9365 = CARTESIAN_POINT( '', ( 0.0550500000000000, 0.320000000000000, 0.115000000000000 ) );
#9366 = VECTOR( '', #11864, 39.3700787402000 );
#9367 = CARTESIAN_POINT( '', ( 0.144950000000000, 0.0900000000000000, 0.115000000000000 ) );
#9368 = CARTESIAN_POINT( '', ( 0.144950000000000, 0.0900000000000000, 0.115000000000000 ) );
#9369 = VECTOR( '', #11865, 39.3700787402000 );
#9370 = CARTESIAN_POINT( '', ( 0.0550500000000000, 0.0900000000000000, 0.115000000000000 ) );
#9371 = CARTESIAN_POINT( '', ( 0.0550500000000000, 0.0900000000000000, 0.115000000000000 ) );
#9372 = VECTOR( '', #11866, 39.3700787402000 );
#9373 = CARTESIAN_POINT( '', ( 0.0550500000000000, 0.0900000000000000, 0.115000000000000 ) );
#9374 = VECTOR( '', #11867, 39.3700787402000 );
#9375 = COLOUR_RGB( '', 0.689999997600000, 0.689999997600000, 0.689999997600000 );
#9376 = CARTESIAN_POINT( '', ( -0.0750000000000000, 0.320000000000000, -0.125000000000000 ) );
#9377 = CARTESIAN_POINT( '', ( -0.0750000000000000, 0.0200000000000000, -0.125000000000000 ) );
#9378 = CARTESIAN_POINT( '', ( -0.0750000000000000, 0.320000000000000, -0.125000000000000 ) );
#9379 = VECTOR( '', #11868, 39.3700787402000 );
#9380 = CARTESIAN_POINT( '', ( -0.0750000000000000, 0.320000000000000, -0.145000000000000 ) );
#9381 = CARTESIAN_POINT( '', ( -0.0750000000000000, 0.320000000000000, -0.145000000000000 ) );
#9382 = VECTOR( '', #11869, 39.3700787402000 );
#9383 = CARTESIAN_POINT( '', ( -0.0750000000000000, 0.0200000000000000, -0.145000000000000 ) );
#9384 = CARTESIAN_POINT( '', ( -0.0750000000000000, 0.320000000000000, -0.145000000000000 ) );
#9385 = VECTOR( '', #11870, 39.3700787402000 );
#9386 = CARTESIAN_POINT( '', ( -0.0750000000000000, 0.0200000000000000, 0.115000000000000 ) );
#9387 = VECTOR( '', #11871, 39.3700787402000 );
#9388 = COLOUR_RGB( '', 0.689999997600000, 0.689999997600000, 0.689999997600000 );
#9389 = CARTESIAN_POINT( '', ( 0.0325000000000000, 0.000000000000000, -0.115000000000000 ) );
#9390 = CARTESIAN_POINT( '', ( 0.0325000000000000, 0.0200000000000000, -0.115000000000000 ) );
#9391 = CARTESIAN_POINT( '', ( 0.0325000000000000, 0.0200000000000000, -0.115000000000000 ) );
#9392 = VECTOR( '', #11872, 39.3700787402000 );
#9393 = CARTESIAN_POINT( '', ( 0.0325000000000000, 0.0200000000000000, -0.145000000000000 ) );
#9394 = CARTESIAN_POINT( '', ( 0.0325000000000000, 0.0200000000000000, 0.145000000000000 ) );
#9395 = VECTOR( '', #11873, 39.3700787402000 );
#9396 = CARTESIAN_POINT( '', ( 0.0325000000000000, 0.000000000000000, -0.145000000000000 ) );
#9397 = CARTESIAN_POINT( '', ( 0.0325000000000000, 0.000000000000000, -0.145000000000000 ) );
#9398 = VECTOR( '', #11874, 39.3700787402000 );
#9399 = CARTESIAN_POINT( '', ( 0.0325000000000000, 0.000000000000000, 0.145000000000000 ) );
#9400 = VECTOR( '', #11875, 39.3700787402000 );
#9401 = COLOUR_RGB( '', 0.689999997600000, 0.689999997600000, 0.689999997600000 );
#9402 = CARTESIAN_POINT( '', ( -0.223333319203366, 0.200000000000000, 0.00510000000000001 ) );
#9403 = CARTESIAN_POINT( '', ( -0.176666680796634, 0.200000000000000, 0.00510000000000001 ) );
#9404 = CARTESIAN_POINT( '', ( -0.155050000000000, 0.200000000000000, 0.00510000000000001 ) );
#9405 = VECTOR( '', #11876, 39.3700787402000 );
#9406 = CARTESIAN_POINT( '', ( -0.176666680796634, 0.200000000000000, -0.00500000000000000 ) );
#9407 = CARTESIAN_POINT( '', ( -0.176666680796634, 0.200000000000000, 0.0500000000000000 ) );
#9408 = VECTOR( '', #11877, 39.3700787402000 );
#9409 = CARTESIAN_POINT( '', ( -0.223333319203366, 0.200000000000000, -0.00500000000000000 ) );
#9410 = CARTESIAN_POINT( '', ( -0.244950000000000, 0.200000000000000, -0.00500000000000000 ) );
#9411 = VECTOR( '', #11878, 39.3700787402000 );
#9412 = CARTESIAN_POINT( '', ( -0.223333319203366, 0.200000000000000, 0.0500000000000000 ) );
#9413 = VECTOR( '', #11879, 39.3700787402000 );
#9414 = COLOUR_RGB( '', 1.00000000000000, 1.00000000000000, 0.000000000000000 );
#9415 = CARTESIAN_POINT( '', ( -0.112500000000000, 0.305000000000000, -0.0437500000000000 ) );
#9416 = CARTESIAN_POINT( '', ( -0.112500000000000, 0.305000000000000, -0.0562500000000000 ) );
#9417 = CARTESIAN_POINT( '', ( -0.112500000000000, 0.305000000000000, -0.0562500000000000 ) );
#9418 = VECTOR( '', #11880, 39.3700787402000 );
#9419 = CARTESIAN_POINT( '', ( -0.0875000000000000, 0.305000000000000, -0.0437500000000000 ) );
#9420 = CARTESIAN_POINT( '', ( 0.212500000000000, 0.305000000000000, -0.0437500000000000 ) );
#9421 = VECTOR( '', #11881, 39.3700787402000 );
#9422 = CARTESIAN_POINT( '', ( -0.0875000000000000, 0.305000000000000, -0.0562500000000000 ) );
#9423 = CARTESIAN_POINT( '', ( -0.0875000000000000, 0.305000000000000, -0.0562500000000000 ) );
#9424 = VECTOR( '', #11882, 39.3700787402000 );
#9425 = CARTESIAN_POINT( '', ( 0.212500000000000, 0.305000000000000, -0.0562500000000000 ) );
#9426 = VECTOR( '', #11883, 39.3700787402000 );
#9427 = COLOUR_RGB( '', 0.689999997600000, 0.689999997600000, 0.689999997600000 );
#9428 = CARTESIAN_POINT( '', ( -0.132500000000000, 0.000000000000000, 0.125000000000000 ) );
#9429 = CARTESIAN_POINT( '', ( -0.132500000000000, 0.000000000000000, 0.115000000000000 ) );
#9430 = CARTESIAN_POINT( '', ( -0.132500000000000, 0.000000000000000, 0.145000000000000 ) );
#9431 = VECTOR( '', #11884, 39.3700787402000 );
#9432 = CARTESIAN_POINT( '', ( -0.167500000000000, 0.000000000000000, 0.125000000000000 ) );
#9433 = CARTESIAN_POINT( '', ( -0.257500000000000, 0.000000000000000, 0.125000000000000 ) );
#9434 = VECTOR( '', #11885, 39.3700787402000 );
#9435 = CARTESIAN_POINT( '', ( -0.167500000000000, 0.000000000000000, 0.115000000000000 ) );
#9436 = CARTESIAN_POINT( '', ( -0.167500000000000, 0.000000000000000, 0.145000000000000 ) );
#9437 = VECTOR( '', #11886, 39.3700787402000 );
#9438 = CARTESIAN_POINT( '', ( 0.280000000000000, 0.000000000000000, 0.115000000000000 ) );
#9439 = VECTOR( '', #11887, 39.3700787402000 );
#9440 = COLOUR_RGB( '', 0.689999997600000, 0.689999997600000, 0.689999997600000 );
#9441 = CARTESIAN_POINT( '', ( 0.0675000000000000, 0.000000000000000, 0.115000000000000 ) );
#9442 = CARTESIAN_POINT( '', ( 0.0675000000000000, 0.0200000000000000, 0.115000000000000 ) );
#9443 = CARTESIAN_POINT( '', ( 0.0675000000000000, 0.000000000000000, 0.115000000000000 ) );
#9444 = VECTOR( '', #11888, 39.3700787402000 );
#9445 = CARTESIAN_POINT( '', ( 0.0325000000000000, 0.000000000000000, 0.115000000000000 ) );
#9446 = CARTESIAN_POINT( '', ( 0.280000000000000, 0.000000000000000, 0.115000000000000 ) );
#9447 = VECTOR( '', #11889, 39.3700787402000 );
#9448 = CARTESIAN_POINT( '', ( 0.0325000000000000, 0.0200000000000000, 0.115000000000000 ) );
#9449 = CARTESIAN_POINT( '', ( 0.0325000000000000, 0.000000000000000, 0.115000000000000 ) );
#9450 = VECTOR( '', #11890, 39.3700787402000 );
#9451 = CARTESIAN_POINT( '', ( 0.280000000000000, 0.0200000000000000, 0.115000000000000 ) );
#9452 = VECTOR( '', #11891, 39.3700787402000 );
#9453 = COLOUR_RGB( '', 0.689999997600000, 0.689999997600000, 0.689999997600000 );
#9454 = CARTESIAN_POINT( '', ( -0.0325000000000000, 0.0200000000000000, -0.115000000000000 ) );
#9455 = CARTESIAN_POINT( '', ( -0.0325000000000000, 0.000000000000000, -0.115000000000000 ) );
#9456 = CARTESIAN_POINT( '', ( -0.0325000000000000, 0.0200000000000000, -0.115000000000000 ) );
#9457 = VECTOR( '', #11892, 39.3700787402000 );
#9458 = CARTESIAN_POINT( '', ( -0.0675000000000000, 0.0200000000000000, -0.115000000000000 ) );
#9459 = CARTESIAN_POINT( '', ( 0.280000000000000, 0.0200000000000000, -0.115000000000000 ) );
#9460 = VECTOR( '', #11893, 39.3700787402000 );
#9461 = CARTESIAN_POINT( '', ( -0.0675000000000000, 0.000000000000000, -0.115000000000000 ) );
#9462 = CARTESIAN_POINT( '', ( -0.0675000000000000, 0.0200000000000000, -0.115000000000000 ) );
#9463 = VECTOR( '', #11894, 39.3700787402000 );
#9464 = CARTESIAN_POINT( '', ( 0.280000000000000, 0.000000000000000, -0.115000000000000 ) );
#9465 = VECTOR( '', #11895, 39.3700787402000 );
#9466 = COLOUR_RGB( '', 1.00000000000000, 1.00000000000000, 0.000000000000000 );
#9467 = CARTESIAN_POINT( '', ( -0.187500000000000, 0.0600000000000000, 0.0625000000000000 ) );
#9468 = CARTESIAN_POINT( '', ( -0.112500000000000, 0.0600000000000000, 0.0625000000000000 ) );
#9469 = CARTESIAN_POINT( '', ( 0.212500000000000, 0.0600000000000000, 0.0625000000000000 ) );
#9470 = VECTOR( '', #11896, 39.3700787402000 );
#9471 = CARTESIAN_POINT( '', ( -0.112500000000000, 0.0600000000000000, -0.0625000000000000 ) );
#9472 = CARTESIAN_POINT( '', ( -0.112500000000000, 0.0600000000000000, 0.145000000000000 ) );
#9473 = VECTOR( '', #11897, 39.3700787402000 );
#9474 = CARTESIAN_POINT( '', ( -0.187500000000000, 0.0600000000000000, -0.0625000000000000 ) );
#9475 = CARTESIAN_POINT( '', ( 0.212500000000000, 0.0600000000000000, -0.0625000000000000 ) );
#9476 = VECTOR( '', #11898, 39.3700787402000 );
#9477 = CARTESIAN_POINT( '', ( -0.187500000000000, 0.0600000000000000, 0.145000000000000 ) );
#9478 = VECTOR( '', #11899, 39.3700787402000 );
#9479 = COLOUR_RGB( '', 1.00000000000000, 1.00000000000000, 0.000000000000000 );
#9480 = CARTESIAN_POINT( '', ( -0.187500000000000, 0.305000000000000, -0.0437500000000000 ) );
#9481 = CARTESIAN_POINT( '', ( -0.187500000000000, 0.298750000000000, -0.0375000000000000 ) );
#9482 = CARTESIAN_POINT( '', ( -0.187500000000000, 0.305000000000000, -0.0437500000000000 ) );
#9483 = VECTOR( '', #11900, 39.3700787402000 );
#9484 = CARTESIAN_POINT( '', ( -0.212500000000000, 0.305000000000000, -0.0437500000000000 ) );
#9485 = CARTESIAN_POINT( '', ( 0.212500000000000, 0.305000000000000, -0.0437500000000000 ) );
#9486 = VECTOR( '', #11901, 39.3700787402000 );
#9487 = CARTESIAN_POINT( '', ( -0.212500000000000, 0.298750000000000, -0.0375000000000000 ) );
#9488 = CARTESIAN_POINT( '', ( -0.212500000000000, 0.305000000000000, -0.0437500000000000 ) );
#9489 = VECTOR( '', #11902, 39.3700787402000 );
#9490 = CARTESIAN_POINT( '', ( 0.212500000000000, 0.298750000000000, -0.0375000000000000 ) );
#9491 = VECTOR( '', #11903, 39.3700787402000 );
#9492 = COLOUR_RGB( '', 0.689999997600000, 0.689999997600000, 0.689999997600000 );
#9493 = CARTESIAN_POINT( '', ( -0.0550500000000000, 0.320000000000000, -0.00500000000000000 ) );
#9494 = CARTESIAN_POINT( '', ( -0.0550500000000000, 0.320000000000000, -0.114900000000000 ) );
#9495 = CARTESIAN_POINT( '', ( -0.0550500000000000, 0.320000000000000, -0.00500000000000000 ) );
#9496 = VECTOR( '', #11904, 39.3700787402000 );
#9497 = CARTESIAN_POINT( '', ( -0.0550500000000000, 0.0900000000000000, -0.114900000000000 ) );
#9498 = CARTESIAN_POINT( '', ( -0.0550500000000000, 0.0900000000000000, -0.114900000000000 ) );
#9499 = VECTOR( '', #11905, 39.3700787402000 );
#9500 = CARTESIAN_POINT( '', ( -0.0550500000000000, 0.0900000000000000, -0.00500000000000000 ) );
#9501 = CARTESIAN_POINT( '', ( -0.0550500000000000, 0.0900000000000000, -0.00500000000000000 ) );
#9502 = VECTOR( '', #11906, 39.3700787402000 );
#9503 = CARTESIAN_POINT( '', ( -0.0550500000000000, 0.0900000000000000, -0.00500000000000000 ) );
#9504 = VECTOR( '', #11907, 39.3700787402000 );
#9505 = COLOUR_RGB( '', 1.00000000000000, 1.00000000000000, 0.000000000000000 );
#9506 = CARTESIAN_POINT( '', ( 0.0125000000000000, -0.172500000000000, -0.223750000000000 ) );
#9507 = CARTESIAN_POINT( '', ( 0.0125000000000000, -0.172500000000000, 0.0125000000000000 ) );
#9508 = VECTOR( '', #11908, 39.3700787402000 );
#9509 = CARTESIAN_POINT( '', ( 0.212500000000000, -0.172500000000000, -0.223750000000000 ) );
#9510 = VECTOR( '', #11909, 39.3700787402000 );
#9511 = COLOUR_RGB( '', 1.00000000000000, 1.00000000000000, 0.000000000000000 );
#9512 = CARTESIAN_POINT( '', ( -0.112500000000000, 0.298750000000000, -0.0625000000000000 ) );
#9513 = CARTESIAN_POINT( '', ( -0.112500000000000, 0.298750000000000, -0.0625000000000000 ) );
#9514 = VECTOR( '', #11910, 39.3700787402000 );
#9515 = CARTESIAN_POINT( '', ( -0.0875000000000000, 0.298750000000000, -0.0625000000000000 ) );
#9516 = CARTESIAN_POINT( '', ( -0.0875000000000000, 0.298750000000000, -0.0625000000000000 ) );
#9517 = VECTOR( '', #11911, 39.3700787402000 );
#9518 = CARTESIAN_POINT( '', ( 0.212500000000000, 0.298750000000000, -0.0625000000000000 ) );
#9519 = VECTOR( '', #11912, 39.3700787402000 );
#9520 = COLOUR_RGB( '', 0.689999997600000, 0.689999997600000, 0.689999997600000 );
#9521 = CARTESIAN_POINT( '', ( -0.236373040278640, 0.320000000000000, 0.00510000000000001 ) );
#9522 = CARTESIAN_POINT( '', ( -0.227000000000000, 0.305000000000000, 0.00510000000000001 ) );
#9523 = CARTESIAN_POINT( '', ( -0.110175042028577, 0.118040985904562, 0.00510000000000001 ) );
#9524 = VECTOR( '', #11913, 39.3700787402000 );
#9525 = CARTESIAN_POINT( '', ( -0.244950000000000, 0.320000000000000, 0.00510000000000001 ) );
#9526 = CARTESIAN_POINT( '', ( -0.155050000000000, 0.320000000000000, 0.00510000000000001 ) );
#9527 = VECTOR( '', #11914, 39.3700787402000 );
#9528 = CARTESIAN_POINT( '', ( -0.244950000000000, 0.0900000000000000, 0.00510000000000001 ) );
#9529 = CARTESIAN_POINT( '', ( -0.244950000000000, 0.0900000000000000, 0.00510000000000001 ) );
#9530 = VECTOR( '', #11915, 39.3700787402000 );
#9531 = CARTESIAN_POINT( '', ( -0.155050000000000, 0.0900000000000000, 0.00510000000000000 ) );
#9532 = CARTESIAN_POINT( '', ( -0.155050000000000, 0.0900000000000000, 0.00510000000000001 ) );
#9533 = VECTOR( '', #11916, 39.3700787402000 );
#9534 = CARTESIAN_POINT( '', ( -0.155050000000000, 0.320000000000000, 0.00510000000000000 ) );
#9535 = CARTESIAN_POINT( '', ( -0.155050000000000, 0.0900000000000000, 0.00510000000000000 ) );
#9536 = VECTOR( '', #11917, 39.3700787402000 );
#9537 = CARTESIAN_POINT( '', ( -0.163626959721360, 0.320000000000000, 0.00510000000000001 ) );
#9538 = CARTESIAN_POINT( '', ( -0.155050000000000, 0.320000000000000, 0.00510000000000001 ) );
#9539 = VECTOR( '', #11918, 39.3700787402000 );
#9540 = CARTESIAN_POINT( '', ( -0.173000000000000, 0.305000000000000, 0.00510000000000001 ) );
#9541 = CARTESIAN_POINT( '', ( -0.264579741019592, 0.158441778285709, 0.00510000000000001 ) );
#9542 = VECTOR( '', #11919, 39.3700787402000 );
#9543 = CARTESIAN_POINT( '', ( -0.180476958278575, 0.0908879289489224, 0.00510000000000001 ) );
#9544 = VECTOR( '', #11920, 39.3700787402000 );
#9545 = CARTESIAN_POINT( '', ( -0.219413545780604, 0.0877523754541240, 0.00510000000000001 ) );
#9546 = VECTOR( '', #11921, 39.3700787402000 );
#9547 = COLOUR_RGB( '', 1.00000000000000, 1.00000000000000, 0.000000000000000 );
#9548 = CARTESIAN_POINT( '', ( -0.112500000000000, 0.0650000000000000, -0.0375000000000000 ) );
#9549 = CARTESIAN_POINT( '', ( -0.112500000000000, 0.0650000000000000, -0.0375000000000000 ) );
#9550 = VECTOR( '', #11922, 39.3700787402000 );
#9551 = CARTESIAN_POINT( '', ( -0.0875000000000000, 0.0650000000000000, -0.0375000000000000 ) );
#9552 = CARTESIAN_POINT( '', ( -0.0875000000000000, 0.0650000000000000, -0.0375000000000000 ) );
#9553 = VECTOR( '', #11923, 39.3700787402000 );
#9554 = CARTESIAN_POINT( '', ( 0.212500000000000, 0.0650000000000000, -0.0375000000000000 ) );
#9555 = VECTOR( '', #11924, 39.3700787402000 );
#9556 = COLOUR_RGB( '', 0.689999997600000, 0.689999997600000, 0.689999997600000 );
#9557 = CARTESIAN_POINT( '', ( -0.227000000000000, 0.305000000000000, -0.00500000000000000 ) );
#9558 = CARTESIAN_POINT( '', ( -0.219523041721425, 0.0908879289489224, -0.00500000000000000 ) );
#9559 = VECTOR( '', #11925, 39.3700787402000 );
#9560 = CARTESIAN_POINT( '', ( -0.227000000000000, 0.305000000000000, 0.0500000000000000 ) );
#9561 = VECTOR( '', #11926, 39.3700787402000 );
#9562 = COLOUR_RGB( '', 1.00000000000000, 1.00000000000000, 0.000000000000000 );
#9563 = CARTESIAN_POINT( '', ( -0.0875000000000000, -0.0475000000000000, -0.223750000000000 ) );
#9564 = CARTESIAN_POINT( '', ( -0.0875000000000000, -0.0475000000000000, -0.0875000000000000 ) );
#9565 = CARTESIAN_POINT( '', ( -0.0875000000000000, -0.0475000000000000, -0.223750000000000 ) );
#9566 = VECTOR( '', #11927, 39.3700787402000 );
#9567 = CARTESIAN_POINT( '', ( -0.112500000000000, -0.0475000000000000, -0.223750000000000 ) );
#9568 = CARTESIAN_POINT( '', ( 0.212500000000000, -0.0475000000000000, -0.223750000000000 ) );
#9569 = VECTOR( '', #11928, 39.3700787402000 );
#9570 = CARTESIAN_POINT( '', ( -0.112500000000000, -0.0475000000000000, -0.0875000000000000 ) );
#9571 = CARTESIAN_POINT( '', ( -0.112500000000000, -0.0475000000000000, -0.223750000000000 ) );
#9572 = VECTOR( '', #11929, 39.3700787402000 );
#9573 = CARTESIAN_POINT( '', ( 0.212500000000000, -0.0475000000000000, -0.0875000000000000 ) );
#9574 = VECTOR( '', #11930, 39.3700787402000 );
#9575 = COLOUR_RGB( '', 1.00000000000000, 1.00000000000000, 0.000000000000000 );
#9576 = CARTESIAN_POINT( '', ( -0.0125000000000000, 0.305000000000000, 0.0437500000000000 ) );
#9577 = CARTESIAN_POINT( '', ( -0.0125000000000000, 0.298750000000000, 0.0375000000000000 ) );
#9578 = VECTOR( '', #11931, 39.3700787402000 );
#9579 = CARTESIAN_POINT( '', ( 0.0125000000000001, 0.305000000000000, 0.0437500000000000 ) );
#9580 = CARTESIAN_POINT( '', ( 0.212500000000000, 0.305000000000000, 0.0437500000000000 ) );
#9581 = VECTOR( '', #11932, 39.3700787402000 );
#9582 = CARTESIAN_POINT( '', ( 0.0125000000000001, 0.298750000000000, 0.0375000000000000 ) );
#9583 = VECTOR( '', #11933, 39.3700787402000 );
#9584 = COLOUR_RGB( '', 1.00000000000000, 1.00000000000000, 0.000000000000000 );
#9585 = CARTESIAN_POINT( '', ( 0.0125000000000001, 0.0600000000000000, 0.0625000000000000 ) );
#9586 = CARTESIAN_POINT( '', ( 0.0875000000000000, 0.0600000000000000, 0.0625000000000000 ) );
#9587 = CARTESIAN_POINT( '', ( 0.212500000000000, 0.0600000000000000, 0.0625000000000000 ) );
#9588 = VECTOR( '', #11934, 39.3700787402000 );
#9589 = CARTESIAN_POINT( '', ( 0.0875000000000000, 0.0600000000000000, -0.0625000000000000 ) );
#9590 = CARTESIAN_POINT( '', ( 0.0875000000000000, 0.0600000000000000, 0.145000000000000 ) );
#9591 = VECTOR( '', #11935, 39.3700787402000 );
#9592 = CARTESIAN_POINT( '', ( 0.0125000000000001, 0.0600000000000000, -0.0625000000000000 ) );
#9593 = CARTESIAN_POINT( '', ( 0.212500000000000, 0.0600000000000000, -0.0625000000000000 ) );
#9594 = VECTOR( '', #11936, 39.3700787402000 );
#9595 = CARTESIAN_POINT( '', ( 0.0125000000000001, 0.0600000000000000, 0.145000000000000 ) );
#9596 = VECTOR( '', #11937, 39.3700787402000 );
#9597 = COLOUR_RGB( '', 0.689999997600000, 0.689999997600000, 0.689999997600000 );
#9598 = CARTESIAN_POINT( '', ( -0.127000000000000, 0.305000000000000, -0.00500000000000000 ) );
#9599 = CARTESIAN_POINT( '', ( -0.136373040278640, 0.320000000000000, -0.00500000000000000 ) );
#9600 = CARTESIAN_POINT( '', ( -0.0354202589804076, 0.158441778285709, -0.00500000000000000 ) );
#9601 = VECTOR( '', #11938, 39.3700787402000 );
#9602 = CARTESIAN_POINT( '', ( -0.123333319203366, 0.200000000000000, -0.00500000000000000 ) );
#9603 = CARTESIAN_POINT( '', ( -0.119523041721425, 0.0908879289489224, -0.00500000000000000 ) );
#9604 = VECTOR( '', #11939, 39.3700787402000 );
#9605 = CARTESIAN_POINT( '', ( -0.0766666807966335, 0.200000000000000, -0.00500000000000000 ) );
#9606 = CARTESIAN_POINT( '', ( -0.144950000000000, 0.200000000000000, -0.00500000000000000 ) );
#9607 = VECTOR( '', #11940, 39.3700787402000 );
#9608 = CARTESIAN_POINT( '', ( -0.0730000000000000, 0.305000000000000, -0.00500000000000000 ) );
#9609 = CARTESIAN_POINT( '', ( -0.0805864542193963, 0.0877523754541240, -0.00500000000000000 ) );
#9610 = VECTOR( '', #11941, 39.3700787402000 );
#9611 = CARTESIAN_POINT( '', ( -0.0636269597213601, 0.320000000000000, -0.00500000000000000 ) );
#9612 = CARTESIAN_POINT( '', ( -0.189824957971423, 0.118040985904562, -0.00500000000000000 ) );
#9613 = VECTOR( '', #11942, 39.3700787402000 );
#9614 = CARTESIAN_POINT( '', ( -0.144950000000000, 0.320000000000000, -0.00500000000000000 ) );
#9615 = VECTOR( '', #11943, 39.3700787402000 );
#9616 = CARTESIAN_POINT( '', ( -0.144950000000000, 0.0900000000000000, -0.00500000000000000 ) );
#9617 = CARTESIAN_POINT( '', ( -0.144950000000000, 0.0900000000000000, -0.00500000000000000 ) );
#9618 = VECTOR( '', #11944, 39.3700787402000 );
#9619 = CARTESIAN_POINT( '', ( -0.144950000000000, 0.320000000000000, -0.00500000000000000 ) );
#9620 = CARTESIAN_POINT( '', ( -0.144950000000000, 0.0900000000000000, -0.00500000000000000 ) );
#9621 = VECTOR( '', #11945, 39.3700787402000 );
#9622 = CARTESIAN_POINT( '', ( -0.144950000000000, 0.320000000000000, -0.00500000000000000 ) );
#9623 = VECTOR( '', #11946, 39.3700787402000 );
#9624 = COLOUR_RGB( '', 1.00000000000000, 1.00000000000000, 0.000000000000000 );
#9625 = CARTESIAN_POINT( '', ( -0.0125000000000000, -0.0725000000000000, -0.0875000000000000 ) );
#9626 = CARTESIAN_POINT( '', ( 0.212500000000000, -0.0725000000000000, -0.0875000000000000 ) );
#9627 = VECTOR( '', #11947, 39.3700787402000 );
#9628 = CARTESIAN_POINT( '', ( -0.0125000000000000, -0.0725000000000000, -0.223750000000000 ) );
#9629 = CARTESIAN_POINT( '', ( -0.0125000000000000, -0.0725000000000000, -0.0875000000000000 ) );
#9630 = VECTOR( '', #11948, 39.3700787402000 );
#9631 = CARTESIAN_POINT( '', ( 0.212500000000000, -0.0725000000000000, -0.223750000000000 ) );
#9632 = VECTOR( '', #11949, 39.3700787402000 );
#9633 = COLOUR_RGB( '', 1.00000000000000, 1.00000000000000, 0.000000000000000 );
#9634 = CARTESIAN_POINT( '', ( -0.187500000000000, 0.305000000000000, 0.0437500000000000 ) );
#9635 = CARTESIAN_POINT( '', ( -0.187500000000000, 0.305000000000000, 0.0562500000000000 ) );
#9636 = CARTESIAN_POINT( '', ( -0.187500000000000, 0.305000000000000, 0.0437500000000000 ) );
#9637 = VECTOR( '', #11950, 39.3700787402000 );
#9638 = CARTESIAN_POINT( '', ( -0.212500000000000, 0.305000000000000, 0.0437500000000000 ) );
#9639 = CARTESIAN_POINT( '', ( 0.212500000000000, 0.305000000000000, 0.0437500000000000 ) );
#9640 = VECTOR( '', #11951, 39.3700787402000 );
#9641 = CARTESIAN_POINT( '', ( -0.212500000000000, 0.305000000000000, 0.0562500000000000 ) );
#9642 = CARTESIAN_POINT( '', ( -0.212500000000000, 0.305000000000000, 0.0437500000000000 ) );
#9643 = VECTOR( '', #11952, 39.3700787402000 );
#9644 = CARTESIAN_POINT( '', ( 0.212500000000000, 0.305000000000000, 0.0562500000000000 ) );
#9645 = VECTOR( '', #11953, 39.3700787402000 );
#9646 = COLOUR_RGB( '', 1.00000000000000, 1.00000000000000, 0.000000000000000 );
#9647 = CARTESIAN_POINT( '', ( -0.0875000000000000, -0.153750000000000, -0.230000000000000 ) );
#9648 = CARTESIAN_POINT( '', ( -0.0875000000000000, -0.166250000000000, -0.230000000000000 ) );
#9649 = CARTESIAN_POINT( '', ( -0.0875000000000000, 0.0400000000000000, -0.230000000000000 ) );
#9650 = VECTOR( '', #11954, 39.3700787402000 );
#9651 = CARTESIAN_POINT( '', ( -0.112500000000000, -0.166250000000000, -0.230000000000000 ) );
#9652 = CARTESIAN_POINT( '', ( 0.212500000000000, -0.166250000000000, -0.230000000000000 ) );
#9653 = VECTOR( '', #11955, 39.3700787402000 );
#9654 = CARTESIAN_POINT( '', ( -0.112500000000000, -0.153750000000000, -0.230000000000000 ) );
#9655 = CARTESIAN_POINT( '', ( -0.112500000000000, -0.200000000000000, -0.230000000000000 ) );
#9656 = VECTOR( '', #11956, 39.3700787402000 );
#9657 = CARTESIAN_POINT( '', ( 0.212500000000000, -0.153750000000000, -0.230000000000000 ) );
#9658 = VECTOR( '', #11957, 39.3700787402000 );
#9659 = COLOUR_RGB( '', 1.00000000000000, 1.00000000000000, 0.000000000000000 );
#9660 = CARTESIAN_POINT( '', ( 0.187500000000000, -0.147500000000000, 0.0125000000000000 ) );
#9661 = CARTESIAN_POINT( '', ( 0.187500000000000, -0.147500000000000, -0.223750000000000 ) );
#9662 = CARTESIAN_POINT( '', ( 0.187500000000000, -0.147500000000000, -0.223750000000000 ) );
#9663 = VECTOR( '', #11958, 39.3700787402000 );
#9664 = CARTESIAN_POINT( '', ( 0.212500000000000, -0.147500000000000, 0.0125000000000000 ) );
#9665 = CARTESIAN_POINT( '', ( 0.212500000000000, -0.147500000000000, 0.0125000000000000 ) );
#9666 = VECTOR( '', #11959, 39.3700787402000 );
#9667 = CARTESIAN_POINT( '', ( 0.212500000000000, -0.147500000000000, -0.223750000000000 ) );
#9668 = CARTESIAN_POINT( '', ( 0.212500000000000, -0.147500000000000, -0.223750000000000 ) );
#9669 = VECTOR( '', #11960, 39.3700787402000 );
#9670 = CARTESIAN_POINT( '', ( 0.212500000000000, -0.147500000000000, -0.223750000000000 ) );
#9671 = VECTOR( '', #11961, 39.3700787402000 );
#9672 = COLOUR_RGB( '', 1.00000000000000, 1.00000000000000, 0.000000000000000 );
#9673 = CARTESIAN_POINT( '', ( 0.187500000000000, 0.298750000000000, 0.0375000000000000 ) );
#9674 = CARTESIAN_POINT( '', ( 0.187500000000000, 0.0650000000000000, 0.0375000000000000 ) );
#9675 = CARTESIAN_POINT( '', ( 0.187500000000000, 0.0650000000000000, 0.0375000000000000 ) );
#9676 = VECTOR( '', #11962, 39.3700787402000 );
#9677 = CARTESIAN_POINT( '', ( 0.212500000000000, 0.298750000000000, 0.0375000000000000 ) );
#9678 = CARTESIAN_POINT( '', ( 0.212500000000000, 0.298750000000000, 0.0375000000000000 ) );
#9679 = VECTOR( '', #11963, 39.3700787402000 );
#9680 = CARTESIAN_POINT( '', ( 0.212500000000000, 0.0650000000000000, 0.0375000000000000 ) );
#9681 = CARTESIAN_POINT( '', ( 0.212500000000000, 0.0650000000000000, 0.0375000000000000 ) );
#9682 = VECTOR( '', #11964, 39.3700787402000 );
#9683 = CARTESIAN_POINT( '', ( 0.212500000000000, 0.0650000000000000, 0.0375000000000000 ) );
#9684 = VECTOR( '', #11965, 39.3700787402000 );
#9685 = COLOUR_RGB( '', 1.00000000000000, 1.00000000000000, 0.000000000000000 );
#9686 = CARTESIAN_POINT( '', ( 0.0125000000000000, -0.122500000000000, 0.0375000000000000 ) );
#9687 = CARTESIAN_POINT( '', ( 0.0125000000000000, 0.0400000000000000, 0.0375000000000000 ) );
#9688 = CARTESIAN_POINT( '', ( 0.0125000000000000, -0.122500000000000, 0.0375000000000000 ) );
#9689 = VECTOR( '', #11966, 39.3700787402000 );
#9690 = CARTESIAN_POINT( '', ( 0.212500000000000, -0.122500000000000, 0.0375000000000000 ) );
#9691 = VECTOR( '', #11967, 39.3700787402000 );
#9692 = CARTESIAN_POINT( '', ( 0.212500000000000, 0.0400000000000000, 0.0375000000000000 ) );
#9693 = VECTOR( '', #11968, 39.3700787402000 );
#9694 = COLOUR_RGB( '', 1.00000000000000, 1.00000000000000, 0.000000000000000 );
#9695 = CARTESIAN_POINT( '', ( 0.187500000000000, -0.0475000000000000, -0.0875000000000000 ) );
#9696 = CARTESIAN_POINT( '', ( 0.187500000000000, -0.0475000000000000, -0.223750000000000 ) );
#9697 = CARTESIAN_POINT( '', ( 0.187500000000000, -0.0475000000000000, -0.223750000000000 ) );
#9698 = VECTOR( '', #11969, 39.3700787402000 );
#9699 = CARTESIAN_POINT( '', ( 0.212500000000000, -0.0475000000000000, -0.0875000000000000 ) );
#9700 = CARTESIAN_POINT( '', ( 0.212500000000000, -0.0475000000000000, -0.0875000000000000 ) );
#9701 = VECTOR( '', #11970, 39.3700787402000 );
#9702 = CARTESIAN_POINT( '', ( 0.212500000000000, -0.0475000000000000, -0.223750000000000 ) );
#9703 = CARTESIAN_POINT( '', ( 0.212500000000000, -0.0475000000000000, -0.223750000000000 ) );
#9704 = VECTOR( '', #11971, 39.3700787402000 );
#9705 = CARTESIAN_POINT( '', ( 0.212500000000000, -0.0475000000000000, -0.223750000000000 ) );
#9706 = VECTOR( '', #11972, 39.3700787402000 );
#9707 = COLOUR_RGB( '', 1.00000000000000, 1.00000000000000, 0.000000000000000 );
#9708 = CARTESIAN_POINT( '', ( -0.187500000000000, 0.305000000000000, -0.0562500000000000 ) );
#9709 = CARTESIAN_POINT( '', ( -0.187500000000000, 0.305000000000000, -0.0562500000000000 ) );
#9710 = VECTOR( '', #11973, 39.3700787402000 );
#9711 = CARTESIAN_POINT( '', ( -0.212500000000000, 0.305000000000000, -0.0562500000000000 ) );
#9712 = CARTESIAN_POINT( '', ( 0.212500000000000, 0.305000000000000, -0.0562500000000000 ) );
#9713 = VECTOR( '', #11974, 39.3700787402000 );
#9714 = CARTESIAN_POINT( '', ( -0.212500000000000, 0.305000000000000, -0.0562500000000000 ) );
#9715 = VECTOR( '', #11975, 39.3700787402000 );
#9716 = COLOUR_RGB( '', 1.00000000000000, 1.00000000000000, 0.000000000000000 );
#9717 = CARTESIAN_POINT( '', ( -0.0875000000000000, -0.0225000000000000, -0.0625000000000000 ) );
#9718 = CARTESIAN_POINT( '', ( -0.112500000000000, -0.0225000000000000, -0.0625000000000000 ) );
#9719 = CARTESIAN_POINT( '', ( 0.212500000000000, -0.0225000000000000, -0.0625000000000000 ) );
#9720 = VECTOR( '', #11976, 39.3700787402000 );
#9721 = AXIS2_PLACEMENT_3D( '', #11977, #11978, #11979 );
#9722 = AXIS2_PLACEMENT_3D( '', #11980, #11981, #11982 );
#9723 = COLOUR_RGB( '', 1.00000000000000, 1.00000000000000, 0.000000000000000 );
#9724 = CARTESIAN_POINT( '', ( -0.187500000000000, -0.153750000000000, -0.230000000000000 ) );
#9725 = CARTESIAN_POINT( '', ( -0.187500000000000, -0.166250000000000, -0.230000000000000 ) );
#9726 = CARTESIAN_POINT( '', ( -0.187500000000000, 0.0400000000000000, -0.230000000000000 ) );
#9727 = VECTOR( '', #11983, 39.3700787402000 );
#9728 = CARTESIAN_POINT( '', ( -0.212500000000000, -0.166250000000000, -0.230000000000000 ) );
#9729 = CARTESIAN_POINT( '', ( 0.212500000000000, -0.166250000000000, -0.230000000000000 ) );
#9730 = VECTOR( '', #11984, 39.3700787402000 );
#9731 = CARTESIAN_POINT( '', ( -0.212500000000000, -0.153750000000000, -0.230000000000000 ) );
#9732 = CARTESIAN_POINT( '', ( -0.212500000000000, -0.166250000000000, -0.230000000000000 ) );
#9733 = VECTOR( '', #11985, 39.3700787402000 );
#9734 = CARTESIAN_POINT( '', ( 0.212500000000000, -0.153750000000000, -0.230000000000000 ) );
#9735 = VECTOR( '', #11986, 39.3700787402000 );
#9736 = COLOUR_RGB( '', 1.00000000000000, 1.00000000000000, 0.000000000000000 );
#9737 = CARTESIAN_POINT( '', ( -0.0125000000000000, -0.0225000000000000, -0.0375000000000000 ) );
#9738 = CARTESIAN_POINT( '', ( 0.212500000000000, -0.0225000000000000, -0.0375000000000000 ) );
#9739 = VECTOR( '', #11987, 39.3700787402000 );
#9740 = AXIS2_PLACEMENT_3D( '', #11988, #11989, #11990 );
#9741 = COLOUR_RGB( '', 0.689999997600000, 0.689999997600000, 0.689999997600000 );
#9742 = CARTESIAN_POINT( '', ( 0.257500000000000, 0.000000000000000, 0.115000000000000 ) );
#9743 = CARTESIAN_POINT( '', ( 0.257500000000000, 0.000000000000000, 0.145000000000000 ) );
#9744 = CARTESIAN_POINT( '', ( 0.257500000000000, 0.000000000000000, 0.145000000000000 ) );
#9745 = VECTOR( '', #11991, 39.3700787402000 );
#9746 = CARTESIAN_POINT( '', ( 0.257500000000000, 0.320000000000000, 0.145000000000000 ) );
#9747 = CARTESIAN_POINT( '', ( 0.257500000000000, -0.0200000000000000, 0.145000000000000 ) );
#9748 = VECTOR( '', #11992, 39.3700787402000 );
#9749 = CARTESIAN_POINT( '', ( 0.257500000000000, 0.320000000000000, 0.125000000000000 ) );
#9750 = CARTESIAN_POINT( '', ( 0.257500000000000, 0.320000000000000, 0.125000000000000 ) );
#9751 = VECTOR( '', #11993, 39.3700787402000 );
#9752 = CARTESIAN_POINT( '', ( 0.257500000000000, 0.0200000000000000, 0.125000000000000 ) );
#9753 = CARTESIAN_POINT( '', ( 0.257500000000000, 0.320000000000000, 0.125000000000000 ) );
#9754 = VECTOR( '', #11994, 39.3700787402000 );
#9755 = CARTESIAN_POINT( '', ( 0.257500000000000, 0.0200000000000000, 0.115000000000000 ) );
#9756 = CARTESIAN_POINT( '', ( 0.257500000000000, 0.0200000000000000, 0.145000000000000 ) );
#9757 = VECTOR( '', #11995, 39.3700787402000 );
#9758 = CARTESIAN_POINT( '', ( 0.257500000000000, 0.000000000000000, 0.115000000000000 ) );
#9759 = VECTOR( '', #11996, 39.3700787402000 );
#9760 = COLOUR_RGB( '', 1.00000000000000, 1.00000000000000, 0.000000000000000 );
#9761 = CARTESIAN_POINT( '', ( -0.187500000000000, 0.0650000000000000, -0.0375000000000000 ) );
#9762 = CARTESIAN_POINT( '', ( -0.187500000000000, 0.298750000000000, -0.0375000000000000 ) );
#9763 = VECTOR( '', #11997, 39.3700787402000 );
#9764 = CARTESIAN_POINT( '', ( -0.212500000000000, 0.0650000000000000, -0.0375000000000000 ) );
#9765 = CARTESIAN_POINT( '', ( -0.212500000000000, 0.298750000000000, -0.0375000000000000 ) );
#9766 = VECTOR( '', #11998, 39.3700787402000 );
#9767 = CARTESIAN_POINT( '', ( 0.212500000000000, 0.0650000000000000, -0.0375000000000000 ) );
#9768 = VECTOR( '', #11999, 39.3700787402000 );
#9769 = COLOUR_RGB( '', 1.00000000000000, 1.00000000000000, 0.000000000000000 );
#9770 = CARTESIAN_POINT( '', ( -0.187500000000000, 0.0650000000000000, 0.0375000000000000 ) );
#9771 = CARTESIAN_POINT( '', ( -0.187500000000000, 0.298750000000000, 0.0375000000000000 ) );
#9772 = CARTESIAN_POINT( '', ( -0.187500000000000, 0.0650000000000000, 0.0375000000000000 ) );
#9773 = VECTOR( '', #12000, 39.3700787402000 );
#9774 = CARTESIAN_POINT( '', ( -0.212500000000000, 0.0650000000000000, 0.0375000000000000 ) );
#9775 = CARTESIAN_POINT( '', ( 0.212500000000000, 0.0650000000000000, 0.0375000000000000 ) );
#9776 = VECTOR( '', #12001, 39.3700787402000 );
#9777 = CARTESIAN_POINT( '', ( -0.212500000000000, 0.298750000000000, 0.0375000000000000 ) );
#9778 = CARTESIAN_POINT( '', ( -0.212500000000000, 0.0650000000000000, 0.0375000000000000 ) );
#9779 = VECTOR( '', #12002, 39.3700787402000 );
#9780 = CARTESIAN_POINT( '', ( 0.212500000000000, 0.298750000000000, 0.0375000000000000 ) );
#9781 = VECTOR( '', #12003, 39.3700787402000 );
#9782 = COLOUR_RGB( '', 1.00000000000000, 1.00000000000000, 0.000000000000000 );
#9783 = CARTESIAN_POINT( '', ( 0.0125000000000000, -0.166250000000000, -0.230000000000000 ) );
#9784 = CARTESIAN_POINT( '', ( 0.0125000000000000, -0.172500000000000, -0.223750000000000 ) );
#9785 = VECTOR( '', #12004, 39.3700787402000 );
#9786 = CARTESIAN_POINT( '', ( 0.212500000000000, -0.166250000000000, -0.230000000000000 ) );
#9787 = VECTOR( '', #12005, 39.3700787402000 );
#9788 = COLOUR_RGB( '', 0.689999997600000, 0.689999997600000, 0.689999997600000 );
#9789 = CARTESIAN_POINT( '', ( -0.0325000000000000, 0.000000000000000, 0.125000000000000 ) );
#9790 = CARTESIAN_POINT( '', ( -0.0325000000000000, 0.0200000000000000, 0.125000000000000 ) );
#9791 = CARTESIAN_POINT( '', ( -0.0325000000000000, 0.0200000000000000, 0.125000000000000 ) );
#9792 = VECTOR( '', #12006, 39.3700787402000 );
#9793 = CARTESIAN_POINT( '', ( -0.0325000000000000, 0.000000000000000, 0.145000000000000 ) );
#9794 = VECTOR( '', #12007, 39.3700787402000 );
#9795 = CARTESIAN_POINT( '', ( -0.0325000000000000, 0.0200000000000000, 0.145000000000000 ) );
#9796 = VECTOR( '', #12008, 39.3700787402000 );
#9797 = COLOUR_RGB( '', 0.689999997600000, 0.689999997600000, 0.689999997600000 );
#9798 = CARTESIAN_POINT( '', ( 0.0675000000000000, 0.000000000000000, -0.115000000000000 ) );
#9799 = CARTESIAN_POINT( '', ( 0.0675000000000000, 0.000000000000000, -0.145000000000000 ) );
#9800 = CARTESIAN_POINT( '', ( 0.0675000000000000, 0.000000000000000, 0.145000000000000 ) );
#9801 = VECTOR( '', #12009, 39.3700787402000 );
#9802 = CARTESIAN_POINT( '', ( 0.280000000000000, 0.000000000000000, -0.115000000000000 ) );
#9803 = VECTOR( '', #12010, 39.3700787402000 );
#9804 = CARTESIAN_POINT( '', ( 0.280000000000000, 0.000000000000000, -0.145000000000000 ) );
#9805 = VECTOR( '', #12011, 39.3700787402000 );
#9806 = COLOUR_RGB( '', 1.00000000000000, 1.00000000000000, 0.000000000000000 );
#9807 = CARTESIAN_POINT( '', ( 0.187500000000000, 0.298750000000000, -0.0625000000000000 ) );
#9808 = CARTESIAN_POINT( '', ( 0.187500000000000, 0.298750000000000, -0.0625000000000000 ) );
#9809 = VECTOR( '', #12012, 39.3700787402000 );
#9810 = CARTESIAN_POINT( '', ( 0.212500000000000, 0.298750000000000, -0.0625000000000000 ) );
#9811 = CARTESIAN_POINT( '', ( 0.212500000000000, 0.298750000000000, -0.0625000000000000 ) );
#9812 = VECTOR( '', #12013, 39.3700787402000 );
#9813 = CARTESIAN_POINT( '', ( 0.212500000000000, 0.298750000000000, -0.0625000000000000 ) );
#9814 = VECTOR( '', #12014, 39.3700787402000 );
#9815 = COLOUR_RGB( '', 1.00000000000000, 1.00000000000000, 0.000000000000000 );
#9816 = CARTESIAN_POINT( '', ( -0.112500000000000, 0.305000000000000, 0.0562500000000000 ) );
#9817 = CARTESIAN_POINT( '', ( -0.112500000000000, 0.305000000000000, 0.0437500000000000 ) );
#9818 = CARTESIAN_POINT( '', ( -0.112500000000000, 0.305000000000000, 0.0437500000000000 ) );
#9819 = VECTOR( '', #12015, 39.3700787402000 );
#9820 = CARTESIAN_POINT( '', ( -0.0875000000000000, 0.305000000000000, 0.0562500000000000 ) );
#9821 = CARTESIAN_POINT( '', ( 0.212500000000000, 0.305000000000000, 0.0562500000000000 ) );
#9822 = VECTOR( '', #12016, 39.3700787402000 );
#9823 = CARTESIAN_POINT( '', ( -0.0875000000000000, 0.305000000000000, 0.0437500000000000 ) );
#9824 = CARTESIAN_POINT( '', ( -0.0875000000000000, 0.305000000000000, 0.0437500000000000 ) );
#9825 = VECTOR( '', #12017, 39.3700787402000 );
#9826 = CARTESIAN_POINT( '', ( 0.212500000000000, 0.305000000000000, 0.0437500000000000 ) );
#9827 = VECTOR( '', #12018, 39.3700787402000 );
#9828 = COLOUR_RGB( '', 0.689999997600000, 0.689999997600000, 0.689999997600000 );
#9829 = CARTESIAN_POINT( '', ( -0.144950000000000, 0.320000000000000, -0.114900000000000 ) );
#9830 = CARTESIAN_POINT( '', ( -0.144950000000000, 0.320000000000000, -0.0600000000000000 ) );
#9831 = CARTESIAN_POINT( '', ( -0.144950000000000, 0.320000000000000, -0.114900000000000 ) );
#9832 = VECTOR( '', #12019, 39.3700787402000 );
#9833 = CARTESIAN_POINT( '', ( -0.144950000000000, 0.0900000000000000, -0.0600000000000000 ) );
#9834 = CARTESIAN_POINT( '', ( -0.144950000000000, 0.0900000000000000, -0.0600000000000000 ) );
#9835 = VECTOR( '', #12020, 39.3700787402000 );
#9836 = CARTESIAN_POINT( '', ( -0.144950000000000, 0.0900000000000000, -0.114900000000000 ) );
#9837 = CARTESIAN_POINT( '', ( -0.144950000000000, 0.0900000000000000, -0.114900000000000 ) );
#9838 = VECTOR( '', #12021, 39.3700787402000 );
#9839 = CARTESIAN_POINT( '', ( -0.144950000000000, 0.0900000000000000, -0.114900000000000 ) );
#9840 = VECTOR( '', #12022, 39.3700787402000 );
#9841 = COLOUR_RGB( '', 0.689999997600000, 0.689999997600000, 0.689999997600000 );
#9842 = CARTESIAN_POINT( '', ( -0.0325000000000000, 0.000000000000000, -0.145000000000000 ) );
#9843 = CARTESIAN_POINT( '', ( -0.0325000000000000, 0.000000000000000, 0.145000000000000 ) );
#9844 = VECTOR( '', #12023, 39.3700787402000 );
#9845 = CARTESIAN_POINT( '', ( -0.0675000000000000, 0.000000000000000, -0.145000000000000 ) );
#9846 = CARTESIAN_POINT( '', ( -0.0675000000000000, 0.000000000000000, 0.145000000000000 ) );
#9847 = VECTOR( '', #12024, 39.3700787402000 );
#9848 = CARTESIAN_POINT( '', ( 0.280000000000000, 0.000000000000000, -0.145000000000000 ) );
#9849 = VECTOR( '', #12025, 39.3700787402000 );
#9850 = COLOUR_RGB( '', 1.00000000000000, 1.00000000000000, 0.000000000000000 );
#9851 = CARTESIAN_POINT( '', ( 0.112500000000000, -0.122500000000000, 0.0375000000000000 ) );
#9852 = CARTESIAN_POINT( '', ( 0.0875000000000001, -0.122500000000000, 0.0375000000000000 ) );
#9853 = CARTESIAN_POINT( '', ( 0.212500000000000, -0.122500000000000, 0.0375000000000000 ) );
#9854 = VECTOR( '', #12026, 39.3700787402000 );
#9855 = CARTESIAN_POINT( '', ( 0.112500000000000, -0.147500000000000, 0.0125000000000000 ) );
#9856 = AXIS2_PLACEMENT_3D( '', #12027, #12028, #12029 );
#9857 = CARTESIAN_POINT( '', ( 0.0875000000000001, -0.147500000000000, 0.0125000000000000 ) );
#9858 = CARTESIAN_POINT( '', ( 0.212500000000000, -0.147500000000000, 0.0125000000000000 ) );
#9859 = VECTOR( '', #12030, 39.3700787402000 );
#9860 = AXIS2_PLACEMENT_3D( '', #12031, #12032, #12033 );
#9861 = COLOUR_RGB( '', 0.689999997600000, 0.689999997600000, 0.689999997600000 );
#9862 = CARTESIAN_POINT( '', ( 0.0449500000000000, 0.0900000000000000, -0.114900000000000 ) );
#9863 = CARTESIAN_POINT( '', ( -0.0449500000000000, 0.0900000000000000, -0.114900000000000 ) );
#9864 = CARTESIAN_POINT( '', ( 0.0449500000000000, 0.0900000000000000, -0.114900000000000 ) );
#9865 = VECTOR( '', #12034, 39.3700787402000 );
#9866 = CARTESIAN_POINT( '', ( -0.0449500000000000, 0.0900000000000000, -0.00500000000000000 ) );
#9867 = CARTESIAN_POINT( '', ( -0.0449500000000000, 0.0900000000000000, -0.114900000000000 ) );
#9868 = VECTOR( '', #12035, 39.3700787402000 );
#9869 = CARTESIAN_POINT( '', ( 0.0449500000000000, 0.0900000000000000, -0.00500000000000000 ) );
#9870 = CARTESIAN_POINT( '', ( -0.0449500000000000, 0.0900000000000000, -0.00500000000000000 ) );
#9871 = VECTOR( '', #12036, 39.3700787402000 );
#9872 = CARTESIAN_POINT( '', ( 0.0449500000000000, 0.0900000000000000, -0.00500000000000000 ) );
#9873 = VECTOR( '', #12037, 39.3700787402000 );
#9874 = COLOUR_RGB( '', 1.00000000000000, 1.00000000000000, 0.000000000000000 );
#9875 = CARTESIAN_POINT( '', ( -0.0125000000000000, 0.0400000000000000, -0.0375000000000000 ) );
#9876 = CARTESIAN_POINT( '', ( -0.0125000000000000, 0.0400000000000000, -0.0375000000000000 ) );
#9877 = VECTOR( '', #12038, 39.3700787402000 );
#9878 = CARTESIAN_POINT( '', ( -0.0125000000000000, 0.0400000000000000, -0.0625000000000000 ) );
#9879 = CARTESIAN_POINT( '', ( -0.0125000000000000, 0.0400000000000000, 0.145000000000000 ) );
#9880 = VECTOR( '', #12039, 39.3700787402000 );
#9881 = CARTESIAN_POINT( '', ( -0.0125000000000000, -0.0225000000000000, -0.0625000000000000 ) );
#9882 = CARTESIAN_POINT( '', ( -0.0125000000000000, -0.0225000000000000, -0.0625000000000000 ) );
#9883 = VECTOR( '', #12040, 39.3700787402000 );
#9884 = CARTESIAN_POINT( '', ( -0.0125000000000000, -0.0475000000000000, -0.0875000000000000 ) );
#9885 = AXIS2_PLACEMENT_3D( '', #12041, #12042, #12043 );
#9886 = CARTESIAN_POINT( '', ( -0.0125000000000000, -0.0475000000000000, -0.223750000000000 ) );
#9887 = CARTESIAN_POINT( '', ( -0.0125000000000000, -0.0475000000000000, -0.223750000000000 ) );
#9888 = VECTOR( '', #12044, 39.3700787402000 );
#9889 = CARTESIAN_POINT( '', ( -0.0125000000000000, -0.0537500000000000, -0.230000000000000 ) );
#9890 = CARTESIAN_POINT( '', ( -0.0125000000000000, -0.0537500000000000, -0.230000000000000 ) );
#9891 = VECTOR( '', #12045, 39.3700787402000 );
#9892 = CARTESIAN_POINT( '', ( -0.0125000000000000, -0.0662500000000000, -0.230000000000000 ) );
#9893 = CARTESIAN_POINT( '', ( -0.0125000000000000, -0.200000000000000, -0.230000000000000 ) );
#9894 = VECTOR( '', #12046, 39.3700787402000 );
#9895 = CARTESIAN_POINT( '', ( -0.0125000000000000, -0.0725000000000000, -0.223750000000000 ) );
#9896 = VECTOR( '', #12047, 39.3700787402000 );
#9897 = COLOUR_RGB( '', 1.00000000000000, 1.00000000000000, 0.000000000000000 );
#9898 = CARTESIAN_POINT( '', ( 0.212500000000000, -0.0475000000000000, -0.223750000000000 ) );
#9899 = VECTOR( '', #12048, 39.3700787402000 );
#9900 = CARTESIAN_POINT( '', ( 0.212500000000000, -0.0475000000000000, -0.0875000000000000 ) );
#9901 = VECTOR( '', #12049, 39.3700787402000 );
#9902 = COLOUR_RGB( '', 1.00000000000000, 1.00000000000000, 0.000000000000000 );
#9903 = CARTESIAN_POINT( '', ( -0.0875000000000000, 0.0600000000000000, 0.0625000000000000 ) );
#9904 = CARTESIAN_POINT( '', ( -0.0125000000000000, 0.0600000000000000, 0.0625000000000000 ) );
#9905 = CARTESIAN_POINT( '', ( 0.212500000000000, 0.0600000000000000, 0.0625000000000000 ) );
#9906 = VECTOR( '', #12050, 39.3700787402000 );
#9907 = CARTESIAN_POINT( '', ( -0.0125000000000000, 0.0600000000000000, -0.0625000000000000 ) );
#9908 = CARTESIAN_POINT( '', ( -0.0125000000000000, 0.0600000000000000, 0.145000000000000 ) );
#9909 = VECTOR( '', #12051, 39.3700787402000 );
#9910 = CARTESIAN_POINT( '', ( -0.0875000000000000, 0.0600000000000000, -0.0625000000000000 ) );
#9911 = CARTESIAN_POINT( '', ( 0.212500000000000, 0.0600000000000000, -0.0625000000000000 ) );
#9912 = VECTOR( '', #12052, 39.3700787402000 );
#9913 = CARTESIAN_POINT( '', ( -0.0875000000000000, 0.0600000000000000, 0.145000000000000 ) );
#9914 = VECTOR( '', #12053, 39.3700787402000 );
#9915 = COLOUR_RGB( '', 0.689999997600000, 0.689999997600000, 0.689999997600000 );
#9916 = CARTESIAN_POINT( '', ( -0.0233333192033665, 0.200000000000000, -0.00500000000000000 ) );
#9917 = CARTESIAN_POINT( '', ( -0.0270000000000000, 0.305000000000000, -0.00500000000000000 ) );
#9918 = CARTESIAN_POINT( '', ( -0.0195230417214245, 0.0908879289489224, -0.00500000000000000 ) );
#9919 = VECTOR( '', #12054, 39.3700787402000 );
#9920 = CARTESIAN_POINT( '', ( -0.0270000000000000, 0.305000000000000, 0.00510000000000000 ) );
#9921 = CARTESIAN_POINT( '', ( -0.0270000000000000, 0.305000000000000, 0.0500000000000000 ) );
#9922 = VECTOR( '', #12055, 39.3700787402000 );
#9923 = CARTESIAN_POINT( '', ( -0.0233333192033665, 0.200000000000000, 0.00510000000000000 ) );
#9924 = CARTESIAN_POINT( '', ( -0.0194135457806036, 0.0877523754541240, 0.00510000000000000 ) );
#9925 = VECTOR( '', #12056, 39.3700787402000 );
#9926 = CARTESIAN_POINT( '', ( -0.0233333192033665, 0.200000000000000, 0.0500000000000000 ) );
#9927 = VECTOR( '', #12057, 39.3700787402000 );
#9928 = COLOUR_RGB( '', 0.689999997600000, 0.689999997600000, 0.689999997600000 );
#9929 = CARTESIAN_POINT( '', ( 0.0325000000000000, 0.0200000000000000, 0.125000000000000 ) );
#9930 = CARTESIAN_POINT( '', ( 0.0325000000000000, 0.000000000000000, 0.125000000000000 ) );
#9931 = CARTESIAN_POINT( '', ( 0.0325000000000000, 0.000000000000000, 0.125000000000000 ) );
#9932 = VECTOR( '', #12058, 39.3700787402000 );
#9933 = CARTESIAN_POINT( '', ( 0.0325000000000000, 0.0200000000000000, 0.145000000000000 ) );
#9934 = VECTOR( '', #12059, 39.3700787402000 );
#9935 = CARTESIAN_POINT( '', ( 0.0325000000000000, 0.000000000000000, 0.145000000000000 ) );
#9936 = VECTOR( '', #12060, 39.3700787402000 );
#9937 = COLOUR_RGB( '', 1.00000000000000, 1.00000000000000, 0.000000000000000 );
#9938 = CARTESIAN_POINT( '', ( 0.187500000000000, -0.172500000000000, -0.223750000000000 ) );
#9939 = CARTESIAN_POINT( '', ( 0.187500000000000, -0.172500000000000, 0.0125000000000000 ) );
#9940 = CARTESIAN_POINT( '', ( 0.187500000000000, -0.172500000000000, 0.0125000000000000 ) );
#9941 = VECTOR( '', #12061, 39.3700787402000 );
#9942 = CARTESIAN_POINT( '', ( 0.212500000000000, -0.172500000000000, -0.223750000000000 ) );
#9943 = CARTESIAN_POINT( '', ( 0.212500000000000, -0.172500000000000, -0.223750000000000 ) );
#9944 = VECTOR( '', #12062, 39.3700787402000 );
#9945 = CARTESIAN_POINT( '', ( 0.212500000000000, -0.172500000000000, 0.0125000000000000 ) );
#9946 = CARTESIAN_POINT( '', ( 0.212500000000000, -0.172500000000000, 0.0125000000000000 ) );
#9947 = VECTOR( '', #12063, 39.3700787402000 );
#9948 = CARTESIAN_POINT( '', ( 0.212500000000000, -0.172500000000000, 0.0125000000000000 ) );
#9949 = VECTOR( '', #12064, 39.3700787402000 );
#9950 = COLOUR_RGB( '', 0.689999997600000, 0.689999997600000, 0.689999997600000 );
#9951 = CARTESIAN_POINT( '', ( 0.280000000000000, 0.0200000000000000, 0.0750000000000000 ) );
#9952 = CARTESIAN_POINT( '', ( 0.275000000000000, 0.0200000000000000, 0.0750000000000000 ) );
#9953 = CARTESIAN_POINT( '', ( 0.280000000000000, 0.0200000000000000, 0.0750000000000000 ) );
#9954 = VECTOR( '', #12065, 39.3700787402000 );
#9955 = CARTESIAN_POINT( '', ( 0.275000000000000, 0.320000000000000, 0.0750000000000000 ) );
#9956 = CARTESIAN_POINT( '', ( 0.275000000000000, 0.320000000000000, 0.0750000000000000 ) );
#9957 = VECTOR( '', #12066, 39.3700787402000 );
#9958 = CARTESIAN_POINT( '', ( 0.280000000000000, 0.320000000000000, 0.0750000000000000 ) );
#9959 = CARTESIAN_POINT( '', ( 0.275000000000000, 0.320000000000000, 0.0750000000000000 ) );
#9960 = VECTOR( '', #12067, 39.3700787402000 );
#9961 = CARTESIAN_POINT( '', ( 0.280000000000000, 0.000000000000000, 0.0750000000000000 ) );
#9962 = VECTOR( '', #12068, 39.3700787402000 );
#9963 = COLOUR_RGB( '', 1.00000000000000, 1.00000000000000, 0.000000000000000 );
#9964 = CARTESIAN_POINT( '', ( -0.112500000000000, 0.298750000000000, -0.0375000000000000 ) );
#9965 = CARTESIAN_POINT( '', ( -0.112500000000000, 0.305000000000000, -0.0437500000000000 ) );
#9966 = VECTOR( '', #12069, 39.3700787402000 );
#9967 = CARTESIAN_POINT( '', ( -0.0875000000000000, 0.298750000000000, -0.0375000000000000 ) );
#9968 = CARTESIAN_POINT( '', ( 0.212500000000000, 0.298750000000000, -0.0375000000000000 ) );
#9969 = VECTOR( '', #12070, 39.3700787402000 );
#9970 = CARTESIAN_POINT( '', ( -0.0875000000000000, 0.305000000000000, -0.0437500000000000 ) );
#9971 = VECTOR( '', #12071, 39.3700787402000 );
#9972 = COLOUR_RGB( '', 0.689999997600000, 0.689999997600000, 0.689999997600000 );
#9973 = CARTESIAN_POINT( '', ( -0.257500000000000, 0.000000000000000, -0.115000000000000 ) );
#9974 = CARTESIAN_POINT( '', ( -0.257500000000000, 0.000000000000000, -0.145000000000000 ) );
#9975 = CARTESIAN_POINT( '', ( -0.257500000000000, 0.000000000000000, -0.115000000000000 ) );
#9976 = VECTOR( '', #12072, 39.3700787402000 );
#9977 = CARTESIAN_POINT( '', ( -0.280000000000000, 0.000000000000000, -0.115000000000000 ) );
#9978 = CARTESIAN_POINT( '', ( 0.280000000000000, 0.000000000000000, -0.115000000000000 ) );
#9979 = VECTOR( '', #12073, 39.3700787402000 );
#9980 = CARTESIAN_POINT( '', ( -0.280000000000000, 0.000000000000000, -0.145000000000000 ) );
#9981 = CARTESIAN_POINT( '', ( -0.280000000000000, 0.000000000000000, -0.115000000000000 ) );
#9982 = VECTOR( '', #12074, 39.3700787402000 );
#9983 = CARTESIAN_POINT( '', ( 0.280000000000000, 0.000000000000000, -0.145000000000000 ) );
#9984 = VECTOR( '', #12075, 39.3700787402000 );
#9985 = COLOUR_RGB( '', 1.00000000000000, 1.00000000000000, 0.000000000000000 );
#9986 = CARTESIAN_POINT( '', ( -0.0875000000000000, -0.122500000000000, 0.0625000000000000 ) );
#9987 = CARTESIAN_POINT( '', ( -0.0875000000000000, -0.172500000000000, 0.0125000000000000 ) );
#9988 = AXIS2_PLACEMENT_3D( '', #12076, #12077, #12078 );
#9989 = CARTESIAN_POINT( '', ( -0.112500000000000, -0.122500000000000, 0.0625000000000000 ) );
#9990 = CARTESIAN_POINT( '', ( 0.212500000000000, -0.122500000000000, 0.0625000000000000 ) );
#9991 = VECTOR( '', #12079, 39.3700787402000 );
#9992 = CARTESIAN_POINT( '', ( -0.112500000000000, -0.172500000000000, 0.0125000000000000 ) );
#9993 = AXIS2_PLACEMENT_3D( '', #12080, #12081, #12082 );
#9994 = CARTESIAN_POINT( '', ( 0.212500000000000, -0.172500000000000, 0.0125000000000000 ) );
#9995 = VECTOR( '', #12083, 39.3700787402000 );
#9996 = COLOUR_RGB( '', 1.00000000000000, 1.00000000000000, 0.000000000000000 );
#9997 = CARTESIAN_POINT( '', ( -0.187500000000000, -0.0537500000000000, -0.230000000000000 ) );
#9998 = CARTESIAN_POINT( '', ( -0.187500000000000, -0.0475000000000000, -0.223750000000000 ) );
#9999 = CARTESIAN_POINT( '', ( -0.187500000000000, -0.0537500000000000, -0.230000000000000 ) );
#10000 = VECTOR( '', #12084, 39.3700787402000 );
#10001 = CARTESIAN_POINT( '', ( -0.212500000000000, -0.0537500000000000, -0.230000000000000 ) );
#10002 = CARTESIAN_POINT( '', ( 0.212500000000000, -0.0537500000000000, -0.230000000000000 ) );
#10003 = VECTOR( '', #12085, 39.3700787402000 );
#10004 = CARTESIAN_POINT( '', ( -0.212500000000000, -0.0475000000000000, -0.223750000000000 ) );
#10005 = CARTESIAN_POINT( '', ( -0.212500000000000, -0.0537500000000000, -0.230000000000000 ) );
#10006 = VECTOR( '', #12086, 39.3700787402000 );
#10007 = CARTESIAN_POINT( '', ( 0.212500000000000, -0.0475000000000000, -0.223750000000000 ) );
#10008 = VECTOR( '', #12087, 39.3700787402000 );
#10009 = COLOUR_RGB( '', 0.689999997600000, 0.689999997600000, 0.689999997600000 );
#10010 = CARTESIAN_POINT( '', ( 0.167500000000000, 0.000000000000000, 0.125000000000000 ) );
#10011 = CARTESIAN_POINT( '', ( 0.167500000000000, 0.0200000000000000, 0.125000000000000 ) );
#10012 = CARTESIAN_POINT( '', ( 0.167500000000000, 0.0200000000000000, 0.125000000000000 ) );
#10013 = VECTOR( '', #12088, 39.3700787402000 );
#10014 = CARTESIAN_POINT( '', ( 0.167500000000000, 0.000000000000000, 0.115000000000000 ) );
#10015 = CARTESIAN_POINT( '', ( 0.167500000000000, 0.000000000000000, 0.145000000000000 ) );
#10016 = VECTOR( '', #12089, 39.3700787402000 );
#10017 = CARTESIAN_POINT( '', ( 0.167500000000000, 0.0200000000000000, 0.115000000000000 ) );
#10018 = CARTESIAN_POINT( '', ( 0.167500000000000, 0.000000000000000, 0.115000000000000 ) );
#10019 = VECTOR( '', #12090, 39.3700787402000 );
#10020 = CARTESIAN_POINT( '', ( 0.167500000000000, 0.0200000000000000, 0.145000000000000 ) );
#10021 = VECTOR( '', #12091, 39.3700787402000 );
#10022 = COLOUR_RGB( '', 1.00000000000000, 1.00000000000000, 0.000000000000000 );
#10023 = CARTESIAN_POINT( '', ( 0.187500000000000, 0.0600000000000000, 0.0625000000000000 ) );
#10024 = CARTESIAN_POINT( '', ( 0.187500000000000, 0.298750000000000, 0.0625000000000000 ) );
#10025 = CARTESIAN_POINT( '', ( 0.187500000000000, 0.298750000000000, 0.0625000000000000 ) );
#10026 = VECTOR( '', #12092, 39.3700787402000 );
#10027 = CARTESIAN_POINT( '', ( 0.187500000000000, 0.305000000000000, 0.0562500000000000 ) );
#10028 = VECTOR( '', #12093, 39.3700787402000 );
#10029 = CARTESIAN_POINT( '', ( 0.187500000000000, 0.298750000000000, 0.0375000000000000 ) );
#10030 = VECTOR( '', #12094, 39.3700787402000 );
#10031 = CARTESIAN_POINT( '', ( 0.187500000000000, 0.0650000000000000, -0.0375000000000000 ) );
#10032 = CARTESIAN_POINT( '', ( 0.187500000000000, 0.0650000000000000, -0.0375000000000000 ) );
#10033 = VECTOR( '', #12095, 39.3700787402000 );
#10034 = CARTESIAN_POINT( '', ( 0.187500000000000, 0.298750000000000, -0.0375000000000000 ) );
#10035 = CARTESIAN_POINT( '', ( 0.187500000000000, 0.298750000000000, -0.0375000000000000 ) );
#10036 = VECTOR( '', #12096, 39.3700787402000 );
#10037 = CARTESIAN_POINT( '', ( 0.187500000000000, 0.305000000000000, -0.0437500000000000 ) );
#10038 = VECTOR( '', #12097, 39.3700787402000 );
#10039 = CARTESIAN_POINT( '', ( 0.187500000000000, 0.0600000000000000, -0.0625000000000000 ) );
#10040 = CARTESIAN_POINT( '', ( 0.187500000000000, -0.0225000000000000, -0.0625000000000000 ) );
#10041 = VECTOR( '', #12098, 39.3700787402000 );
#10042 = CARTESIAN_POINT( '', ( 0.187500000000000, 0.0600000000000000, 0.145000000000000 ) );
#10043 = VECTOR( '', #12099, 39.3700787402000 );
#10044 = COLOUR_RGB( '', 1.00000000000000, 1.00000000000000, 0.000000000000000 );
#10045 = CARTESIAN_POINT( '', ( 0.187500000000000, -0.0225000000000000, -0.0375000000000000 ) );
#10046 = CARTESIAN_POINT( '', ( 0.187500000000000, 0.0400000000000000, -0.0375000000000000 ) );
#10047 = CARTESIAN_POINT( '', ( 0.187500000000000, 0.0400000000000000, -0.0375000000000000 ) );
#10048 = VECTOR( '', #12100, 39.3700787402000 );
#10049 = CARTESIAN_POINT( '', ( 0.187500000000000, 0.0400000000000000, -0.0625000000000000 ) );
#10050 = CARTESIAN_POINT( '', ( 0.187500000000000, 0.0400000000000000, 0.145000000000000 ) );
#10051 = VECTOR( '', #12101, 39.3700787402000 );
#10052 = CARTESIAN_POINT( '', ( 0.187500000000000, -0.0225000000000000, -0.0625000000000000 ) );
#10053 = CARTESIAN_POINT( '', ( 0.187500000000000, -0.0225000000000000, -0.0625000000000000 ) );
#10054 = VECTOR( '', #12102, 39.3700787402000 );
#10055 = AXIS2_PLACEMENT_3D( '', #12103, #12104, #12105 );
#10056 = CARTESIAN_POINT( '', ( 0.187500000000000, -0.0537500000000000, -0.230000000000000 ) );
#10057 = CARTESIAN_POINT( '', ( 0.187500000000000, -0.0537500000000000, -0.230000000000000 ) );
#10058 = VECTOR( '', #12106, 39.3700787402000 );
#10059 = CARTESIAN_POINT( '', ( 0.187500000000000, -0.0662500000000000, -0.230000000000000 ) );
#10060 = CARTESIAN_POINT( '', ( 0.187500000000000, -0.200000000000000, -0.230000000000000 ) );
#10061 = VECTOR( '', #12107, 39.3700787402000 );
#10062 = CARTESIAN_POINT( '', ( 0.187500000000000, -0.0725000000000000, -0.223750000000000 ) );
#10063 = CARTESIAN_POINT( '', ( 0.187500000000000, -0.0725000000000000, -0.223750000000000 ) );
#10064 = VECTOR( '', #12108, 39.3700787402000 );
#10065 = CARTESIAN_POINT( '', ( 0.187500000000000, -0.0725000000000000, -0.0875000000000000 ) );
#10066 = CARTESIAN_POINT( '', ( 0.187500000000000, -0.0725000000000000, -0.0875000000000000 ) );
#10067 = VECTOR( '', #12109, 39.3700787402000 );
#10068 = AXIS2_PLACEMENT_3D( '', #12110, #12111, #12112 );
#10069 = COLOUR_RGB( '', 0.689999997600000, 0.689999997600000, 0.689999997600000 );
#10070 = CARTESIAN_POINT( '', ( -0.0730000000000000, 0.305000000000000, 0.00510000000000000 ) );
#10071 = CARTESIAN_POINT( '', ( -0.0636269597213601, 0.320000000000000, 0.00510000000000000 ) );
#10072 = CARTESIAN_POINT( '', ( -0.164579741019592, 0.158441778285709, 0.00510000000000000 ) );
#10073 = VECTOR( '', #12113, 39.3700787402000 );
#10074 = CARTESIAN_POINT( '', ( -0.0636269597213601, 0.320000000000000, 0.0500000000000000 ) );
#10075 = VECTOR( '', #12114, 39.3700787402000 );
#10076 = CARTESIAN_POINT( '', ( -0.0730000000000000, 0.305000000000000, 0.0500000000000000 ) );
#10077 = VECTOR( '', #12115, 39.3700787402000 );
#10078 = COLOUR_RGB( '', 1.00000000000000, 1.00000000000000, 0.000000000000000 );
#10079 = CARTESIAN_POINT( '', ( -0.187500000000000, 0.298750000000000, -0.0625000000000000 ) );
#10080 = CARTESIAN_POINT( '', ( -0.187500000000000, -0.0225000000000000, -0.0625000000000000 ) );
#10081 = VECTOR( '', #12116, 39.3700787402000 );
#10082 = CARTESIAN_POINT( '', ( -0.112500000000000, -0.0225000000000000, -0.0625000000000000 ) );
#10083 = VECTOR( '', #12117, 39.3700787402000 );
#10084 = CARTESIAN_POINT( '', ( -0.0875000000000000, -0.0225000000000000, -0.0625000000000000 ) );
#10085 = VECTOR( '', #12118, 39.3700787402000 );
#10086 = CARTESIAN_POINT( '', ( -0.0125000000000000, 0.298750000000000, -0.0625000000000000 ) );
#10087 = CARTESIAN_POINT( '', ( -0.0125000000000000, -0.0225000000000000, -0.0625000000000000 ) );
#10088 = VECTOR( '', #12119, 39.3700787402000 );
#10089 = CARTESIAN_POINT( '', ( 0.0125000000000001, 0.298750000000000, -0.0625000000000000 ) );
#10090 = CARTESIAN_POINT( '', ( 0.212500000000000, 0.298750000000000, -0.0625000000000000 ) );
#10091 = VECTOR( '', #12120, 39.3700787402000 );
#10092 = CARTESIAN_POINT( '', ( 0.0125000000000001, -0.0225000000000000, -0.0625000000000000 ) );
#10093 = VECTOR( '', #12121, 39.3700787402000 );
#10094 = CARTESIAN_POINT( '', ( 0.0875000000000000, 0.298750000000000, -0.0625000000000000 ) );
#10095 = CARTESIAN_POINT( '', ( 0.0875000000000000, -0.0225000000000000, -0.0625000000000000 ) );
#10096 = VECTOR( '', #12122, 39.3700787402000 );
#10097 = CARTESIAN_POINT( '', ( 0.112500000000000, 0.298750000000000, -0.0625000000000000 ) );
#10098 = CARTESIAN_POINT( '', ( 0.212500000000000, 0.298750000000000, -0.0625000000000000 ) );
#10099 = VECTOR( '', #12123, 39.3700787402000 );
#10100 = CARTESIAN_POINT( '', ( 0.112500000000000, 0.0600000000000000, -0.0625000000000000 ) );
#10101 = CARTESIAN_POINT( '', ( 0.112500000000000, -0.0225000000000000, -0.0625000000000000 ) );
#10102 = VECTOR( '', #12124, 39.3700787402000 );
#10103 = CARTESIAN_POINT( '', ( 0.212500000000000, 0.0600000000000000, -0.0625000000000000 ) );
#10104 = VECTOR( '', #12125, 39.3700787402000 );
#10105 = CARTESIAN_POINT( '', ( 0.212500000000000, -0.0225000000000000, -0.0625000000000000 ) );
#10106 = CARTESIAN_POINT( '', ( 0.212500000000000, -0.0225000000000000, -0.0625000000000000 ) );
#10107 = VECTOR( '', #12126, 39.3700787402000 );
#10108 = CARTESIAN_POINT( '', ( 0.212500000000000, -0.0225000000000000, -0.0625000000000000 ) );
#10109 = VECTOR( '', #12127, 39.3700787402000 );
#10110 = CARTESIAN_POINT( '', ( 0.112500000000000, 0.0400000000000000, -0.0625000000000000 ) );
#10111 = CARTESIAN_POINT( '', ( 0.212500000000000, 0.0400000000000000, -0.0625000000000000 ) );
#10112 = VECTOR( '', #12128, 39.3700787402000 );
#10113 = CARTESIAN_POINT( '', ( 0.112500000000000, -0.0225000000000000, -0.0625000000000000 ) );
#10114 = CARTESIAN_POINT( '', ( 0.112500000000000, -0.0225000000000000, -0.0625000000000000 ) );
#10115 = VECTOR( '', #12129, 39.3700787402000 );
#10116 = CARTESIAN_POINT( '', ( 0.0875000000000001, -0.0225000000000000, -0.0625000000000000 ) );
#10117 = CARTESIAN_POINT( '', ( 0.212500000000000, -0.0225000000000000, -0.0625000000000000 ) );
#10118 = VECTOR( '', #12130, 39.3700787402000 );
#10119 = CARTESIAN_POINT( '', ( 0.0875000000000001, 0.0400000000000000, -0.0625000000000000 ) );
#10120 = CARTESIAN_POINT( '', ( 0.0875000000000001, -0.0225000000000000, -0.0625000000000000 ) );
#10121 = VECTOR( '', #12131, 39.3700787402000 );
#10122 = CARTESIAN_POINT( '', ( 0.212500000000000, 0.0400000000000000, -0.0625000000000000 ) );
#10123 = VECTOR( '', #12132, 39.3700787402000 );
#10124 = CARTESIAN_POINT( '', ( 0.212500000000000, -0.0225000000000000, -0.0625000000000000 ) );
#10125 = VECTOR( '', #12133, 39.3700787402000 );
#10126 = CARTESIAN_POINT( '', ( -0.0875000000000000, 0.0400000000000000, -0.0625000000000000 ) );
#10127 = CARTESIAN_POINT( '', ( 0.212500000000000, 0.0400000000000000, -0.0625000000000000 ) );
#10128 = VECTOR( '', #12134, 39.3700787402000 );
#10129 = CARTESIAN_POINT( '', ( -0.0875000000000000, -0.0225000000000000, -0.0625000000000000 ) );
#10130 = VECTOR( '', #12135, 39.3700787402000 );
#10131 = CARTESIAN_POINT( '', ( -0.112500000000000, 0.0400000000000000, -0.0625000000000000 ) );
#10132 = CARTESIAN_POINT( '', ( -0.112500000000000, -0.0225000000000000, -0.0625000000000000 ) );
#10133 = VECTOR( '', #12136, 39.3700787402000 );
#10134 = CARTESIAN_POINT( '', ( -0.187500000000000, 0.0400000000000000, -0.0625000000000000 ) );
#10135 = CARTESIAN_POINT( '', ( 0.212500000000000, 0.0400000000000000, -0.0625000000000000 ) );
#10136 = VECTOR( '', #12137, 39.3700787402000 );
#10137 = CARTESIAN_POINT( '', ( -0.187500000000000, -0.0225000000000000, -0.0625000000000000 ) );
#10138 = CARTESIAN_POINT( '', ( -0.187500000000000, -0.0225000000000000, -0.0625000000000000 ) );
#10139 = VECTOR( '', #12138, 39.3700787402000 );
#10140 = CARTESIAN_POINT( '', ( -0.212500000000000, -0.0225000000000000, -0.0625000000000000 ) );
#10141 = CARTESIAN_POINT( '', ( 0.212500000000000, -0.0225000000000000, -0.0625000000000000 ) );
#10142 = VECTOR( '', #12139, 39.3700787402000 );
#10143 = CARTESIAN_POINT( '', ( -0.212500000000000, 0.298750000000000, -0.0625000000000000 ) );
#10144 = CARTESIAN_POINT( '', ( -0.212500000000000, -0.0225000000000000, -0.0625000000000000 ) );
#10145 = VECTOR( '', #12140, 39.3700787402000 );
#10146 = CARTESIAN_POINT( '', ( 0.212500000000000, 0.298750000000000, -0.0625000000000000 ) );
#10147 = VECTOR( '', #12141, 39.3700787402000 );
#10148 = COLOUR_RGB( '', 0.689999997600000, 0.689999997600000, 0.689999997600000 );
#10149 = CARTESIAN_POINT( '', ( 0.257500000000000, 0.0200000000000000, -0.115000000000000 ) );
#10150 = CARTESIAN_POINT( '', ( 0.257500000000000, 0.0200000000000000, -0.125000000000000 ) );
#10151 = CARTESIAN_POINT( '', ( 0.257500000000000, 0.0200000000000000, 0.145000000000000 ) );
#10152 = VECTOR( '', #12142, 39.3700787402000 );
#10153 = CARTESIAN_POINT( '', ( 0.257500000000000, 0.320000000000000, -0.125000000000000 ) );
#10154 = CARTESIAN_POINT( '', ( 0.257500000000000, 0.320000000000000, -0.125000000000000 ) );
#10155 = VECTOR( '', #12143, 39.3700787402000 );
#10156 = CARTESIAN_POINT( '', ( 0.257500000000000, 0.320000000000000, -0.145000000000000 ) );
#10157 = VECTOR( '', #12144, 39.3700787402000 );
#10158 = CARTESIAN_POINT( '', ( 0.257500000000000, 0.000000000000000, -0.115000000000000 ) );
#10159 = CARTESIAN_POINT( '', ( 0.257500000000000, 0.000000000000000, -0.115000000000000 ) );
#10160 = VECTOR( '', #12145, 39.3700787402000 );
#10161 = CARTESIAN_POINT( '', ( 0.257500000000000, 0.0200000000000000, -0.115000000000000 ) );
#10162 = VECTOR( '', #12146, 39.3700787402000 );
#10163 = COLOUR_RGB( '', 1.00000000000000, 1.00000000000000, 0.000000000000000 );
#10164 = CARTESIAN_POINT( '', ( -0.0875000000000000, -0.172500000000000, -0.223750000000000 ) );
#10165 = CARTESIAN_POINT( '', ( -0.0875000000000000, -0.172500000000000, 0.0125000000000000 ) );
#10166 = VECTOR( '', #12147, 39.3700787402000 );
#10167 = CARTESIAN_POINT( '', ( -0.112500000000000, -0.172500000000000, -0.223750000000000 ) );
#10168 = CARTESIAN_POINT( '', ( -0.112500000000000, -0.172500000000000, 0.0125000000000000 ) );
#10169 = VECTOR( '', #12148, 39.3700787402000 );
#10170 = CARTESIAN_POINT( '', ( 0.212500000000000, -0.172500000000000, -0.223750000000000 ) );
#10171 = VECTOR( '', #12149, 39.3700787402000 );
#10172 = COLOUR_RGB( '', 1.00000000000000, 1.00000000000000, 0.000000000000000 );
#10173 = CARTESIAN_POINT( '', ( 0.0875000000000001, -0.122500000000000, 0.0625000000000000 ) );
#10174 = CARTESIAN_POINT( '', ( 0.0875000000000001, 0.0400000000000000, 0.0625000000000000 ) );
#10175 = CARTESIAN_POINT( '', ( 0.0875000000000001, 0.298750000000000, 0.0625000000000000 ) );
#10176 = VECTOR( '', #12150, 39.3700787402000 );
#10177 = CARTESIAN_POINT( '', ( 0.0875000000000001, 0.0400000000000000, 0.0375000000000000 ) );
#10178 = CARTESIAN_POINT( '', ( 0.0875000000000001, 0.0400000000000000, 0.145000000000000 ) );
#10179 = VECTOR( '', #12151, 39.3700787402000 );
#10180 = CARTESIAN_POINT( '', ( 0.0875000000000001, -0.122500000000000, 0.0375000000000000 ) );
#10181 = VECTOR( '', #12152, 39.3700787402000 );
#10182 = CARTESIAN_POINT( '', ( 0.0875000000000001, -0.147500000000000, -0.223750000000000 ) );
#10183 = CARTESIAN_POINT( '', ( 0.0875000000000001, -0.147500000000000, -0.223750000000000 ) );
#10184 = VECTOR( '', #12153, 39.3700787402000 );
#10185 = CARTESIAN_POINT( '', ( 0.0875000000000001, -0.153750000000000, -0.230000000000000 ) );
#10186 = CARTESIAN_POINT( '', ( 0.0875000000000001, -0.153750000000000, -0.230000000000000 ) );
#10187 = VECTOR( '', #12154, 39.3700787402000 );
#10188 = CARTESIAN_POINT( '', ( 0.0875000000000001, -0.166250000000000, -0.230000000000000 ) );
#10189 = CARTESIAN_POINT( '', ( 0.0875000000000001, -0.200000000000000, -0.230000000000000 ) );
#10190 = VECTOR( '', #12155, 39.3700787402000 );
#10191 = CARTESIAN_POINT( '', ( 0.0875000000000001, -0.172500000000000, -0.223750000000000 ) );
#10192 = CARTESIAN_POINT( '', ( 0.0875000000000001, -0.172500000000000, -0.223750000000000 ) );
#10193 = VECTOR( '', #12156, 39.3700787402000 );
#10194 = CARTESIAN_POINT( '', ( 0.0875000000000001, -0.172500000000000, 0.0125000000000000 ) );
#10195 = CARTESIAN_POINT( '', ( 0.0875000000000001, -0.172500000000000, 0.0125000000000000 ) );
#10196 = VECTOR( '', #12157, 39.3700787402000 );
#10197 = AXIS2_PLACEMENT_3D( '', #12158, #12159, #12160 );
#10198 = COLOUR_RGB( '', 1.00000000000000, 1.00000000000000, 0.000000000000000 );
#10199 = CARTESIAN_POINT( '', ( 0.212500000000000, -0.0662500000000000, -0.230000000000000 ) );
#10200 = CARTESIAN_POINT( '', ( 0.212500000000000, -0.0662500000000000, -0.230000000000000 ) );
#10201 = VECTOR( '', #12161, 39.3700787402000 );
#10202 = CARTESIAN_POINT( '', ( 0.212500000000000, -0.0725000000000000, -0.223750000000000 ) );
#10203 = CARTESIAN_POINT( '', ( 0.212500000000000, -0.0725000000000000, -0.223750000000000 ) );
#10204 = VECTOR( '', #12162, 39.3700787402000 );
#10205 = CARTESIAN_POINT( '', ( 0.212500000000000, -0.0725000000000000, -0.223750000000000 ) );
#10206 = VECTOR( '', #12163, 39.3700787402000 );
#10207 = COLOUR_RGB( '', 1.00000000000000, 1.00000000000000, 0.000000000000000 );
#10208 = CARTESIAN_POINT( '', ( -0.0875000000000000, -0.147500000000000, -0.223750000000000 ) );
#10209 = CARTESIAN_POINT( '', ( -0.0875000000000000, -0.147500000000000, 0.0125000000000000 ) );
#10210 = CARTESIAN_POINT( '', ( -0.0875000000000000, -0.147500000000000, -0.223750000000000 ) );
#10211 = VECTOR( '', #12164, 39.3700787402000 );
#10212 = CARTESIAN_POINT( '', ( -0.112500000000000, -0.147500000000000, -0.223750000000000 ) );
#10213 = CARTESIAN_POINT( '', ( 0.212500000000000, -0.147500000000000, -0.223750000000000 ) );
#10214 = VECTOR( '', #12165, 39.3700787402000 );
#10215 = CARTESIAN_POINT( '', ( -0.112500000000000, -0.147500000000000, 0.0125000000000000 ) );
#10216 = CARTESIAN_POINT( '', ( -0.112500000000000, -0.147500000000000, -0.223750000000000 ) );
#10217 = VECTOR( '', #12166, 39.3700787402000 );
#10218 = CARTESIAN_POINT( '', ( 0.212500000000000, -0.147500000000000, 0.0125000000000000 ) );
#10219 = VECTOR( '', #12167, 39.3700787402000 );
#10220 = COLOUR_RGB( '', 1.00000000000000, 1.00000000000000, 0.000000000000000 );
#10221 = CARTESIAN_POINT( '', ( -0.187500000000000, -0.147500000000000, 0.0125000000000000 ) );
#10222 = AXIS2_PLACEMENT_3D( '', #12168, #12169, #12170 );
#10223 = CARTESIAN_POINT( '', ( -0.212500000000000, -0.147500000000000, 0.0125000000000000 ) );
#10224 = CARTESIAN_POINT( '', ( 0.212500000000000, -0.147500000000000, 0.0125000000000000 ) );
#10225 = VECTOR( '', #12171, 39.3700787402000 );
#10226 = AXIS2_PLACEMENT_3D( '', #12172, #12173, #12174 );
#10227 = COLOUR_RGB( '', 1.00000000000000, 1.00000000000000, 0.000000000000000 );
#10228 = CARTESIAN_POINT( '', ( -0.0875000000000000, -0.0225000000000000, -0.0375000000000000 ) );
#10229 = CARTESIAN_POINT( '', ( -0.0875000000000000, -0.0725000000000000, -0.0875000000000000 ) );
#10230 = AXIS2_PLACEMENT_3D( '', #12175, #12176, #12177 );
#10231 = CARTESIAN_POINT( '', ( -0.112500000000000, -0.0225000000000000, -0.0375000000000000 ) );
#10232 = CARTESIAN_POINT( '', ( 0.212500000000000, -0.0225000000000000, -0.0375000000000000 ) );
#10233 = VECTOR( '', #12178, 39.3700787402000 );
#10234 = CARTESIAN_POINT( '', ( -0.112500000000000, -0.0725000000000000, -0.0875000000000000 ) );
#10235 = AXIS2_PLACEMENT_3D( '', #12179, #12180, #12181 );
#10236 = CARTESIAN_POINT( '', ( 0.212500000000000, -0.0725000000000000, -0.0875000000000000 ) );
#10237 = VECTOR( '', #12182, 39.3700787402000 );
#10238 = COLOUR_RGB( '', 0.689999997600000, 0.689999997600000, 0.689999997600000 );
#10239 = CARTESIAN_POINT( '', ( 0.0550500000000000, 0.320000000000000, 0.00510000000000000 ) );
#10240 = CARTESIAN_POINT( '', ( 0.0550500000000000, 0.320000000000000, 0.00510000000000000 ) );
#10241 = VECTOR( '', #12183, 39.3700787402000 );
#10242 = CARTESIAN_POINT( '', ( 0.0550500000000000, 0.0900000000000000, 0.00510000000000000 ) );
#10243 = CARTESIAN_POINT( '', ( 0.0550500000000000, 0.0900000000000000, 0.00510000000000000 ) );
#10244 = VECTOR( '', #12184, 39.3700787402000 );
#10245 = CARTESIAN_POINT( '', ( 0.0550500000000000, 0.0900000000000000, 0.00510000000000000 ) );
#10246 = VECTOR( '', #12185, 39.3700787402000 );
#10247 = COLOUR_RGB( '', 0.689999997600000, 0.689999997600000, 0.689999997600000 );
#10248 = CARTESIAN_POINT( '', ( -0.136373040278640, 0.320000000000000, 0.00510000000000000 ) );
#10249 = CARTESIAN_POINT( '', ( -0.127000000000000, 0.305000000000000, 0.00510000000000000 ) );
#10250 = CARTESIAN_POINT( '', ( -0.0101750420285767, 0.118040985904562, 0.00510000000000000 ) );
#10251 = VECTOR( '', #12186, 39.3700787402000 );
#10252 = CARTESIAN_POINT( '', ( -0.127000000000000, 0.305000000000000, 0.0500000000000000 ) );
#10253 = VECTOR( '', #12187, 39.3700787402000 );
#10254 = CARTESIAN_POINT( '', ( -0.136373040278640, 0.320000000000000, 0.0500000000000000 ) );
#10255 = VECTOR( '', #12188, 39.3700787402000 );
#10256 = COLOUR_RGB( '', 0.689999997600000, 0.689999997600000, 0.689999997600000 );
#10257 = CARTESIAN_POINT( '', ( 0.144950000000000, 0.320000000000000, 0.00510000000000000 ) );
#10258 = CARTESIAN_POINT( '', ( 0.144950000000000, 0.320000000000000, 0.115000000000000 ) );
#10259 = VECTOR( '', #12189, 39.3700787402000 );
#10260 = CARTESIAN_POINT( '', ( 0.144950000000000, 0.0900000000000000, 0.00510000000000000 ) );
#10261 = CARTESIAN_POINT( '', ( 0.144950000000000, 0.0900000000000000, 0.00510000000000000 ) );
#10262 = VECTOR( '', #12190, 39.3700787402000 );
#10263 = CARTESIAN_POINT( '', ( 0.144950000000000, 0.0900000000000000, 0.115000000000000 ) );
#10264 = VECTOR( '', #12191, 39.3700787402000 );
#10265 = COLOUR_RGB( '', 1.00000000000000, 1.00000000000000, 0.000000000000000 );
#10266 = CARTESIAN_POINT( '', ( -0.112500000000000, 0.0400000000000000, -0.0375000000000000 ) );
#10267 = CARTESIAN_POINT( '', ( -0.112500000000000, 0.0400000000000000, -0.0375000000000000 ) );
#10268 = VECTOR( '', #12192, 39.3700787402000 );
#10269 = CARTESIAN_POINT( '', ( -0.112500000000000, 0.0400000000000000, 0.145000000000000 ) );
#10270 = VECTOR( '', #12193, 39.3700787402000 );
#10271 = CARTESIAN_POINT( '', ( -0.112500000000000, -0.0537500000000000, -0.230000000000000 ) );
#10272 = CARTESIAN_POINT( '', ( -0.112500000000000, -0.0537500000000000, -0.230000000000000 ) );
#10273 = VECTOR( '', #12194, 39.3700787402000 );
#10274 = CARTESIAN_POINT( '', ( -0.112500000000000, -0.200000000000000, -0.230000000000000 ) );
#10275 = VECTOR( '', #12195, 39.3700787402000 );
#10276 = CARTESIAN_POINT( '', ( -0.112500000000000, -0.0725000000000000, -0.0875000000000000 ) );
#10277 = VECTOR( '', #12196, 39.3700787402000 );
#10278 = COLOUR_RGB( '', 0.689999997600000, 0.689999997600000, 0.689999997600000 );
#10279 = CARTESIAN_POINT( '', ( 0.144950000000000, 0.320000000000000, -0.00500000000000000 ) );
#10280 = CARTESIAN_POINT( '', ( 0.144950000000000, 0.320000000000000, -0.0200000000000000 ) );
#10281 = CARTESIAN_POINT( '', ( 0.144950000000000, 0.320000000000000, -0.00500000000000000 ) );
#10282 = VECTOR( '', #12197, 39.3700787402000 );
#10283 = CARTESIAN_POINT( '', ( 0.144950000000000, 0.0900000000000000, -0.0200000000000000 ) );
#10284 = CARTESIAN_POINT( '', ( 0.144950000000000, 0.0900000000000000, -0.0200000000000000 ) );
#10285 = VECTOR( '', #12198, 39.3700787402000 );
#10286 = CARTESIAN_POINT( '', ( 0.144950000000000, 0.0900000000000000, -0.00500000000000000 ) );
#10287 = CARTESIAN_POINT( '', ( 0.144950000000000, 0.0900000000000000, -0.00500000000000000 ) );
#10288 = VECTOR( '', #12199, 39.3700787402000 );
#10289 = CARTESIAN_POINT( '', ( 0.144950000000000, 0.0900000000000000, -0.00500000000000000 ) );
#10290 = VECTOR( '', #12200, 39.3700787402000 );
#10291 = COLOUR_RGB( '', 1.00000000000000, 1.00000000000000, 0.000000000000000 );
#10292 = CARTESIAN_POINT( '', ( -0.187500000000000, -0.0475000000000000, -0.0875000000000000 ) );
#10293 = CARTESIAN_POINT( '', ( -0.187500000000000, -0.0475000000000000, -0.223750000000000 ) );
#10294 = VECTOR( '', #12201, 39.3700787402000 );
#10295 = CARTESIAN_POINT( '', ( -0.212500000000000, -0.0475000000000000, -0.0875000000000000 ) );
#10296 = CARTESIAN_POINT( '', ( -0.212500000000000, -0.0475000000000000, -0.223750000000000 ) );
#10297 = VECTOR( '', #12202, 39.3700787402000 );
#10298 = CARTESIAN_POINT( '', ( 0.212500000000000, -0.0475000000000000, -0.0875000000000000 ) );
#10299 = VECTOR( '', #12203, 39.3700787402000 );
#10300 = COLOUR_RGB( '', 1.00000000000000, 1.00000000000000, 0.000000000000000 );
#10301 = CARTESIAN_POINT( '', ( 0.0875000000000000, 0.305000000000000, -0.0562500000000000 ) );
#10302 = CARTESIAN_POINT( '', ( 0.0875000000000000, 0.305000000000000, -0.0562500000000000 ) );
#10303 = VECTOR( '', #12204, 39.3700787402000 );
#10304 = CARTESIAN_POINT( '', ( 0.112500000000000, 0.305000000000000, -0.0562500000000000 ) );
#10305 = CARTESIAN_POINT( '', ( 0.112500000000000, 0.305000000000000, -0.0562500000000000 ) );
#10306 = VECTOR( '', #12205, 39.3700787402000 );
#10307 = CARTESIAN_POINT( '', ( 0.212500000000000, 0.305000000000000, -0.0562500000000000 ) );
#10308 = VECTOR( '', #12206, 39.3700787402000 );
#10309 = COLOUR_RGB( '', 1.00000000000000, 1.00000000000000, 0.000000000000000 );
#10310 = CARTESIAN_POINT( '', ( -0.0125000000000000, 0.0650000000000000, -0.0375000000000000 ) );
#10311 = CARTESIAN_POINT( '', ( -0.0125000000000000, 0.298750000000000, -0.0375000000000000 ) );
#10312 = CARTESIAN_POINT( '', ( -0.0125000000000000, 0.298750000000000, -0.0375000000000000 ) );
#10313 = VECTOR( '', #12207, 39.3700787402000 );
#10314 = CARTESIAN_POINT( '', ( 0.0125000000000001, 0.0650000000000000, -0.0375000000000000 ) );
#10315 = CARTESIAN_POINT( '', ( 0.212500000000000, 0.0650000000000000, -0.0375000000000000 ) );
#10316 = VECTOR( '', #12208, 39.3700787402000 );
#10317 = CARTESIAN_POINT( '', ( 0.0125000000000001, 0.298750000000000, -0.0375000000000000 ) );
#10318 = CARTESIAN_POINT( '', ( 0.0125000000000001, 0.298750000000000, -0.0375000000000000 ) );
#10319 = VECTOR( '', #12209, 39.3700787402000 );
#10320 = CARTESIAN_POINT( '', ( 0.212500000000000, 0.298750000000000, -0.0375000000000000 ) );
#10321 = VECTOR( '', #12210, 39.3700787402000 );
#10322 = COLOUR_RGB( '', 0.689999997600000, 0.689999997600000, 0.689999997600000 );
#10323 = CARTESIAN_POINT( '', ( -0.0449500000000000, 0.0900000000000000, 0.00510000000000000 ) );
#10324 = CARTESIAN_POINT( '', ( 0.0449500000000000, 0.0900000000000000, 0.00510000000000000 ) );
#10325 = VECTOR( '', #12211, 39.3700787402000 );
#10326 = CARTESIAN_POINT( '', ( -0.0449500000000000, 0.0900000000000000, 0.115000000000000 ) );
#10327 = CARTESIAN_POINT( '', ( -0.0449500000000000, 0.0900000000000000, 0.00510000000000000 ) );
#10328 = VECTOR( '', #12212, 39.3700787402000 );
#10329 = CARTESIAN_POINT( '', ( -0.0449500000000000, 0.0900000000000000, 0.115000000000000 ) );
#10330 = VECTOR( '', #12213, 39.3700787402000 );
#10331 = COLOUR_RGB( '', 0.689999997600000, 0.689999997600000, 0.689999997600000 );
#10332 = CARTESIAN_POINT( '', ( 0.275000000000000, 0.0200000000000000, 0.0250000000000000 ) );
#10333 = CARTESIAN_POINT( '', ( 0.280000000000000, 0.0200000000000000, 0.0250000000000000 ) );
#10334 = CARTESIAN_POINT( '', ( 0.280000000000000, 0.0200000000000000, 0.0250000000000000 ) );
#10335 = VECTOR( '', #12214, 39.3700787402000 );
#10336 = CARTESIAN_POINT( '', ( 0.280000000000000, 0.320000000000000, 0.0250000000000000 ) );
#10337 = CARTESIAN_POINT( '', ( 0.280000000000000, 0.000000000000000, 0.0250000000000000 ) );
#10338 = VECTOR( '', #12215, 39.3700787402000 );
#10339 = CARTESIAN_POINT( '', ( 0.275000000000000, 0.320000000000000, 0.0250000000000000 ) );
#10340 = CARTESIAN_POINT( '', ( 0.285000000000000, 0.320000000000000, 0.0250000000000000 ) );
#10341 = VECTOR( '', #12216, 39.3700787402000 );
#10342 = CARTESIAN_POINT( '', ( 0.275000000000000, 0.320000000000000, 0.0250000000000000 ) );
#10343 = VECTOR( '', #12217, 39.3700787402000 );
#10344 = COLOUR_RGB( '', 0.689999997600000, 0.689999997600000, 0.689999997600000 );
#10345 = CARTESIAN_POINT( '', ( -0.144950000000000, 0.320000000000000, 0.115000000000000 ) );
#10346 = CARTESIAN_POINT( '', ( -0.0550500000000000, 0.320000000000000, 0.115000000000000 ) );
#10347 = CARTESIAN_POINT( '', ( -0.144950000000000, 0.320000000000000, 0.115000000000000 ) );
#10348 = VECTOR( '', #12218, 39.3700787402000 );
#10349 = CARTESIAN_POINT( '', ( -0.0550500000000000, 0.0900000000000000, 0.115000000000000 ) );
#10350 = VECTOR( '', #12219, 39.3700787402000 );
#10351 = CARTESIAN_POINT( '', ( -0.144950000000000, 0.0900000000000000, 0.115000000000000 ) );
#10352 = VECTOR( '', #12220, 39.3700787402000 );
#10353 = COLOUR_RGB( '', 0.689999997600000, 0.689999997600000, 0.689999997600000 );
#10354 = CARTESIAN_POINT( '', ( -0.167500000000000, 0.0200000000000000, 0.125000000000000 ) );
#10355 = CARTESIAN_POINT( '', ( -0.167500000000000, -0.0200000000000000, 0.125000000000000 ) );
#10356 = VECTOR( '', #12221, 39.3700787402000 );
#10357 = CARTESIAN_POINT( '', ( -0.167500000000000, 0.0200000000000000, 0.115000000000000 ) );
#10358 = CARTESIAN_POINT( '', ( -0.167500000000000, 0.0200000000000000, 0.145000000000000 ) );
#10359 = VECTOR( '', #12222, 39.3700787402000 );
#10360 = CARTESIAN_POINT( '', ( -0.167500000000000, 0.000000000000000, 0.115000000000000 ) );
#10361 = VECTOR( '', #12223, 39.3700787402000 );
#10362 = COLOUR_RGB( '', 0.689999997600000, 0.689999997600000, 0.689999997600000 );
#10363 = CARTESIAN_POINT( '', ( -0.0500000000000000, 0.233000000000000, 0.135000000000000 ) );
#10364 = CARTESIAN_POINT( '', ( -0.0500000000000000, 0.233000000000000, 0.125000000000000 ) );
#10365 = CARTESIAN_POINT( '', ( -0.0500000000000000, 0.233000000000000, 0.135000000000000 ) );
#10366 = VECTOR( '', #12224, 39.3700787402000 );
#10367 = CARTESIAN_POINT( '', ( 0.0500000000000000, 0.233000000000000, 0.125000000000000 ) );
#10368 = CARTESIAN_POINT( '', ( 0.0500000000000000, 0.233000000000000, 0.125000000000000 ) );
#10369 = VECTOR( '', #12225, 39.3700787402000 );
#10370 = CARTESIAN_POINT( '', ( 0.0500000000000000, 0.233000000000000, 0.135000000000000 ) );
#10371 = CARTESIAN_POINT( '', ( 0.0500000000000000, 0.233000000000000, 0.135000000000000 ) );
#10372 = VECTOR( '', #12226, 39.3700787402000 );
#10373 = CARTESIAN_POINT( '', ( 0.0500000000000000, 0.233000000000000, 0.135000000000000 ) );
#10374 = VECTOR( '', #12227, 39.3700787402000 );
#10375 = COLOUR_RGB( '', 0.689999997600000, 0.689999997600000, 0.689999997600000 );
#10376 = CARTESIAN_POINT( '', ( -0.0675000000000000, 0.0200000000000000, 0.125000000000000 ) );
#10377 = CARTESIAN_POINT( '', ( -0.0675000000000000, 0.000000000000000, 0.125000000000000 ) );
#10378 = CARTESIAN_POINT( '', ( -0.0675000000000000, 0.000000000000000, 0.125000000000000 ) );
#10379 = VECTOR( '', #12228, 39.3700787402000 );
#10380 = CARTESIAN_POINT( '', ( -0.0675000000000000, 0.0200000000000000, 0.145000000000000 ) );
#10381 = VECTOR( '', #12229, 39.3700787402000 );
#10382 = CARTESIAN_POINT( '', ( -0.0675000000000000, 0.000000000000000, 0.145000000000000 ) );
#10383 = VECTOR( '', #12230, 39.3700787402000 );
#10384 = COLOUR_RGB( '', 1.00000000000000, 1.00000000000000, 0.000000000000000 );
#10385 = CARTESIAN_POINT( '', ( -0.112500000000000, 0.298750000000000, -0.0375000000000000 ) );
#10386 = VECTOR( '', #12231, 39.3700787402000 );
#10387 = CARTESIAN_POINT( '', ( -0.0875000000000000, 0.298750000000000, -0.0375000000000000 ) );
#10388 = VECTOR( '', #12232, 39.3700787402000 );
#10389 = COLOUR_RGB( '', 0.689999997600000, 0.689999997600000, 0.689999997600000 );
#10390 = CARTESIAN_POINT( '', ( -0.0550500000000000, 0.320000000000000, -0.114900000000000 ) );
#10391 = VECTOR( '', #12233, 39.3700787402000 );
#10392 = CARTESIAN_POINT( '', ( -0.0550500000000000, 0.0900000000000000, -0.114900000000000 ) );
#10393 = VECTOR( '', #12234, 39.3700787402000 );
#10394 = COLOUR_RGB( '', 1.00000000000000, 1.00000000000000, 0.000000000000000 );
#10395 = CARTESIAN_POINT( '', ( -0.112500000000000, 0.298750000000000, 0.0375000000000000 ) );
#10396 = VECTOR( '', #12235, 39.3700787402000 );
#10397 = CARTESIAN_POINT( '', ( -0.0875000000000000, 0.298750000000000, 0.0375000000000000 ) );
#10398 = VECTOR( '', #12236, 39.3700787402000 );
#10399 = COLOUR_RGB( '', 0.689999997600000, 0.689999997600000, 0.689999997600000 );
#10400 = CARTESIAN_POINT( '', ( -0.0675000000000000, 0.0200000000000000, -0.145000000000000 ) );
#10401 = CARTESIAN_POINT( '', ( -0.0675000000000000, 0.0200000000000000, -0.145000000000000 ) );
#10402 = VECTOR( '', #12237, 39.3700787402000 );
#10403 = CARTESIAN_POINT( '', ( 0.0750000000000000, 0.320000000000000, -0.145000000000000 ) );
#10404 = CARTESIAN_POINT( '', ( 0.280000000000000, 0.320000000000000, -0.145000000000000 ) );
#10405 = VECTOR( '', #12238, 39.3700787402000 );
#10406 = CARTESIAN_POINT( '', ( 0.0750000000000000, 0.0200000000000000, -0.145000000000000 ) );
#10407 = CARTESIAN_POINT( '', ( 0.0750000000000000, 0.320000000000000, -0.145000000000000 ) );
#10408 = VECTOR( '', #12239, 39.3700787402000 );
#10409 = CARTESIAN_POINT( '', ( 0.0675000000000000, 0.0200000000000000, -0.145000000000000 ) );
#10410 = CARTESIAN_POINT( '', ( 0.132500000000000, 0.0200000000000000, -0.145000000000000 ) );
#10411 = VECTOR( '', #12240, 39.3700787402000 );
#10412 = CARTESIAN_POINT( '', ( 0.0675000000000000, 0.0200000000000000, -0.145000000000000 ) );
#10413 = VECTOR( '', #12241, 39.3700787402000 );
#10414 = CARTESIAN_POINT( '', ( -0.0325000000000000, 0.0200000000000000, -0.145000000000000 ) );
#10415 = CARTESIAN_POINT( '', ( 0.0325000000000000, 0.0200000000000000, -0.145000000000000 ) );
#10416 = VECTOR( '', #12242, 39.3700787402000 );
#10417 = CARTESIAN_POINT( '', ( -0.0325000000000000, 0.0200000000000000, -0.145000000000000 ) );
#10418 = VECTOR( '', #12243, 39.3700787402000 );
#10419 = CARTESIAN_POINT( '', ( -0.0675000000000000, 0.000000000000000, -0.145000000000000 ) );
#10420 = VECTOR( '', #12244, 39.3700787402000 );
#10421 = COLOUR_RGB( '', 0.689999997600000, 0.689999997600000, 0.689999997600000 );
#10422 = CARTESIAN_POINT( '', ( -0.0363730402786399, 0.320000000000000, -0.00500000000000000 ) );
#10423 = CARTESIAN_POINT( '', ( 0.0645797410195924, 0.158441778285709, -0.00500000000000000 ) );
#10424 = VECTOR( '', #12245, 39.3700787402000 );
#10425 = CARTESIAN_POINT( '', ( -0.0363730402786399, 0.320000000000000, 0.00510000000000000 ) );
#10426 = CARTESIAN_POINT( '', ( -0.0363730402786399, 0.320000000000000, 0.0500000000000000 ) );
#10427 = VECTOR( '', #12246, 39.3700787402000 );
#10428 = CARTESIAN_POINT( '', ( 0.0898249579714234, 0.118040985904562, 0.00510000000000000 ) );
#10429 = VECTOR( '', #12247, 39.3700787402000 );
#10430 = COLOUR_RGB( '', 0.689999997600000, 0.689999997600000, 0.689999997600000 );
#10431 = CARTESIAN_POINT( '', ( -0.144950000000000, 0.320000000000000, 0.00510000000000000 ) );
#10432 = CARTESIAN_POINT( '', ( -0.0550500000000000, 0.320000000000000, 0.00510000000000000 ) );
#10433 = VECTOR( '', #12248, 39.3700787402000 );
#10434 = CARTESIAN_POINT( '', ( -0.144950000000000, 0.0900000000000000, 0.00510000000000000 ) );
#10435 = VECTOR( '', #12249, 39.3700787402000 );
#10436 = CARTESIAN_POINT( '', ( -0.0550500000000000, 0.320000000000000, 0.00510000000000000 ) );
#10437 = CARTESIAN_POINT( '', ( -0.0550500000000000, 0.0900000000000000, 0.00510000000000000 ) );
#10438 = VECTOR( '', #12250, 39.3700787402000 );
#10439 = CARTESIAN_POINT( '', ( -0.0550500000000000, 0.320000000000000, 0.00510000000000000 ) );
#10440 = VECTOR( '', #12251, 39.3700787402000 );
#10441 = CARTESIAN_POINT( '', ( -0.0766666807966335, 0.200000000000000, 0.00510000000000000 ) );
#10442 = CARTESIAN_POINT( '', ( -0.0804769582785754, 0.0908879289489224, 0.00510000000000000 ) );
#10443 = VECTOR( '', #12252, 39.3700787402000 );
#10444 = CARTESIAN_POINT( '', ( -0.123333319203366, 0.200000000000000, 0.00510000000000000 ) );
#10445 = CARTESIAN_POINT( '', ( -0.0550500000000000, 0.200000000000000, 0.00510000000000000 ) );
#10446 = VECTOR( '', #12253, 39.3700787402000 );
#10447 = CARTESIAN_POINT( '', ( -0.119413545780604, 0.0877523754541240, 0.00510000000000000 ) );
#10448 = VECTOR( '', #12254, 39.3700787402000 );
#10449 = COLOUR_RGB( '', 0.689999997600000, 0.689999997600000, 0.689999997600000 );
#10450 = CARTESIAN_POINT( '', ( 0.176666680796634, 0.200000000000000, -0.00500000000000000 ) );
#10451 = CARTESIAN_POINT( '', ( 0.173000000000000, 0.305000000000000, -0.00500000000000000 ) );
#10452 = CARTESIAN_POINT( '', ( 0.180476958278575, 0.0908879289489224, -0.00500000000000000 ) );
#10453 = VECTOR( '', #12255, 39.3700787402000 );
#10454 = CARTESIAN_POINT( '', ( 0.173000000000000, 0.305000000000000, 0.0500000000000000 ) );
#10455 = VECTOR( '', #12256, 39.3700787402000 );
#10456 = CARTESIAN_POINT( '', ( 0.176666680796634, 0.200000000000000, 0.0500000000000000 ) );
#10457 = VECTOR( '', #12257, 39.3700787402000 );
#10458 = COLOUR_RGB( '', 0.689999997600000, 0.689999997600000, 0.689999997600000 );
#10459 = CARTESIAN_POINT( '', ( -0.0500000000000000, 0.222000000000000, 0.165000000000000 ) );
#10460 = CARTESIAN_POINT( '', ( -0.0500000000000000, 0.222000000000000, 0.165000000000000 ) );
#10461 = VECTOR( '', #12258, 39.3700787402000 );
#10462 = CARTESIAN_POINT( '', ( 0.0500000000000000, 0.222000000000000, 0.165000000000000 ) );
#10463 = CARTESIAN_POINT( '', ( 0.0500000000000000, 0.222000000000000, 0.165000000000000 ) );
#10464 = VECTOR( '', #12259, 39.3700787402000 );
#10465 = CARTESIAN_POINT( '', ( 0.0500000000000000, 0.222000000000000, 0.165000000000000 ) );
#10466 = VECTOR( '', #12260, 39.3700787402000 );
#10467 = COLOUR_RGB( '', 0.689999997600000, 0.689999997600000, 0.689999997600000 );
#10468 = CARTESIAN_POINT( '', ( 0.167500000000000, 0.0200000000000000, -0.125000000000000 ) );
#10469 = CARTESIAN_POINT( '', ( 0.167500000000000, 0.000000000000000, -0.125000000000000 ) );
#10470 = CARTESIAN_POINT( '', ( 0.167500000000000, 0.0200000000000000, -0.125000000000000 ) );
#10471 = VECTOR( '', #12261, 39.3700787402000 );
#10472 = CARTESIAN_POINT( '', ( 0.167500000000000, 0.0200000000000000, -0.115000000000000 ) );
#10473 = CARTESIAN_POINT( '', ( 0.167500000000000, 0.0200000000000000, 0.145000000000000 ) );
#10474 = VECTOR( '', #12262, 39.3700787402000 );
#10475 = CARTESIAN_POINT( '', ( 0.167500000000000, 0.000000000000000, -0.115000000000000 ) );
#10476 = CARTESIAN_POINT( '', ( 0.167500000000000, 0.0200000000000000, -0.115000000000000 ) );
#10477 = VECTOR( '', #12263, 39.3700787402000 );
#10478 = CARTESIAN_POINT( '', ( 0.167500000000000, 0.000000000000000, -0.115000000000000 ) );
#10479 = VECTOR( '', #12264, 39.3700787402000 );
#10480 = COLOUR_RGB( '', 1.00000000000000, 1.00000000000000, 0.000000000000000 );
#10481 = CARTESIAN_POINT( '', ( -0.0875000000000000, 0.0400000000000000, -0.0375000000000000 ) );
#10482 = CARTESIAN_POINT( '', ( -0.0875000000000000, 0.0400000000000000, -0.0375000000000000 ) );
#10483 = VECTOR( '', #12265, 39.3700787402000 );
#10484 = CARTESIAN_POINT( '', ( 0.212500000000000, 0.0400000000000000, -0.0375000000000000 ) );
#10485 = VECTOR( '', #12266, 39.3700787402000 );
#10486 = COLOUR_RGB( '', 0.689999997600000, 0.689999997600000, 0.689999997600000 );
#10487 = CARTESIAN_POINT( '', ( 0.0449500000000000, 0.320000000000000, -0.114900000000000 ) );
#10488 = CARTESIAN_POINT( '', ( -0.0449500000000000, 0.320000000000000, -0.114900000000000 ) );
#10489 = CARTESIAN_POINT( '', ( 0.0449500000000000, 0.320000000000000, -0.114900000000000 ) );
#10490 = VECTOR( '', #12267, 39.3700787402000 );
#10491 = CARTESIAN_POINT( '', ( -0.0449500000000000, 0.0900000000000000, -0.114900000000000 ) );
#10492 = VECTOR( '', #12268, 39.3700787402000 );
#10493 = CARTESIAN_POINT( '', ( 0.0449500000000000, 0.0900000000000000, -0.114900000000000 ) );
#10494 = VECTOR( '', #12269, 39.3700787402000 );
#10495 = COLOUR_RGB( '', 1.00000000000000, 1.00000000000000, 0.000000000000000 );
#10496 = CARTESIAN_POINT( '', ( -0.0875000000000000, -0.0537500000000000, -0.230000000000000 ) );
#10497 = CARTESIAN_POINT( '', ( -0.0875000000000000, -0.0537500000000000, -0.230000000000000 ) );
#10498 = VECTOR( '', #12270, 39.3700787402000 );
#10499 = CARTESIAN_POINT( '', ( 0.212500000000000, -0.0537500000000000, -0.230000000000000 ) );
#10500 = VECTOR( '', #12271, 39.3700787402000 );
#10501 = COLOUR_RGB( '', 0.689999997600000, 0.689999997600000, 0.689999997600000 );
#10502 = CARTESIAN_POINT( '', ( 0.0636269597213601, 0.320000000000000, 0.00510000000000000 ) );
#10503 = CARTESIAN_POINT( '', ( 0.0730000000000000, 0.305000000000000, 0.00510000000000000 ) );
#10504 = CARTESIAN_POINT( '', ( 0.189824957971423, 0.118040985904562, 0.00510000000000000 ) );
#10505 = VECTOR( '', #12272, 39.3700787402000 );
#10506 = CARTESIAN_POINT( '', ( 0.144950000000000, 0.320000000000000, 0.00510000000000000 ) );
#10507 = VECTOR( '', #12273, 39.3700787402000 );
#10508 = CARTESIAN_POINT( '', ( 0.144950000000000, 0.0900000000000000, 0.00510000000000000 ) );
#10509 = VECTOR( '', #12274, 39.3700787402000 );
#10510 = CARTESIAN_POINT( '', ( 0.136373040278640, 0.320000000000000, 0.00510000000000000 ) );
#10511 = CARTESIAN_POINT( '', ( 0.144950000000000, 0.320000000000000, 0.00510000000000000 ) );
#10512 = VECTOR( '', #12275, 39.3700787402000 );
#10513 = CARTESIAN_POINT( '', ( 0.127000000000000, 0.305000000000000, 0.00510000000000000 ) );
#10514 = CARTESIAN_POINT( '', ( 0.0354202589804077, 0.158441778285709, 0.00510000000000000 ) );
#10515 = VECTOR( '', #12276, 39.3700787402000 );
#10516 = CARTESIAN_POINT( '', ( 0.123333319203367, 0.200000000000000, 0.00510000000000000 ) );
#10517 = CARTESIAN_POINT( '', ( 0.119523041721425, 0.0908879289489224, 0.00510000000000000 ) );
#10518 = VECTOR( '', #12277, 39.3700787402000 );
#10519 = CARTESIAN_POINT( '', ( 0.0766666807966336, 0.200000000000000, 0.00510000000000000 ) );
#10520 = CARTESIAN_POINT( '', ( 0.144950000000000, 0.200000000000000, 0.00510000000000000 ) );
#10521 = VECTOR( '', #12278, 39.3700787402000 );
#10522 = CARTESIAN_POINT( '', ( 0.0805864542193964, 0.0877523754541240, 0.00510000000000000 ) );
#10523 = VECTOR( '', #12279, 39.3700787402000 );
#10524 = COLOUR_RGB( '', 0.689999997600000, 0.689999997600000, 0.689999997600000 );
#10525 = CARTESIAN_POINT( '', ( 0.155050000000000, 0.0900000000000000, -0.0200000000000000 ) );
#10526 = CARTESIAN_POINT( '', ( 0.130000000000000, 0.0900000000000000, -0.0200000000000000 ) );
#10527 = VECTOR( '', #12280, 39.3700787402000 );
#10528 = CARTESIAN_POINT( '', ( 0.155050000000000, 0.0900000000000000, -0.00500000000000000 ) );
#10529 = CARTESIAN_POINT( '', ( 0.155050000000000, 0.0900000000000000, -0.114900000000000 ) );
#10530 = VECTOR( '', #12281, 39.3700787402000 );
#10531 = CARTESIAN_POINT( '', ( 0.244950000000000, 0.0900000000000000, -0.00500000000000000 ) );
#10532 = CARTESIAN_POINT( '', ( 0.155050000000000, 0.0900000000000000, -0.00500000000000000 ) );
#10533 = VECTOR( '', #12282, 39.3700787402000 );
#10534 = CARTESIAN_POINT( '', ( 0.244950000000000, 0.0900000000000000, -0.114900000000000 ) );
#10535 = CARTESIAN_POINT( '', ( 0.244950000000000, 0.0900000000000000, -0.00500000000000000 ) );
#10536 = VECTOR( '', #12283, 39.3700787402000 );
#10537 = CARTESIAN_POINT( '', ( 0.155050000000000, 0.0900000000000000, -0.114900000000000 ) );
#10538 = CARTESIAN_POINT( '', ( 0.244950000000000, 0.0900000000000000, -0.114900000000000 ) );
#10539 = VECTOR( '', #12284, 39.3700787402000 );
#10540 = CARTESIAN_POINT( '', ( 0.155050000000000, 0.0900000000000000, -0.0600000000000000 ) );
#10541 = CARTESIAN_POINT( '', ( 0.155050000000000, 0.0900000000000000, -0.114900000000000 ) );
#10542 = VECTOR( '', #12285, 39.3700787402000 );
#10543 = CARTESIAN_POINT( '', ( 0.170000000000000, 0.0900000000000000, -0.0600000000000000 ) );
#10544 = VECTOR( '', #12286, 39.3700787402000 );
#10545 = CARTESIAN_POINT( '', ( 0.0550500000000000, 0.0900000000000000, -0.00500000000000000 ) );
#10546 = CARTESIAN_POINT( '', ( 0.0550500000000000, 0.0900000000000000, -0.114900000000000 ) );
#10547 = VECTOR( '', #12287, 39.3700787402000 );
#10548 = CARTESIAN_POINT( '', ( 0.0550500000000000, 0.0900000000000000, -0.00500000000000000 ) );
#10549 = VECTOR( '', #12288, 39.3700787402000 );
#10550 = COLOUR_RGB( '', 1.00000000000000, 1.00000000000000, 0.000000000000000 );
#10551 = CARTESIAN_POINT( '', ( 0.212500000000000, -0.0662500000000000, -0.230000000000000 ) );
#10552 = VECTOR( '', #12289, 39.3700787402000 );
#10553 = CARTESIAN_POINT( '', ( 0.212500000000000, -0.0537500000000000, -0.230000000000000 ) );
#10554 = VECTOR( '', #12290, 39.3700787402000 );
#10555 = COLOUR_RGB( '', 1.00000000000000, 1.00000000000000, 0.000000000000000 );
#10556 = CARTESIAN_POINT( '', ( 0.212500000000000, -0.0725000000000000, -0.0875000000000000 ) );
#10557 = CARTESIAN_POINT( '', ( 0.212500000000000, -0.0725000000000000, -0.0875000000000000 ) );
#10558 = VECTOR( '', #12291, 39.3700787402000 );
#10559 = CARTESIAN_POINT( '', ( 0.212500000000000, -0.0725000000000000, -0.0875000000000000 ) );
#10560 = VECTOR( '', #12292, 39.3700787402000 );
#10561 = COLOUR_RGB( '', 1.00000000000000, 1.00000000000000, 0.000000000000000 );
#10562 = CARTESIAN_POINT( '', ( -0.0125000000000000, 0.305000000000000, -0.0562500000000000 ) );
#10563 = CARTESIAN_POINT( '', ( -0.0125000000000000, 0.298750000000000, -0.0625000000000000 ) );
#10564 = VECTOR( '', #12293, 39.3700787402000 );
#10565 = CARTESIAN_POINT( '', ( 0.0125000000000001, 0.305000000000000, -0.0562500000000000 ) );
#10566 = CARTESIAN_POINT( '', ( 0.212500000000000, 0.305000000000000, -0.0562500000000000 ) );
#10567 = VECTOR( '', #12294, 39.3700787402000 );
#10568 = CARTESIAN_POINT( '', ( 0.0125000000000001, 0.298750000000000, -0.0625000000000000 ) );
#10569 = VECTOR( '', #12295, 39.3700787402000 );
#10570 = COLOUR_RGB( '', 1.00000000000000, 1.00000000000000, 0.000000000000000 );
#10571 = CARTESIAN_POINT( '', ( 0.0875000000000000, 0.298750000000000, 0.0625000000000000 ) );
#10572 = CARTESIAN_POINT( '', ( 0.0875000000000000, 0.305000000000000, 0.0562500000000000 ) );
#10573 = CARTESIAN_POINT( '', ( 0.0875000000000000, 0.305000000000000, 0.0562500000000000 ) );
#10574 = VECTOR( '', #12296, 39.3700787402000 );
#10575 = CARTESIAN_POINT( '', ( 0.112500000000000, 0.298750000000000, 0.0625000000000000 ) );
#10576 = CARTESIAN_POINT( '', ( 0.212500000000000, 0.298750000000000, 0.0625000000000000 ) );
#10577 = VECTOR( '', #12297, 39.3700787402000 );
#10578 = CARTESIAN_POINT( '', ( 0.112500000000000, 0.305000000000000, 0.0562500000000000 ) );
#10579 = CARTESIAN_POINT( '', ( 0.112500000000000, 0.305000000000000, 0.0562500000000000 ) );
#10580 = VECTOR( '', #12298, 39.3700787402000 );
#10581 = CARTESIAN_POINT( '', ( 0.212500000000000, 0.305000000000000, 0.0562500000000000 ) );
#10582 = VECTOR( '', #12299, 39.3700787402000 );
#10583 = COLOUR_RGB( '', 0.689999997600000, 0.689999997600000, 0.689999997600000 );
#10584 = CARTESIAN_POINT( '', ( -0.0449500000000000, 0.320000000000000, -0.00500000000000000 ) );
#10585 = CARTESIAN_POINT( '', ( -0.0449500000000000, 0.320000000000000, -0.114900000000000 ) );
#10586 = VECTOR( '', #12300, 39.3700787402000 );
#10587 = CARTESIAN_POINT( '', ( -0.0449500000000000, 0.0900000000000000, -0.00500000000000000 ) );
#10588 = VECTOR( '', #12301, 39.3700787402000 );
#10589 = COLOUR_RGB( '', 1.00000000000000, 1.00000000000000, 0.000000000000000 );
#10590 = CARTESIAN_POINT( '', ( -0.187500000000000, 0.298750000000000, 0.0625000000000000 ) );
#10591 = CARTESIAN_POINT( '', ( -0.187500000000000, 0.298750000000000, 0.0625000000000000 ) );
#10592 = VECTOR( '', #12302, 39.3700787402000 );
#10593 = CARTESIAN_POINT( '', ( -0.212500000000000, 0.298750000000000, 0.0625000000000000 ) );
#10594 = CARTESIAN_POINT( '', ( 0.212500000000000, 0.298750000000000, 0.0625000000000000 ) );
#10595 = VECTOR( '', #12303, 39.3700787402000 );
#10596 = CARTESIAN_POINT( '', ( -0.212500000000000, -0.122500000000000, 0.0625000000000000 ) );
#10597 = CARTESIAN_POINT( '', ( -0.212500000000000, 0.298750000000000, 0.0625000000000000 ) );
#10598 = VECTOR( '', #12304, 39.3700787402000 );
#10599 = CARTESIAN_POINT( '', ( -0.187500000000000, -0.122500000000000, 0.0625000000000000 ) );
#10600 = CARTESIAN_POINT( '', ( 0.212500000000000, -0.122500000000000, 0.0625000000000000 ) );
#10601 = VECTOR( '', #12305, 39.3700787402000 );
#10602 = CARTESIAN_POINT( '', ( -0.187500000000000, 0.0400000000000000, 0.0625000000000000 ) );
#10603 = CARTESIAN_POINT( '', ( -0.187500000000000, 0.298750000000000, 0.0625000000000000 ) );
#10604 = VECTOR( '', #12306, 39.3700787402000 );
#10605 = CARTESIAN_POINT( '', ( -0.112500000000000, 0.0400000000000000, 0.0625000000000000 ) );
#10606 = CARTESIAN_POINT( '', ( 0.212500000000000, 0.0400000000000000, 0.0625000000000000 ) );
#10607 = VECTOR( '', #12307, 39.3700787402000 );
#10608 = CARTESIAN_POINT( '', ( -0.112500000000000, 0.298750000000000, 0.0625000000000000 ) );
#10609 = VECTOR( '', #12308, 39.3700787402000 );
#10610 = CARTESIAN_POINT( '', ( -0.0875000000000000, 0.0400000000000000, 0.0625000000000000 ) );
#10611 = CARTESIAN_POINT( '', ( -0.0875000000000000, 0.298750000000000, 0.0625000000000000 ) );
#10612 = VECTOR( '', #12309, 39.3700787402000 );
#10613 = CARTESIAN_POINT( '', ( 0.212500000000000, 0.0400000000000000, 0.0625000000000000 ) );
#10614 = VECTOR( '', #12310, 39.3700787402000 );
#10615 = CARTESIAN_POINT( '', ( 0.0125000000000000, 0.0400000000000000, 0.0625000000000000 ) );
#10616 = CARTESIAN_POINT( '', ( 0.0125000000000000, 0.298750000000000, 0.0625000000000000 ) );
#10617 = VECTOR( '', #12311, 39.3700787402000 );
#10618 = CARTESIAN_POINT( '', ( 0.212500000000000, 0.0400000000000000, 0.0625000000000000 ) );
#10619 = VECTOR( '', #12312, 39.3700787402000 );
#10620 = CARTESIAN_POINT( '', ( 0.112500000000000, -0.122500000000000, 0.0625000000000000 ) );
#10621 = CARTESIAN_POINT( '', ( 0.212500000000000, -0.122500000000000, 0.0625000000000000 ) );
#10622 = VECTOR( '', #12313, 39.3700787402000 );
#10623 = CARTESIAN_POINT( '', ( 0.112500000000000, 0.0400000000000000, 0.0625000000000000 ) );
#10624 = CARTESIAN_POINT( '', ( 0.112500000000000, 0.298750000000000, 0.0625000000000000 ) );
#10625 = VECTOR( '', #12314, 39.3700787402000 );
#10626 = CARTESIAN_POINT( '', ( 0.187500000000000, 0.0400000000000000, 0.0625000000000000 ) );
#10627 = CARTESIAN_POINT( '', ( 0.212500000000000, 0.0400000000000000, 0.0625000000000000 ) );
#10628 = VECTOR( '', #12315, 39.3700787402000 );
#10629 = CARTESIAN_POINT( '', ( 0.187500000000000, -0.122500000000000, 0.0625000000000000 ) );
#10630 = CARTESIAN_POINT( '', ( 0.187500000000000, 0.298750000000000, 0.0625000000000000 ) );
#10631 = VECTOR( '', #12316, 39.3700787402000 );
#10632 = CARTESIAN_POINT( '', ( 0.212500000000000, -0.122500000000000, 0.0625000000000000 ) );
#10633 = CARTESIAN_POINT( '', ( 0.212500000000000, -0.122500000000000, 0.0625000000000000 ) );
#10634 = VECTOR( '', #12317, 39.3700787402000 );
#10635 = CARTESIAN_POINT( '', ( 0.212500000000000, 0.298750000000000, 0.0625000000000000 ) );
#10636 = CARTESIAN_POINT( '', ( 0.212500000000000, 0.298750000000000, 0.0625000000000000 ) );
#10637 = VECTOR( '', #12318, 39.3700787402000 );
#10638 = CARTESIAN_POINT( '', ( 0.212500000000000, 0.298750000000000, 0.0625000000000000 ) );
#10639 = VECTOR( '', #12319, 39.3700787402000 );
#10640 = CARTESIAN_POINT( '', ( 0.112500000000000, 0.0600000000000000, 0.0625000000000000 ) );
#10641 = CARTESIAN_POINT( '', ( 0.212500000000000, 0.0600000000000000, 0.0625000000000000 ) );
#10642 = VECTOR( '', #12320, 39.3700787402000 );
#10643 = CARTESIAN_POINT( '', ( 0.112500000000000, 0.298750000000000, 0.0625000000000000 ) );
#10644 = VECTOR( '', #12321, 39.3700787402000 );
#10645 = CARTESIAN_POINT( '', ( 0.0875000000000000, 0.298750000000000, 0.0625000000000000 ) );
#10646 = VECTOR( '', #12322, 39.3700787402000 );
#10647 = CARTESIAN_POINT( '', ( 0.0125000000000001, 0.298750000000000, 0.0625000000000000 ) );
#10648 = CARTESIAN_POINT( '', ( 0.0125000000000001, 0.298750000000000, 0.0625000000000000 ) );
#10649 = VECTOR( '', #12323, 39.3700787402000 );
#10650 = CARTESIAN_POINT( '', ( -0.0125000000000000, 0.298750000000000, 0.0625000000000000 ) );
#10651 = CARTESIAN_POINT( '', ( 0.212500000000000, 0.298750000000000, 0.0625000000000000 ) );
#10652 = VECTOR( '', #12324, 39.3700787402000 );
#10653 = CARTESIAN_POINT( '', ( -0.0125000000000000, 0.298750000000000, 0.0625000000000000 ) );
#10654 = VECTOR( '', #12325, 39.3700787402000 );
#10655 = CARTESIAN_POINT( '', ( -0.0875000000000000, 0.298750000000000, 0.0625000000000000 ) );
#10656 = CARTESIAN_POINT( '', ( -0.0875000000000000, 0.298750000000000, 0.0625000000000000 ) );
#10657 = VECTOR( '', #12326, 39.3700787402000 );
#10658 = CARTESIAN_POINT( '', ( -0.112500000000000, 0.298750000000000, 0.0625000000000000 ) );
#10659 = CARTESIAN_POINT( '', ( 0.212500000000000, 0.298750000000000, 0.0625000000000000 ) );
#10660 = VECTOR( '', #12327, 39.3700787402000 );
#10661 = CARTESIAN_POINT( '', ( -0.112500000000000, 0.298750000000000, 0.0625000000000000 ) );
#10662 = VECTOR( '', #12328, 39.3700787402000 );
#10663 = COLOUR_RGB( '', 1.00000000000000, 1.00000000000000, 0.000000000000000 );
#10664 = CARTESIAN_POINT( '', ( 0.112500000000000, 0.0400000000000000, -0.0375000000000000 ) );
#10665 = CARTESIAN_POINT( '', ( 0.112500000000000, -0.0225000000000000, -0.0375000000000000 ) );
#10666 = CARTESIAN_POINT( '', ( 0.112500000000000, 0.0400000000000000, -0.0375000000000000 ) );
#10667 = VECTOR( '', #12329, 39.3700787402000 );
#10668 = CARTESIAN_POINT( '', ( 0.112500000000000, -0.0725000000000000, -0.0875000000000000 ) );
#10669 = AXIS2_PLACEMENT_3D( '', #12330, #12331, #12332 );
#10670 = CARTESIAN_POINT( '', ( 0.112500000000000, -0.0725000000000000, -0.223750000000000 ) );
#10671 = CARTESIAN_POINT( '', ( 0.112500000000000, -0.0725000000000000, -0.0875000000000000 ) );
#10672 = VECTOR( '', #12333, 39.3700787402000 );
#10673 = CARTESIAN_POINT( '', ( 0.112500000000000, -0.0662499999999999, -0.230000000000000 ) );
#10674 = CARTESIAN_POINT( '', ( 0.112500000000000, -0.0725000000000000, -0.223750000000000 ) );
#10675 = VECTOR( '', #12334, 39.3700787402000 );
#10676 = CARTESIAN_POINT( '', ( 0.112500000000000, -0.0537500000000000, -0.230000000000000 ) );
#10677 = CARTESIAN_POINT( '', ( 0.112500000000000, 0.0400000000000000, -0.230000000000000 ) );
#10678 = VECTOR( '', #12335, 39.3700787402000 );
#10679 = CARTESIAN_POINT( '', ( 0.112500000000000, -0.0537500000000000, -0.230000000000000 ) );
#10680 = VECTOR( '', #12336, 39.3700787402000 );
#10681 = AXIS2_PLACEMENT_3D( '', #12337, #12338, #12339 );
#10682 = CARTESIAN_POINT( '', ( 0.112500000000000, 0.0400000000000000, 0.145000000000000 ) );
#10683 = VECTOR( '', #12340, 39.3700787402000 );
#10684 = COLOUR_RGB( '', 0.689999997600000, 0.689999997600000, 0.689999997600000 );
#10685 = CARTESIAN_POINT( '', ( -0.257500000000000, 0.0200000000000000, 0.115000000000000 ) );
#10686 = CARTESIAN_POINT( '', ( -0.257500000000000, 0.000000000000000, 0.115000000000000 ) );
#10687 = VECTOR( '', #12341, 39.3700787402000 );
#10688 = CARTESIAN_POINT( '', ( -0.280000000000000, 0.0200000000000000, 0.115000000000000 ) );
#10689 = CARTESIAN_POINT( '', ( -0.280000000000000, 0.000000000000000, 0.115000000000000 ) );
#10690 = VECTOR( '', #12342, 39.3700787402000 );
#10691 = CARTESIAN_POINT( '', ( 0.280000000000000, 0.0200000000000000, 0.115000000000000 ) );
#10692 = VECTOR( '', #12343, 39.3700787402000 );
#10693 = COLOUR_RGB( '', 1.00000000000000, 1.00000000000000, 0.000000000000000 );
#10694 = CARTESIAN_POINT( '', ( -0.0125000000000000, 0.305000000000000, 0.0562500000000000 ) );
#10695 = CARTESIAN_POINT( '', ( -0.0125000000000000, 0.305000000000000, 0.0437500000000000 ) );
#10696 = VECTOR( '', #12344, 39.3700787402000 );
#10697 = CARTESIAN_POINT( '', ( 0.0125000000000001, 0.305000000000000, 0.0562500000000000 ) );
#10698 = CARTESIAN_POINT( '', ( 0.212500000000000, 0.305000000000000, 0.0562500000000000 ) );
#10699 = VECTOR( '', #12345, 39.3700787402000 );
#10700 = CARTESIAN_POINT( '', ( 0.0125000000000001, 0.305000000000000, 0.0437500000000000 ) );
#10701 = VECTOR( '', #12346, 39.3700787402000 );
#10702 = COLOUR_RGB( '', 0.689999997600000, 0.689999997600000, 0.689999997600000 );
#10703 = CARTESIAN_POINT( '', ( 0.0233333192033665, 0.200000000000000, -0.00500000000000000 ) );
#10704 = CARTESIAN_POINT( '', ( -0.0449500000000000, 0.200000000000000, -0.00500000000000000 ) );
#10705 = VECTOR( '', #12347, 39.3700787402000 );
#10706 = CARTESIAN_POINT( '', ( 0.0233333192033665, 0.200000000000000, 0.00510000000000000 ) );
#10707 = CARTESIAN_POINT( '', ( 0.0449500000000000, 0.200000000000000, 0.00510000000000000 ) );
#10708 = VECTOR( '', #12348, 39.3700787402000 );
#10709 = CARTESIAN_POINT( '', ( 0.0233333192033665, 0.200000000000000, 0.0500000000000000 ) );
#10710 = VECTOR( '', #12349, 39.3700787402000 );
#10711 = COLOUR_RGB( '', 1.00000000000000, 1.00000000000000, 0.000000000000000 );
#10712 = COLOUR_RGB( '', 1.00000000000000, 1.00000000000000, 0.000000000000000 );
#10713 = CARTESIAN_POINT( '', ( 0.0875000000000000, 0.305000000000000, 0.0437500000000000 ) );
#10714 = CARTESIAN_POINT( '', ( 0.0875000000000000, 0.298750000000000, 0.0375000000000000 ) );
#10715 = CARTESIAN_POINT( '', ( 0.0875000000000000, 0.298750000000000, 0.0375000000000000 ) );
#10716 = VECTOR( '', #12350, 39.3700787402000 );
#10717 = CARTESIAN_POINT( '', ( 0.112500000000000, 0.305000000000000, 0.0437500000000000 ) );
#10718 = CARTESIAN_POINT( '', ( 0.212500000000000, 0.305000000000000, 0.0437500000000000 ) );
#10719 = VECTOR( '', #12351, 39.3700787402000 );
#10720 = CARTESIAN_POINT( '', ( 0.112500000000000, 0.298750000000000, 0.0375000000000000 ) );
#10721 = CARTESIAN_POINT( '', ( 0.112500000000000, 0.298750000000000, 0.0375000000000000 ) );
#10722 = VECTOR( '', #12352, 39.3700787402000 );
#10723 = CARTESIAN_POINT( '', ( 0.212500000000000, 0.298750000000000, 0.0375000000000000 ) );
#10724 = VECTOR( '', #12353, 39.3700787402000 );
#10725 = COLOUR_RGB( '', 1.00000000000000, 1.00000000000000, 0.000000000000000 );
#10726 = AXIS2_PLACEMENT_3D( '', #12354, #12355, #12356 );
#10727 = AXIS2_PLACEMENT_3D( '', #12357, #12358, #12359 );
#10728 = COLOUR_RGB( '', 1.00000000000000, 1.00000000000000, 0.000000000000000 );
#10729 = CARTESIAN_POINT( '', ( -0.0875000000000000, -0.153750000000000, -0.230000000000000 ) );
#10730 = VECTOR( '', #12360, 39.3700787402000 );
#10731 = CARTESIAN_POINT( '', ( -0.112500000000000, -0.153750000000000, -0.230000000000000 ) );
#10732 = VECTOR( '', #12361, 39.3700787402000 );
#10733 = COLOUR_RGB( '', 0.689999997600000, 0.689999997600000, 0.689999997600000 );
#10734 = CARTESIAN_POINT( '', ( -0.0500000000000000, 0.320000000000000, 0.130000000000000 ) );
#10735 = CARTESIAN_POINT( '', ( -0.0500000000000000, 0.245000000000000, 0.165000000000000 ) );
#10736 = CARTESIAN_POINT( '', ( -0.0500000000000000, 0.320000000000000, 0.130000000000000 ) );
#10737 = VECTOR( '', #12362, 39.3700787402000 );
#10738 = CARTESIAN_POINT( '', ( -0.0500000000000000, 0.320000000000000, 0.125000000000000 ) );
#10739 = CARTESIAN_POINT( '', ( -0.0500000000000000, 0.320000000000000, 0.125000000000000 ) );
#10740 = VECTOR( '', #12363, 39.3700787402000 );
#10741 = CARTESIAN_POINT( '', ( -0.0500000000000000, 0.233000000000000, 0.125000000000000 ) );
#10742 = VECTOR( '', #12364, 39.3700787402000 );
#10743 = CARTESIAN_POINT( '', ( -0.0500000000000000, 0.245000000000000, 0.165000000000000 ) );
#10744 = VECTOR( '', #12365, 39.3700787402000 );
#10745 = COLOUR_RGB( '', 0.689999997600000, 0.689999997600000, 0.689999997600000 );
#10746 = CARTESIAN_POINT( '', ( -0.0766666807966335, 0.200000000000000, 0.0500000000000000 ) );
#10747 = VECTOR( '', #12366, 39.3700787402000 );
#10748 = CARTESIAN_POINT( '', ( -0.123333319203366, 0.200000000000000, 0.0500000000000000 ) );
#10749 = VECTOR( '', #12367, 39.3700787402000 );
#10750 = COLOUR_RGB( '', 0.689999997600000, 0.689999997600000, 0.689999997600000 );
#10751 = CARTESIAN_POINT( '', ( -0.155050000000000, 0.0900000000000000, -0.0200000000000000 ) );
#10752 = CARTESIAN_POINT( '', ( -0.144950000000000, 0.0900000000000000, -0.0200000000000000 ) );
#10753 = CARTESIAN_POINT( '', ( -0.170000000000000, 0.0900000000000000, -0.0200000000000000 ) );
#10754 = VECTOR( '', #12368, 39.3700787402000 );
#10755 = CARTESIAN_POINT( '', ( -0.155050000000000, 0.320000000000000, -0.0200000000000000 ) );
#10756 = CARTESIAN_POINT( '', ( -0.155050000000000, 0.0900000000000000, -0.0200000000000000 ) );
#10757 = VECTOR( '', #12369, 39.3700787402000 );
#10758 = CARTESIAN_POINT( '', ( -0.144950000000000, 0.320000000000000, -0.0200000000000000 ) );
#10759 = CARTESIAN_POINT( '', ( -0.170000000000000, 0.320000000000000, -0.0200000000000000 ) );
#10760 = VECTOR( '', #12370, 39.3700787402000 );
#10761 = CARTESIAN_POINT( '', ( -0.144950000000000, 0.0900000000000000, -0.0200000000000000 ) );
#10762 = VECTOR( '', #12371, 39.3700787402000 );
#10763 = COLOUR_RGB( '', 1.00000000000000, 1.00000000000000, 0.000000000000000 );
#10764 = CARTESIAN_POINT( '', ( 0.0875000000000001, -0.0725000000000000, -0.0875000000000000 ) );
#10765 = CARTESIAN_POINT( '', ( 0.212500000000000, -0.0725000000000000, -0.0875000000000000 ) );
#10766 = VECTOR( '', #12372, 39.3700787402000 );
#10767 = CARTESIAN_POINT( '', ( 0.0875000000000001, -0.0725000000000000, -0.223750000000000 ) );
#10768 = CARTESIAN_POINT( '', ( 0.0875000000000001, -0.0725000000000000, -0.0875000000000000 ) );
#10769 = VECTOR( '', #12373, 39.3700787402000 );
#10770 = CARTESIAN_POINT( '', ( 0.212500000000000, -0.0725000000000000, -0.223750000000000 ) );
#10771 = VECTOR( '', #12374, 39.3700787402000 );
#10772 = COLOUR_RGB( '', 0.689999997600000, 0.689999997600000, 0.689999997600000 );
#10773 = CARTESIAN_POINT( '', ( 0.280000000000000, 0.0200000000000000, 0.115000000000000 ) );
#10774 = CARTESIAN_POINT( '', ( 0.280000000000000, 0.0200000000000000, 0.115000000000000 ) );
#10775 = VECTOR( '', #12375, 39.3700787402000 );
#10776 = CARTESIAN_POINT( '', ( 0.280000000000000, 0.000000000000000, 0.115000000000000 ) );
#10777 = CARTESIAN_POINT( '', ( 0.280000000000000, 0.000000000000000, 0.115000000000000 ) );
#10778 = VECTOR( '', #12376, 39.3700787402000 );
#10779 = CARTESIAN_POINT( '', ( 0.280000000000000, 0.000000000000000, 0.115000000000000 ) );
#10780 = VECTOR( '', #12377, 39.3700787402000 );
#10781 = COLOUR_RGB( '', 0.689999997600000, 0.689999997600000, 0.689999997600000 );
#10782 = CARTESIAN_POINT( '', ( 0.132500000000000, 0.000000000000000, -0.125000000000000 ) );
#10783 = CARTESIAN_POINT( '', ( 0.132500000000000, 0.0200000000000000, -0.125000000000000 ) );
#10784 = CARTESIAN_POINT( '', ( 0.132500000000000, 0.000000000000000, -0.125000000000000 ) );
#10785 = VECTOR( '', #12378, 39.3700787402000 );
#10786 = CARTESIAN_POINT( '', ( 0.132500000000000, 0.000000000000000, -0.115000000000000 ) );
#10787 = CARTESIAN_POINT( '', ( 0.132500000000000, 0.000000000000000, 0.145000000000000 ) );
#10788 = VECTOR( '', #12379, 39.3700787402000 );
#10789 = CARTESIAN_POINT( '', ( 0.132500000000000, 0.0200000000000000, -0.115000000000000 ) );
#10790 = CARTESIAN_POINT( '', ( 0.132500000000000, 0.0200000000000000, -0.115000000000000 ) );
#10791 = VECTOR( '', #12380, 39.3700787402000 );
#10792 = CARTESIAN_POINT( '', ( 0.132500000000000, 0.0200000000000000, 0.145000000000000 ) );
#10793 = VECTOR( '', #12381, 39.3700787402000 );
#10794 = COLOUR_RGB( '', 1.00000000000000, 1.00000000000000, 0.000000000000000 );
#10795 = CARTESIAN_POINT( '', ( 0.0875000000000001, -0.0225000000000000, -0.0375000000000000 ) );
#10796 = CARTESIAN_POINT( '', ( 0.0875000000000001, 0.0400000000000000, -0.0375000000000000 ) );
#10797 = CARTESIAN_POINT( '', ( 0.0875000000000001, 0.0400000000000000, -0.0375000000000000 ) );
#10798 = VECTOR( '', #12382, 39.3700787402000 );
#10799 = CARTESIAN_POINT( '', ( 0.0875000000000001, 0.0400000000000000, 0.145000000000000 ) );
#10800 = VECTOR( '', #12383, 39.3700787402000 );
#10801 = AXIS2_PLACEMENT_3D( '', #12384, #12385, #12386 );
#10802 = CARTESIAN_POINT( '', ( 0.0875000000000001, -0.0537500000000000, -0.230000000000000 ) );
#10803 = CARTESIAN_POINT( '', ( 0.0875000000000001, -0.0537500000000000, -0.230000000000000 ) );
#10804 = VECTOR( '', #12387, 39.3700787402000 );
#10805 = CARTESIAN_POINT( '', ( 0.0875000000000001, -0.0662500000000000, -0.230000000000000 ) );
#10806 = CARTESIAN_POINT( '', ( 0.0875000000000001, -0.200000000000000, -0.230000000000000 ) );
#10807 = VECTOR( '', #12388, 39.3700787402000 );
#10808 = CARTESIAN_POINT( '', ( 0.0875000000000001, -0.0725000000000000, -0.223750000000000 ) );
#10809 = VECTOR( '', #12389, 39.3700787402000 );
#10810 = AXIS2_PLACEMENT_3D( '', #12390, #12391, #12392 );
#10811 = COLOUR_RGB( '', 1.00000000000000, 1.00000000000000, 0.000000000000000 );
#10812 = CARTESIAN_POINT( '', ( -0.187500000000000, 0.298750000000000, 0.0375000000000000 ) );
#10813 = VECTOR( '', #12393, 39.3700787402000 );
#10814 = CARTESIAN_POINT( '', ( -0.212500000000000, 0.298750000000000, 0.0375000000000000 ) );
#10815 = VECTOR( '', #12394, 39.3700787402000 );
#10816 = COLOUR_RGB( '', 0.689999997600000, 0.689999997600000, 0.689999997600000 );
#10817 = CARTESIAN_POINT( '', ( 0.0270000000000000, 0.305000000000000, -0.00500000000000000 ) );
#10818 = CARTESIAN_POINT( '', ( 0.0194135457806037, 0.0877523754541240, -0.00500000000000000 ) );
#10819 = VECTOR( '', #12395, 39.3700787402000 );
#10820 = CARTESIAN_POINT( '', ( 0.0363730402786399, 0.320000000000000, -0.00500000000000000 ) );
#10821 = CARTESIAN_POINT( '', ( -0.0898249579714234, 0.118040985904562, -0.00500000000000000 ) );
#10822 = VECTOR( '', #12396, 39.3700787402000 );
#10823 = CARTESIAN_POINT( '', ( 0.0449500000000000, 0.320000000000000, -0.00500000000000000 ) );
#10824 = CARTESIAN_POINT( '', ( -0.0449500000000000, 0.320000000000000, -0.00500000000000000 ) );
#10825 = VECTOR( '', #12397, 39.3700787402000 );
#10826 = CARTESIAN_POINT( '', ( 0.0449500000000000, 0.0900000000000000, -0.00500000000000000 ) );
#10827 = VECTOR( '', #12398, 39.3700787402000 );
#10828 = CARTESIAN_POINT( '', ( -0.0449500000000000, 0.320000000000000, -0.00500000000000000 ) );
#10829 = VECTOR( '', #12399, 39.3700787402000 );
#10830 = COLOUR_RGB( '', 0.689999997600000, 0.689999997600000, 0.689999997600000 );
#10831 = CARTESIAN_POINT( '', ( -0.132500000000000, 0.0200000000000000, 0.115000000000000 ) );
#10832 = CARTESIAN_POINT( '', ( -0.132500000000000, 0.000000000000000, 0.115000000000000 ) );
#10833 = VECTOR( '', #12400, 39.3700787402000 );
#10834 = CARTESIAN_POINT( '', ( 0.280000000000000, 0.0200000000000000, 0.115000000000000 ) );
#10835 = VECTOR( '', #12401, 39.3700787402000 );
#10836 = COLOUR_RGB( '', 0.689999997600000, 0.689999997600000, 0.689999997600000 );
#10837 = CARTESIAN_POINT( '', ( -0.257500000000000, 0.320000000000000, -0.145000000000000 ) );
#10838 = CARTESIAN_POINT( '', ( -0.257500000000000, 0.0200000000000000, -0.145000000000000 ) );
#10839 = VECTOR( '', #12402, 39.3700787402000 );
#10840 = CARTESIAN_POINT( '', ( -0.257500000000000, 0.320000000000000, -0.125000000000000 ) );
#10841 = CARTESIAN_POINT( '', ( -0.257500000000000, 0.320000000000000, -0.125000000000000 ) );
#10842 = VECTOR( '', #12403, 39.3700787402000 );
#10843 = CARTESIAN_POINT( '', ( -0.257500000000000, 0.0200000000000000, -0.125000000000000 ) );
#10844 = CARTESIAN_POINT( '', ( -0.257500000000000, 0.320000000000000, -0.125000000000000 ) );
#10845 = VECTOR( '', #12404, 39.3700787402000 );
#10846 = CARTESIAN_POINT( '', ( -0.257500000000000, 0.0200000000000000, -0.115000000000000 ) );
#10847 = CARTESIAN_POINT( '', ( -0.257500000000000, 0.0200000000000000, 0.145000000000000 ) );
#10848 = VECTOR( '', #12405, 39.3700787402000 );
#10849 = CARTESIAN_POINT( '', ( -0.257500000000000, 0.0200000000000000, -0.115000000000000 ) );
#10850 = VECTOR( '', #12406, 39.3700787402000 );
#10851 = COLOUR_RGB( '', 1.00000000000000, 1.00000000000000, 0.000000000000000 );
#10852 = AXIS2_PLACEMENT_3D( '', #12407, #12408, #12409 );
#10853 = AXIS2_PLACEMENT_3D( '', #12410, #12411, #12412 );
#10854 = COLOUR_RGB( '', 1.00000000000000, 1.00000000000000, 0.000000000000000 );
#10855 = CARTESIAN_POINT( '', ( -0.187500000000000, -0.172500000000000, 0.0125000000000000 ) );
#10856 = AXIS2_PLACEMENT_3D( '', #12413, #12414, #12415 );
#10857 = CARTESIAN_POINT( '', ( -0.212500000000000, -0.172500000000000, 0.0125000000000000 ) );
#10858 = AXIS2_PLACEMENT_3D( '', #12416, #12417, #12418 );
#10859 = CARTESIAN_POINT( '', ( 0.212500000000000, -0.172500000000000, 0.0125000000000000 ) );
#10860 = VECTOR( '', #12419, 39.3700787402000 );
#10861 = COLOUR_RGB( '', 1.00000000000000, 1.00000000000000, 0.000000000000000 );
#10862 = CARTESIAN_POINT( '', ( 0.212500000000000, -0.0537500000000000, -0.230000000000000 ) );
#10863 = VECTOR( '', #12420, 39.3700787402000 );
#10864 = COLOUR_RGB( '', 1.00000000000000, 1.00000000000000, 0.000000000000000 );
#10865 = CARTESIAN_POINT( '', ( 0.112500000000000, -0.147500000000000, -0.223750000000000 ) );
#10866 = CARTESIAN_POINT( '', ( 0.112500000000000, -0.147500000000000, -0.223750000000000 ) );
#10867 = VECTOR( '', #12421, 39.3700787402000 );
#10868 = CARTESIAN_POINT( '', ( 0.212500000000000, -0.147500000000000, -0.223750000000000 ) );
#10869 = VECTOR( '', #12422, 39.3700787402000 );
#10870 = COLOUR_RGB( '', 0.689999997600000, 0.689999997600000, 0.689999997600000 );
#10871 = CARTESIAN_POINT( '', ( -0.155050000000000, 0.0900000000000000, -0.0600000000000000 ) );
#10872 = CARTESIAN_POINT( '', ( -0.155050000000000, 0.0900000000000000, -0.114900000000000 ) );
#10873 = CARTESIAN_POINT( '', ( -0.155050000000000, 0.0900000000000000, -0.00500000000000000 ) );
#10874 = VECTOR( '', #12423, 39.3700787402000 );
#10875 = CARTESIAN_POINT( '', ( -0.155050000000000, 0.320000000000000, -0.0600000000000000 ) );
#10876 = CARTESIAN_POINT( '', ( -0.155050000000000, 0.0900000000000000, -0.0600000000000000 ) );
#10877 = VECTOR( '', #12424, 39.3700787402000 );
#10878 = CARTESIAN_POINT( '', ( -0.155050000000000, 0.320000000000000, -0.114900000000000 ) );
#10879 = CARTESIAN_POINT( '', ( -0.155050000000000, 0.320000000000000, -0.00500000000000000 ) );
#10880 = VECTOR( '', #12425, 39.3700787402000 );
#10881 = CARTESIAN_POINT( '', ( -0.155050000000000, 0.0900000000000000, -0.114900000000000 ) );
#10882 = VECTOR( '', #12426, 39.3700787402000 );
#10883 = COLOUR_RGB( '', 1.00000000000000, 1.00000000000000, 0.000000000000000 );
#10884 = CARTESIAN_POINT( '', ( 0.0125000000000000, -0.147500000000000, -0.223750000000000 ) );
#10885 = CARTESIAN_POINT( '', ( 0.0125000000000000, -0.147500000000000, 0.0125000000000000 ) );
#10886 = CARTESIAN_POINT( '', ( 0.0125000000000000, -0.147500000000000, -0.223750000000000 ) );
#10887 = VECTOR( '', #12427, 39.3700787402000 );
#10888 = CARTESIAN_POINT( '', ( 0.212500000000000, -0.147500000000000, -0.223750000000000 ) );
#10889 = VECTOR( '', #12428, 39.3700787402000 );
#10890 = CARTESIAN_POINT( '', ( 0.212500000000000, -0.147500000000000, 0.0125000000000000 ) );
#10891 = VECTOR( '', #12429, 39.3700787402000 );
#10892 = COLOUR_RGB( '', 0.689999997600000, 0.689999997600000, 0.689999997600000 );
#10893 = CARTESIAN_POINT( '', ( 0.155050000000000, 0.320000000000000, 0.115000000000000 ) );
#10894 = CARTESIAN_POINT( '', ( 0.244950000000000, 0.320000000000000, 0.115000000000000 ) );
#10895 = CARTESIAN_POINT( '', ( 0.155050000000000, 0.320000000000000, 0.115000000000000 ) );
#10896 = VECTOR( '', #12430, 39.3700787402000 );
#10897 = CARTESIAN_POINT( '', ( 0.244950000000000, 0.0900000000000000, 0.115000000000000 ) );
#10898 = CARTESIAN_POINT( '', ( 0.244950000000000, 0.0900000000000000, 0.115000000000000 ) );
#10899 = VECTOR( '', #12431, 39.3700787402000 );
#10900 = CARTESIAN_POINT( '', ( 0.155050000000000, 0.0900000000000000, 0.115000000000000 ) );
#10901 = CARTESIAN_POINT( '', ( 0.155050000000000, 0.0900000000000000, 0.115000000000000 ) );
#10902 = VECTOR( '', #12432, 39.3700787402000 );
#10903 = CARTESIAN_POINT( '', ( 0.155050000000000, 0.0900000000000000, 0.115000000000000 ) );
#10904 = VECTOR( '', #12433, 39.3700787402000 );
#10905 = COLOUR_RGB( '', 1.00000000000000, 1.00000000000000, 0.000000000000000 );
#10906 = CARTESIAN_POINT( '', ( 0.0875000000000000, 0.305000000000000, 0.0437500000000000 ) );
#10907 = VECTOR( '', #12434, 39.3700787402000 );
#10908 = CARTESIAN_POINT( '', ( 0.0875000000000000, 0.0650000000000000, 0.0375000000000000 ) );
#10909 = CARTESIAN_POINT( '', ( 0.0875000000000000, 0.0650000000000000, 0.0375000000000000 ) );
#10910 = VECTOR( '', #12435, 39.3700787402000 );
#10911 = CARTESIAN_POINT( '', ( 0.0875000000000000, 0.0650000000000000, -0.0375000000000000 ) );
#10912 = VECTOR( '', #12436, 39.3700787402000 );
#10913 = CARTESIAN_POINT( '', ( 0.0875000000000000, 0.298750000000000, -0.0625000000000000 ) );
#10914 = VECTOR( '', #12437, 39.3700787402000 );
#10915 = COLOUR_RGB( '', 0.689999997600000, 0.689999997600000, 0.689999997600000 );
#10916 = CARTESIAN_POINT( '', ( 0.127000000000000, 0.305000000000000, -0.00500000000000000 ) );
#10917 = CARTESIAN_POINT( '', ( 0.123333319203367, 0.200000000000000, -0.00500000000000000 ) );
#10918 = CARTESIAN_POINT( '', ( 0.119413545780604, 0.0877523754541240, -0.00500000000000000 ) );
#10919 = VECTOR( '', #12438, 39.3700787402000 );
#10920 = CARTESIAN_POINT( '', ( 0.123333319203367, 0.200000000000000, 0.0500000000000000 ) );
#10921 = VECTOR( '', #12439, 39.3700787402000 );
#10922 = CARTESIAN_POINT( '', ( 0.127000000000000, 0.305000000000000, 0.0500000000000000 ) );
#10923 = VECTOR( '', #12440, 39.3700787402000 );
#10924 = COLOUR_RGB( '', 1.00000000000000, 1.00000000000000, 0.000000000000000 );
#10925 = CARTESIAN_POINT( '', ( 0.212500000000000, 0.298750000000000, -0.0375000000000000 ) );
#10926 = CARTESIAN_POINT( '', ( 0.212500000000000, 0.298750000000000, -0.0375000000000000 ) );
#10927 = VECTOR( '', #12441, 39.3700787402000 );
#10928 = CARTESIAN_POINT( '', ( 0.212500000000000, 0.305000000000000, -0.0437500000000000 ) );
#10929 = VECTOR( '', #12442, 39.3700787402000 );
#10930 = COLOUR_RGB( '', 1.00000000000000, 1.00000000000000, 0.000000000000000 );
#10931 = CARTESIAN_POINT( '', ( -0.0875000000000000, -0.172500000000000, -0.223750000000000 ) );
#10932 = VECTOR( '', #12443, 39.3700787402000 );
#10933 = CARTESIAN_POINT( '', ( -0.0875000000000000, -0.122500000000000, 0.0375000000000000 ) );
#10934 = AXIS2_PLACEMENT_3D( '', #12444, #12445, #12446 );
#10935 = CARTESIAN_POINT( '', ( -0.0875000000000000, 0.0400000000000000, 0.0375000000000000 ) );
#10936 = CARTESIAN_POINT( '', ( -0.0875000000000000, -0.122500000000000, 0.0375000000000000 ) );
#10937 = VECTOR( '', #12447, 39.3700787402000 );
#10938 = CARTESIAN_POINT( '', ( -0.0875000000000000, 0.0400000000000000, 0.145000000000000 ) );
#10939 = VECTOR( '', #12448, 39.3700787402000 );
#10940 = COLOUR_RGB( '', 1.00000000000000, 1.00000000000000, 0.000000000000000 );
#10941 = AXIS2_PLACEMENT_3D( '', #12449, #12450, #12451 );
#10942 = COLOUR_RGB( '', 0.689999997600000, 0.689999997600000, 0.689999997600000 );
#10943 = CARTESIAN_POINT( '', ( 0.0449500000000000, 0.320000000000000, -0.00500000000000000 ) );
#10944 = VECTOR( '', #12452, 39.3700787402000 );
#10945 = COLOUR_RGB( '', 1.00000000000000, 1.00000000000000, 0.000000000000000 );
#10946 = CARTESIAN_POINT( '', ( 0.212500000000000, 0.298750000000000, 0.0375000000000000 ) );
#10947 = VECTOR( '', #12453, 39.3700787402000 );
#10948 = COLOUR_RGB( '', 0.689999997600000, 0.689999997600000, 0.689999997600000 );
#10949 = CARTESIAN_POINT( '', ( -0.0449500000000000, 0.320000000000000, 0.00510000000000000 ) );
#10950 = CARTESIAN_POINT( '', ( 0.0449500000000000, 0.320000000000000, 0.00510000000000000 ) );
#10951 = VECTOR( '', #12454, 39.3700787402000 );
#10952 = CARTESIAN_POINT( '', ( -0.0449500000000000, 0.0900000000000000, 0.00510000000000000 ) );
#10953 = VECTOR( '', #12455, 39.3700787402000 );
#10954 = CARTESIAN_POINT( '', ( 0.0363730402786399, 0.320000000000000, 0.00510000000000000 ) );
#10955 = CARTESIAN_POINT( '', ( 0.0449500000000000, 0.320000000000000, 0.00510000000000000 ) );
#10956 = VECTOR( '', #12456, 39.3700787402000 );
#10957 = CARTESIAN_POINT( '', ( 0.0270000000000000, 0.305000000000000, 0.00510000000000000 ) );
#10958 = CARTESIAN_POINT( '', ( -0.0645797410195924, 0.158441778285709, 0.00510000000000000 ) );
#10959 = VECTOR( '', #12457, 39.3700787402000 );
#10960 = CARTESIAN_POINT( '', ( 0.0195230417214247, 0.0908879289489224, 0.00510000000000000 ) );
#10961 = VECTOR( '', #12458, 39.3700787402000 );
#10962 = COLOUR_RGB( '', 1.00000000000000, 1.00000000000000, 0.000000000000000 );
#10963 = CARTESIAN_POINT( '', ( -0.112500000000000, -0.172500000000000, -0.223750000000000 ) );
#10964 = VECTOR( '', #12459, 39.3700787402000 );
#10965 = COLOUR_RGB( '', 1.00000000000000, 1.00000000000000, 0.000000000000000 );
#10966 = CARTESIAN_POINT( '', ( -0.112500000000000, 0.0400000000000000, 0.0375000000000000 ) );
#10967 = CARTESIAN_POINT( '', ( 0.212500000000000, 0.0400000000000000, 0.0375000000000000 ) );
#10968 = VECTOR( '', #12460, 39.3700787402000 );
#10969 = CARTESIAN_POINT( '', ( -0.112500000000000, 0.0400000000000000, 0.145000000000000 ) );
#10970 = VECTOR( '', #12461, 39.3700787402000 );
#10971 = CARTESIAN_POINT( '', ( -0.187500000000000, 0.0400000000000000, 0.145000000000000 ) );
#10972 = VECTOR( '', #12462, 39.3700787402000 );
#10973 = CARTESIAN_POINT( '', ( -0.212500000000000, 0.0400000000000000, -0.0375000000000000 ) );
#10974 = CARTESIAN_POINT( '', ( -0.212500000000000, 0.0400000000000000, 0.0375000000000000 ) );
#10975 = VECTOR( '', #12463, 39.3700787402000 );
#10976 = CARTESIAN_POINT( '', ( -0.187500000000000, 0.0400000000000000, -0.0375000000000000 ) );
#10977 = CARTESIAN_POINT( '', ( 0.212500000000000, 0.0400000000000000, -0.0375000000000000 ) );
#10978 = VECTOR( '', #12464, 39.3700787402000 );
#10979 = CARTESIAN_POINT( '', ( -0.187500000000000, 0.0400000000000000, 0.145000000000000 ) );
#10980 = VECTOR( '', #12465, 39.3700787402000 );
#10981 = CARTESIAN_POINT( '', ( -0.0875000000000000, 0.0400000000000000, 0.145000000000000 ) );
#10982 = VECTOR( '', #12466, 39.3700787402000 );
#10983 = CARTESIAN_POINT( '', ( 0.212500000000000, 0.0400000000000000, -0.0375000000000000 ) );
#10984 = VECTOR( '', #12467, 39.3700787402000 );
#10985 = CARTESIAN_POINT( '', ( 0.212500000000000, 0.0400000000000000, -0.0375000000000000 ) );
#10986 = VECTOR( '', #12468, 39.3700787402000 );
#10987 = CARTESIAN_POINT( '', ( 0.212500000000000, 0.0400000000000000, -0.0375000000000000 ) );
#10988 = CARTESIAN_POINT( '', ( 0.212500000000000, 0.0400000000000000, -0.0375000000000000 ) );
#10989 = VECTOR( '', #12469, 39.3700787402000 );
#10990 = CARTESIAN_POINT( '', ( 0.212500000000000, 0.0400000000000000, 0.0375000000000000 ) );
#10991 = CARTESIAN_POINT( '', ( 0.212500000000000, 0.0400000000000000, 0.0375000000000000 ) );
#10992 = VECTOR( '', #12470, 39.3700787402000 );
#10993 = CARTESIAN_POINT( '', ( 0.187500000000000, 0.0400000000000000, 0.0375000000000000 ) );
#10994 = CARTESIAN_POINT( '', ( 0.212500000000000, 0.0400000000000000, 0.0375000000000000 ) );
#10995 = VECTOR( '', #12471, 39.3700787402000 );
#10996 = CARTESIAN_POINT( '', ( 0.187500000000000, 0.0400000000000000, 0.145000000000000 ) );
#10997 = VECTOR( '', #12472, 39.3700787402000 );
#10998 = CARTESIAN_POINT( '', ( 0.112500000000000, 0.0400000000000000, 0.0375000000000000 ) );
#10999 = CARTESIAN_POINT( '', ( 0.112500000000000, 0.0400000000000000, 0.145000000000000 ) );
#11000 = VECTOR( '', #12473, 39.3700787402000 );
#11001 = CARTESIAN_POINT( '', ( 0.212500000000000, 0.0400000000000000, 0.0375000000000000 ) );
#11002 = VECTOR( '', #12474, 39.3700787402000 );
#11003 = CARTESIAN_POINT( '', ( 0.0125000000000000, 0.0400000000000000, 0.145000000000000 ) );
#11004 = VECTOR( '', #12475, 39.3700787402000 );
#11005 = COLOUR_RGB( '', 0.689999997600000, 0.689999997600000, 0.689999997600000 );
#11006 = CARTESIAN_POINT( '', ( 0.280000000000000, 0.000000000000000, -0.115000000000000 ) );
#11007 = VECTOR( '', #12476, 39.3700787402000 );
#11008 = CARTESIAN_POINT( '', ( 0.280000000000000, 0.0200000000000000, -0.115000000000000 ) );
#11009 = VECTOR( '', #12477, 39.3700787402000 );
#11010 = COLOUR_RGB( '', 1.00000000000000, 1.00000000000000, 0.000000000000000 );
#11011 = CARTESIAN_POINT( '', ( 0.212500000000000, -0.0225000000000000, -0.0375000000000000 ) );
#11012 = VECTOR( '', #12478, 39.3700787402000 );
#11013 = COLOUR_RGB( '', 1.00000000000000, 1.00000000000000, 0.000000000000000 );
#11014 = CARTESIAN_POINT( '', ( 0.0125000000000001, 0.305000000000000, -0.0437500000000000 ) );
#11015 = CARTESIAN_POINT( '', ( 0.0125000000000001, 0.305000000000000, -0.0562500000000000 ) );
#11016 = VECTOR( '', #12479, 39.3700787402000 );
#11017 = CARTESIAN_POINT( '', ( 0.0125000000000001, 0.305000000000000, -0.0437500000000000 ) );
#11018 = VECTOR( '', #12480, 39.3700787402000 );
#11019 = CARTESIAN_POINT( '', ( 0.0125000000000001, 0.0650000000000000, -0.0375000000000000 ) );
#11020 = VECTOR( '', #12481, 39.3700787402000 );
#11021 = CARTESIAN_POINT( '', ( 0.0125000000000001, 0.305000000000000, 0.0562500000000000 ) );
#11022 = VECTOR( '', #12482, 39.3700787402000 );
#11023 = COLOUR_RGB( '', 0.689999997600000, 0.689999997600000, 0.689999997600000 );
#11024 = CARTESIAN_POINT( '', ( -0.244950000000000, 0.320000000000000, -0.114900000000000 ) );
#11025 = CARTESIAN_POINT( '', ( -0.244950000000000, 0.320000000000000, -0.00500000000000000 ) );
#11026 = CARTESIAN_POINT( '', ( -0.244950000000000, 0.320000000000000, -0.114900000000000 ) );
#11027 = VECTOR( '', #12483, 39.3700787402000 );
#11028 = CARTESIAN_POINT( '', ( -0.244950000000000, 0.0900000000000000, -0.00500000000000000 ) );
#11029 = CARTESIAN_POINT( '', ( -0.244950000000000, 0.0900000000000000, -0.00500000000000000 ) );
#11030 = VECTOR( '', #12484, 39.3700787402000 );
#11031 = CARTESIAN_POINT( '', ( -0.244950000000000, 0.0900000000000000, -0.114900000000000 ) );
#11032 = CARTESIAN_POINT( '', ( -0.244950000000000, 0.0900000000000000, -0.114900000000000 ) );
#11033 = VECTOR( '', #12485, 39.3700787402000 );
#11034 = CARTESIAN_POINT( '', ( -0.244950000000000, 0.0900000000000000, -0.114900000000000 ) );
#11035 = VECTOR( '', #12486, 39.3700787402000 );
#11036 = COLOUR_RGB( '', 0.689999997600000, 0.689999997600000, 0.689999997600000 );
#11037 = CARTESIAN_POINT( '', ( -0.155050000000000, 0.320000000000000, -0.00500000000000000 ) );
#11038 = CARTESIAN_POINT( '', ( -0.155050000000000, 0.320000000000000, -0.00500000000000000 ) );
#11039 = VECTOR( '', #12487, 39.3700787402000 );
#11040 = CARTESIAN_POINT( '', ( -0.155050000000000, 0.0900000000000000, -0.00500000000000000 ) );
#11041 = CARTESIAN_POINT( '', ( -0.155050000000000, 0.0900000000000000, -0.00500000000000000 ) );
#11042 = VECTOR( '', #12488, 39.3700787402000 );
#11043 = CARTESIAN_POINT( '', ( -0.155050000000000, 0.0900000000000000, -0.00500000000000000 ) );
#11044 = VECTOR( '', #12489, 39.3700787402000 );
#11045 = COLOUR_RGB( '', 1.00000000000000, 1.00000000000000, 0.000000000000000 );
#11046 = CARTESIAN_POINT( '', ( -0.212500000000000, 0.298750000000000, -0.0625000000000000 ) );
#11047 = VECTOR( '', #12490, 39.3700787402000 );
#11048 = CARTESIAN_POINT( '', ( -0.212500000000000, -0.0662500000000000, -0.230000000000000 ) );
#11049 = CARTESIAN_POINT( '', ( -0.212500000000000, -0.0662500000000000, -0.230000000000000 ) );
#11050 = VECTOR( '', #12491, 39.3700787402000 );
#11051 = CARTESIAN_POINT( '', ( -0.212500000000000, -0.0725000000000000, -0.223750000000000 ) );
#11052 = CARTESIAN_POINT( '', ( -0.212500000000000, -0.0725000000000000, -0.223750000000000 ) );
#11053 = VECTOR( '', #12492, 39.3700787402000 );
#11054 = CARTESIAN_POINT( '', ( -0.212500000000000, -0.0725000000000000, -0.0875000000000000 ) );
#11055 = VECTOR( '', #12493, 39.3700787402000 );
#11056 = CARTESIAN_POINT( '', ( -0.212500000000000, 0.0400000000000000, -0.0375000000000000 ) );
#11057 = VECTOR( '', #12494, 39.3700787402000 );
#11058 = CARTESIAN_POINT( '', ( -0.212500000000000, -0.147500000000000, -0.223750000000000 ) );
#11059 = CARTESIAN_POINT( '', ( -0.212500000000000, -0.147500000000000, -0.223750000000000 ) );
#11060 = VECTOR( '', #12495, 39.3700787402000 );
#11061 = CARTESIAN_POINT( '', ( -0.212500000000000, -0.153750000000000, -0.230000000000000 ) );
#11062 = VECTOR( '', #12496, 39.3700787402000 );
#11063 = CARTESIAN_POINT( '', ( -0.212500000000000, -0.172500000000000, -0.223750000000000 ) );
#11064 = CARTESIAN_POINT( '', ( -0.212500000000000, -0.172500000000000, -0.223750000000000 ) );
#11065 = VECTOR( '', #12497, 39.3700787402000 );
#11066 = CARTESIAN_POINT( '', ( -0.212500000000000, -0.172500000000000, 0.0125000000000000 ) );
#11067 = VECTOR( '', #12498, 39.3700787402000 );
#11068 = CARTESIAN_POINT( '', ( -0.212500000000000, 0.305000000000000, 0.0562500000000000 ) );
#11069 = VECTOR( '', #12499, 39.3700787402000 );
#11070 = CARTESIAN_POINT( '', ( -0.212500000000000, 0.0650000000000000, -0.0375000000000000 ) );
#11071 = VECTOR( '', #12500, 39.3700787402000 );
#11072 = COLOUR_RGB( '', 0.689999997600000, 0.689999997600000, 0.689999997600000 );
#11073 = CARTESIAN_POINT( '', ( -0.244950000000000, 0.320000000000000, 0.115000000000000 ) );
#11074 = CARTESIAN_POINT( '', ( -0.244950000000000, 0.320000000000000, 0.00510000000000001 ) );
#11075 = VECTOR( '', #12501, 39.3700787402000 );
#11076 = CARTESIAN_POINT( '', ( -0.244950000000000, 0.0900000000000000, 0.115000000000000 ) );
#11077 = CARTESIAN_POINT( '', ( -0.244950000000000, 0.0900000000000000, 0.115000000000000 ) );
#11078 = VECTOR( '', #12502, 39.3700787402000 );
#11079 = CARTESIAN_POINT( '', ( -0.244950000000000, 0.0900000000000000, 0.00510000000000001 ) );
#11080 = VECTOR( '', #12503, 39.3700787402000 );
#11081 = COLOUR_RGB( '', 1.00000000000000, 1.00000000000000, 0.000000000000000 );
#11082 = CARTESIAN_POINT( '', ( 0.187500000000000, -0.122500000000000, 0.0375000000000000 ) );
#11083 = CARTESIAN_POINT( '', ( 0.187500000000000, -0.122500000000000, 0.0375000000000000 ) );
#11084 = VECTOR( '', #12504, 39.3700787402000 );
#11085 = AXIS2_PLACEMENT_3D( '', #12505, #12506, #12507 );
#11086 = CARTESIAN_POINT( '', ( 0.187500000000000, -0.153750000000000, -0.230000000000000 ) );
#11087 = CARTESIAN_POINT( '', ( 0.187500000000000, -0.153750000000000, -0.230000000000000 ) );
#11088 = VECTOR( '', #12508, 39.3700787402000 );
#11089 = CARTESIAN_POINT( '', ( 0.187500000000000, -0.166250000000000, -0.230000000000000 ) );
#11090 = CARTESIAN_POINT( '', ( 0.187500000000000, -0.200000000000000, -0.230000000000000 ) );
#11091 = VECTOR( '', #12509, 39.3700787402000 );
#11092 = CARTESIAN_POINT( '', ( 0.187500000000000, -0.172500000000000, -0.223750000000000 ) );
#11093 = VECTOR( '', #12510, 39.3700787402000 );
#11094 = COLOUR_RGB( '', 0.689999997600000, 0.689999997600000, 0.689999997600000 );
#11095 = CARTESIAN_POINT( '', ( 0.257500000000000, 0.000000000000000, -0.125000000000000 ) );
#11096 = VECTOR( '', #12511, 39.3700787402000 );
#11097 = CARTESIAN_POINT( '', ( 0.0750000000000000, 0.0200000000000000, -0.125000000000000 ) );
#11098 = CARTESIAN_POINT( '', ( 0.280000000000000, 0.0200000000000000, -0.125000000000000 ) );
#11099 = VECTOR( '', #12512, 39.3700787402000 );
#11100 = CARTESIAN_POINT( '', ( 0.0750000000000000, 0.320000000000000, -0.125000000000000 ) );
#11101 = CARTESIAN_POINT( '', ( 0.0750000000000000, 0.320000000000000, -0.125000000000000 ) );
#11102 = VECTOR( '', #12513, 39.3700787402000 );
#11103 = CARTESIAN_POINT( '', ( 0.257500000000000, 0.320000000000000, -0.125000000000000 ) );
#11104 = VECTOR( '', #12514, 39.3700787402000 );
#11105 = CARTESIAN_POINT( '', ( 0.280000000000000, 0.0200000000000000, -0.125000000000000 ) );
#11106 = VECTOR( '', #12515, 39.3700787402000 );
#11107 = COLOUR_RGB( '', 0.689999997600000, 0.689999997600000, 0.689999997600000 );
#11108 = CARTESIAN_POINT( '', ( -0.167500000000000, 0.000000000000000, -0.125000000000000 ) );
#11109 = CARTESIAN_POINT( '', ( -0.167500000000000, 0.0200000000000000, -0.125000000000000 ) );
#11110 = CARTESIAN_POINT( '', ( -0.167500000000000, -0.0200000000000000, -0.125000000000000 ) );
#11111 = VECTOR( '', #12516, 39.3700787402000 );
#11112 = CARTESIAN_POINT( '', ( -0.167500000000000, 0.000000000000000, -0.115000000000000 ) );
#11113 = CARTESIAN_POINT( '', ( -0.167500000000000, 0.000000000000000, -0.115000000000000 ) );
#11114 = VECTOR( '', #12517, 39.3700787402000 );
#11115 = CARTESIAN_POINT( '', ( -0.167500000000000, 0.0200000000000000, -0.115000000000000 ) );
#11116 = CARTESIAN_POINT( '', ( -0.167500000000000, 0.0200000000000000, -0.115000000000000 ) );
#11117 = VECTOR( '', #12518, 39.3700787402000 );
#11118 = CARTESIAN_POINT( '', ( -0.167500000000000, 0.0200000000000000, 0.145000000000000 ) );
#11119 = VECTOR( '', #12519, 39.3700787402000 );
#11120 = COLOUR_RGB( '', 1.00000000000000, 1.00000000000000, 0.000000000000000 );
#11121 = CARTESIAN_POINT( '', ( -0.187500000000000, -0.147500000000000, -0.223750000000000 ) );
#11122 = CARTESIAN_POINT( '', ( -0.187500000000000, -0.147500000000000, -0.223750000000000 ) );
#11123 = VECTOR( '', #12520, 39.3700787402000 );
#11124 = CARTESIAN_POINT( '', ( 0.212500000000000, -0.147500000000000, -0.223750000000000 ) );
#11125 = VECTOR( '', #12521, 39.3700787402000 );
#11126 = COLOUR_RGB( '', 0.689999997600000, 0.689999997600000, 0.689999997600000 );
#11127 = CARTESIAN_POINT( '', ( -0.132500000000000, 0.0200000000000000, -0.125000000000000 ) );
#11128 = CARTESIAN_POINT( '', ( -0.132500000000000, 0.000000000000000, -0.125000000000000 ) );
#11129 = CARTESIAN_POINT( '', ( -0.132500000000000, 0.0200000000000000, -0.125000000000000 ) );
#11130 = VECTOR( '', #12522, 39.3700787402000 );
#11131 = CARTESIAN_POINT( '', ( -0.132500000000000, 0.0200000000000000, -0.115000000000000 ) );
#11132 = CARTESIAN_POINT( '', ( -0.132500000000000, 0.0200000000000000, 0.145000000000000 ) );
#11133 = VECTOR( '', #12523, 39.3700787402000 );
#11134 = CARTESIAN_POINT( '', ( -0.132500000000000, 0.000000000000000, -0.115000000000000 ) );
#11135 = CARTESIAN_POINT( '', ( -0.132500000000000, 0.0200000000000000, -0.115000000000000 ) );
#11136 = VECTOR( '', #12524, 39.3700787402000 );
#11137 = CARTESIAN_POINT( '', ( -0.132500000000000, 0.000000000000000, -0.115000000000000 ) );
#11138 = VECTOR( '', #12525, 39.3700787402000 );
#11139 = COLOUR_RGB( '', 1.00000000000000, 1.00000000000000, 0.000000000000000 );
#11140 = CARTESIAN_POINT( '', ( 0.112500000000000, 0.0650000000000000, 0.0375000000000000 ) );
#11141 = CARTESIAN_POINT( '', ( 0.212500000000000, 0.0650000000000000, 0.0375000000000000 ) );
#11142 = VECTOR( '', #12526, 39.3700787402000 );
#11143 = CARTESIAN_POINT( '', ( 0.112500000000000, 0.0650000000000000, -0.0375000000000000 ) );
#11144 = VECTOR( '', #12527, 39.3700787402000 );
#11145 = COLOUR_RGB( '', 1.00000000000000, 1.00000000000000, 0.000000000000000 );
#11146 = CARTESIAN_POINT( '', ( -0.0125000000000000, 0.305000000000000, -0.0437500000000000 ) );
#11147 = CARTESIAN_POINT( '', ( -0.0125000000000000, 0.305000000000000, -0.0437500000000000 ) );
#11148 = VECTOR( '', #12528, 39.3700787402000 );
#11149 = CARTESIAN_POINT( '', ( 0.212500000000000, 0.305000000000000, -0.0437500000000000 ) );
#11150 = VECTOR( '', #12529, 39.3700787402000 );
#11151 = COLOUR_RGB( '', 1.00000000000000, 1.00000000000000, 0.000000000000000 );
#11152 = CARTESIAN_POINT( '', ( -0.112500000000000, -0.122500000000000, 0.0375000000000000 ) );
#11153 = CARTESIAN_POINT( '', ( -0.112500000000000, -0.122500000000000, 0.0375000000000000 ) );
#11154 = VECTOR( '', #12530, 39.3700787402000 );
#11155 = AXIS2_PLACEMENT_3D( '', #12531, #12532, #12533 );
#11156 = COLOUR_RGB( '', 0.689999997600000, 0.689999997600000, 0.689999997600000 );
#11157 = CARTESIAN_POINT( '', ( 0.280000000000000, 0.000000000000000, -0.115000000000000 ) );
#11158 = CARTESIAN_POINT( '', ( 0.280000000000000, 0.000000000000000, -0.115000000000000 ) );
#11159 = VECTOR( '', #12534, 39.3700787402000 );
#11160 = CARTESIAN_POINT( '', ( 0.280000000000000, 0.000000000000000, -0.115000000000000 ) );
#11161 = VECTOR( '', #12535, 39.3700787402000 );
#11162 = COLOUR_RGB( '', 0.689999997600000, 0.689999997600000, 0.689999997600000 );
#11163 = CARTESIAN_POINT( '', ( 0.155050000000000, 0.320000000000000, -0.114900000000000 ) );
#11164 = CARTESIAN_POINT( '', ( 0.155050000000000, 0.320000000000000, -0.0600000000000000 ) );
#11165 = CARTESIAN_POINT( '', ( 0.155050000000000, 0.320000000000000, -0.114900000000000 ) );
#11166 = VECTOR( '', #12536, 39.3700787402000 );
#11167 = CARTESIAN_POINT( '', ( 0.155050000000000, 0.0900000000000000, -0.0600000000000000 ) );
#11168 = VECTOR( '', #12537, 39.3700787402000 );
#11169 = CARTESIAN_POINT( '', ( 0.155050000000000, 0.0900000000000000, -0.114900000000000 ) );
#11170 = VECTOR( '', #12538, 39.3700787402000 );
#11171 = COLOUR_RGB( '', 0.689999997600000, 0.689999997600000, 0.689999997600000 );
#11172 = CARTESIAN_POINT( '', ( 0.163626959721360, 0.320000000000000, -0.00500000000000000 ) );
#11173 = CARTESIAN_POINT( '', ( 0.264579741019592, 0.158441778285709, -0.00500000000000000 ) );
#11174 = VECTOR( '', #12539, 39.3700787402000 );
#11175 = CARTESIAN_POINT( '', ( 0.163626959721360, 0.320000000000000, 0.0500000000000000 ) );
#11176 = VECTOR( '', #12540, 39.3700787402000 );
#11177 = COLOUR_RGB( '', 1.00000000000000, 1.00000000000000, 0.000000000000000 );
#11178 = CARTESIAN_POINT( '', ( 0.212500000000000, -0.122500000000000, 0.0375000000000000 ) );
#11179 = VECTOR( '', #12541, 39.3700787402000 );
#11180 = COLOUR_RGB( '', 0.689999997600000, 0.689999997600000, 0.689999997600000 );
#11181 = CARTESIAN_POINT( '', ( -0.236373040278640, 0.320000000000000, -0.00500000000000000 ) );
#11182 = CARTESIAN_POINT( '', ( -0.135420258980408, 0.158441778285709, -0.00500000000000000 ) );
#11183 = VECTOR( '', #12542, 39.3700787402000 );
#11184 = CARTESIAN_POINT( '', ( -0.173000000000000, 0.305000000000000, -0.00500000000000000 ) );
#11185 = CARTESIAN_POINT( '', ( -0.180586454219396, 0.0877523754541240, -0.00500000000000000 ) );
#11186 = VECTOR( '', #12543, 39.3700787402000 );
#11187 = CARTESIAN_POINT( '', ( -0.163626959721360, 0.320000000000000, -0.00500000000000000 ) );
#11188 = CARTESIAN_POINT( '', ( -0.289824957971423, 0.118040985904562, -0.00500000000000000 ) );
#11189 = VECTOR( '', #12544, 39.3700787402000 );
#11190 = CARTESIAN_POINT( '', ( -0.244950000000000, 0.320000000000000, -0.00500000000000000 ) );
#11191 = VECTOR( '', #12545, 39.3700787402000 );
#11192 = CARTESIAN_POINT( '', ( -0.244950000000000, 0.0900000000000000, -0.00500000000000000 ) );
#11193 = VECTOR( '', #12546, 39.3700787402000 );
#11194 = CARTESIAN_POINT( '', ( -0.244950000000000, 0.320000000000000, -0.00500000000000000 ) );
#11195 = VECTOR( '', #12547, 39.3700787402000 );
#11196 = COLOUR_RGB( '', 1.00000000000000, 1.00000000000000, 0.000000000000000 );
#11197 = CARTESIAN_POINT( '', ( 0.112500000000000, -0.172500000000000, 0.0125000000000000 ) );
#11198 = AXIS2_PLACEMENT_3D( '', #12548, #12549, #12550 );
#11199 = CARTESIAN_POINT( '', ( 0.212500000000000, -0.172500000000000, 0.0125000000000000 ) );
#11200 = VECTOR( '', #12551, 39.3700787402000 );
#11201 = COLOUR_RGB( '', 1.00000000000000, 1.00000000000000, 0.000000000000000 );
#11202 = CARTESIAN_POINT( '', ( -0.0875000000000000, 0.0400000000000000, -0.230000000000000 ) );
#11203 = VECTOR( '', #12552, 39.3700787402000 );
#11204 = COLOUR_RGB( '', 0.689999997600000, 0.689999997600000, 0.689999997600000 );
#11205 = CARTESIAN_POINT( '', ( 0.155050000000000, 0.0900000000000000, 0.00510000000000000 ) );
#11206 = VECTOR( '', #12553, 39.3700787402000 );
#11207 = CARTESIAN_POINT( '', ( 0.244950000000000, 0.0900000000000000, 0.115000000000000 ) );
#11208 = VECTOR( '', #12554, 39.3700787402000 );
#11209 = COLOUR_RGB( '', 0.689999997600000, 0.689999997600000, 0.689999997600000 );
#11210 = COLOUR_RGB( '', 1.00000000000000, 1.00000000000000, 0.000000000000000 );
#11211 = COLOUR_RGB( '', 1.00000000000000, 1.00000000000000, 0.000000000000000 );
#11212 = AXIS2_PLACEMENT_3D( '', #12555, #12556, #12557 );
#11213 = COLOUR_RGB( '', 1.00000000000000, 1.00000000000000, 0.000000000000000 );
#11214 = CARTESIAN_POINT( '', ( 0.212500000000000, -0.0662500000000000, -0.230000000000000 ) );
#11215 = VECTOR( '', #12558, 39.3700787402000 );
#11216 = COLOUR_RGB( '', 0.689999997600000, 0.689999997600000, 0.689999997600000 );
#11217 = CARTESIAN_POINT( '', ( 0.280000000000000, 0.320000000000000, -0.0250000000000000 ) );
#11218 = CARTESIAN_POINT( '', ( 0.280000000000000, 0.320000000000000, -0.145000000000000 ) );
#11219 = VECTOR( '', #12559, 39.3700787402000 );
#11220 = CARTESIAN_POINT( '', ( 0.280000000000000, 0.0200000000000000, -0.0250000000000000 ) );
#11221 = CARTESIAN_POINT( '', ( 0.280000000000000, 0.0200000000000000, 0.115000000000000 ) );
#11222 = VECTOR( '', #12560, 39.3700787402000 );
#11223 = CARTESIAN_POINT( '', ( 0.280000000000000, 0.000000000000000, -0.0250000000000000 ) );
#11224 = VECTOR( '', #12561, 39.3700787402000 );
#11225 = COLOUR_RGB( '', 1.00000000000000, 1.00000000000000, 0.000000000000000 );
#11226 = CARTESIAN_POINT( '', ( 0.0125000000000000, -0.153750000000000, -0.230000000000000 ) );
#11227 = CARTESIAN_POINT( '', ( 0.0125000000000000, 0.0400000000000000, -0.230000000000000 ) );
#11228 = VECTOR( '', #12562, 39.3700787402000 );
#11229 = CARTESIAN_POINT( '', ( 0.0125000000000000, -0.153750000000000, -0.230000000000000 ) );
#11230 = VECTOR( '', #12563, 39.3700787402000 );
#11231 = COLOUR_RGB( '', 0.689999997600000, 0.689999997600000, 0.689999997600000 );
#11232 = CARTESIAN_POINT( '', ( 0.275000000000000, 0.0200000000000000, -0.0250000000000000 ) );
#11233 = CARTESIAN_POINT( '', ( 0.280000000000000, 0.0200000000000000, -0.0250000000000000 ) );
#11234 = VECTOR( '', #12564, 39.3700787402000 );
#11235 = CARTESIAN_POINT( '', ( 0.275000000000000, 0.320000000000000, -0.0250000000000000 ) );
#11236 = CARTESIAN_POINT( '', ( 0.275000000000000, 0.320000000000000, -0.0250000000000000 ) );
#11237 = VECTOR( '', #12565, 39.3700787402000 );
#11238 = CARTESIAN_POINT( '', ( 0.275000000000000, 0.320000000000000, -0.0250000000000000 ) );
#11239 = VECTOR( '', #12566, 39.3700787402000 );
#11240 = COLOUR_RGB( '', 0.689999997600000, 0.689999997600000, 0.689999997600000 );
#11241 = CARTESIAN_POINT( '', ( 0.280000000000000, 0.320000000000000, 0.145000000000000 ) );
#11242 = CARTESIAN_POINT( '', ( 0.280000000000000, 0.320000000000000, 0.145000000000000 ) );
#11243 = VECTOR( '', #12567, 39.3700787402000 );
#11244 = CARTESIAN_POINT( '', ( 0.280000000000000, 0.000000000000000, 0.145000000000000 ) );
#11245 = CARTESIAN_POINT( '', ( 0.280000000000000, 0.000000000000000, 0.145000000000000 ) );
#11246 = VECTOR( '', #12568, 39.3700787402000 );
#11247 = CARTESIAN_POINT( '', ( 0.280000000000000, 0.320000000000000, 0.145000000000000 ) );
#11248 = VECTOR( '', #12569, 39.3700787402000 );
#11249 = COLOUR_RGB( '', 0.689999997600000, 0.689999997600000, 0.689999997600000 );
#11250 = CARTESIAN_POINT( '', ( 0.0766666807966336, 0.200000000000000, -0.00500000000000000 ) );
#11251 = CARTESIAN_POINT( '', ( 0.0730000000000000, 0.305000000000000, -0.00500000000000000 ) );
#11252 = CARTESIAN_POINT( '', ( 0.0804769582785755, 0.0908879289489224, -0.00500000000000000 ) );
#11253 = VECTOR( '', #12570, 39.3700787402000 );
#11254 = CARTESIAN_POINT( '', ( 0.0730000000000000, 0.305000000000000, 0.0500000000000000 ) );
#11255 = VECTOR( '', #12571, 39.3700787402000 );
#11256 = CARTESIAN_POINT( '', ( 0.0766666807966336, 0.200000000000000, 0.0500000000000000 ) );
#11257 = VECTOR( '', #12572, 39.3700787402000 );
#11258 = COLOUR_RGB( '', 0.689999997600000, 0.689999997600000, 0.689999997600000 );
#11259 = CARTESIAN_POINT( '', ( -0.144950000000000, 0.320000000000000, 0.00510000000000000 ) );
#11260 = VECTOR( '', #12573, 39.3700787402000 );
#11261 = COLOUR_RGB( '', 0.689999997600000, 0.689999997600000, 0.689999997600000 );
#11262 = CARTESIAN_POINT( '', ( -0.0675000000000000, 0.0200000000000000, 0.145000000000000 ) );
#11263 = VECTOR( '', #12574, 39.3700787402000 );
#11264 = COLOUR_RGB( '', 0.689999997600000, 0.689999997600000, 0.689999997600000 );
#11265 = CARTESIAN_POINT( '', ( -0.280000000000000, 0.320000000000000, -0.145000000000000 ) );
#11266 = CARTESIAN_POINT( '', ( -0.280000000000000, 0.320000000000000, -0.145000000000000 ) );
#11267 = VECTOR( '', #12575, 39.3700787402000 );
#11268 = CARTESIAN_POINT( '', ( -0.280000000000000, 0.000000000000000, -0.145000000000000 ) );
#11269 = VECTOR( '', #12576, 39.3700787402000 );
#11270 = CARTESIAN_POINT( '', ( -0.280000000000000, 0.0200000000000000, -0.115000000000000 ) );
#11271 = CARTESIAN_POINT( '', ( -0.280000000000000, 0.0200000000000000, -0.115000000000000 ) );
#11272 = VECTOR( '', #12577, 39.3700787402000 );
#11273 = CARTESIAN_POINT( '', ( -0.280000000000000, 0.0200000000000000, 0.115000000000000 ) );
#11274 = VECTOR( '', #12578, 39.3700787402000 );
#11275 = COLOUR_RGB( '', 1.00000000000000, 1.00000000000000, 0.000000000000000 );
#11276 = CARTESIAN_POINT( '', ( 0.212500000000000, 0.0650000000000000, -0.0375000000000000 ) );
#11277 = CARTESIAN_POINT( '', ( 0.212500000000000, 0.0650000000000000, -0.0375000000000000 ) );
#11278 = VECTOR( '', #12579, 39.3700787402000 );
#11279 = CARTESIAN_POINT( '', ( 0.212500000000000, 0.298750000000000, -0.0375000000000000 ) );
#11280 = VECTOR( '', #12580, 39.3700787402000 );
#11281 = COLOUR_RGB( '', 0.689999997600000, 0.689999997600000, 0.689999997600000 );
#11282 = CARTESIAN_POINT( '', ( -0.155050000000000, 0.320000000000000, -0.114900000000000 ) );
#11283 = VECTOR( '', #12581, 39.3700787402000 );
#11284 = CARTESIAN_POINT( '', ( -0.155050000000000, 0.0900000000000000, -0.114900000000000 ) );
#11285 = VECTOR( '', #12582, 39.3700787402000 );
#11286 = COLOUR_RGB( '', 1.00000000000000, 1.00000000000000, 0.000000000000000 );
#11287 = CARTESIAN_POINT( '', ( -0.0125000000000000, 0.0650000000000000, -0.0375000000000000 ) );
#11288 = VECTOR( '', #12583, 39.3700787402000 );
#11289 = COLOUR_RGB( '', 1.00000000000000, 1.00000000000000, 0.000000000000000 );
#11290 = CARTESIAN_POINT( '', ( 0.212500000000000, -0.122500000000000, 0.0375000000000000 ) );
#11291 = CARTESIAN_POINT( '', ( 0.212500000000000, -0.122500000000000, 0.0375000000000000 ) );
#11292 = VECTOR( '', #12584, 39.3700787402000 );
#11293 = AXIS2_PLACEMENT_3D( '', #12585, #12586, #12587 );
#11294 = COLOUR_RGB( '', 1.00000000000000, 1.00000000000000, 0.000000000000000 );
#11295 = CARTESIAN_POINT( '', ( -0.0125000000000000, 0.305000000000000, 0.0562500000000000 ) );
#11296 = VECTOR( '', #12588, 39.3700787402000 );
#11297 = CARTESIAN_POINT( '', ( -0.0125000000000000, 0.305000000000000, -0.0562500000000000 ) );
#11298 = VECTOR( '', #12589, 39.3700787402000 );
#11299 = COLOUR_RGB( '', 0.689999997600000, 0.689999997600000, 0.689999997600000 );
#11300 = CARTESIAN_POINT( '', ( 0.280000000000000, 0.000000000000000, 0.145000000000000 ) );
#11301 = VECTOR( '', #12590, 39.3700787402000 );
#11302 = COLOUR_RGB( '', 0.689999997600000, 0.689999997600000, 0.689999997600000 );
#11303 = CARTESIAN_POINT( '', ( 0.275000000000000, 0.0200000000000000, -0.0750000000000000 ) );
#11304 = CARTESIAN_POINT( '', ( 0.275000000000000, 0.0200000000000000, 0.115000000000000 ) );
#11305 = VECTOR( '', #12591, 39.3700787402000 );
#11306 = CARTESIAN_POINT( '', ( 0.275000000000000, 0.320000000000000, -0.0750000000000000 ) );
#11307 = CARTESIAN_POINT( '', ( 0.275000000000000, 0.320000000000000, -0.0750000000000000 ) );
#11308 = VECTOR( '', #12592, 39.3700787402000 );
#11309 = CARTESIAN_POINT( '', ( 0.275000000000000, 0.320000000000000, -0.0750000000000000 ) );
#11310 = VECTOR( '', #12593, 39.3700787402000 );
#11311 = COLOUR_RGB( '', 0.689999997600000, 0.689999997600000, 0.689999997600000 );
#11312 = CARTESIAN_POINT( '', ( 0.170000000000000, 0.320000000000000, -0.0600000000000000 ) );
#11313 = VECTOR( '', #12594, 39.3700787402000 );
#11314 = COLOUR_RGB( '', 0.689999997600000, 0.689999997600000, 0.689999997600000 );
#11315 = CARTESIAN_POINT( '', ( 0.275000000000000, 0.0200000000000000, 0.115000000000000 ) );
#11316 = VECTOR( '', #12595, 39.3700787402000 );
#11317 = CARTESIAN_POINT( '', ( 0.275000000000000, 0.320000000000000, 0.0250000000000000 ) );
#11318 = VECTOR( '', #12596, 39.3700787402000 );
#11319 = COLOUR_RGB( '', 0.689999997600000, 0.689999997600000, 0.689999997600000 );
#11320 = CARTESIAN_POINT( '', ( 0.280000000000000, 0.0200000000000000, 0.115000000000000 ) );
#11321 = VECTOR( '', #12597, 39.3700787402000 );
#11322 = CARTESIAN_POINT( '', ( 0.280000000000000, 0.0200000000000000, 0.125000000000000 ) );
#11323 = VECTOR( '', #12598, 39.3700787402000 );
#11324 = CARTESIAN_POINT( '', ( 0.132500000000000, 0.0200000000000000, 0.115000000000000 ) );
#11325 = CARTESIAN_POINT( '', ( 0.280000000000000, 0.0200000000000000, 0.115000000000000 ) );
#11326 = VECTOR( '', #12599, 39.3700787402000 );
#11327 = CARTESIAN_POINT( '', ( 0.132500000000000, 0.0200000000000000, 0.125000000000000 ) );
#11328 = CARTESIAN_POINT( '', ( 0.132500000000000, 0.0200000000000000, 0.145000000000000 ) );
#11329 = VECTOR( '', #12600, 39.3700787402000 );
#11330 = CARTESIAN_POINT( '', ( 0.0675000000000000, 0.0200000000000000, 0.125000000000000 ) );
#11331 = CARTESIAN_POINT( '', ( 0.280000000000000, 0.0200000000000000, 0.125000000000000 ) );
#11332 = VECTOR( '', #12601, 39.3700787402000 );
#11333 = CARTESIAN_POINT( '', ( 0.0675000000000000, 0.0200000000000000, 0.145000000000000 ) );
#11334 = VECTOR( '', #12602, 39.3700787402000 );
#11335 = CARTESIAN_POINT( '', ( 0.280000000000000, 0.0200000000000000, 0.125000000000000 ) );
#11336 = VECTOR( '', #12603, 39.3700787402000 );
#11337 = CARTESIAN_POINT( '', ( -0.132500000000000, 0.0200000000000000, 0.125000000000000 ) );
#11338 = CARTESIAN_POINT( '', ( 0.280000000000000, 0.0200000000000000, 0.125000000000000 ) );
#11339 = VECTOR( '', #12604, 39.3700787402000 );
#11340 = CARTESIAN_POINT( '', ( -0.132500000000000, 0.0200000000000000, 0.145000000000000 ) );
#11341 = VECTOR( '', #12605, 39.3700787402000 );
#11342 = CARTESIAN_POINT( '', ( -0.257500000000000, 0.0200000000000000, 0.125000000000000 ) );
#11343 = CARTESIAN_POINT( '', ( 0.280000000000000, 0.0200000000000000, 0.125000000000000 ) );
#11344 = VECTOR( '', #12606, 39.3700787402000 );
#11345 = CARTESIAN_POINT( '', ( -0.257500000000000, 0.0200000000000000, 0.145000000000000 ) );
#11346 = VECTOR( '', #12607, 39.3700787402000 );
#11347 = CARTESIAN_POINT( '', ( 0.280000000000000, 0.0200000000000000, -0.115000000000000 ) );
#11348 = VECTOR( '', #12608, 39.3700787402000 );
#11349 = CARTESIAN_POINT( '', ( 0.280000000000000, 0.0200000000000000, -0.125000000000000 ) );
#11350 = VECTOR( '', #12609, 39.3700787402000 );
#11351 = CARTESIAN_POINT( '', ( 0.280000000000000, 0.0200000000000000, -0.115000000000000 ) );
#11352 = VECTOR( '', #12610, 39.3700787402000 );
#11353 = CARTESIAN_POINT( '', ( 0.280000000000000, 0.0200000000000000, -0.125000000000000 ) );
#11354 = VECTOR( '', #12611, 39.3700787402000 );
#11355 = CARTESIAN_POINT( '', ( -0.0325000000000000, 0.0200000000000000, 0.145000000000000 ) );
#11356 = VECTOR( '', #12612, 39.3700787402000 );
#11357 = CARTESIAN_POINT( '', ( 0.0675000000000000, 0.0200000000000000, -0.115000000000000 ) );
#11358 = CARTESIAN_POINT( '', ( 0.280000000000000, 0.0200000000000000, -0.115000000000000 ) );
#11359 = VECTOR( '', #12613, 39.3700787402000 );
#11360 = CARTESIAN_POINT( '', ( 0.0675000000000000, 0.0200000000000000, 0.145000000000000 ) );
#11361 = VECTOR( '', #12614, 39.3700787402000 );
#11362 = CARTESIAN_POINT( '', ( 0.0750000000000000, 0.0200000000000000, 0.115000000000000 ) );
#11363 = VECTOR( '', #12615, 39.3700787402000 );
#11364 = CARTESIAN_POINT( '', ( 0.280000000000000, 0.0200000000000000, -0.115000000000000 ) );
#11365 = CARTESIAN_POINT( '', ( 0.280000000000000, 0.0200000000000000, -0.115000000000000 ) );
#11366 = VECTOR( '', #12616, 39.3700787402000 );
#11367 = CARTESIAN_POINT( '', ( 0.280000000000000, 0.0200000000000000, -0.0750000000000000 ) );
#11368 = CARTESIAN_POINT( '', ( 0.280000000000000, 0.0200000000000000, 0.115000000000000 ) );
#11369 = VECTOR( '', #12617, 39.3700787402000 );
#11370 = CARTESIAN_POINT( '', ( 0.280000000000000, 0.0200000000000000, -0.0750000000000000 ) );
#11371 = VECTOR( '', #12618, 39.3700787402000 );
#11372 = COLOUR_RGB( '', 1.00000000000000, 1.00000000000000, 0.000000000000000 );
#11373 = CARTESIAN_POINT( '', ( 0.112500000000000, 0.298750000000000, -0.0625000000000000 ) );
#11374 = VECTOR( '', #12619, 39.3700787402000 );
#11375 = COLOUR_RGB( '', 0.689999997600000, 0.689999997600000, 0.689999997600000 );
#11376 = CARTESIAN_POINT( '', ( -0.155050000000000, 0.0900000000000000, 0.115000000000000 ) );
#11377 = CARTESIAN_POINT( '', ( -0.244950000000000, 0.0900000000000000, 0.115000000000000 ) );
#11378 = VECTOR( '', #12620, 39.3700787402000 );
#11379 = CARTESIAN_POINT( '', ( -0.155050000000000, 0.0900000000000000, 0.115000000000000 ) );
#11380 = VECTOR( '', #12621, 39.3700787402000 );
#11381 = COLOUR_RGB( '', 0.689999997600000, 0.689999997600000, 0.689999997600000 );
#11382 = CARTESIAN_POINT( '', ( 0.136373040278640, 0.320000000000000, -0.00500000000000000 ) );
#11383 = CARTESIAN_POINT( '', ( 0.0101750420285767, 0.118040985904562, -0.00500000000000000 ) );
#11384 = VECTOR( '', #12622, 39.3700787402000 );
#11385 = CARTESIAN_POINT( '', ( 0.136373040278640, 0.320000000000000, 0.0500000000000000 ) );
#11386 = VECTOR( '', #12623, 39.3700787402000 );
#11387 = COLOUR_RGB( '', 0.689999997600000, 0.689999997600000, 0.689999997600000 );
#11388 = CARTESIAN_POINT( '', ( -0.0449500000000000, 0.320000000000000, 0.115000000000000 ) );
#11389 = CARTESIAN_POINT( '', ( -0.0449500000000000, 0.320000000000000, 0.00510000000000000 ) );
#11390 = VECTOR( '', #12624, 39.3700787402000 );
#11391 = CARTESIAN_POINT( '', ( -0.0449500000000000, 0.0900000000000000, 0.115000000000000 ) );
#11392 = VECTOR( '', #12625, 39.3700787402000 );
#11393 = COLOUR_RGB( '', 1.00000000000000, 1.00000000000000, 0.000000000000000 );
#11394 = CARTESIAN_POINT( '', ( -0.0875000000000000, -0.0725000000000000, -0.0875000000000000 ) );
#11395 = VECTOR( '', #12626, 39.3700787402000 );
#11396 = COLOUR_RGB( '', 1.00000000000000, 1.00000000000000, 0.000000000000000 );
#11397 = CARTESIAN_POINT( '', ( -0.187500000000000, 0.298750000000000, -0.0625000000000000 ) );
#11398 = VECTOR( '', #12627, 39.3700787402000 );
#11399 = CARTESIAN_POINT( '', ( -0.187500000000000, 0.0650000000000000, -0.0375000000000000 ) );
#11400 = VECTOR( '', #12628, 39.3700787402000 );
#11401 = CARTESIAN_POINT( '', ( -0.187500000000000, 0.305000000000000, 0.0562500000000000 ) );
#11402 = VECTOR( '', #12629, 39.3700787402000 );
#11403 = COLOUR_RGB( '', 1.00000000000000, 1.00000000000000, 0.000000000000000 );
#11404 = CARTESIAN_POINT( '', ( -0.187500000000000, -0.172500000000000, -0.223750000000000 ) );
#11405 = CARTESIAN_POINT( '', ( -0.187500000000000, -0.172500000000000, 0.0125000000000000 ) );
#11406 = VECTOR( '', #12630, 39.3700787402000 );
#11407 = CARTESIAN_POINT( '', ( -0.187500000000000, -0.172500000000000, -0.223750000000000 ) );
#11408 = VECTOR( '', #12631, 39.3700787402000 );
#11409 = CARTESIAN_POINT( '', ( -0.187500000000000, -0.153750000000000, -0.230000000000000 ) );
#11410 = VECTOR( '', #12632, 39.3700787402000 );
#11411 = COLOUR_RGB( '', 1.00000000000000, 1.00000000000000, 0.000000000000000 );
#11412 = CARTESIAN_POINT( '', ( 0.212500000000000, -0.153750000000000, -0.230000000000000 ) );
#11413 = CARTESIAN_POINT( '', ( 0.212500000000000, -0.153750000000000, -0.230000000000000 ) );
#11414 = VECTOR( '', #12633, 39.3700787402000 );
#11415 = CARTESIAN_POINT( '', ( 0.212500000000000, -0.166250000000000, -0.230000000000000 ) );
#11416 = CARTESIAN_POINT( '', ( 0.212500000000000, -0.166250000000000, -0.230000000000000 ) );
#11417 = VECTOR( '', #12634, 39.3700787402000 );
#11418 = CARTESIAN_POINT( '', ( 0.212500000000000, -0.166250000000000, -0.230000000000000 ) );
#11419 = VECTOR( '', #12635, 39.3700787402000 );
#11420 = COLOUR_RGB( '', 1.00000000000000, 1.00000000000000, 0.000000000000000 );
#11421 = CARTESIAN_POINT( '', ( 0.212500000000000, -0.153750000000000, -0.230000000000000 ) );
#11422 = VECTOR( '', #12636, 39.3700787402000 );
#11423 = COLOUR_RGB( '', 0.689999997600000, 0.689999997600000, 0.689999997600000 );
#11424 = CARTESIAN_POINT( '', ( 0.223333319203366, 0.200000000000000, -0.00500000000000000 ) );
#11425 = CARTESIAN_POINT( '', ( 0.155050000000000, 0.200000000000000, -0.00500000000000000 ) );
#11426 = VECTOR( '', #12637, 39.3700787402000 );
#11427 = CARTESIAN_POINT( '', ( 0.227000000000000, 0.305000000000000, -0.00500000000000000 ) );
#11428 = CARTESIAN_POINT( '', ( 0.219413545780604, 0.0877523754541240, -0.00500000000000000 ) );
#11429 = VECTOR( '', #12638, 39.3700787402000 );
#11430 = CARTESIAN_POINT( '', ( 0.236373040278640, 0.320000000000000, -0.00500000000000000 ) );
#11431 = CARTESIAN_POINT( '', ( 0.110175042028577, 0.118040985904562, -0.00500000000000000 ) );
#11432 = VECTOR( '', #12639, 39.3700787402000 );
#11433 = CARTESIAN_POINT( '', ( 0.244950000000000, 0.320000000000000, -0.00500000000000000 ) );
#11434 = CARTESIAN_POINT( '', ( 0.155050000000000, 0.320000000000000, -0.00500000000000000 ) );
#11435 = VECTOR( '', #12640, 39.3700787402000 );
#11436 = CARTESIAN_POINT( '', ( 0.244950000000000, 0.0900000000000000, -0.00500000000000000 ) );
#11437 = VECTOR( '', #12641, 39.3700787402000 );
#11438 = CARTESIAN_POINT( '', ( 0.155050000000000, 0.320000000000000, -0.00500000000000000 ) );
#11439 = CARTESIAN_POINT( '', ( 0.155050000000000, 0.0900000000000000, -0.00500000000000000 ) );
#11440 = VECTOR( '', #12642, 39.3700787402000 );
#11441 = CARTESIAN_POINT( '', ( 0.155050000000000, 0.320000000000000, -0.00500000000000000 ) );
#11442 = VECTOR( '', #12643, 39.3700787402000 );
#11443 = COLOUR_RGB( '', 0.689999997600000, 0.689999997600000, 0.689999997600000 );
#11444 = CARTESIAN_POINT( '', ( 0.244950000000000, 0.320000000000000, -0.114900000000000 ) );
#11445 = CARTESIAN_POINT( '', ( 0.244950000000000, 0.320000000000000, -0.00500000000000000 ) );
#11446 = VECTOR( '', #12644, 39.3700787402000 );
#11447 = CARTESIAN_POINT( '', ( 0.244950000000000, 0.0900000000000000, -0.114900000000000 ) );
#11448 = VECTOR( '', #12645, 39.3700787402000 );
#11449 = COLOUR_RGB( '', 0.689999997600000, 0.689999997600000, 0.689999997600000 );
#11450 = CARTESIAN_POINT( '', ( -0.144950000000000, 0.0900000000000000, -0.114900000000000 ) );
#11451 = VECTOR( '', #12646, 39.3700787402000 );
#11452 = CARTESIAN_POINT( '', ( -0.144950000000000, 0.320000000000000, -0.114900000000000 ) );
#11453 = VECTOR( '', #12647, 39.3700787402000 );
#11454 = COLOUR_RGB( '', 0.689999997600000, 0.689999997600000, 0.689999997600000 );
#11455 = CARTESIAN_POINT( '', ( 0.0675000000000000, 0.000000000000000, 0.125000000000000 ) );
#11456 = CARTESIAN_POINT( '', ( 0.0675000000000000, 0.000000000000000, 0.145000000000000 ) );
#11457 = VECTOR( '', #12648, 39.3700787402000 );
#11458 = CARTESIAN_POINT( '', ( -0.257500000000000, 0.000000000000000, 0.125000000000000 ) );
#11459 = VECTOR( '', #12649, 39.3700787402000 );
#11460 = COLOUR_RGB( '', 0.689999997600000, 0.689999997600000, 0.689999997600000 );
#11461 = CARTESIAN_POINT( '', ( 0.244950000000000, 0.320000000000000, -0.114900000000000 ) );
#11462 = VECTOR( '', #12650, 39.3700787402000 );
#11463 = COLOUR_RGB( '', 0.689999997600000, 0.689999997600000, 0.689999997600000 );
#11464 = CARTESIAN_POINT( '', ( 0.280000000000000, 0.0200000000000000, -0.115000000000000 ) );
#11465 = VECTOR( '', #12651, 39.3700787402000 );
#11466 = COLOUR_RGB( '', 0.689999997600000, 0.689999997600000, 0.689999997600000 );
#11467 = CARTESIAN_POINT( '', ( 0.132500000000000, 0.000000000000000, 0.125000000000000 ) );
#11468 = CARTESIAN_POINT( '', ( -0.257500000000000, 0.000000000000000, 0.125000000000000 ) );
#11469 = VECTOR( '', #12652, 39.3700787402000 );
#11470 = CARTESIAN_POINT( '', ( 0.132500000000000, 0.000000000000000, 0.115000000000000 ) );
#11471 = CARTESIAN_POINT( '', ( 0.132500000000000, 0.000000000000000, 0.145000000000000 ) );
#11472 = VECTOR( '', #12653, 39.3700787402000 );
#11473 = CARTESIAN_POINT( '', ( 0.280000000000000, 0.000000000000000, 0.115000000000000 ) );
#11474 = VECTOR( '', #12654, 39.3700787402000 );
#11475 = COLOUR_RGB( '', 0.689999997600000, 0.689999997600000, 0.689999997600000 );
#11476 = CARTESIAN_POINT( '', ( -0.0750000000000000, 0.000000000000000, -0.125000000000000 ) );
#11477 = VECTOR( '', #12655, 39.3700787402000 );
#11478 = CARTESIAN_POINT( '', ( 0.280000000000000, 0.000000000000000, -0.115000000000000 ) );
#11479 = VECTOR( '', #12656, 39.3700787402000 );
#11480 = COLOUR_RGB( '', 1.00000000000000, 1.00000000000000, 0.000000000000000 );
#11481 = COLOUR_RGB( '', 0.689999997600000, 0.689999997600000, 0.689999997600000 );
#11482 = CARTESIAN_POINT( '', ( 0.223333319203366, 0.200000000000000, 0.0500000000000000 ) );
#11483 = VECTOR( '', #12657, 39.3700787402000 );
#11484 = CARTESIAN_POINT( '', ( 0.227000000000000, 0.305000000000000, 0.0500000000000000 ) );
#11485 = VECTOR( '', #12658, 39.3700787402000 );
#11486 = COLOUR_RGB( '', 1.00000000000000, 1.00000000000000, 0.000000000000000 );
#11487 = CARTESIAN_POINT( '', ( 0.212500000000000, -0.172500000000000, -0.223750000000000 ) );
#11488 = VECTOR( '', #12659, 39.3700787402000 );
#11489 = COLOUR_RGB( '', 0.689999997600000, 0.689999997600000, 0.689999997600000 );
#11490 = CARTESIAN_POINT( '', ( 0.236373040278640, 0.320000000000000, 0.0500000000000000 ) );
#11491 = VECTOR( '', #12660, 39.3700787402000 );
#11492 = COLOUR_RGB( '', 0.689999997600000, 0.689999997600000, 0.689999997600000 );
#11493 = CARTESIAN_POINT( '', ( 0.0500000000000000, 0.245000000000000, 0.165000000000000 ) );
#11494 = CARTESIAN_POINT( '', ( 0.0500000000000000, 0.245000000000000, 0.165000000000000 ) );
#11495 = VECTOR( '', #12661, 39.3700787402000 );
#11496 = CARTESIAN_POINT( '', ( 0.0500000000000000, 0.245000000000000, 0.165000000000000 ) );
#11497 = VECTOR( '', #12662, 39.3700787402000 );
#11498 = COLOUR_RGB( '', 0.689999997600000, 0.689999997600000, 0.689999997600000 );
#11499 = CARTESIAN_POINT( '', ( 0.132500000000000, 0.000000000000000, 0.115000000000000 ) );
#11500 = VECTOR( '', #12663, 39.3700787402000 );
#11501 = COLOUR_RGB( '', 1.00000000000000, 1.00000000000000, 0.000000000000000 );
#11502 = CARTESIAN_POINT( '', ( -0.187500000000000, 0.0400000000000000, -0.0375000000000000 ) );
#11503 = VECTOR( '', #12664, 39.3700787402000 );
#11504 = CARTESIAN_POINT( '', ( -0.187500000000000, -0.0725000000000000, -0.223750000000000 ) );
#11505 = CARTESIAN_POINT( '', ( -0.187500000000000, -0.0725000000000000, -0.0875000000000000 ) );
#11506 = VECTOR( '', #12665, 39.3700787402000 );
#11507 = CARTESIAN_POINT( '', ( -0.187500000000000, -0.0662499999999999, -0.230000000000000 ) );
#11508 = CARTESIAN_POINT( '', ( -0.187500000000000, -0.0725000000000000, -0.223750000000000 ) );
#11509 = VECTOR( '', #12666, 39.3700787402000 );
#11510 = CARTESIAN_POINT( '', ( -0.187500000000000, 0.0400000000000000, -0.230000000000000 ) );
#11511 = VECTOR( '', #12667, 39.3700787402000 );
#11512 = COLOUR_RGB( '', 0.689999997600000, 0.689999997600000, 0.689999997600000 );
#11513 = CARTESIAN_POINT( '', ( 0.0675000000000000, 0.0200000000000000, -0.115000000000000 ) );
#11514 = VECTOR( '', #12668, 39.3700787402000 );
#11515 = COLOUR_RGB( '', 1.00000000000000, 1.00000000000000, 0.000000000000000 );
#11516 = COLOUR_RGB( '', 0.689999997600000, 0.689999997600000, 0.689999997600000 );
#11517 = COLOUR_RGB( '', 1.00000000000000, 1.00000000000000, 0.000000000000000 );
#11518 = CARTESIAN_POINT( '', ( 0.212500000000000, -0.0725000000000000, -0.223750000000000 ) );
#11519 = VECTOR( '', #12669, 39.3700787402000 );
#11520 = COLOUR_RGB( '', 0.689999997600000, 0.689999997600000, 0.689999997600000 );
#11521 = COLOUR_RGB( '', 0.689999997600000, 0.689999997600000, 0.689999997600000 );
#11522 = CARTESIAN_POINT( '', ( 0.132500000000000, 0.000000000000000, 0.125000000000000 ) );
#11523 = VECTOR( '', #12670, 39.3700787402000 );
#11524 = COLOUR_RGB( '', 1.00000000000000, 1.00000000000000, 0.000000000000000 );
#11525 = CARTESIAN_POINT( '', ( 0.112500000000000, -0.172500000000000, -0.223750000000000 ) );
#11526 = CARTESIAN_POINT( '', ( 0.112500000000000, -0.166250000000000, -0.230000000000000 ) );
#11527 = CARTESIAN_POINT( '', ( 0.112500000000000, -0.172500000000000, -0.223750000000000 ) );
#11528 = VECTOR( '', #12671, 39.3700787402000 );
#11529 = CARTESIAN_POINT( '', ( 0.212500000000000, -0.172500000000000, -0.223750000000000 ) );
#11530 = VECTOR( '', #12672, 39.3700787402000 );
#11531 = CARTESIAN_POINT( '', ( 0.212500000000000, -0.166250000000000, -0.230000000000000 ) );
#11532 = VECTOR( '', #12673, 39.3700787402000 );
#11533 = COLOUR_RGB( '', 1.00000000000000, 1.00000000000000, 0.000000000000000 );
#11534 = CARTESIAN_POINT( '', ( -0.0875000000000000, 0.305000000000000, 0.0562500000000000 ) );
#11535 = VECTOR( '', #12674, 39.3700787402000 );
#11536 = COLOUR_RGB( '', 0.689999997600000, 0.689999997600000, 0.689999997600000 );
#11537 = CARTESIAN_POINT( '', ( -0.132500000000000, 0.0200000000000000, 0.125000000000000 ) );
#11538 = VECTOR( '', #12675, 39.3700787402000 );
#11539 = COLOUR_RGB( '', 1.00000000000000, 1.00000000000000, 0.000000000000000 );
#11540 = CARTESIAN_POINT( '', ( 0.112500000000000, 0.0600000000000000, 0.145000000000000 ) );
#11541 = VECTOR( '', #12676, 39.3700787402000 );
#11542 = COLOUR_RGB( '', 0.689999997600000, 0.689999997600000, 0.689999997600000 );
#11543 = COLOUR_RGB( '', 1.00000000000000, 1.00000000000000, 0.000000000000000 );
#11544 = CARTESIAN_POINT( '', ( 0.212500000000000, 0.0650000000000000, -0.0375000000000000 ) );
#11545 = VECTOR( '', #12677, 39.3700787402000 );
#11546 = COLOUR_RGB( '', 1.00000000000000, 1.00000000000000, 0.000000000000000 );
#11547 = CARTESIAN_POINT( '', ( -0.112500000000000, 0.305000000000000, 0.0562500000000000 ) );
#11548 = VECTOR( '', #12678, 39.3700787402000 );
#11549 = COLOUR_RGB( '', 1.00000000000000, 1.00000000000000, 0.000000000000000 );
#11550 = CARTESIAN_POINT( '', ( 0.112500000000000, -0.153750000000000, -0.230000000000000 ) );
#11551 = CARTESIAN_POINT( '', ( 0.112500000000000, 0.0400000000000000, -0.230000000000000 ) );
#11552 = VECTOR( '', #12679, 39.3700787402000 );
#11553 = CARTESIAN_POINT( '', ( 0.212500000000000, -0.153750000000000, -0.230000000000000 ) );
#11554 = VECTOR( '', #12680, 39.3700787402000 );
#11555 = COLOUR_RGB( '', 1.00000000000000, 1.00000000000000, 0.000000000000000 );
#11556 = CARTESIAN_POINT( '', ( 0.212500000000000, -0.153750000000000, -0.230000000000000 ) );
#11557 = VECTOR( '', #12681, 39.3700787402000 );
#11558 = COLOUR_RGB( '', 1.00000000000000, 1.00000000000000, 0.000000000000000 );
#11559 = CARTESIAN_POINT( '', ( 0.212500000000000, -0.0537500000000000, -0.230000000000000 ) );
#11560 = CARTESIAN_POINT( '', ( 0.212500000000000, -0.0537500000000000, -0.230000000000000 ) );
#11561 = VECTOR( '', #12682, 39.3700787402000 );
#11562 = CARTESIAN_POINT( '', ( 0.212500000000000, -0.0537500000000000, -0.230000000000000 ) );
#11563 = VECTOR( '', #12683, 39.3700787402000 );
#11564 = COLOUR_RGB( '', 1.00000000000000, 1.00000000000000, 0.000000000000000 );
#11565 = COLOUR_RGB( '', 1.00000000000000, 1.00000000000000, 0.000000000000000 );
#11566 = COLOUR_RGB( '', 1.00000000000000, 1.00000000000000, 0.000000000000000 );
#11567 = COLOUR_RGB( '', 0.689999997600000, 0.689999997600000, 0.689999997600000 );
#11568 = CARTESIAN_POINT( '', ( -0.257500000000000, 0.320000000000000, 0.125000000000000 ) );
#11569 = CARTESIAN_POINT( '', ( -0.257500000000000, 0.320000000000000, 0.125000000000000 ) );
#11570 = VECTOR( '', #12684, 39.3700787402000 );
#11571 = CARTESIAN_POINT( '', ( -0.257500000000000, 0.320000000000000, 0.145000000000000 ) );
#11572 = VECTOR( '', #12685, 39.3700787402000 );
#11573 = COLOUR_RGB( '', 1.00000000000000, 1.00000000000000, 0.000000000000000 );
#11574 = COLOUR_RGB( '', 0.689999997600000, 0.689999997600000, 0.689999997600000 );
#11575 = CARTESIAN_POINT( '', ( 0.0270000000000000, 0.305000000000000, 0.0500000000000000 ) );
#11576 = VECTOR( '', #12686, 39.3700787402000 );
#11577 = CARTESIAN_POINT( '', ( 0.0363730402786399, 0.320000000000000, 0.0500000000000000 ) );
#11578 = VECTOR( '', #12687, 39.3700787402000 );
#11579 = COLOUR_RGB( '', 0.689999997600000, 0.689999997600000, 0.689999997600000 );
#11580 = CARTESIAN_POINT( '', ( -0.130000000000000, 0.320000000000000, -0.0600000000000000 ) );
#11581 = VECTOR( '', #12688, 39.3700787402000 );
#11582 = CARTESIAN_POINT( '', ( -0.130000000000000, 0.0900000000000000, -0.0600000000000000 ) );
#11583 = VECTOR( '', #12689, 39.3700787402000 );
#11584 = COLOUR_RGB( '', 0.689999997600000, 0.689999997600000, 0.689999997600000 );
#11585 = CARTESIAN_POINT( '', ( 0.0675000000000000, 0.0200000000000000, 0.125000000000000 ) );
#11586 = VECTOR( '', #12690, 39.3700787402000 );
#11587 = COLOUR_RGB( '', 1.00000000000000, 1.00000000000000, 0.000000000000000 );
#11588 = CARTESIAN_POINT( '', ( 0.212500000000000, -0.0225000000000000, -0.0375000000000000 ) );
#11589 = AXIS2_PLACEMENT_3D( '', #12691, #12692, #12693 );
#11590 = CARTESIAN_POINT( '', ( 0.212500000000000, -0.0225000000000000, -0.0375000000000000 ) );
#11591 = VECTOR( '', #12694, 39.3700787402000 );
#11592 = COLOUR_RGB( '', 1.00000000000000, 1.00000000000000, 0.000000000000000 );
#11593 = COLOUR_RGB( '', 0.689999997600000, 0.689999997600000, 0.689999997600000 );
#11594 = CARTESIAN_POINT( '', ( -0.0750000000000000, 0.320000000000000, -0.125000000000000 ) );
#11595 = VECTOR( '', #12695, 39.3700787402000 );
#11596 = COLOUR_RGB( '', 0.689999997600000, 0.689999997600000, 0.689999997600000 );
#11597 = COLOUR_RGB( '', 0.689999997600000, 0.689999997600000, 0.689999997600000 );
#11598 = COLOUR_RGB( '', 0.689999997600000, 0.689999997600000, 0.689999997600000 );
#11599 = CARTESIAN_POINT( '', ( 0.0636269597213601, 0.320000000000000, -0.00500000000000000 ) );
#11600 = CARTESIAN_POINT( '', ( 0.164579741019592, 0.158441778285709, -0.00500000000000000 ) );
#11601 = VECTOR( '', #12696, 39.3700787402000 );
#11602 = CARTESIAN_POINT( '', ( 0.0636269597213601, 0.320000000000000, 0.0500000000000000 ) );
#11603 = VECTOR( '', #12697, 39.3700787402000 );
#11604 = COLOUR_RGB( '', 0.689999997600000, 0.689999997600000, 0.689999997600000 );
#11605 = CARTESIAN_POINT( '', ( 0.0550500000000000, 0.200000000000000, -0.00500000000000000 ) );
#11606 = VECTOR( '', #12698, 39.3700787402000 );
#11607 = COLOUR_RGB( '', 1.00000000000000, 1.00000000000000, 0.000000000000000 );
#11608 = CARTESIAN_POINT( '', ( 0.112500000000000, -0.172500000000000, 0.0125000000000000 ) );
#11609 = VECTOR( '', #12699, 39.3700787402000 );
#11610 = CARTESIAN_POINT( '', ( 0.112500000000000, -0.153750000000000, -0.230000000000000 ) );
#11611 = VECTOR( '', #12700, 39.3700787402000 );
#11612 = CARTESIAN_POINT( '', ( 0.112500000000000, -0.122500000000000, 0.0375000000000000 ) );
#11613 = VECTOR( '', #12701, 39.3700787402000 );
#11614 = COLOUR_RGB( '', 1.00000000000000, 1.00000000000000, 0.000000000000000 );
#11615 = CARTESIAN_POINT( '', ( 0.112500000000000, 0.305000000000000, 0.0437500000000000 ) );
#11616 = VECTOR( '', #12702, 39.3700787402000 );
#11617 = COLOUR_RGB( '', 1.00000000000000, 1.00000000000000, 0.000000000000000 );
#11618 = COLOUR_RGB( '', 0.689999997600000, 0.689999997600000, 0.689999997600000 );
#11619 = CARTESIAN_POINT( '', ( -0.163626959721360, 0.320000000000000, 0.0500000000000000 ) );
#11620 = VECTOR( '', #12703, 39.3700787402000 );
#11621 = CARTESIAN_POINT( '', ( -0.173000000000000, 0.305000000000000, 0.0500000000000000 ) );
#11622 = VECTOR( '', #12704, 39.3700787402000 );
#11623 = COLOUR_RGB( '', 1.00000000000000, 1.00000000000000, 0.000000000000000 );
#11624 = COLOUR_RGB( '', 0.689999997600000, 0.689999997600000, 0.689999997600000 );
#11625 = CARTESIAN_POINT( '', ( 0.155050000000000, 0.320000000000000, -0.0200000000000000 ) );
#11626 = CARTESIAN_POINT( '', ( 0.130000000000000, 0.320000000000000, -0.0200000000000000 ) );
#11627 = VECTOR( '', #12705, 39.3700787402000 );
#11628 = CARTESIAN_POINT( '', ( 0.155050000000000, 0.0900000000000000, -0.0200000000000000 ) );
#11629 = VECTOR( '', #12706, 39.3700787402000 );
#11630 = COLOUR_RGB( '', 0.689999997600000, 0.689999997600000, 0.689999997600000 );
#11631 = CARTESIAN_POINT( '', ( -0.155050000000000, 0.320000000000000, 0.115000000000000 ) );
#11632 = CARTESIAN_POINT( '', ( -0.244950000000000, 0.320000000000000, 0.115000000000000 ) );
#11633 = VECTOR( '', #12707, 39.3700787402000 );
#11634 = CARTESIAN_POINT( '', ( -0.155050000000000, 0.0900000000000000, 0.115000000000000 ) );
#11635 = VECTOR( '', #12708, 39.3700787402000 );
#11636 = COLOUR_RGB( '', 1.00000000000000, 1.00000000000000, 0.000000000000000 );
#11637 = CARTESIAN_POINT( '', ( 0.112500000000000, 0.0650000000000000, 0.0375000000000000 ) );
#11638 = VECTOR( '', #12709, 39.3700787402000 );
#11639 = COLOUR_RGB( '', 0.689999997600000, 0.689999997600000, 0.689999997600000 );
#11640 = CARTESIAN_POINT( '', ( 0.0550500000000000, 0.320000000000000, -0.00500000000000000 ) );
#11641 = VECTOR( '', #12710, 39.3700787402000 );
#11642 = CARTESIAN_POINT( '', ( 0.0550500000000000, 0.320000000000000, -0.00500000000000000 ) );
#11643 = CARTESIAN_POINT( '', ( 0.0550500000000000, 0.0900000000000000, -0.00500000000000000 ) );
#11644 = VECTOR( '', #12711, 39.3700787402000 );
#11645 = CARTESIAN_POINT( '', ( 0.0550500000000000, 0.320000000000000, -0.00500000000000000 ) );
#11646 = VECTOR( '', #12712, 39.3700787402000 );
#11647 = COLOUR_RGB( '', 1.00000000000000, 1.00000000000000, 0.000000000000000 );
#11648 = CARTESIAN_POINT( '', ( 0.212500000000000, -0.122500000000000, 0.0375000000000000 ) );
#11649 = VECTOR( '', #12713, 39.3700787402000 );
#11650 = COLOUR_RGB( '', 1.00000000000000, 1.00000000000000, 0.000000000000000 );
#11651 = COLOUR_RGB( '', 1.00000000000000, 1.00000000000000, 0.000000000000000 );
#11652 = COLOUR_RGB( '', 0.689999997600000, 0.689999997600000, 0.689999997600000 );
#11653 = CARTESIAN_POINT( '', ( -0.0449500000000000, 0.320000000000000, 0.115000000000000 ) );
#11654 = VECTOR( '', #12714, 39.3700787402000 );
#11655 = COLOUR_RGB( '', 0.689999997600000, 0.689999997600000, 0.689999997600000 );
#11656 = COLOUR_RGB( '', 1.00000000000000, 1.00000000000000, 0.000000000000000 );
#11657 = CARTESIAN_POINT( '', ( 0.212500000000000, -0.0662500000000000, -0.230000000000000 ) );
#11658 = VECTOR( '', #12715, 39.3700787402000 );
#11659 = COLOUR_RGB( '', 1.00000000000000, 1.00000000000000, 0.000000000000000 );
#11660 = COLOUR_RGB( '', 1.00000000000000, 1.00000000000000, 0.000000000000000 );
#11661 = COLOUR_RGB( '', 0.689999997600000, 0.689999997600000, 0.689999997600000 );
#11662 = CARTESIAN_POINT( '', ( 0.280000000000000, 0.320000000000000, -0.0750000000000000 ) );
#11663 = CARTESIAN_POINT( '', ( 0.280000000000000, 0.000000000000000, -0.0750000000000000 ) );
#11664 = VECTOR( '', #12716, 39.3700787402000 );
#11665 = CARTESIAN_POINT( '', ( 0.290000000000000, 0.320000000000000, -0.0750000000000000 ) );
#11666 = VECTOR( '', #12717, 39.3700787402000 );
#11667 = COLOUR_RGB( '', 1.00000000000000, 1.00000000000000, 0.000000000000000 );
#11668 = COLOUR_RGB( '', 0.689999997600000, 0.689999997600000, 0.689999997600000 );
#11669 = COLOUR_RGB( '', 0.689999997600000, 0.689999997600000, 0.689999997600000 );
#11670 = CARTESIAN_POINT( '', ( 0.280000000000000, 0.320000000000000, -0.145000000000000 ) );
#11671 = VECTOR( '', #12718, 39.3700787402000 );
#11672 = COLOUR_RGB( '', 0.689999997600000, 0.689999997600000, 0.689999997600000 );
#11673 = CARTESIAN_POINT( '', ( 0.0500000000000000, 0.320000000000000, 0.130000000000000 ) );
#11674 = CARTESIAN_POINT( '', ( 0.0500000000000000, 0.320000000000000, 0.130000000000000 ) );
#11675 = VECTOR( '', #12719, 39.3700787402000 );
#11676 = CARTESIAN_POINT( '', ( 0.0500000000000000, 0.320000000000000, 0.130000000000000 ) );
#11677 = VECTOR( '', #12720, 39.3700787402000 );
#11678 = COLOUR_RGB( '', 0.689999997600000, 0.689999997600000, 0.689999997600000 );
#11679 = CARTESIAN_POINT( '', ( -0.236373040278640, 0.320000000000000, 0.0500000000000000 ) );
#11680 = VECTOR( '', #12721, 39.3700787402000 );
#11681 = COLOUR_RGB( '', 0.689999997600000, 0.689999997600000, 0.689999997600000 );
#11682 = CARTESIAN_POINT( '', ( 0.0500000000000000, 0.320000000000000, 0.125000000000000 ) );
#11683 = CARTESIAN_POINT( '', ( -0.257500000000000, 0.320000000000000, 0.125000000000000 ) );
#11684 = VECTOR( '', #12722, 39.3700787402000 );
#11685 = CARTESIAN_POINT( '', ( 0.0500000000000000, 0.233000000000000, 0.125000000000000 ) );
#11686 = VECTOR( '', #12723, 39.3700787402000 );
#11687 = CARTESIAN_POINT( '', ( -0.257500000000000, 0.320000000000000, 0.125000000000000 ) );
#11688 = VECTOR( '', #12724, 39.3700787402000 );
#11689 = CARTESIAN_POINT( '', ( -0.257500000000000, 0.000000000000000, 0.125000000000000 ) );
#11690 = VECTOR( '', #12725, 39.3700787402000 );
#11691 = COLOUR_RGB( '', 1.00000000000000, 1.00000000000000, 0.000000000000000 );
#11692 = CARTESIAN_POINT( '', ( 0.212500000000000, 0.0400000000000000, -0.0375000000000000 ) );
#11693 = VECTOR( '', #12726, 39.3700787402000 );
#11694 = COLOUR_RGB( '', 1.00000000000000, 1.00000000000000, 0.000000000000000 );
#11695 = COLOUR_RGB( '', 0.689999997600000, 0.689999997600000, 0.689999997600000 );
#11696 = COLOUR_RGB( '', 1.00000000000000, 1.00000000000000, 0.000000000000000 );
#11697 = COLOUR_RGB( '', 0.689999997600000, 0.689999997600000, 0.689999997600000 );
#11698 = COLOUR_RGB( '', 1.00000000000000, 1.00000000000000, 0.000000000000000 );
#11699 = COLOUR_RGB( '', 0.689999997600000, 0.689999997600000, 0.689999997600000 );
#11700 = CARTESIAN_POINT( '', ( 0.244950000000000, 0.320000000000000, 0.115000000000000 ) );
#11701 = VECTOR( '', #12727, 39.3700787402000 );
#11702 = COLOUR_RGB( '', 0.689999997600000, 0.689999997600000, 0.689999997600000 );
#11703 = CARTESIAN_POINT( '', ( 0.155050000000000, 0.320000000000000, -0.114900000000000 ) );
#11704 = VECTOR( '', #12728, 39.3700787402000 );
#11705 = COLOUR_RGB( '', 0.689999997600000, 0.689999997600000, 0.689999997600000 );
#11706 = CARTESIAN_POINT( '', ( 0.280000000000000, 0.320000000000000, -0.145000000000000 ) );
#11707 = VECTOR( '', #12729, 39.3700787402000 );
#11708 = COLOUR_RGB( '', 0.689999997600000, 0.689999997600000, 0.689999997600000 );
#11709 = COLOUR_RGB( '', 0.689999997600000, 0.689999997600000, 0.689999997600000 );
#11710 = COLOUR_RGB( '', 1.00000000000000, 1.00000000000000, 0.000000000000000 );
#11711 = COLOUR_RGB( '', 1.00000000000000, 1.00000000000000, 0.000000000000000 );
#11712 = CARTESIAN_POINT( '', ( 0.212500000000000, -0.172500000000000, -0.223750000000000 ) );
#11713 = VECTOR( '', #12730, 39.3700787402000 );
#11714 = CARTESIAN_POINT( '', ( 0.212500000000000, -0.0662500000000000, -0.230000000000000 ) );
#11715 = VECTOR( '', #12731, 39.3700787402000 );
#11716 = CARTESIAN_POINT( '', ( 0.212500000000000, 0.305000000000000, 0.0562500000000000 ) );
#11717 = VECTOR( '', #12732, 39.3700787402000 );
#11718 = COLOUR_RGB( '', 1.00000000000000, 1.00000000000000, 0.000000000000000 );
#11719 = COLOUR_RGB( '', 1.00000000000000, 1.00000000000000, 0.000000000000000 );
#11720 = COLOUR_RGB( '', 1.00000000000000, 1.00000000000000, 0.000000000000000 );
#11721 = COLOUR_RGB( '', 0.689999997600000, 0.689999997600000, 0.689999997600000 );
#11722 = CARTESIAN_POINT( '', ( 0.280000000000000, 0.320000000000000, -0.145000000000000 ) );
#11723 = VECTOR( '', #12733, 39.3700787402000 );
#11724 = COLOUR_RGB( '', 0.689999997600000, 0.689999997600000, 0.689999997600000 );
#11725 = CARTESIAN_POINT( '', ( 0.155050000000000, 0.320000000000000, 0.00510000000000000 ) );
#11726 = VECTOR( '', #12734, 39.3700787402000 );
#11727 = CARTESIAN_POINT( '', ( 0.0550500000000000, 0.320000000000000, -0.114900000000000 ) );
#11728 = VECTOR( '', #12735, 39.3700787402000 );
#11729 = CARTESIAN_POINT( '', ( -0.0550500000000000, 0.320000000000000, 0.115000000000000 ) );
#11730 = VECTOR( '', #12736, 39.3700787402000 );
#11731 = CARTESIAN_POINT( '', ( -0.155050000000000, 0.320000000000000, 0.115000000000000 ) );
#11732 = VECTOR( '', #12737, 39.3700787402000 );
#11733 = CARTESIAN_POINT( '', ( 0.0750000000000000, 0.320000000000000, -0.125000000000000 ) );
#11734 = VECTOR( '', #12738, 39.3700787402000 );
#11735 = CARTESIAN_POINT( '', ( 0.0500000000000000, 0.320000000000000, 0.125000000000000 ) );
#11736 = VECTOR( '', #12739, 39.3700787402000 );
#11737 = COLOUR_RGB( '', 0.689999997600000, 0.689999997600000, 0.689999997600000 );
#11738 = COLOUR_RGB( '', 0.689999997600000, 0.689999997600000, 0.689999997600000 );
#11739 = COLOUR_RGB( '', 1.00000000000000, 1.00000000000000, 0.000000000000000 );
#11740 = COLOUR_RGB( '', 0.689999997600000, 0.689999997600000, 0.689999997600000 );
#11741 = COLOUR_RGB( '', 1.00000000000000, 1.00000000000000, 0.000000000000000 );
#11742 = COLOUR_RGB( '', 0.689999997600000, 0.689999997600000, 0.689999997600000 );
#11743 = COLOUR_RGB( '', 0.689999997600000, 0.689999997600000, 0.689999997600000 );
#11744 = COLOUR_RGB( '', 0.689999997600000, 0.689999997600000, 0.689999997600000 );
#11745 = COLOUR_RGB( '', 0.689999997600000, 0.689999997600000, 0.689999997600000 );
#11746 = COLOUR_RGB( '', 1.00000000000000, 1.00000000000000, 0.000000000000000 );
#11747 = COLOUR_RGB( '', 1.00000000000000, 1.00000000000000, 0.000000000000000 );
#11748 = DIRECTION( '', ( 0.529919264233205, -0.848048096156426, 0.000000000000000 ) );
#11749 = DIRECTION( '', ( -1.00000000000000, 0.000000000000000, 0.000000000000000 ) );
#11750 = DIRECTION( '', ( 0.000000000000000, 1.00000000000000, 0.000000000000000 ) );
#11751 = DIRECTION( '', ( -1.00000000000000, 0.000000000000000, 0.000000000000000 ) );
#11752 = DIRECTION( '', ( 0.000000000000000, 1.00000000000000, 0.000000000000000 ) );
#11753 = DIRECTION( '', ( -1.00000000000000, 0.000000000000000, 0.000000000000000 ) );
#11754 = DIRECTION( '', ( 0.529919264233205, 0.848048096156426, 0.000000000000000 ) );
#11755 = DIRECTION( '', ( 0.0348994967025008, 0.999390827019096, 0.000000000000000 ) );
#11756 = DIRECTION( '', ( 1.00000000000000, -0.000000000000000, 0.000000000000000 ) );
#11757 = DIRECTION( '', ( 0.0348994967025014, -0.999390827019096, 0.000000000000000 ) );
#11758 = DIRECTION( '', ( 0.000000000000000, 1.00000000000000, 0.000000000000000 ) );
#11759 = DIRECTION( '', ( -1.00000000000000, -0.000000000000000, -0.000000000000000 ) );
#11760 = DIRECTION( '', ( 0.000000000000000, 1.00000000000000, 0.000000000000000 ) );
#11761 = DIRECTION( '', ( -1.00000000000000, -0.000000000000000, -0.000000000000000 ) );
#11762 = DIRECTION( '', ( 0.000000000000000, 0.707106781186546, -0.707106781186549 ) );
#11763 = DIRECTION( '', ( -1.00000000000000, -0.000000000000000, -0.000000000000000 ) );
#11764 = DIRECTION( '', ( 0.000000000000000, -0.707106781186546, 0.707106781186549 ) );
#11765 = DIRECTION( '', ( -1.00000000000000, -0.000000000000000, -0.000000000000000 ) );
#11766 = DIRECTION( '', ( 0.000000000000000, 0.707106781186548, -0.707106781186547 ) );
#11767 = DIRECTION( '', ( -1.00000000000000, -0.000000000000000, -0.000000000000000 ) );
#11768 = DIRECTION( '', ( 0.000000000000000, -0.707106781186548, 0.707106781186547 ) );
#11769 = DIRECTION( '', ( -1.00000000000000, -0.000000000000000, -0.000000000000000 ) );
#11770 = DIRECTION( '', ( 0.000000000000000, 0.000000000000000, -1.00000000000000 ) );
#11771 = DIRECTION( '', ( 0.000000000000000, 1.00000000000000, 0.000000000000000 ) );
#11772 = DIRECTION( '', ( 0.000000000000000, 0.000000000000000, -1.00000000000000 ) );
#11773 = DIRECTION( '', ( 0.000000000000000, 1.00000000000000, 0.000000000000000 ) );
#11774 = DIRECTION( '', ( 0.000000000000000, -1.00000000000000, 0.000000000000000 ) );
#11775 = DIRECTION( '', ( -1.00000000000000, -0.000000000000000, -0.000000000000000 ) );
#11776 = DIRECTION( '', ( -0.000000000000000, 1.00000000000000, 0.000000000000000 ) );
#11777 = DIRECTION( '', ( -1.00000000000000, -0.000000000000000, -0.000000000000000 ) );
#11778 = DIRECTION( '', ( 0.000000000000000, -1.00000000000000, 0.000000000000000 ) );
#11779 = CARTESIAN_POINT( '', ( 0.0125000000000000, -0.0225000000000000, -0.0875000000000000 ) );
#11780 = DIRECTION( '', ( 1.00000000000000, 0.000000000000000, -0.000000000000000 ) );
#11781 = DIRECTION( '', ( -0.000000000000000, 0.000000000000000, -1.00000000000000 ) );
#11782 = DIRECTION( '', ( 0.000000000000000, 1.25314128149737E-16, -1.00000000000000 ) );
#11783 = DIRECTION( '', ( 0.000000000000000, 0.707106781186548, -0.707106781186547 ) );
#11784 = DIRECTION( '', ( 0.000000000000000, -1.00000000000000, 0.000000000000000 ) );
#11785 = DIRECTION( '', ( 0.000000000000000, 0.707106781186547, 0.707106781186547 ) );
#11786 = DIRECTION( '', ( 0.000000000000000, -1.25314128149737E-16, 1.00000000000000 ) );
#11787 = CARTESIAN_POINT( '', ( 0.0125000000000000, -0.0225000000000000, -0.0875000000000000 ) );
#11788 = DIRECTION( '', ( 1.00000000000000, 0.000000000000000, -0.000000000000000 ) );
#11789 = DIRECTION( '', ( -0.000000000000000, 0.000000000000000, -1.00000000000000 ) );
#11790 = DIRECTION( '', ( -0.000000000000000, 1.00000000000000, 0.000000000000000 ) );
#11791 = DIRECTION( '', ( -0.000000000000000, -0.000000000000000, -1.00000000000000 ) );
#11792 = DIRECTION( '', ( 0.000000000000000, -1.00000000000000, 0.000000000000000 ) );
#11793 = DIRECTION( '', ( -1.00000000000000, -0.000000000000000, -0.000000000000000 ) );
#11794 = DIRECTION( '', ( 0.000000000000000, -1.00000000000000, 0.000000000000000 ) );
#11795 = DIRECTION( '', ( -1.00000000000000, -0.000000000000000, -0.000000000000000 ) );
#11796 = DIRECTION( '', ( 0.000000000000000, 1.00000000000000, 0.000000000000000 ) );
#11797 = DIRECTION( '', ( -0.000000000000000, -0.000000000000000, -1.00000000000000 ) );
#11798 = DIRECTION( '', ( 0.000000000000000, -1.00000000000000, 0.000000000000000 ) );
#11799 = CARTESIAN_POINT( '', ( -0.0125000000000000, -0.122500000000000, 0.0125000000000000 ) );
#11800 = DIRECTION( '', ( -1.00000000000000, 0.000000000000000, 0.000000000000000 ) );
#11801 = DIRECTION( '', ( 0.000000000000000, 0.000000000000000, 1.00000000000000 ) );
#11802 = DIRECTION( '', ( 0.000000000000000, 7.22711109434991E-17, -1.00000000000000 ) );
#11803 = DIRECTION( '', ( 0.000000000000000, -0.707106781186547, -0.707106781186547 ) );
#11804 = DIRECTION( '', ( 0.000000000000000, 1.00000000000000, 0.000000000000000 ) );
#11805 = DIRECTION( '', ( 0.000000000000000, -0.707106781186545, 0.707106781186549 ) );
#11806 = DIRECTION( '', ( 0.000000000000000, 0.000000000000000, 1.00000000000000 ) );
#11807 = CARTESIAN_POINT( '', ( -0.0125000000000000, -0.122500000000000, 0.0125000000000000 ) );
#11808 = DIRECTION( '', ( -1.00000000000000, 0.000000000000000, 0.000000000000000 ) );
#11809 = DIRECTION( '', ( 0.000000000000000, 0.000000000000000, 1.00000000000000 ) );
#11810 = DIRECTION( '', ( -0.000000000000000, 1.00000000000000, 0.000000000000000 ) );
#11811 = DIRECTION( '', ( -1.00000000000000, -0.000000000000000, -0.000000000000000 ) );
#11812 = DIRECTION( '', ( 0.000000000000000, 1.00000000000000, 0.000000000000000 ) );
#11813 = DIRECTION( '', ( -1.00000000000000, -0.000000000000000, -0.000000000000000 ) );
#11814 = DIRECTION( '', ( -1.00000000000000, 0.000000000000000, 0.000000000000000 ) );
#11815 = DIRECTION( '', ( 0.000000000000000, 1.00000000000000, 0.000000000000000 ) );
#11816 = DIRECTION( '', ( -1.00000000000000, 0.000000000000000, 0.000000000000000 ) );
#11817 = DIRECTION( '', ( 0.000000000000000, -1.00000000000000, 0.000000000000000 ) );
#11818 = DIRECTION( '', ( -1.00000000000000, -0.000000000000000, -0.000000000000000 ) );
#11819 = DIRECTION( '', ( -0.000000000000000, 1.00000000000000, 0.000000000000000 ) );
#11820 = DIRECTION( '', ( -1.00000000000000, -0.000000000000000, -0.000000000000000 ) );
#11821 = CARTESIAN_POINT( '', ( 0.0125000000000000, -0.122500000000000, 0.0125000000000000 ) );
#11822 = DIRECTION( '', ( 1.00000000000000, 0.000000000000000, -0.000000000000000 ) );
#11823 = DIRECTION( '', ( -0.000000000000000, 0.000000000000000, -1.00000000000000 ) );
#11824 = DIRECTION( '', ( -1.00000000000000, -0.000000000000000, -0.000000000000000 ) );
#11825 = DIRECTION( '', ( -1.00000000000000, -0.000000000000000, -0.000000000000000 ) );
#11826 = DIRECTION( '', ( -1.00000000000000, 0.000000000000000, 0.000000000000000 ) );
#11827 = DIRECTION( '', ( 0.000000000000000, 0.000000000000000, 1.00000000000000 ) );
#11828 = DIRECTION( '', ( 1.00000000000000, 0.000000000000000, 0.000000000000000 ) );
#11829 = DIRECTION( '', ( 0.000000000000000, 0.000000000000000, -1.00000000000000 ) );
#11830 = DIRECTION( '', ( 0.000000000000000, 0.000000000000000, -1.00000000000000 ) );
#11831 = DIRECTION( '', ( 0.000000000000000, 0.000000000000000, -1.00000000000000 ) );
#11832 = DIRECTION( '', ( -1.00000000000000, -0.000000000000000, -0.000000000000000 ) );
#11833 = DIRECTION( '', ( -0.000000000000000, 1.00000000000000, 0.000000000000000 ) );
#11834 = DIRECTION( '', ( -1.00000000000000, -0.000000000000000, -0.000000000000000 ) );
#11835 = DIRECTION( '', ( 0.000000000000000, -1.00000000000000, 0.000000000000000 ) );
#11836 = DIRECTION( '', ( -1.00000000000000, -0.000000000000000, -0.000000000000000 ) );
#11837 = DIRECTION( '', ( 0.000000000000000, 1.00000000000000, 0.000000000000000 ) );
#11838 = DIRECTION( '', ( -1.00000000000000, -0.000000000000000, -0.000000000000000 ) );
#11839 = DIRECTION( '', ( 0.000000000000000, -1.00000000000000, 0.000000000000000 ) );
#11840 = DIRECTION( '', ( 0.000000000000000, -1.25314128149737E-16, 1.00000000000000 ) );
#11841 = DIRECTION( '', ( -1.00000000000000, -0.000000000000000, -0.000000000000000 ) );
#11842 = DIRECTION( '', ( 0.000000000000000, 1.25314128149737E-16, -1.00000000000000 ) );
#11843 = DIRECTION( '', ( -1.00000000000000, -0.000000000000000, -0.000000000000000 ) );
#11844 = DIRECTION( '', ( 0.000000000000000, 0.000000000000000, -1.00000000000000 ) );
#11845 = DIRECTION( '', ( -1.00000000000000, -0.000000000000000, -0.000000000000000 ) );
#11846 = DIRECTION( '', ( 0.000000000000000, 0.000000000000000, 1.00000000000000 ) );
#11847 = DIRECTION( '', ( -1.00000000000000, -0.000000000000000, -0.000000000000000 ) );
#11848 = CARTESIAN_POINT( '', ( -0.187500000000000, -0.0225000000000000, -0.0875000000000000 ) );
#11849 = DIRECTION( '', ( 1.00000000000000, 0.000000000000000, -0.000000000000000 ) );
#11850 = DIRECTION( '', ( -0.000000000000000, 0.000000000000000, -1.00000000000000 ) );
#11851 = DIRECTION( '', ( -1.00000000000000, -0.000000000000000, -0.000000000000000 ) );
#11852 = CARTESIAN_POINT( '', ( -0.212500000000000, -0.0225000000000000, -0.0875000000000000 ) );
#11853 = DIRECTION( '', ( 1.00000000000000, 0.000000000000000, 0.000000000000000 ) );
#11854 = DIRECTION( '', ( 0.000000000000000, 0.000000000000000, -1.00000000000000 ) );
#11855 = DIRECTION( '', ( -1.00000000000000, -0.000000000000000, -0.000000000000000 ) );
#11856 = DIRECTION( '', ( 0.000000000000000, 0.000000000000000, -1.00000000000000 ) );
#11857 = DIRECTION( '', ( -1.00000000000000, -0.000000000000000, -0.000000000000000 ) );
#11858 = DIRECTION( '', ( 0.000000000000000, 0.000000000000000, 1.00000000000000 ) );
#11859 = DIRECTION( '', ( -1.00000000000000, -0.000000000000000, -0.000000000000000 ) );
#11860 = DIRECTION( '', ( 0.000000000000000, 0.000000000000000, -1.00000000000000 ) );
#11861 = DIRECTION( '', ( 0.000000000000000, 1.00000000000000, 0.000000000000000 ) );
#11862 = DIRECTION( '', ( 0.000000000000000, 0.000000000000000, -1.00000000000000 ) );
#11863 = DIRECTION( '', ( 0.000000000000000, 1.00000000000000, 0.000000000000000 ) );
#11864 = DIRECTION( '', ( 1.00000000000000, 0.000000000000000, 0.000000000000000 ) );
#11865 = DIRECTION( '', ( 0.000000000000000, 1.00000000000000, 0.000000000000000 ) );
#11866 = DIRECTION( '', ( 1.00000000000000, 0.000000000000000, 0.000000000000000 ) );
#11867 = DIRECTION( '', ( 0.000000000000000, 1.00000000000000, 0.000000000000000 ) );
#11868 = DIRECTION( '', ( -0.000000000000000, -1.00000000000000, -0.000000000000000 ) );
#11869 = DIRECTION( '', ( 0.000000000000000, 0.000000000000000, 1.00000000000000 ) );
#11870 = DIRECTION( '', ( -0.000000000000000, -1.00000000000000, -0.000000000000000 ) );
#11871 = DIRECTION( '', ( 0.000000000000000, 0.000000000000000, -1.00000000000000 ) );
#11872 = DIRECTION( '', ( 0.000000000000000, 1.00000000000000, 0.000000000000000 ) );
#11873 = DIRECTION( '', ( -0.000000000000000, -0.000000000000000, -1.00000000000000 ) );
#11874 = DIRECTION( '', ( 0.000000000000000, 1.00000000000000, 0.000000000000000 ) );
#11875 = DIRECTION( '', ( -0.000000000000000, -0.000000000000000, -1.00000000000000 ) );
#11876 = DIRECTION( '', ( 1.00000000000000, -0.000000000000000, 0.000000000000000 ) );
#11877 = DIRECTION( '', ( -0.000000000000000, -0.000000000000000, -1.00000000000000 ) );
#11878 = DIRECTION( '', ( -1.00000000000000, 0.000000000000000, 0.000000000000000 ) );
#11879 = DIRECTION( '', ( -0.000000000000000, -0.000000000000000, -1.00000000000000 ) );
#11880 = DIRECTION( '', ( 0.000000000000000, 0.000000000000000, -1.00000000000000 ) );
#11881 = DIRECTION( '', ( -1.00000000000000, -0.000000000000000, -0.000000000000000 ) );
#11882 = DIRECTION( '', ( 0.000000000000000, 0.000000000000000, 1.00000000000000 ) );
#11883 = DIRECTION( '', ( -1.00000000000000, -0.000000000000000, -0.000000000000000 ) );
#11884 = DIRECTION( '', ( 0.000000000000000, 0.000000000000000, -1.00000000000000 ) );
#11885 = DIRECTION( '', ( 1.00000000000000, 0.000000000000000, 0.000000000000000 ) );
#11886 = DIRECTION( '', ( 0.000000000000000, 0.000000000000000, 1.00000000000000 ) );
#11887 = DIRECTION( '', ( -1.00000000000000, -0.000000000000000, -0.000000000000000 ) );
#11888 = DIRECTION( '', ( -0.000000000000000, 1.00000000000000, 0.000000000000000 ) );
#11889 = DIRECTION( '', ( -1.00000000000000, -0.000000000000000, -0.000000000000000 ) );
#11890 = DIRECTION( '', ( 0.000000000000000, -1.00000000000000, 0.000000000000000 ) );
#11891 = DIRECTION( '', ( -1.00000000000000, -0.000000000000000, -0.000000000000000 ) );
#11892 = DIRECTION( '', ( 0.000000000000000, -1.00000000000000, 0.000000000000000 ) );
#11893 = DIRECTION( '', ( -1.00000000000000, -0.000000000000000, -0.000000000000000 ) );
#11894 = DIRECTION( '', ( 0.000000000000000, 1.00000000000000, 0.000000000000000 ) );
#11895 = DIRECTION( '', ( -1.00000000000000, -0.000000000000000, -0.000000000000000 ) );
#11896 = DIRECTION( '', ( 1.00000000000000, -0.000000000000000, 0.000000000000000 ) );
#11897 = DIRECTION( '', ( -0.000000000000000, -0.000000000000000, -1.00000000000000 ) );
#11898 = DIRECTION( '', ( -1.00000000000000, 0.000000000000000, 0.000000000000000 ) );
#11899 = DIRECTION( '', ( -0.000000000000000, -0.000000000000000, -1.00000000000000 ) );
#11900 = DIRECTION( '', ( 0.000000000000000, -0.707106781186546, 0.707106781186549 ) );
#11901 = DIRECTION( '', ( -1.00000000000000, -0.000000000000000, -0.000000000000000 ) );
#11902 = DIRECTION( '', ( 0.000000000000000, -0.707106781186546, 0.707106781186549 ) );
#11903 = DIRECTION( '', ( -1.00000000000000, -0.000000000000000, -0.000000000000000 ) );
#11904 = DIRECTION( '', ( 0.000000000000000, 0.000000000000000, -1.00000000000000 ) );
#11905 = DIRECTION( '', ( 0.000000000000000, 1.00000000000000, 0.000000000000000 ) );
#11906 = DIRECTION( '', ( 0.000000000000000, 0.000000000000000, -1.00000000000000 ) );
#11907 = DIRECTION( '', ( 0.000000000000000, 1.00000000000000, 0.000000000000000 ) );
#11908 = DIRECTION( '', ( 0.000000000000000, 0.000000000000000, -1.00000000000000 ) );
#11909 = DIRECTION( '', ( -1.00000000000000, -0.000000000000000, -0.000000000000000 ) );
#11910 = DIRECTION( '', ( 0.000000000000000, -0.707106781186545, -0.707106781186549 ) );
#11911 = DIRECTION( '', ( 0.000000000000000, 0.707106781186545, 0.707106781186549 ) );
#11912 = DIRECTION( '', ( -1.00000000000000, -0.000000000000000, -0.000000000000000 ) );
#11913 = DIRECTION( '', ( 0.529919264233205, -0.848048096156426, 0.000000000000000 ) );
#11914 = DIRECTION( '', ( -1.00000000000000, 0.000000000000000, 0.000000000000000 ) );
#11915 = DIRECTION( '', ( 0.000000000000000, 1.00000000000000, 0.000000000000000 ) );
#11916 = DIRECTION( '', ( -1.00000000000000, 0.000000000000000, 0.000000000000000 ) );
#11917 = DIRECTION( '', ( 0.000000000000000, 1.00000000000000, 0.000000000000000 ) );
#11918 = DIRECTION( '', ( -1.00000000000000, 0.000000000000000, 0.000000000000000 ) );
#11919 = DIRECTION( '', ( 0.529919264233205, 0.848048096156426, 0.000000000000000 ) );
#11920 = DIRECTION( '', ( 0.0348994967025008, 0.999390827019096, 0.000000000000000 ) );
#11921 = DIRECTION( '', ( 0.0348994967025011, -0.999390827019096, 0.000000000000000 ) );
#11922 = DIRECTION( '', ( 0.000000000000000, -3.41480999208033E-16, -1.00000000000000 ) );
#11923 = DIRECTION( '', ( 0.000000000000000, 3.41480999208033E-16, 1.00000000000000 ) );
#11924 = DIRECTION( '', ( -1.00000000000000, -0.000000000000000, -0.000000000000000 ) );
#11925 = DIRECTION( '', ( -0.0348994967025011, 0.999390827019096, 0.000000000000000 ) );
#11926 = DIRECTION( '', ( -0.000000000000000, -0.000000000000000, -1.00000000000000 ) );
#11927 = DIRECTION( '', ( 0.000000000000000, -1.25314128149737E-16, 1.00000000000000 ) );
#11928 = DIRECTION( '', ( -1.00000000000000, -0.000000000000000, -0.000000000000000 ) );
#11929 = DIRECTION( '', ( 0.000000000000000, 1.25314128149737E-16, -1.00000000000000 ) );
#11930 = DIRECTION( '', ( -1.00000000000000, -0.000000000000000, -0.000000000000000 ) );
#11931 = DIRECTION( '', ( 0.000000000000000, -0.707106781186546, -0.707106781186549 ) );
#11932 = DIRECTION( '', ( -1.00000000000000, -0.000000000000000, -0.000000000000000 ) );
#11933 = DIRECTION( '', ( 0.000000000000000, 0.707106781186546, 0.707106781186549 ) );
#11934 = DIRECTION( '', ( 1.00000000000000, -0.000000000000000, 0.000000000000000 ) );
#11935 = DIRECTION( '', ( -0.000000000000000, -0.000000000000000, -1.00000000000000 ) );
#11936 = DIRECTION( '', ( -1.00000000000000, 0.000000000000000, 0.000000000000000 ) );
#11937 = DIRECTION( '', ( -0.000000000000000, -0.000000000000000, -1.00000000000000 ) );
#11938 = DIRECTION( '', ( -0.529919264233204, 0.848048096156426, 0.000000000000000 ) );
#11939 = DIRECTION( '', ( -0.0348994967025013, 0.999390827019096, 0.000000000000000 ) );
#11940 = DIRECTION( '', ( -1.00000000000000, 0.000000000000000, 0.000000000000000 ) );
#11941 = DIRECTION( '', ( -0.0348994967025008, -0.999390827019096, 0.000000000000000 ) );
#11942 = DIRECTION( '', ( -0.529919264233205, -0.848048096156426, 0.000000000000000 ) );
#11943 = DIRECTION( '', ( 1.00000000000000, 0.000000000000000, 0.000000000000000 ) );
#11944 = DIRECTION( '', ( 1.00000000000000, 0.000000000000000, 0.000000000000000 ) );
#11945 = DIRECTION( '', ( 0.000000000000000, 1.00000000000000, 0.000000000000000 ) );
#11946 = DIRECTION( '', ( 1.00000000000000, 0.000000000000000, 0.000000000000000 ) );
#11947 = DIRECTION( '', ( -1.00000000000000, -0.000000000000000, -0.000000000000000 ) );
#11948 = DIRECTION( '', ( 0.000000000000000, -1.25314128149737E-16, 1.00000000000000 ) );
#11949 = DIRECTION( '', ( -1.00000000000000, -0.000000000000000, -0.000000000000000 ) );
#11950 = DIRECTION( '', ( 0.000000000000000, 0.000000000000000, 1.00000000000000 ) );
#11951 = DIRECTION( '', ( -1.00000000000000, -0.000000000000000, -0.000000000000000 ) );
#11952 = DIRECTION( '', ( 0.000000000000000, 0.000000000000000, 1.00000000000000 ) );
#11953 = DIRECTION( '', ( -1.00000000000000, -0.000000000000000, -0.000000000000000 ) );
#11954 = DIRECTION( '', ( 0.000000000000000, -1.00000000000000, 0.000000000000000 ) );
#11955 = DIRECTION( '', ( -1.00000000000000, -0.000000000000000, -0.000000000000000 ) );
#11956 = DIRECTION( '', ( 0.000000000000000, 1.00000000000000, 0.000000000000000 ) );
#11957 = DIRECTION( '', ( -1.00000000000000, -0.000000000000000, -0.000000000000000 ) );
#11958 = DIRECTION( '', ( 0.000000000000000, 7.22711109434991E-17, -1.00000000000000 ) );
#11959 = DIRECTION( '', ( -1.00000000000000, -0.000000000000000, -0.000000000000000 ) );
#11960 = DIRECTION( '', ( 0.000000000000000, -7.22711109434991E-17, 1.00000000000000 ) );
#11961 = DIRECTION( '', ( -1.00000000000000, -0.000000000000000, -0.000000000000000 ) );
#11962 = DIRECTION( '', ( 0.000000000000000, -1.00000000000000, 0.000000000000000 ) );
#11963 = DIRECTION( '', ( -1.00000000000000, -0.000000000000000, -0.000000000000000 ) );
#11964 = DIRECTION( '', ( 0.000000000000000, 1.00000000000000, 0.000000000000000 ) );
#11965 = DIRECTION( '', ( -1.00000000000000, -0.000000000000000, -0.000000000000000 ) );
#11966 = DIRECTION( '', ( -0.000000000000000, 1.00000000000000, 0.000000000000000 ) );
#11967 = DIRECTION( '', ( -1.00000000000000, -0.000000000000000, -0.000000000000000 ) );
#11968 = DIRECTION( '', ( -1.00000000000000, -0.000000000000000, -0.000000000000000 ) );
#11969 = DIRECTION( '', ( 0.000000000000000, 1.25314128149737E-16, -1.00000000000000 ) );
#11970 = DIRECTION( '', ( -1.00000000000000, -0.000000000000000, -0.000000000000000 ) );
#11971 = DIRECTION( '', ( 0.000000000000000, -1.25314128149737E-16, 1.00000000000000 ) );
#11972 = DIRECTION( '', ( -1.00000000000000, -0.000000000000000, -0.000000000000000 ) );
#11973 = DIRECTION( '', ( 0.000000000000000, 0.000000000000000, 1.00000000000000 ) );
#11974 = DIRECTION( '', ( -1.00000000000000, -0.000000000000000, -0.000000000000000 ) );
#11975 = DIRECTION( '', ( 0.000000000000000, 0.000000000000000, 1.00000000000000 ) );
#11976 = DIRECTION( '', ( -1.00000000000000, -0.000000000000000, -0.000000000000000 ) );
#11977 = CARTESIAN_POINT( '', ( -0.0875000000000000, -0.0225000000000000, -0.0875000000000000 ) );
#11978 = DIRECTION( '', ( 1.00000000000000, 0.000000000000000, -0.000000000000000 ) );
#11979 = DIRECTION( '', ( -0.000000000000000, 0.000000000000000, -1.00000000000000 ) );
#11980 = CARTESIAN_POINT( '', ( -0.112500000000000, -0.0225000000000000, -0.0875000000000000 ) );
#11981 = DIRECTION( '', ( -1.00000000000000, 0.000000000000000, 0.000000000000000 ) );
#11982 = DIRECTION( '', ( 0.000000000000000, 0.000000000000000, 1.00000000000000 ) );
#11983 = DIRECTION( '', ( 0.000000000000000, -1.00000000000000, 0.000000000000000 ) );
#11984 = DIRECTION( '', ( -1.00000000000000, -0.000000000000000, -0.000000000000000 ) );
#11985 = DIRECTION( '', ( 0.000000000000000, 1.00000000000000, 0.000000000000000 ) );
#11986 = DIRECTION( '', ( -1.00000000000000, -0.000000000000000, -0.000000000000000 ) );
#11987 = DIRECTION( '', ( -1.00000000000000, -0.000000000000000, -0.000000000000000 ) );
#11988 = CARTESIAN_POINT( '', ( -0.0125000000000000, -0.0225000000000000, -0.0875000000000000 ) );
#11989 = DIRECTION( '', ( -1.00000000000000, 0.000000000000000, 0.000000000000000 ) );
#11990 = DIRECTION( '', ( 0.000000000000000, 0.000000000000000, 1.00000000000000 ) );
#11991 = DIRECTION( '', ( 0.000000000000000, 0.000000000000000, 1.00000000000000 ) );
#11992 = DIRECTION( '', ( 0.000000000000000, 1.00000000000000, 0.000000000000000 ) );
#11993 = DIRECTION( '', ( 0.000000000000000, 0.000000000000000, 1.00000000000000 ) );
#11994 = DIRECTION( '', ( -0.000000000000000, -1.00000000000000, -0.000000000000000 ) );
#11995 = DIRECTION( '', ( -0.000000000000000, -0.000000000000000, -1.00000000000000 ) );
#11996 = DIRECTION( '', ( 0.000000000000000, -1.00000000000000, 0.000000000000000 ) );
#11997 = DIRECTION( '', ( 0.000000000000000, -1.00000000000000, 0.000000000000000 ) );
#11998 = DIRECTION( '', ( 0.000000000000000, -1.00000000000000, 0.000000000000000 ) );
#11999 = DIRECTION( '', ( -1.00000000000000, -0.000000000000000, -0.000000000000000 ) );
#12000 = DIRECTION( '', ( -0.000000000000000, 1.00000000000000, 0.000000000000000 ) );
#12001 = DIRECTION( '', ( -1.00000000000000, -0.000000000000000, -0.000000000000000 ) );
#12002 = DIRECTION( '', ( 0.000000000000000, 1.00000000000000, 0.000000000000000 ) );
#12003 = DIRECTION( '', ( -1.00000000000000, -0.000000000000000, -0.000000000000000 ) );
#12004 = DIRECTION( '', ( 0.000000000000000, 0.707106781186545, -0.707106781186549 ) );
#12005 = DIRECTION( '', ( -1.00000000000000, -0.000000000000000, -0.000000000000000 ) );
#12006 = DIRECTION( '', ( 0.000000000000000, 1.00000000000000, 0.000000000000000 ) );
#12007 = DIRECTION( '', ( -0.000000000000000, -0.000000000000000, -1.00000000000000 ) );
#12008 = DIRECTION( '', ( -0.000000000000000, -0.000000000000000, -1.00000000000000 ) );
#12009 = DIRECTION( '', ( -0.000000000000000, -0.000000000000000, -1.00000000000000 ) );
#12010 = DIRECTION( '', ( -1.00000000000000, -0.000000000000000, -0.000000000000000 ) );
#12011 = DIRECTION( '', ( -1.00000000000000, -0.000000000000000, -0.000000000000000 ) );
#12012 = DIRECTION( '', ( 0.000000000000000, -0.707106781186545, -0.707106781186549 ) );
#12013 = DIRECTION( '', ( 0.000000000000000, 0.707106781186545, 0.707106781186549 ) );
#12014 = DIRECTION( '', ( -1.00000000000000, -0.000000000000000, -0.000000000000000 ) );
#12015 = DIRECTION( '', ( 0.000000000000000, 0.000000000000000, -1.00000000000000 ) );
#12016 = DIRECTION( '', ( -1.00000000000000, -0.000000000000000, -0.000000000000000 ) );
#12017 = DIRECTION( '', ( 0.000000000000000, 0.000000000000000, 1.00000000000000 ) );
#12018 = DIRECTION( '', ( -1.00000000000000, -0.000000000000000, -0.000000000000000 ) );
#12019 = DIRECTION( '', ( 0.000000000000000, 0.000000000000000, 1.00000000000000 ) );
#12020 = DIRECTION( '', ( 0.000000000000000, -1.00000000000000, 0.000000000000000 ) );
#12021 = DIRECTION( '', ( 0.000000000000000, 0.000000000000000, 1.00000000000000 ) );
#12022 = DIRECTION( '', ( 0.000000000000000, 1.00000000000000, 0.000000000000000 ) );
#12023 = DIRECTION( '', ( -0.000000000000000, -0.000000000000000, -1.00000000000000 ) );
#12024 = DIRECTION( '', ( -0.000000000000000, -0.000000000000000, -1.00000000000000 ) );
#12025 = DIRECTION( '', ( -1.00000000000000, -0.000000000000000, -0.000000000000000 ) );
#12026 = DIRECTION( '', ( -1.00000000000000, -0.000000000000000, -0.000000000000000 ) );
#12027 = CARTESIAN_POINT( '', ( 0.112500000000000, -0.122500000000000, 0.0125000000000000 ) );
#12028 = DIRECTION( '', ( 1.00000000000000, 0.000000000000000, -0.000000000000000 ) );
#12029 = DIRECTION( '', ( -0.000000000000000, 0.000000000000000, -1.00000000000000 ) );
#12030 = DIRECTION( '', ( -1.00000000000000, -0.000000000000000, -0.000000000000000 ) );
#12031 = CARTESIAN_POINT( '', ( 0.0875000000000001, -0.122500000000000, 0.0125000000000000 ) );
#12032 = DIRECTION( '', ( -1.00000000000000, 0.000000000000000, 0.000000000000000 ) );
#12033 = DIRECTION( '', ( 0.000000000000000, 0.000000000000000, 1.00000000000000 ) );
#12034 = DIRECTION( '', ( -1.00000000000000, 0.000000000000000, 0.000000000000000 ) );
#12035 = DIRECTION( '', ( 0.000000000000000, 0.000000000000000, 1.00000000000000 ) );
#12036 = DIRECTION( '', ( 1.00000000000000, 0.000000000000000, 0.000000000000000 ) );
#12037 = DIRECTION( '', ( 0.000000000000000, 0.000000000000000, -1.00000000000000 ) );
#12038 = DIRECTION( '', ( 0.000000000000000, 1.00000000000000, 0.000000000000000 ) );
#12039 = DIRECTION( '', ( -0.000000000000000, -0.000000000000000, -1.00000000000000 ) );
#12040 = DIRECTION( '', ( 0.000000000000000, -1.00000000000000, 0.000000000000000 ) );
#12041 = CARTESIAN_POINT( '', ( -0.0125000000000000, -0.0225000000000000, -0.0875000000000000 ) );
#12042 = DIRECTION( '', ( -1.00000000000000, 0.000000000000000, 0.000000000000000 ) );
#12043 = DIRECTION( '', ( 0.000000000000000, 0.000000000000000, 1.00000000000000 ) );
#12044 = DIRECTION( '', ( 0.000000000000000, 1.25314128149737E-16, -1.00000000000000 ) );
#12045 = DIRECTION( '', ( 0.000000000000000, -0.707106781186547, -0.707106781186547 ) );
#12046 = DIRECTION( '', ( 0.000000000000000, 1.00000000000000, 0.000000000000000 ) );
#12047 = DIRECTION( '', ( 0.000000000000000, -0.707106781186548, 0.707106781186547 ) );
#12048 = DIRECTION( '', ( -1.00000000000000, -0.000000000000000, -0.000000000000000 ) );
#12049 = DIRECTION( '', ( -1.00000000000000, -0.000000000000000, -0.000000000000000 ) );
#12050 = DIRECTION( '', ( 1.00000000000000, -0.000000000000000, 0.000000000000000 ) );
#12051 = DIRECTION( '', ( -0.000000000000000, -0.000000000000000, -1.00000000000000 ) );
#12052 = DIRECTION( '', ( -1.00000000000000, 0.000000000000000, 0.000000000000000 ) );
#12053 = DIRECTION( '', ( -0.000000000000000, -0.000000000000000, -1.00000000000000 ) );
#12054 = DIRECTION( '', ( -0.0348994967025013, 0.999390827019096, 0.000000000000000 ) );
#12055 = DIRECTION( '', ( -0.000000000000000, -0.000000000000000, -1.00000000000000 ) );
#12056 = DIRECTION( '', ( 0.0348994967025013, -0.999390827019096, 0.000000000000000 ) );
#12057 = DIRECTION( '', ( -0.000000000000000, -0.000000000000000, -1.00000000000000 ) );
#12058 = DIRECTION( '', ( 0.000000000000000, -1.00000000000000, 0.000000000000000 ) );
#12059 = DIRECTION( '', ( -0.000000000000000, -0.000000000000000, -1.00000000000000 ) );
#12060 = DIRECTION( '', ( -0.000000000000000, -0.000000000000000, -1.00000000000000 ) );
#12061 = DIRECTION( '', ( 0.000000000000000, 0.000000000000000, 1.00000000000000 ) );
#12062 = DIRECTION( '', ( -1.00000000000000, -0.000000000000000, -0.000000000000000 ) );
#12063 = DIRECTION( '', ( 0.000000000000000, 0.000000000000000, -1.00000000000000 ) );
#12064 = DIRECTION( '', ( -1.00000000000000, -0.000000000000000, -0.000000000000000 ) );
#12065 = DIRECTION( '', ( -1.00000000000000, 0.000000000000000, 0.000000000000000 ) );
#12066 = DIRECTION( '', ( -0.000000000000000, -1.00000000000000, -0.000000000000000 ) );
#12067 = DIRECTION( '', ( 1.00000000000000, 0.000000000000000, 0.000000000000000 ) );
#12068 = DIRECTION( '', ( 0.000000000000000, 1.00000000000000, 0.000000000000000 ) );
#12069 = DIRECTION( '', ( 0.000000000000000, 0.707106781186546, -0.707106781186549 ) );
#12070 = DIRECTION( '', ( -1.00000000000000, -0.000000000000000, -0.000000000000000 ) );
#12071 = DIRECTION( '', ( 0.000000000000000, -0.707106781186546, 0.707106781186549 ) );
#12072 = DIRECTION( '', ( 0.000000000000000, 0.000000000000000, -1.00000000000000 ) );
#12073 = DIRECTION( '', ( -1.00000000000000, -0.000000000000000, -0.000000000000000 ) );
#12074 = DIRECTION( '', ( 0.000000000000000, 0.000000000000000, -1.00000000000000 ) );
#12075 = DIRECTION( '', ( -1.00000000000000, -0.000000000000000, -0.000000000000000 ) );
#12076 = CARTESIAN_POINT( '', ( -0.0875000000000000, -0.122500000000000, 0.0125000000000000 ) );
#12077 = DIRECTION( '', ( 1.00000000000000, 0.000000000000000, -0.000000000000000 ) );
#12078 = DIRECTION( '', ( -0.000000000000000, 0.000000000000000, -1.00000000000000 ) );
#12079 = DIRECTION( '', ( -1.00000000000000, -0.000000000000000, -0.000000000000000 ) );
#12080 = CARTESIAN_POINT( '', ( -0.112500000000000, -0.122500000000000, 0.0125000000000000 ) );
#12081 = DIRECTION( '', ( -1.00000000000000, 0.000000000000000, 0.000000000000000 ) );
#12082 = DIRECTION( '', ( 0.000000000000000, 0.000000000000000, 1.00000000000000 ) );
#12083 = DIRECTION( '', ( -1.00000000000000, -0.000000000000000, -0.000000000000000 ) );
#12084 = DIRECTION( '', ( 0.000000000000000, 0.707106781186547, 0.707106781186547 ) );
#12085 = DIRECTION( '', ( -1.00000000000000, -0.000000000000000, -0.000000000000000 ) );
#12086 = DIRECTION( '', ( 0.000000000000000, 0.707106781186547, 0.707106781186547 ) );
#12087 = DIRECTION( '', ( -1.00000000000000, -0.000000000000000, -0.000000000000000 ) );
#12088 = DIRECTION( '', ( 0.000000000000000, 1.00000000000000, 0.000000000000000 ) );
#12089 = DIRECTION( '', ( 0.000000000000000, 0.000000000000000, -1.00000000000000 ) );
#12090 = DIRECTION( '', ( -0.000000000000000, 1.00000000000000, 0.000000000000000 ) );
#12091 = DIRECTION( '', ( -0.000000000000000, -0.000000000000000, -1.00000000000000 ) );
#12092 = DIRECTION( '', ( 0.000000000000000, 1.00000000000000, 0.000000000000000 ) );
#12093 = DIRECTION( '', ( 0.000000000000000, 0.707106781186545, -0.707106781186549 ) );
#12094 = DIRECTION( '', ( 0.000000000000000, -0.707106781186546, -0.707106781186549 ) );
#12095 = DIRECTION( '', ( 0.000000000000000, -3.41480999208033E-16, -1.00000000000000 ) );
#12096 = DIRECTION( '', ( 0.000000000000000, 1.00000000000000, 0.000000000000000 ) );
#12097 = DIRECTION( '', ( 0.000000000000000, 0.707106781186546, -0.707106781186549 ) );
#12098 = DIRECTION( '', ( 0.000000000000000, -1.00000000000000, 0.000000000000000 ) );
#12099 = DIRECTION( '', ( -0.000000000000000, -0.000000000000000, -1.00000000000000 ) );
#12100 = DIRECTION( '', ( 0.000000000000000, 1.00000000000000, 0.000000000000000 ) );
#12101 = DIRECTION( '', ( -0.000000000000000, -0.000000000000000, -1.00000000000000 ) );
#12102 = DIRECTION( '', ( 0.000000000000000, -1.00000000000000, 0.000000000000000 ) );
#12103 = CARTESIAN_POINT( '', ( 0.187500000000000, -0.0225000000000000, -0.0875000000000000 ) );
#12104 = DIRECTION( '', ( -1.00000000000000, 0.000000000000000, 0.000000000000000 ) );
#12105 = DIRECTION( '', ( 0.000000000000000, 0.000000000000000, 1.00000000000000 ) );
#12106 = DIRECTION( '', ( 0.000000000000000, -0.707106781186547, -0.707106781186547 ) );
#12107 = DIRECTION( '', ( 0.000000000000000, 1.00000000000000, 0.000000000000000 ) );
#12108 = DIRECTION( '', ( 0.000000000000000, -0.707106781186548, 0.707106781186547 ) );
#12109 = DIRECTION( '', ( 0.000000000000000, -1.25314128149737E-16, 1.00000000000000 ) );
#12110 = CARTESIAN_POINT( '', ( 0.187500000000000, -0.0225000000000000, -0.0875000000000000 ) );
#12111 = DIRECTION( '', ( -1.00000000000000, 0.000000000000000, 0.000000000000000 ) );
#12112 = DIRECTION( '', ( 0.000000000000000, 0.000000000000000, 1.00000000000000 ) );
#12113 = DIRECTION( '', ( 0.529919264233205, 0.848048096156426, 0.000000000000000 ) );
#12114 = DIRECTION( '', ( -0.000000000000000, -0.000000000000000, -1.00000000000000 ) );
#12115 = DIRECTION( '', ( -0.000000000000000, -0.000000000000000, -1.00000000000000 ) );
#12116 = DIRECTION( '', ( -0.000000000000000, 1.00000000000000, 0.000000000000000 ) );
#12117 = DIRECTION( '', ( 0.000000000000000, -1.00000000000000, 0.000000000000000 ) );
#12118 = DIRECTION( '', ( -0.000000000000000, 1.00000000000000, 0.000000000000000 ) );
#12119 = DIRECTION( '', ( 0.000000000000000, -1.00000000000000, 0.000000000000000 ) );
#12120 = DIRECTION( '', ( -1.00000000000000, -0.000000000000000, -0.000000000000000 ) );
#12121 = DIRECTION( '', ( -0.000000000000000, 1.00000000000000, 0.000000000000000 ) );
#12122 = DIRECTION( '', ( 0.000000000000000, -1.00000000000000, 0.000000000000000 ) );
#12123 = DIRECTION( '', ( -1.00000000000000, -0.000000000000000, -0.000000000000000 ) );
#12124 = DIRECTION( '', ( -0.000000000000000, 1.00000000000000, 0.000000000000000 ) );
#12125 = DIRECTION( '', ( -1.00000000000000, 0.000000000000000, 0.000000000000000 ) );
#12126 = DIRECTION( '', ( 0.000000000000000, 1.00000000000000, 0.000000000000000 ) );
#12127 = DIRECTION( '', ( -1.00000000000000, -0.000000000000000, -0.000000000000000 ) );
#12128 = DIRECTION( '', ( 1.00000000000000, 0.000000000000000, -0.000000000000000 ) );
#12129 = DIRECTION( '', ( -0.000000000000000, 1.00000000000000, 0.000000000000000 ) );
#12130 = DIRECTION( '', ( -1.00000000000000, -0.000000000000000, -0.000000000000000 ) );
#12131 = DIRECTION( '', ( 0.000000000000000, -1.00000000000000, 0.000000000000000 ) );
#12132 = DIRECTION( '', ( 1.00000000000000, 0.000000000000000, -0.000000000000000 ) );
#12133 = DIRECTION( '', ( -1.00000000000000, -0.000000000000000, -0.000000000000000 ) );
#12134 = DIRECTION( '', ( 1.00000000000000, 0.000000000000000, -0.000000000000000 ) );
#12135 = DIRECTION( '', ( -0.000000000000000, 1.00000000000000, 0.000000000000000 ) );
#12136 = DIRECTION( '', ( 0.000000000000000, -1.00000000000000, 0.000000000000000 ) );
#12137 = DIRECTION( '', ( 1.00000000000000, 0.000000000000000, -0.000000000000000 ) );
#12138 = DIRECTION( '', ( -0.000000000000000, 1.00000000000000, 0.000000000000000 ) );
#12139 = DIRECTION( '', ( -1.00000000000000, -0.000000000000000, -0.000000000000000 ) );
#12140 = DIRECTION( '', ( 0.000000000000000, 1.00000000000000, 0.000000000000000 ) );
#12141 = DIRECTION( '', ( -1.00000000000000, -0.000000000000000, -0.000000000000000 ) );
#12142 = DIRECTION( '', ( -0.000000000000000, -0.000000000000000, -1.00000000000000 ) );
#12143 = DIRECTION( '', ( -0.000000000000000, -1.00000000000000, -0.000000000000000 ) );
#12144 = DIRECTION( '', ( 0.000000000000000, 0.000000000000000, 1.00000000000000 ) );
#12145 = DIRECTION( '', ( 0.000000000000000, 0.000000000000000, 1.00000000000000 ) );
#12146 = DIRECTION( '', ( 0.000000000000000, 1.00000000000000, 0.000000000000000 ) );
#12147 = DIRECTION( '', ( 0.000000000000000, 0.000000000000000, -1.00000000000000 ) );
#12148 = DIRECTION( '', ( 0.000000000000000, 0.000000000000000, 1.00000000000000 ) );
#12149 = DIRECTION( '', ( -1.00000000000000, -0.000000000000000, -0.000000000000000 ) );
#12150 = DIRECTION( '', ( 0.000000000000000, 1.00000000000000, 0.000000000000000 ) );
#12151 = DIRECTION( '', ( -0.000000000000000, -0.000000000000000, -1.00000000000000 ) );
#12152 = DIRECTION( '', ( 0.000000000000000, -1.00000000000000, 0.000000000000000 ) );
#12153 = DIRECTION( '', ( 0.000000000000000, 7.22711109434991E-17, -1.00000000000000 ) );
#12154 = DIRECTION( '', ( 0.000000000000000, -0.707106781186547, -0.707106781186547 ) );
#12155 = DIRECTION( '', ( 0.000000000000000, 1.00000000000000, 0.000000000000000 ) );
#12156 = DIRECTION( '', ( 0.000000000000000, -0.707106781186545, 0.707106781186549 ) );
#12157 = DIRECTION( '', ( 0.000000000000000, 0.000000000000000, 1.00000000000000 ) );
#12158 = CARTESIAN_POINT( '', ( 0.0875000000000001, -0.122500000000000, 0.0125000000000000 ) );
#12159 = DIRECTION( '', ( -1.00000000000000, 0.000000000000000, 0.000000000000000 ) );
#12160 = DIRECTION( '', ( 0.000000000000000, 0.000000000000000, 1.00000000000000 ) );
#12161 = DIRECTION( '', ( -1.00000000000000, -0.000000000000000, -0.000000000000000 ) );
#12162 = DIRECTION( '', ( 0.000000000000000, 0.707106781186548, -0.707106781186547 ) );
#12163 = DIRECTION( '', ( -1.00000000000000, -0.000000000000000, -0.000000000000000 ) );
#12164 = DIRECTION( '', ( 0.000000000000000, -7.22711109434991E-17, 1.00000000000000 ) );
#12165 = DIRECTION( '', ( -1.00000000000000, -0.000000000000000, -0.000000000000000 ) );
#12166 = DIRECTION( '', ( 0.000000000000000, 7.22711109434991E-17, -1.00000000000000 ) );
#12167 = DIRECTION( '', ( -1.00000000000000, -0.000000000000000, -0.000000000000000 ) );
#12168 = CARTESIAN_POINT( '', ( -0.187500000000000, -0.122500000000000, 0.0125000000000000 ) );
#12169 = DIRECTION( '', ( 1.00000000000000, 0.000000000000000, -0.000000000000000 ) );
#12170 = DIRECTION( '', ( -0.000000000000000, 0.000000000000000, -1.00000000000000 ) );
#12171 = DIRECTION( '', ( -1.00000000000000, -0.000000000000000, -0.000000000000000 ) );
#12172 = CARTESIAN_POINT( '', ( -0.212500000000000, -0.122500000000000, 0.0125000000000000 ) );
#12173 = DIRECTION( '', ( 1.00000000000000, 0.000000000000000, 0.000000000000000 ) );
#12174 = DIRECTION( '', ( 0.000000000000000, 0.000000000000000, -1.00000000000000 ) );
#12175 = CARTESIAN_POINT( '', ( -0.0875000000000000, -0.0225000000000000, -0.0875000000000000 ) );
#12176 = DIRECTION( '', ( 1.00000000000000, 0.000000000000000, -0.000000000000000 ) );
#12177 = DIRECTION( '', ( -0.000000000000000, 0.000000000000000, -1.00000000000000 ) );
#12178 = DIRECTION( '', ( -1.00000000000000, -0.000000000000000, -0.000000000000000 ) );
#12179 = CARTESIAN_POINT( '', ( -0.112500000000000, -0.0225000000000000, -0.0875000000000000 ) );
#12180 = DIRECTION( '', ( -1.00000000000000, 0.000000000000000, 0.000000000000000 ) );
#12181 = DIRECTION( '', ( 0.000000000000000, 0.000000000000000, 1.00000000000000 ) );
#12182 = DIRECTION( '', ( -1.00000000000000, -0.000000000000000, -0.000000000000000 ) );
#12183 = DIRECTION( '', ( 0.000000000000000, 0.000000000000000, 1.00000000000000 ) );
#12184 = DIRECTION( '', ( 0.000000000000000, 0.000000000000000, 1.00000000000000 ) );
#12185 = DIRECTION( '', ( 0.000000000000000, 1.00000000000000, 0.000000000000000 ) );
#12186 = DIRECTION( '', ( 0.529919264233204, -0.848048096156426, 0.000000000000000 ) );
#12187 = DIRECTION( '', ( -0.000000000000000, -0.000000000000000, -1.00000000000000 ) );
#12188 = DIRECTION( '', ( -0.000000000000000, -0.000000000000000, -1.00000000000000 ) );
#12189 = DIRECTION( '', ( 0.000000000000000, 0.000000000000000, -1.00000000000000 ) );
#12190 = DIRECTION( '', ( 0.000000000000000, 1.00000000000000, 0.000000000000000 ) );
#12191 = DIRECTION( '', ( 0.000000000000000, 0.000000000000000, -1.00000000000000 ) );
#12192 = DIRECTION( '', ( 0.000000000000000, 1.00000000000000, 0.000000000000000 ) );
#12193 = DIRECTION( '', ( -0.000000000000000, -0.000000000000000, -1.00000000000000 ) );
#12194 = DIRECTION( '', ( 0.000000000000000, -0.707106781186547, -0.707106781186547 ) );
#12195 = DIRECTION( '', ( 0.000000000000000, 1.00000000000000, 0.000000000000000 ) );
#12196 = DIRECTION( '', ( 0.000000000000000, -1.25314128149737E-16, 1.00000000000000 ) );
#12197 = DIRECTION( '', ( 0.000000000000000, 0.000000000000000, -1.00000000000000 ) );
#12198 = DIRECTION( '', ( 0.000000000000000, -1.00000000000000, 0.000000000000000 ) );
#12199 = DIRECTION( '', ( 0.000000000000000, 0.000000000000000, -1.00000000000000 ) );
#12200 = DIRECTION( '', ( 0.000000000000000, 1.00000000000000, 0.000000000000000 ) );
#12201 = DIRECTION( '', ( 0.000000000000000, -1.25314128149737E-16, 1.00000000000000 ) );
#12202 = DIRECTION( '', ( 0.000000000000000, -1.25314128149737E-16, 1.00000000000000 ) );
#12203 = DIRECTION( '', ( -1.00000000000000, -0.000000000000000, -0.000000000000000 ) );
#12204 = DIRECTION( '', ( 0.000000000000000, 0.000000000000000, -1.00000000000000 ) );
#12205 = DIRECTION( '', ( 0.000000000000000, 0.000000000000000, 1.00000000000000 ) );
#12206 = DIRECTION( '', ( -1.00000000000000, -0.000000000000000, -0.000000000000000 ) );
#12207 = DIRECTION( '', ( 0.000000000000000, 1.00000000000000, 0.000000000000000 ) );
#12208 = DIRECTION( '', ( -1.00000000000000, -0.000000000000000, -0.000000000000000 ) );
#12209 = DIRECTION( '', ( 0.000000000000000, -1.00000000000000, 0.000000000000000 ) );
#12210 = DIRECTION( '', ( -1.00000000000000, -0.000000000000000, -0.000000000000000 ) );
#12211 = DIRECTION( '', ( -1.00000000000000, 0.000000000000000, 0.000000000000000 ) );
#12212 = DIRECTION( '', ( 0.000000000000000, 0.000000000000000, 1.00000000000000 ) );
#12213 = DIRECTION( '', ( 1.00000000000000, 0.000000000000000, 0.000000000000000 ) );
#12214 = DIRECTION( '', ( 1.00000000000000, 0.000000000000000, 0.000000000000000 ) );
#12215 = DIRECTION( '', ( 0.000000000000000, -1.00000000000000, 0.000000000000000 ) );
#12216 = DIRECTION( '', ( -1.00000000000000, 0.000000000000000, 0.000000000000000 ) );
#12217 = DIRECTION( '', ( -0.000000000000000, -1.00000000000000, -0.000000000000000 ) );
#12218 = DIRECTION( '', ( 1.00000000000000, 0.000000000000000, 0.000000000000000 ) );
#12219 = DIRECTION( '', ( 0.000000000000000, 1.00000000000000, 0.000000000000000 ) );
#12220 = DIRECTION( '', ( 0.000000000000000, 1.00000000000000, 0.000000000000000 ) );
#12221 = DIRECTION( '', ( 0.000000000000000, -1.00000000000000, 0.000000000000000 ) );
#12222 = DIRECTION( '', ( -0.000000000000000, -0.000000000000000, -1.00000000000000 ) );
#12223 = DIRECTION( '', ( 0.000000000000000, -1.00000000000000, 0.000000000000000 ) );
#12224 = DIRECTION( '', ( 0.000000000000000, 0.000000000000000, -1.00000000000000 ) );
#12225 = DIRECTION( '', ( -1.00000000000000, -0.000000000000000, -0.000000000000000 ) );
#12226 = DIRECTION( '', ( 0.000000000000000, 0.000000000000000, -1.00000000000000 ) );
#12227 = DIRECTION( '', ( -1.00000000000000, -0.000000000000000, -0.000000000000000 ) );
#12228 = DIRECTION( '', ( 0.000000000000000, -1.00000000000000, 0.000000000000000 ) );
#12229 = DIRECTION( '', ( -0.000000000000000, -0.000000000000000, -1.00000000000000 ) );
#12230 = DIRECTION( '', ( -0.000000000000000, -0.000000000000000, -1.00000000000000 ) );
#12231 = DIRECTION( '', ( 0.000000000000000, 1.00000000000000, 0.000000000000000 ) );
#12232 = DIRECTION( '', ( 0.000000000000000, -1.00000000000000, 0.000000000000000 ) );
#12233 = DIRECTION( '', ( -1.00000000000000, 0.000000000000000, 0.000000000000000 ) );
#12234 = DIRECTION( '', ( -1.00000000000000, 0.000000000000000, 0.000000000000000 ) );
#12235 = DIRECTION( '', ( 0.000000000000000, -0.707106781186546, -0.707106781186549 ) );
#12236 = DIRECTION( '', ( 0.000000000000000, 0.707106781186546, 0.707106781186549 ) );
#12237 = DIRECTION( '', ( -1.00000000000000, 0.000000000000000, 0.000000000000000 ) );
#12238 = DIRECTION( '', ( -1.00000000000000, -0.000000000000000, -0.000000000000000 ) );
#12239 = DIRECTION( '', ( -0.000000000000000, -1.00000000000000, -0.000000000000000 ) );
#12240 = DIRECTION( '', ( -1.00000000000000, 0.000000000000000, 0.000000000000000 ) );
#12241 = DIRECTION( '', ( 0.000000000000000, -1.00000000000000, 0.000000000000000 ) );
#12242 = DIRECTION( '', ( -1.00000000000000, 0.000000000000000, 0.000000000000000 ) );
#12243 = DIRECTION( '', ( 0.000000000000000, -1.00000000000000, 0.000000000000000 ) );
#12244 = DIRECTION( '', ( 0.000000000000000, 1.00000000000000, 0.000000000000000 ) );
#12245 = DIRECTION( '', ( -0.529919264233205, 0.848048096156426, 0.000000000000000 ) );
#12246 = DIRECTION( '', ( -0.000000000000000, -0.000000000000000, -1.00000000000000 ) );
#12247 = DIRECTION( '', ( 0.529919264233205, -0.848048096156426, 0.000000000000000 ) );
#12248 = DIRECTION( '', ( -1.00000000000000, 0.000000000000000, 0.000000000000000 ) );
#12249 = DIRECTION( '', ( 0.000000000000000, 1.00000000000000, 0.000000000000000 ) );
#12250 = DIRECTION( '', ( 0.000000000000000, 1.00000000000000, 0.000000000000000 ) );
#12251 = DIRECTION( '', ( -1.00000000000000, 0.000000000000000, 0.000000000000000 ) );
#12252 = DIRECTION( '', ( 0.0348994967025008, 0.999390827019096, 0.000000000000000 ) );
#12253 = DIRECTION( '', ( 1.00000000000000, -0.000000000000000, 0.000000000000000 ) );
#12254 = DIRECTION( '', ( 0.0348994967025013, -0.999390827019096, 0.000000000000000 ) );
#12255 = DIRECTION( '', ( -0.0348994967025014, 0.999390827019096, 0.000000000000000 ) );
#12256 = DIRECTION( '', ( -0.000000000000000, -0.000000000000000, -1.00000000000000 ) );
#12257 = DIRECTION( '', ( -0.000000000000000, -0.000000000000000, -1.00000000000000 ) );
#12258 = DIRECTION( '', ( 0.000000000000000, 0.344254649158423, -0.938876315886609 ) );
#12259 = DIRECTION( '', ( 0.000000000000000, 0.344254649158423, -0.938876315886609 ) );
#12260 = DIRECTION( '', ( -1.00000000000000, -0.000000000000000, -0.000000000000000 ) );
#12261 = DIRECTION( '', ( 0.000000000000000, -1.00000000000000, 0.000000000000000 ) );
#12262 = DIRECTION( '', ( -0.000000000000000, -0.000000000000000, -1.00000000000000 ) );
#12263 = DIRECTION( '', ( 0.000000000000000, -1.00000000000000, 0.000000000000000 ) );
#12264 = DIRECTION( '', ( 0.000000000000000, 0.000000000000000, -1.00000000000000 ) );
#12265 = DIRECTION( '', ( 0.000000000000000, -1.00000000000000, 0.000000000000000 ) );
#12266 = DIRECTION( '', ( -1.00000000000000, -0.000000000000000, -0.000000000000000 ) );
#12267 = DIRECTION( '', ( -1.00000000000000, 0.000000000000000, 0.000000000000000 ) );
#12268 = DIRECTION( '', ( 0.000000000000000, 1.00000000000000, 0.000000000000000 ) );
#12269 = DIRECTION( '', ( 0.000000000000000, 1.00000000000000, 0.000000000000000 ) );
#12270 = DIRECTION( '', ( 0.000000000000000, 0.707106781186547, 0.707106781186547 ) );
#12271 = DIRECTION( '', ( -1.00000000000000, -0.000000000000000, -0.000000000000000 ) );
#12272 = DIRECTION( '', ( 0.529919264233205, -0.848048096156426, 0.000000000000000 ) );
#12273 = DIRECTION( '', ( -1.00000000000000, 0.000000000000000, 0.000000000000000 ) );
#12274 = DIRECTION( '', ( -1.00000000000000, 0.000000000000000, 0.000000000000000 ) );
#12275 = DIRECTION( '', ( -1.00000000000000, 0.000000000000000, 0.000000000000000 ) );
#12276 = DIRECTION( '', ( 0.529919264233204, 0.848048096156426, 0.000000000000000 ) );
#12277 = DIRECTION( '', ( 0.0348994967025008, 0.999390827019096, 0.000000000000000 ) );
#12278 = DIRECTION( '', ( 1.00000000000000, -0.000000000000000, 0.000000000000000 ) );
#12279 = DIRECTION( '', ( 0.0348994967025013, -0.999390827019096, 0.000000000000000 ) );
#12280 = DIRECTION( '', ( 1.00000000000000, 0.000000000000000, 1.06712812252510E-16 ) );
#12281 = DIRECTION( '', ( 0.000000000000000, 0.000000000000000, 1.00000000000000 ) );
#12282 = DIRECTION( '', ( 1.00000000000000, 0.000000000000000, 0.000000000000000 ) );
#12283 = DIRECTION( '', ( 0.000000000000000, 0.000000000000000, -1.00000000000000 ) );
#12284 = DIRECTION( '', ( -1.00000000000000, 0.000000000000000, 0.000000000000000 ) );
#12285 = DIRECTION( '', ( 0.000000000000000, 0.000000000000000, 1.00000000000000 ) );
#12286 = DIRECTION( '', ( -1.00000000000000, 0.000000000000000, 0.000000000000000 ) );
#12287 = DIRECTION( '', ( 0.000000000000000, 0.000000000000000, 1.00000000000000 ) );
#12288 = DIRECTION( '', ( 1.00000000000000, 0.000000000000000, 0.000000000000000 ) );
#12289 = DIRECTION( '', ( -1.00000000000000, -0.000000000000000, -0.000000000000000 ) );
#12290 = DIRECTION( '', ( -1.00000000000000, -0.000000000000000, -0.000000000000000 ) );
#12291 = DIRECTION( '', ( 0.000000000000000, 1.25314128149737E-16, -1.00000000000000 ) );
#12292 = DIRECTION( '', ( -1.00000000000000, -0.000000000000000, -0.000000000000000 ) );
#12293 = DIRECTION( '', ( 0.000000000000000, -0.707106781186545, -0.707106781186549 ) );
#12294 = DIRECTION( '', ( -1.00000000000000, -0.000000000000000, -0.000000000000000 ) );
#12295 = DIRECTION( '', ( 0.000000000000000, 0.707106781186545, 0.707106781186549 ) );
#12296 = DIRECTION( '', ( 0.000000000000000, 0.707106781186545, -0.707106781186549 ) );
#12297 = DIRECTION( '', ( -1.00000000000000, -0.000000000000000, -0.000000000000000 ) );
#12298 = DIRECTION( '', ( 0.000000000000000, -0.707106781186545, 0.707106781186549 ) );
#12299 = DIRECTION( '', ( -1.00000000000000, -0.000000000000000, -0.000000000000000 ) );
#12300 = DIRECTION( '', ( 0.000000000000000, 0.000000000000000, 1.00000000000000 ) );
#12301 = DIRECTION( '', ( 0.000000000000000, 1.00000000000000, 0.000000000000000 ) );
#12302 = DIRECTION( '', ( 0.000000000000000, -1.00000000000000, 0.000000000000000 ) );
#12303 = DIRECTION( '', ( -1.00000000000000, -0.000000000000000, -0.000000000000000 ) );
#12304 = DIRECTION( '', ( 0.000000000000000, -1.00000000000000, 0.000000000000000 ) );
#12305 = DIRECTION( '', ( -1.00000000000000, -0.000000000000000, -0.000000000000000 ) );
#12306 = DIRECTION( '', ( 0.000000000000000, -1.00000000000000, 0.000000000000000 ) );
#12307 = DIRECTION( '', ( -1.00000000000000, 0.000000000000000, 0.000000000000000 ) );
#12308 = DIRECTION( '', ( 0.000000000000000, 1.00000000000000, 0.000000000000000 ) );
#12309 = DIRECTION( '', ( 0.000000000000000, -1.00000000000000, 0.000000000000000 ) );
#12310 = DIRECTION( '', ( -1.00000000000000, 0.000000000000000, 0.000000000000000 ) );
#12311 = DIRECTION( '', ( 0.000000000000000, -1.00000000000000, 0.000000000000000 ) );
#12312 = DIRECTION( '', ( -1.00000000000000, 0.000000000000000, 0.000000000000000 ) );
#12313 = DIRECTION( '', ( -1.00000000000000, -0.000000000000000, -0.000000000000000 ) );
#12314 = DIRECTION( '', ( 0.000000000000000, -1.00000000000000, 0.000000000000000 ) );
#12315 = DIRECTION( '', ( -1.00000000000000, 0.000000000000000, 0.000000000000000 ) );
#12316 = DIRECTION( '', ( 0.000000000000000, 1.00000000000000, 0.000000000000000 ) );
#12317 = DIRECTION( '', ( -1.00000000000000, -0.000000000000000, -0.000000000000000 ) );
#12318 = DIRECTION( '', ( 0.000000000000000, -1.00000000000000, 0.000000000000000 ) );
#12319 = DIRECTION( '', ( -1.00000000000000, -0.000000000000000, -0.000000000000000 ) );
#12320 = DIRECTION( '', ( 1.00000000000000, -0.000000000000000, 0.000000000000000 ) );
#12321 = DIRECTION( '', ( 0.000000000000000, -1.00000000000000, 0.000000000000000 ) );
#12322 = DIRECTION( '', ( 0.000000000000000, 1.00000000000000, 0.000000000000000 ) );
#12323 = DIRECTION( '', ( 0.000000000000000, -1.00000000000000, 0.000000000000000 ) );
#12324 = DIRECTION( '', ( -1.00000000000000, -0.000000000000000, -0.000000000000000 ) );
#12325 = DIRECTION( '', ( 0.000000000000000, 1.00000000000000, 0.000000000000000 ) );
#12326 = DIRECTION( '', ( 0.000000000000000, -1.00000000000000, 0.000000000000000 ) );
#12327 = DIRECTION( '', ( -1.00000000000000, -0.000000000000000, -0.000000000000000 ) );
#12328 = DIRECTION( '', ( 0.000000000000000, 1.00000000000000, 0.000000000000000 ) );
#12329 = DIRECTION( '', ( 0.000000000000000, -1.00000000000000, 0.000000000000000 ) );
#12330 = CARTESIAN_POINT( '', ( 0.112500000000000, -0.0225000000000000, -0.0875000000000000 ) );
#12331 = DIRECTION( '', ( 1.00000000000000, 0.000000000000000, -0.000000000000000 ) );
#12332 = DIRECTION( '', ( -0.000000000000000, 0.000000000000000, -1.00000000000000 ) );
#12333 = DIRECTION( '', ( 0.000000000000000, 1.25314128149737E-16, -1.00000000000000 ) );
#12334 = DIRECTION( '', ( 0.000000000000000, 0.707106781186548, -0.707106781186547 ) );
#12335 = DIRECTION( '', ( 0.000000000000000, -1.00000000000000, 0.000000000000000 ) );
#12336 = DIRECTION( '', ( 0.000000000000000, 0.707106781186547, 0.707106781186547 ) );
#12337 = CARTESIAN_POINT( '', ( 0.112500000000000, -0.0225000000000000, -0.0875000000000000 ) );
#12338 = DIRECTION( '', ( 1.00000000000000, 0.000000000000000, -0.000000000000000 ) );
#12339 = DIRECTION( '', ( -0.000000000000000, 0.000000000000000, -1.00000000000000 ) );
#12340 = DIRECTION( '', ( -0.000000000000000, -0.000000000000000, -1.00000000000000 ) );
#12341 = DIRECTION( '', ( -0.000000000000000, 1.00000000000000, 0.000000000000000 ) );
#12342 = DIRECTION( '', ( 0.000000000000000, 1.00000000000000, 0.000000000000000 ) );
#12343 = DIRECTION( '', ( -1.00000000000000, -0.000000000000000, -0.000000000000000 ) );
#12344 = DIRECTION( '', ( 0.000000000000000, 0.000000000000000, -1.00000000000000 ) );
#12345 = DIRECTION( '', ( -1.00000000000000, -0.000000000000000, -0.000000000000000 ) );
#12346 = DIRECTION( '', ( 0.000000000000000, 0.000000000000000, 1.00000000000000 ) );
#12347 = DIRECTION( '', ( -1.00000000000000, 0.000000000000000, 0.000000000000000 ) );
#12348 = DIRECTION( '', ( 1.00000000000000, -0.000000000000000, 0.000000000000000 ) );
#12349 = DIRECTION( '', ( -0.000000000000000, -0.000000000000000, -1.00000000000000 ) );
#12350 = DIRECTION( '', ( 0.000000000000000, -0.707106781186546, -0.707106781186549 ) );
#12351 = DIRECTION( '', ( -1.00000000000000, -0.000000000000000, -0.000000000000000 ) );
#12352 = DIRECTION( '', ( 0.000000000000000, 0.707106781186546, 0.707106781186549 ) );
#12353 = DIRECTION( '', ( -1.00000000000000, -0.000000000000000, -0.000000000000000 ) );
#12354 = CARTESIAN_POINT( '', ( 0.187500000000000, -0.122500000000000, 0.0125000000000000 ) );
#12355 = DIRECTION( '', ( -1.00000000000000, 0.000000000000000, 0.000000000000000 ) );
#12356 = DIRECTION( '', ( 0.000000000000000, 0.000000000000000, 1.00000000000000 ) );
#12357 = CARTESIAN_POINT( '', ( 0.212500000000000, -0.122500000000000, 0.0125000000000000 ) );
#12358 = DIRECTION( '', ( 1.00000000000000, 0.000000000000000, 0.000000000000000 ) );
#12359 = DIRECTION( '', ( 0.000000000000000, 0.000000000000000, -1.00000000000000 ) );
#12360 = DIRECTION( '', ( 0.000000000000000, 0.707106781186547, 0.707106781186547 ) );
#12361 = DIRECTION( '', ( 0.000000000000000, -0.707106781186547, -0.707106781186547 ) );
#12362 = DIRECTION( '', ( 0.000000000000000, -0.906183139995265, 0.422885465331124 ) );
#12363 = DIRECTION( '', ( 0.000000000000000, 0.000000000000000, 1.00000000000000 ) );
#12364 = DIRECTION( '', ( 0.000000000000000, 1.00000000000000, 0.000000000000000 ) );
#12365 = DIRECTION( '', ( 0.000000000000000, -1.00000000000000, 0.000000000000000 ) );
#12366 = DIRECTION( '', ( -0.000000000000000, -0.000000000000000, -1.00000000000000 ) );
#12367 = DIRECTION( '', ( -0.000000000000000, -0.000000000000000, -1.00000000000000 ) );
#12368 = DIRECTION( '', ( 1.00000000000000, 0.000000000000000, 1.06712812252510E-16 ) );
#12369 = DIRECTION( '', ( 0.000000000000000, -1.00000000000000, 0.000000000000000 ) );
#12370 = DIRECTION( '', ( 1.00000000000000, 0.000000000000000, 1.06712812252510E-16 ) );
#12371 = DIRECTION( '', ( 0.000000000000000, 1.00000000000000, 0.000000000000000 ) );
#12372 = DIRECTION( '', ( -1.00000000000000, -0.000000000000000, -0.000000000000000 ) );
#12373 = DIRECTION( '', ( 0.000000000000000, -1.25314128149737E-16, 1.00000000000000 ) );
#12374 = DIRECTION( '', ( -1.00000000000000, -0.000000000000000, -0.000000000000000 ) );
#12375 = DIRECTION( '', ( -1.00000000000000, -0.000000000000000, -0.000000000000000 ) );
#12376 = DIRECTION( '', ( 0.000000000000000, 1.00000000000000, 0.000000000000000 ) );
#12377 = DIRECTION( '', ( -1.00000000000000, -0.000000000000000, -0.000000000000000 ) );
#12378 = DIRECTION( '', ( 0.000000000000000, 1.00000000000000, 0.000000000000000 ) );
#12379 = DIRECTION( '', ( -0.000000000000000, -0.000000000000000, -1.00000000000000 ) );
#12380 = DIRECTION( '', ( 0.000000000000000, 1.00000000000000, 0.000000000000000 ) );
#12381 = DIRECTION( '', ( -0.000000000000000, -0.000000000000000, -1.00000000000000 ) );
#12382 = DIRECTION( '', ( 0.000000000000000, 1.00000000000000, 0.000000000000000 ) );
#12383 = DIRECTION( '', ( -0.000000000000000, -0.000000000000000, -1.00000000000000 ) );
#12384 = CARTESIAN_POINT( '', ( 0.0875000000000001, -0.0225000000000000, -0.0875000000000000 ) );
#12385 = DIRECTION( '', ( -1.00000000000000, 0.000000000000000, 0.000000000000000 ) );
#12386 = DIRECTION( '', ( 0.000000000000000, 0.000000000000000, 1.00000000000000 ) );
#12387 = DIRECTION( '', ( 0.000000000000000, -0.707106781186547, -0.707106781186547 ) );
#12388 = DIRECTION( '', ( 0.000000000000000, 1.00000000000000, 0.000000000000000 ) );
#12389 = DIRECTION( '', ( 0.000000000000000, -0.707106781186548, 0.707106781186547 ) );
#12390 = CARTESIAN_POINT( '', ( 0.0875000000000001, -0.0225000000000000, -0.0875000000000000 ) );
#12391 = DIRECTION( '', ( -1.00000000000000, 0.000000000000000, 0.000000000000000 ) );
#12392 = DIRECTION( '', ( 0.000000000000000, 0.000000000000000, 1.00000000000000 ) );
#12393 = DIRECTION( '', ( 0.000000000000000, 0.707106781186546, 0.707106781186549 ) );
#12394 = DIRECTION( '', ( 0.000000000000000, 0.707106781186546, 0.707106781186549 ) );
#12395 = DIRECTION( '', ( -0.0348994967025007, -0.999390827019096, 0.000000000000000 ) );
#12396 = DIRECTION( '', ( -0.529919264233205, -0.848048096156426, 0.000000000000000 ) );
#12397 = DIRECTION( '', ( 1.00000000000000, 0.000000000000000, 0.000000000000000 ) );
#12398 = DIRECTION( '', ( 0.000000000000000, 1.00000000000000, 0.000000000000000 ) );
#12399 = DIRECTION( '', ( 1.00000000000000, 0.000000000000000, 0.000000000000000 ) );
#12400 = DIRECTION( '', ( -0.000000000000000, 1.00000000000000, 0.000000000000000 ) );
#12401 = DIRECTION( '', ( -1.00000000000000, -0.000000000000000, -0.000000000000000 ) );
#12402 = DIRECTION( '', ( 0.000000000000000, -1.00000000000000, 0.000000000000000 ) );
#12403 = DIRECTION( '', ( 0.000000000000000, 0.000000000000000, -1.00000000000000 ) );
#12404 = DIRECTION( '', ( -0.000000000000000, -1.00000000000000, -0.000000000000000 ) );
#12405 = DIRECTION( '', ( -0.000000000000000, -0.000000000000000, -1.00000000000000 ) );
#12406 = DIRECTION( '', ( 0.000000000000000, -1.00000000000000, 0.000000000000000 ) );
#12407 = CARTESIAN_POINT( '', ( -0.187500000000000, -0.0225000000000000, -0.0875000000000000 ) );
#12408 = DIRECTION( '', ( 1.00000000000000, 0.000000000000000, -0.000000000000000 ) );
#12409 = DIRECTION( '', ( -0.000000000000000, 0.000000000000000, -1.00000000000000 ) );
#12410 = CARTESIAN_POINT( '', ( -0.212500000000000, -0.0225000000000000, -0.0875000000000000 ) );
#12411 = DIRECTION( '', ( 1.00000000000000, 0.000000000000000, 0.000000000000000 ) );
#12412 = DIRECTION( '', ( 0.000000000000000, 0.000000000000000, -1.00000000000000 ) );
#12413 = CARTESIAN_POINT( '', ( -0.187500000000000, -0.122500000000000, 0.0125000000000000 ) );
#12414 = DIRECTION( '', ( 1.00000000000000, 0.000000000000000, -0.000000000000000 ) );
#12415 = DIRECTION( '', ( -0.000000000000000, 0.000000000000000, -1.00000000000000 ) );
#12416 = CARTESIAN_POINT( '', ( -0.212500000000000, -0.122500000000000, 0.0125000000000000 ) );
#12417 = DIRECTION( '', ( 1.00000000000000, 0.000000000000000, 0.000000000000000 ) );
#12418 = DIRECTION( '', ( 0.000000000000000, 0.000000000000000, -1.00000000000000 ) );
#12419 = DIRECTION( '', ( -1.00000000000000, -0.000000000000000, -0.000000000000000 ) );
#12420 = DIRECTION( '', ( -1.00000000000000, -0.000000000000000, -0.000000000000000 ) );
#12421 = DIRECTION( '', ( 0.000000000000000, -7.22711109434991E-17, 1.00000000000000 ) );
#12422 = DIRECTION( '', ( -1.00000000000000, -0.000000000000000, -0.000000000000000 ) );
#12423 = DIRECTION( '', ( 0.000000000000000, 0.000000000000000, -1.00000000000000 ) );
#12424 = DIRECTION( '', ( 0.000000000000000, 1.00000000000000, 0.000000000000000 ) );
#12425 = DIRECTION( '', ( 0.000000000000000, 0.000000000000000, -1.00000000000000 ) );
#12426 = DIRECTION( '', ( 0.000000000000000, 1.00000000000000, 0.000000000000000 ) );
#12427 = DIRECTION( '', ( 0.000000000000000, -7.22711109434991E-17, 1.00000000000000 ) );
#12428 = DIRECTION( '', ( -1.00000000000000, -0.000000000000000, -0.000000000000000 ) );
#12429 = DIRECTION( '', ( -1.00000000000000, -0.000000000000000, -0.000000000000000 ) );
#12430 = DIRECTION( '', ( 1.00000000000000, 0.000000000000000, 0.000000000000000 ) );
#12431 = DIRECTION( '', ( 0.000000000000000, 1.00000000000000, 0.000000000000000 ) );
#12432 = DIRECTION( '', ( 1.00000000000000, 0.000000000000000, 0.000000000000000 ) );
#12433 = DIRECTION( '', ( 0.000000000000000, 1.00000000000000, 0.000000000000000 ) );
#12434 = DIRECTION( '', ( 0.000000000000000, 0.000000000000000, -1.00000000000000 ) );
#12435 = DIRECTION( '', ( 0.000000000000000, -1.00000000000000, 0.000000000000000 ) );
#12436 = DIRECTION( '', ( 0.000000000000000, -3.41480999208033E-16, -1.00000000000000 ) );
#12437 = DIRECTION( '', ( 0.000000000000000, -0.707106781186545, -0.707106781186549 ) );
#12438 = DIRECTION( '', ( -0.0348994967025008, -0.999390827019096, 0.000000000000000 ) );
#12439 = DIRECTION( '', ( -0.000000000000000, -0.000000000000000, -1.00000000000000 ) );
#12440 = DIRECTION( '', ( -0.000000000000000, -0.000000000000000, -1.00000000000000 ) );
#12441 = DIRECTION( '', ( -1.00000000000000, -0.000000000000000, -0.000000000000000 ) );
#12442 = DIRECTION( '', ( 0.000000000000000, -0.707106781186546, 0.707106781186549 ) );
#12443 = DIRECTION( '', ( 0.000000000000000, 0.707106781186545, -0.707106781186549 ) );
#12444 = CARTESIAN_POINT( '', ( -0.0875000000000000, -0.122500000000000, 0.0125000000000000 ) );
#12445 = DIRECTION( '', ( 1.00000000000000, 0.000000000000000, -0.000000000000000 ) );
#12446 = DIRECTION( '', ( -0.000000000000000, 0.000000000000000, -1.00000000000000 ) );
#12447 = DIRECTION( '', ( -0.000000000000000, 1.00000000000000, 0.000000000000000 ) );
#12448 = DIRECTION( '', ( -0.000000000000000, -0.000000000000000, -1.00000000000000 ) );
#12449 = CARTESIAN_POINT( '', ( 0.212500000000000, -0.0225000000000000, -0.0875000000000000 ) );
#12450 = DIRECTION( '', ( 1.00000000000000, 0.000000000000000, 0.000000000000000 ) );
#12451 = DIRECTION( '', ( 0.000000000000000, 0.000000000000000, -1.00000000000000 ) );
#12452 = DIRECTION( '', ( 0.000000000000000, 0.000000000000000, -1.00000000000000 ) );
#12453 = DIRECTION( '', ( 0.000000000000000, 0.707106781186546, 0.707106781186549 ) );
#12454 = DIRECTION( '', ( -1.00000000000000, 0.000000000000000, 0.000000000000000 ) );
#12455 = DIRECTION( '', ( 0.000000000000000, 1.00000000000000, 0.000000000000000 ) );
#12456 = DIRECTION( '', ( -1.00000000000000, 0.000000000000000, 0.000000000000000 ) );
#12457 = DIRECTION( '', ( 0.529919264233205, 0.848048096156426, 0.000000000000000 ) );
#12458 = DIRECTION( '', ( 0.0348994967025007, 0.999390827019096, 0.000000000000000 ) );
#12459 = DIRECTION( '', ( 0.000000000000000, -0.707106781186545, 0.707106781186549 ) );
#12460 = DIRECTION( '', ( -1.00000000000000, -0.000000000000000, -0.000000000000000 ) );
#12461 = DIRECTION( '', ( -0.000000000000000, -0.000000000000000, -1.00000000000000 ) );
#12462 = DIRECTION( '', ( -0.000000000000000, -0.000000000000000, -1.00000000000000 ) );
#12463 = DIRECTION( '', ( 0.000000000000000, -1.13826999736011E-16, -1.00000000000000 ) );
#12464 = DIRECTION( '', ( -1.00000000000000, -0.000000000000000, -0.000000000000000 ) );
#12465 = DIRECTION( '', ( -0.000000000000000, -0.000000000000000, -1.00000000000000 ) );
#12466 = DIRECTION( '', ( -0.000000000000000, -0.000000000000000, -1.00000000000000 ) );
#12467 = DIRECTION( '', ( -1.00000000000000, -0.000000000000000, -0.000000000000000 ) );
#12468 = DIRECTION( '', ( -1.00000000000000, -0.000000000000000, -0.000000000000000 ) );
#12469 = DIRECTION( '', ( -1.00000000000000, -0.000000000000000, -0.000000000000000 ) );
#12470 = DIRECTION( '', ( 0.000000000000000, -1.13826999736011E-16, -1.00000000000000 ) );
#12471 = DIRECTION( '', ( -1.00000000000000, -0.000000000000000, -0.000000000000000 ) );
#12472 = DIRECTION( '', ( -0.000000000000000, -0.000000000000000, -1.00000000000000 ) );
#12473 = DIRECTION( '', ( -0.000000000000000, -0.000000000000000, -1.00000000000000 ) );
#12474 = DIRECTION( '', ( -1.00000000000000, -0.000000000000000, -0.000000000000000 ) );
#12475 = DIRECTION( '', ( -0.000000000000000, -0.000000000000000, -1.00000000000000 ) );
#12476 = DIRECTION( '', ( -1.00000000000000, -0.000000000000000, -0.000000000000000 ) );
#12477 = DIRECTION( '', ( -1.00000000000000, -0.000000000000000, -0.000000000000000 ) );
#12478 = DIRECTION( '', ( -1.00000000000000, -0.000000000000000, -0.000000000000000 ) );
#12479 = DIRECTION( '', ( 0.000000000000000, 0.000000000000000, 1.00000000000000 ) );
#12480 = DIRECTION( '', ( 0.000000000000000, -0.707106781186546, 0.707106781186549 ) );
#12481 = DIRECTION( '', ( 0.000000000000000, 3.41480999208033E-16, 1.00000000000000 ) );
#12482 = DIRECTION( '', ( 0.000000000000000, -0.707106781186545, 0.707106781186549 ) );
#12483 = DIRECTION( '', ( 0.000000000000000, 0.000000000000000, 1.00000000000000 ) );
#12484 = DIRECTION( '', ( 0.000000000000000, 1.00000000000000, 0.000000000000000 ) );
#12485 = DIRECTION( '', ( 0.000000000000000, 0.000000000000000, 1.00000000000000 ) );
#12486 = DIRECTION( '', ( 0.000000000000000, 1.00000000000000, 0.000000000000000 ) );
#12487 = DIRECTION( '', ( 0.000000000000000, 0.000000000000000, -1.00000000000000 ) );
#12488 = DIRECTION( '', ( 0.000000000000000, 0.000000000000000, -1.00000000000000 ) );
#12489 = DIRECTION( '', ( 0.000000000000000, 1.00000000000000, 0.000000000000000 ) );
#12490 = DIRECTION( '', ( 0.000000000000000, 0.707106781186545, 0.707106781186549 ) );
#12491 = DIRECTION( '', ( 0.000000000000000, 1.00000000000000, 0.000000000000000 ) );
#12492 = DIRECTION( '', ( 0.000000000000000, 0.707106781186548, -0.707106781186547 ) );
#12493 = DIRECTION( '', ( 0.000000000000000, 1.25314128149737E-16, -1.00000000000000 ) );
#12494 = DIRECTION( '', ( 0.000000000000000, -1.00000000000000, 0.000000000000000 ) );
#12495 = DIRECTION( '', ( 0.000000000000000, -7.22711109434991E-17, 1.00000000000000 ) );
#12496 = DIRECTION( '', ( 0.000000000000000, 0.707106781186547, 0.707106781186547 ) );
#12497 = DIRECTION( '', ( 0.000000000000000, 0.707106781186546, -0.707106781186549 ) );
#12498 = DIRECTION( '', ( 0.000000000000000, 0.000000000000000, -1.00000000000000 ) );
#12499 = DIRECTION( '', ( 0.000000000000000, -0.707106781186545, 0.707106781186549 ) );
#12500 = DIRECTION( '', ( 0.000000000000000, 3.41480999208033E-16, 1.00000000000000 ) );
#12501 = DIRECTION( '', ( 0.000000000000000, 0.000000000000000, 1.00000000000000 ) );
#12502 = DIRECTION( '', ( 0.000000000000000, 1.00000000000000, 0.000000000000000 ) );
#12503 = DIRECTION( '', ( 0.000000000000000, 0.000000000000000, 1.00000000000000 ) );
#12504 = DIRECTION( '', ( 0.000000000000000, -1.00000000000000, 0.000000000000000 ) );
#12505 = CARTESIAN_POINT( '', ( 0.187500000000000, -0.122500000000000, 0.0125000000000000 ) );
#12506 = DIRECTION( '', ( -1.00000000000000, 0.000000000000000, 0.000000000000000 ) );
#12507 = DIRECTION( '', ( 0.000000000000000, 0.000000000000000, 1.00000000000000 ) );
#12508 = DIRECTION( '', ( 0.000000000000000, -0.707106781186547, -0.707106781186547 ) );
#12509 = DIRECTION( '', ( 0.000000000000000, 1.00000000000000, 0.000000000000000 ) );
#12510 = DIRECTION( '', ( 0.000000000000000, -0.707106781186545, 0.707106781186549 ) );
#12511 = DIRECTION( '', ( -1.00000000000000, 0.000000000000000, 0.000000000000000 ) );
#12512 = DIRECTION( '', ( 1.00000000000000, 0.000000000000000, 0.000000000000000 ) );
#12513 = DIRECTION( '', ( -0.000000000000000, -1.00000000000000, -0.000000000000000 ) );
#12514 = DIRECTION( '', ( -1.00000000000000, 0.000000000000000, 0.000000000000000 ) );
#12515 = DIRECTION( '', ( 1.00000000000000, 0.000000000000000, 0.000000000000000 ) );
#12516 = DIRECTION( '', ( 0.000000000000000, 1.00000000000000, 0.000000000000000 ) );
#12517 = DIRECTION( '', ( 0.000000000000000, 0.000000000000000, 1.00000000000000 ) );
#12518 = DIRECTION( '', ( 0.000000000000000, 1.00000000000000, 0.000000000000000 ) );
#12519 = DIRECTION( '', ( -0.000000000000000, -0.000000000000000, -1.00000000000000 ) );
#12520 = DIRECTION( '', ( 0.000000000000000, -7.22711109434991E-17, 1.00000000000000 ) );
#12521 = DIRECTION( '', ( -1.00000000000000, -0.000000000000000, -0.000000000000000 ) );
#12522 = DIRECTION( '', ( 0.000000000000000, -1.00000000000000, 0.000000000000000 ) );
#12523 = DIRECTION( '', ( -0.000000000000000, -0.000000000000000, -1.00000000000000 ) );
#12524 = DIRECTION( '', ( 0.000000000000000, -1.00000000000000, 0.000000000000000 ) );
#12525 = DIRECTION( '', ( 0.000000000000000, 0.000000000000000, -1.00000000000000 ) );
#12526 = DIRECTION( '', ( -1.00000000000000, -0.000000000000000, -0.000000000000000 ) );
#12527 = DIRECTION( '', ( 0.000000000000000, 3.41480999208033E-16, 1.00000000000000 ) );
#12528 = DIRECTION( '', ( 0.000000000000000, 0.707106781186546, -0.707106781186549 ) );
#12529 = DIRECTION( '', ( -1.00000000000000, -0.000000000000000, -0.000000000000000 ) );
#12530 = DIRECTION( '', ( 0.000000000000000, -1.00000000000000, 0.000000000000000 ) );
#12531 = CARTESIAN_POINT( '', ( -0.112500000000000, -0.122500000000000, 0.0125000000000000 ) );
#12532 = DIRECTION( '', ( -1.00000000000000, 0.000000000000000, 0.000000000000000 ) );
#12533 = DIRECTION( '', ( 0.000000000000000, 0.000000000000000, 1.00000000000000 ) );
#12534 = DIRECTION( '', ( 0.000000000000000, 0.000000000000000, -1.00000000000000 ) );
#12535 = DIRECTION( '', ( -1.00000000000000, -0.000000000000000, -0.000000000000000 ) );
#12536 = DIRECTION( '', ( 0.000000000000000, 0.000000000000000, 1.00000000000000 ) );
#12537 = DIRECTION( '', ( 0.000000000000000, -1.00000000000000, 0.000000000000000 ) );
#12538 = DIRECTION( '', ( 0.000000000000000, 1.00000000000000, 0.000000000000000 ) );
#12539 = DIRECTION( '', ( -0.529919264233205, 0.848048096156426, 0.000000000000000 ) );
#12540 = DIRECTION( '', ( -0.000000000000000, -0.000000000000000, -1.00000000000000 ) );
#12541 = DIRECTION( '', ( -1.00000000000000, -0.000000000000000, -0.000000000000000 ) );
#12542 = DIRECTION( '', ( -0.529919264233205, 0.848048096156426, 0.000000000000000 ) );
#12543 = DIRECTION( '', ( -0.0348994967025008, -0.999390827019096, 0.000000000000000 ) );
#12544 = DIRECTION( '', ( -0.529919264233205, -0.848048096156426, 0.000000000000000 ) );
#12545 = DIRECTION( '', ( 1.00000000000000, 0.000000000000000, 0.000000000000000 ) );
#12546 = DIRECTION( '', ( 1.00000000000000, 0.000000000000000, 0.000000000000000 ) );
#12547 = DIRECTION( '', ( 1.00000000000000, 0.000000000000000, 0.000000000000000 ) );
#12548 = CARTESIAN_POINT( '', ( 0.112500000000000, -0.122500000000000, 0.0125000000000000 ) );
#12549 = DIRECTION( '', ( 1.00000000000000, 0.000000000000000, -0.000000000000000 ) );
#12550 = DIRECTION( '', ( -0.000000000000000, 0.000000000000000, -1.00000000000000 ) );
#12551 = DIRECTION( '', ( -1.00000000000000, -0.000000000000000, -0.000000000000000 ) );
#12552 = DIRECTION( '', ( 0.000000000000000, -1.00000000000000, 0.000000000000000 ) );
#12553 = DIRECTION( '', ( 0.000000000000000, 0.000000000000000, 1.00000000000000 ) );
#12554 = DIRECTION( '', ( 0.000000000000000, 0.000000000000000, -1.00000000000000 ) );
#12555 = CARTESIAN_POINT( '', ( 0.0125000000000000, -0.122500000000000, 0.0125000000000000 ) );
#12556 = DIRECTION( '', ( 1.00000000000000, 0.000000000000000, -0.000000000000000 ) );
#12557 = DIRECTION( '', ( -0.000000000000000, 0.000000000000000, -1.00000000000000 ) );
#12558 = DIRECTION( '', ( -1.00000000000000, -0.000000000000000, -0.000000000000000 ) );
#12559 = DIRECTION( '', ( 0.000000000000000, 0.000000000000000, 1.00000000000000 ) );
#12560 = DIRECTION( '', ( 0.000000000000000, 0.000000000000000, -1.00000000000000 ) );
#12561 = DIRECTION( '', ( 0.000000000000000, 1.00000000000000, 0.000000000000000 ) );
#12562 = DIRECTION( '', ( 0.000000000000000, -1.00000000000000, 0.000000000000000 ) );
#12563 = DIRECTION( '', ( 0.000000000000000, 0.707106781186547, 0.707106781186547 ) );
#12564 = DIRECTION( '', ( -1.00000000000000, 0.000000000000000, 0.000000000000000 ) );
#12565 = DIRECTION( '', ( -0.000000000000000, -1.00000000000000, -0.000000000000000 ) );
#12566 = DIRECTION( '', ( 1.00000000000000, 0.000000000000000, 0.000000000000000 ) );
#12567 = DIRECTION( '', ( -1.00000000000000, -0.000000000000000, -0.000000000000000 ) );
#12568 = DIRECTION( '', ( -1.00000000000000, -0.000000000000000, -0.000000000000000 ) );
#12569 = DIRECTION( '', ( 0.000000000000000, -1.00000000000000, 0.000000000000000 ) );
#12570 = DIRECTION( '', ( -0.0348994967025013, 0.999390827019096, 0.000000000000000 ) );
#12571 = DIRECTION( '', ( -0.000000000000000, -0.000000000000000, -1.00000000000000 ) );
#12572 = DIRECTION( '', ( -0.000000000000000, -0.000000000000000, -1.00000000000000 ) );
#12573 = DIRECTION( '', ( 0.000000000000000, 0.000000000000000, 1.00000000000000 ) );
#12574 = DIRECTION( '', ( -0.000000000000000, -0.000000000000000, -1.00000000000000 ) );
#12575 = DIRECTION( '', ( 0.000000000000000, 0.000000000000000, 1.00000000000000 ) );
#12576 = DIRECTION( '', ( 0.000000000000000, 1.00000000000000, 0.000000000000000 ) );
#12577 = DIRECTION( '', ( 0.000000000000000, -1.00000000000000, 0.000000000000000 ) );
#12578 = DIRECTION( '', ( 0.000000000000000, 0.000000000000000, -1.00000000000000 ) );
#12579 = DIRECTION( '', ( -1.00000000000000, -0.000000000000000, -0.000000000000000 ) );
#12580 = DIRECTION( '', ( 0.000000000000000, -1.00000000000000, 0.000000000000000 ) );
#12581 = DIRECTION( '', ( -1.00000000000000, 0.000000000000000, 0.000000000000000 ) );
#12582 = DIRECTION( '', ( -1.00000000000000, 0.000000000000000, 0.000000000000000 ) );
#12583 = DIRECTION( '', ( 0.000000000000000, -3.41480999208033E-16, -1.00000000000000 ) );
#12584 = DIRECTION( '', ( -1.00000000000000, -0.000000000000000, -0.000000000000000 ) );
#12585 = CARTESIAN_POINT( '', ( 0.212500000000000, -0.122500000000000, 0.0125000000000000 ) );
#12586 = DIRECTION( '', ( 1.00000000000000, 0.000000000000000, 0.000000000000000 ) );
#12587 = DIRECTION( '', ( 0.000000000000000, 0.000000000000000, -1.00000000000000 ) );
#12588 = DIRECTION( '', ( 0.000000000000000, 0.707106781186545, -0.707106781186549 ) );
#12589 = DIRECTION( '', ( 0.000000000000000, 0.000000000000000, -1.00000000000000 ) );
#12590 = DIRECTION( '', ( 0.000000000000000, 0.000000000000000, -1.00000000000000 ) );
#12591 = DIRECTION( '', ( 0.000000000000000, 0.000000000000000, -1.00000000000000 ) );
#12592 = DIRECTION( '', ( -0.000000000000000, -1.00000000000000, -0.000000000000000 ) );
#12593 = DIRECTION( '', ( 0.000000000000000, 0.000000000000000, 1.00000000000000 ) );
#12594 = DIRECTION( '', ( -1.00000000000000, 0.000000000000000, 0.000000000000000 ) );
#12595 = DIRECTION( '', ( 0.000000000000000, 0.000000000000000, -1.00000000000000 ) );
#12596 = DIRECTION( '', ( 0.000000000000000, 0.000000000000000, 1.00000000000000 ) );
#12597 = DIRECTION( '', ( 0.000000000000000, 0.000000000000000, -1.00000000000000 ) );
#12598 = DIRECTION( '', ( -1.00000000000000, 0.000000000000000, 0.000000000000000 ) );
#12599 = DIRECTION( '', ( -1.00000000000000, -0.000000000000000, -0.000000000000000 ) );
#12600 = DIRECTION( '', ( -0.000000000000000, -0.000000000000000, -1.00000000000000 ) );
#12601 = DIRECTION( '', ( -1.00000000000000, 0.000000000000000, 0.000000000000000 ) );
#12602 = DIRECTION( '', ( -0.000000000000000, -0.000000000000000, -1.00000000000000 ) );
#12603 = DIRECTION( '', ( -1.00000000000000, 0.000000000000000, 0.000000000000000 ) );
#12604 = DIRECTION( '', ( -1.00000000000000, 0.000000000000000, 0.000000000000000 ) );
#12605 = DIRECTION( '', ( -0.000000000000000, -0.000000000000000, -1.00000000000000 ) );
#12606 = DIRECTION( '', ( -1.00000000000000, 0.000000000000000, 0.000000000000000 ) );
#12607 = DIRECTION( '', ( -0.000000000000000, -0.000000000000000, -1.00000000000000 ) );
#12608 = DIRECTION( '', ( -1.00000000000000, -0.000000000000000, -0.000000000000000 ) );
#12609 = DIRECTION( '', ( 1.00000000000000, 0.000000000000000, 0.000000000000000 ) );
#12610 = DIRECTION( '', ( -1.00000000000000, -0.000000000000000, -0.000000000000000 ) );
#12611 = DIRECTION( '', ( 1.00000000000000, 0.000000000000000, 0.000000000000000 ) );
#12612 = DIRECTION( '', ( -0.000000000000000, -0.000000000000000, -1.00000000000000 ) );
#12613 = DIRECTION( '', ( -1.00000000000000, -0.000000000000000, -0.000000000000000 ) );
#12614 = DIRECTION( '', ( -0.000000000000000, -0.000000000000000, -1.00000000000000 ) );
#12615 = DIRECTION( '', ( 0.000000000000000, 0.000000000000000, 1.00000000000000 ) );
#12616 = DIRECTION( '', ( -1.00000000000000, -0.000000000000000, -0.000000000000000 ) );
#12617 = DIRECTION( '', ( 0.000000000000000, 0.000000000000000, -1.00000000000000 ) );
#12618 = DIRECTION( '', ( 1.00000000000000, 0.000000000000000, 0.000000000000000 ) );
#12619 = DIRECTION( '', ( 0.000000000000000, 0.707106781186545, 0.707106781186549 ) );
#12620 = DIRECTION( '', ( 1.00000000000000, 0.000000000000000, 0.000000000000000 ) );
#12621 = DIRECTION( '', ( 0.000000000000000, 0.000000000000000, -1.00000000000000 ) );
#12622 = DIRECTION( '', ( -0.529919264233204, -0.848048096156426, 0.000000000000000 ) );
#12623 = DIRECTION( '', ( -0.000000000000000, -0.000000000000000, -1.00000000000000 ) );
#12624 = DIRECTION( '', ( 0.000000000000000, 0.000000000000000, 1.00000000000000 ) );
#12625 = DIRECTION( '', ( 0.000000000000000, 1.00000000000000, 0.000000000000000 ) );
#12626 = DIRECTION( '', ( 0.000000000000000, 1.25314128149737E-16, -1.00000000000000 ) );
#12627 = DIRECTION( '', ( 0.000000000000000, 0.707106781186545, 0.707106781186549 ) );
#12628 = DIRECTION( '', ( 0.000000000000000, 3.41480999208033E-16, 1.00000000000000 ) );
#12629 = DIRECTION( '', ( 0.000000000000000, -0.707106781186545, 0.707106781186549 ) );
#12630 = DIRECTION( '', ( 0.000000000000000, 0.000000000000000, -1.00000000000000 ) );
#12631 = DIRECTION( '', ( 0.000000000000000, 0.707106781186545, -0.707106781186549 ) );
#12632 = DIRECTION( '', ( 0.000000000000000, 0.707106781186547, 0.707106781186547 ) );
#12633 = DIRECTION( '', ( -1.00000000000000, -0.000000000000000, -0.000000000000000 ) );
#12634 = DIRECTION( '', ( 0.000000000000000, 1.00000000000000, 0.000000000000000 ) );
#12635 = DIRECTION( '', ( -1.00000000000000, -0.000000000000000, -0.000000000000000 ) );
#12636 = DIRECTION( '', ( 0.000000000000000, 0.707106781186547, 0.707106781186547 ) );
#12637 = DIRECTION( '', ( -1.00000000000000, 0.000000000000000, 0.000000000000000 ) );
#12638 = DIRECTION( '', ( -0.0348994967025008, -0.999390827019096, 0.000000000000000 ) );
#12639 = DIRECTION( '', ( -0.529919264233205, -0.848048096156426, 0.000000000000000 ) );
#12640 = DIRECTION( '', ( 1.00000000000000, 0.000000000000000, 0.000000000000000 ) );
#12641 = DIRECTION( '', ( 0.000000000000000, 1.00000000000000, 0.000000000000000 ) );
#12642 = DIRECTION( '', ( 0.000000000000000, 1.00000000000000, 0.000000000000000 ) );
#12643 = DIRECTION( '', ( 1.00000000000000, 0.000000000000000, 0.000000000000000 ) );
#12644 = DIRECTION( '', ( 0.000000000000000, 0.000000000000000, -1.00000000000000 ) );
#12645 = DIRECTION( '', ( 0.000000000000000, 1.00000000000000, 0.000000000000000 ) );
#12646 = DIRECTION( '', ( 0.000000000000000, 0.000000000000000, 1.00000000000000 ) );
#12647 = DIRECTION( '', ( 0.000000000000000, 0.000000000000000, 1.00000000000000 ) );
#12648 = DIRECTION( '', ( -0.000000000000000, -0.000000000000000, -1.00000000000000 ) );
#12649 = DIRECTION( '', ( 1.00000000000000, 0.000000000000000, 0.000000000000000 ) );
#12650 = DIRECTION( '', ( -1.00000000000000, 0.000000000000000, 0.000000000000000 ) );
#12651 = DIRECTION( '', ( 0.000000000000000, -1.00000000000000, 0.000000000000000 ) );
#12652 = DIRECTION( '', ( 1.00000000000000, 0.000000000000000, 0.000000000000000 ) );
#12653 = DIRECTION( '', ( -0.000000000000000, -0.000000000000000, -1.00000000000000 ) );
#12654 = DIRECTION( '', ( -1.00000000000000, -0.000000000000000, -0.000000000000000 ) );
#12655 = DIRECTION( '', ( -1.00000000000000, 0.000000000000000, 0.000000000000000 ) );
#12656 = DIRECTION( '', ( -1.00000000000000, -0.000000000000000, -0.000000000000000 ) );
#12657 = DIRECTION( '', ( -0.000000000000000, -0.000000000000000, -1.00000000000000 ) );
#12658 = DIRECTION( '', ( -0.000000000000000, -0.000000000000000, -1.00000000000000 ) );
#12659 = DIRECTION( '', ( -1.00000000000000, -0.000000000000000, -0.000000000000000 ) );
#12660 = DIRECTION( '', ( -0.000000000000000, -0.000000000000000, -1.00000000000000 ) );
#12661 = DIRECTION( '', ( 0.000000000000000, -1.00000000000000, 0.000000000000000 ) );
#12662 = DIRECTION( '', ( -1.00000000000000, -0.000000000000000, -0.000000000000000 ) );
#12663 = DIRECTION( '', ( 0.000000000000000, -1.00000000000000, 0.000000000000000 ) );
#12664 = DIRECTION( '', ( 0.000000000000000, -1.00000000000000, 0.000000000000000 ) );
#12665 = DIRECTION( '', ( 0.000000000000000, 1.25314128149737E-16, -1.00000000000000 ) );
#12666 = DIRECTION( '', ( 0.000000000000000, 0.707106781186548, -0.707106781186547 ) );
#12667 = DIRECTION( '', ( 0.000000000000000, -1.00000000000000, 0.000000000000000 ) );
#12668 = DIRECTION( '', ( 0.000000000000000, -1.00000000000000, 0.000000000000000 ) );
#12669 = DIRECTION( '', ( -1.00000000000000, -0.000000000000000, -0.000000000000000 ) );
#12670 = DIRECTION( '', ( 0.000000000000000, -1.00000000000000, 0.000000000000000 ) );
#12671 = DIRECTION( '', ( 0.000000000000000, 0.707106781186545, -0.707106781186549 ) );
#12672 = DIRECTION( '', ( -1.00000000000000, -0.000000000000000, -0.000000000000000 ) );
#12673 = DIRECTION( '', ( -1.00000000000000, -0.000000000000000, -0.000000000000000 ) );
#12674 = DIRECTION( '', ( 0.000000000000000, -0.707106781186545, 0.707106781186549 ) );
#12675 = DIRECTION( '', ( 0.000000000000000, 1.00000000000000, 0.000000000000000 ) );
#12676 = DIRECTION( '', ( -0.000000000000000, -0.000000000000000, -1.00000000000000 ) );
#12677 = DIRECTION( '', ( 0.000000000000000, 3.41480999208033E-16, 1.00000000000000 ) );
#12678 = DIRECTION( '', ( 0.000000000000000, 0.707106781186545, -0.707106781186549 ) );
#12679 = DIRECTION( '', ( 0.000000000000000, -1.00000000000000, 0.000000000000000 ) );
#12680 = DIRECTION( '', ( -1.00000000000000, -0.000000000000000, -0.000000000000000 ) );
#12681 = DIRECTION( '', ( -1.00000000000000, -0.000000000000000, -0.000000000000000 ) );
#12682 = DIRECTION( '', ( 0.000000000000000, 0.707106781186547, 0.707106781186547 ) );
#12683 = DIRECTION( '', ( -1.00000000000000, -0.000000000000000, -0.000000000000000 ) );
#12684 = DIRECTION( '', ( -0.000000000000000, -1.00000000000000, -0.000000000000000 ) );
#12685 = DIRECTION( '', ( 0.000000000000000, 0.000000000000000, -1.00000000000000 ) );
#12686 = DIRECTION( '', ( -0.000000000000000, -0.000000000000000, -1.00000000000000 ) );
#12687 = DIRECTION( '', ( -0.000000000000000, -0.000000000000000, -1.00000000000000 ) );
#12688 = DIRECTION( '', ( -1.00000000000000, 0.000000000000000, 0.000000000000000 ) );
#12689 = DIRECTION( '', ( -1.00000000000000, 0.000000000000000, 0.000000000000000 ) );
#12690 = DIRECTION( '', ( 0.000000000000000, 1.00000000000000, 0.000000000000000 ) );
#12691 = CARTESIAN_POINT( '', ( 0.212500000000000, -0.0225000000000000, -0.0875000000000000 ) );
#12692 = DIRECTION( '', ( 1.00000000000000, 0.000000000000000, 0.000000000000000 ) );
#12693 = DIRECTION( '', ( 0.000000000000000, 0.000000000000000, -1.00000000000000 ) );
#12694 = DIRECTION( '', ( -1.00000000000000, -0.000000000000000, -0.000000000000000 ) );
#12695 = DIRECTION( '', ( -1.00000000000000, 0.000000000000000, 0.000000000000000 ) );
#12696 = DIRECTION( '', ( -0.529919264233205, 0.848048096156426, 0.000000000000000 ) );
#12697 = DIRECTION( '', ( -0.000000000000000, -0.000000000000000, -1.00000000000000 ) );
#12698 = DIRECTION( '', ( -1.00000000000000, 0.000000000000000, 0.000000000000000 ) );
#12699 = DIRECTION( '', ( 0.000000000000000, 0.000000000000000, -1.00000000000000 ) );
#12700 = DIRECTION( '', ( 0.000000000000000, 0.707106781186547, 0.707106781186547 ) );
#12701 = DIRECTION( '', ( -0.000000000000000, 1.00000000000000, 0.000000000000000 ) );
#12702 = DIRECTION( '', ( 0.000000000000000, 0.000000000000000, 1.00000000000000 ) );
#12703 = DIRECTION( '', ( -0.000000000000000, -0.000000000000000, -1.00000000000000 ) );
#12704 = DIRECTION( '', ( -0.000000000000000, -0.000000000000000, -1.00000000000000 ) );
#12705 = DIRECTION( '', ( 1.00000000000000, 0.000000000000000, 1.06712812252510E-16 ) );
#12706 = DIRECTION( '', ( 0.000000000000000, 1.00000000000000, 0.000000000000000 ) );
#12707 = DIRECTION( '', ( 1.00000000000000, 0.000000000000000, 0.000000000000000 ) );
#12708 = DIRECTION( '', ( 0.000000000000000, 1.00000000000000, 0.000000000000000 ) );
#12709 = DIRECTION( '', ( -0.000000000000000, 1.00000000000000, 0.000000000000000 ) );
#12710 = DIRECTION( '', ( 1.00000000000000, 0.000000000000000, 0.000000000000000 ) );
#12711 = DIRECTION( '', ( 0.000000000000000, 1.00000000000000, 0.000000000000000 ) );
#12712 = DIRECTION( '', ( 1.00000000000000, 0.000000000000000, 0.000000000000000 ) );
#12713 = DIRECTION( '', ( 0.000000000000000, 1.00000000000000, 0.000000000000000 ) );
#12714 = DIRECTION( '', ( 1.00000000000000, 0.000000000000000, 0.000000000000000 ) );
#12715 = DIRECTION( '', ( -1.00000000000000, -0.000000000000000, -0.000000000000000 ) );
#12716 = DIRECTION( '', ( 0.000000000000000, -1.00000000000000, 0.000000000000000 ) );
#12717 = DIRECTION( '', ( -1.00000000000000, 0.000000000000000, 0.000000000000000 ) );
#12718 = DIRECTION( '', ( 0.000000000000000, 0.000000000000000, 1.00000000000000 ) );
#12719 = DIRECTION( '', ( 0.000000000000000, -0.906183139995265, 0.422885465331124 ) );
#12720 = DIRECTION( '', ( -1.00000000000000, -0.000000000000000, -0.000000000000000 ) );
#12721 = DIRECTION( '', ( -0.000000000000000, -0.000000000000000, -1.00000000000000 ) );
#12722 = DIRECTION( '', ( 1.00000000000000, 0.000000000000000, 0.000000000000000 ) );
#12723 = DIRECTION( '', ( 0.000000000000000, 1.00000000000000, 0.000000000000000 ) );
#12724 = DIRECTION( '', ( 1.00000000000000, 0.000000000000000, 0.000000000000000 ) );
#12725 = DIRECTION( '', ( 1.00000000000000, 0.000000000000000, 0.000000000000000 ) );
#12726 = DIRECTION( '', ( 0.000000000000000, -1.00000000000000, 0.000000000000000 ) );
#12727 = DIRECTION( '', ( 0.000000000000000, 0.000000000000000, -1.00000000000000 ) );
#12728 = DIRECTION( '', ( 0.000000000000000, 0.000000000000000, 1.00000000000000 ) );
#12729 = DIRECTION( '', ( 0.000000000000000, 0.000000000000000, 1.00000000000000 ) );
#12730 = DIRECTION( '', ( 0.000000000000000, 0.707106781186546, -0.707106781186549 ) );
#12731 = DIRECTION( '', ( 0.000000000000000, 1.00000000000000, 0.000000000000000 ) );
#12732 = DIRECTION( '', ( 0.000000000000000, -0.707106781186545, 0.707106781186549 ) );
#12733 = DIRECTION( '', ( -1.00000000000000, -0.000000000000000, -0.000000000000000 ) );
#12734 = DIRECTION( '', ( 0.000000000000000, 0.000000000000000, 1.00000000000000 ) );
#12735 = DIRECTION( '', ( 0.000000000000000, 0.000000000000000, 1.00000000000000 ) );
#12736 = DIRECTION( '', ( 0.000000000000000, 0.000000000000000, -1.00000000000000 ) );
#12737 = DIRECTION( '', ( 0.000000000000000, 0.000000000000000, -1.00000000000000 ) );
#12738 = DIRECTION( '', ( 0.000000000000000, 0.000000000000000, -1.00000000000000 ) );
#12739 = DIRECTION( '', ( 0.000000000000000, 0.000000000000000, 1.00000000000000 ) );
ENDSEC;
END-ISO-10303-21;
