ISO-10303-21;
HEADER;
FILE_DESCRIPTION( ( 'STEP AP214' ), '1' );
FILE_NAME( 'p:/temp/worker_105/temp/exporttempdir_3580_734_hIi2C/format_0/IPL1-103-01-L-D-RA-K.stp', '2019-10-22T18:06:05', ( '' ), ( '' ), ' ', 'PARTsolutions', ' ' );
FILE_SCHEMA( ( 'AUTOMOTIVE_DESIGN { 1 0 10303 214 1 1 1 1 }' ) );
ENDSEC;
DATA;
#1 = PRODUCT_DEFINITION_CONTEXT( '', #18, 'design' );
#2 = APPLICATION_PROTOCOL_DEFINITION( 'international standard', 'automotive_design', 2001, #18 );
#3 = PRODUCT_CATEGORY_RELATIONSHIP( 'NONE', 'NONE', #19, #20 );
#4 = SHAPE_DEFINITION_REPRESENTATION( #21, #22 );
#5 = PRODUCT_CATEGORY_RELATIONSHIP( 'NONE', 'NONE', #19, #23 );
#6 = CONTEXT_DEPENDENT_SHAPE_REPRESENTATION( #24, #25 );
#7 = SHAPE_DEFINITION_REPRESENTATION( #26, #27 );
#8 = SHAPE_REPRESENTATION_RELATIONSHIP( 'NONE', 'NONE', #27, #28 );
#9 = PRODUCT_CATEGORY_RELATIONSHIP( 'NONE', 'NONE', #19, #29 );
#10 = CONTEXT_DEPENDENT_SHAPE_REPRESENTATION( #30, #31 );
#11 = SHAPE_DEFINITION_REPRESENTATION( #32, #33 );
#12 = SHAPE_REPRESENTATION_RELATIONSHIP( 'NONE', 'NONE', #33, #34 );
#13 = MECHANICAL_DESIGN_GEOMETRIC_PRESENTATION_REPRESENTATION( ' ', ( #35, #36, #37, #38, #39, #40, #41, #42, #43, #44, #45, #46, #47, #48, #49, #50, #51, #52, #53, #54, #55, #56, #57, #58, #59, #60, #61, #62, #63, #64, #65, #66, #67, #68, #69, #70, #71, #72, #73, #74, #75, #76, #77, #78, #79, #80, #81, #82, #83, #84, #85, #86, #87, #88, #89, #90, #91, #92, #93, #94, #95, #96, #97, #98, #99, #100, #101, #102, #103, #104, #105, #106, #107, #108, #109, #110, #111, #112, #113, #114, #115, #116, #117, #118, #119, #120, #121, #122, #123, #124, #125, #126, #127, #128, #129, #130, #131, #132, #133, #134, #135, #136, #137, #138, #139, #140, #141, #142, #143, #144, #145, #146, #147, #148, #149, #150, #151, #152, #153, #154, #155, #156, #157, #158, #159, #160, #161, #162, #163, #164, #165, #166, #167, #168, #169, #170, #171, #172, #173, #174, #175, #176, #177, #178, #179, #180, #181, #182, #183, #184, #185, #186, #187, #188, #189, #190, #191, #192, #193, #194, #195, #196, #197, #198, #199, #200, #201, #202, #203, #204, #205, #206, #207, #208, #209, #210, #211, #212, #213, #214, #215, #216, #217, #218, #219, #220, #221, #222, #223, #224, #225, #226, #227, #228, #229, #230, #231, #232, #233, #234, #235 ), #14 );
#14 =  ( GEOMETRIC_REPRESENTATION_CONTEXT( 3 )GLOBAL_UNCERTAINTY_ASSIGNED_CONTEXT( ( #238 ) )GLOBAL_UNIT_ASSIGNED_CONTEXT( ( #240, #241, #242 ) )REPRESENTATION_CONTEXT( 'NONE', 'WORKSPACE' ) );
#18 = APPLICATION_CONTEXT( 'core data for automotive mechanical design processes' );
#19 = PRODUCT_CATEGORY( 'part', 'NONE' );
#20 = PRODUCT_RELATED_PRODUCT_CATEGORY( 'detail', ' ', ( #244 ) );
#21 = PRODUCT_DEFINITION_SHAPE( 'NONE', 'NONE', #245 );
#22 = SHAPE_REPRESENTATION( 'IPL1-103-01-L-D-RA-K', ( #246, #247, #248 ), #249 );
#23 = PRODUCT_RELATED_PRODUCT_CATEGORY( 'detail', ' ', ( #250 ) );
#24 = ( REPRESENTATION_RELATIONSHIP( '', '', #27, #22 )REPRESENTATION_RELATIONSHIP_WITH_TRANSFORMATION( #253 )SHAPE_REPRESENTATION_RELATIONSHIP(  ) );
#25 = PRODUCT_DEFINITION_SHAPE( 'NAUO-PROD-DEF', 'NAUO-PROD-DEF', #255 );
#26 = PRODUCT_DEFINITION_SHAPE( 'NONE', 'NONE', #256 );
#27 = SHAPE_REPRESENTATION( '_IPL1-103-01-D-RA-K_header', ( #246 ), #249 );
#28 = ADVANCED_BREP_SHAPE_REPRESENTATION( '_IPL1-103-01-D-RA-K_header', ( #257 ), #14 );
#29 = PRODUCT_RELATED_PRODUCT_CATEGORY( 'detail', ' ', ( #258 ) );
#30 = ( REPRESENTATION_RELATIONSHIP( '', '', #33, #22 )REPRESENTATION_RELATIONSHIP_WITH_TRANSFORMATION( #261 )SHAPE_REPRESENTATION_RELATIONSHIP(  ) );
#31 = PRODUCT_DEFINITION_SHAPE( 'NAUO-PROD-DEF', 'NAUO-PROD-DEF', #263 );
#32 = PRODUCT_DEFINITION_SHAPE( 'NONE', 'NONE', #264 );
#33 = SHAPE_REPRESENTATION( '_T-1S64-01-03-D-RA', ( #246 ), #249 );
#34 = ADVANCED_BREP_SHAPE_REPRESENTATION( '_T-1S64-01-03-D-RA', ( #265 ), #14 );
#35 = STYLED_ITEM( '', ( #266 ), #267 );
#36 = STYLED_ITEM( '', ( #268 ), #269 );
#37 = STYLED_ITEM( '', ( #270 ), #271 );
#38 = STYLED_ITEM( '', ( #272 ), #273 );
#39 = STYLED_ITEM( '', ( #274 ), #275 );
#40 = STYLED_ITEM( '', ( #276 ), #277 );
#41 = STYLED_ITEM( '', ( #278 ), #279 );
#42 = STYLED_ITEM( '', ( #280 ), #281 );
#43 = STYLED_ITEM( '', ( #282 ), #283 );
#44 = STYLED_ITEM( '', ( #284 ), #285 );
#45 = STYLED_ITEM( '', ( #286 ), #287 );
#46 = STYLED_ITEM( '', ( #288 ), #289 );
#47 = STYLED_ITEM( '', ( #290 ), #291 );
#48 = STYLED_ITEM( '', ( #292 ), #293 );
#49 = STYLED_ITEM( '', ( #294 ), #295 );
#50 = STYLED_ITEM( '', ( #296 ), #297 );
#51 = STYLED_ITEM( '', ( #298 ), #299 );
#52 = STYLED_ITEM( '', ( #300 ), #301 );
#53 = STYLED_ITEM( '', ( #302 ), #303 );
#54 = STYLED_ITEM( '', ( #304 ), #305 );
#55 = STYLED_ITEM( '', ( #306 ), #307 );
#56 = STYLED_ITEM( '', ( #308 ), #309 );
#57 = STYLED_ITEM( '', ( #310 ), #311 );
#58 = STYLED_ITEM( '', ( #312 ), #313 );
#59 = STYLED_ITEM( '', ( #314 ), #315 );
#60 = STYLED_ITEM( '', ( #316 ), #317 );
#61 = STYLED_ITEM( '', ( #318 ), #319 );
#62 = STYLED_ITEM( '', ( #320 ), #321 );
#63 = STYLED_ITEM( '', ( #322 ), #323 );
#64 = STYLED_ITEM( '', ( #324 ), #325 );
#65 = STYLED_ITEM( '', ( #326 ), #327 );
#66 = STYLED_ITEM( '', ( #328 ), #329 );
#67 = STYLED_ITEM( '', ( #330 ), #331 );
#68 = STYLED_ITEM( '', ( #332 ), #333 );
#69 = STYLED_ITEM( '', ( #334 ), #335 );
#70 = STYLED_ITEM( '', ( #336 ), #337 );
#71 = STYLED_ITEM( '', ( #338 ), #339 );
#72 = STYLED_ITEM( '', ( #340 ), #341 );
#73 = STYLED_ITEM( '', ( #342 ), #343 );
#74 = STYLED_ITEM( '', ( #344 ), #345 );
#75 = STYLED_ITEM( '', ( #346 ), #347 );
#76 = STYLED_ITEM( '', ( #348 ), #349 );
#77 = STYLED_ITEM( '', ( #350 ), #351 );
#78 = STYLED_ITEM( '', ( #352 ), #353 );
#79 = STYLED_ITEM( '', ( #354 ), #355 );
#80 = STYLED_ITEM( '', ( #356 ), #357 );
#81 = STYLED_ITEM( '', ( #358 ), #359 );
#82 = STYLED_ITEM( '', ( #360 ), #361 );
#83 = STYLED_ITEM( '', ( #362 ), #363 );
#84 = STYLED_ITEM( '', ( #364 ), #365 );
#85 = STYLED_ITEM( '', ( #366 ), #367 );
#86 = STYLED_ITEM( '', ( #368 ), #369 );
#87 = STYLED_ITEM( '', ( #370 ), #371 );
#88 = STYLED_ITEM( '', ( #372 ), #373 );
#89 = STYLED_ITEM( '', ( #374 ), #375 );
#90 = STYLED_ITEM( '', ( #376 ), #377 );
#91 = STYLED_ITEM( '', ( #378 ), #379 );
#92 = STYLED_ITEM( '', ( #380 ), #381 );
#93 = STYLED_ITEM( '', ( #382 ), #383 );
#94 = STYLED_ITEM( '', ( #384 ), #385 );
#95 = STYLED_ITEM( '', ( #386 ), #387 );
#96 = STYLED_ITEM( '', ( #388 ), #389 );
#97 = STYLED_ITEM( '', ( #390 ), #391 );
#98 = STYLED_ITEM( '', ( #392 ), #393 );
#99 = STYLED_ITEM( '', ( #394 ), #395 );
#100 = STYLED_ITEM( '', ( #396 ), #397 );
#101 = STYLED_ITEM( '', ( #398 ), #399 );
#102 = STYLED_ITEM( '', ( #400 ), #401 );
#103 = STYLED_ITEM( '', ( #402 ), #403 );
#104 = STYLED_ITEM( '', ( #404 ), #405 );
#105 = STYLED_ITEM( '', ( #406 ), #407 );
#106 = STYLED_ITEM( '', ( #408 ), #409 );
#107 = STYLED_ITEM( '', ( #410 ), #411 );
#108 = STYLED_ITEM( '', ( #412 ), #413 );
#109 = STYLED_ITEM( '', ( #414 ), #415 );
#110 = STYLED_ITEM( '', ( #416 ), #417 );
#111 = STYLED_ITEM( '', ( #418 ), #419 );
#112 = STYLED_ITEM( '', ( #420 ), #421 );
#113 = STYLED_ITEM( '', ( #422 ), #423 );
#114 = STYLED_ITEM( '', ( #424 ), #425 );
#115 = STYLED_ITEM( '', ( #426 ), #427 );
#116 = STYLED_ITEM( '', ( #428 ), #429 );
#117 = STYLED_ITEM( '', ( #430 ), #431 );
#118 = STYLED_ITEM( '', ( #432 ), #433 );
#119 = STYLED_ITEM( '', ( #434 ), #435 );
#120 = STYLED_ITEM( '', ( #436 ), #437 );
#121 = STYLED_ITEM( '', ( #438 ), #439 );
#122 = STYLED_ITEM( '', ( #440 ), #441 );
#123 = STYLED_ITEM( '', ( #442 ), #443 );
#124 = STYLED_ITEM( '', ( #444 ), #445 );
#125 = STYLED_ITEM( '', ( #446 ), #447 );
#126 = STYLED_ITEM( '', ( #448 ), #449 );
#127 = STYLED_ITEM( '', ( #450 ), #451 );
#128 = STYLED_ITEM( '', ( #452 ), #453 );
#129 = STYLED_ITEM( '', ( #454 ), #455 );
#130 = STYLED_ITEM( '', ( #456 ), #457 );
#131 = STYLED_ITEM( '', ( #458 ), #459 );
#132 = STYLED_ITEM( '', ( #460 ), #461 );
#133 = STYLED_ITEM( '', ( #462 ), #463 );
#134 = STYLED_ITEM( '', ( #464 ), #465 );
#135 = STYLED_ITEM( '', ( #466 ), #467 );
#136 = STYLED_ITEM( '', ( #468 ), #469 );
#137 = STYLED_ITEM( '', ( #470 ), #471 );
#138 = STYLED_ITEM( '', ( #472 ), #473 );
#139 = STYLED_ITEM( '', ( #474 ), #475 );
#140 = STYLED_ITEM( '', ( #476 ), #477 );
#141 = STYLED_ITEM( '', ( #478 ), #479 );
#142 = STYLED_ITEM( '', ( #480 ), #481 );
#143 = STYLED_ITEM( '', ( #482 ), #483 );
#144 = STYLED_ITEM( '', ( #484 ), #485 );
#145 = STYLED_ITEM( '', ( #486 ), #487 );
#146 = STYLED_ITEM( '', ( #488 ), #489 );
#147 = STYLED_ITEM( '', ( #490 ), #491 );
#148 = STYLED_ITEM( '', ( #492 ), #493 );
#149 = STYLED_ITEM( '', ( #494 ), #495 );
#150 = STYLED_ITEM( '', ( #496 ), #497 );
#151 = STYLED_ITEM( '', ( #498 ), #499 );
#152 = STYLED_ITEM( '', ( #500 ), #501 );
#153 = STYLED_ITEM( '', ( #502 ), #503 );
#154 = STYLED_ITEM( '', ( #504 ), #505 );
#155 = STYLED_ITEM( '', ( #506 ), #507 );
#156 = STYLED_ITEM( '', ( #508 ), #509 );
#157 = STYLED_ITEM( '', ( #510 ), #511 );
#158 = STYLED_ITEM( '', ( #512 ), #513 );
#159 = STYLED_ITEM( '', ( #514 ), #515 );
#160 = STYLED_ITEM( '', ( #516 ), #517 );
#161 = STYLED_ITEM( '', ( #518 ), #519 );
#162 = STYLED_ITEM( '', ( #520 ), #521 );
#163 = STYLED_ITEM( '', ( #522 ), #523 );
#164 = STYLED_ITEM( '', ( #524 ), #525 );
#165 = STYLED_ITEM( '', ( #526 ), #527 );
#166 = STYLED_ITEM( '', ( #528 ), #529 );
#167 = STYLED_ITEM( '', ( #530 ), #531 );
#168 = STYLED_ITEM( '', ( #532 ), #533 );
#169 = STYLED_ITEM( '', ( #534 ), #535 );
#170 = STYLED_ITEM( '', ( #536 ), #537 );
#171 = STYLED_ITEM( '', ( #538 ), #539 );
#172 = STYLED_ITEM( '', ( #540 ), #541 );
#173 = STYLED_ITEM( '', ( #542 ), #543 );
#174 = STYLED_ITEM( '', ( #544 ), #545 );
#175 = STYLED_ITEM( '', ( #546 ), #547 );
#176 = STYLED_ITEM( '', ( #548 ), #549 );
#177 = STYLED_ITEM( '', ( #550 ), #551 );
#178 = STYLED_ITEM( '', ( #552 ), #553 );
#179 = STYLED_ITEM( '', ( #554 ), #555 );
#180 = STYLED_ITEM( '', ( #556 ), #557 );
#181 = STYLED_ITEM( '', ( #558 ), #559 );
#182 = STYLED_ITEM( '', ( #560 ), #561 );
#183 = STYLED_ITEM( '', ( #562 ), #563 );
#184 = STYLED_ITEM( '', ( #564 ), #565 );
#185 = STYLED_ITEM( '', ( #566 ), #567 );
#186 = STYLED_ITEM( '', ( #568 ), #569 );
#187 = STYLED_ITEM( '', ( #570 ), #571 );
#188 = STYLED_ITEM( '', ( #572 ), #573 );
#189 = STYLED_ITEM( '', ( #574 ), #575 );
#190 = STYLED_ITEM( '', ( #576 ), #577 );
#191 = STYLED_ITEM( '', ( #578 ), #579 );
#192 = STYLED_ITEM( '', ( #580 ), #581 );
#193 = STYLED_ITEM( '', ( #582 ), #583 );
#194 = STYLED_ITEM( '', ( #584 ), #585 );
#195 = STYLED_ITEM( '', ( #586 ), #587 );
#196 = STYLED_ITEM( '', ( #588 ), #589 );
#197 = STYLED_ITEM( '', ( #590 ), #591 );
#198 = STYLED_ITEM( '', ( #592 ), #593 );
#199 = STYLED_ITEM( '', ( #594 ), #595 );
#200 = STYLED_ITEM( '', ( #596 ), #597 );
#201 = STYLED_ITEM( '', ( #598 ), #599 );
#202 = STYLED_ITEM( '', ( #600 ), #601 );
#203 = STYLED_ITEM( '', ( #602 ), #603 );
#204 = STYLED_ITEM( '', ( #604 ), #605 );
#205 = STYLED_ITEM( '', ( #606 ), #607 );
#206 = STYLED_ITEM( '', ( #608 ), #609 );
#207 = STYLED_ITEM( '', ( #610 ), #611 );
#208 = STYLED_ITEM( '', ( #612 ), #613 );
#209 = STYLED_ITEM( '', ( #614 ), #615 );
#210 = STYLED_ITEM( '', ( #616 ), #617 );
#211 = STYLED_ITEM( '', ( #618 ), #619 );
#212 = STYLED_ITEM( '', ( #620 ), #621 );
#213 = STYLED_ITEM( '', ( #622 ), #623 );
#214 = STYLED_ITEM( '', ( #624 ), #625 );
#215 = STYLED_ITEM( '', ( #626 ), #627 );
#216 = STYLED_ITEM( '', ( #628 ), #629 );
#217 = STYLED_ITEM( '', ( #630 ), #631 );
#218 = STYLED_ITEM( '', ( #632 ), #633 );
#219 = STYLED_ITEM( '', ( #634 ), #635 );
#220 = STYLED_ITEM( '', ( #636 ), #637 );
#221 = STYLED_ITEM( '', ( #638 ), #639 );
#222 = STYLED_ITEM( '', ( #640 ), #641 );
#223 = STYLED_ITEM( '', ( #642 ), #643 );
#224 = STYLED_ITEM( '', ( #644 ), #645 );
#225 = STYLED_ITEM( '', ( #646 ), #647 );
#226 = STYLED_ITEM( '', ( #648 ), #649 );
#227 = STYLED_ITEM( '', ( #650 ), #651 );
#228 = STYLED_ITEM( '', ( #652 ), #653 );
#229 = STYLED_ITEM( '', ( #654 ), #655 );
#230 = STYLED_ITEM( '', ( #656 ), #657 );
#231 = STYLED_ITEM( '', ( #658 ), #659 );
#232 = STYLED_ITEM( '', ( #660 ), #661 );
#233 = STYLED_ITEM( '', ( #662 ), #663 );
#234 = STYLED_ITEM( '', ( #664 ), #665 );
#235 = STYLED_ITEM( '', ( #666 ), #667 );
#238 = UNCERTAINTY_MEASURE_WITH_UNIT( LENGTH_MEASURE( 3.93701000000000E-05 ), #240, '', '' );
#240 =  ( CONVERSION_BASED_UNIT( 'INCH', #670 )LENGTH_UNIT(  )NAMED_UNIT( #673 ) );
#241 =  ( NAMED_UNIT( #675 )PLANE_ANGLE_UNIT(  )SI_UNIT( $, .RADIAN. ) );
#242 =  ( NAMED_UNIT( #675 )SI_UNIT( $, .STERADIAN. )SOLID_ANGLE_UNIT(  ) );
#244 = PRODUCT( 'IPL1-103-01-L-D-RA-K', 'IPL1-103-01-L-D-RA-K', 'PART-IPL1-103-01-L-D-RA-K-DESC', ( #681 ) );
#245 = PRODUCT_DEFINITION( 'NONE', 'NONE', #682, #1 );
#246 = AXIS2_PLACEMENT_3D( '', #683, #684, #685 );
#247 = AXIS2_PLACEMENT_3D( '', #686, #687, #688 );
#248 = AXIS2_PLACEMENT_3D( '', #689, #690, #691 );
#249 =  ( GEOMETRIC_REPRESENTATION_CONTEXT( 3 )GLOBAL_UNCERTAINTY_ASSIGNED_CONTEXT( ( #694 ) )GLOBAL_UNIT_ASSIGNED_CONTEXT( ( #696, #697, #698 ) )REPRESENTATION_CONTEXT( 'NONE', 'WORKSPACE' ) );
#250 = PRODUCT( '_IPL1-103-01-D-RA-K_header', '_IPL1-103-01-D-RA-K_header', 'PART-_IPL1-103-01-D-RA-K_header-DESC', ( #681 ) );
#253 = ITEM_DEFINED_TRANSFORMATION( '', '', #246, #247 );
#255 = NEXT_ASSEMBLY_USAGE_OCCURRENCE( 'NAUO1', '_IPL1-103-01-D-RA-K_header', '_IPL1-103-01-D-RA-K_header', #245, #256, $ );
#256 = PRODUCT_DEFINITION( '_IPL1-103-01-D-RA-K_header', '_IPL1-103-01-D-RA-K_header', #700, #1 );
#257 = MANIFOLD_SOLID_BREP( '_IPL1-103-01-D-RA-K_header', #701 );
#258 = PRODUCT( '_T-1S64-01-03-D-RA', '_T-1S64-01-03-D-RA', 'PART-_T-1S64-01-03-D-RA-DESC', ( #681 ) );
#261 = ITEM_DEFINED_TRANSFORMATION( '', '', #246, #248 );
#263 = NEXT_ASSEMBLY_USAGE_OCCURRENCE( 'NAUO2', '_T-1S64-01-03-D-RA', '_T-1S64-01-03-D-RA', #245, #264, $ );
#264 = PRODUCT_DEFINITION( '_T-1S64-01-03-D-RA', '_T-1S64-01-03-D-RA', #702, #1 );
#265 = MANIFOLD_SOLID_BREP( '_T-1S64-01-03-D-RA', #703 );
#266 = PRESENTATION_STYLE_ASSIGNMENT( ( #704 ) );
#267 = ADVANCED_FACE( '', ( #705 ), #706, .F. );
#268 = PRESENTATION_STYLE_ASSIGNMENT( ( #707 ) );
#269 = ADVANCED_FACE( '', ( #708 ), #709, .F. );
#270 = PRESENTATION_STYLE_ASSIGNMENT( ( #710 ) );
#271 = ADVANCED_FACE( '', ( #711 ), #712, .T. );
#272 = PRESENTATION_STYLE_ASSIGNMENT( ( #713 ) );
#273 = ADVANCED_FACE( '', ( #714 ), #715, .T. );
#274 = PRESENTATION_STYLE_ASSIGNMENT( ( #716 ) );
#275 = ADVANCED_FACE( '', ( #717 ), #718, .F. );
#276 = PRESENTATION_STYLE_ASSIGNMENT( ( #719 ) );
#277 = ADVANCED_FACE( '', ( #720 ), #721, .T. );
#278 = PRESENTATION_STYLE_ASSIGNMENT( ( #722 ) );
#279 = ADVANCED_FACE( '', ( #723 ), #724, .T. );
#280 = PRESENTATION_STYLE_ASSIGNMENT( ( #725 ) );
#281 = ADVANCED_FACE( '', ( #726 ), #727, .T. );
#282 = PRESENTATION_STYLE_ASSIGNMENT( ( #728 ) );
#283 = ADVANCED_FACE( '', ( #729 ), #730, .T. );
#284 = PRESENTATION_STYLE_ASSIGNMENT( ( #731 ) );
#285 = ADVANCED_FACE( '', ( #732 ), #733, .T. );
#286 = PRESENTATION_STYLE_ASSIGNMENT( ( #734 ) );
#287 = ADVANCED_FACE( '', ( #735 ), #736, .F. );
#288 = PRESENTATION_STYLE_ASSIGNMENT( ( #737 ) );
#289 = ADVANCED_FACE( '', ( #738 ), #739, .F. );
#290 = PRESENTATION_STYLE_ASSIGNMENT( ( #740 ) );
#291 = ADVANCED_FACE( '', ( #741 ), #742, .F. );
#292 = PRESENTATION_STYLE_ASSIGNMENT( ( #743 ) );
#293 = ADVANCED_FACE( '', ( #744 ), #745, .T. );
#294 = PRESENTATION_STYLE_ASSIGNMENT( ( #746 ) );
#295 = ADVANCED_FACE( '', ( #747 ), #748, .T. );
#296 = PRESENTATION_STYLE_ASSIGNMENT( ( #749 ) );
#297 = ADVANCED_FACE( '', ( #750 ), #751, .F. );
#298 = PRESENTATION_STYLE_ASSIGNMENT( ( #752 ) );
#299 = ADVANCED_FACE( '', ( #753 ), #754, .T. );
#300 = PRESENTATION_STYLE_ASSIGNMENT( ( #755 ) );
#301 = ADVANCED_FACE( '', ( #756 ), #757, .T. );
#302 = PRESENTATION_STYLE_ASSIGNMENT( ( #758 ) );
#303 = ADVANCED_FACE( '', ( #759 ), #760, .F. );
#304 = PRESENTATION_STYLE_ASSIGNMENT( ( #761 ) );
#305 = ADVANCED_FACE( '', ( #762 ), #763, .F. );
#306 = PRESENTATION_STYLE_ASSIGNMENT( ( #764 ) );
#307 = ADVANCED_FACE( '', ( #765 ), #766, .T. );
#308 = PRESENTATION_STYLE_ASSIGNMENT( ( #767 ) );
#309 = ADVANCED_FACE( '', ( #768 ), #769, .T. );
#310 = PRESENTATION_STYLE_ASSIGNMENT( ( #770 ) );
#311 = ADVANCED_FACE( '', ( #771 ), #772, .T. );
#312 = PRESENTATION_STYLE_ASSIGNMENT( ( #773 ) );
#313 = ADVANCED_FACE( '', ( #774 ), #775, .T. );
#314 = PRESENTATION_STYLE_ASSIGNMENT( ( #776 ) );
#315 = ADVANCED_FACE( '', ( #777 ), #778, .F. );
#316 = PRESENTATION_STYLE_ASSIGNMENT( ( #779 ) );
#317 = ADVANCED_FACE( '', ( #780 ), #781, .F. );
#318 = PRESENTATION_STYLE_ASSIGNMENT( ( #782 ) );
#319 = ADVANCED_FACE( '', ( #783 ), #784, .F. );
#320 = PRESENTATION_STYLE_ASSIGNMENT( ( #785 ) );
#321 = ADVANCED_FACE( '', ( #786 ), #787, .F. );
#322 = PRESENTATION_STYLE_ASSIGNMENT( ( #788 ) );
#323 = ADVANCED_FACE( '', ( #789 ), #790, .F. );
#324 = PRESENTATION_STYLE_ASSIGNMENT( ( #791 ) );
#325 = ADVANCED_FACE( '', ( #792 ), #793, .F. );
#326 = PRESENTATION_STYLE_ASSIGNMENT( ( #794 ) );
#327 = ADVANCED_FACE( '', ( #795 ), #796, .T. );
#328 = PRESENTATION_STYLE_ASSIGNMENT( ( #797 ) );
#329 = ADVANCED_FACE( '', ( #798 ), #799, .F. );
#330 = PRESENTATION_STYLE_ASSIGNMENT( ( #800 ) );
#331 = ADVANCED_FACE( '', ( #801 ), #802, .F. );
#332 = PRESENTATION_STYLE_ASSIGNMENT( ( #803 ) );
#333 = ADVANCED_FACE( '', ( #804 ), #805, .T. );
#334 = PRESENTATION_STYLE_ASSIGNMENT( ( #806 ) );
#335 = ADVANCED_FACE( '', ( #807 ), #808, .F. );
#336 = PRESENTATION_STYLE_ASSIGNMENT( ( #809 ) );
#337 = ADVANCED_FACE( '', ( #810 ), #811, .F. );
#338 = PRESENTATION_STYLE_ASSIGNMENT( ( #812 ) );
#339 = ADVANCED_FACE( '', ( #813 ), #814, .F. );
#340 = PRESENTATION_STYLE_ASSIGNMENT( ( #815 ) );
#341 = ADVANCED_FACE( '', ( #816 ), #817, .F. );
#342 = PRESENTATION_STYLE_ASSIGNMENT( ( #818 ) );
#343 = ADVANCED_FACE( '', ( #819 ), #820, .F. );
#344 = PRESENTATION_STYLE_ASSIGNMENT( ( #821 ) );
#345 = ADVANCED_FACE( '', ( #822 ), #823, .F. );
#346 = PRESENTATION_STYLE_ASSIGNMENT( ( #824 ) );
#347 = ADVANCED_FACE( '', ( #825 ), #826, .F. );
#348 = PRESENTATION_STYLE_ASSIGNMENT( ( #827 ) );
#349 = ADVANCED_FACE( '', ( #828 ), #829, .F. );
#350 = PRESENTATION_STYLE_ASSIGNMENT( ( #830 ) );
#351 = ADVANCED_FACE( '', ( #831 ), #832, .F. );
#352 = PRESENTATION_STYLE_ASSIGNMENT( ( #833 ) );
#353 = ADVANCED_FACE( '', ( #834 ), #835, .F. );
#354 = PRESENTATION_STYLE_ASSIGNMENT( ( #836 ) );
#355 = ADVANCED_FACE( '', ( #837 ), #838, .F. );
#356 = PRESENTATION_STYLE_ASSIGNMENT( ( #839 ) );
#357 = ADVANCED_FACE( '', ( #840 ), #841, .F. );
#358 = PRESENTATION_STYLE_ASSIGNMENT( ( #842 ) );
#359 = ADVANCED_FACE( '', ( #843 ), #844, .F. );
#360 = PRESENTATION_STYLE_ASSIGNMENT( ( #845 ) );
#361 = ADVANCED_FACE( '', ( #846 ), #847, .T. );
#362 = PRESENTATION_STYLE_ASSIGNMENT( ( #848 ) );
#363 = ADVANCED_FACE( '', ( #849 ), #850, .F. );
#364 = PRESENTATION_STYLE_ASSIGNMENT( ( #851 ) );
#365 = ADVANCED_FACE( '', ( #852 ), #853, .T. );
#366 = PRESENTATION_STYLE_ASSIGNMENT( ( #854 ) );
#367 = ADVANCED_FACE( '', ( #855 ), #856, .F. );
#368 = PRESENTATION_STYLE_ASSIGNMENT( ( #857 ) );
#369 = ADVANCED_FACE( '', ( #858 ), #859, .T. );
#370 = PRESENTATION_STYLE_ASSIGNMENT( ( #860 ) );
#371 = ADVANCED_FACE( '', ( #861 ), #862, .F. );
#372 = PRESENTATION_STYLE_ASSIGNMENT( ( #863 ) );
#373 = ADVANCED_FACE( '', ( #864 ), #865, .F. );
#374 = PRESENTATION_STYLE_ASSIGNMENT( ( #866 ) );
#375 = ADVANCED_FACE( '', ( #867 ), #868, .F. );
#376 = PRESENTATION_STYLE_ASSIGNMENT( ( #869 ) );
#377 = ADVANCED_FACE( '', ( #870 ), #871, .F. );
#378 = PRESENTATION_STYLE_ASSIGNMENT( ( #872 ) );
#379 = ADVANCED_FACE( '', ( #873 ), #874, .F. );
#380 = PRESENTATION_STYLE_ASSIGNMENT( ( #875 ) );
#381 = ADVANCED_FACE( '', ( #876 ), #877, .T. );
#382 = PRESENTATION_STYLE_ASSIGNMENT( ( #878 ) );
#383 = ADVANCED_FACE( '', ( #879 ), #880, .F. );
#384 = PRESENTATION_STYLE_ASSIGNMENT( ( #881 ) );
#385 = ADVANCED_FACE( '', ( #882 ), #883, .F. );
#386 = PRESENTATION_STYLE_ASSIGNMENT( ( #884 ) );
#387 = ADVANCED_FACE( '', ( #885 ), #886, .F. );
#388 = PRESENTATION_STYLE_ASSIGNMENT( ( #887 ) );
#389 = ADVANCED_FACE( '', ( #888 ), #889, .F. );
#390 = PRESENTATION_STYLE_ASSIGNMENT( ( #890 ) );
#391 = ADVANCED_FACE( '', ( #891 ), #892, .F. );
#392 = PRESENTATION_STYLE_ASSIGNMENT( ( #893 ) );
#393 = ADVANCED_FACE( '', ( #894 ), #895, .F. );
#394 = PRESENTATION_STYLE_ASSIGNMENT( ( #896 ) );
#395 = ADVANCED_FACE( '', ( #897 ), #898, .F. );
#396 = PRESENTATION_STYLE_ASSIGNMENT( ( #899 ) );
#397 = ADVANCED_FACE( '', ( #900 ), #901, .F. );
#398 = PRESENTATION_STYLE_ASSIGNMENT( ( #902 ) );
#399 = ADVANCED_FACE( '', ( #903 ), #904, .F. );
#400 = PRESENTATION_STYLE_ASSIGNMENT( ( #905 ) );
#401 = ADVANCED_FACE( '', ( #906 ), #907, .T. );
#402 = PRESENTATION_STYLE_ASSIGNMENT( ( #908 ) );
#403 = ADVANCED_FACE( '', ( #909 ), #910, .F. );
#404 = PRESENTATION_STYLE_ASSIGNMENT( ( #911 ) );
#405 = ADVANCED_FACE( '', ( #912 ), #913, .T. );
#406 = PRESENTATION_STYLE_ASSIGNMENT( ( #914 ) );
#407 = ADVANCED_FACE( '', ( #915 ), #916, .F. );
#408 = PRESENTATION_STYLE_ASSIGNMENT( ( #917 ) );
#409 = ADVANCED_FACE( '', ( #918 ), #919, .F. );
#410 = PRESENTATION_STYLE_ASSIGNMENT( ( #920 ) );
#411 = ADVANCED_FACE( '', ( #921 ), #922, .T. );
#412 = PRESENTATION_STYLE_ASSIGNMENT( ( #923 ) );
#413 = ADVANCED_FACE( '', ( #924 ), #925, .F. );
#414 = PRESENTATION_STYLE_ASSIGNMENT( ( #926 ) );
#415 = ADVANCED_FACE( '', ( #927 ), #928, .F. );
#416 = PRESENTATION_STYLE_ASSIGNMENT( ( #929 ) );
#417 = ADVANCED_FACE( '', ( #930 ), #931, .F. );
#418 = PRESENTATION_STYLE_ASSIGNMENT( ( #932 ) );
#419 = ADVANCED_FACE( '', ( #933 ), #934, .T. );
#420 = PRESENTATION_STYLE_ASSIGNMENT( ( #935 ) );
#421 = ADVANCED_FACE( '', ( #936 ), #937, .F. );
#422 = PRESENTATION_STYLE_ASSIGNMENT( ( #938 ) );
#423 = ADVANCED_FACE( '', ( #939 ), #940, .F. );
#424 = PRESENTATION_STYLE_ASSIGNMENT( ( #941 ) );
#425 = ADVANCED_FACE( '', ( #942 ), #943, .F. );
#426 = PRESENTATION_STYLE_ASSIGNMENT( ( #944 ) );
#427 = ADVANCED_FACE( '', ( #945 ), #946, .F. );
#428 = PRESENTATION_STYLE_ASSIGNMENT( ( #947 ) );
#429 = ADVANCED_FACE( '', ( #948 ), #949, .T. );
#430 = PRESENTATION_STYLE_ASSIGNMENT( ( #950 ) );
#431 = ADVANCED_FACE( '', ( #951 ), #952, .F. );
#432 = PRESENTATION_STYLE_ASSIGNMENT( ( #953 ) );
#433 = ADVANCED_FACE( '', ( #954 ), #955, .F. );
#434 = PRESENTATION_STYLE_ASSIGNMENT( ( #956 ) );
#435 = ADVANCED_FACE( '', ( #957 ), #958, .T. );
#436 = PRESENTATION_STYLE_ASSIGNMENT( ( #959 ) );
#437 = ADVANCED_FACE( '', ( #960 ), #961, .F. );
#438 = PRESENTATION_STYLE_ASSIGNMENT( ( #962 ) );
#439 = ADVANCED_FACE( '', ( #963 ), #964, .F. );
#440 = PRESENTATION_STYLE_ASSIGNMENT( ( #965 ) );
#441 = ADVANCED_FACE( '', ( #966 ), #967, .F. );
#442 = PRESENTATION_STYLE_ASSIGNMENT( ( #968 ) );
#443 = ADVANCED_FACE( '', ( #969 ), #970, .T. );
#444 = PRESENTATION_STYLE_ASSIGNMENT( ( #971 ) );
#445 = ADVANCED_FACE( '', ( #972 ), #973, .T. );
#446 = PRESENTATION_STYLE_ASSIGNMENT( ( #974 ) );
#447 = ADVANCED_FACE( '', ( #975 ), #976, .T. );
#448 = PRESENTATION_STYLE_ASSIGNMENT( ( #977 ) );
#449 = ADVANCED_FACE( '', ( #978 ), #979, .F. );
#450 = PRESENTATION_STYLE_ASSIGNMENT( ( #980 ) );
#451 = ADVANCED_FACE( '', ( #981 ), #982, .F. );
#452 = PRESENTATION_STYLE_ASSIGNMENT( ( #983 ) );
#453 = ADVANCED_FACE( '', ( #984 ), #985, .F. );
#454 = PRESENTATION_STYLE_ASSIGNMENT( ( #986 ) );
#455 = ADVANCED_FACE( '', ( #987 ), #988, .T. );
#456 = PRESENTATION_STYLE_ASSIGNMENT( ( #989 ) );
#457 = ADVANCED_FACE( '', ( #990 ), #991, .F. );
#458 = PRESENTATION_STYLE_ASSIGNMENT( ( #992 ) );
#459 = ADVANCED_FACE( '', ( #993 ), #994, .T. );
#460 = PRESENTATION_STYLE_ASSIGNMENT( ( #995 ) );
#461 = ADVANCED_FACE( '', ( #996 ), #997, .F. );
#462 = PRESENTATION_STYLE_ASSIGNMENT( ( #998 ) );
#463 = ADVANCED_FACE( '', ( #999 ), #1000, .T. );
#464 = PRESENTATION_STYLE_ASSIGNMENT( ( #1001 ) );
#465 = ADVANCED_FACE( '', ( #1002 ), #1003, .F. );
#466 = PRESENTATION_STYLE_ASSIGNMENT( ( #1004 ) );
#467 = ADVANCED_FACE( '', ( #1005 ), #1006, .F. );
#468 = PRESENTATION_STYLE_ASSIGNMENT( ( #1007 ) );
#469 = ADVANCED_FACE( '', ( #1008 ), #1009, .F. );
#470 = PRESENTATION_STYLE_ASSIGNMENT( ( #1010 ) );
#471 = ADVANCED_FACE( '', ( #1011 ), #1012, .F. );
#472 = PRESENTATION_STYLE_ASSIGNMENT( ( #1013 ) );
#473 = ADVANCED_FACE( '', ( #1014 ), #1015, .F. );
#474 = PRESENTATION_STYLE_ASSIGNMENT( ( #1016 ) );
#475 = ADVANCED_FACE( '', ( #1017 ), #1018, .T. );
#476 = PRESENTATION_STYLE_ASSIGNMENT( ( #1019 ) );
#477 = ADVANCED_FACE( '', ( #1020 ), #1021, .F. );
#478 = PRESENTATION_STYLE_ASSIGNMENT( ( #1022 ) );
#479 = ADVANCED_FACE( '', ( #1023 ), #1024, .F. );
#480 = PRESENTATION_STYLE_ASSIGNMENT( ( #1025 ) );
#481 = ADVANCED_FACE( '', ( #1026 ), #1027, .T. );
#482 = PRESENTATION_STYLE_ASSIGNMENT( ( #1028 ) );
#483 = ADVANCED_FACE( '', ( #1029 ), #1030, .T. );
#484 = PRESENTATION_STYLE_ASSIGNMENT( ( #1031 ) );
#485 = ADVANCED_FACE( '', ( #1032 ), #1033, .F. );
#486 = PRESENTATION_STYLE_ASSIGNMENT( ( #1034 ) );
#487 = ADVANCED_FACE( '', ( #1035 ), #1036, .T. );
#488 = PRESENTATION_STYLE_ASSIGNMENT( ( #1037 ) );
#489 = ADVANCED_FACE( '', ( #1038 ), #1039, .F. );
#490 = PRESENTATION_STYLE_ASSIGNMENT( ( #1040 ) );
#491 = ADVANCED_FACE( '', ( #1041 ), #1042, .F. );
#492 = PRESENTATION_STYLE_ASSIGNMENT( ( #1043 ) );
#493 = ADVANCED_FACE( '', ( #1044 ), #1045, .F. );
#494 = PRESENTATION_STYLE_ASSIGNMENT( ( #1046 ) );
#495 = ADVANCED_FACE( '', ( #1047 ), #1048, .F. );
#496 = PRESENTATION_STYLE_ASSIGNMENT( ( #1049 ) );
#497 = ADVANCED_FACE( '', ( #1050 ), #1051, .T. );
#498 = PRESENTATION_STYLE_ASSIGNMENT( ( #1052 ) );
#499 = ADVANCED_FACE( '', ( #1053 ), #1054, .F. );
#500 = PRESENTATION_STYLE_ASSIGNMENT( ( #1055 ) );
#501 = ADVANCED_FACE( '', ( #1056 ), #1057, .F. );
#502 = PRESENTATION_STYLE_ASSIGNMENT( ( #1058 ) );
#503 = ADVANCED_FACE( '', ( #1059 ), #1060, .T. );
#504 = PRESENTATION_STYLE_ASSIGNMENT( ( #1061 ) );
#505 = ADVANCED_FACE( '', ( #1062 ), #1063, .T. );
#506 = PRESENTATION_STYLE_ASSIGNMENT( ( #1064 ) );
#507 = ADVANCED_FACE( '', ( #1065 ), #1066, .F. );
#508 = PRESENTATION_STYLE_ASSIGNMENT( ( #1067 ) );
#509 = ADVANCED_FACE( '', ( #1068 ), #1069, .F. );
#510 = PRESENTATION_STYLE_ASSIGNMENT( ( #1070 ) );
#511 = ADVANCED_FACE( '', ( #1071 ), #1072, .T. );
#512 = PRESENTATION_STYLE_ASSIGNMENT( ( #1073 ) );
#513 = ADVANCED_FACE( '', ( #1074 ), #1075, .F. );
#514 = PRESENTATION_STYLE_ASSIGNMENT( ( #1076 ) );
#515 = ADVANCED_FACE( '', ( #1077 ), #1078, .F. );
#516 = PRESENTATION_STYLE_ASSIGNMENT( ( #1079 ) );
#517 = ADVANCED_FACE( '', ( #1080 ), #1081, .T. );
#518 = PRESENTATION_STYLE_ASSIGNMENT( ( #1082 ) );
#519 = ADVANCED_FACE( '', ( #1083 ), #1084, .F. );
#520 = PRESENTATION_STYLE_ASSIGNMENT( ( #1085 ) );
#521 = ADVANCED_FACE( '', ( #1086 ), #1087, .F. );
#522 = PRESENTATION_STYLE_ASSIGNMENT( ( #1088 ) );
#523 = ADVANCED_FACE( '', ( #1089 ), #1090, .F. );
#524 = PRESENTATION_STYLE_ASSIGNMENT( ( #1091 ) );
#525 = ADVANCED_FACE( '', ( #1092 ), #1093, .F. );
#526 = PRESENTATION_STYLE_ASSIGNMENT( ( #1094 ) );
#527 = ADVANCED_FACE( '', ( #1095 ), #1096, .T. );
#528 = PRESENTATION_STYLE_ASSIGNMENT( ( #1097 ) );
#529 = ADVANCED_FACE( '', ( #1098 ), #1099, .F. );
#530 = PRESENTATION_STYLE_ASSIGNMENT( ( #1100 ) );
#531 = ADVANCED_FACE( '', ( #1101 ), #1102, .F. );
#532 = PRESENTATION_STYLE_ASSIGNMENT( ( #1103 ) );
#533 = ADVANCED_FACE( '', ( #1104 ), #1105, .F. );
#534 = PRESENTATION_STYLE_ASSIGNMENT( ( #1106 ) );
#535 = ADVANCED_FACE( '', ( #1107 ), #1108, .T. );
#536 = PRESENTATION_STYLE_ASSIGNMENT( ( #1109 ) );
#537 = ADVANCED_FACE( '', ( #1110 ), #1111, .T. );
#538 = PRESENTATION_STYLE_ASSIGNMENT( ( #1112 ) );
#539 = ADVANCED_FACE( '', ( #1113 ), #1114, .F. );
#540 = PRESENTATION_STYLE_ASSIGNMENT( ( #1115 ) );
#541 = ADVANCED_FACE( '', ( #1116, #1117 ), #1118, .F. );
#542 = PRESENTATION_STYLE_ASSIGNMENT( ( #1119 ) );
#543 = ADVANCED_FACE( '', ( #1120 ), #1121, .F. );
#544 = PRESENTATION_STYLE_ASSIGNMENT( ( #1122 ) );
#545 = ADVANCED_FACE( '', ( #1123 ), #1124, .F. );
#546 = PRESENTATION_STYLE_ASSIGNMENT( ( #1125 ) );
#547 = ADVANCED_FACE( '', ( #1126 ), #1127, .F. );
#548 = PRESENTATION_STYLE_ASSIGNMENT( ( #1128 ) );
#549 = ADVANCED_FACE( '', ( #1129 ), #1130, .F. );
#550 = PRESENTATION_STYLE_ASSIGNMENT( ( #1131 ) );
#551 = ADVANCED_FACE( '', ( #1132 ), #1133, .F. );
#552 = PRESENTATION_STYLE_ASSIGNMENT( ( #1134 ) );
#553 = ADVANCED_FACE( '', ( #1135 ), #1136, .T. );
#554 = PRESENTATION_STYLE_ASSIGNMENT( ( #1137 ) );
#555 = ADVANCED_FACE( '', ( #1138 ), #1139, .F. );
#556 = PRESENTATION_STYLE_ASSIGNMENT( ( #1140 ) );
#557 = ADVANCED_FACE( '', ( #1141 ), #1142, .F. );
#558 = PRESENTATION_STYLE_ASSIGNMENT( ( #1143 ) );
#559 = ADVANCED_FACE( '', ( #1144 ), #1145, .T. );
#560 = PRESENTATION_STYLE_ASSIGNMENT( ( #1146 ) );
#561 = ADVANCED_FACE( '', ( #1147 ), #1148, .F. );
#562 = PRESENTATION_STYLE_ASSIGNMENT( ( #1149 ) );
#563 = ADVANCED_FACE( '', ( #1150 ), #1151, .T. );
#564 = PRESENTATION_STYLE_ASSIGNMENT( ( #1152 ) );
#565 = ADVANCED_FACE( '', ( #1153 ), #1154, .F. );
#566 = PRESENTATION_STYLE_ASSIGNMENT( ( #1155 ) );
#567 = ADVANCED_FACE( '', ( #1156 ), #1157, .F. );
#568 = PRESENTATION_STYLE_ASSIGNMENT( ( #1158 ) );
#569 = ADVANCED_FACE( '', ( #1159 ), #1160, .F. );
#570 = PRESENTATION_STYLE_ASSIGNMENT( ( #1161 ) );
#571 = ADVANCED_FACE( '', ( #1162 ), #1163, .F. );
#572 = PRESENTATION_STYLE_ASSIGNMENT( ( #1164 ) );
#573 = ADVANCED_FACE( '', ( #1165 ), #1166, .T. );
#574 = PRESENTATION_STYLE_ASSIGNMENT( ( #1167 ) );
#575 = ADVANCED_FACE( '', ( #1168 ), #1169, .T. );
#576 = PRESENTATION_STYLE_ASSIGNMENT( ( #1170 ) );
#577 = ADVANCED_FACE( '', ( #1171 ), #1172, .F. );
#578 = PRESENTATION_STYLE_ASSIGNMENT( ( #1173 ) );
#579 = ADVANCED_FACE( '', ( #1174 ), #1175, .F. );
#580 = PRESENTATION_STYLE_ASSIGNMENT( ( #1176 ) );
#581 = ADVANCED_FACE( '', ( #1177 ), #1178, .T. );
#582 = PRESENTATION_STYLE_ASSIGNMENT( ( #1179 ) );
#583 = ADVANCED_FACE( '', ( #1180 ), #1181, .F. );
#584 = PRESENTATION_STYLE_ASSIGNMENT( ( #1182 ) );
#585 = ADVANCED_FACE( '', ( #1183 ), #1184, .T. );
#586 = PRESENTATION_STYLE_ASSIGNMENT( ( #1185 ) );
#587 = ADVANCED_FACE( '', ( #1186 ), #1187, .T. );
#588 = PRESENTATION_STYLE_ASSIGNMENT( ( #1188 ) );
#589 = ADVANCED_FACE( '', ( #1189 ), #1190, .F. );
#590 = PRESENTATION_STYLE_ASSIGNMENT( ( #1191 ) );
#591 = ADVANCED_FACE( '', ( #1192 ), #1193, .F. );
#592 = PRESENTATION_STYLE_ASSIGNMENT( ( #1194 ) );
#593 = ADVANCED_FACE( '', ( #1195 ), #1196, .F. );
#594 = PRESENTATION_STYLE_ASSIGNMENT( ( #1197 ) );
#595 = ADVANCED_FACE( '', ( #1198 ), #1199, .F. );
#596 = PRESENTATION_STYLE_ASSIGNMENT( ( #1200 ) );
#597 = ADVANCED_FACE( '', ( #1201 ), #1202, .F. );
#598 = PRESENTATION_STYLE_ASSIGNMENT( ( #1203 ) );
#599 = ADVANCED_FACE( '', ( #1204 ), #1205, .F. );
#600 = PRESENTATION_STYLE_ASSIGNMENT( ( #1206 ) );
#601 = ADVANCED_FACE( '', ( #1207 ), #1208, .T. );
#602 = PRESENTATION_STYLE_ASSIGNMENT( ( #1209 ) );
#603 = ADVANCED_FACE( '', ( #1210 ), #1211, .F. );
#604 = PRESENTATION_STYLE_ASSIGNMENT( ( #1212 ) );
#605 = ADVANCED_FACE( '', ( #1213 ), #1214, .F. );
#606 = PRESENTATION_STYLE_ASSIGNMENT( ( #1215 ) );
#607 = ADVANCED_FACE( '', ( #1216 ), #1217, .T. );
#608 = PRESENTATION_STYLE_ASSIGNMENT( ( #1218 ) );
#609 = ADVANCED_FACE( '', ( #1219 ), #1220, .F. );
#610 = PRESENTATION_STYLE_ASSIGNMENT( ( #1221 ) );
#611 = ADVANCED_FACE( '', ( #1222 ), #1223, .T. );
#612 = PRESENTATION_STYLE_ASSIGNMENT( ( #1224 ) );
#613 = ADVANCED_FACE( '', ( #1225 ), #1226, .F. );
#614 = PRESENTATION_STYLE_ASSIGNMENT( ( #1227 ) );
#615 = ADVANCED_FACE( '', ( #1228 ), #1229, .F. );
#616 = PRESENTATION_STYLE_ASSIGNMENT( ( #1230 ) );
#617 = ADVANCED_FACE( '', ( #1231 ), #1232, .T. );
#618 = PRESENTATION_STYLE_ASSIGNMENT( ( #1233 ) );
#619 = ADVANCED_FACE( '', ( #1234 ), #1235, .F. );
#620 = PRESENTATION_STYLE_ASSIGNMENT( ( #1236 ) );
#621 = ADVANCED_FACE( '', ( #1237 ), #1238, .F. );
#622 = PRESENTATION_STYLE_ASSIGNMENT( ( #1239 ) );
#623 = ADVANCED_FACE( '', ( #1240 ), #1241, .F. );
#624 = PRESENTATION_STYLE_ASSIGNMENT( ( #1242 ) );
#625 = ADVANCED_FACE( '', ( #1243 ), #1244, .F. );
#626 = PRESENTATION_STYLE_ASSIGNMENT( ( #1245 ) );
#627 = ADVANCED_FACE( '', ( #1246 ), #1247, .F. );
#628 = PRESENTATION_STYLE_ASSIGNMENT( ( #1248 ) );
#629 = ADVANCED_FACE( '', ( #1249 ), #1250, .F. );
#630 = PRESENTATION_STYLE_ASSIGNMENT( ( #1251 ) );
#631 = ADVANCED_FACE( '', ( #1252 ), #1253, .T. );
#632 = PRESENTATION_STYLE_ASSIGNMENT( ( #1254 ) );
#633 = ADVANCED_FACE( '', ( #1255 ), #1256, .F. );
#634 = PRESENTATION_STYLE_ASSIGNMENT( ( #1257 ) );
#635 = ADVANCED_FACE( '', ( #1258 ), #1259, .F. );
#636 = PRESENTATION_STYLE_ASSIGNMENT( ( #1260 ) );
#637 = ADVANCED_FACE( '', ( #1261 ), #1262, .T. );
#638 = PRESENTATION_STYLE_ASSIGNMENT( ( #1263 ) );
#639 = ADVANCED_FACE( '', ( #1264 ), #1265, .F. );
#640 = PRESENTATION_STYLE_ASSIGNMENT( ( #1266 ) );
#641 = ADVANCED_FACE( '', ( #1267 ), #1268, .F. );
#642 = PRESENTATION_STYLE_ASSIGNMENT( ( #1269 ) );
#643 = ADVANCED_FACE( '', ( #1270 ), #1271, .F. );
#644 = PRESENTATION_STYLE_ASSIGNMENT( ( #1272 ) );
#645 = ADVANCED_FACE( '', ( #1273 ), #1274, .F. );
#646 = PRESENTATION_STYLE_ASSIGNMENT( ( #1275 ) );
#647 = ADVANCED_FACE( '', ( #1276 ), #1277, .F. );
#648 = PRESENTATION_STYLE_ASSIGNMENT( ( #1278 ) );
#649 = ADVANCED_FACE( '', ( #1279 ), #1280, .T. );
#650 = PRESENTATION_STYLE_ASSIGNMENT( ( #1281 ) );
#651 = ADVANCED_FACE( '', ( #1282 ), #1283, .F. );
#652 = PRESENTATION_STYLE_ASSIGNMENT( ( #1284 ) );
#653 = ADVANCED_FACE( '', ( #1285 ), #1286, .F. );
#654 = PRESENTATION_STYLE_ASSIGNMENT( ( #1287 ) );
#655 = ADVANCED_FACE( '', ( #1288 ), #1289, .F. );
#656 = PRESENTATION_STYLE_ASSIGNMENT( ( #1290 ) );
#657 = ADVANCED_FACE( '', ( #1291 ), #1292, .F. );
#658 = PRESENTATION_STYLE_ASSIGNMENT( ( #1293 ) );
#659 = ADVANCED_FACE( '', ( #1294 ), #1295, .F. );
#660 = PRESENTATION_STYLE_ASSIGNMENT( ( #1296 ) );
#661 = ADVANCED_FACE( '', ( #1297 ), #1298, .F. );
#662 = PRESENTATION_STYLE_ASSIGNMENT( ( #1299 ) );
#663 = ADVANCED_FACE( '', ( #1300 ), #1301, .T. );
#664 = PRESENTATION_STYLE_ASSIGNMENT( ( #1302 ) );
#665 = ADVANCED_FACE( '', ( #1303 ), #1304, .T. );
#666 = PRESENTATION_STYLE_ASSIGNMENT( ( #1305 ) );
#667 = ADVANCED_FACE( '', ( #1306 ), #1307, .F. );
#670 = LENGTH_MEASURE_WITH_UNIT( LENGTH_MEASURE( 25.4000000000000 ), #1308 );
#673 = DIMENSIONAL_EXPONENTS( 1.00000000000000, 0.000000000000000, 0.000000000000000, 0.000000000000000, 0.000000000000000, 0.000000000000000, 0.000000000000000 );
#675 = DIMENSIONAL_EXPONENTS( 0.000000000000000, 0.000000000000000, 0.000000000000000, 0.000000000000000, 0.000000000000000, 0.000000000000000, 0.000000000000000 );
#681 = PRODUCT_CONTEXT( '', #18, 'mechanical' );
#682 = PRODUCT_DEFINITION_FORMATION_WITH_SPECIFIED_SOURCE( ' ', 'NONE', #244, .NOT_KNOWN. );
#683 = CARTESIAN_POINT( '', ( 0.000000000000000, 0.000000000000000, 0.000000000000000 ) );
#684 = DIRECTION( '', ( 0.000000000000000, 0.000000000000000, 1.00000000000000 ) );
#685 = DIRECTION( '', ( 1.00000000000000, 0.000000000000000, 0.000000000000000 ) );
#686 = CARTESIAN_POINT( '', ( 0.000000000000000, 0.000000000000000, 0.000000000000000 ) );
#687 = DIRECTION( '', ( 0.000000000000000, 0.000000000000000, 1.00000000000000 ) );
#688 = DIRECTION( '', ( 1.00000000000000, 0.000000000000000, 0.000000000000000 ) );
#689 = CARTESIAN_POINT( '', ( 0.000000000000000, 0.000000000000000, 0.000000000000000 ) );
#690 = DIRECTION( '', ( 0.000000000000000, 0.000000000000000, 1.00000000000000 ) );
#691 = DIRECTION( '', ( 1.00000000000000, 0.000000000000000, 0.000000000000000 ) );
#694 = UNCERTAINTY_MEASURE_WITH_UNIT( LENGTH_MEASURE( 3.93701000000000E-05 ), #696, '', '' );
#696 =  ( CONVERSION_BASED_UNIT( 'INCH', #1311 )LENGTH_UNIT(  )NAMED_UNIT( #1314 ) );
#697 =  ( NAMED_UNIT( #1316 )PLANE_ANGLE_UNIT(  )SI_UNIT( $, .RADIAN. ) );
#698 =  ( NAMED_UNIT( #1316 )SI_UNIT( $, .STERADIAN. )SOLID_ANGLE_UNIT(  ) );
#700 = PRODUCT_DEFINITION_FORMATION_WITH_SPECIFIED_SOURCE( ' ', 'NONE', #250, .NOT_KNOWN. );
#701 = CLOSED_SHELL( '', ( #293, #327, #541, #305, #395, #513, #579, #665, #499, #561, #359, #325, #645, #317, #555, #383, #329, #459, #587, #419, #361, #283, #511, #295, #381, #553, #455, #503, #487, #475, #307, #611, #379, #543, #287, #409, #349, #343, #597, #643, #411, #353, #657, #441, #289, #617, #491, #423, #545, #385, #369, #269, #529, #413, #355, #429, #345, #303, #331, #417, #271, #333, #505, #273, #313, #285, #309, #371, #633, #335, #403, #571, #605, #609, #315, #425, #515, #457, #647, #439, #625, #481, #311, #517, #573, #463, #585, #559, #607, #547, #641, #397, #501, #635, #485, #373, #531, #619, #621, #387, #465, #399, #533, #483, #443, #649, #301 ) );
#702 = PRODUCT_DEFINITION_FORMATION_WITH_SPECIFIED_SOURCE( ' ', 'NONE', #258, .NOT_KNOWN. );
#703 = CLOSED_SHELL( '', ( #445, #279, #277, #435, #267, #623, #447, #363, #321, #519, #319, #495, #493, #521, #589, #567, #527, #565, #347, #323, #415, #551, #591, #467, #651, #391, #549, #461, #377, #593, #375, #341, #563, #299, #637, #365, #401, #537, #405, #575, #281, #601, #631, #389, #471, #351, #337, #629, #339, #431, #469, #627, #603, #613, #473, #535, #663, #433, #393, #577, #421, #275, #667, #507, #449, #569, #599, #489, #655, #451, #453, #407, #659, #497, #581, #297, #477, #509, #539, #523, #291, #557, #583, #367, #437, #479, #653, #639, #615, #661, #525, #427, #595, #357 ) );
#704 = SURFACE_STYLE_USAGE( .BOTH., #1322 );
#705 = FACE_OUTER_BOUND( '', #1323, .T. );
#706 = PLANE( '', #1324 );
#707 = SURFACE_STYLE_USAGE( .BOTH., #1325 );
#708 = FACE_OUTER_BOUND( '', #1326, .T. );
#709 = PLANE( '', #1327 );
#710 = SURFACE_STYLE_USAGE( .BOTH., #1328 );
#711 = FACE_OUTER_BOUND( '', #1329, .T. );
#712 = PLANE( '', #1330 );
#713 = SURFACE_STYLE_USAGE( .BOTH., #1331 );
#714 = FACE_OUTER_BOUND( '', #1332, .T. );
#715 = PLANE( '', #1333 );
#716 = SURFACE_STYLE_USAGE( .BOTH., #1334 );
#717 = FACE_OUTER_BOUND( '', #1335, .T. );
#718 = CYLINDRICAL_SURFACE( '', #1336, 0.0250000000000000 );
#719 = SURFACE_STYLE_USAGE( .BOTH., #1337 );
#720 = FACE_OUTER_BOUND( '', #1338, .T. );
#721 = PLANE( '', #1339 );
#722 = SURFACE_STYLE_USAGE( .BOTH., #1340 );
#723 = FACE_OUTER_BOUND( '', #1341, .T. );
#724 = PLANE( '', #1342 );
#725 = SURFACE_STYLE_USAGE( .BOTH., #1343 );
#726 = FACE_OUTER_BOUND( '', #1344, .T. );
#727 = PLANE( '', #1345 );
#728 = SURFACE_STYLE_USAGE( .BOTH., #1346 );
#729 = FACE_OUTER_BOUND( '', #1347, .T. );
#730 = PLANE( '', #1348 );
#731 = SURFACE_STYLE_USAGE( .BOTH., #1349 );
#732 = FACE_OUTER_BOUND( '', #1350, .T. );
#733 = PLANE( '', #1351 );
#734 = SURFACE_STYLE_USAGE( .BOTH., #1352 );
#735 = FACE_OUTER_BOUND( '', #1353, .T. );
#736 = PLANE( '', #1354 );
#737 = SURFACE_STYLE_USAGE( .BOTH., #1355 );
#738 = FACE_OUTER_BOUND( '', #1356, .T. );
#739 = PLANE( '', #1357 );
#740 = SURFACE_STYLE_USAGE( .BOTH., #1358 );
#741 = FACE_OUTER_BOUND( '', #1359, .T. );
#742 = PLANE( '', #1360 );
#743 = SURFACE_STYLE_USAGE( .BOTH., #1361 );
#744 = FACE_OUTER_BOUND( '', #1362, .T. );
#745 = PLANE( '', #1363 );
#746 = SURFACE_STYLE_USAGE( .BOTH., #1364 );
#747 = FACE_OUTER_BOUND( '', #1365, .T. );
#748 = PLANE( '', #1366 );
#749 = SURFACE_STYLE_USAGE( .BOTH., #1367 );
#750 = FACE_OUTER_BOUND( '', #1368, .T. );
#751 = PLANE( '', #1369 );
#752 = SURFACE_STYLE_USAGE( .BOTH., #1370 );
#753 = FACE_OUTER_BOUND( '', #1371, .T. );
#754 = PLANE( '', #1372 );
#755 = SURFACE_STYLE_USAGE( .BOTH., #1373 );
#756 = FACE_OUTER_BOUND( '', #1374, .T. );
#757 = PLANE( '', #1375 );
#758 = SURFACE_STYLE_USAGE( .BOTH., #1376 );
#759 = FACE_OUTER_BOUND( '', #1377, .T. );
#760 = PLANE( '', #1378 );
#761 = SURFACE_STYLE_USAGE( .BOTH., #1379 );
#762 = FACE_OUTER_BOUND( '', #1380, .T. );
#763 = PLANE( '', #1381 );
#764 = SURFACE_STYLE_USAGE( .BOTH., #1382 );
#765 = FACE_OUTER_BOUND( '', #1383, .T. );
#766 = PLANE( '', #1384 );
#767 = SURFACE_STYLE_USAGE( .BOTH., #1385 );
#768 = FACE_OUTER_BOUND( '', #1386, .T. );
#769 = PLANE( '', #1387 );
#770 = SURFACE_STYLE_USAGE( .BOTH., #1388 );
#771 = FACE_OUTER_BOUND( '', #1389, .T. );
#772 = PLANE( '', #1390 );
#773 = SURFACE_STYLE_USAGE( .BOTH., #1391 );
#774 = FACE_OUTER_BOUND( '', #1392, .T. );
#775 = PLANE( '', #1393 );
#776 = SURFACE_STYLE_USAGE( .BOTH., #1394 );
#777 = FACE_OUTER_BOUND( '', #1395, .T. );
#778 = PLANE( '', #1396 );
#779 = SURFACE_STYLE_USAGE( .BOTH., #1397 );
#780 = FACE_OUTER_BOUND( '', #1398, .T. );
#781 = PLANE( '', #1399 );
#782 = SURFACE_STYLE_USAGE( .BOTH., #1400 );
#783 = FACE_OUTER_BOUND( '', #1401, .T. );
#784 = PLANE( '', #1402 );
#785 = SURFACE_STYLE_USAGE( .BOTH., #1403 );
#786 = FACE_OUTER_BOUND( '', #1404, .T. );
#787 = PLANE( '', #1405 );
#788 = SURFACE_STYLE_USAGE( .BOTH., #1406 );
#789 = FACE_OUTER_BOUND( '', #1407, .T. );
#790 = PLANE( '', #1408 );
#791 = SURFACE_STYLE_USAGE( .BOTH., #1409 );
#792 = FACE_OUTER_BOUND( '', #1410, .T. );
#793 = PLANE( '', #1411 );
#794 = SURFACE_STYLE_USAGE( .BOTH., #1412 );
#795 = FACE_OUTER_BOUND( '', #1413, .T. );
#796 = PLANE( '', #1414 );
#797 = SURFACE_STYLE_USAGE( .BOTH., #1415 );
#798 = FACE_OUTER_BOUND( '', #1416, .T. );
#799 = PLANE( '', #1417 );
#800 = SURFACE_STYLE_USAGE( .BOTH., #1418 );
#801 = FACE_OUTER_BOUND( '', #1419, .T. );
#802 = PLANE( '', #1420 );
#803 = SURFACE_STYLE_USAGE( .BOTH., #1421 );
#804 = FACE_OUTER_BOUND( '', #1422, .T. );
#805 = PLANE( '', #1423 );
#806 = SURFACE_STYLE_USAGE( .BOTH., #1424 );
#807 = FACE_OUTER_BOUND( '', #1425, .T. );
#808 = PLANE( '', #1426 );
#809 = SURFACE_STYLE_USAGE( .BOTH., #1427 );
#810 = FACE_OUTER_BOUND( '', #1428, .T. );
#811 = CYLINDRICAL_SURFACE( '', #1429, 0.0250000000000000 );
#812 = SURFACE_STYLE_USAGE( .BOTH., #1430 );
#813 = FACE_OUTER_BOUND( '', #1431, .T. );
#814 = PLANE( '', #1432 );
#815 = SURFACE_STYLE_USAGE( .BOTH., #1433 );
#816 = FACE_OUTER_BOUND( '', #1434, .T. );
#817 = PLANE( '', #1435 );
#818 = SURFACE_STYLE_USAGE( .BOTH., #1436 );
#819 = FACE_OUTER_BOUND( '', #1437, .T. );
#820 = PLANE( '', #1438 );
#821 = SURFACE_STYLE_USAGE( .BOTH., #1439 );
#822 = FACE_OUTER_BOUND( '', #1440, .T. );
#823 = PLANE( '', #1441 );
#824 = SURFACE_STYLE_USAGE( .BOTH., #1442 );
#825 = FACE_OUTER_BOUND( '', #1443, .T. );
#826 = PLANE( '', #1444 );
#827 = SURFACE_STYLE_USAGE( .BOTH., #1445 );
#828 = FACE_OUTER_BOUND( '', #1446, .T. );
#829 = PLANE( '', #1447 );
#830 = SURFACE_STYLE_USAGE( .BOTH., #1448 );
#831 = FACE_OUTER_BOUND( '', #1449, .T. );
#832 = CYLINDRICAL_SURFACE( '', #1450, 0.0250000000000000 );
#833 = SURFACE_STYLE_USAGE( .BOTH., #1451 );
#834 = FACE_OUTER_BOUND( '', #1452, .T. );
#835 = PLANE( '', #1453 );
#836 = SURFACE_STYLE_USAGE( .BOTH., #1454 );
#837 = FACE_OUTER_BOUND( '', #1455, .T. );
#838 = PLANE( '', #1456 );
#839 = SURFACE_STYLE_USAGE( .BOTH., #1457 );
#840 = FACE_OUTER_BOUND( '', #1458, .T. );
#841 = PLANE( '', #1459 );
#842 = SURFACE_STYLE_USAGE( .BOTH., #1460 );
#843 = FACE_OUTER_BOUND( '', #1461, .T. );
#844 = PLANE( '', #1462 );
#845 = SURFACE_STYLE_USAGE( .BOTH., #1463 );
#846 = FACE_OUTER_BOUND( '', #1464, .T. );
#847 = PLANE( '', #1465 );
#848 = SURFACE_STYLE_USAGE( .BOTH., #1466 );
#849 = FACE_OUTER_BOUND( '', #1467, .T. );
#850 = PLANE( '', #1468 );
#851 = SURFACE_STYLE_USAGE( .BOTH., #1469 );
#852 = FACE_OUTER_BOUND( '', #1470, .T. );
#853 = PLANE( '', #1471 );
#854 = SURFACE_STYLE_USAGE( .BOTH., #1472 );
#855 = FACE_OUTER_BOUND( '', #1473, .T. );
#856 = PLANE( '', #1474 );
#857 = SURFACE_STYLE_USAGE( .BOTH., #1475 );
#858 = FACE_OUTER_BOUND( '', #1476, .T. );
#859 = PLANE( '', #1477 );
#860 = SURFACE_STYLE_USAGE( .BOTH., #1478 );
#861 = FACE_OUTER_BOUND( '', #1479, .T. );
#862 = PLANE( '', #1480 );
#863 = SURFACE_STYLE_USAGE( .BOTH., #1481 );
#864 = FACE_OUTER_BOUND( '', #1482, .T. );
#865 = PLANE( '', #1483 );
#866 = SURFACE_STYLE_USAGE( .BOTH., #1484 );
#867 = FACE_OUTER_BOUND( '', #1485, .T. );
#868 = PLANE( '', #1486 );
#869 = SURFACE_STYLE_USAGE( .BOTH., #1487 );
#870 = FACE_OUTER_BOUND( '', #1488, .T. );
#871 = PLANE( '', #1489 );
#872 = SURFACE_STYLE_USAGE( .BOTH., #1490 );
#873 = FACE_OUTER_BOUND( '', #1491, .T. );
#874 = PLANE( '', #1492 );
#875 = SURFACE_STYLE_USAGE( .BOTH., #1493 );
#876 = FACE_OUTER_BOUND( '', #1494, .T. );
#877 = PLANE( '', #1495 );
#878 = SURFACE_STYLE_USAGE( .BOTH., #1496 );
#879 = FACE_OUTER_BOUND( '', #1497, .T. );
#880 = PLANE( '', #1498 );
#881 = SURFACE_STYLE_USAGE( .BOTH., #1499 );
#882 = FACE_OUTER_BOUND( '', #1500, .T. );
#883 = PLANE( '', #1501 );
#884 = SURFACE_STYLE_USAGE( .BOTH., #1502 );
#885 = FACE_OUTER_BOUND( '', #1503, .T. );
#886 = PLANE( '', #1504 );
#887 = SURFACE_STYLE_USAGE( .BOTH., #1505 );
#888 = FACE_OUTER_BOUND( '', #1506, .T. );
#889 = PLANE( '', #1507 );
#890 = SURFACE_STYLE_USAGE( .BOTH., #1508 );
#891 = FACE_OUTER_BOUND( '', #1509, .T. );
#892 = PLANE( '', #1510 );
#893 = SURFACE_STYLE_USAGE( .BOTH., #1511 );
#894 = FACE_OUTER_BOUND( '', #1512, .T. );
#895 = PLANE( '', #1513 );
#896 = SURFACE_STYLE_USAGE( .BOTH., #1514 );
#897 = FACE_OUTER_BOUND( '', #1515, .T. );
#898 = PLANE( '', #1516 );
#899 = SURFACE_STYLE_USAGE( .BOTH., #1517 );
#900 = FACE_OUTER_BOUND( '', #1518, .T. );
#901 = PLANE( '', #1519 );
#902 = SURFACE_STYLE_USAGE( .BOTH., #1520 );
#903 = FACE_OUTER_BOUND( '', #1521, .T. );
#904 = PLANE( '', #1522 );
#905 = SURFACE_STYLE_USAGE( .BOTH., #1523 );
#906 = FACE_OUTER_BOUND( '', #1524, .T. );
#907 = PLANE( '', #1525 );
#908 = SURFACE_STYLE_USAGE( .BOTH., #1526 );
#909 = FACE_OUTER_BOUND( '', #1527, .T. );
#910 = PLANE( '', #1528 );
#911 = SURFACE_STYLE_USAGE( .BOTH., #1529 );
#912 = FACE_OUTER_BOUND( '', #1530, .T. );
#913 = PLANE( '', #1531 );
#914 = SURFACE_STYLE_USAGE( .BOTH., #1532 );
#915 = FACE_OUTER_BOUND( '', #1533, .T. );
#916 = PLANE( '', #1534 );
#917 = SURFACE_STYLE_USAGE( .BOTH., #1535 );
#918 = FACE_OUTER_BOUND( '', #1536, .T. );
#919 = PLANE( '', #1537 );
#920 = SURFACE_STYLE_USAGE( .BOTH., #1538 );
#921 = FACE_OUTER_BOUND( '', #1539, .T. );
#922 = PLANE( '', #1540 );
#923 = SURFACE_STYLE_USAGE( .BOTH., #1541 );
#924 = FACE_OUTER_BOUND( '', #1542, .T. );
#925 = PLANE( '', #1543 );
#926 = SURFACE_STYLE_USAGE( .BOTH., #1544 );
#927 = FACE_OUTER_BOUND( '', #1545, .T. );
#928 = PLANE( '', #1546 );
#929 = SURFACE_STYLE_USAGE( .BOTH., #1547 );
#930 = FACE_OUTER_BOUND( '', #1548, .T. );
#931 = PLANE( '', #1549 );
#932 = SURFACE_STYLE_USAGE( .BOTH., #1550 );
#933 = FACE_OUTER_BOUND( '', #1551, .T. );
#934 = PLANE( '', #1552 );
#935 = SURFACE_STYLE_USAGE( .BOTH., #1553 );
#936 = FACE_OUTER_BOUND( '', #1554, .T. );
#937 = PLANE( '', #1555 );
#938 = SURFACE_STYLE_USAGE( .BOTH., #1556 );
#939 = FACE_OUTER_BOUND( '', #1557, .T. );
#940 = PLANE( '', #1558 );
#941 = SURFACE_STYLE_USAGE( .BOTH., #1559 );
#942 = FACE_OUTER_BOUND( '', #1560, .T. );
#943 = PLANE( '', #1561 );
#944 = SURFACE_STYLE_USAGE( .BOTH., #1562 );
#945 = FACE_OUTER_BOUND( '', #1563, .T. );
#946 = PLANE( '', #1564 );
#947 = SURFACE_STYLE_USAGE( .BOTH., #1565 );
#948 = FACE_OUTER_BOUND( '', #1566, .T. );
#949 = PLANE( '', #1567 );
#950 = SURFACE_STYLE_USAGE( .BOTH., #1568 );
#951 = FACE_OUTER_BOUND( '', #1569, .T. );
#952 = PLANE( '', #1570 );
#953 = SURFACE_STYLE_USAGE( .BOTH., #1571 );
#954 = FACE_OUTER_BOUND( '', #1572, .T. );
#955 = PLANE( '', #1573 );
#956 = SURFACE_STYLE_USAGE( .BOTH., #1574 );
#957 = FACE_OUTER_BOUND( '', #1575, .T. );
#958 = PLANE( '', #1576 );
#959 = SURFACE_STYLE_USAGE( .BOTH., #1577 );
#960 = FACE_OUTER_BOUND( '', #1578, .T. );
#961 = PLANE( '', #1579 );
#962 = SURFACE_STYLE_USAGE( .BOTH., #1580 );
#963 = FACE_OUTER_BOUND( '', #1581, .T. );
#964 = PLANE( '', #1582 );
#965 = SURFACE_STYLE_USAGE( .BOTH., #1583 );
#966 = FACE_OUTER_BOUND( '', #1584, .T. );
#967 = PLANE( '', #1585 );
#968 = SURFACE_STYLE_USAGE( .BOTH., #1586 );
#969 = FACE_OUTER_BOUND( '', #1587, .T. );
#970 = PLANE( '', #1588 );
#971 = SURFACE_STYLE_USAGE( .BOTH., #1589 );
#972 = FACE_OUTER_BOUND( '', #1590, .T. );
#973 = PLANE( '', #1591 );
#974 = SURFACE_STYLE_USAGE( .BOTH., #1592 );
#975 = FACE_OUTER_BOUND( '', #1593, .T. );
#976 = CYLINDRICAL_SURFACE( '', #1594, 0.0500000000000000 );
#977 = SURFACE_STYLE_USAGE( .BOTH., #1595 );
#978 = FACE_OUTER_BOUND( '', #1596, .T. );
#979 = PLANE( '', #1597 );
#980 = SURFACE_STYLE_USAGE( .BOTH., #1598 );
#981 = FACE_OUTER_BOUND( '', #1599, .T. );
#982 = PLANE( '', #1600 );
#983 = SURFACE_STYLE_USAGE( .BOTH., #1601 );
#984 = FACE_OUTER_BOUND( '', #1602, .T. );
#985 = PLANE( '', #1603 );
#986 = SURFACE_STYLE_USAGE( .BOTH., #1604 );
#987 = FACE_OUTER_BOUND( '', #1605, .T. );
#988 = PLANE( '', #1606 );
#989 = SURFACE_STYLE_USAGE( .BOTH., #1607 );
#990 = FACE_OUTER_BOUND( '', #1608, .T. );
#991 = PLANE( '', #1609 );
#992 = SURFACE_STYLE_USAGE( .BOTH., #1610 );
#993 = FACE_OUTER_BOUND( '', #1611, .T. );
#994 = PLANE( '', #1612 );
#995 = SURFACE_STYLE_USAGE( .BOTH., #1613 );
#996 = FACE_OUTER_BOUND( '', #1614, .T. );
#997 = PLANE( '', #1615 );
#998 = SURFACE_STYLE_USAGE( .BOTH., #1616 );
#999 = FACE_OUTER_BOUND( '', #1617, .T. );
#1000 = PLANE( '', #1618 );
#1001 = SURFACE_STYLE_USAGE( .BOTH., #1619 );
#1002 = FACE_OUTER_BOUND( '', #1620, .T. );
#1003 = PLANE( '', #1621 );
#1004 = SURFACE_STYLE_USAGE( .BOTH., #1622 );
#1005 = FACE_OUTER_BOUND( '', #1623, .T. );
#1006 = PLANE( '', #1624 );
#1007 = SURFACE_STYLE_USAGE( .BOTH., #1625 );
#1008 = FACE_OUTER_BOUND( '', #1626, .T. );
#1009 = PLANE( '', #1627 );
#1010 = SURFACE_STYLE_USAGE( .BOTH., #1628 );
#1011 = FACE_OUTER_BOUND( '', #1629, .T. );
#1012 = PLANE( '', #1630 );
#1013 = SURFACE_STYLE_USAGE( .BOTH., #1631 );
#1014 = FACE_OUTER_BOUND( '', #1632, .T. );
#1015 = PLANE( '', #1633 );
#1016 = SURFACE_STYLE_USAGE( .BOTH., #1634 );
#1017 = FACE_OUTER_BOUND( '', #1635, .T. );
#1018 = PLANE( '', #1636 );
#1019 = SURFACE_STYLE_USAGE( .BOTH., #1637 );
#1020 = FACE_OUTER_BOUND( '', #1638, .T. );
#1021 = PLANE( '', #1639 );
#1022 = SURFACE_STYLE_USAGE( .BOTH., #1640 );
#1023 = FACE_OUTER_BOUND( '', #1641, .T. );
#1024 = PLANE( '', #1642 );
#1025 = SURFACE_STYLE_USAGE( .BOTH., #1643 );
#1026 = FACE_OUTER_BOUND( '', #1644, .T. );
#1027 = PLANE( '', #1645 );
#1028 = SURFACE_STYLE_USAGE( .BOTH., #1646 );
#1029 = FACE_OUTER_BOUND( '', #1647, .T. );
#1030 = PLANE( '', #1648 );
#1031 = SURFACE_STYLE_USAGE( .BOTH., #1649 );
#1032 = FACE_OUTER_BOUND( '', #1650, .T. );
#1033 = PLANE( '', #1651 );
#1034 = SURFACE_STYLE_USAGE( .BOTH., #1652 );
#1035 = FACE_OUTER_BOUND( '', #1653, .T. );
#1036 = PLANE( '', #1654 );
#1037 = SURFACE_STYLE_USAGE( .BOTH., #1655 );
#1038 = FACE_OUTER_BOUND( '', #1656, .T. );
#1039 = PLANE( '', #1657 );
#1040 = SURFACE_STYLE_USAGE( .BOTH., #1658 );
#1041 = FACE_OUTER_BOUND( '', #1659, .T. );
#1042 = PLANE( '', #1660 );
#1043 = SURFACE_STYLE_USAGE( .BOTH., #1661 );
#1044 = FACE_OUTER_BOUND( '', #1662, .T. );
#1045 = CYLINDRICAL_SURFACE( '', #1663, 0.0250000000000000 );
#1046 = SURFACE_STYLE_USAGE( .BOTH., #1664 );
#1047 = FACE_OUTER_BOUND( '', #1665, .T. );
#1048 = PLANE( '', #1666 );
#1049 = SURFACE_STYLE_USAGE( .BOTH., #1667 );
#1050 = FACE_OUTER_BOUND( '', #1668, .T. );
#1051 = CYLINDRICAL_SURFACE( '', #1669, 0.0500000000000000 );
#1052 = SURFACE_STYLE_USAGE( .BOTH., #1670 );
#1053 = FACE_OUTER_BOUND( '', #1671, .T. );
#1054 = PLANE( '', #1672 );
#1055 = SURFACE_STYLE_USAGE( .BOTH., #1673 );
#1056 = FACE_OUTER_BOUND( '', #1674, .T. );
#1057 = PLANE( '', #1675 );
#1058 = SURFACE_STYLE_USAGE( .BOTH., #1676 );
#1059 = FACE_OUTER_BOUND( '', #1677, .T. );
#1060 = PLANE( '', #1678 );
#1061 = SURFACE_STYLE_USAGE( .BOTH., #1679 );
#1062 = FACE_OUTER_BOUND( '', #1680, .T. );
#1063 = PLANE( '', #1681 );
#1064 = SURFACE_STYLE_USAGE( .BOTH., #1682 );
#1065 = FACE_OUTER_BOUND( '', #1683, .T. );
#1066 = PLANE( '', #1684 );
#1067 = SURFACE_STYLE_USAGE( .BOTH., #1685 );
#1068 = FACE_OUTER_BOUND( '', #1686, .T. );
#1069 = PLANE( '', #1687 );
#1070 = SURFACE_STYLE_USAGE( .BOTH., #1688 );
#1071 = FACE_OUTER_BOUND( '', #1689, .T. );
#1072 = PLANE( '', #1690 );
#1073 = SURFACE_STYLE_USAGE( .BOTH., #1691 );
#1074 = FACE_OUTER_BOUND( '', #1692, .T. );
#1075 = PLANE( '', #1693 );
#1076 = SURFACE_STYLE_USAGE( .BOTH., #1694 );
#1077 = FACE_OUTER_BOUND( '', #1695, .T. );
#1078 = PLANE( '', #1696 );
#1079 = SURFACE_STYLE_USAGE( .BOTH., #1697 );
#1080 = FACE_OUTER_BOUND( '', #1698, .T. );
#1081 = PLANE( '', #1699 );
#1082 = SURFACE_STYLE_USAGE( .BOTH., #1700 );
#1083 = FACE_OUTER_BOUND( '', #1701, .T. );
#1084 = PLANE( '', #1702 );
#1085 = SURFACE_STYLE_USAGE( .BOTH., #1703 );
#1086 = FACE_OUTER_BOUND( '', #1704, .T. );
#1087 = PLANE( '', #1705 );
#1088 = SURFACE_STYLE_USAGE( .BOTH., #1706 );
#1089 = FACE_OUTER_BOUND( '', #1707, .T. );
#1090 = PLANE( '', #1708 );
#1091 = SURFACE_STYLE_USAGE( .BOTH., #1709 );
#1092 = FACE_OUTER_BOUND( '', #1710, .T. );
#1093 = PLANE( '', #1711 );
#1094 = SURFACE_STYLE_USAGE( .BOTH., #1712 );
#1095 = FACE_OUTER_BOUND( '', #1713, .T. );
#1096 = CYLINDRICAL_SURFACE( '', #1714, 0.0500000000000000 );
#1097 = SURFACE_STYLE_USAGE( .BOTH., #1715 );
#1098 = FACE_OUTER_BOUND( '', #1716, .T. );
#1099 = PLANE( '', #1717 );
#1100 = SURFACE_STYLE_USAGE( .BOTH., #1718 );
#1101 = FACE_OUTER_BOUND( '', #1719, .T. );
#1102 = PLANE( '', #1720 );
#1103 = SURFACE_STYLE_USAGE( .BOTH., #1721 );
#1104 = FACE_OUTER_BOUND( '', #1722, .T. );
#1105 = PLANE( '', #1723 );
#1106 = SURFACE_STYLE_USAGE( .BOTH., #1724 );
#1107 = FACE_OUTER_BOUND( '', #1725, .T. );
#1108 = CYLINDRICAL_SURFACE( '', #1726, 0.0500000000000000 );
#1109 = SURFACE_STYLE_USAGE( .BOTH., #1727 );
#1110 = FACE_OUTER_BOUND( '', #1728, .T. );
#1111 = PLANE( '', #1729 );
#1112 = SURFACE_STYLE_USAGE( .BOTH., #1730 );
#1113 = FACE_OUTER_BOUND( '', #1731, .T. );
#1114 = PLANE( '', #1732 );
#1115 = SURFACE_STYLE_USAGE( .BOTH., #1733 );
#1116 = FACE_BOUND( '', #1734, .T. );
#1117 = FACE_OUTER_BOUND( '', #1735, .T. );
#1118 = PLANE( '', #1736 );
#1119 = SURFACE_STYLE_USAGE( .BOTH., #1737 );
#1120 = FACE_OUTER_BOUND( '', #1738, .T. );
#1121 = PLANE( '', #1739 );
#1122 = SURFACE_STYLE_USAGE( .BOTH., #1740 );
#1123 = FACE_OUTER_BOUND( '', #1741, .T. );
#1124 = PLANE( '', #1742 );
#1125 = SURFACE_STYLE_USAGE( .BOTH., #1743 );
#1126 = FACE_OUTER_BOUND( '', #1744, .T. );
#1127 = PLANE( '', #1745 );
#1128 = SURFACE_STYLE_USAGE( .BOTH., #1746 );
#1129 = FACE_OUTER_BOUND( '', #1747, .T. );
#1130 = PLANE( '', #1748 );
#1131 = SURFACE_STYLE_USAGE( .BOTH., #1749 );
#1132 = FACE_OUTER_BOUND( '', #1750, .T. );
#1133 = PLANE( '', #1751 );
#1134 = SURFACE_STYLE_USAGE( .BOTH., #1752 );
#1135 = FACE_OUTER_BOUND( '', #1753, .T. );
#1136 = PLANE( '', #1754 );
#1137 = SURFACE_STYLE_USAGE( .BOTH., #1755 );
#1138 = FACE_OUTER_BOUND( '', #1756, .T. );
#1139 = PLANE( '', #1757 );
#1140 = SURFACE_STYLE_USAGE( .BOTH., #1758 );
#1141 = FACE_OUTER_BOUND( '', #1759, .T. );
#1142 = PLANE( '', #1760 );
#1143 = SURFACE_STYLE_USAGE( .BOTH., #1761 );
#1144 = FACE_OUTER_BOUND( '', #1762, .T. );
#1145 = PLANE( '', #1763 );
#1146 = SURFACE_STYLE_USAGE( .BOTH., #1764 );
#1147 = FACE_OUTER_BOUND( '', #1765, .T. );
#1148 = PLANE( '', #1766 );
#1149 = SURFACE_STYLE_USAGE( .BOTH., #1767 );
#1150 = FACE_OUTER_BOUND( '', #1768, .T. );
#1151 = PLANE( '', #1769 );
#1152 = SURFACE_STYLE_USAGE( .BOTH., #1770 );
#1153 = FACE_OUTER_BOUND( '', #1771, .T. );
#1154 = PLANE( '', #1772 );
#1155 = SURFACE_STYLE_USAGE( .BOTH., #1773 );
#1156 = FACE_OUTER_BOUND( '', #1774, .T. );
#1157 = PLANE( '', #1775 );
#1158 = SURFACE_STYLE_USAGE( .BOTH., #1776 );
#1159 = FACE_OUTER_BOUND( '', #1777, .T. );
#1160 = PLANE( '', #1778 );
#1161 = SURFACE_STYLE_USAGE( .BOTH., #1779 );
#1162 = FACE_OUTER_BOUND( '', #1780, .T. );
#1163 = PLANE( '', #1781 );
#1164 = SURFACE_STYLE_USAGE( .BOTH., #1782 );
#1165 = FACE_OUTER_BOUND( '', #1783, .T. );
#1166 = PLANE( '', #1784 );
#1167 = SURFACE_STYLE_USAGE( .BOTH., #1785 );
#1168 = FACE_OUTER_BOUND( '', #1786, .T. );
#1169 = PLANE( '', #1787 );
#1170 = SURFACE_STYLE_USAGE( .BOTH., #1788 );
#1171 = FACE_OUTER_BOUND( '', #1789, .T. );
#1172 = PLANE( '', #1790 );
#1173 = SURFACE_STYLE_USAGE( .BOTH., #1791 );
#1174 = FACE_OUTER_BOUND( '', #1792, .T. );
#1175 = PLANE( '', #1793 );
#1176 = SURFACE_STYLE_USAGE( .BOTH., #1794 );
#1177 = FACE_OUTER_BOUND( '', #1795, .T. );
#1178 = CYLINDRICAL_SURFACE( '', #1796, 0.0500000000000000 );
#1179 = SURFACE_STYLE_USAGE( .BOTH., #1797 );
#1180 = FACE_OUTER_BOUND( '', #1798, .T. );
#1181 = PLANE( '', #1799 );
#1182 = SURFACE_STYLE_USAGE( .BOTH., #1800 );
#1183 = FACE_OUTER_BOUND( '', #1801, .T. );
#1184 = PLANE( '', #1802 );
#1185 = SURFACE_STYLE_USAGE( .BOTH., #1803 );
#1186 = FACE_OUTER_BOUND( '', #1804, .T. );
#1187 = PLANE( '', #1805 );
#1188 = SURFACE_STYLE_USAGE( .BOTH., #1806 );
#1189 = FACE_OUTER_BOUND( '', #1807, .T. );
#1190 = PLANE( '', #1808 );
#1191 = SURFACE_STYLE_USAGE( .BOTH., #1809 );
#1192 = FACE_OUTER_BOUND( '', #1810, .T. );
#1193 = CYLINDRICAL_SURFACE( '', #1811, 0.0250000000000000 );
#1194 = SURFACE_STYLE_USAGE( .BOTH., #1812 );
#1195 = FACE_OUTER_BOUND( '', #1813, .T. );
#1196 = PLANE( '', #1814 );
#1197 = SURFACE_STYLE_USAGE( .BOTH., #1815 );
#1198 = FACE_OUTER_BOUND( '', #1816, .T. );
#1199 = PLANE( '', #1817 );
#1200 = SURFACE_STYLE_USAGE( .BOTH., #1818 );
#1201 = FACE_OUTER_BOUND( '', #1819, .T. );
#1202 = PLANE( '', #1820 );
#1203 = SURFACE_STYLE_USAGE( .BOTH., #1821 );
#1204 = FACE_OUTER_BOUND( '', #1822, .T. );
#1205 = PLANE( '', #1823 );
#1206 = SURFACE_STYLE_USAGE( .BOTH., #1824 );
#1207 = FACE_OUTER_BOUND( '', #1825, .T. );
#1208 = PLANE( '', #1826 );
#1209 = SURFACE_STYLE_USAGE( .BOTH., #1827 );
#1210 = FACE_OUTER_BOUND( '', #1828, .T. );
#1211 = PLANE( '', #1829 );
#1212 = SURFACE_STYLE_USAGE( .BOTH., #1830 );
#1213 = FACE_OUTER_BOUND( '', #1831, .T. );
#1214 = PLANE( '', #1832 );
#1215 = SURFACE_STYLE_USAGE( .BOTH., #1833 );
#1216 = FACE_OUTER_BOUND( '', #1834, .T. );
#1217 = PLANE( '', #1835 );
#1218 = SURFACE_STYLE_USAGE( .BOTH., #1836 );
#1219 = FACE_OUTER_BOUND( '', #1837, .T. );
#1220 = PLANE( '', #1838 );
#1221 = SURFACE_STYLE_USAGE( .BOTH., #1839 );
#1222 = FACE_OUTER_BOUND( '', #1840, .T. );
#1223 = PLANE( '', #1841 );
#1224 = SURFACE_STYLE_USAGE( .BOTH., #1842 );
#1225 = FACE_OUTER_BOUND( '', #1843, .T. );
#1226 = PLANE( '', #1844 );
#1227 = SURFACE_STYLE_USAGE( .BOTH., #1845 );
#1228 = FACE_OUTER_BOUND( '', #1846, .T. );
#1229 = PLANE( '', #1847 );
#1230 = SURFACE_STYLE_USAGE( .BOTH., #1848 );
#1231 = FACE_OUTER_BOUND( '', #1849, .T. );
#1232 = PLANE( '', #1850 );
#1233 = SURFACE_STYLE_USAGE( .BOTH., #1851 );
#1234 = FACE_OUTER_BOUND( '', #1852, .T. );
#1235 = PLANE( '', #1853 );
#1236 = SURFACE_STYLE_USAGE( .BOTH., #1854 );
#1237 = FACE_OUTER_BOUND( '', #1855, .T. );
#1238 = PLANE( '', #1856 );
#1239 = SURFACE_STYLE_USAGE( .BOTH., #1857 );
#1240 = FACE_OUTER_BOUND( '', #1858, .T. );
#1241 = PLANE( '', #1859 );
#1242 = SURFACE_STYLE_USAGE( .BOTH., #1860 );
#1243 = FACE_OUTER_BOUND( '', #1861, .T. );
#1244 = PLANE( '', #1862 );
#1245 = SURFACE_STYLE_USAGE( .BOTH., #1863 );
#1246 = FACE_OUTER_BOUND( '', #1864, .T. );
#1247 = PLANE( '', #1865 );
#1248 = SURFACE_STYLE_USAGE( .BOTH., #1866 );
#1249 = FACE_OUTER_BOUND( '', #1867, .T. );
#1250 = PLANE( '', #1868 );
#1251 = SURFACE_STYLE_USAGE( .BOTH., #1869 );
#1252 = FACE_OUTER_BOUND( '', #1870, .T. );
#1253 = PLANE( '', #1871 );
#1254 = SURFACE_STYLE_USAGE( .BOTH., #1872 );
#1255 = FACE_OUTER_BOUND( '', #1873, .T. );
#1256 = PLANE( '', #1874 );
#1257 = SURFACE_STYLE_USAGE( .BOTH., #1875 );
#1258 = FACE_OUTER_BOUND( '', #1876, .T. );
#1259 = PLANE( '', #1877 );
#1260 = SURFACE_STYLE_USAGE( .BOTH., #1878 );
#1261 = FACE_OUTER_BOUND( '', #1879, .T. );
#1262 = PLANE( '', #1880 );
#1263 = SURFACE_STYLE_USAGE( .BOTH., #1881 );
#1264 = FACE_OUTER_BOUND( '', #1882, .T. );
#1265 = PLANE( '', #1883 );
#1266 = SURFACE_STYLE_USAGE( .BOTH., #1884 );
#1267 = FACE_OUTER_BOUND( '', #1885, .T. );
#1268 = PLANE( '', #1886 );
#1269 = SURFACE_STYLE_USAGE( .BOTH., #1887 );
#1270 = FACE_OUTER_BOUND( '', #1888, .T. );
#1271 = PLANE( '', #1889 );
#1272 = SURFACE_STYLE_USAGE( .BOTH., #1890 );
#1273 = FACE_OUTER_BOUND( '', #1891, .T. );
#1274 = PLANE( '', #1892 );
#1275 = SURFACE_STYLE_USAGE( .BOTH., #1893 );
#1276 = FACE_OUTER_BOUND( '', #1894, .T. );
#1277 = PLANE( '', #1895 );
#1278 = SURFACE_STYLE_USAGE( .BOTH., #1896 );
#1279 = FACE_OUTER_BOUND( '', #1897, .T. );
#1280 = PLANE( '', #1898 );
#1281 = SURFACE_STYLE_USAGE( .BOTH., #1899 );
#1282 = FACE_OUTER_BOUND( '', #1900, .T. );
#1283 = PLANE( '', #1901 );
#1284 = SURFACE_STYLE_USAGE( .BOTH., #1902 );
#1285 = FACE_OUTER_BOUND( '', #1903, .T. );
#1286 = PLANE( '', #1904 );
#1287 = SURFACE_STYLE_USAGE( .BOTH., #1905 );
#1288 = FACE_OUTER_BOUND( '', #1906, .T. );
#1289 = PLANE( '', #1907 );
#1290 = SURFACE_STYLE_USAGE( .BOTH., #1908 );
#1291 = FACE_OUTER_BOUND( '', #1909, .T. );
#1292 = PLANE( '', #1910 );
#1293 = SURFACE_STYLE_USAGE( .BOTH., #1911 );
#1294 = FACE_OUTER_BOUND( '', #1912, .T. );
#1295 = PLANE( '', #1913 );
#1296 = SURFACE_STYLE_USAGE( .BOTH., #1914 );
#1297 = FACE_OUTER_BOUND( '', #1915, .T. );
#1298 = PLANE( '', #1916 );
#1299 = SURFACE_STYLE_USAGE( .BOTH., #1917 );
#1300 = FACE_OUTER_BOUND( '', #1918, .T. );
#1301 = CYLINDRICAL_SURFACE( '', #1919, 0.0500000000000000 );
#1302 = SURFACE_STYLE_USAGE( .BOTH., #1920 );
#1303 = FACE_OUTER_BOUND( '', #1921, .T. );
#1304 = PLANE( '', #1922 );
#1305 = SURFACE_STYLE_USAGE( .BOTH., #1923 );
#1306 = FACE_OUTER_BOUND( '', #1924, .T. );
#1307 = CYLINDRICAL_SURFACE( '', #1925, 0.0250000000000000 );
#1308 =  ( LENGTH_UNIT(  )NAMED_UNIT( #673 )SI_UNIT( .MILLI., .METRE. ) );
#1311 = LENGTH_MEASURE_WITH_UNIT( LENGTH_MEASURE( 25.4000000000000 ), #1927 );
#1314 = DIMENSIONAL_EXPONENTS( 1.00000000000000, 0.000000000000000, 0.000000000000000, 0.000000000000000, 0.000000000000000, 0.000000000000000, 0.000000000000000 );
#1316 = DIMENSIONAL_EXPONENTS( 0.000000000000000, 0.000000000000000, 0.000000000000000, 0.000000000000000, 0.000000000000000, 0.000000000000000, 0.000000000000000 );
#1322 = SURFACE_SIDE_STYLE( '', ( #1928 ) );
#1323 = EDGE_LOOP( '', ( #1929, #1930, #1931, #1932, #1933, #1934, #1935, #1936, #1937, #1938, #1939, #1940, #1941, #1942, #1943, #1944, #1945, #1946, #1947, #1948 ) );
#1324 = AXIS2_PLACEMENT_3D( '', #1949, #1950, #1951 );
#1325 = SURFACE_SIDE_STYLE( '', ( #1952 ) );
#1326 = EDGE_LOOP( '', ( #1953, #1954, #1955, #1956 ) );
#1327 = AXIS2_PLACEMENT_3D( '', #1957, #1958, #1959 );
#1328 = SURFACE_SIDE_STYLE( '', ( #1960 ) );
#1329 = EDGE_LOOP( '', ( #1961, #1962, #1963, #1964 ) );
#1330 = AXIS2_PLACEMENT_3D( '', #1965, #1966, #1967 );
#1331 = SURFACE_SIDE_STYLE( '', ( #1968 ) );
#1332 = EDGE_LOOP( '', ( #1969, #1970, #1971, #1972 ) );
#1333 = AXIS2_PLACEMENT_3D( '', #1973, #1974, #1975 );
#1334 = SURFACE_SIDE_STYLE( '', ( #1976 ) );
#1335 = EDGE_LOOP( '', ( #1977, #1978, #1979, #1980 ) );
#1336 = AXIS2_PLACEMENT_3D( '', #1981, #1982, #1983 );
#1337 = SURFACE_SIDE_STYLE( '', ( #1984 ) );
#1338 = EDGE_LOOP( '', ( #1985, #1986, #1987, #1988, #1989, #1990, #1991, #1992, #1993, #1994 ) );
#1339 = AXIS2_PLACEMENT_3D( '', #1995, #1996, #1997 );
#1340 = SURFACE_SIDE_STYLE( '', ( #1998 ) );
#1341 = EDGE_LOOP( '', ( #1999, #2000, #2001, #2002, #2003, #2004, #2005, #2006, #2007, #2008, #2009, #2010 ) );
#1342 = AXIS2_PLACEMENT_3D( '', #2011, #2012, #2013 );
#1343 = SURFACE_SIDE_STYLE( '', ( #2014 ) );
#1344 = EDGE_LOOP( '', ( #2015, #2016, #2017, #2018, #2019, #2020, #2021, #2022, #2023, #2024, #2025, #2026 ) );
#1345 = AXIS2_PLACEMENT_3D( '', #2027, #2028, #2029 );
#1346 = SURFACE_SIDE_STYLE( '', ( #2030 ) );
#1347 = EDGE_LOOP( '', ( #2031, #2032, #2033, #2034 ) );
#1348 = AXIS2_PLACEMENT_3D( '', #2035, #2036, #2037 );
#1349 = SURFACE_SIDE_STYLE( '', ( #2038 ) );
#1350 = EDGE_LOOP( '', ( #2039, #2040, #2041, #2042, #2043, #2044 ) );
#1351 = AXIS2_PLACEMENT_3D( '', #2045, #2046, #2047 );
#1352 = SURFACE_SIDE_STYLE( '', ( #2048 ) );
#1353 = EDGE_LOOP( '', ( #2049, #2050, #2051, #2052 ) );
#1354 = AXIS2_PLACEMENT_3D( '', #2053, #2054, #2055 );
#1355 = SURFACE_SIDE_STYLE( '', ( #2056 ) );
#1356 = EDGE_LOOP( '', ( #2057, #2058, #2059, #2060, #2061, #2062, #2063, #2064, #2065, #2066 ) );
#1357 = AXIS2_PLACEMENT_3D( '', #2067, #2068, #2069 );
#1358 = SURFACE_SIDE_STYLE( '', ( #2070 ) );
#1359 = EDGE_LOOP( '', ( #2071, #2072, #2073, #2074 ) );
#1360 = AXIS2_PLACEMENT_3D( '', #2075, #2076, #2077 );
#1361 = SURFACE_SIDE_STYLE( '', ( #2078 ) );
#1362 = EDGE_LOOP( '', ( #2079, #2080, #2081, #2082 ) );
#1363 = AXIS2_PLACEMENT_3D( '', #2083, #2084, #2085 );
#1364 = SURFACE_SIDE_STYLE( '', ( #2086 ) );
#1365 = EDGE_LOOP( '', ( #2087, #2088, #2089, #2090 ) );
#1366 = AXIS2_PLACEMENT_3D( '', #2091, #2092, #2093 );
#1367 = SURFACE_SIDE_STYLE( '', ( #2094 ) );
#1368 = EDGE_LOOP( '', ( #2095, #2096, #2097, #2098 ) );
#1369 = AXIS2_PLACEMENT_3D( '', #2099, #2100, #2101 );
#1370 = SURFACE_SIDE_STYLE( '', ( #2102 ) );
#1371 = EDGE_LOOP( '', ( #2103, #2104, #2105, #2106, #2107, #2108, #2109, #2110, #2111, #2112 ) );
#1372 = AXIS2_PLACEMENT_3D( '', #2113, #2114, #2115 );
#1373 = SURFACE_SIDE_STYLE( '', ( #2116 ) );
#1374 = EDGE_LOOP( '', ( #2117, #2118, #2119, #2120 ) );
#1375 = AXIS2_PLACEMENT_3D( '', #2121, #2122, #2123 );
#1376 = SURFACE_SIDE_STYLE( '', ( #2124 ) );
#1377 = EDGE_LOOP( '', ( #2125, #2126, #2127, #2128 ) );
#1378 = AXIS2_PLACEMENT_3D( '', #2129, #2130, #2131 );
#1379 = SURFACE_SIDE_STYLE( '', ( #2132 ) );
#1380 = EDGE_LOOP( '', ( #2133, #2134, #2135, #2136, #2137, #2138, #2139, #2140, #2141, #2142, #2143, #2144, #2145, #2146, #2147, #2148, #2149, #2150, #2151, #2152, #2153, #2154, #2155, #2156, #2157, #2158, #2159, #2160, #2161, #2162, #2163, #2164, #2165, #2166, #2167, #2168, #2169, #2170, #2171, #2172 ) );
#1381 = AXIS2_PLACEMENT_3D( '', #2173, #2174, #2175 );
#1382 = SURFACE_SIDE_STYLE( '', ( #2176 ) );
#1383 = EDGE_LOOP( '', ( #2177, #2178, #2179, #2180 ) );
#1384 = AXIS2_PLACEMENT_3D( '', #2181, #2182, #2183 );
#1385 = SURFACE_SIDE_STYLE( '', ( #2184 ) );
#1386 = EDGE_LOOP( '', ( #2185, #2186, #2187, #2188 ) );
#1387 = AXIS2_PLACEMENT_3D( '', #2189, #2190, #2191 );
#1388 = SURFACE_SIDE_STYLE( '', ( #2192 ) );
#1389 = EDGE_LOOP( '', ( #2193, #2194, #2195, #2196, #2197, #2198 ) );
#1390 = AXIS2_PLACEMENT_3D( '', #2199, #2200, #2201 );
#1391 = SURFACE_SIDE_STYLE( '', ( #2202 ) );
#1392 = EDGE_LOOP( '', ( #2203, #2204, #2205, #2206 ) );
#1393 = AXIS2_PLACEMENT_3D( '', #2207, #2208, #2209 );
#1394 = SURFACE_SIDE_STYLE( '', ( #2210 ) );
#1395 = EDGE_LOOP( '', ( #2211, #2212, #2213, #2214 ) );
#1396 = AXIS2_PLACEMENT_3D( '', #2215, #2216, #2217 );
#1397 = SURFACE_SIDE_STYLE( '', ( #2218 ) );
#1398 = EDGE_LOOP( '', ( #2219, #2220, #2221, #2222 ) );
#1399 = AXIS2_PLACEMENT_3D( '', #2223, #2224, #2225 );
#1400 = SURFACE_SIDE_STYLE( '', ( #2226 ) );
#1401 = EDGE_LOOP( '', ( #2227, #2228, #2229, #2230 ) );
#1402 = AXIS2_PLACEMENT_3D( '', #2231, #2232, #2233 );
#1403 = SURFACE_SIDE_STYLE( '', ( #2234 ) );
#1404 = EDGE_LOOP( '', ( #2235, #2236, #2237, #2238 ) );
#1405 = AXIS2_PLACEMENT_3D( '', #2239, #2240, #2241 );
#1406 = SURFACE_SIDE_STYLE( '', ( #2242 ) );
#1407 = EDGE_LOOP( '', ( #2243, #2244, #2245, #2246 ) );
#1408 = AXIS2_PLACEMENT_3D( '', #2247, #2248, #2249 );
#1409 = SURFACE_SIDE_STYLE( '', ( #2250 ) );
#1410 = EDGE_LOOP( '', ( #2251, #2252, #2253, #2254 ) );
#1411 = AXIS2_PLACEMENT_3D( '', #2255, #2256, #2257 );
#1412 = SURFACE_SIDE_STYLE( '', ( #2258 ) );
#1413 = EDGE_LOOP( '', ( #2259, #2260, #2261, #2262 ) );
#1414 = AXIS2_PLACEMENT_3D( '', #2263, #2264, #2265 );
#1415 = SURFACE_SIDE_STYLE( '', ( #2266 ) );
#1416 = EDGE_LOOP( '', ( #2267, #2268, #2269, #2270, #2271, #2272, #2273, #2274, #2275, #2276, #2277, #2278, #2279, #2280, #2281, #2282 ) );
#1417 = AXIS2_PLACEMENT_3D( '', #2283, #2284, #2285 );
#1418 = SURFACE_SIDE_STYLE( '', ( #2286 ) );
#1419 = EDGE_LOOP( '', ( #2287, #2288, #2289, #2290 ) );
#1420 = AXIS2_PLACEMENT_3D( '', #2291, #2292, #2293 );
#1421 = SURFACE_SIDE_STYLE( '', ( #2294 ) );
#1422 = EDGE_LOOP( '', ( #2295, #2296, #2297, #2298 ) );
#1423 = AXIS2_PLACEMENT_3D( '', #2299, #2300, #2301 );
#1424 = SURFACE_SIDE_STYLE( '', ( #2302 ) );
#1425 = EDGE_LOOP( '', ( #2303, #2304, #2305, #2306 ) );
#1426 = AXIS2_PLACEMENT_3D( '', #2307, #2308, #2309 );
#1427 = SURFACE_SIDE_STYLE( '', ( #2310 ) );
#1428 = EDGE_LOOP( '', ( #2311, #2312, #2313, #2314 ) );
#1429 = AXIS2_PLACEMENT_3D( '', #2315, #2316, #2317 );
#1430 = SURFACE_SIDE_STYLE( '', ( #2318 ) );
#1431 = EDGE_LOOP( '', ( #2319, #2320, #2321, #2322 ) );
#1432 = AXIS2_PLACEMENT_3D( '', #2323, #2324, #2325 );
#1433 = SURFACE_SIDE_STYLE( '', ( #2326 ) );
#1434 = EDGE_LOOP( '', ( #2327, #2328, #2329, #2330, #2331, #2332, #2333, #2334, #2335, #2336, #2337, #2338, #2339, #2340, #2341, #2342, #2343, #2344, #2345, #2346, #2347, #2348, #2349, #2350, #2351, #2352, #2353, #2354 ) );
#1435 = AXIS2_PLACEMENT_3D( '', #2355, #2356, #2357 );
#1436 = SURFACE_SIDE_STYLE( '', ( #2358 ) );
#1437 = EDGE_LOOP( '', ( #2359, #2360, #2361, #2362, #2363, #2364, #2365, #2366, #2367, #2368 ) );
#1438 = AXIS2_PLACEMENT_3D( '', #2369, #2370, #2371 );
#1439 = SURFACE_SIDE_STYLE( '', ( #2372 ) );
#1440 = EDGE_LOOP( '', ( #2373, #2374, #2375, #2376 ) );
#1441 = AXIS2_PLACEMENT_3D( '', #2377, #2378, #2379 );
#1442 = SURFACE_SIDE_STYLE( '', ( #2380 ) );
#1443 = EDGE_LOOP( '', ( #2381, #2382, #2383, #2384 ) );
#1444 = AXIS2_PLACEMENT_3D( '', #2385, #2386, #2387 );
#1445 = SURFACE_SIDE_STYLE( '', ( #2388 ) );
#1446 = EDGE_LOOP( '', ( #2389, #2390, #2391, #2392 ) );
#1447 = AXIS2_PLACEMENT_3D( '', #2393, #2394, #2395 );
#1448 = SURFACE_SIDE_STYLE( '', ( #2396 ) );
#1449 = EDGE_LOOP( '', ( #2397, #2398, #2399, #2400 ) );
#1450 = AXIS2_PLACEMENT_3D( '', #2401, #2402, #2403 );
#1451 = SURFACE_SIDE_STYLE( '', ( #2404 ) );
#1452 = EDGE_LOOP( '', ( #2405, #2406, #2407, #2408 ) );
#1453 = AXIS2_PLACEMENT_3D( '', #2409, #2410, #2411 );
#1454 = SURFACE_SIDE_STYLE( '', ( #2412 ) );
#1455 = EDGE_LOOP( '', ( #2413, #2414, #2415, #2416, #2417, #2418, #2419, #2420, #2421, #2422 ) );
#1456 = AXIS2_PLACEMENT_3D( '', #2423, #2424, #2425 );
#1457 = SURFACE_SIDE_STYLE( '', ( #2426 ) );
#1458 = EDGE_LOOP( '', ( #2427, #2428, #2429, #2430 ) );
#1459 = AXIS2_PLACEMENT_3D( '', #2431, #2432, #2433 );
#1460 = SURFACE_SIDE_STYLE( '', ( #2434 ) );
#1461 = EDGE_LOOP( '', ( #2435, #2436, #2437, #2438 ) );
#1462 = AXIS2_PLACEMENT_3D( '', #2439, #2440, #2441 );
#1463 = SURFACE_SIDE_STYLE( '', ( #2442 ) );
#1464 = EDGE_LOOP( '', ( #2443, #2444, #2445, #2446 ) );
#1465 = AXIS2_PLACEMENT_3D( '', #2447, #2448, #2449 );
#1466 = SURFACE_SIDE_STYLE( '', ( #2450 ) );
#1467 = EDGE_LOOP( '', ( #2451, #2452, #2453, #2454 ) );
#1468 = AXIS2_PLACEMENT_3D( '', #2455, #2456, #2457 );
#1469 = SURFACE_SIDE_STYLE( '', ( #2458 ) );
#1470 = EDGE_LOOP( '', ( #2459, #2460, #2461, #2462, #2463, #2464, #2465, #2466, #2467, #2468 ) );
#1471 = AXIS2_PLACEMENT_3D( '', #2469, #2470, #2471 );
#1472 = SURFACE_SIDE_STYLE( '', ( #2472 ) );
#1473 = EDGE_LOOP( '', ( #2473, #2474, #2475, #2476 ) );
#1474 = AXIS2_PLACEMENT_3D( '', #2477, #2478, #2479 );
#1475 = SURFACE_SIDE_STYLE( '', ( #2480 ) );
#1476 = EDGE_LOOP( '', ( #2481, #2482, #2483, #2484 ) );
#1477 = AXIS2_PLACEMENT_3D( '', #2485, #2486, #2487 );
#1478 = SURFACE_SIDE_STYLE( '', ( #2488 ) );
#1479 = EDGE_LOOP( '', ( #2489, #2490, #2491, #2492, #2493, #2494, #2495, #2496 ) );
#1480 = AXIS2_PLACEMENT_3D( '', #2497, #2498, #2499 );
#1481 = SURFACE_SIDE_STYLE( '', ( #2500 ) );
#1482 = EDGE_LOOP( '', ( #2501, #2502, #2503, #2504 ) );
#1483 = AXIS2_PLACEMENT_3D( '', #2505, #2506, #2507 );
#1484 = SURFACE_SIDE_STYLE( '', ( #2508 ) );
#1485 = EDGE_LOOP( '', ( #2509, #2510, #2511, #2512 ) );
#1486 = AXIS2_PLACEMENT_3D( '', #2513, #2514, #2515 );
#1487 = SURFACE_SIDE_STYLE( '', ( #2516 ) );
#1488 = EDGE_LOOP( '', ( #2517, #2518, #2519, #2520 ) );
#1489 = AXIS2_PLACEMENT_3D( '', #2521, #2522, #2523 );
#1490 = SURFACE_SIDE_STYLE( '', ( #2524 ) );
#1491 = EDGE_LOOP( '', ( #2525, #2526, #2527, #2528 ) );
#1492 = AXIS2_PLACEMENT_3D( '', #2529, #2530, #2531 );
#1493 = SURFACE_SIDE_STYLE( '', ( #2532 ) );
#1494 = EDGE_LOOP( '', ( #2533, #2534, #2535, #2536 ) );
#1495 = AXIS2_PLACEMENT_3D( '', #2537, #2538, #2539 );
#1496 = SURFACE_SIDE_STYLE( '', ( #2540 ) );
#1497 = EDGE_LOOP( '', ( #2541, #2542, #2543, #2544 ) );
#1498 = AXIS2_PLACEMENT_3D( '', #2545, #2546, #2547 );
#1499 = SURFACE_SIDE_STYLE( '', ( #2548 ) );
#1500 = EDGE_LOOP( '', ( #2549, #2550, #2551, #2552 ) );
#1501 = AXIS2_PLACEMENT_3D( '', #2553, #2554, #2555 );
#1502 = SURFACE_SIDE_STYLE( '', ( #2556 ) );
#1503 = EDGE_LOOP( '', ( #2557, #2558, #2559, #2560 ) );
#1504 = AXIS2_PLACEMENT_3D( '', #2561, #2562, #2563 );
#1505 = SURFACE_SIDE_STYLE( '', ( #2564 ) );
#1506 = EDGE_LOOP( '', ( #2565, #2566, #2567, #2568 ) );
#1507 = AXIS2_PLACEMENT_3D( '', #2569, #2570, #2571 );
#1508 = SURFACE_SIDE_STYLE( '', ( #2572 ) );
#1509 = EDGE_LOOP( '', ( #2573, #2574, #2575, #2576 ) );
#1510 = AXIS2_PLACEMENT_3D( '', #2577, #2578, #2579 );
#1511 = SURFACE_SIDE_STYLE( '', ( #2580 ) );
#1512 = EDGE_LOOP( '', ( #2581, #2582, #2583, #2584 ) );
#1513 = AXIS2_PLACEMENT_3D( '', #2585, #2586, #2587 );
#1514 = SURFACE_SIDE_STYLE( '', ( #2588 ) );
#1515 = EDGE_LOOP( '', ( #2589, #2590, #2591, #2592 ) );
#1516 = AXIS2_PLACEMENT_3D( '', #2593, #2594, #2595 );
#1517 = SURFACE_SIDE_STYLE( '', ( #2596 ) );
#1518 = EDGE_LOOP( '', ( #2597, #2598, #2599, #2600 ) );
#1519 = AXIS2_PLACEMENT_3D( '', #2601, #2602, #2603 );
#1520 = SURFACE_SIDE_STYLE( '', ( #2604 ) );
#1521 = EDGE_LOOP( '', ( #2605, #2606, #2607, #2608 ) );
#1522 = AXIS2_PLACEMENT_3D( '', #2609, #2610, #2611 );
#1523 = SURFACE_SIDE_STYLE( '', ( #2612 ) );
#1524 = EDGE_LOOP( '', ( #2613, #2614, #2615, #2616, #2617, #2618, #2619, #2620, #2621, #2622 ) );
#1525 = AXIS2_PLACEMENT_3D( '', #2623, #2624, #2625 );
#1526 = SURFACE_SIDE_STYLE( '', ( #2626 ) );
#1527 = EDGE_LOOP( '', ( #2627, #2628, #2629, #2630 ) );
#1528 = AXIS2_PLACEMENT_3D( '', #2631, #2632, #2633 );
#1529 = SURFACE_SIDE_STYLE( '', ( #2634 ) );
#1530 = EDGE_LOOP( '', ( #2635, #2636, #2637, #2638, #2639, #2640, #2641, #2642, #2643, #2644, #2645, #2646 ) );
#1531 = AXIS2_PLACEMENT_3D( '', #2647, #2648, #2649 );
#1532 = SURFACE_SIDE_STYLE( '', ( #2650 ) );
#1533 = EDGE_LOOP( '', ( #2651, #2652, #2653, #2654 ) );
#1534 = AXIS2_PLACEMENT_3D( '', #2655, #2656, #2657 );
#1535 = SURFACE_SIDE_STYLE( '', ( #2658 ) );
#1536 = EDGE_LOOP( '', ( #2659, #2660, #2661, #2662 ) );
#1537 = AXIS2_PLACEMENT_3D( '', #2663, #2664, #2665 );
#1538 = SURFACE_SIDE_STYLE( '', ( #2666 ) );
#1539 = EDGE_LOOP( '', ( #2667, #2668, #2669, #2670 ) );
#1540 = AXIS2_PLACEMENT_3D( '', #2671, #2672, #2673 );
#1541 = SURFACE_SIDE_STYLE( '', ( #2674 ) );
#1542 = EDGE_LOOP( '', ( #2675, #2676, #2677, #2678 ) );
#1543 = AXIS2_PLACEMENT_3D( '', #2679, #2680, #2681 );
#1544 = SURFACE_SIDE_STYLE( '', ( #2682 ) );
#1545 = EDGE_LOOP( '', ( #2683, #2684, #2685, #2686 ) );
#1546 = AXIS2_PLACEMENT_3D( '', #2687, #2688, #2689 );
#1547 = SURFACE_SIDE_STYLE( '', ( #2690 ) );
#1548 = EDGE_LOOP( '', ( #2691, #2692, #2693, #2694, #2695, #2696, #2697, #2698, #2699, #2700 ) );
#1549 = AXIS2_PLACEMENT_3D( '', #2701, #2702, #2703 );
#1550 = SURFACE_SIDE_STYLE( '', ( #2704 ) );
#1551 = EDGE_LOOP( '', ( #2705, #2706, #2707, #2708 ) );
#1552 = AXIS2_PLACEMENT_3D( '', #2709, #2710, #2711 );
#1553 = SURFACE_SIDE_STYLE( '', ( #2712 ) );
#1554 = EDGE_LOOP( '', ( #2713, #2714, #2715, #2716 ) );
#1555 = AXIS2_PLACEMENT_3D( '', #2717, #2718, #2719 );
#1556 = SURFACE_SIDE_STYLE( '', ( #2720 ) );
#1557 = EDGE_LOOP( '', ( #2721, #2722, #2723, #2724, #2725, #2726, #2727, #2728, #2729, #2730 ) );
#1558 = AXIS2_PLACEMENT_3D( '', #2731, #2732, #2733 );
#1559 = SURFACE_SIDE_STYLE( '', ( #2734 ) );
#1560 = EDGE_LOOP( '', ( #2735, #2736, #2737, #2738 ) );
#1561 = AXIS2_PLACEMENT_3D( '', #2739, #2740, #2741 );
#1562 = SURFACE_SIDE_STYLE( '', ( #2742 ) );
#1563 = EDGE_LOOP( '', ( #2743, #2744, #2745, #2746 ) );
#1564 = AXIS2_PLACEMENT_3D( '', #2747, #2748, #2749 );
#1565 = SURFACE_SIDE_STYLE( '', ( #2750 ) );
#1566 = EDGE_LOOP( '', ( #2751, #2752, #2753, #2754 ) );
#1567 = AXIS2_PLACEMENT_3D( '', #2755, #2756, #2757 );
#1568 = SURFACE_SIDE_STYLE( '', ( #2758 ) );
#1569 = EDGE_LOOP( '', ( #2759, #2760, #2761, #2762 ) );
#1570 = AXIS2_PLACEMENT_3D( '', #2763, #2764, #2765 );
#1571 = SURFACE_SIDE_STYLE( '', ( #2766 ) );
#1572 = EDGE_LOOP( '', ( #2767, #2768, #2769, #2770 ) );
#1573 = AXIS2_PLACEMENT_3D( '', #2771, #2772, #2773 );
#1574 = SURFACE_SIDE_STYLE( '', ( #2774 ) );
#1575 = EDGE_LOOP( '', ( #2775, #2776, #2777, #2778, #2779, #2780, #2781, #2782, #2783, #2784 ) );
#1576 = AXIS2_PLACEMENT_3D( '', #2785, #2786, #2787 );
#1577 = SURFACE_SIDE_STYLE( '', ( #2788 ) );
#1578 = EDGE_LOOP( '', ( #2789, #2790, #2791, #2792 ) );
#1579 = AXIS2_PLACEMENT_3D( '', #2793, #2794, #2795 );
#1580 = SURFACE_SIDE_STYLE( '', ( #2796 ) );
#1581 = EDGE_LOOP( '', ( #2797, #2798, #2799, #2800 ) );
#1582 = AXIS2_PLACEMENT_3D( '', #2801, #2802, #2803 );
#1583 = SURFACE_SIDE_STYLE( '', ( #2804 ) );
#1584 = EDGE_LOOP( '', ( #2805, #2806, #2807, #2808 ) );
#1585 = AXIS2_PLACEMENT_3D( '', #2809, #2810, #2811 );
#1586 = SURFACE_SIDE_STYLE( '', ( #2812 ) );
#1587 = EDGE_LOOP( '', ( #2813, #2814, #2815, #2816 ) );
#1588 = AXIS2_PLACEMENT_3D( '', #2817, #2818, #2819 );
#1589 = SURFACE_SIDE_STYLE( '', ( #2820 ) );
#1590 = EDGE_LOOP( '', ( #2821, #2822, #2823, #2824, #2825, #2826, #2827, #2828, #2829, #2830 ) );
#1591 = AXIS2_PLACEMENT_3D( '', #2831, #2832, #2833 );
#1592 = SURFACE_SIDE_STYLE( '', ( #2834 ) );
#1593 = EDGE_LOOP( '', ( #2835, #2836, #2837, #2838 ) );
#1594 = AXIS2_PLACEMENT_3D( '', #2839, #2840, #2841 );
#1595 = SURFACE_SIDE_STYLE( '', ( #2842 ) );
#1596 = EDGE_LOOP( '', ( #2843, #2844, #2845, #2846 ) );
#1597 = AXIS2_PLACEMENT_3D( '', #2847, #2848, #2849 );
#1598 = SURFACE_SIDE_STYLE( '', ( #2850 ) );
#1599 = EDGE_LOOP( '', ( #2851, #2852, #2853, #2854 ) );
#1600 = AXIS2_PLACEMENT_3D( '', #2855, #2856, #2857 );
#1601 = SURFACE_SIDE_STYLE( '', ( #2858 ) );
#1602 = EDGE_LOOP( '', ( #2859, #2860, #2861, #2862 ) );
#1603 = AXIS2_PLACEMENT_3D( '', #2863, #2864, #2865 );
#1604 = SURFACE_SIDE_STYLE( '', ( #2866 ) );
#1605 = EDGE_LOOP( '', ( #2867, #2868, #2869, #2870 ) );
#1606 = AXIS2_PLACEMENT_3D( '', #2871, #2872, #2873 );
#1607 = SURFACE_SIDE_STYLE( '', ( #2874 ) );
#1608 = EDGE_LOOP( '', ( #2875, #2876, #2877, #2878 ) );
#1609 = AXIS2_PLACEMENT_3D( '', #2879, #2880, #2881 );
#1610 = SURFACE_SIDE_STYLE( '', ( #2882 ) );
#1611 = EDGE_LOOP( '', ( #2883, #2884, #2885, #2886 ) );
#1612 = AXIS2_PLACEMENT_3D( '', #2887, #2888, #2889 );
#1613 = SURFACE_SIDE_STYLE( '', ( #2890 ) );
#1614 = EDGE_LOOP( '', ( #2891, #2892, #2893, #2894 ) );
#1615 = AXIS2_PLACEMENT_3D( '', #2895, #2896, #2897 );
#1616 = SURFACE_SIDE_STYLE( '', ( #2898 ) );
#1617 = EDGE_LOOP( '', ( #2899, #2900, #2901, #2902, #2903, #2904 ) );
#1618 = AXIS2_PLACEMENT_3D( '', #2905, #2906, #2907 );
#1619 = SURFACE_SIDE_STYLE( '', ( #2908 ) );
#1620 = EDGE_LOOP( '', ( #2909, #2910, #2911, #2912, #2913, #2914, #2915, #2916, #2917, #2918, #2919, #2920 ) );
#1621 = AXIS2_PLACEMENT_3D( '', #2921, #2922, #2923 );
#1622 = SURFACE_SIDE_STYLE( '', ( #2924 ) );
#1623 = EDGE_LOOP( '', ( #2925, #2926, #2927, #2928 ) );
#1624 = AXIS2_PLACEMENT_3D( '', #2929, #2930, #2931 );
#1625 = SURFACE_SIDE_STYLE( '', ( #2932 ) );
#1626 = EDGE_LOOP( '', ( #2933, #2934, #2935, #2936 ) );
#1627 = AXIS2_PLACEMENT_3D( '', #2937, #2938, #2939 );
#1628 = SURFACE_SIDE_STYLE( '', ( #2940 ) );
#1629 = EDGE_LOOP( '', ( #2941, #2942, #2943, #2944 ) );
#1630 = AXIS2_PLACEMENT_3D( '', #2945, #2946, #2947 );
#1631 = SURFACE_SIDE_STYLE( '', ( #2948 ) );
#1632 = EDGE_LOOP( '', ( #2949, #2950, #2951, #2952 ) );
#1633 = AXIS2_PLACEMENT_3D( '', #2953, #2954, #2955 );
#1634 = SURFACE_SIDE_STYLE( '', ( #2956 ) );
#1635 = EDGE_LOOP( '', ( #2957, #2958, #2959, #2960 ) );
#1636 = AXIS2_PLACEMENT_3D( '', #2961, #2962, #2963 );
#1637 = SURFACE_SIDE_STYLE( '', ( #2964 ) );
#1638 = EDGE_LOOP( '', ( #2965, #2966, #2967, #2968 ) );
#1639 = AXIS2_PLACEMENT_3D( '', #2969, #2970, #2971 );
#1640 = SURFACE_SIDE_STYLE( '', ( #2972 ) );
#1641 = EDGE_LOOP( '', ( #2973, #2974, #2975, #2976 ) );
#1642 = AXIS2_PLACEMENT_3D( '', #2977, #2978, #2979 );
#1643 = SURFACE_SIDE_STYLE( '', ( #2980 ) );
#1644 = EDGE_LOOP( '', ( #2981, #2982, #2983, #2984, #2985, #2986 ) );
#1645 = AXIS2_PLACEMENT_3D( '', #2987, #2988, #2989 );
#1646 = SURFACE_SIDE_STYLE( '', ( #2990 ) );
#1647 = EDGE_LOOP( '', ( #2991, #2992, #2993, #2994 ) );
#1648 = AXIS2_PLACEMENT_3D( '', #2995, #2996, #2997 );
#1649 = SURFACE_SIDE_STYLE( '', ( #2998 ) );
#1650 = EDGE_LOOP( '', ( #2999, #3000, #3001, #3002 ) );
#1651 = AXIS2_PLACEMENT_3D( '', #3003, #3004, #3005 );
#1652 = SURFACE_SIDE_STYLE( '', ( #3006 ) );
#1653 = EDGE_LOOP( '', ( #3007, #3008, #3009, #3010 ) );
#1654 = AXIS2_PLACEMENT_3D( '', #3011, #3012, #3013 );
#1655 = SURFACE_SIDE_STYLE( '', ( #3014 ) );
#1656 = EDGE_LOOP( '', ( #3015, #3016, #3017, #3018 ) );
#1657 = AXIS2_PLACEMENT_3D( '', #3019, #3020, #3021 );
#1658 = SURFACE_SIDE_STYLE( '', ( #3022 ) );
#1659 = EDGE_LOOP( '', ( #3023, #3024, #3025, #3026 ) );
#1660 = AXIS2_PLACEMENT_3D( '', #3027, #3028, #3029 );
#1661 = SURFACE_SIDE_STYLE( '', ( #3030 ) );
#1662 = EDGE_LOOP( '', ( #3031, #3032, #3033, #3034 ) );
#1663 = AXIS2_PLACEMENT_3D( '', #3035, #3036, #3037 );
#1664 = SURFACE_SIDE_STYLE( '', ( #3038 ) );
#1665 = EDGE_LOOP( '', ( #3039, #3040, #3041, #3042 ) );
#1666 = AXIS2_PLACEMENT_3D( '', #3043, #3044, #3045 );
#1667 = SURFACE_SIDE_STYLE( '', ( #3046 ) );
#1668 = EDGE_LOOP( '', ( #3047, #3048, #3049, #3050 ) );
#1669 = AXIS2_PLACEMENT_3D( '', #3051, #3052, #3053 );
#1670 = SURFACE_SIDE_STYLE( '', ( #3054 ) );
#1671 = EDGE_LOOP( '', ( #3055, #3056, #3057, #3058 ) );
#1672 = AXIS2_PLACEMENT_3D( '', #3059, #3060, #3061 );
#1673 = SURFACE_SIDE_STYLE( '', ( #3062 ) );
#1674 = EDGE_LOOP( '', ( #3063, #3064, #3065, #3066 ) );
#1675 = AXIS2_PLACEMENT_3D( '', #3067, #3068, #3069 );
#1676 = SURFACE_SIDE_STYLE( '', ( #3070 ) );
#1677 = EDGE_LOOP( '', ( #3071, #3072, #3073, #3074 ) );
#1678 = AXIS2_PLACEMENT_3D( '', #3075, #3076, #3077 );
#1679 = SURFACE_SIDE_STYLE( '', ( #3078 ) );
#1680 = EDGE_LOOP( '', ( #3079, #3080, #3081, #3082, #3083, #3084 ) );
#1681 = AXIS2_PLACEMENT_3D( '', #3085, #3086, #3087 );
#1682 = SURFACE_SIDE_STYLE( '', ( #3088 ) );
#1683 = EDGE_LOOP( '', ( #3089, #3090, #3091, #3092 ) );
#1684 = AXIS2_PLACEMENT_3D( '', #3093, #3094, #3095 );
#1685 = SURFACE_SIDE_STYLE( '', ( #3096 ) );
#1686 = EDGE_LOOP( '', ( #3097, #3098, #3099, #3100 ) );
#1687 = AXIS2_PLACEMENT_3D( '', #3101, #3102, #3103 );
#1688 = SURFACE_SIDE_STYLE( '', ( #3104 ) );
#1689 = EDGE_LOOP( '', ( #3105, #3106, #3107, #3108 ) );
#1690 = AXIS2_PLACEMENT_3D( '', #3109, #3110, #3111 );
#1691 = SURFACE_SIDE_STYLE( '', ( #3112 ) );
#1692 = EDGE_LOOP( '', ( #3113, #3114, #3115, #3116 ) );
#1693 = AXIS2_PLACEMENT_3D( '', #3117, #3118, #3119 );
#1694 = SURFACE_SIDE_STYLE( '', ( #3120 ) );
#1695 = EDGE_LOOP( '', ( #3121, #3122, #3123, #3124 ) );
#1696 = AXIS2_PLACEMENT_3D( '', #3125, #3126, #3127 );
#1697 = SURFACE_SIDE_STYLE( '', ( #3128 ) );
#1698 = EDGE_LOOP( '', ( #3129, #3130, #3131, #3132 ) );
#1699 = AXIS2_PLACEMENT_3D( '', #3133, #3134, #3135 );
#1700 = SURFACE_SIDE_STYLE( '', ( #3136 ) );
#1701 = EDGE_LOOP( '', ( #3137, #3138, #3139, #3140 ) );
#1702 = AXIS2_PLACEMENT_3D( '', #3141, #3142, #3143 );
#1703 = SURFACE_SIDE_STYLE( '', ( #3144 ) );
#1704 = EDGE_LOOP( '', ( #3145, #3146, #3147, #3148 ) );
#1705 = AXIS2_PLACEMENT_3D( '', #3149, #3150, #3151 );
#1706 = SURFACE_SIDE_STYLE( '', ( #3152 ) );
#1707 = EDGE_LOOP( '', ( #3153, #3154, #3155, #3156 ) );
#1708 = AXIS2_PLACEMENT_3D( '', #3157, #3158, #3159 );
#1709 = SURFACE_SIDE_STYLE( '', ( #3160 ) );
#1710 = EDGE_LOOP( '', ( #3161, #3162, #3163, #3164 ) );
#1711 = AXIS2_PLACEMENT_3D( '', #3165, #3166, #3167 );
#1712 = SURFACE_SIDE_STYLE( '', ( #3168 ) );
#1713 = EDGE_LOOP( '', ( #3169, #3170, #3171, #3172 ) );
#1714 = AXIS2_PLACEMENT_3D( '', #3173, #3174, #3175 );
#1715 = SURFACE_SIDE_STYLE( '', ( #3176 ) );
#1716 = EDGE_LOOP( '', ( #3177, #3178, #3179, #3180 ) );
#1717 = AXIS2_PLACEMENT_3D( '', #3181, #3182, #3183 );
#1718 = SURFACE_SIDE_STYLE( '', ( #3184 ) );
#1719 = EDGE_LOOP( '', ( #3185, #3186, #3187, #3188 ) );
#1720 = AXIS2_PLACEMENT_3D( '', #3189, #3190, #3191 );
#1721 = SURFACE_SIDE_STYLE( '', ( #3192 ) );
#1722 = EDGE_LOOP( '', ( #3193, #3194, #3195, #3196 ) );
#1723 = AXIS2_PLACEMENT_3D( '', #3197, #3198, #3199 );
#1724 = SURFACE_SIDE_STYLE( '', ( #3200 ) );
#1725 = EDGE_LOOP( '', ( #3201, #3202, #3203, #3204 ) );
#1726 = AXIS2_PLACEMENT_3D( '', #3205, #3206, #3207 );
#1727 = SURFACE_SIDE_STYLE( '', ( #3208 ) );
#1728 = EDGE_LOOP( '', ( #3209, #3210, #3211, #3212, #3213, #3214, #3215, #3216, #3217, #3218 ) );
#1729 = AXIS2_PLACEMENT_3D( '', #3219, #3220, #3221 );
#1730 = SURFACE_SIDE_STYLE( '', ( #3222 ) );
#1731 = EDGE_LOOP( '', ( #3223, #3224, #3225, #3226 ) );
#1732 = AXIS2_PLACEMENT_3D( '', #3227, #3228, #3229 );
#1733 = SURFACE_SIDE_STYLE( '', ( #3230 ) );
#1734 = EDGE_LOOP( '', ( #3231, #3232, #3233, #3234, #3235, #3236, #3237, #3238, #3239, #3240, #3241, #3242, #3243, #3244, #3245, #3246, #3247, #3248, #3249, #3250, #3251, #3252, #3253, #3254, #3255, #3256, #3257, #3258, #3259, #3260, #3261, #3262, #3263, #3264, #3265, #3266, #3267, #3268, #3269, #3270, #3271, #3272, #3273, #3274 ) );
#1735 = EDGE_LOOP( '', ( #3275, #3276, #3277, #3278, #3279, #3280, #3281, #3282, #3283, #3284, #3285, #3286, #3287, #3288, #3289, #3290, #3291, #3292, #3293, #3294, #3295, #3296, #3297, #3298, #3299, #3300, #3301, #3302 ) );
#1736 = AXIS2_PLACEMENT_3D( '', #3303, #3304, #3305 );
#1737 = SURFACE_SIDE_STYLE( '', ( #3306 ) );
#1738 = EDGE_LOOP( '', ( #3307, #3308, #3309, #3310, #3311, #3312, #3313, #3314, #3315, #3316 ) );
#1739 = AXIS2_PLACEMENT_3D( '', #3317, #3318, #3319 );
#1740 = SURFACE_SIDE_STYLE( '', ( #3320 ) );
#1741 = EDGE_LOOP( '', ( #3321, #3322, #3323, #3324 ) );
#1742 = AXIS2_PLACEMENT_3D( '', #3325, #3326, #3327 );
#1743 = SURFACE_SIDE_STYLE( '', ( #3328 ) );
#1744 = EDGE_LOOP( '', ( #3329, #3330, #3331, #3332 ) );
#1745 = AXIS2_PLACEMENT_3D( '', #3333, #3334, #3335 );
#1746 = SURFACE_SIDE_STYLE( '', ( #3336 ) );
#1747 = EDGE_LOOP( '', ( #3337, #3338, #3339, #3340 ) );
#1748 = AXIS2_PLACEMENT_3D( '', #3341, #3342, #3343 );
#1749 = SURFACE_SIDE_STYLE( '', ( #3344 ) );
#1750 = EDGE_LOOP( '', ( #3345, #3346, #3347, #3348 ) );
#1751 = AXIS2_PLACEMENT_3D( '', #3349, #3350, #3351 );
#1752 = SURFACE_SIDE_STYLE( '', ( #3352 ) );
#1753 = EDGE_LOOP( '', ( #3353, #3354, #3355, #3356 ) );
#1754 = AXIS2_PLACEMENT_3D( '', #3357, #3358, #3359 );
#1755 = SURFACE_SIDE_STYLE( '', ( #3360 ) );
#1756 = EDGE_LOOP( '', ( #3361, #3362, #3363, #3364 ) );
#1757 = AXIS2_PLACEMENT_3D( '', #3365, #3366, #3367 );
#1758 = SURFACE_SIDE_STYLE( '', ( #3368 ) );
#1759 = EDGE_LOOP( '', ( #3369, #3370, #3371, #3372 ) );
#1760 = AXIS2_PLACEMENT_3D( '', #3373, #3374, #3375 );
#1761 = SURFACE_SIDE_STYLE( '', ( #3376 ) );
#1762 = EDGE_LOOP( '', ( #3377, #3378, #3379, #3380 ) );
#1763 = AXIS2_PLACEMENT_3D( '', #3381, #3382, #3383 );
#1764 = SURFACE_SIDE_STYLE( '', ( #3384 ) );
#1765 = EDGE_LOOP( '', ( #3385, #3386, #3387, #3388 ) );
#1766 = AXIS2_PLACEMENT_3D( '', #3389, #3390, #3391 );
#1767 = SURFACE_SIDE_STYLE( '', ( #3392 ) );
#1768 = EDGE_LOOP( '', ( #3393, #3394, #3395, #3396, #3397, #3398, #3399, #3400, #3401, #3402, #3403, #3404, #3405, #3406, #3407, #3408, #3409, #3410, #3411, #3412, #3413, #3414, #3415, #3416, #3417, #3418, #3419, #3420 ) );
#1769 = AXIS2_PLACEMENT_3D( '', #3421, #3422, #3423 );
#1770 = SURFACE_SIDE_STYLE( '', ( #3424 ) );
#1771 = EDGE_LOOP( '', ( #3425, #3426, #3427, #3428 ) );
#1772 = AXIS2_PLACEMENT_3D( '', #3429, #3430, #3431 );
#1773 = SURFACE_SIDE_STYLE( '', ( #3432 ) );
#1774 = EDGE_LOOP( '', ( #3433, #3434, #3435, #3436 ) );
#1775 = AXIS2_PLACEMENT_3D( '', #3437, #3438, #3439 );
#1776 = SURFACE_SIDE_STYLE( '', ( #3440 ) );
#1777 = EDGE_LOOP( '', ( #3441, #3442, #3443, #3444 ) );
#1778 = AXIS2_PLACEMENT_3D( '', #3445, #3446, #3447 );
#1779 = SURFACE_SIDE_STYLE( '', ( #3448 ) );
#1780 = EDGE_LOOP( '', ( #3449, #3450, #3451, #3452 ) );
#1781 = AXIS2_PLACEMENT_3D( '', #3453, #3454, #3455 );
#1782 = SURFACE_SIDE_STYLE( '', ( #3456 ) );
#1783 = EDGE_LOOP( '', ( #3457, #3458, #3459, #3460 ) );
#1784 = AXIS2_PLACEMENT_3D( '', #3461, #3462, #3463 );
#1785 = SURFACE_SIDE_STYLE( '', ( #3464 ) );
#1786 = EDGE_LOOP( '', ( #3465, #3466, #3467, #3468 ) );
#1787 = AXIS2_PLACEMENT_3D( '', #3469, #3470, #3471 );
#1788 = SURFACE_SIDE_STYLE( '', ( #3472 ) );
#1789 = EDGE_LOOP( '', ( #3473, #3474, #3475, #3476 ) );
#1790 = AXIS2_PLACEMENT_3D( '', #3477, #3478, #3479 );
#1791 = SURFACE_SIDE_STYLE( '', ( #3480 ) );
#1792 = EDGE_LOOP( '', ( #3481, #3482, #3483, #3484, #3485, #3486 ) );
#1793 = AXIS2_PLACEMENT_3D( '', #3487, #3488, #3489 );
#1794 = SURFACE_SIDE_STYLE( '', ( #3490 ) );
#1795 = EDGE_LOOP( '', ( #3491, #3492, #3493, #3494 ) );
#1796 = AXIS2_PLACEMENT_3D( '', #3495, #3496, #3497 );
#1797 = SURFACE_SIDE_STYLE( '', ( #3498 ) );
#1798 = EDGE_LOOP( '', ( #3499, #3500, #3501, #3502 ) );
#1799 = AXIS2_PLACEMENT_3D( '', #3503, #3504, #3505 );
#1800 = SURFACE_SIDE_STYLE( '', ( #3506 ) );
#1801 = EDGE_LOOP( '', ( #3507, #3508, #3509, #3510 ) );
#1802 = AXIS2_PLACEMENT_3D( '', #3511, #3512, #3513 );
#1803 = SURFACE_SIDE_STYLE( '', ( #3514 ) );
#1804 = EDGE_LOOP( '', ( #3515, #3516, #3517, #3518 ) );
#1805 = AXIS2_PLACEMENT_3D( '', #3519, #3520, #3521 );
#1806 = SURFACE_SIDE_STYLE( '', ( #3522 ) );
#1807 = EDGE_LOOP( '', ( #3523, #3524, #3525, #3526, #3527, #3528, #3529, #3530, #3531, #3532, #3533, #3534, #3535, #3536, #3537, #3538, #3539, #3540, #3541, #3542 ) );
#1808 = AXIS2_PLACEMENT_3D( '', #3543, #3544, #3545 );
#1809 = SURFACE_SIDE_STYLE( '', ( #3546 ) );
#1810 = EDGE_LOOP( '', ( #3547, #3548, #3549, #3550 ) );
#1811 = AXIS2_PLACEMENT_3D( '', #3551, #3552, #3553 );
#1812 = SURFACE_SIDE_STYLE( '', ( #3554 ) );
#1813 = EDGE_LOOP( '', ( #3555, #3556, #3557, #3558 ) );
#1814 = AXIS2_PLACEMENT_3D( '', #3559, #3560, #3561 );
#1815 = SURFACE_SIDE_STYLE( '', ( #3562 ) );
#1816 = EDGE_LOOP( '', ( #3563, #3564, #3565, #3566 ) );
#1817 = AXIS2_PLACEMENT_3D( '', #3567, #3568, #3569 );
#1818 = SURFACE_SIDE_STYLE( '', ( #3570 ) );
#1819 = EDGE_LOOP( '', ( #3571, #3572, #3573, #3574 ) );
#1820 = AXIS2_PLACEMENT_3D( '', #3575, #3576, #3577 );
#1821 = SURFACE_SIDE_STYLE( '', ( #3578 ) );
#1822 = EDGE_LOOP( '', ( #3579, #3580, #3581, #3582 ) );
#1823 = AXIS2_PLACEMENT_3D( '', #3583, #3584, #3585 );
#1824 = SURFACE_SIDE_STYLE( '', ( #3586 ) );
#1825 = EDGE_LOOP( '', ( #3587, #3588, #3589, #3590, #3591, #3592, #3593, #3594, #3595, #3596, #3597, #3598 ) );
#1826 = AXIS2_PLACEMENT_3D( '', #3599, #3600, #3601 );
#1827 = SURFACE_SIDE_STYLE( '', ( #3602 ) );
#1828 = EDGE_LOOP( '', ( #3603, #3604, #3605, #3606 ) );
#1829 = AXIS2_PLACEMENT_3D( '', #3607, #3608, #3609 );
#1830 = SURFACE_SIDE_STYLE( '', ( #3610 ) );
#1831 = EDGE_LOOP( '', ( #3611, #3612, #3613, #3614 ) );
#1832 = AXIS2_PLACEMENT_3D( '', #3615, #3616, #3617 );
#1833 = SURFACE_SIDE_STYLE( '', ( #3618 ) );
#1834 = EDGE_LOOP( '', ( #3619, #3620, #3621, #3622, #3623, #3624 ) );
#1835 = AXIS2_PLACEMENT_3D( '', #3625, #3626, #3627 );
#1836 = SURFACE_SIDE_STYLE( '', ( #3628 ) );
#1837 = EDGE_LOOP( '', ( #3629, #3630, #3631, #3632 ) );
#1838 = AXIS2_PLACEMENT_3D( '', #3633, #3634, #3635 );
#1839 = SURFACE_SIDE_STYLE( '', ( #3636 ) );
#1840 = EDGE_LOOP( '', ( #3637, #3638, #3639, #3640 ) );
#1841 = AXIS2_PLACEMENT_3D( '', #3641, #3642, #3643 );
#1842 = SURFACE_SIDE_STYLE( '', ( #3644 ) );
#1843 = EDGE_LOOP( '', ( #3645, #3646, #3647, #3648 ) );
#1844 = AXIS2_PLACEMENT_3D( '', #3649, #3650, #3651 );
#1845 = SURFACE_SIDE_STYLE( '', ( #3652 ) );
#1846 = EDGE_LOOP( '', ( #3653, #3654, #3655, #3656 ) );
#1847 = AXIS2_PLACEMENT_3D( '', #3657, #3658, #3659 );
#1848 = SURFACE_SIDE_STYLE( '', ( #3660 ) );
#1849 = EDGE_LOOP( '', ( #3661, #3662, #3663, #3664, #3665, #3666, #3667, #3668, #3669, #3670, #3671, #3672, #3673, #3674, #3675, #3676, #3677, #3678, #3679, #3680 ) );
#1850 = AXIS2_PLACEMENT_3D( '', #3681, #3682, #3683 );
#1851 = SURFACE_SIDE_STYLE( '', ( #3684 ) );
#1852 = EDGE_LOOP( '', ( #3685, #3686, #3687, #3688 ) );
#1853 = AXIS2_PLACEMENT_3D( '', #3689, #3690, #3691 );
#1854 = SURFACE_SIDE_STYLE( '', ( #3692 ) );
#1855 = EDGE_LOOP( '', ( #3693, #3694, #3695, #3696 ) );
#1856 = AXIS2_PLACEMENT_3D( '', #3697, #3698, #3699 );
#1857 = SURFACE_SIDE_STYLE( '', ( #3700 ) );
#1858 = EDGE_LOOP( '', ( #3701, #3702, #3703, #3704, #3705, #3706, #3707, #3708, #3709, #3710, #3711, #3712, #3713, #3714, #3715, #3716, #3717, #3718, #3719, #3720 ) );
#1859 = AXIS2_PLACEMENT_3D( '', #3721, #3722, #3723 );
#1860 = SURFACE_SIDE_STYLE( '', ( #3724 ) );
#1861 = EDGE_LOOP( '', ( #3725, #3726, #3727, #3728 ) );
#1862 = AXIS2_PLACEMENT_3D( '', #3729, #3730, #3731 );
#1863 = SURFACE_SIDE_STYLE( '', ( #3732 ) );
#1864 = EDGE_LOOP( '', ( #3733, #3734, #3735, #3736 ) );
#1865 = AXIS2_PLACEMENT_3D( '', #3737, #3738, #3739 );
#1866 = SURFACE_SIDE_STYLE( '', ( #3740 ) );
#1867 = EDGE_LOOP( '', ( #3741, #3742, #3743, #3744 ) );
#1868 = AXIS2_PLACEMENT_3D( '', #3745, #3746, #3747 );
#1869 = SURFACE_SIDE_STYLE( '', ( #3748 ) );
#1870 = EDGE_LOOP( '', ( #3749, #3750, #3751, #3752 ) );
#1871 = AXIS2_PLACEMENT_3D( '', #3753, #3754, #3755 );
#1872 = SURFACE_SIDE_STYLE( '', ( #3756 ) );
#1873 = EDGE_LOOP( '', ( #3757, #3758, #3759, #3760 ) );
#1874 = AXIS2_PLACEMENT_3D( '', #3761, #3762, #3763 );
#1875 = SURFACE_SIDE_STYLE( '', ( #3764 ) );
#1876 = EDGE_LOOP( '', ( #3765, #3766, #3767, #3768 ) );
#1877 = AXIS2_PLACEMENT_3D( '', #3769, #3770, #3771 );
#1878 = SURFACE_SIDE_STYLE( '', ( #3772 ) );
#1879 = EDGE_LOOP( '', ( #3773, #3774, #3775, #3776, #3777, #3778, #3779, #3780, #3781, #3782 ) );
#1880 = AXIS2_PLACEMENT_3D( '', #3783, #3784, #3785 );
#1881 = SURFACE_SIDE_STYLE( '', ( #3786 ) );
#1882 = EDGE_LOOP( '', ( #3787, #3788, #3789, #3790 ) );
#1883 = AXIS2_PLACEMENT_3D( '', #3791, #3792, #3793 );
#1884 = SURFACE_SIDE_STYLE( '', ( #3794 ) );
#1885 = EDGE_LOOP( '', ( #3795, #3796, #3797, #3798 ) );
#1886 = AXIS2_PLACEMENT_3D( '', #3799, #3800, #3801 );
#1887 = SURFACE_SIDE_STYLE( '', ( #3802 ) );
#1888 = EDGE_LOOP( '', ( #3803, #3804, #3805, #3806 ) );
#1889 = AXIS2_PLACEMENT_3D( '', #3807, #3808, #3809 );
#1890 = SURFACE_SIDE_STYLE( '', ( #3810 ) );
#1891 = EDGE_LOOP( '', ( #3811, #3812, #3813, #3814 ) );
#1892 = AXIS2_PLACEMENT_3D( '', #3815, #3816, #3817 );
#1893 = SURFACE_SIDE_STYLE( '', ( #3818 ) );
#1894 = EDGE_LOOP( '', ( #3819, #3820, #3821, #3822 ) );
#1895 = AXIS2_PLACEMENT_3D( '', #3823, #3824, #3825 );
#1896 = SURFACE_SIDE_STYLE( '', ( #3826 ) );
#1897 = EDGE_LOOP( '', ( #3827, #3828, #3829, #3830 ) );
#1898 = AXIS2_PLACEMENT_3D( '', #3831, #3832, #3833 );
#1899 = SURFACE_SIDE_STYLE( '', ( #3834 ) );
#1900 = EDGE_LOOP( '', ( #3835, #3836, #3837, #3838 ) );
#1901 = AXIS2_PLACEMENT_3D( '', #3839, #3840, #3841 );
#1902 = SURFACE_SIDE_STYLE( '', ( #3842 ) );
#1903 = EDGE_LOOP( '', ( #3843, #3844, #3845, #3846 ) );
#1904 = AXIS2_PLACEMENT_3D( '', #3847, #3848, #3849 );
#1905 = SURFACE_SIDE_STYLE( '', ( #3850 ) );
#1906 = EDGE_LOOP( '', ( #3851, #3852, #3853, #3854 ) );
#1907 = AXIS2_PLACEMENT_3D( '', #3855, #3856, #3857 );
#1908 = SURFACE_SIDE_STYLE( '', ( #3858 ) );
#1909 = EDGE_LOOP( '', ( #3859, #3860, #3861, #3862 ) );
#1910 = AXIS2_PLACEMENT_3D( '', #3863, #3864, #3865 );
#1911 = SURFACE_SIDE_STYLE( '', ( #3866 ) );
#1912 = EDGE_LOOP( '', ( #3867, #3868, #3869, #3870 ) );
#1913 = AXIS2_PLACEMENT_3D( '', #3871, #3872, #3873 );
#1914 = SURFACE_SIDE_STYLE( '', ( #3874 ) );
#1915 = EDGE_LOOP( '', ( #3875, #3876, #3877, #3878 ) );
#1916 = AXIS2_PLACEMENT_3D( '', #3879, #3880, #3881 );
#1917 = SURFACE_SIDE_STYLE( '', ( #3882 ) );
#1918 = EDGE_LOOP( '', ( #3883, #3884, #3885, #3886 ) );
#1919 = AXIS2_PLACEMENT_3D( '', #3887, #3888, #3889 );
#1920 = SURFACE_SIDE_STYLE( '', ( #3890 ) );
#1921 = EDGE_LOOP( '', ( #3891, #3892, #3893, #3894, #3895, #3896 ) );
#1922 = AXIS2_PLACEMENT_3D( '', #3897, #3898, #3899 );
#1923 = SURFACE_SIDE_STYLE( '', ( #3900 ) );
#1924 = EDGE_LOOP( '', ( #3901, #3902, #3903, #3904 ) );
#1925 = AXIS2_PLACEMENT_3D( '', #3905, #3906, #3907 );
#1927 =  ( LENGTH_UNIT(  )NAMED_UNIT( #1314 )SI_UNIT( .MILLI., .METRE. ) );
#1928 = SURFACE_STYLE_FILL_AREA( #3909 );
#1929 = ORIENTED_EDGE( '', *, *, #3910, .F. );
#1930 = ORIENTED_EDGE( '', *, *, #3911, .T. );
#1931 = ORIENTED_EDGE( '', *, *, #3912, .T. );
#1932 = ORIENTED_EDGE( '', *, *, #3913, .F. );
#1933 = ORIENTED_EDGE( '', *, *, #3914, .F. );
#1934 = ORIENTED_EDGE( '', *, *, #3915, .F. );
#1935 = ORIENTED_EDGE( '', *, *, #3916, .F. );
#1936 = ORIENTED_EDGE( '', *, *, #3917, .F. );
#1937 = ORIENTED_EDGE( '', *, *, #3918, .F. );
#1938 = ORIENTED_EDGE( '', *, *, #3919, .F. );
#1939 = ORIENTED_EDGE( '', *, *, #3920, .F. );
#1940 = ORIENTED_EDGE( '', *, *, #3921, .F. );
#1941 = ORIENTED_EDGE( '', *, *, #3922, .F. );
#1942 = ORIENTED_EDGE( '', *, *, #3923, .T. );
#1943 = ORIENTED_EDGE( '', *, *, #3924, .F. );
#1944 = ORIENTED_EDGE( '', *, *, #3925, .F. );
#1945 = ORIENTED_EDGE( '', *, *, #3926, .F. );
#1946 = ORIENTED_EDGE( '', *, *, #3927, .T. );
#1947 = ORIENTED_EDGE( '', *, *, #3928, .F. );
#1948 = ORIENTED_EDGE( '', *, *, #3929, .F. );
#1949 = CARTESIAN_POINT( '', ( 0.112500000000000, 0.298750000000000, 0.0625000000000000 ) );
#1950 = DIRECTION( '', ( 0.000000000000000, 0.000000000000000, -1.00000000000000 ) );
#1951 = DIRECTION( '', ( -1.00000000000000, 0.000000000000000, 0.000000000000000 ) );
#1952 = SURFACE_STYLE_FILL_AREA( #3930 );
#1953 = ORIENTED_EDGE( '', *, *, #3931, .T. );
#1954 = ORIENTED_EDGE( '', *, *, #3932, .F. );
#1955 = ORIENTED_EDGE( '', *, *, #3933, .F. );
#1956 = ORIENTED_EDGE( '', *, *, #3934, .T. );
#1957 = CARTESIAN_POINT( '', ( 0.0449500000000000, 0.0900000000000000, 0.115000000000000 ) );
#1958 = DIRECTION( '', ( 1.00000000000000, -0.000000000000000, 0.000000000000000 ) );
#1959 = DIRECTION( '', ( 0.000000000000000, 0.000000000000000, -1.00000000000000 ) );
#1960 = SURFACE_STYLE_FILL_AREA( #3935 );
#1961 = ORIENTED_EDGE( '', *, *, #3936, .F. );
#1962 = ORIENTED_EDGE( '', *, *, #3937, .T. );
#1963 = ORIENTED_EDGE( '', *, *, #3938, .T. );
#1964 = ORIENTED_EDGE( '', *, *, #3939, .F. );
#1965 = CARTESIAN_POINT( '', ( 0.0325000000000000, 0.000000000000000, 0.145000000000000 ) );
#1966 = DIRECTION( '', ( -1.00000000000000, 0.000000000000000, 0.000000000000000 ) );
#1967 = DIRECTION( '', ( 0.000000000000000, 0.000000000000000, 1.00000000000000 ) );
#1968 = SURFACE_STYLE_FILL_AREA( #3940 );
#1969 = ORIENTED_EDGE( '', *, *, #3941, .F. );
#1970 = ORIENTED_EDGE( '', *, *, #3942, .T. );
#1971 = ORIENTED_EDGE( '', *, *, #3943, .T. );
#1972 = ORIENTED_EDGE( '', *, *, #3944, .F. );
#1973 = CARTESIAN_POINT( '', ( 0.0675000000000000, 0.0200000000000000, 0.145000000000000 ) );
#1974 = DIRECTION( '', ( 1.00000000000000, 0.000000000000000, -0.000000000000000 ) );
#1975 = DIRECTION( '', ( -0.000000000000000, 0.000000000000000, -1.00000000000000 ) );
#1976 = SURFACE_STYLE_FILL_AREA( #3945 );
#1977 = ORIENTED_EDGE( '', *, *, #3946, .F. );
#1978 = ORIENTED_EDGE( '', *, *, #3947, .T. );
#1979 = ORIENTED_EDGE( '', *, *, #3948, .T. );
#1980 = ORIENTED_EDGE( '', *, *, #3949, .F. );
#1981 = CARTESIAN_POINT( '', ( 0.112500000000000, -0.122500000000000, 0.0125000000000000 ) );
#1982 = DIRECTION( '', ( 1.00000000000000, -0.000000000000000, -0.000000000000000 ) );
#1983 = DIRECTION( '', ( 0.000000000000000, 0.000000000000000, 1.00000000000000 ) );
#1984 = SURFACE_STYLE_FILL_AREA( #3950 );
#1985 = ORIENTED_EDGE( '', *, *, #3920, .T. );
#1986 = ORIENTED_EDGE( '', *, *, #3951, .T. );
#1987 = ORIENTED_EDGE( '', *, *, #3952, .T. );
#1988 = ORIENTED_EDGE( '', *, *, #3953, .F. );
#1989 = ORIENTED_EDGE( '', *, *, #3954, .T. );
#1990 = ORIENTED_EDGE( '', *, *, #3955, .T. );
#1991 = ORIENTED_EDGE( '', *, *, #3956, .F. );
#1992 = ORIENTED_EDGE( '', *, *, #3957, .T. );
#1993 = ORIENTED_EDGE( '', *, *, #3958, .T. );
#1994 = ORIENTED_EDGE( '', *, *, #3959, .T. );
#1995 = CARTESIAN_POINT( '', ( 0.0875000000000000, -0.200000000000000, 0.145000000000000 ) );
#1996 = DIRECTION( '', ( -1.00000000000000, 0.000000000000000, 0.000000000000000 ) );
#1997 = DIRECTION( '', ( 0.000000000000000, 0.000000000000000, 1.00000000000000 ) );
#1998 = SURFACE_STYLE_FILL_AREA( #3960 );
#1999 = ORIENTED_EDGE( '', *, *, #3924, .T. );
#2000 = ORIENTED_EDGE( '', *, *, #3961, .T. );
#2001 = ORIENTED_EDGE( '', *, *, #3962, .T. );
#2002 = ORIENTED_EDGE( '', *, *, #3963, .T. );
#2003 = ORIENTED_EDGE( '', *, *, #3964, .T. );
#2004 = ORIENTED_EDGE( '', *, *, #3965, .T. );
#2005 = ORIENTED_EDGE( '', *, *, #3966, .T. );
#2006 = ORIENTED_EDGE( '', *, *, #3967, .T. );
#2007 = ORIENTED_EDGE( '', *, *, #3968, .T. );
#2008 = ORIENTED_EDGE( '', *, *, #3969, .T. );
#2009 = ORIENTED_EDGE( '', *, *, #3970, .T. );
#2010 = ORIENTED_EDGE( '', *, *, #3971, .F. );
#2011 = CARTESIAN_POINT( '', ( 0.0875000000000000, 0.0600000000000000, 0.145000000000000 ) );
#2012 = DIRECTION( '', ( -1.00000000000000, 0.000000000000000, 0.000000000000000 ) );
#2013 = DIRECTION( '', ( 0.000000000000000, 0.000000000000000, 1.00000000000000 ) );
#2014 = SURFACE_STYLE_FILL_AREA( #3972 );
#2015 = ORIENTED_EDGE( '', *, *, #3928, .T. );
#2016 = ORIENTED_EDGE( '', *, *, #3973, .T. );
#2017 = ORIENTED_EDGE( '', *, *, #3974, .T. );
#2018 = ORIENTED_EDGE( '', *, *, #3975, .T. );
#2019 = ORIENTED_EDGE( '', *, *, #3976, .T. );
#2020 = ORIENTED_EDGE( '', *, *, #3977, .T. );
#2021 = ORIENTED_EDGE( '', *, *, #3978, .T. );
#2022 = ORIENTED_EDGE( '', *, *, #3979, .T. );
#2023 = ORIENTED_EDGE( '', *, *, #3980, .T. );
#2024 = ORIENTED_EDGE( '', *, *, #3981, .T. );
#2025 = ORIENTED_EDGE( '', *, *, #3982, .T. );
#2026 = ORIENTED_EDGE( '', *, *, #3983, .F. );
#2027 = CARTESIAN_POINT( '', ( -0.0124999999999999, 0.0600000000000000, 0.145000000000000 ) );
#2028 = DIRECTION( '', ( -1.00000000000000, 0.000000000000000, 0.000000000000000 ) );
#2029 = DIRECTION( '', ( 0.000000000000000, 0.000000000000000, 1.00000000000000 ) );
#2030 = SURFACE_STYLE_FILL_AREA( #3984 );
#2031 = ORIENTED_EDGE( '', *, *, #3985, .T. );
#2032 = ORIENTED_EDGE( '', *, *, #3986, .F. );
#2033 = ORIENTED_EDGE( '', *, *, #3987, .T. );
#2034 = ORIENTED_EDGE( '', *, *, #3988, .T. );
#2035 = CARTESIAN_POINT( '', ( 0.0636269597213601, 0.320000000000000, 0.0500000000000000 ) );
#2036 = DIRECTION( '', ( 0.848048096156426, 0.529919264233205, -0.000000000000000 ) );
#2037 = DIRECTION( '', ( -0.529919264233205, 0.848048096156426, 0.000000000000000 ) );
#2038 = SURFACE_STYLE_FILL_AREA( #3989 );
#2039 = ORIENTED_EDGE( '', *, *, #3990, .F. );
#2040 = ORIENTED_EDGE( '', *, *, #3991, .F. );
#2041 = ORIENTED_EDGE( '', *, *, #3992, .F. );
#2042 = ORIENTED_EDGE( '', *, *, #3993, .T. );
#2043 = ORIENTED_EDGE( '', *, *, #3994, .T. );
#2044 = ORIENTED_EDGE( '', *, *, #3995, .T. );
#2045 = CARTESIAN_POINT( '', ( -0.157500000000000, 0.0200000000000000, 0.145000000000000 ) );
#2046 = DIRECTION( '', ( 1.00000000000000, 0.000000000000000, -0.000000000000000 ) );
#2047 = DIRECTION( '', ( -0.000000000000000, 0.000000000000000, -1.00000000000000 ) );
#2048 = SURFACE_STYLE_FILL_AREA( #3996 );
#2049 = ORIENTED_EDGE( '', *, *, #3997, .F. );
#2050 = ORIENTED_EDGE( '', *, *, #3998, .T. );
#2051 = ORIENTED_EDGE( '', *, *, #3999, .T. );
#2052 = ORIENTED_EDGE( '', *, *, #4000, .F. );
#2053 = CARTESIAN_POINT( '', ( -0.0449500000000000, 0.0900000000000000, -0.114900000000000 ) );
#2054 = DIRECTION( '', ( -1.00000000000000, 0.000000000000000, 0.000000000000000 ) );
#2055 = DIRECTION( '', ( 0.000000000000000, 0.000000000000000, 1.00000000000000 ) );
#2056 = SURFACE_STYLE_FILL_AREA( #4001 );
#2057 = ORIENTED_EDGE( '', *, *, #3987, .F. );
#2058 = ORIENTED_EDGE( '', *, *, #4002, .T. );
#2059 = ORIENTED_EDGE( '', *, *, #4003, .F. );
#2060 = ORIENTED_EDGE( '', *, *, #4004, .F. );
#2061 = ORIENTED_EDGE( '', *, *, #4005, .T. );
#2062 = ORIENTED_EDGE( '', *, *, #4006, .T. );
#2063 = ORIENTED_EDGE( '', *, *, #4007, .F. );
#2064 = ORIENTED_EDGE( '', *, *, #4008, .F. );
#2065 = ORIENTED_EDGE( '', *, *, #4009, .F. );
#2066 = ORIENTED_EDGE( '', *, *, #4010, .F. );
#2067 = CARTESIAN_POINT( '', ( 0.144950000000000, 0.0900000000000000, 0.00510000000000000 ) );
#2068 = DIRECTION( '', ( 0.000000000000000, 0.000000000000000, -1.00000000000000 ) );
#2069 = DIRECTION( '', ( -1.00000000000000, 0.000000000000000, 0.000000000000000 ) );
#2070 = SURFACE_STYLE_FILL_AREA( #4011 );
#2071 = ORIENTED_EDGE( '', *, *, #3976, .F. );
#2072 = ORIENTED_EDGE( '', *, *, #4012, .F. );
#2073 = ORIENTED_EDGE( '', *, *, #4013, .F. );
#2074 = ORIENTED_EDGE( '', *, *, #4014, .T. );
#2075 = CARTESIAN_POINT( '', ( 0.112500000000000, 0.0650000000000000, 0.0375000000000000 ) );
#2076 = DIRECTION( '', ( 0.000000000000000, 0.000000000000000, 1.00000000000000 ) );
#2077 = DIRECTION( '', ( 1.00000000000000, 0.000000000000000, -0.000000000000000 ) );
#2078 = SURFACE_STYLE_FILL_AREA( #4015 );
#2079 = ORIENTED_EDGE( '', *, *, #4016, .T. );
#2080 = ORIENTED_EDGE( '', *, *, #4017, .F. );
#2081 = ORIENTED_EDGE( '', *, *, #4018, .T. );
#2082 = ORIENTED_EDGE( '', *, *, #4019, .F. );
#2083 = CARTESIAN_POINT( '', ( 0.175000000000000, 0.320000000000000, 0.0750000000000000 ) );
#2084 = DIRECTION( '', ( 0.000000000000000, 0.000000000000000, -1.00000000000000 ) );
#2085 = DIRECTION( '', ( -1.00000000000000, 0.000000000000000, 0.000000000000000 ) );
#2086 = SURFACE_STYLE_FILL_AREA( #4020 );
#2087 = ORIENTED_EDGE( '', *, *, #4021, .T. );
#2088 = ORIENTED_EDGE( '', *, *, #4022, .T. );
#2089 = ORIENTED_EDGE( '', *, *, #4023, .T. );
#2090 = ORIENTED_EDGE( '', *, *, #4024, .F. );
#2091 = CARTESIAN_POINT( '', ( 0.0233333192033665, 0.200000000000000, 0.0500000000000000 ) );
#2092 = DIRECTION( '', ( -0.999390827019096, 0.0348994967025007, 0.000000000000000 ) );
#2093 = DIRECTION( '', ( -0.0348994967025007, -0.999390827019096, 0.000000000000000 ) );
#2094 = SURFACE_STYLE_FILL_AREA( #4025 );
#2095 = ORIENTED_EDGE( '', *, *, #3962, .F. );
#2096 = ORIENTED_EDGE( '', *, *, #4026, .F. );
#2097 = ORIENTED_EDGE( '', *, *, #4027, .F. );
#2098 = ORIENTED_EDGE( '', *, *, #4028, .T. );
#2099 = CARTESIAN_POINT( '', ( 0.112500000000000, 0.305000000000000, 0.0437500000000000 ) );
#2100 = DIRECTION( '', ( 0.000000000000000, -1.00000000000000, 0.000000000000000 ) );
#2101 = DIRECTION( '', ( 0.000000000000000, 0.000000000000000, -1.00000000000000 ) );
#2102 = SURFACE_STYLE_FILL_AREA( #4029 );
#2103 = ORIENTED_EDGE( '', *, *, #4030, .T. );
#2104 = ORIENTED_EDGE( '', *, *, #4031, .T. );
#2105 = ORIENTED_EDGE( '', *, *, #4032, .T. );
#2106 = ORIENTED_EDGE( '', *, *, #4033, .T. );
#2107 = ORIENTED_EDGE( '', *, *, #4034, .F. );
#2108 = ORIENTED_EDGE( '', *, *, #4035, .T. );
#2109 = ORIENTED_EDGE( '', *, *, #4036, .T. );
#2110 = ORIENTED_EDGE( '', *, *, #4037, .F. );
#2111 = ORIENTED_EDGE( '', *, *, #4038, .T. );
#2112 = ORIENTED_EDGE( '', *, *, #4039, .F. );
#2113 = CARTESIAN_POINT( '', ( -0.0875000000000000, 0.0400000000000000, 0.145000000000000 ) );
#2114 = DIRECTION( '', ( 1.00000000000000, 0.000000000000000, -0.000000000000000 ) );
#2115 = DIRECTION( '', ( -0.000000000000000, 0.000000000000000, -1.00000000000000 ) );
#2116 = SURFACE_STYLE_FILL_AREA( #4040 );
#2117 = ORIENTED_EDGE( '', *, *, #4041, .T. );
#2118 = ORIENTED_EDGE( '', *, *, #4042, .F. );
#2119 = ORIENTED_EDGE( '', *, *, #4043, .T. );
#2120 = ORIENTED_EDGE( '', *, *, #4044, .T. );
#2121 = CARTESIAN_POINT( '', ( 0.190000000000000, 0.320000000000000, -0.0750000000000000 ) );
#2122 = DIRECTION( '', ( 0.000000000000000, -0.000000000000000, 1.00000000000000 ) );
#2123 = DIRECTION( '', ( 1.00000000000000, 0.000000000000000, -0.000000000000000 ) );
#2124 = SURFACE_STYLE_FILL_AREA( #4045 );
#2125 = ORIENTED_EDGE( '', *, *, #4046, .T. );
#2126 = ORIENTED_EDGE( '', *, *, #4047, .F. );
#2127 = ORIENTED_EDGE( '', *, *, #4048, .F. );
#2128 = ORIENTED_EDGE( '', *, *, #4049, .T. );
#2129 = CARTESIAN_POINT( '', ( -0.144950000000000, 0.0900000000000000, 0.115000000000000 ) );
#2130 = DIRECTION( '', ( 0.000000000000000, 0.000000000000000, 1.00000000000000 ) );
#2131 = DIRECTION( '', ( 1.00000000000000, 0.000000000000000, -0.000000000000000 ) );
#2132 = SURFACE_STYLE_FILL_AREA( #4050 );
#2133 = ORIENTED_EDGE( '', *, *, #4051, .F. );
#2134 = ORIENTED_EDGE( '', *, *, #4052, .F. );
#2135 = ORIENTED_EDGE( '', *, *, #4016, .F. );
#2136 = ORIENTED_EDGE( '', *, *, #4053, .F. );
#2137 = ORIENTED_EDGE( '', *, *, #4054, .T. );
#2138 = ORIENTED_EDGE( '', *, *, #4055, .F. );
#2139 = ORIENTED_EDGE( '', *, *, #4056, .T. );
#2140 = ORIENTED_EDGE( '', *, *, #3944, .T. );
#2141 = ORIENTED_EDGE( '', *, *, #4057, .T. );
#2142 = ORIENTED_EDGE( '', *, *, #3937, .F. );
#2143 = ORIENTED_EDGE( '', *, *, #4058, .T. );
#2144 = ORIENTED_EDGE( '', *, *, #4059, .T. );
#2145 = ORIENTED_EDGE( '', *, *, #4060, .T. );
#2146 = ORIENTED_EDGE( '', *, *, #4061, .F. );
#2147 = ORIENTED_EDGE( '', *, *, #4062, .T. );
#2148 = ORIENTED_EDGE( '', *, *, #3990, .T. );
#2149 = ORIENTED_EDGE( '', *, *, #4063, .T. );
#2150 = ORIENTED_EDGE( '', *, *, #4064, .T. );
#2151 = ORIENTED_EDGE( '', *, *, #4065, .F. );
#2152 = ORIENTED_EDGE( '', *, *, #4066, .T. );
#2153 = ORIENTED_EDGE( '', *, *, #4067, .T. );
#2154 = ORIENTED_EDGE( '', *, *, #4068, .T. );
#2155 = ORIENTED_EDGE( '', *, *, #4069, .F. );
#2156 = ORIENTED_EDGE( '', *, *, #4070, .F. );
#2157 = ORIENTED_EDGE( '', *, *, #4071, .F. );
#2158 = ORIENTED_EDGE( '', *, *, #4072, .T. );
#2159 = ORIENTED_EDGE( '', *, *, #4073, .F. );
#2160 = ORIENTED_EDGE( '', *, *, #4074, .F. );
#2161 = ORIENTED_EDGE( '', *, *, #4075, .F. );
#2162 = ORIENTED_EDGE( '', *, *, #4076, .T. );
#2163 = ORIENTED_EDGE( '', *, *, #4077, .F. );
#2164 = ORIENTED_EDGE( '', *, *, #4078, .T. );
#2165 = ORIENTED_EDGE( '', *, *, #4079, .T. );
#2166 = ORIENTED_EDGE( '', *, *, #4080, .F. );
#2167 = ORIENTED_EDGE( '', *, *, #4081, .F. );
#2168 = ORIENTED_EDGE( '', *, *, #4082, .F. );
#2169 = ORIENTED_EDGE( '', *, *, #4041, .F. );
#2170 = ORIENTED_EDGE( '', *, *, #4083, .F. );
#2171 = ORIENTED_EDGE( '', *, *, #4084, .F. );
#2172 = ORIENTED_EDGE( '', *, *, #4085, .F. );
#2173 = CARTESIAN_POINT( '', ( 0.180000000000000, 0.0200000000000000, 0.115000000000000 ) );
#2174 = DIRECTION( '', ( -0.000000000000000, 1.00000000000000, 0.000000000000000 ) );
#2175 = DIRECTION( '', ( 0.000000000000000, -0.000000000000000, 1.00000000000000 ) );
#2176 = SURFACE_STYLE_FILL_AREA( #4086 );
#2177 = ORIENTED_EDGE( '', *, *, #4087, .T. );
#2178 = ORIENTED_EDGE( '', *, *, #4088, .T. );
#2179 = ORIENTED_EDGE( '', *, *, #4089, .T. );
#2180 = ORIENTED_EDGE( '', *, *, #4090, .F. );
#2181 = CARTESIAN_POINT( '', ( -0.127000000000000, 0.305000000000000, 0.0500000000000000 ) );
#2182 = DIRECTION( '', ( 0.999390827019096, 0.0348994967025013, -0.000000000000000 ) );
#2183 = DIRECTION( '', ( -0.0348994967025013, 0.999390827019096, 0.000000000000000 ) );
#2184 = SURFACE_STYLE_FILL_AREA( #4091 );
#2185 = ORIENTED_EDGE( '', *, *, #4092, .T. );
#2186 = ORIENTED_EDGE( '', *, *, #4093, .T. );
#2187 = ORIENTED_EDGE( '', *, *, #4085, .T. );
#2188 = ORIENTED_EDGE( '', *, *, #4094, .T. );
#2189 = CARTESIAN_POINT( '', ( 0.180000000000000, 0.000000000000000, 0.000000000000000 ) );
#2190 = DIRECTION( '', ( 1.00000000000000, 0.000000000000000, -0.000000000000000 ) );
#2191 = DIRECTION( '', ( -0.000000000000000, 0.000000000000000, -1.00000000000000 ) );
#2192 = SURFACE_STYLE_FILL_AREA( #4095 );
#2193 = ORIENTED_EDGE( '', *, *, #4053, .T. );
#2194 = ORIENTED_EDGE( '', *, *, #4019, .T. );
#2195 = ORIENTED_EDGE( '', *, *, #4096, .T. );
#2196 = ORIENTED_EDGE( '', *, *, #4097, .T. );
#2197 = ORIENTED_EDGE( '', *, *, #4098, .T. );
#2198 = ORIENTED_EDGE( '', *, *, #4099, .T. );
#2199 = CARTESIAN_POINT( '', ( 0.180000000000000, 0.000000000000000, 0.000000000000000 ) );
#2200 = DIRECTION( '', ( 1.00000000000000, 0.000000000000000, -0.000000000000000 ) );
#2201 = DIRECTION( '', ( -0.000000000000000, 0.000000000000000, -1.00000000000000 ) );
#2202 = SURFACE_STYLE_FILL_AREA( #4100 );
#2203 = ORIENTED_EDGE( '', *, *, #4101, .F. );
#2204 = ORIENTED_EDGE( '', *, *, #4061, .T. );
#2205 = ORIENTED_EDGE( '', *, *, #4102, .T. );
#2206 = ORIENTED_EDGE( '', *, *, #4103, .T. );
#2207 = CARTESIAN_POINT( '', ( -0.0675000000000000, -0.0200000000000000, 0.145000000000000 ) );
#2208 = DIRECTION( '', ( -1.00000000000000, 0.000000000000000, 0.000000000000000 ) );
#2209 = DIRECTION( '', ( 0.000000000000000, 0.000000000000000, 1.00000000000000 ) );
#2210 = SURFACE_STYLE_FILL_AREA( #4104 );
#2211 = ORIENTED_EDGE( '', *, *, #4105, .F. );
#2212 = ORIENTED_EDGE( '', *, *, #4106, .F. );
#2213 = ORIENTED_EDGE( '', *, *, #4103, .F. );
#2214 = ORIENTED_EDGE( '', *, *, #4107, .F. );
#2215 = CARTESIAN_POINT( '', ( 0.180000000000000, 0.000000000000000, 0.145000000000000 ) );
#2216 = DIRECTION( '', ( -0.000000000000000, 1.00000000000000, 0.000000000000000 ) );
#2217 = DIRECTION( '', ( 0.000000000000000, -0.000000000000000, 1.00000000000000 ) );
#2218 = SURFACE_STYLE_FILL_AREA( #4108 );
#2219 = ORIENTED_EDGE( '', *, *, #4109, .F. );
#2220 = ORIENTED_EDGE( '', *, *, #4110, .F. );
#2221 = ORIENTED_EDGE( '', *, *, #4111, .T. );
#2222 = ORIENTED_EDGE( '', *, *, #4068, .F. );
#2223 = CARTESIAN_POINT( '', ( -0.0750000000000000, 0.320000000000000, -0.145000000000000 ) );
#2224 = DIRECTION( '', ( 1.00000000000000, 0.000000000000000, 0.000000000000000 ) );
#2225 = DIRECTION( '', ( 0.000000000000000, 0.000000000000000, -1.00000000000000 ) );
#2226 = SURFACE_STYLE_FILL_AREA( #4112 );
#2227 = ORIENTED_EDGE( '', *, *, #3955, .F. );
#2228 = ORIENTED_EDGE( '', *, *, #4113, .F. );
#2229 = ORIENTED_EDGE( '', *, *, #4114, .F. );
#2230 = ORIENTED_EDGE( '', *, *, #4115, .T. );
#2231 = CARTESIAN_POINT( '', ( 0.112500000000000, -0.153750000000000, -0.230000000000000 ) );
#2232 = DIRECTION( '', ( 0.000000000000000, -0.707106781186548, 0.707106781186548 ) );
#2233 = DIRECTION( '', ( 0.000000000000000, -0.707106781186547, -0.707106781186547 ) );
#2234 = SURFACE_STYLE_FILL_AREA( #4116 );
#2235 = ORIENTED_EDGE( '', *, *, #3957, .F. );
#2236 = ORIENTED_EDGE( '', *, *, #4117, .F. );
#2237 = ORIENTED_EDGE( '', *, *, #4118, .F. );
#2238 = ORIENTED_EDGE( '', *, *, #4119, .T. );
#2239 = CARTESIAN_POINT( '', ( 0.112500000000000, -0.172500000000000, -0.223750000000000 ) );
#2240 = DIRECTION( '', ( -0.000000000000000, 0.707106781186549, 0.707106781186546 ) );
#2241 = DIRECTION( '', ( 0.000000000000000, -0.707106781186546, 0.707106781186549 ) );
#2242 = SURFACE_STYLE_FILL_AREA( #4120 );
#2243 = ORIENTED_EDGE( '', *, *, #4121, .T. );
#2244 = ORIENTED_EDGE( '', *, *, #4122, .F. );
#2245 = ORIENTED_EDGE( '', *, *, #4123, .F. );
#2246 = ORIENTED_EDGE( '', *, *, #4124, .T. );
#2247 = CARTESIAN_POINT( '', ( 0.112500000000000, -0.0662500000000000, -0.230000000000000 ) );
#2248 = DIRECTION( '', ( 0.000000000000000, 0.000000000000000, 1.00000000000000 ) );
#2249 = DIRECTION( '', ( 1.00000000000000, 0.000000000000000, -0.000000000000000 ) );
#2250 = SURFACE_STYLE_FILL_AREA( #4125 );
#2251 = ORIENTED_EDGE( '', *, *, #4126, .T. );
#2252 = ORIENTED_EDGE( '', *, *, #4127, .F. );
#2253 = ORIENTED_EDGE( '', *, *, #4128, .F. );
#2254 = ORIENTED_EDGE( '', *, *, #4129, .T. );
#2255 = CARTESIAN_POINT( '', ( 0.0500000000000000, 0.320000000000000, 0.130000000000000 ) );
#2256 = DIRECTION( '', ( 0.000000000000000, -0.422885465331124, -0.906183139995265 ) );
#2257 = DIRECTION( '', ( 0.000000000000000, 0.906183139995265, -0.422885465331124 ) );
#2258 = SURFACE_STYLE_FILL_AREA( #4130 );
#2259 = ORIENTED_EDGE( '', *, *, #4051, .T. );
#2260 = ORIENTED_EDGE( '', *, *, #4093, .F. );
#2261 = ORIENTED_EDGE( '', *, *, #4131, .T. );
#2262 = ORIENTED_EDGE( '', *, *, #4132, .T. );
#2263 = CARTESIAN_POINT( '', ( 0.185000000000000, 0.320000000000000, 0.0250000000000000 ) );
#2264 = DIRECTION( '', ( 0.000000000000000, -0.000000000000000, 1.00000000000000 ) );
#2265 = DIRECTION( '', ( 1.00000000000000, 0.000000000000000, -0.000000000000000 ) );
#2266 = SURFACE_STYLE_FILL_AREA( #4133 );
#2267 = ORIENTED_EDGE( '', *, *, #4134, .F. );
#2268 = ORIENTED_EDGE( '', *, *, #4135, .F. );
#2269 = ORIENTED_EDGE( '', *, *, #4136, .T. );
#2270 = ORIENTED_EDGE( '', *, *, #4137, .T. );
#2271 = ORIENTED_EDGE( '', *, *, #4138, .F. );
#2272 = ORIENTED_EDGE( '', *, *, #3991, .T. );
#2273 = ORIENTED_EDGE( '', *, *, #4062, .F. );
#2274 = ORIENTED_EDGE( '', *, *, #4101, .T. );
#2275 = ORIENTED_EDGE( '', *, *, #4106, .T. );
#2276 = ORIENTED_EDGE( '', *, *, #4139, .T. );
#2277 = ORIENTED_EDGE( '', *, *, #4058, .F. );
#2278 = ORIENTED_EDGE( '', *, *, #3936, .T. );
#2279 = ORIENTED_EDGE( '', *, *, #4140, .T. );
#2280 = ORIENTED_EDGE( '', *, *, #3941, .T. );
#2281 = ORIENTED_EDGE( '', *, *, #4056, .F. );
#2282 = ORIENTED_EDGE( '', *, *, #4141, .F. );
#2283 = CARTESIAN_POINT( '', ( -0.157500000000000, 0.320000000000000, 0.125000000000000 ) );
#2284 = DIRECTION( '', ( 0.000000000000000, 0.000000000000000, -1.00000000000000 ) );
#2285 = DIRECTION( '', ( -1.00000000000000, 0.000000000000000, 0.000000000000000 ) );
#2286 = SURFACE_STYLE_FILL_AREA( #4142 );
#2287 = ORIENTED_EDGE( '', *, *, #4143, .T. );
#2288 = ORIENTED_EDGE( '', *, *, #4049, .F. );
#2289 = ORIENTED_EDGE( '', *, *, #4144, .F. );
#2290 = ORIENTED_EDGE( '', *, *, #4145, .T. );
#2291 = CARTESIAN_POINT( '', ( -0.144950000000000, 0.0900000000000000, 0.00510000000000001 ) );
#2292 = DIRECTION( '', ( -1.00000000000000, 0.000000000000000, 0.000000000000000 ) );
#2293 = DIRECTION( '', ( 0.000000000000000, 0.000000000000000, 1.00000000000000 ) );
#2294 = SURFACE_STYLE_FILL_AREA( #4146 );
#2295 = ORIENTED_EDGE( '', *, *, #4139, .F. );
#2296 = ORIENTED_EDGE( '', *, *, #4105, .T. );
#2297 = ORIENTED_EDGE( '', *, *, #4147, .T. );
#2298 = ORIENTED_EDGE( '', *, *, #4059, .F. );
#2299 = CARTESIAN_POINT( '', ( -0.0325000000000000, 0.0200000000000000, 0.145000000000000 ) );
#2300 = DIRECTION( '', ( 1.00000000000000, 0.000000000000000, -0.000000000000000 ) );
#2301 = DIRECTION( '', ( -0.000000000000000, 0.000000000000000, -1.00000000000000 ) );
#2302 = SURFACE_STYLE_FILL_AREA( #4148 );
#2303 = ORIENTED_EDGE( '', *, *, #4149, .F. );
#2304 = ORIENTED_EDGE( '', *, *, #4150, .T. );
#2305 = ORIENTED_EDGE( '', *, *, #4151, .T. );
#2306 = ORIENTED_EDGE( '', *, *, #4152, .F. );
#2307 = CARTESIAN_POINT( '', ( 0.180000000000000, 0.000000000000000, -0.115000000000000 ) );
#2308 = DIRECTION( '', ( -0.000000000000000, 1.00000000000000, 0.000000000000000 ) );
#2309 = DIRECTION( '', ( 0.000000000000000, -0.000000000000000, 1.00000000000000 ) );
#2310 = SURFACE_STYLE_FILL_AREA( #4153 );
#2311 = ORIENTED_EDGE( '', *, *, #4154, .F. );
#2312 = ORIENTED_EDGE( '', *, *, #4037, .T. );
#2313 = ORIENTED_EDGE( '', *, *, #4155, .T. );
#2314 = ORIENTED_EDGE( '', *, *, #4156, .F. );
#2315 = CARTESIAN_POINT( '', ( 0.112500000000000, -0.0225000000000000, -0.0875000000000000 ) );
#2316 = DIRECTION( '', ( 1.00000000000000, -0.000000000000000, -0.000000000000000 ) );
#2317 = DIRECTION( '', ( 0.000000000000000, 0.000000000000000, 1.00000000000000 ) );
#2318 = SURFACE_STYLE_FILL_AREA( #4157 );
#2319 = ORIENTED_EDGE( '', *, *, #4158, .F. );
#2320 = ORIENTED_EDGE( '', *, *, #4159, .T. );
#2321 = ORIENTED_EDGE( '', *, *, #4160, .F. );
#2322 = ORIENTED_EDGE( '', *, *, #4161, .F. );
#2323 = CARTESIAN_POINT( '', ( 0.112500000000000, -0.0537500000000000, -0.230000000000000 ) );
#2324 = DIRECTION( '', ( 0.000000000000000, -0.707106781186548, 0.707106781186548 ) );
#2325 = DIRECTION( '', ( 0.000000000000000, -0.707106781186547, -0.707106781186547 ) );
#2326 = SURFACE_STYLE_FILL_AREA( #4162 );
#2327 = ORIENTED_EDGE( '', *, *, #4163, .F. );
#2328 = ORIENTED_EDGE( '', *, *, #4164, .F. );
#2329 = ORIENTED_EDGE( '', *, *, #4156, .T. );
#2330 = ORIENTED_EDGE( '', *, *, #4165, .F. );
#2331 = ORIENTED_EDGE( '', *, *, #4166, .F. );
#2332 = ORIENTED_EDGE( '', *, *, #4167, .F. );
#2333 = ORIENTED_EDGE( '', *, *, #4168, .F. );
#2334 = ORIENTED_EDGE( '', *, *, #4169, .F. );
#2335 = ORIENTED_EDGE( '', *, *, #4170, .F. );
#2336 = ORIENTED_EDGE( '', *, *, #4171, .F. );
#2337 = ORIENTED_EDGE( '', *, *, #4172, .F. );
#2338 = ORIENTED_EDGE( '', *, *, #4173, .F. );
#2339 = ORIENTED_EDGE( '', *, *, #3949, .T. );
#2340 = ORIENTED_EDGE( '', *, *, #4174, .F. );
#2341 = ORIENTED_EDGE( '', *, *, #4175, .F. );
#2342 = ORIENTED_EDGE( '', *, *, #4176, .F. );
#2343 = ORIENTED_EDGE( '', *, *, #4177, .F. );
#2344 = ORIENTED_EDGE( '', *, *, #4178, .F. );
#2345 = ORIENTED_EDGE( '', *, *, #4179, .F. );
#2346 = ORIENTED_EDGE( '', *, *, #3912, .F. );
#2347 = ORIENTED_EDGE( '', *, *, #4180, .F. );
#2348 = ORIENTED_EDGE( '', *, *, #4181, .F. );
#2349 = ORIENTED_EDGE( '', *, *, #4182, .F. );
#2350 = ORIENTED_EDGE( '', *, *, #4183, .F. );
#2351 = ORIENTED_EDGE( '', *, *, #4184, .F. );
#2352 = ORIENTED_EDGE( '', *, *, #4185, .F. );
#2353 = ORIENTED_EDGE( '', *, *, #4186, .F. );
#2354 = ORIENTED_EDGE( '', *, *, #4187, .F. );
#2355 = CARTESIAN_POINT( '', ( -0.112500000000000, -0.122500000000000, 0.0125000000000000 ) );
#2356 = DIRECTION( '', ( 1.00000000000000, 0.000000000000000, 0.000000000000000 ) );
#2357 = DIRECTION( '', ( 0.000000000000000, 0.000000000000000, -1.00000000000000 ) );
#2358 = SURFACE_STYLE_FILL_AREA( #4188 );
#2359 = ORIENTED_EDGE( '', *, *, #3985, .F. );
#2360 = ORIENTED_EDGE( '', *, *, #4189, .F. );
#2361 = ORIENTED_EDGE( '', *, *, #4190, .F. );
#2362 = ORIENTED_EDGE( '', *, *, #4191, .F. );
#2363 = ORIENTED_EDGE( '', *, *, #4192, .F. );
#2364 = ORIENTED_EDGE( '', *, *, #4193, .T. );
#2365 = ORIENTED_EDGE( '', *, *, #4194, .F. );
#2366 = ORIENTED_EDGE( '', *, *, #4195, .F. );
#2367 = ORIENTED_EDGE( '', *, *, #4196, .T. );
#2368 = ORIENTED_EDGE( '', *, *, #4197, .T. );
#2369 = CARTESIAN_POINT( '', ( 0.0550500000000000, 0.0900000000000000, -0.00500000000000000 ) );
#2370 = DIRECTION( '', ( 0.000000000000000, 0.000000000000000, 1.00000000000000 ) );
#2371 = DIRECTION( '', ( 1.00000000000000, 0.000000000000000, -0.000000000000000 ) );
#2372 = SURFACE_STYLE_FILL_AREA( #4198 );
#2373 = ORIENTED_EDGE( '', *, *, #4199, .T. );
#2374 = ORIENTED_EDGE( '', *, *, #4200, .F. );
#2375 = ORIENTED_EDGE( '', *, *, #4201, .F. );
#2376 = ORIENTED_EDGE( '', *, *, #4047, .T. );
#2377 = CARTESIAN_POINT( '', ( -0.0550500000000000, 0.0900000000000000, 0.115000000000000 ) );
#2378 = DIRECTION( '', ( 1.00000000000000, -0.000000000000000, 0.000000000000000 ) );
#2379 = DIRECTION( '', ( 0.000000000000000, 0.000000000000000, -1.00000000000000 ) );
#2380 = SURFACE_STYLE_FILL_AREA( #4202 );
#2381 = ORIENTED_EDGE( '', *, *, #4203, .F. );
#2382 = ORIENTED_EDGE( '', *, *, #4124, .F. );
#2383 = ORIENTED_EDGE( '', *, *, #4204, .F. );
#2384 = ORIENTED_EDGE( '', *, *, #4205, .T. );
#2385 = CARTESIAN_POINT( '', ( 0.112500000000000, -0.0725000000000000, -0.223750000000000 ) );
#2386 = DIRECTION( '', ( -0.000000000000000, 0.707106781186547, 0.707106781186548 ) );
#2387 = DIRECTION( '', ( 0.000000000000000, -0.707106781186548, 0.707106781186547 ) );
#2388 = SURFACE_STYLE_FILL_AREA( #4206 );
#2389 = ORIENTED_EDGE( '', *, *, #4207, .T. );
#2390 = ORIENTED_EDGE( '', *, *, #4208, .F. );
#2391 = ORIENTED_EDGE( '', *, *, #4209, .F. );
#2392 = ORIENTED_EDGE( '', *, *, #4194, .T. );
#2393 = CARTESIAN_POINT( '', ( 0.144950000000000, 0.0900000000000000, -0.00500000000000000 ) );
#2394 = DIRECTION( '', ( 1.00000000000000, -0.000000000000000, 0.000000000000000 ) );
#2395 = DIRECTION( '', ( 0.000000000000000, 0.000000000000000, -1.00000000000000 ) );
#2396 = SURFACE_STYLE_FILL_AREA( #4210 );
#2397 = ORIENTED_EDGE( '', *, *, #4211, .F. );
#2398 = ORIENTED_EDGE( '', *, *, #4212, .T. );
#2399 = ORIENTED_EDGE( '', *, *, #4213, .T. );
#2400 = ORIENTED_EDGE( '', *, *, #4214, .T. );
#2401 = CARTESIAN_POINT( '', ( 0.112500000000000, -0.0225000000000000, -0.0875000000000000 ) );
#2402 = DIRECTION( '', ( 1.00000000000000, -0.000000000000000, -0.000000000000000 ) );
#2403 = DIRECTION( '', ( 0.000000000000000, 0.000000000000000, 1.00000000000000 ) );
#2404 = SURFACE_STYLE_FILL_AREA( #4215 );
#2405 = ORIENTED_EDGE( '', *, *, #4216, .T. );
#2406 = ORIENTED_EDGE( '', *, *, #4005, .F. );
#2407 = ORIENTED_EDGE( '', *, *, #4217, .F. );
#2408 = ORIENTED_EDGE( '', *, *, #4218, .T. );
#2409 = CARTESIAN_POINT( '', ( 0.144950000000000, 0.0900000000000000, 0.115000000000000 ) );
#2410 = DIRECTION( '', ( 1.00000000000000, -0.000000000000000, 0.000000000000000 ) );
#2411 = DIRECTION( '', ( 0.000000000000000, 0.000000000000000, -1.00000000000000 ) );
#2412 = SURFACE_STYLE_FILL_AREA( #4219 );
#2413 = ORIENTED_EDGE( '', *, *, #4220, .F. );
#2414 = ORIENTED_EDGE( '', *, *, #4221, .T. );
#2415 = ORIENTED_EDGE( '', *, *, #4222, .F. );
#2416 = ORIENTED_EDGE( '', *, *, #4223, .F. );
#2417 = ORIENTED_EDGE( '', *, *, #3932, .T. );
#2418 = ORIENTED_EDGE( '', *, *, #4224, .T. );
#2419 = ORIENTED_EDGE( '', *, *, #4225, .F. );
#2420 = ORIENTED_EDGE( '', *, *, #4021, .F. );
#2421 = ORIENTED_EDGE( '', *, *, #4226, .F. );
#2422 = ORIENTED_EDGE( '', *, *, #4227, .F. );
#2423 = CARTESIAN_POINT( '', ( 0.0449500000000000, 0.0900000000000000, 0.00510000000000000 ) );
#2424 = DIRECTION( '', ( 0.000000000000000, 0.000000000000000, -1.00000000000000 ) );
#2425 = DIRECTION( '', ( -1.00000000000000, 0.000000000000000, 0.000000000000000 ) );
#2426 = SURFACE_STYLE_FILL_AREA( #4228 );
#2427 = ORIENTED_EDGE( '', *, *, #4229, .F. );
#2428 = ORIENTED_EDGE( '', *, *, #4230, .T. );
#2429 = ORIENTED_EDGE( '', *, *, #4180, .T. );
#2430 = ORIENTED_EDGE( '', *, *, #3911, .F. );
#2431 = CARTESIAN_POINT( '', ( 0.112500000000000, 0.305000000000000, 0.0562500000000000 ) );
#2432 = DIRECTION( '', ( 0.000000000000000, -0.707106781186549, -0.707106781186546 ) );
#2433 = DIRECTION( '', ( 0.000000000000000, 0.707106781186545, -0.707106781186549 ) );
#2434 = SURFACE_STYLE_FILL_AREA( #4231 );
#2435 = ORIENTED_EDGE( '', *, *, #4232, .T. );
#2436 = ORIENTED_EDGE( '', *, *, #4233, .F. );
#2437 = ORIENTED_EDGE( '', *, *, #4234, .F. );
#2438 = ORIENTED_EDGE( '', *, *, #4127, .T. );
#2439 = CARTESIAN_POINT( '', ( 0.0500000000000000, 0.245000000000000, 0.165000000000000 ) );
#2440 = DIRECTION( '', ( 0.000000000000000, 0.000000000000000, -1.00000000000000 ) );
#2441 = DIRECTION( '', ( -1.00000000000000, 0.000000000000000, 0.000000000000000 ) );
#2442 = SURFACE_STYLE_FILL_AREA( #4235 );
#2443 = ORIENTED_EDGE( '', *, *, #4189, .T. );
#2444 = ORIENTED_EDGE( '', *, *, #3988, .F. );
#2445 = ORIENTED_EDGE( '', *, *, #4010, .T. );
#2446 = ORIENTED_EDGE( '', *, *, #4236, .T. );
#2447 = CARTESIAN_POINT( '', ( 0.0730000000000000, 0.305000000000000, 0.0500000000000000 ) );
#2448 = DIRECTION( '', ( 0.999390827019096, 0.0348994967025013, -0.000000000000000 ) );
#2449 = DIRECTION( '', ( -0.0348994967025013, 0.999390827019096, 0.000000000000000 ) );
#2450 = SURFACE_STYLE_FILL_AREA( #4237 );
#2451 = ORIENTED_EDGE( '', *, *, #3958, .F. );
#2452 = ORIENTED_EDGE( '', *, *, #4119, .F. );
#2453 = ORIENTED_EDGE( '', *, *, #4238, .F. );
#2454 = ORIENTED_EDGE( '', *, *, #4239, .T. );
#2455 = CARTESIAN_POINT( '', ( 0.112500000000000, -0.172500000000000, 0.0125000000000000 ) );
#2456 = DIRECTION( '', ( -0.000000000000000, 1.00000000000000, 0.000000000000000 ) );
#2457 = DIRECTION( '', ( 0.000000000000000, -0.000000000000000, 1.00000000000000 ) );
#2458 = SURFACE_STYLE_FILL_AREA( #4240 );
#2459 = ORIENTED_EDGE( '', *, *, #4241, .T. );
#2460 = ORIENTED_EDGE( '', *, *, #4242, .T. );
#2461 = ORIENTED_EDGE( '', *, *, #4243, .T. );
#2462 = ORIENTED_EDGE( '', *, *, #4244, .F. );
#2463 = ORIENTED_EDGE( '', *, *, #4245, .T. );
#2464 = ORIENTED_EDGE( '', *, *, #4246, .T. );
#2465 = ORIENTED_EDGE( '', *, *, #4121, .F. );
#2466 = ORIENTED_EDGE( '', *, *, #4203, .T. );
#2467 = ORIENTED_EDGE( '', *, *, #4247, .T. );
#2468 = ORIENTED_EDGE( '', *, *, #4248, .T. );
#2469 = CARTESIAN_POINT( '', ( 0.0875000000000000, -0.200000000000000, 0.145000000000000 ) );
#2470 = DIRECTION( '', ( -1.00000000000000, 0.000000000000000, 0.000000000000000 ) );
#2471 = DIRECTION( '', ( 0.000000000000000, 0.000000000000000, 1.00000000000000 ) );
#2472 = SURFACE_STYLE_FILL_AREA( #4249 );
#2473 = ORIENTED_EDGE( '', *, *, #3966, .F. );
#2474 = ORIENTED_EDGE( '', *, *, #4250, .F. );
#2475 = ORIENTED_EDGE( '', *, *, #4251, .F. );
#2476 = ORIENTED_EDGE( '', *, *, #4252, .T. );
#2477 = CARTESIAN_POINT( '', ( 0.112500000000000, 0.298750000000000, -0.0375000000000000 ) );
#2478 = DIRECTION( '', ( 0.000000000000000, 0.000000000000000, -1.00000000000000 ) );
#2479 = DIRECTION( '', ( -1.00000000000000, 0.000000000000000, 0.000000000000000 ) );
#2480 = SURFACE_STYLE_FILL_AREA( #4253 );
#2481 = ORIENTED_EDGE( '', *, *, #4223, .T. );
#2482 = ORIENTED_EDGE( '', *, *, #4254, .T. );
#2483 = ORIENTED_EDGE( '', *, *, #4255, .T. );
#2484 = ORIENTED_EDGE( '', *, *, #3933, .T. );
#2485 = CARTESIAN_POINT( '', ( 0.100000000000000, 0.0900000000000000, -6.40276873515062E-18 ) );
#2486 = DIRECTION( '', ( 0.000000000000000, 1.00000000000000, -0.000000000000000 ) );
#2487 = DIRECTION( '', ( 0.000000000000000, 0.000000000000000, 1.00000000000000 ) );
#2488 = SURFACE_STYLE_FILL_AREA( #4256 );
#2489 = ORIENTED_EDGE( '', *, *, #4257, .F. );
#2490 = ORIENTED_EDGE( '', *, *, #4258, .F. );
#2491 = ORIENTED_EDGE( '', *, *, #4151, .F. );
#2492 = ORIENTED_EDGE( '', *, *, #4259, .F. );
#2493 = ORIENTED_EDGE( '', *, *, #4064, .F. );
#2494 = ORIENTED_EDGE( '', *, *, #4260, .F. );
#2495 = ORIENTED_EDGE( '', *, *, #4261, .F. );
#2496 = ORIENTED_EDGE( '', *, *, #4262, .F. );
#2497 = CARTESIAN_POINT( '', ( -0.180000000000000, 0.000000000000000, -0.000000000000000 ) );
#2498 = DIRECTION( '', ( 1.00000000000000, 0.000000000000000, -0.000000000000000 ) );
#2499 = DIRECTION( '', ( -0.000000000000000, 0.000000000000000, -1.00000000000000 ) );
#2500 = SURFACE_STYLE_FILL_AREA( #4263 );
#2501 = ORIENTED_EDGE( '', *, *, #4264, .F. );
#2502 = ORIENTED_EDGE( '', *, *, #4265, .F. );
#2503 = ORIENTED_EDGE( '', *, *, #4266, .F. );
#2504 = ORIENTED_EDGE( '', *, *, #4075, .T. );
#2505 = CARTESIAN_POINT( '', ( 0.180000000000000, 0.0200000000000000, -0.115000000000000 ) );
#2506 = DIRECTION( '', ( 0.000000000000000, 0.000000000000000, -1.00000000000000 ) );
#2507 = DIRECTION( '', ( -1.00000000000000, 0.000000000000000, 0.000000000000000 ) );
#2508 = SURFACE_STYLE_FILL_AREA( #4267 );
#2509 = ORIENTED_EDGE( '', *, *, #4268, .F. );
#2510 = ORIENTED_EDGE( '', *, *, #4269, .T. );
#2511 = ORIENTED_EDGE( '', *, *, #4181, .T. );
#2512 = ORIENTED_EDGE( '', *, *, #4230, .F. );
#2513 = CARTESIAN_POINT( '', ( 0.112500000000000, 0.305000000000000, 0.0437500000000000 ) );
#2514 = DIRECTION( '', ( 0.000000000000000, -1.00000000000000, 0.000000000000000 ) );
#2515 = DIRECTION( '', ( 0.000000000000000, 0.000000000000000, -1.00000000000000 ) );
#2516 = SURFACE_STYLE_FILL_AREA( #4270 );
#2517 = ORIENTED_EDGE( '', *, *, #4271, .F. );
#2518 = ORIENTED_EDGE( '', *, *, #4272, .T. );
#2519 = ORIENTED_EDGE( '', *, *, #4183, .T. );
#2520 = ORIENTED_EDGE( '', *, *, #4273, .F. );
#2521 = CARTESIAN_POINT( '', ( 0.112500000000000, 0.0650000000000000, 0.0375000000000000 ) );
#2522 = DIRECTION( '', ( 0.000000000000000, 0.000000000000000, 1.00000000000000 ) );
#2523 = DIRECTION( '', ( 1.00000000000000, 0.000000000000000, -0.000000000000000 ) );
#2524 = SURFACE_STYLE_FILL_AREA( #4274 );
#2525 = ORIENTED_EDGE( '', *, *, #4275, .T. );
#2526 = ORIENTED_EDGE( '', *, *, #4276, .T. );
#2527 = ORIENTED_EDGE( '', *, *, #4277, .F. );
#2528 = ORIENTED_EDGE( '', *, *, #4278, .T. );
#2529 = CARTESIAN_POINT( '', ( 0.0449500000000000, 0.0900000000000000, -0.00500000000000000 ) );
#2530 = DIRECTION( '', ( 1.00000000000000, -0.000000000000000, 0.000000000000000 ) );
#2531 = DIRECTION( '', ( 0.000000000000000, 0.000000000000000, -1.00000000000000 ) );
#2532 = SURFACE_STYLE_FILL_AREA( #4279 );
#2533 = ORIENTED_EDGE( '', *, *, #4226, .T. );
#2534 = ORIENTED_EDGE( '', *, *, #4024, .T. );
#2535 = ORIENTED_EDGE( '', *, *, #4280, .T. );
#2536 = ORIENTED_EDGE( '', *, *, #4281, .F. );
#2537 = CARTESIAN_POINT( '', ( -0.0233333192033665, 0.200000000000000, 0.0500000000000000 ) );
#2538 = DIRECTION( '', ( 0.000000000000000, 1.00000000000000, 0.000000000000000 ) );
#2539 = DIRECTION( '', ( 0.000000000000000, -0.000000000000000, 1.00000000000000 ) );
#2540 = SURFACE_STYLE_FILL_AREA( #4282 );
#2541 = ORIENTED_EDGE( '', *, *, #4283, .F. );
#2542 = ORIENTED_EDGE( '', *, *, #4284, .F. );
#2543 = ORIENTED_EDGE( '', *, *, #4285, .T. );
#2544 = ORIENTED_EDGE( '', *, *, #4079, .F. );
#2545 = CARTESIAN_POINT( '', ( 0.157500000000000, 0.320000000000000, -0.125000000000000 ) );
#2546 = DIRECTION( '', ( 0.000000000000000, -0.000000000000000, 1.00000000000000 ) );
#2547 = DIRECTION( '', ( 1.00000000000000, 0.000000000000000, -0.000000000000000 ) );
#2548 = SURFACE_STYLE_FILL_AREA( #4286 );
#2549 = ORIENTED_EDGE( '', *, *, #4287, .T. );
#2550 = ORIENTED_EDGE( '', *, *, #4288, .F. );
#2551 = ORIENTED_EDGE( '', *, *, #4289, .F. );
#2552 = ORIENTED_EDGE( '', *, *, #4290, .T. );
#2553 = CARTESIAN_POINT( '', ( -0.0550500000000000, 0.0900000000000000, -0.114900000000000 ) );
#2554 = DIRECTION( '', ( 0.000000000000000, 0.000000000000000, -1.00000000000000 ) );
#2555 = DIRECTION( '', ( -1.00000000000000, 0.000000000000000, 0.000000000000000 ) );
#2556 = SURFACE_STYLE_FILL_AREA( #4291 );
#2557 = ORIENTED_EDGE( '', *, *, #3942, .F. );
#2558 = ORIENTED_EDGE( '', *, *, #4140, .F. );
#2559 = ORIENTED_EDGE( '', *, *, #3939, .T. );
#2560 = ORIENTED_EDGE( '', *, *, #4292, .F. );
#2561 = CARTESIAN_POINT( '', ( 0.180000000000000, 0.000000000000000, 0.145000000000000 ) );
#2562 = DIRECTION( '', ( -0.000000000000000, 1.00000000000000, 0.000000000000000 ) );
#2563 = DIRECTION( '', ( 0.000000000000000, -0.000000000000000, 1.00000000000000 ) );
#2564 = SURFACE_STYLE_FILL_AREA( #4293 );
#2565 = ORIENTED_EDGE( '', *, *, #4294, .F. );
#2566 = ORIENTED_EDGE( '', *, *, #4161, .T. );
#2567 = ORIENTED_EDGE( '', *, *, #4295, .F. );
#2568 = ORIENTED_EDGE( '', *, *, #4213, .F. );
#2569 = CARTESIAN_POINT( '', ( 0.112500000000000, -0.0475000000000000, -0.223750000000000 ) );
#2570 = DIRECTION( '', ( 0.000000000000000, -1.00000000000000, -1.25314128149737E-16 ) );
#2571 = DIRECTION( '', ( 0.000000000000000, 1.25314128149737E-16, -1.00000000000000 ) );
#2572 = SURFACE_STYLE_FILL_AREA( #4296 );
#2573 = ORIENTED_EDGE( '', *, *, #4297, .F. );
#2574 = ORIENTED_EDGE( '', *, *, #4298, .T. );
#2575 = ORIENTED_EDGE( '', *, *, #4186, .T. );
#2576 = ORIENTED_EDGE( '', *, *, #4299, .F. );
#2577 = CARTESIAN_POINT( '', ( 0.112500000000000, 0.305000000000000, -0.0437500000000000 ) );
#2578 = DIRECTION( '', ( 0.000000000000000, -0.707106781186549, -0.707106781186546 ) );
#2579 = DIRECTION( '', ( 0.000000000000000, 0.707106781186546, -0.707106781186549 ) );
#2580 = SURFACE_STYLE_FILL_AREA( #4300 );
#2581 = ORIENTED_EDGE( '', *, *, #4301, .F. );
#2582 = ORIENTED_EDGE( '', *, *, #4302, .T. );
#2583 = ORIENTED_EDGE( '', *, *, #4303, .F. );
#2584 = ORIENTED_EDGE( '', *, *, #4304, .F. );
#2585 = CARTESIAN_POINT( '', ( 0.112500000000000, 0.0400000000000000, -0.0375000000000000 ) );
#2586 = DIRECTION( '', ( 0.000000000000000, 0.000000000000000, -1.00000000000000 ) );
#2587 = DIRECTION( '', ( -1.00000000000000, 0.000000000000000, 0.000000000000000 ) );
#2588 = SURFACE_STYLE_FILL_AREA( #4305 );
#2589 = ORIENTED_EDGE( '', *, *, #4306, .T. );
#2590 = ORIENTED_EDGE( '', *, *, #4307, .F. );
#2591 = ORIENTED_EDGE( '', *, *, #4308, .F. );
#2592 = ORIENTED_EDGE( '', *, *, #4309, .F. );
#2593 = CARTESIAN_POINT( '', ( -0.0300000000000000, 0.0900000000000000, -0.0600000000000000 ) );
#2594 = DIRECTION( '', ( 0.000000000000000, 0.000000000000000, -1.00000000000000 ) );
#2595 = DIRECTION( '', ( -1.00000000000000, 0.000000000000000, 0.000000000000000 ) );
#2596 = SURFACE_STYLE_FILL_AREA( #4310 );
#2597 = ORIENTED_EDGE( '', *, *, #4311, .F. );
#2598 = ORIENTED_EDGE( '', *, *, #4054, .F. );
#2599 = ORIENTED_EDGE( '', *, *, #4099, .F. );
#2600 = ORIENTED_EDGE( '', *, *, #4312, .T. );
#2601 = CARTESIAN_POINT( '', ( 0.180000000000000, 0.000000000000000, 0.115000000000000 ) );
#2602 = DIRECTION( '', ( 0.000000000000000, 0.000000000000000, 1.00000000000000 ) );
#2603 = DIRECTION( '', ( 1.00000000000000, 0.000000000000000, -0.000000000000000 ) );
#2604 = SURFACE_STYLE_FILL_AREA( #4313 );
#2605 = ORIENTED_EDGE( '', *, *, #4314, .T. );
#2606 = ORIENTED_EDGE( '', *, *, #4315, .F. );
#2607 = ORIENTED_EDGE( '', *, *, #4316, .F. );
#2608 = ORIENTED_EDGE( '', *, *, #4317, .F. );
#2609 = CARTESIAN_POINT( '', ( 0.0700000000000000, 0.0900000000000000, -0.0600000000000000 ) );
#2610 = DIRECTION( '', ( 0.000000000000000, 0.000000000000000, -1.00000000000000 ) );
#2611 = DIRECTION( '', ( -1.00000000000000, 0.000000000000000, 0.000000000000000 ) );
#2612 = SURFACE_STYLE_FILL_AREA( #4318 );
#2613 = ORIENTED_EDGE( '', *, *, #3914, .T. );
#2614 = ORIENTED_EDGE( '', *, *, #4319, .T. );
#2615 = ORIENTED_EDGE( '', *, *, #4320, .T. );
#2616 = ORIENTED_EDGE( '', *, *, #4321, .T. );
#2617 = ORIENTED_EDGE( '', *, *, #4322, .F. );
#2618 = ORIENTED_EDGE( '', *, *, #4323, .T. );
#2619 = ORIENTED_EDGE( '', *, *, #4324, .T. );
#2620 = ORIENTED_EDGE( '', *, *, #3947, .F. );
#2621 = ORIENTED_EDGE( '', *, *, #4325, .T. );
#2622 = ORIENTED_EDGE( '', *, *, #4326, .F. );
#2623 = CARTESIAN_POINT( '', ( -0.0875000000000000, 0.0400000000000000, 0.145000000000000 ) );
#2624 = DIRECTION( '', ( 1.00000000000000, 0.000000000000000, -0.000000000000000 ) );
#2625 = DIRECTION( '', ( -0.000000000000000, 0.000000000000000, -1.00000000000000 ) );
#2626 = SURFACE_STYLE_FILL_AREA( #4327 );
#2627 = ORIENTED_EDGE( '', *, *, #4328, .F. );
#2628 = ORIENTED_EDGE( '', *, *, #4065, .T. );
#2629 = ORIENTED_EDGE( '', *, *, #4259, .T. );
#2630 = ORIENTED_EDGE( '', *, *, #4150, .F. );
#2631 = CARTESIAN_POINT( '', ( 0.180000000000000, 0.0200000000000000, -0.115000000000000 ) );
#2632 = DIRECTION( '', ( 0.000000000000000, 0.000000000000000, -1.00000000000000 ) );
#2633 = DIRECTION( '', ( -1.00000000000000, 0.000000000000000, 0.000000000000000 ) );
#2634 = SURFACE_STYLE_FILL_AREA( #4329 );
#2635 = ORIENTED_EDGE( '', *, *, #3910, .T. );
#2636 = ORIENTED_EDGE( '', *, *, #4330, .T. );
#2637 = ORIENTED_EDGE( '', *, *, #4331, .T. );
#2638 = ORIENTED_EDGE( '', *, *, #4332, .T. );
#2639 = ORIENTED_EDGE( '', *, *, #4333, .T. );
#2640 = ORIENTED_EDGE( '', *, *, #4297, .T. );
#2641 = ORIENTED_EDGE( '', *, *, #4334, .T. );
#2642 = ORIENTED_EDGE( '', *, *, #4335, .T. );
#2643 = ORIENTED_EDGE( '', *, *, #4271, .T. );
#2644 = ORIENTED_EDGE( '', *, *, #4336, .T. );
#2645 = ORIENTED_EDGE( '', *, *, #4268, .T. );
#2646 = ORIENTED_EDGE( '', *, *, #4229, .T. );
#2647 = CARTESIAN_POINT( '', ( -0.0875000000000000, 0.325000000000000, 0.145000000000000 ) );
#2648 = DIRECTION( '', ( 1.00000000000000, 0.000000000000000, -0.000000000000000 ) );
#2649 = DIRECTION( '', ( -0.000000000000000, 0.000000000000000, -1.00000000000000 ) );
#2650 = SURFACE_STYLE_FILL_AREA( #4337 );
#2651 = ORIENTED_EDGE( '', *, *, #4320, .F. );
#2652 = ORIENTED_EDGE( '', *, *, #4338, .T. );
#2653 = ORIENTED_EDGE( '', *, *, #4178, .T. );
#2654 = ORIENTED_EDGE( '', *, *, #4339, .F. );
#2655 = CARTESIAN_POINT( '', ( 0.112500000000000, -0.172500000000000, 0.0125000000000000 ) );
#2656 = DIRECTION( '', ( -0.000000000000000, 1.00000000000000, 0.000000000000000 ) );
#2657 = DIRECTION( '', ( 0.000000000000000, -0.000000000000000, 1.00000000000000 ) );
#2658 = SURFACE_STYLE_FILL_AREA( #4340 );
#2659 = ORIENTED_EDGE( '', *, *, #4341, .T. );
#2660 = ORIENTED_EDGE( '', *, *, #4342, .F. );
#2661 = ORIENTED_EDGE( '', *, *, #4343, .F. );
#2662 = ORIENTED_EDGE( '', *, *, #4344, .T. );
#2663 = CARTESIAN_POINT( '', ( 0.0449500000000000, 0.0900000000000000, -0.114900000000000 ) );
#2664 = DIRECTION( '', ( 0.000000000000000, 0.000000000000000, -1.00000000000000 ) );
#2665 = DIRECTION( '', ( -1.00000000000000, 0.000000000000000, 0.000000000000000 ) );
#2666 = SURFACE_STYLE_FILL_AREA( #4345 );
#2667 = ORIENTED_EDGE( '', *, *, #4004, .T. );
#2668 = ORIENTED_EDGE( '', *, *, #4346, .T. );
#2669 = ORIENTED_EDGE( '', *, *, #4347, .T. );
#2670 = ORIENTED_EDGE( '', *, *, #4217, .T. );
#2671 = CARTESIAN_POINT( '', ( 0.200000000000000, 0.0900000000000000, -6.40276873515062E-18 ) );
#2672 = DIRECTION( '', ( 0.000000000000000, 1.00000000000000, -0.000000000000000 ) );
#2673 = DIRECTION( '', ( 0.000000000000000, 0.000000000000000, 1.00000000000000 ) );
#2674 = SURFACE_STYLE_FILL_AREA( #4348 );
#2675 = ORIENTED_EDGE( '', *, *, #4349, .T. );
#2676 = ORIENTED_EDGE( '', *, *, #4350, .F. );
#2677 = ORIENTED_EDGE( '', *, *, #4254, .F. );
#2678 = ORIENTED_EDGE( '', *, *, #4222, .T. );
#2679 = CARTESIAN_POINT( '', ( -0.0449500000000000, 0.0900000000000000, 0.00510000000000000 ) );
#2680 = DIRECTION( '', ( -1.00000000000000, 0.000000000000000, 0.000000000000000 ) );
#2681 = DIRECTION( '', ( 0.000000000000000, 0.000000000000000, 1.00000000000000 ) );
#2682 = SURFACE_STYLE_FILL_AREA( #4351 );
#2683 = ORIENTED_EDGE( '', *, *, #4246, .F. );
#2684 = ORIENTED_EDGE( '', *, *, #4352, .F. );
#2685 = ORIENTED_EDGE( '', *, *, #4353, .F. );
#2686 = ORIENTED_EDGE( '', *, *, #4122, .T. );
#2687 = CARTESIAN_POINT( '', ( 0.112500000000000, -0.0537500000000000, -0.230000000000000 ) );
#2688 = DIRECTION( '', ( 0.000000000000000, -0.707106781186548, 0.707106781186548 ) );
#2689 = DIRECTION( '', ( 0.000000000000000, -0.707106781186547, -0.707106781186547 ) );
#2690 = SURFACE_STYLE_FILL_AREA( #4354 );
#2691 = ORIENTED_EDGE( '', *, *, #4355, .F. );
#2692 = ORIENTED_EDGE( '', *, *, #4356, .T. );
#2693 = ORIENTED_EDGE( '', *, *, #4145, .F. );
#2694 = ORIENTED_EDGE( '', *, *, #4357, .F. );
#2695 = ORIENTED_EDGE( '', *, *, #4200, .T. );
#2696 = ORIENTED_EDGE( '', *, *, #4358, .T. );
#2697 = ORIENTED_EDGE( '', *, *, #4359, .F. );
#2698 = ORIENTED_EDGE( '', *, *, #4360, .F. );
#2699 = ORIENTED_EDGE( '', *, *, #4361, .F. );
#2700 = ORIENTED_EDGE( '', *, *, #4087, .F. );
#2701 = CARTESIAN_POINT( '', ( -0.0550500000000000, 0.0900000000000000, 0.00510000000000001 ) );
#2702 = DIRECTION( '', ( 0.000000000000000, 0.000000000000000, -1.00000000000000 ) );
#2703 = DIRECTION( '', ( -1.00000000000000, 0.000000000000000, 0.000000000000000 ) );
#2704 = SURFACE_STYLE_FILL_AREA( #4362 );
#2705 = ORIENTED_EDGE( '', *, *, #4190, .T. );
#2706 = ORIENTED_EDGE( '', *, *, #4236, .F. );
#2707 = ORIENTED_EDGE( '', *, *, #4009, .T. );
#2708 = ORIENTED_EDGE( '', *, *, #4363, .T. );
#2709 = CARTESIAN_POINT( '', ( 0.0766666807966336, 0.200000000000000, 0.0500000000000000 ) );
#2710 = DIRECTION( '', ( 0.000000000000000, 1.00000000000000, 0.000000000000000 ) );
#2711 = DIRECTION( '', ( 0.000000000000000, -0.000000000000000, 1.00000000000000 ) );
#2712 = SURFACE_STYLE_FILL_AREA( #4364 );
#2713 = ORIENTED_EDGE( '', *, *, #4365, .F. );
#2714 = ORIENTED_EDGE( '', *, *, #4366, .T. );
#2715 = ORIENTED_EDGE( '', *, *, #4367, .F. );
#2716 = ORIENTED_EDGE( '', *, *, #4368, .F. );
#2717 = CARTESIAN_POINT( '', ( 0.112500000000000, -0.122500000000000, 0.0375000000000000 ) );
#2718 = DIRECTION( '', ( 0.000000000000000, 0.000000000000000, 1.00000000000000 ) );
#2719 = DIRECTION( '', ( 1.00000000000000, 0.000000000000000, -0.000000000000000 ) );
#2720 = SURFACE_STYLE_FILL_AREA( #4369 );
#2721 = ORIENTED_EDGE( '', *, *, #4370, .F. );
#2722 = ORIENTED_EDGE( '', *, *, #4089, .F. );
#2723 = ORIENTED_EDGE( '', *, *, #4371, .F. );
#2724 = ORIENTED_EDGE( '', *, *, #4372, .F. );
#2725 = ORIENTED_EDGE( '', *, *, #4373, .F. );
#2726 = ORIENTED_EDGE( '', *, *, #4374, .T. );
#2727 = ORIENTED_EDGE( '', *, *, #4375, .F. );
#2728 = ORIENTED_EDGE( '', *, *, #4376, .F. );
#2729 = ORIENTED_EDGE( '', *, *, #4377, .T. );
#2730 = ORIENTED_EDGE( '', *, *, #4378, .T. );
#2731 = CARTESIAN_POINT( '', ( -0.144950000000000, 0.0900000000000000, -0.00500000000000000 ) );
#2732 = DIRECTION( '', ( 0.000000000000000, 0.000000000000000, 1.00000000000000 ) );
#2733 = DIRECTION( '', ( 1.00000000000000, 0.000000000000000, -0.000000000000000 ) );
#2734 = SURFACE_STYLE_FILL_AREA( #4379 );
#2735 = ORIENTED_EDGE( '', *, *, #4380, .T. );
#2736 = ORIENTED_EDGE( '', *, *, #4381, .F. );
#2737 = ORIENTED_EDGE( '', *, *, #4382, .F. );
#2738 = ORIENTED_EDGE( '', *, *, #4097, .F. );
#2739 = CARTESIAN_POINT( '', ( 0.180000000000000, 0.320000000000000, 0.145000000000000 ) );
#2740 = DIRECTION( '', ( 0.000000000000000, 0.000000000000000, -1.00000000000000 ) );
#2741 = DIRECTION( '', ( -1.00000000000000, 0.000000000000000, 0.000000000000000 ) );
#2742 = SURFACE_STYLE_FILL_AREA( #4383 );
#2743 = ORIENTED_EDGE( '', *, *, #3961, .F. );
#2744 = ORIENTED_EDGE( '', *, *, #3923, .F. );
#2745 = ORIENTED_EDGE( '', *, *, #4384, .F. );
#2746 = ORIENTED_EDGE( '', *, *, #4026, .T. );
#2747 = CARTESIAN_POINT( '', ( 0.112500000000000, 0.305000000000000, 0.0562500000000000 ) );
#2748 = DIRECTION( '', ( 0.000000000000000, -0.707106781186549, -0.707106781186546 ) );
#2749 = DIRECTION( '', ( 0.000000000000000, 0.707106781186545, -0.707106781186549 ) );
#2750 = SURFACE_STYLE_FILL_AREA( #4385 );
#2751 = ORIENTED_EDGE( '', *, *, #4357, .T. );
#2752 = ORIENTED_EDGE( '', *, *, #4144, .T. );
#2753 = ORIENTED_EDGE( '', *, *, #4048, .T. );
#2754 = ORIENTED_EDGE( '', *, *, #4201, .T. );
#2755 = CARTESIAN_POINT( '', ( 0.000000000000000, 0.0900000000000000, -0.000000000000000 ) );
#2756 = DIRECTION( '', ( 0.000000000000000, 1.00000000000000, -0.000000000000000 ) );
#2757 = DIRECTION( '', ( 0.000000000000000, 0.000000000000000, 1.00000000000000 ) );
#2758 = SURFACE_STYLE_FILL_AREA( #4386 );
#2759 = ORIENTED_EDGE( '', *, *, #4034, .T. );
#2760 = ORIENTED_EDGE( '', *, *, #4387, .T. );
#2761 = ORIENTED_EDGE( '', *, *, #4167, .T. );
#2762 = ORIENTED_EDGE( '', *, *, #4388, .F. );
#2763 = CARTESIAN_POINT( '', ( 0.112500000000000, -0.0662500000000000, -0.230000000000000 ) );
#2764 = DIRECTION( '', ( 0.000000000000000, 0.000000000000000, 1.00000000000000 ) );
#2765 = DIRECTION( '', ( 1.00000000000000, 0.000000000000000, -0.000000000000000 ) );
#2766 = SURFACE_STYLE_FILL_AREA( #4389 );
#2767 = ORIENTED_EDGE( '', *, *, #4030, .F. );
#2768 = ORIENTED_EDGE( '', *, *, #4390, .T. );
#2769 = ORIENTED_EDGE( '', *, *, #4171, .T. );
#2770 = ORIENTED_EDGE( '', *, *, #4391, .F. );
#2771 = CARTESIAN_POINT( '', ( 0.112500000000000, 0.0400000000000000, -0.0375000000000000 ) );
#2772 = DIRECTION( '', ( 0.000000000000000, 0.000000000000000, -1.00000000000000 ) );
#2773 = DIRECTION( '', ( -1.00000000000000, 0.000000000000000, 0.000000000000000 ) );
#2774 = SURFACE_STYLE_FILL_AREA( #4392 );
#2775 = ORIENTED_EDGE( '', *, *, #4301, .T. );
#2776 = ORIENTED_EDGE( '', *, *, #4393, .T. );
#2777 = ORIENTED_EDGE( '', *, *, #4394, .T. );
#2778 = ORIENTED_EDGE( '', *, *, #4395, .T. );
#2779 = ORIENTED_EDGE( '', *, *, #4396, .F. );
#2780 = ORIENTED_EDGE( '', *, *, #4158, .T. );
#2781 = ORIENTED_EDGE( '', *, *, #4294, .T. );
#2782 = ORIENTED_EDGE( '', *, *, #4212, .F. );
#2783 = ORIENTED_EDGE( '', *, *, #4397, .T. );
#2784 = ORIENTED_EDGE( '', *, *, #4398, .F. );
#2785 = CARTESIAN_POINT( '', ( 0.0125000000000000, 0.0400000000000000, 0.145000000000000 ) );
#2786 = DIRECTION( '', ( 1.00000000000000, 0.000000000000000, -0.000000000000000 ) );
#2787 = DIRECTION( '', ( -0.000000000000000, 0.000000000000000, -1.00000000000000 ) );
#2788 = SURFACE_STYLE_FILL_AREA( #4399 );
#2789 = ORIENTED_EDGE( '', *, *, #3978, .F. );
#2790 = ORIENTED_EDGE( '', *, *, #4400, .F. );
#2791 = ORIENTED_EDGE( '', *, *, #4401, .F. );
#2792 = ORIENTED_EDGE( '', *, *, #4402, .T. );
#2793 = CARTESIAN_POINT( '', ( 0.112500000000000, 0.298750000000000, -0.0375000000000000 ) );
#2794 = DIRECTION( '', ( 0.000000000000000, 0.000000000000000, -1.00000000000000 ) );
#2795 = DIRECTION( '', ( -1.00000000000000, 0.000000000000000, 0.000000000000000 ) );
#2796 = SURFACE_STYLE_FILL_AREA( #4403 );
#2797 = ORIENTED_EDGE( '', *, *, #4404, .F. );
#2798 = ORIENTED_EDGE( '', *, *, #4315, .T. );
#2799 = ORIENTED_EDGE( '', *, *, #4405, .T. );
#2800 = ORIENTED_EDGE( '', *, *, #4344, .F. );
#2801 = CARTESIAN_POINT( '', ( 0.0449500000000000, 0.0900000000000000, -0.00500000000000000 ) );
#2802 = DIRECTION( '', ( 1.00000000000000, -0.000000000000000, 0.000000000000000 ) );
#2803 = DIRECTION( '', ( 0.000000000000000, 0.000000000000000, -1.00000000000000 ) );
#2804 = SURFACE_STYLE_FILL_AREA( #4406 );
#2805 = ORIENTED_EDGE( '', *, *, #4407, .T. );
#2806 = ORIENTED_EDGE( '', *, *, #4408, .F. );
#2807 = ORIENTED_EDGE( '', *, *, #4346, .F. );
#2808 = ORIENTED_EDGE( '', *, *, #4003, .T. );
#2809 = CARTESIAN_POINT( '', ( 0.0550500000000000, 0.0900000000000000, 0.00510000000000000 ) );
#2810 = DIRECTION( '', ( -1.00000000000000, 0.000000000000000, 0.000000000000000 ) );
#2811 = DIRECTION( '', ( 0.000000000000000, 0.000000000000000, 1.00000000000000 ) );
#2812 = SURFACE_STYLE_FILL_AREA( #4409 );
#2813 = ORIENTED_EDGE( '', *, *, #4083, .T. );
#2814 = ORIENTED_EDGE( '', *, *, #4044, .F. );
#2815 = ORIENTED_EDGE( '', *, *, #4410, .T. );
#2816 = ORIENTED_EDGE( '', *, *, #4411, .T. );
#2817 = CARTESIAN_POINT( '', ( 0.175000000000000, 0.320000000000000, -0.0750000000000000 ) );
#2818 = DIRECTION( '', ( 1.00000000000000, 0.000000000000000, 0.000000000000000 ) );
#2819 = DIRECTION( '', ( 0.000000000000000, 0.000000000000000, -1.00000000000000 ) );
#2820 = SURFACE_STYLE_FILL_AREA( #4412 );
#2821 = ORIENTED_EDGE( '', *, *, #3918, .T. );
#2822 = ORIENTED_EDGE( '', *, *, #4413, .T. );
#2823 = ORIENTED_EDGE( '', *, *, #4414, .T. );
#2824 = ORIENTED_EDGE( '', *, *, #4415, .T. );
#2825 = ORIENTED_EDGE( '', *, *, #4416, .F. );
#2826 = ORIENTED_EDGE( '', *, *, #4417, .T. );
#2827 = ORIENTED_EDGE( '', *, *, #4418, .T. );
#2828 = ORIENTED_EDGE( '', *, *, #4419, .F. );
#2829 = ORIENTED_EDGE( '', *, *, #4365, .T. );
#2830 = ORIENTED_EDGE( '', *, *, #4420, .F. );
#2831 = CARTESIAN_POINT( '', ( 0.0125000000000000, 0.0400000000000000, 0.145000000000000 ) );
#2832 = DIRECTION( '', ( 1.00000000000000, 0.000000000000000, -0.000000000000000 ) );
#2833 = DIRECTION( '', ( -0.000000000000000, 0.000000000000000, -1.00000000000000 ) );
#2834 = SURFACE_STYLE_FILL_AREA( #4421 );
#2835 = ORIENTED_EDGE( '', *, *, #3959, .F. );
#2836 = ORIENTED_EDGE( '', *, *, #4239, .F. );
#2837 = ORIENTED_EDGE( '', *, *, #4422, .F. );
#2838 = ORIENTED_EDGE( '', *, *, #3921, .T. );
#2839 = CARTESIAN_POINT( '', ( 0.112500000000000, -0.122500000000000, 0.0125000000000000 ) );
#2840 = DIRECTION( '', ( 1.00000000000000, -0.000000000000000, -0.000000000000000 ) );
#2841 = DIRECTION( '', ( 0.000000000000000, 0.000000000000000, 1.00000000000000 ) );
#2842 = SURFACE_STYLE_FILL_AREA( #4423 );
#2843 = ORIENTED_EDGE( '', *, *, #4418, .F. );
#2844 = ORIENTED_EDGE( '', *, *, #4424, .T. );
#2845 = ORIENTED_EDGE( '', *, *, #4425, .F. );
#2846 = ORIENTED_EDGE( '', *, *, #4426, .F. );
#2847 = CARTESIAN_POINT( '', ( 0.112500000000000, -0.147500000000000, -0.223750000000000 ) );
#2848 = DIRECTION( '', ( 0.000000000000000, -1.00000000000000, -7.22711109434991E-17 ) );
#2849 = DIRECTION( '', ( 0.000000000000000, 7.22711109434991E-17, -1.00000000000000 ) );
#2850 = SURFACE_STYLE_FILL_AREA( #4427 );
#2851 = ORIENTED_EDGE( '', *, *, #4321, .F. );
#2852 = ORIENTED_EDGE( '', *, *, #4339, .T. );
#2853 = ORIENTED_EDGE( '', *, *, #4177, .T. );
#2854 = ORIENTED_EDGE( '', *, *, #4428, .F. );
#2855 = CARTESIAN_POINT( '', ( 0.112500000000000, -0.172500000000000, -0.223750000000000 ) );
#2856 = DIRECTION( '', ( -0.000000000000000, 0.707106781186549, 0.707106781186546 ) );
#2857 = DIRECTION( '', ( 0.000000000000000, -0.707106781186546, 0.707106781186549 ) );
#2858 = SURFACE_STYLE_FILL_AREA( #4429 );
#2859 = ORIENTED_EDGE( '', *, *, #4415, .F. );
#2860 = ORIENTED_EDGE( '', *, *, #4430, .T. );
#2861 = ORIENTED_EDGE( '', *, *, #4431, .F. );
#2862 = ORIENTED_EDGE( '', *, *, #4432, .F. );
#2863 = CARTESIAN_POINT( '', ( 0.112500000000000, -0.172500000000000, -0.223750000000000 ) );
#2864 = DIRECTION( '', ( -0.000000000000000, 0.707106781186549, 0.707106781186546 ) );
#2865 = DIRECTION( '', ( 0.000000000000000, -0.707106781186546, 0.707106781186549 ) );
#2866 = SURFACE_STYLE_FILL_AREA( #4433 );
#2867 = ORIENTED_EDGE( '', *, *, #4220, .T. );
#2868 = ORIENTED_EDGE( '', *, *, #4434, .T. );
#2869 = ORIENTED_EDGE( '', *, *, #4435, .T. );
#2870 = ORIENTED_EDGE( '', *, *, #4436, .F. );
#2871 = CARTESIAN_POINT( '', ( -0.0363730402786399, 0.320000000000000, 0.0500000000000000 ) );
#2872 = DIRECTION( '', ( 0.848048096156426, 0.529919264233205, -0.000000000000000 ) );
#2873 = DIRECTION( '', ( -0.529919264233205, 0.848048096156426, 0.000000000000000 ) );
#2874 = SURFACE_STYLE_FILL_AREA( #4437 );
#2875 = ORIENTED_EDGE( '', *, *, #4438, .F. );
#2876 = ORIENTED_EDGE( '', *, *, #4307, .T. );
#2877 = ORIENTED_EDGE( '', *, *, #4439, .T. );
#2878 = ORIENTED_EDGE( '', *, *, #4290, .F. );
#2879 = CARTESIAN_POINT( '', ( -0.0550500000000000, 0.0900000000000000, -0.00500000000000000 ) );
#2880 = DIRECTION( '', ( 1.00000000000000, -0.000000000000000, 0.000000000000000 ) );
#2881 = DIRECTION( '', ( 0.000000000000000, 0.000000000000000, -1.00000000000000 ) );
#2882 = SURFACE_STYLE_FILL_AREA( #4440 );
#2883 = ORIENTED_EDGE( '', *, *, #4192, .T. );
#2884 = ORIENTED_EDGE( '', *, *, #4441, .F. );
#2885 = ORIENTED_EDGE( '', *, *, #4007, .T. );
#2886 = ORIENTED_EDGE( '', *, *, #4442, .T. );
#2887 = CARTESIAN_POINT( '', ( 0.127000000000000, 0.305000000000000, 0.0500000000000000 ) );
#2888 = DIRECTION( '', ( -0.848048096156426, 0.529919264233204, 0.000000000000000 ) );
#2889 = DIRECTION( '', ( -0.529919264233204, -0.848048096156426, 0.000000000000000 ) );
#2890 = SURFACE_STYLE_FILL_AREA( #4443 );
#2891 = ORIENTED_EDGE( '', *, *, #4335, .F. );
#2892 = ORIENTED_EDGE( '', *, *, #4444, .T. );
#2893 = ORIENTED_EDGE( '', *, *, #4184, .T. );
#2894 = ORIENTED_EDGE( '', *, *, #4272, .F. );
#2895 = CARTESIAN_POINT( '', ( 0.112500000000000, 0.0650000000000000, -0.0375000000000000 ) );
#2896 = DIRECTION( '', ( 0.000000000000000, -1.00000000000000, 3.41480999208033E-16 ) );
#2897 = DIRECTION( '', ( 0.000000000000000, -3.41480999208033E-16, -1.00000000000000 ) );
#2898 = SURFACE_STYLE_FILL_AREA( #4445 );
#2899 = ORIENTED_EDGE( '', *, *, #4080, .T. );
#2900 = ORIENTED_EDGE( '', *, *, #4285, .F. );
#2901 = ORIENTED_EDGE( '', *, *, #4446, .F. );
#2902 = ORIENTED_EDGE( '', *, *, #4447, .F. );
#2903 = ORIENTED_EDGE( '', *, *, #4448, .T. );
#2904 = ORIENTED_EDGE( '', *, *, #4449, .T. );
#2905 = CARTESIAN_POINT( '', ( 0.157500000000000, -0.0200000000000000, 0.145000000000000 ) );
#2906 = DIRECTION( '', ( -1.00000000000000, 0.000000000000000, 0.000000000000000 ) );
#2907 = DIRECTION( '', ( 0.000000000000000, 0.000000000000000, 1.00000000000000 ) );
#2908 = SURFACE_STYLE_FILL_AREA( #4450 );
#2909 = ORIENTED_EDGE( '', *, *, #4069, .T. );
#2910 = ORIENTED_EDGE( '', *, *, #4111, .F. );
#2911 = ORIENTED_EDGE( '', *, *, #4451, .F. );
#2912 = ORIENTED_EDGE( '', *, *, #4452, .T. );
#2913 = ORIENTED_EDGE( '', *, *, #4077, .T. );
#2914 = ORIENTED_EDGE( '', *, *, #4453, .T. );
#2915 = ORIENTED_EDGE( '', *, *, #4454, .T. );
#2916 = ORIENTED_EDGE( '', *, *, #4455, .T. );
#2917 = ORIENTED_EDGE( '', *, *, #4073, .T. );
#2918 = ORIENTED_EDGE( '', *, *, #4456, .T. );
#2919 = ORIENTED_EDGE( '', *, *, #4457, .T. );
#2920 = ORIENTED_EDGE( '', *, *, #4458, .F. );
#2921 = CARTESIAN_POINT( '', ( 0.180000000000000, 0.000000000000000, -0.145000000000000 ) );
#2922 = DIRECTION( '', ( 0.000000000000000, 0.000000000000000, 1.00000000000000 ) );
#2923 = DIRECTION( '', ( 1.00000000000000, 0.000000000000000, -0.000000000000000 ) );
#2924 = SURFACE_STYLE_FILL_AREA( #4459 );
#2925 = ORIENTED_EDGE( '', *, *, #4332, .F. );
#2926 = ORIENTED_EDGE( '', *, *, #4460, .T. );
#2927 = ORIENTED_EDGE( '', *, *, #4163, .T. );
#2928 = ORIENTED_EDGE( '', *, *, #4461, .F. );
#2929 = CARTESIAN_POINT( '', ( 0.112500000000000, 0.298750000000000, -0.0625000000000000 ) );
#2930 = DIRECTION( '', ( 0.000000000000000, -0.707106781186549, 0.707106781186546 ) );
#2931 = DIRECTION( '', ( 0.000000000000000, -0.707106781186545, -0.707106781186549 ) );
#2932 = SURFACE_STYLE_FILL_AREA( #4462 );
#2933 = ORIENTED_EDGE( '', *, *, #4396, .T. );
#2934 = ORIENTED_EDGE( '', *, *, #4463, .T. );
#2935 = ORIENTED_EDGE( '', *, *, #4464, .T. );
#2936 = ORIENTED_EDGE( '', *, *, #4159, .F. );
#2937 = CARTESIAN_POINT( '', ( 0.112500000000000, -0.0662500000000000, -0.230000000000000 ) );
#2938 = DIRECTION( '', ( 0.000000000000000, 0.000000000000000, 1.00000000000000 ) );
#2939 = DIRECTION( '', ( 1.00000000000000, 0.000000000000000, -0.000000000000000 ) );
#2940 = SURFACE_STYLE_FILL_AREA( #4465 );
#2941 = ORIENTED_EDGE( '', *, *, #4036, .F. );
#2942 = ORIENTED_EDGE( '', *, *, #4466, .T. );
#2943 = ORIENTED_EDGE( '', *, *, #4165, .T. );
#2944 = ORIENTED_EDGE( '', *, *, #4155, .F. );
#2945 = CARTESIAN_POINT( '', ( 0.112500000000000, -0.0475000000000000, -0.223750000000000 ) );
#2946 = DIRECTION( '', ( 0.000000000000000, -1.00000000000000, -1.25314128149737E-16 ) );
#2947 = DIRECTION( '', ( 0.000000000000000, 1.25314128149737E-16, -1.00000000000000 ) );
#2948 = SURFACE_STYLE_FILL_AREA( #4467 );
#2949 = ORIENTED_EDGE( '', *, *, #4394, .F. );
#2950 = ORIENTED_EDGE( '', *, *, #4468, .T. );
#2951 = ORIENTED_EDGE( '', *, *, #4469, .F. );
#2952 = ORIENTED_EDGE( '', *, *, #4470, .F. );
#2953 = CARTESIAN_POINT( '', ( 0.112500000000000, -0.0725000000000000, -0.0875000000000000 ) );
#2954 = DIRECTION( '', ( -0.000000000000000, 1.00000000000000, 1.25314128149737E-16 ) );
#2955 = DIRECTION( '', ( 0.000000000000000, -1.25314128149737E-16, 1.00000000000000 ) );
#2956 = SURFACE_STYLE_FILL_AREA( #4471 );
#2957 = ORIENTED_EDGE( '', *, *, #4361, .T. );
#2958 = ORIENTED_EDGE( '', *, *, #4472, .T. );
#2959 = ORIENTED_EDGE( '', *, *, #4371, .T. );
#2960 = ORIENTED_EDGE( '', *, *, #4088, .F. );
#2961 = CARTESIAN_POINT( '', ( -0.123333319203366, 0.200000000000000, 0.0500000000000000 ) );
#2962 = DIRECTION( '', ( 0.000000000000000, 1.00000000000000, 0.000000000000000 ) );
#2963 = DIRECTION( '', ( 0.000000000000000, -0.000000000000000, 1.00000000000000 ) );
#2964 = SURFACE_STYLE_FILL_AREA( #4473 );
#2965 = ORIENTED_EDGE( '', *, *, #3974, .F. );
#2966 = ORIENTED_EDGE( '', *, *, #4474, .F. );
#2967 = ORIENTED_EDGE( '', *, *, #4475, .F. );
#2968 = ORIENTED_EDGE( '', *, *, #4476, .T. );
#2969 = CARTESIAN_POINT( '', ( 0.112500000000000, 0.305000000000000, 0.0437500000000000 ) );
#2970 = DIRECTION( '', ( 0.000000000000000, -1.00000000000000, 0.000000000000000 ) );
#2971 = DIRECTION( '', ( 0.000000000000000, 0.000000000000000, -1.00000000000000 ) );
#2972 = SURFACE_STYLE_FILL_AREA( #4477 );
#2973 = ORIENTED_EDGE( '', *, *, #3967, .F. );
#2974 = ORIENTED_EDGE( '', *, *, #4252, .F. );
#2975 = ORIENTED_EDGE( '', *, *, #4478, .F. );
#2976 = ORIENTED_EDGE( '', *, *, #4479, .T. );
#2977 = CARTESIAN_POINT( '', ( 0.112500000000000, 0.305000000000000, -0.0437500000000000 ) );
#2978 = DIRECTION( '', ( 0.000000000000000, -0.707106781186549, -0.707106781186546 ) );
#2979 = DIRECTION( '', ( 0.000000000000000, 0.707106781186546, -0.707106781186549 ) );
#2980 = SURFACE_STYLE_FILL_AREA( #4480 );
#2981 = ORIENTED_EDGE( '', *, *, #4481, .T. );
#2982 = ORIENTED_EDGE( '', *, *, #4042, .T. );
#2983 = ORIENTED_EDGE( '', *, *, #4082, .T. );
#2984 = ORIENTED_EDGE( '', *, *, #4482, .T. );
#2985 = ORIENTED_EDGE( '', *, *, #4483, .T. );
#2986 = ORIENTED_EDGE( '', *, *, #4484, .T. );
#2987 = CARTESIAN_POINT( '', ( 0.180000000000000, 0.000000000000000, 0.000000000000000 ) );
#2988 = DIRECTION( '', ( 1.00000000000000, 0.000000000000000, -0.000000000000000 ) );
#2989 = DIRECTION( '', ( -0.000000000000000, 0.000000000000000, -1.00000000000000 ) );
#2990 = SURFACE_STYLE_FILL_AREA( #4485 );
#2991 = ORIENTED_EDGE( '', *, *, #4052, .T. );
#2992 = ORIENTED_EDGE( '', *, *, #4132, .F. );
#2993 = ORIENTED_EDGE( '', *, *, #4486, .T. );
#2994 = ORIENTED_EDGE( '', *, *, #4017, .T. );
#2995 = CARTESIAN_POINT( '', ( 0.175000000000000, 0.320000000000000, 0.0250000000000000 ) );
#2996 = DIRECTION( '', ( 1.00000000000000, 0.000000000000000, 0.000000000000000 ) );
#2997 = DIRECTION( '', ( 0.000000000000000, 0.000000000000000, -1.00000000000000 ) );
#2998 = SURFACE_STYLE_FILL_AREA( #4487 );
#2999 = ORIENTED_EDGE( '', *, *, #4488, .F. );
#3000 = ORIENTED_EDGE( '', *, *, #4489, .T. );
#3001 = ORIENTED_EDGE( '', *, *, #4490, .F. );
#3002 = ORIENTED_EDGE( '', *, *, #4457, .F. );
#3003 = CARTESIAN_POINT( '', ( 0.180000000000000, 0.000000000000000, -0.115000000000000 ) );
#3004 = DIRECTION( '', ( -0.000000000000000, 1.00000000000000, 0.000000000000000 ) );
#3005 = DIRECTION( '', ( 0.000000000000000, -0.000000000000000, 1.00000000000000 ) );
#3006 = SURFACE_STYLE_FILL_AREA( #4491 );
#3007 = ORIENTED_EDGE( '', *, *, #4360, .T. );
#3008 = ORIENTED_EDGE( '', *, *, #4492, .T. );
#3009 = ORIENTED_EDGE( '', *, *, #4372, .T. );
#3010 = ORIENTED_EDGE( '', *, *, #4472, .F. );
#3011 = CARTESIAN_POINT( '', ( -0.0766666807966335, 0.200000000000000, 0.0500000000000000 ) );
#3012 = DIRECTION( '', ( -0.999390827019096, 0.0348994967025008, 0.000000000000000 ) );
#3013 = DIRECTION( '', ( -0.0348994967025008, -0.999390827019096, 0.000000000000000 ) );
#3014 = SURFACE_STYLE_FILL_AREA( #4493 );
#3015 = ORIENTED_EDGE( '', *, *, #4322, .T. );
#3016 = ORIENTED_EDGE( '', *, *, #4428, .T. );
#3017 = ORIENTED_EDGE( '', *, *, #4176, .T. );
#3018 = ORIENTED_EDGE( '', *, *, #4494, .F. );
#3019 = CARTESIAN_POINT( '', ( 0.112500000000000, -0.166250000000000, -0.230000000000000 ) );
#3020 = DIRECTION( '', ( 0.000000000000000, 0.000000000000000, 1.00000000000000 ) );
#3021 = DIRECTION( '', ( 1.00000000000000, 0.000000000000000, -0.000000000000000 ) );
#3022 = SURFACE_STYLE_FILL_AREA( #4495 );
#3023 = ORIENTED_EDGE( '', *, *, #4496, .T. );
#3024 = ORIENTED_EDGE( '', *, *, #4497, .T. );
#3025 = ORIENTED_EDGE( '', *, *, #4498, .F. );
#3026 = ORIENTED_EDGE( '', *, *, #4375, .T. );
#3027 = CARTESIAN_POINT( '', ( -0.0550500000000000, 0.0900000000000000, -0.00500000000000000 ) );
#3028 = DIRECTION( '', ( 1.00000000000000, -0.000000000000000, 0.000000000000000 ) );
#3029 = DIRECTION( '', ( 0.000000000000000, 0.000000000000000, -1.00000000000000 ) );
#3030 = SURFACE_STYLE_FILL_AREA( #4499 );
#3031 = ORIENTED_EDGE( '', *, *, #4500, .T. );
#3032 = ORIENTED_EDGE( '', *, *, #3953, .T. );
#3033 = ORIENTED_EDGE( '', *, *, #4501, .F. );
#3034 = ORIENTED_EDGE( '', *, *, #4502, .T. );
#3035 = CARTESIAN_POINT( '', ( 0.112500000000000, -0.122500000000000, 0.0125000000000000 ) );
#3036 = DIRECTION( '', ( 1.00000000000000, -0.000000000000000, -0.000000000000000 ) );
#3037 = DIRECTION( '', ( 0.000000000000000, 0.000000000000000, 1.00000000000000 ) );
#3038 = SURFACE_STYLE_FILL_AREA( #4503 );
#3039 = ORIENTED_EDGE( '', *, *, #3954, .F. );
#3040 = ORIENTED_EDGE( '', *, *, #4500, .F. );
#3041 = ORIENTED_EDGE( '', *, *, #4504, .F. );
#3042 = ORIENTED_EDGE( '', *, *, #4113, .T. );
#3043 = CARTESIAN_POINT( '', ( 0.112500000000000, -0.147500000000000, -0.223750000000000 ) );
#3044 = DIRECTION( '', ( 0.000000000000000, -1.00000000000000, -7.22711109434991E-17 ) );
#3045 = DIRECTION( '', ( 0.000000000000000, 7.22711109434991E-17, -1.00000000000000 ) );
#3046 = SURFACE_STYLE_FILL_AREA( #4505 );
#3047 = ORIENTED_EDGE( '', *, *, #4319, .F. );
#3048 = ORIENTED_EDGE( '', *, *, #3913, .T. );
#3049 = ORIENTED_EDGE( '', *, *, #4179, .T. );
#3050 = ORIENTED_EDGE( '', *, *, #4338, .F. );
#3051 = CARTESIAN_POINT( '', ( 0.112500000000000, -0.122500000000000, 0.0125000000000000 ) );
#3052 = DIRECTION( '', ( 1.00000000000000, -0.000000000000000, -0.000000000000000 ) );
#3053 = DIRECTION( '', ( 0.000000000000000, 0.000000000000000, 1.00000000000000 ) );
#3054 = SURFACE_STYLE_FILL_AREA( #4506 );
#3055 = ORIENTED_EDGE( '', *, *, #4507, .T. );
#3056 = ORIENTED_EDGE( '', *, *, #4136, .F. );
#3057 = ORIENTED_EDGE( '', *, *, #4508, .F. );
#3058 = ORIENTED_EDGE( '', *, *, #4509, .T. );
#3059 = CARTESIAN_POINT( '', ( 0.0500000000000000, 0.233000000000000, 0.135000000000000 ) );
#3060 = DIRECTION( '', ( -0.000000000000000, 1.00000000000000, 0.000000000000000 ) );
#3061 = DIRECTION( '', ( 0.000000000000000, -0.000000000000000, 1.00000000000000 ) );
#3062 = SURFACE_STYLE_FILL_AREA( #4510 );
#3063 = ORIENTED_EDGE( '', *, *, #4511, .F. );
#3064 = ORIENTED_EDGE( '', *, *, #4312, .F. );
#3065 = ORIENTED_EDGE( '', *, *, #4098, .F. );
#3066 = ORIENTED_EDGE( '', *, *, #4382, .T. );
#3067 = CARTESIAN_POINT( '', ( 0.180000000000000, 0.000000000000000, 0.145000000000000 ) );
#3068 = DIRECTION( '', ( -0.000000000000000, 1.00000000000000, 0.000000000000000 ) );
#3069 = DIRECTION( '', ( 0.000000000000000, -0.000000000000000, 1.00000000000000 ) );
#3070 = SURFACE_STYLE_FILL_AREA( #4512 );
#3071 = ORIENTED_EDGE( '', *, *, #4359, .T. );
#3072 = ORIENTED_EDGE( '', *, *, #4513, .T. );
#3073 = ORIENTED_EDGE( '', *, *, #4373, .T. );
#3074 = ORIENTED_EDGE( '', *, *, #4492, .F. );
#3075 = CARTESIAN_POINT( '', ( -0.0730000000000000, 0.305000000000000, 0.0500000000000000 ) );
#3076 = DIRECTION( '', ( -0.848048096156426, 0.529919264233205, 0.000000000000000 ) );
#3077 = DIRECTION( '', ( -0.529919264233205, -0.848048096156426, 0.000000000000000 ) );
#3078 = SURFACE_STYLE_FILL_AREA( #4514 );
#3079 = ORIENTED_EDGE( '', *, *, #4511, .T. );
#3080 = ORIENTED_EDGE( '', *, *, #4381, .T. );
#3081 = ORIENTED_EDGE( '', *, *, #4515, .F. );
#3082 = ORIENTED_EDGE( '', *, *, #4141, .T. );
#3083 = ORIENTED_EDGE( '', *, *, #4055, .T. );
#3084 = ORIENTED_EDGE( '', *, *, #4311, .T. );
#3085 = CARTESIAN_POINT( '', ( 0.157500000000000, -0.0200000000000000, 0.145000000000000 ) );
#3086 = DIRECTION( '', ( -1.00000000000000, 0.000000000000000, 0.000000000000000 ) );
#3087 = DIRECTION( '', ( 0.000000000000000, 0.000000000000000, 1.00000000000000 ) );
#3088 = SURFACE_STYLE_FILL_AREA( #4516 );
#3089 = ORIENTED_EDGE( '', *, *, #4324, .F. );
#3090 = ORIENTED_EDGE( '', *, *, #4517, .T. );
#3091 = ORIENTED_EDGE( '', *, *, #4174, .T. );
#3092 = ORIENTED_EDGE( '', *, *, #3948, .F. );
#3093 = CARTESIAN_POINT( '', ( 0.112500000000000, -0.147500000000000, -0.223750000000000 ) );
#3094 = DIRECTION( '', ( 0.000000000000000, -1.00000000000000, -7.22711109434991E-17 ) );
#3095 = DIRECTION( '', ( 0.000000000000000, 7.22711109434991E-17, -1.00000000000000 ) );
#3096 = SURFACE_STYLE_FILL_AREA( #4518 );
#3097 = ORIENTED_EDGE( '', *, *, #3963, .F. );
#3098 = ORIENTED_EDGE( '', *, *, #4028, .F. );
#3099 = ORIENTED_EDGE( '', *, *, #4519, .F. );
#3100 = ORIENTED_EDGE( '', *, *, #4520, .T. );
#3101 = CARTESIAN_POINT( '', ( 0.112500000000000, 0.298750000000000, 0.0375000000000000 ) );
#3102 = DIRECTION( '', ( 0.000000000000000, -0.707106781186549, 0.707106781186546 ) );
#3103 = DIRECTION( '', ( 0.000000000000000, -0.707106781186546, -0.707106781186549 ) );
#3104 = SURFACE_STYLE_FILL_AREA( #4521 );
#3105 = ORIENTED_EDGE( '', *, *, #4225, .T. );
#3106 = ORIENTED_EDGE( '', *, *, #4522, .T. );
#3107 = ORIENTED_EDGE( '', *, *, #4523, .T. );
#3108 = ORIENTED_EDGE( '', *, *, #4022, .F. );
#3109 = CARTESIAN_POINT( '', ( 0.0270000000000000, 0.305000000000000, 0.0500000000000000 ) );
#3110 = DIRECTION( '', ( -0.848048096156426, 0.529919264233205, 0.000000000000000 ) );
#3111 = DIRECTION( '', ( -0.529919264233205, -0.848048096156426, 0.000000000000000 ) );
#3112 = SURFACE_STYLE_FILL_AREA( #4524 );
#3113 = ORIENTED_EDGE( '', *, *, #4525, .F. );
#3114 = ORIENTED_EDGE( '', *, *, #4497, .F. );
#3115 = ORIENTED_EDGE( '', *, *, #4526, .T. );
#3116 = ORIENTED_EDGE( '', *, *, #3998, .F. );
#3117 = CARTESIAN_POINT( '', ( -0.0700000000000000, 0.0900000000000000, -0.0200000000000000 ) );
#3118 = DIRECTION( '', ( -1.06712812252510E-16, 0.000000000000000, 1.00000000000000 ) );
#3119 = DIRECTION( '', ( 1.00000000000000, 0.000000000000000, 1.06712812252510E-16 ) );
#3120 = SURFACE_STYLE_FILL_AREA( #4527 );
#3121 = ORIENTED_EDGE( '', *, *, #4528, .F. );
#3122 = ORIENTED_EDGE( '', *, *, #4529, .T. );
#3123 = ORIENTED_EDGE( '', *, *, #4152, .T. );
#3124 = ORIENTED_EDGE( '', *, *, #4258, .T. );
#3125 = CARTESIAN_POINT( '', ( 0.180000000000000, 0.000000000000000, -0.145000000000000 ) );
#3126 = DIRECTION( '', ( 0.000000000000000, 0.000000000000000, 1.00000000000000 ) );
#3127 = DIRECTION( '', ( 1.00000000000000, 0.000000000000000, -0.000000000000000 ) );
#3128 = SURFACE_STYLE_FILL_AREA( #4530 );
#3129 = ORIENTED_EDGE( '', *, *, #4531, .T. );
#3130 = ORIENTED_EDGE( '', *, *, #4488, .T. );
#3131 = ORIENTED_EDGE( '', *, *, #4456, .F. );
#3132 = ORIENTED_EDGE( '', *, *, #4072, .F. );
#3133 = CARTESIAN_POINT( '', ( -0.0325000000000000, 0.0200000000000000, 0.145000000000000 ) );
#3134 = DIRECTION( '', ( 1.00000000000000, 0.000000000000000, -0.000000000000000 ) );
#3135 = DIRECTION( '', ( -0.000000000000000, 0.000000000000000, -1.00000000000000 ) );
#3136 = SURFACE_STYLE_FILL_AREA( #4532 );
#3137 = ORIENTED_EDGE( '', *, *, #3956, .T. );
#3138 = ORIENTED_EDGE( '', *, *, #4115, .F. );
#3139 = ORIENTED_EDGE( '', *, *, #4533, .F. );
#3140 = ORIENTED_EDGE( '', *, *, #4117, .T. );
#3141 = CARTESIAN_POINT( '', ( 0.112500000000000, -0.166250000000000, -0.230000000000000 ) );
#3142 = DIRECTION( '', ( 0.000000000000000, 0.000000000000000, 1.00000000000000 ) );
#3143 = DIRECTION( '', ( 1.00000000000000, 0.000000000000000, -0.000000000000000 ) );
#3144 = SURFACE_STYLE_FILL_AREA( #4534 );
#3145 = ORIENTED_EDGE( '', *, *, #3952, .F. );
#3146 = ORIENTED_EDGE( '', *, *, #4535, .F. );
#3147 = ORIENTED_EDGE( '', *, *, #4536, .F. );
#3148 = ORIENTED_EDGE( '', *, *, #4501, .T. );
#3149 = CARTESIAN_POINT( '', ( 0.112500000000000, -0.122500000000000, 0.0375000000000000 ) );
#3150 = DIRECTION( '', ( 0.000000000000000, 0.000000000000000, 1.00000000000000 ) );
#3151 = DIRECTION( '', ( 1.00000000000000, 0.000000000000000, -0.000000000000000 ) );
#3152 = SURFACE_STYLE_FILL_AREA( #4537 );
#3153 = ORIENTED_EDGE( '', *, *, #3964, .F. );
#3154 = ORIENTED_EDGE( '', *, *, #4520, .F. );
#3155 = ORIENTED_EDGE( '', *, *, #4538, .F. );
#3156 = ORIENTED_EDGE( '', *, *, #4539, .T. );
#3157 = CARTESIAN_POINT( '', ( 0.112500000000000, 0.0650000000000000, 0.0375000000000000 ) );
#3158 = DIRECTION( '', ( 0.000000000000000, 0.000000000000000, 1.00000000000000 ) );
#3159 = DIRECTION( '', ( 1.00000000000000, 0.000000000000000, -0.000000000000000 ) );
#3160 = SURFACE_STYLE_FILL_AREA( #4540 );
#3161 = ORIENTED_EDGE( '', *, *, #3981, .F. );
#3162 = ORIENTED_EDGE( '', *, *, #4541, .F. );
#3163 = ORIENTED_EDGE( '', *, *, #4542, .F. );
#3164 = ORIENTED_EDGE( '', *, *, #4543, .T. );
#3165 = CARTESIAN_POINT( '', ( 0.112500000000000, 0.298750000000000, -0.0625000000000000 ) );
#3166 = DIRECTION( '', ( 0.000000000000000, -0.707106781186549, 0.707106781186546 ) );
#3167 = DIRECTION( '', ( 0.000000000000000, -0.707106781186545, -0.707106781186549 ) );
#3168 = SURFACE_STYLE_FILL_AREA( #4544 );
#3169 = ORIENTED_EDGE( '', *, *, #4248, .F. );
#3170 = ORIENTED_EDGE( '', *, *, #4545, .F. );
#3171 = ORIENTED_EDGE( '', *, *, #4546, .F. );
#3172 = ORIENTED_EDGE( '', *, *, #4547, .T. );
#3173 = CARTESIAN_POINT( '', ( 0.112500000000000, -0.0225000000000000, -0.0875000000000000 ) );
#3174 = DIRECTION( '', ( 1.00000000000000, -0.000000000000000, -0.000000000000000 ) );
#3175 = DIRECTION( '', ( 0.000000000000000, 0.000000000000000, 1.00000000000000 ) );
#3176 = SURFACE_STYLE_FILL_AREA( #4548 );
#3177 = ORIENTED_EDGE( '', *, *, #4549, .T. );
#3178 = ORIENTED_EDGE( '', *, *, #3934, .F. );
#3179 = ORIENTED_EDGE( '', *, *, #4255, .F. );
#3180 = ORIENTED_EDGE( '', *, *, #4350, .T. );
#3181 = CARTESIAN_POINT( '', ( -0.0449500000000000, 0.0900000000000000, 0.115000000000000 ) );
#3182 = DIRECTION( '', ( 0.000000000000000, 0.000000000000000, 1.00000000000000 ) );
#3183 = DIRECTION( '', ( 1.00000000000000, 0.000000000000000, -0.000000000000000 ) );
#3184 = SURFACE_STYLE_FILL_AREA( #4550 );
#3185 = ORIENTED_EDGE( '', *, *, #4531, .F. );
#3186 = ORIENTED_EDGE( '', *, *, #4071, .T. );
#3187 = ORIENTED_EDGE( '', *, *, #4551, .F. );
#3188 = ORIENTED_EDGE( '', *, *, #4489, .F. );
#3189 = CARTESIAN_POINT( '', ( 0.180000000000000, 0.0200000000000000, -0.115000000000000 ) );
#3190 = DIRECTION( '', ( 0.000000000000000, 0.000000000000000, -1.00000000000000 ) );
#3191 = DIRECTION( '', ( -1.00000000000000, 0.000000000000000, 0.000000000000000 ) );
#3192 = SURFACE_STYLE_FILL_AREA( #4552 );
#3193 = ORIENTED_EDGE( '', *, *, #4553, .F. );
#3194 = ORIENTED_EDGE( '', *, *, #4276, .F. );
#3195 = ORIENTED_EDGE( '', *, *, #4554, .T. );
#3196 = ORIENTED_EDGE( '', *, *, #4555, .F. );
#3197 = CARTESIAN_POINT( '', ( 0.0300000000000000, 0.0900000000000000, -0.0200000000000000 ) );
#3198 = DIRECTION( '', ( -1.06712812252510E-16, 0.000000000000000, 1.00000000000000 ) );
#3199 = DIRECTION( '', ( 1.00000000000000, 0.000000000000000, 1.06712812252510E-16 ) );
#3200 = SURFACE_STYLE_FILL_AREA( #4556 );
#3201 = ORIENTED_EDGE( '', *, *, #4031, .F. );
#3202 = ORIENTED_EDGE( '', *, *, #4391, .T. );
#3203 = ORIENTED_EDGE( '', *, *, #4170, .T. );
#3204 = ORIENTED_EDGE( '', *, *, #4557, .F. );
#3205 = CARTESIAN_POINT( '', ( 0.112500000000000, -0.0225000000000000, -0.0875000000000000 ) );
#3206 = DIRECTION( '', ( 1.00000000000000, -0.000000000000000, -0.000000000000000 ) );
#3207 = DIRECTION( '', ( 0.000000000000000, 0.000000000000000, 1.00000000000000 ) );
#3208 = SURFACE_STYLE_FILL_AREA( #4558 );
#3209 = ORIENTED_EDGE( '', *, *, #3916, .T. );
#3210 = ORIENTED_EDGE( '', *, *, #4559, .T. );
#3211 = ORIENTED_EDGE( '', *, *, #4367, .T. );
#3212 = ORIENTED_EDGE( '', *, *, #4560, .F. );
#3213 = ORIENTED_EDGE( '', *, *, #4425, .T. );
#3214 = ORIENTED_EDGE( '', *, *, #4561, .T. );
#3215 = ORIENTED_EDGE( '', *, *, #4562, .F. );
#3216 = ORIENTED_EDGE( '', *, *, #4431, .T. );
#3217 = ORIENTED_EDGE( '', *, *, #4563, .T. );
#3218 = ORIENTED_EDGE( '', *, *, #4564, .T. );
#3219 = CARTESIAN_POINT( '', ( -0.0125000000000000, -0.200000000000000, 0.145000000000000 ) );
#3220 = DIRECTION( '', ( -1.00000000000000, 0.000000000000000, 0.000000000000000 ) );
#3221 = DIRECTION( '', ( 0.000000000000000, 0.000000000000000, 1.00000000000000 ) );
#3222 = SURFACE_STYLE_FILL_AREA( #4565 );
#3223 = ORIENTED_EDGE( '', *, *, #3975, .F. );
#3224 = ORIENTED_EDGE( '', *, *, #4476, .F. );
#3225 = ORIENTED_EDGE( '', *, *, #4566, .F. );
#3226 = ORIENTED_EDGE( '', *, *, #4012, .T. );
#3227 = CARTESIAN_POINT( '', ( 0.112500000000000, 0.298750000000000, 0.0375000000000000 ) );
#3228 = DIRECTION( '', ( 0.000000000000000, -0.707106781186549, 0.707106781186546 ) );
#3229 = DIRECTION( '', ( 0.000000000000000, -0.707106781186546, -0.707106781186549 ) );
#3230 = SURFACE_STYLE_FILL_AREA( #4567 );
#3231 = ORIENTED_EDGE( '', *, *, #4405, .F. );
#3232 = ORIENTED_EDGE( '', *, *, #4314, .F. );
#3233 = ORIENTED_EDGE( '', *, *, #4568, .F. );
#3234 = ORIENTED_EDGE( '', *, *, #4569, .F. );
#3235 = ORIENTED_EDGE( '', *, *, #4207, .F. );
#3236 = ORIENTED_EDGE( '', *, *, #4193, .F. );
#3237 = ORIENTED_EDGE( '', *, *, #4442, .F. );
#3238 = ORIENTED_EDGE( '', *, *, #4006, .F. );
#3239 = ORIENTED_EDGE( '', *, *, #4216, .F. );
#3240 = ORIENTED_EDGE( '', *, *, #4570, .F. );
#3241 = ORIENTED_EDGE( '', *, *, #4407, .F. );
#3242 = ORIENTED_EDGE( '', *, *, #4002, .F. );
#3243 = ORIENTED_EDGE( '', *, *, #3986, .T. );
#3244 = ORIENTED_EDGE( '', *, *, #4197, .F. );
#3245 = ORIENTED_EDGE( '', *, *, #4571, .F. );
#3246 = ORIENTED_EDGE( '', *, *, #4554, .F. );
#3247 = ORIENTED_EDGE( '', *, *, #4275, .F. );
#3248 = ORIENTED_EDGE( '', *, *, #4572, .F. );
#3249 = ORIENTED_EDGE( '', *, *, #4522, .F. );
#3250 = ORIENTED_EDGE( '', *, *, #4224, .F. );
#3251 = ORIENTED_EDGE( '', *, *, #3931, .F. );
#3252 = ORIENTED_EDGE( '', *, *, #4549, .F. );
#3253 = ORIENTED_EDGE( '', *, *, #4349, .F. );
#3254 = ORIENTED_EDGE( '', *, *, #4221, .F. );
#3255 = ORIENTED_EDGE( '', *, *, #4436, .T. );
#3256 = ORIENTED_EDGE( '', *, *, #4573, .F. );
#3257 = ORIENTED_EDGE( '', *, *, #3999, .F. );
#3258 = ORIENTED_EDGE( '', *, *, #4526, .F. );
#3259 = ORIENTED_EDGE( '', *, *, #4496, .F. );
#3260 = ORIENTED_EDGE( '', *, *, #4374, .F. );
#3261 = ORIENTED_EDGE( '', *, *, #4513, .F. );
#3262 = ORIENTED_EDGE( '', *, *, #4358, .F. );
#3263 = ORIENTED_EDGE( '', *, *, #4199, .F. );
#3264 = ORIENTED_EDGE( '', *, *, #4046, .F. );
#3265 = ORIENTED_EDGE( '', *, *, #4143, .F. );
#3266 = ORIENTED_EDGE( '', *, *, #4356, .F. );
#3267 = ORIENTED_EDGE( '', *, *, #4574, .T. );
#3268 = ORIENTED_EDGE( '', *, *, #4378, .F. );
#3269 = ORIENTED_EDGE( '', *, *, #4575, .F. );
#3270 = ORIENTED_EDGE( '', *, *, #4287, .F. );
#3271 = ORIENTED_EDGE( '', *, *, #4439, .F. );
#3272 = ORIENTED_EDGE( '', *, *, #4306, .F. );
#3273 = ORIENTED_EDGE( '', *, *, #4576, .F. );
#3274 = ORIENTED_EDGE( '', *, *, #4341, .F. );
#3275 = ORIENTED_EDGE( '', *, *, #4131, .F. );
#3276 = ORIENTED_EDGE( '', *, *, #4092, .F. );
#3277 = ORIENTED_EDGE( '', *, *, #4577, .F. );
#3278 = ORIENTED_EDGE( '', *, *, #4410, .F. );
#3279 = ORIENTED_EDGE( '', *, *, #4043, .F. );
#3280 = ORIENTED_EDGE( '', *, *, #4481, .F. );
#3281 = ORIENTED_EDGE( '', *, *, #4578, .T. );
#3282 = ORIENTED_EDGE( '', *, *, #4446, .T. );
#3283 = ORIENTED_EDGE( '', *, *, #4284, .T. );
#3284 = ORIENTED_EDGE( '', *, *, #4579, .T. );
#3285 = ORIENTED_EDGE( '', *, *, #4451, .T. );
#3286 = ORIENTED_EDGE( '', *, *, #4110, .T. );
#3287 = ORIENTED_EDGE( '', *, *, #4580, .T. );
#3288 = ORIENTED_EDGE( '', *, *, #4581, .T. );
#3289 = ORIENTED_EDGE( '', *, *, #4528, .T. );
#3290 = ORIENTED_EDGE( '', *, *, #4257, .T. );
#3291 = ORIENTED_EDGE( '', *, *, #4582, .F. );
#3292 = ORIENTED_EDGE( '', *, *, #3992, .T. );
#3293 = ORIENTED_EDGE( '', *, *, #4138, .T. );
#3294 = ORIENTED_EDGE( '', *, *, #4583, .T. );
#3295 = ORIENTED_EDGE( '', *, *, #4129, .F. );
#3296 = ORIENTED_EDGE( '', *, *, #4584, .F. );
#3297 = ORIENTED_EDGE( '', *, *, #4134, .T. );
#3298 = ORIENTED_EDGE( '', *, *, #4515, .T. );
#3299 = ORIENTED_EDGE( '', *, *, #4380, .F. );
#3300 = ORIENTED_EDGE( '', *, *, #4096, .F. );
#3301 = ORIENTED_EDGE( '', *, *, #4018, .F. );
#3302 = ORIENTED_EDGE( '', *, *, #4486, .F. );
#3303 = CARTESIAN_POINT( '', ( 0.180000000000000, 0.320000000000000, -0.145000000000000 ) );
#3304 = DIRECTION( '', ( 0.000000000000000, -1.00000000000000, 0.000000000000000 ) );
#3305 = DIRECTION( '', ( 0.000000000000000, 0.000000000000000, -1.00000000000000 ) );
#3306 = SURFACE_STYLE_FILL_AREA( #4585 );
#3307 = ORIENTED_EDGE( '', *, *, #4435, .F. );
#3308 = ORIENTED_EDGE( '', *, *, #4586, .F. );
#3309 = ORIENTED_EDGE( '', *, *, #4280, .F. );
#3310 = ORIENTED_EDGE( '', *, *, #4023, .F. );
#3311 = ORIENTED_EDGE( '', *, *, #4523, .F. );
#3312 = ORIENTED_EDGE( '', *, *, #4572, .T. );
#3313 = ORIENTED_EDGE( '', *, *, #4278, .F. );
#3314 = ORIENTED_EDGE( '', *, *, #4587, .F. );
#3315 = ORIENTED_EDGE( '', *, *, #4000, .T. );
#3316 = ORIENTED_EDGE( '', *, *, #4573, .T. );
#3317 = CARTESIAN_POINT( '', ( -0.0449500000000000, 0.0900000000000000, -0.00500000000000000 ) );
#3318 = DIRECTION( '', ( 0.000000000000000, 0.000000000000000, 1.00000000000000 ) );
#3319 = DIRECTION( '', ( 1.00000000000000, 0.000000000000000, -0.000000000000000 ) );
#3320 = SURFACE_STYLE_FILL_AREA( #4588 );
#3321 = ORIENTED_EDGE( '', *, *, #4575, .T. );
#3322 = ORIENTED_EDGE( '', *, *, #4377, .F. );
#3323 = ORIENTED_EDGE( '', *, *, #4589, .F. );
#3324 = ORIENTED_EDGE( '', *, *, #4288, .T. );
#3325 = CARTESIAN_POINT( '', ( -0.144950000000000, 0.0900000000000000, -0.114900000000000 ) );
#3326 = DIRECTION( '', ( -1.00000000000000, 0.000000000000000, 0.000000000000000 ) );
#3327 = DIRECTION( '', ( 0.000000000000000, 0.000000000000000, 1.00000000000000 ) );
#3328 = SURFACE_STYLE_FILL_AREA( #4590 );
#3329 = ORIENTED_EDGE( '', *, *, #4448, .F. );
#3330 = ORIENTED_EDGE( '', *, *, #4591, .F. );
#3331 = ORIENTED_EDGE( '', *, *, #4483, .F. );
#3332 = ORIENTED_EDGE( '', *, *, #4592, .T. );
#3333 = CARTESIAN_POINT( '', ( 0.180000000000000, 0.000000000000000, -0.115000000000000 ) );
#3334 = DIRECTION( '', ( -0.000000000000000, 1.00000000000000, 0.000000000000000 ) );
#3335 = DIRECTION( '', ( 0.000000000000000, -0.000000000000000, 1.00000000000000 ) );
#3336 = SURFACE_STYLE_FILL_AREA( #4593 );
#3337 = ORIENTED_EDGE( '', *, *, #4334, .F. );
#3338 = ORIENTED_EDGE( '', *, *, #4299, .T. );
#3339 = ORIENTED_EDGE( '', *, *, #4185, .T. );
#3340 = ORIENTED_EDGE( '', *, *, #4444, .F. );
#3341 = CARTESIAN_POINT( '', ( 0.112500000000000, 0.298750000000000, -0.0375000000000000 ) );
#3342 = DIRECTION( '', ( 0.000000000000000, 0.000000000000000, -1.00000000000000 ) );
#3343 = DIRECTION( '', ( -1.00000000000000, 0.000000000000000, 0.000000000000000 ) );
#3344 = SURFACE_STYLE_FILL_AREA( #4594 );
#3345 = ORIENTED_EDGE( '', *, *, #4245, .F. );
#3346 = ORIENTED_EDGE( '', *, *, #4595, .F. );
#3347 = ORIENTED_EDGE( '', *, *, #4596, .F. );
#3348 = ORIENTED_EDGE( '', *, *, #4352, .T. );
#3349 = CARTESIAN_POINT( '', ( 0.112500000000000, -0.0475000000000000, -0.223750000000000 ) );
#3350 = DIRECTION( '', ( 0.000000000000000, -1.00000000000000, -1.25314128149737E-16 ) );
#3351 = DIRECTION( '', ( 0.000000000000000, 1.25314128149737E-16, -1.00000000000000 ) );
#3352 = SURFACE_STYLE_FILL_AREA( #4597 );
#3353 = ORIENTED_EDGE( '', *, *, #4227, .T. );
#3354 = ORIENTED_EDGE( '', *, *, #4281, .T. );
#3355 = ORIENTED_EDGE( '', *, *, #4586, .T. );
#3356 = ORIENTED_EDGE( '', *, *, #4434, .F. );
#3357 = CARTESIAN_POINT( '', ( -0.0270000000000000, 0.305000000000000, 0.0500000000000000 ) );
#3358 = DIRECTION( '', ( 0.999390827019096, 0.0348994967025013, -0.000000000000000 ) );
#3359 = DIRECTION( '', ( -0.0348994967025013, 0.999390827019096, 0.000000000000000 ) );
#3360 = SURFACE_STYLE_FILL_AREA( #4598 );
#3361 = ORIENTED_EDGE( '', *, *, #4452, .F. );
#3362 = ORIENTED_EDGE( '', *, *, #4579, .F. );
#3363 = ORIENTED_EDGE( '', *, *, #4283, .T. );
#3364 = ORIENTED_EDGE( '', *, *, #4078, .F. );
#3365 = CARTESIAN_POINT( '', ( 0.0750000000000000, 0.320000000000000, -0.125000000000000 ) );
#3366 = DIRECTION( '', ( -1.00000000000000, 0.000000000000000, 0.000000000000000 ) );
#3367 = DIRECTION( '', ( 0.000000000000000, 0.000000000000000, 1.00000000000000 ) );
#3368 = SURFACE_STYLE_FILL_AREA( #4599 );
#3369 = ORIENTED_EDGE( '', *, *, #3965, .F. );
#3370 = ORIENTED_EDGE( '', *, *, #4539, .F. );
#3371 = ORIENTED_EDGE( '', *, *, #4600, .F. );
#3372 = ORIENTED_EDGE( '', *, *, #4250, .T. );
#3373 = CARTESIAN_POINT( '', ( 0.112500000000000, 0.0650000000000000, -0.0375000000000000 ) );
#3374 = DIRECTION( '', ( 0.000000000000000, -1.00000000000000, 3.41480999208033E-16 ) );
#3375 = DIRECTION( '', ( 0.000000000000000, -3.41480999208033E-16, -1.00000000000000 ) );
#3376 = SURFACE_STYLE_FILL_AREA( #4601 );
#3377 = ORIENTED_EDGE( '', *, *, #4551, .T. );
#3378 = ORIENTED_EDGE( '', *, *, #4070, .T. );
#3379 = ORIENTED_EDGE( '', *, *, #4458, .T. );
#3380 = ORIENTED_EDGE( '', *, *, #4490, .T. );
#3381 = CARTESIAN_POINT( '', ( -0.0675000000000000, -0.0200000000000000, 0.145000000000000 ) );
#3382 = DIRECTION( '', ( -1.00000000000000, 0.000000000000000, 0.000000000000000 ) );
#3383 = DIRECTION( '', ( 0.000000000000000, 0.000000000000000, 1.00000000000000 ) );
#3384 = SURFACE_STYLE_FILL_AREA( #4602 );
#3385 = ORIENTED_EDGE( '', *, *, #4603, .T. );
#3386 = ORIENTED_EDGE( '', *, *, #4509, .F. );
#3387 = ORIENTED_EDGE( '', *, *, #4604, .F. );
#3388 = ORIENTED_EDGE( '', *, *, #4233, .T. );
#3389 = CARTESIAN_POINT( '', ( 0.0500000000000000, 0.222000000000000, 0.165000000000000 ) );
#3390 = DIRECTION( '', ( -0.000000000000000, 0.938876315886609, 0.344254649158423 ) );
#3391 = DIRECTION( '', ( 0.000000000000000, -0.344254649158423, 0.938876315886609 ) );
#3392 = SURFACE_STYLE_FILL_AREA( #4605 );
#3393 = ORIENTED_EDGE( '', *, *, #3922, .T. );
#3394 = ORIENTED_EDGE( '', *, *, #4422, .T. );
#3395 = ORIENTED_EDGE( '', *, *, #4238, .T. );
#3396 = ORIENTED_EDGE( '', *, *, #4118, .T. );
#3397 = ORIENTED_EDGE( '', *, *, #4533, .T. );
#3398 = ORIENTED_EDGE( '', *, *, #4114, .T. );
#3399 = ORIENTED_EDGE( '', *, *, #4504, .T. );
#3400 = ORIENTED_EDGE( '', *, *, #4502, .F. );
#3401 = ORIENTED_EDGE( '', *, *, #4536, .T. );
#3402 = ORIENTED_EDGE( '', *, *, #4606, .T. );
#3403 = ORIENTED_EDGE( '', *, *, #4607, .T. );
#3404 = ORIENTED_EDGE( '', *, *, #4546, .T. );
#3405 = ORIENTED_EDGE( '', *, *, #4608, .T. );
#3406 = ORIENTED_EDGE( '', *, *, #4204, .T. );
#3407 = ORIENTED_EDGE( '', *, *, #4123, .T. );
#3408 = ORIENTED_EDGE( '', *, *, #4353, .T. );
#3409 = ORIENTED_EDGE( '', *, *, #4596, .T. );
#3410 = ORIENTED_EDGE( '', *, *, #4609, .F. );
#3411 = ORIENTED_EDGE( '', *, *, #4610, .T. );
#3412 = ORIENTED_EDGE( '', *, *, #4611, .T. );
#3413 = ORIENTED_EDGE( '', *, *, #4612, .T. );
#3414 = ORIENTED_EDGE( '', *, *, #4478, .T. );
#3415 = ORIENTED_EDGE( '', *, *, #4251, .T. );
#3416 = ORIENTED_EDGE( '', *, *, #4600, .T. );
#3417 = ORIENTED_EDGE( '', *, *, #4538, .T. );
#3418 = ORIENTED_EDGE( '', *, *, #4519, .T. );
#3419 = ORIENTED_EDGE( '', *, *, #4027, .T. );
#3420 = ORIENTED_EDGE( '', *, *, #4384, .T. );
#3421 = CARTESIAN_POINT( '', ( 0.112500000000000, -0.122500000000000, 0.0125000000000000 ) );
#3422 = DIRECTION( '', ( 1.00000000000000, 0.000000000000000, 0.000000000000000 ) );
#3423 = DIRECTION( '', ( 0.000000000000000, 0.000000000000000, -1.00000000000000 ) );
#3424 = SURFACE_STYLE_FILL_AREA( #4613 );
#3425 = ORIENTED_EDGE( '', *, *, #4247, .F. );
#3426 = ORIENTED_EDGE( '', *, *, #4205, .F. );
#3427 = ORIENTED_EDGE( '', *, *, #4608, .F. );
#3428 = ORIENTED_EDGE( '', *, *, #4545, .T. );
#3429 = CARTESIAN_POINT( '', ( 0.112500000000000, -0.0725000000000000, -0.0875000000000000 ) );
#3430 = DIRECTION( '', ( -0.000000000000000, 1.00000000000000, 1.25314128149737E-16 ) );
#3431 = DIRECTION( '', ( 0.000000000000000, -1.25314128149737E-16, 1.00000000000000 ) );
#3432 = SURFACE_STYLE_FILL_AREA( #4614 );
#3433 = ORIENTED_EDGE( '', *, *, #4241, .F. );
#3434 = ORIENTED_EDGE( '', *, *, #4547, .F. );
#3435 = ORIENTED_EDGE( '', *, *, #4607, .F. );
#3436 = ORIENTED_EDGE( '', *, *, #4615, .T. );
#3437 = CARTESIAN_POINT( '', ( 0.112500000000000, 0.0400000000000000, -0.0375000000000000 ) );
#3438 = DIRECTION( '', ( 0.000000000000000, 0.000000000000000, -1.00000000000000 ) );
#3439 = DIRECTION( '', ( -1.00000000000000, 0.000000000000000, 0.000000000000000 ) );
#3440 = SURFACE_STYLE_FILL_AREA( #4616 );
#3441 = ORIENTED_EDGE( '', *, *, #4323, .F. );
#3442 = ORIENTED_EDGE( '', *, *, #4494, .T. );
#3443 = ORIENTED_EDGE( '', *, *, #4175, .T. );
#3444 = ORIENTED_EDGE( '', *, *, #4517, .F. );
#3445 = CARTESIAN_POINT( '', ( 0.112500000000000, -0.153750000000000, -0.230000000000000 ) );
#3446 = DIRECTION( '', ( 0.000000000000000, -0.707106781186548, 0.707106781186548 ) );
#3447 = DIRECTION( '', ( 0.000000000000000, -0.707106781186547, -0.707106781186547 ) );
#3448 = SURFACE_STYLE_FILL_AREA( #4617 );
#3449 = ORIENTED_EDGE( '', *, *, #3995, .F. );
#3450 = ORIENTED_EDGE( '', *, *, #4618, .T. );
#3451 = ORIENTED_EDGE( '', *, *, #4260, .T. );
#3452 = ORIENTED_EDGE( '', *, *, #4063, .F. );
#3453 = CARTESIAN_POINT( '', ( 0.180000000000000, 0.000000000000000, 0.115000000000000 ) );
#3454 = DIRECTION( '', ( 0.000000000000000, 0.000000000000000, 1.00000000000000 ) );
#3455 = DIRECTION( '', ( 1.00000000000000, 0.000000000000000, -0.000000000000000 ) );
#3456 = SURFACE_STYLE_FILL_AREA( #4619 );
#3457 = ORIENTED_EDGE( '', *, *, #4264, .T. );
#3458 = ORIENTED_EDGE( '', *, *, #4074, .T. );
#3459 = ORIENTED_EDGE( '', *, *, #4455, .F. );
#3460 = ORIENTED_EDGE( '', *, *, #4620, .F. );
#3461 = CARTESIAN_POINT( '', ( 0.0325000000000000, 0.000000000000000, 0.145000000000000 ) );
#3462 = DIRECTION( '', ( -1.00000000000000, 0.000000000000000, 0.000000000000000 ) );
#3463 = DIRECTION( '', ( 0.000000000000000, 0.000000000000000, 1.00000000000000 ) );
#3464 = SURFACE_STYLE_FILL_AREA( #4621 );
#3465 = ORIENTED_EDGE( '', *, *, #3929, .T. );
#3466 = ORIENTED_EDGE( '', *, *, #3983, .T. );
#3467 = ORIENTED_EDGE( '', *, *, #4622, .T. );
#3468 = ORIENTED_EDGE( '', *, *, #4330, .F. );
#3469 = CARTESIAN_POINT( '', ( -0.0875000000000000, 0.0600000000000000, 0.145000000000000 ) );
#3470 = DIRECTION( '', ( 0.000000000000000, 1.00000000000000, 0.000000000000000 ) );
#3471 = DIRECTION( '', ( 0.000000000000000, -0.000000000000000, 1.00000000000000 ) );
#3472 = SURFACE_STYLE_FILL_AREA( #4623 );
#3473 = ORIENTED_EDGE( '', *, *, #4325, .F. );
#3474 = ORIENTED_EDGE( '', *, *, #3946, .T. );
#3475 = ORIENTED_EDGE( '', *, *, #4173, .T. );
#3476 = ORIENTED_EDGE( '', *, *, #4624, .F. );
#3477 = CARTESIAN_POINT( '', ( 0.112500000000000, -0.122500000000000, 0.0375000000000000 ) );
#3478 = DIRECTION( '', ( 0.000000000000000, 0.000000000000000, 1.00000000000000 ) );
#3479 = DIRECTION( '', ( 1.00000000000000, 0.000000000000000, -0.000000000000000 ) );
#3480 = SURFACE_STYLE_FILL_AREA( #4625 );
#3481 = ORIENTED_EDGE( '', *, *, #4126, .F. );
#3482 = ORIENTED_EDGE( '', *, *, #4583, .F. );
#3483 = ORIENTED_EDGE( '', *, *, #4137, .F. );
#3484 = ORIENTED_EDGE( '', *, *, #4507, .F. );
#3485 = ORIENTED_EDGE( '', *, *, #4603, .F. );
#3486 = ORIENTED_EDGE( '', *, *, #4232, .F. );
#3487 = CARTESIAN_POINT( '', ( -0.0500000000000000, 0.000000000000000, 0.000000000000000 ) );
#3488 = DIRECTION( '', ( 1.00000000000000, 0.000000000000000, 0.000000000000000 ) );
#3489 = DIRECTION( '', ( 0.000000000000000, 0.000000000000000, -1.00000000000000 ) );
#3490 = SURFACE_STYLE_FILL_AREA( #4626 );
#3491 = ORIENTED_EDGE( '', *, *, #4413, .F. );
#3492 = ORIENTED_EDGE( '', *, *, #3917, .T. );
#3493 = ORIENTED_EDGE( '', *, *, #4564, .F. );
#3494 = ORIENTED_EDGE( '', *, *, #4627, .F. );
#3495 = CARTESIAN_POINT( '', ( 0.112500000000000, -0.122500000000000, 0.0125000000000000 ) );
#3496 = DIRECTION( '', ( 1.00000000000000, -0.000000000000000, -0.000000000000000 ) );
#3497 = DIRECTION( '', ( 0.000000000000000, 0.000000000000000, 1.00000000000000 ) );
#3498 = SURFACE_STYLE_FILL_AREA( #4628 );
#3499 = ORIENTED_EDGE( '', *, *, #3977, .F. );
#3500 = ORIENTED_EDGE( '', *, *, #4014, .F. );
#3501 = ORIENTED_EDGE( '', *, *, #4629, .F. );
#3502 = ORIENTED_EDGE( '', *, *, #4400, .T. );
#3503 = CARTESIAN_POINT( '', ( 0.112500000000000, 0.0650000000000000, -0.0375000000000000 ) );
#3504 = DIRECTION( '', ( 0.000000000000000, -1.00000000000000, 3.41480999208033E-16 ) );
#3505 = DIRECTION( '', ( 0.000000000000000, -3.41480999208033E-16, -1.00000000000000 ) );
#3506 = SURFACE_STYLE_FILL_AREA( #4630 );
#3507 = ORIENTED_EDGE( '', *, *, #4266, .T. );
#3508 = ORIENTED_EDGE( '', *, *, #4631, .T. );
#3509 = ORIENTED_EDGE( '', *, *, #4453, .F. );
#3510 = ORIENTED_EDGE( '', *, *, #4076, .F. );
#3511 = CARTESIAN_POINT( '', ( 0.0675000000000000, 0.0200000000000000, 0.145000000000000 ) );
#3512 = DIRECTION( '', ( 1.00000000000000, 0.000000000000000, -0.000000000000000 ) );
#3513 = DIRECTION( '', ( -0.000000000000000, 0.000000000000000, -1.00000000000000 ) );
#3514 = SURFACE_STYLE_FILL_AREA( #4632 );
#3515 = ORIENTED_EDGE( '', *, *, #4191, .T. );
#3516 = ORIENTED_EDGE( '', *, *, #4363, .F. );
#3517 = ORIENTED_EDGE( '', *, *, #4008, .T. );
#3518 = ORIENTED_EDGE( '', *, *, #4441, .T. );
#3519 = CARTESIAN_POINT( '', ( 0.123333319203367, 0.200000000000000, 0.0500000000000000 ) );
#3520 = DIRECTION( '', ( -0.999390827019096, 0.0348994967025008, 0.000000000000000 ) );
#3521 = DIRECTION( '', ( -0.0348994967025008, -0.999390827019096, 0.000000000000000 ) );
#3522 = SURFACE_STYLE_FILL_AREA( #4633 );
#3523 = ORIENTED_EDGE( '', *, *, #4368, .T. );
#3524 = ORIENTED_EDGE( '', *, *, #4559, .F. );
#3525 = ORIENTED_EDGE( '', *, *, #3915, .T. );
#3526 = ORIENTED_EDGE( '', *, *, #4326, .T. );
#3527 = ORIENTED_EDGE( '', *, *, #4624, .T. );
#3528 = ORIENTED_EDGE( '', *, *, #4172, .T. );
#3529 = ORIENTED_EDGE( '', *, *, #4390, .F. );
#3530 = ORIENTED_EDGE( '', *, *, #4039, .T. );
#3531 = ORIENTED_EDGE( '', *, *, #4634, .T. );
#3532 = ORIENTED_EDGE( '', *, *, #4635, .F. );
#3533 = ORIENTED_EDGE( '', *, *, #4302, .F. );
#3534 = ORIENTED_EDGE( '', *, *, #4398, .T. );
#3535 = ORIENTED_EDGE( '', *, *, #4636, .T. );
#3536 = ORIENTED_EDGE( '', *, *, #4242, .F. );
#3537 = ORIENTED_EDGE( '', *, *, #4615, .F. );
#3538 = ORIENTED_EDGE( '', *, *, #4606, .F. );
#3539 = ORIENTED_EDGE( '', *, *, #4535, .T. );
#3540 = ORIENTED_EDGE( '', *, *, #3951, .F. );
#3541 = ORIENTED_EDGE( '', *, *, #3919, .T. );
#3542 = ORIENTED_EDGE( '', *, *, #4420, .T. );
#3543 = CARTESIAN_POINT( '', ( 0.112500000000000, 0.0400000000000000, 0.0375000000000000 ) );
#3544 = DIRECTION( '', ( 0.000000000000000, 1.00000000000000, -1.13826999736011E-16 ) );
#3545 = DIRECTION( '', ( 0.000000000000000, 1.13826999736011E-16, 1.00000000000000 ) );
#3546 = SURFACE_STYLE_FILL_AREA( #4637 );
#3547 = ORIENTED_EDGE( '', *, *, #4595, .T. );
#3548 = ORIENTED_EDGE( '', *, *, #4244, .T. );
#3549 = ORIENTED_EDGE( '', *, *, #4638, .F. );
#3550 = ORIENTED_EDGE( '', *, *, #4609, .T. );
#3551 = CARTESIAN_POINT( '', ( 0.112500000000000, -0.0225000000000000, -0.0875000000000000 ) );
#3552 = DIRECTION( '', ( 1.00000000000000, -0.000000000000000, -0.000000000000000 ) );
#3553 = DIRECTION( '', ( 0.000000000000000, 0.000000000000000, 1.00000000000000 ) );
#3554 = SURFACE_STYLE_FILL_AREA( #4639 );
#3555 = ORIENTED_EDGE( '', *, *, #4336, .F. );
#3556 = ORIENTED_EDGE( '', *, *, #4273, .T. );
#3557 = ORIENTED_EDGE( '', *, *, #4182, .T. );
#3558 = ORIENTED_EDGE( '', *, *, #4269, .F. );
#3559 = CARTESIAN_POINT( '', ( 0.112500000000000, 0.298750000000000, 0.0375000000000000 ) );
#3560 = DIRECTION( '', ( 0.000000000000000, -0.707106781186549, 0.707106781186546 ) );
#3561 = DIRECTION( '', ( 0.000000000000000, -0.707106781186546, -0.707106781186549 ) );
#3562 = SURFACE_STYLE_FILL_AREA( #4640 );
#3563 = ORIENTED_EDGE( '', *, *, #3973, .F. );
#3564 = ORIENTED_EDGE( '', *, *, #3927, .F. );
#3565 = ORIENTED_EDGE( '', *, *, #4641, .F. );
#3566 = ORIENTED_EDGE( '', *, *, #4474, .T. );
#3567 = CARTESIAN_POINT( '', ( 0.112500000000000, 0.305000000000000, 0.0562500000000000 ) );
#3568 = DIRECTION( '', ( 0.000000000000000, -0.707106781186549, -0.707106781186546 ) );
#3569 = DIRECTION( '', ( 0.000000000000000, 0.707106781186545, -0.707106781186549 ) );
#3570 = SURFACE_STYLE_FILL_AREA( #4642 );
#3571 = ORIENTED_EDGE( '', *, *, #4643, .F. );
#3572 = ORIENTED_EDGE( '', *, *, #4555, .T. );
#3573 = ORIENTED_EDGE( '', *, *, #4571, .T. );
#3574 = ORIENTED_EDGE( '', *, *, #4196, .F. );
#3575 = CARTESIAN_POINT( '', ( 0.0550500000000000, 0.0900000000000000, -0.114900000000000 ) );
#3576 = DIRECTION( '', ( -1.00000000000000, 0.000000000000000, 0.000000000000000 ) );
#3577 = DIRECTION( '', ( 0.000000000000000, 0.000000000000000, 1.00000000000000 ) );
#3578 = SURFACE_STYLE_FILL_AREA( #4644 );
#3579 = ORIENTED_EDGE( '', *, *, #4417, .F. );
#3580 = ORIENTED_EDGE( '', *, *, #4645, .T. );
#3581 = ORIENTED_EDGE( '', *, *, #4561, .F. );
#3582 = ORIENTED_EDGE( '', *, *, #4424, .F. );
#3583 = CARTESIAN_POINT( '', ( 0.112500000000000, -0.153750000000000, -0.230000000000000 ) );
#3584 = DIRECTION( '', ( 0.000000000000000, -0.707106781186548, 0.707106781186548 ) );
#3585 = DIRECTION( '', ( 0.000000000000000, -0.707106781186547, -0.707106781186547 ) );
#3586 = SURFACE_STYLE_FILL_AREA( #4646 );
#3587 = ORIENTED_EDGE( '', *, *, #3926, .T. );
#3588 = ORIENTED_EDGE( '', *, *, #4647, .T. );
#3589 = ORIENTED_EDGE( '', *, *, #4648, .T. );
#3590 = ORIENTED_EDGE( '', *, *, #4542, .T. );
#3591 = ORIENTED_EDGE( '', *, *, #4649, .T. );
#3592 = ORIENTED_EDGE( '', *, *, #4650, .T. );
#3593 = ORIENTED_EDGE( '', *, *, #4401, .T. );
#3594 = ORIENTED_EDGE( '', *, *, #4629, .T. );
#3595 = ORIENTED_EDGE( '', *, *, #4013, .T. );
#3596 = ORIENTED_EDGE( '', *, *, #4566, .T. );
#3597 = ORIENTED_EDGE( '', *, *, #4475, .T. );
#3598 = ORIENTED_EDGE( '', *, *, #4641, .T. );
#3599 = CARTESIAN_POINT( '', ( 0.0125000000000000, 0.325000000000000, 0.145000000000000 ) );
#3600 = DIRECTION( '', ( 1.00000000000000, 0.000000000000000, -0.000000000000000 ) );
#3601 = DIRECTION( '', ( -0.000000000000000, 0.000000000000000, -1.00000000000000 ) );
#3602 = SURFACE_STYLE_FILL_AREA( #4651 );
#3603 = ORIENTED_EDGE( '', *, *, #4395, .F. );
#3604 = ORIENTED_EDGE( '', *, *, #4470, .T. );
#3605 = ORIENTED_EDGE( '', *, *, #4652, .F. );
#3606 = ORIENTED_EDGE( '', *, *, #4463, .F. );
#3607 = CARTESIAN_POINT( '', ( 0.112500000000000, -0.0725000000000000, -0.223750000000000 ) );
#3608 = DIRECTION( '', ( -0.000000000000000, 0.707106781186547, 0.707106781186548 ) );
#3609 = DIRECTION( '', ( 0.000000000000000, -0.707106781186548, 0.707106781186547 ) );
#3610 = SURFACE_STYLE_FILL_AREA( #4653 );
#3611 = ORIENTED_EDGE( '', *, *, #3994, .F. );
#3612 = ORIENTED_EDGE( '', *, *, #4654, .T. );
#3613 = ORIENTED_EDGE( '', *, *, #4261, .T. );
#3614 = ORIENTED_EDGE( '', *, *, #4618, .F. );
#3615 = CARTESIAN_POINT( '', ( 0.180000000000000, 0.000000000000000, 0.145000000000000 ) );
#3616 = DIRECTION( '', ( -0.000000000000000, 1.00000000000000, 0.000000000000000 ) );
#3617 = DIRECTION( '', ( 0.000000000000000, -0.000000000000000, 1.00000000000000 ) );
#3618 = SURFACE_STYLE_FILL_AREA( #4655 );
#3619 = ORIENTED_EDGE( '', *, *, #4149, .T. );
#3620 = ORIENTED_EDGE( '', *, *, #4529, .F. );
#3621 = ORIENTED_EDGE( '', *, *, #4581, .F. );
#3622 = ORIENTED_EDGE( '', *, *, #4656, .T. );
#3623 = ORIENTED_EDGE( '', *, *, #4066, .F. );
#3624 = ORIENTED_EDGE( '', *, *, #4328, .T. );
#3625 = CARTESIAN_POINT( '', ( -0.157500000000000, 0.0200000000000000, 0.145000000000000 ) );
#3626 = DIRECTION( '', ( 1.00000000000000, 0.000000000000000, -0.000000000000000 ) );
#3627 = DIRECTION( '', ( -0.000000000000000, 0.000000000000000, -1.00000000000000 ) );
#3628 = SURFACE_STYLE_FILL_AREA( #4657 );
#3629 = ORIENTED_EDGE( '', *, *, #3993, .F. );
#3630 = ORIENTED_EDGE( '', *, *, #4582, .T. );
#3631 = ORIENTED_EDGE( '', *, *, #4262, .T. );
#3632 = ORIENTED_EDGE( '', *, *, #4654, .F. );
#3633 = CARTESIAN_POINT( '', ( 0.180000000000000, 0.320000000000000, 0.145000000000000 ) );
#3634 = DIRECTION( '', ( 0.000000000000000, 0.000000000000000, -1.00000000000000 ) );
#3635 = DIRECTION( '', ( -1.00000000000000, 0.000000000000000, 0.000000000000000 ) );
#3636 = SURFACE_STYLE_FILL_AREA( #4658 );
#3637 = ORIENTED_EDGE( '', *, *, #4355, .T. );
#3638 = ORIENTED_EDGE( '', *, *, #4090, .T. );
#3639 = ORIENTED_EDGE( '', *, *, #4370, .T. );
#3640 = ORIENTED_EDGE( '', *, *, #4574, .F. );
#3641 = CARTESIAN_POINT( '', ( -0.136373040278640, 0.320000000000000, 0.0500000000000000 ) );
#3642 = DIRECTION( '', ( 0.848048096156428, 0.529919264233202, -0.000000000000000 ) );
#3643 = DIRECTION( '', ( -0.529919264233201, 0.848048096156428, 0.000000000000000 ) );
#3644 = SURFACE_STYLE_FILL_AREA( #4659 );
#3645 = ORIENTED_EDGE( '', *, *, #4032, .F. );
#3646 = ORIENTED_EDGE( '', *, *, #4557, .T. );
#3647 = ORIENTED_EDGE( '', *, *, #4169, .T. );
#3648 = ORIENTED_EDGE( '', *, *, #4660, .F. );
#3649 = CARTESIAN_POINT( '', ( 0.112500000000000, -0.0725000000000000, -0.0875000000000000 ) );
#3650 = DIRECTION( '', ( -0.000000000000000, 1.00000000000000, 1.25314128149737E-16 ) );
#3651 = DIRECTION( '', ( 0.000000000000000, -1.25314128149737E-16, 1.00000000000000 ) );
#3652 = SURFACE_STYLE_FILL_AREA( #4661 );
#3653 = ORIENTED_EDGE( '', *, *, #3980, .F. );
#3654 = ORIENTED_EDGE( '', *, *, #4662, .F. );
#3655 = ORIENTED_EDGE( '', *, *, #4649, .F. );
#3656 = ORIENTED_EDGE( '', *, *, #4541, .T. );
#3657 = CARTESIAN_POINT( '', ( 0.112500000000000, 0.305000000000000, -0.0562500000000000 ) );
#3658 = DIRECTION( '', ( 0.000000000000000, -1.00000000000000, 0.000000000000000 ) );
#3659 = DIRECTION( '', ( 0.000000000000000, 0.000000000000000, -1.00000000000000 ) );
#3660 = SURFACE_STYLE_FILL_AREA( #4663 );
#3661 = ORIENTED_EDGE( '', *, *, #4277, .T. );
#3662 = ORIENTED_EDGE( '', *, *, #4553, .T. );
#3663 = ORIENTED_EDGE( '', *, *, #4643, .T. );
#3664 = ORIENTED_EDGE( '', *, *, #4195, .T. );
#3665 = ORIENTED_EDGE( '', *, *, #4209, .T. );
#3666 = ORIENTED_EDGE( '', *, *, #4664, .T. );
#3667 = ORIENTED_EDGE( '', *, *, #4665, .T. );
#3668 = ORIENTED_EDGE( '', *, *, #4316, .T. );
#3669 = ORIENTED_EDGE( '', *, *, #4404, .T. );
#3670 = ORIENTED_EDGE( '', *, *, #4343, .T. );
#3671 = ORIENTED_EDGE( '', *, *, #4666, .T. );
#3672 = ORIENTED_EDGE( '', *, *, #4308, .T. );
#3673 = ORIENTED_EDGE( '', *, *, #4438, .T. );
#3674 = ORIENTED_EDGE( '', *, *, #4289, .T. );
#3675 = ORIENTED_EDGE( '', *, *, #4589, .T. );
#3676 = ORIENTED_EDGE( '', *, *, #4376, .T. );
#3677 = ORIENTED_EDGE( '', *, *, #4498, .T. );
#3678 = ORIENTED_EDGE( '', *, *, #4525, .T. );
#3679 = ORIENTED_EDGE( '', *, *, #3997, .T. );
#3680 = ORIENTED_EDGE( '', *, *, #4587, .T. );
#3681 = CARTESIAN_POINT( '', ( 0.000000000000000, 0.0900000000000000, -0.120000000000000 ) );
#3682 = DIRECTION( '', ( 0.000000000000000, 1.00000000000000, -0.000000000000000 ) );
#3683 = DIRECTION( '', ( 0.000000000000000, 0.000000000000000, 1.00000000000000 ) );
#3684 = SURFACE_STYLE_FILL_AREA( #4667 );
#3685 = ORIENTED_EDGE( '', *, *, #3938, .F. );
#3686 = ORIENTED_EDGE( '', *, *, #4057, .F. );
#3687 = ORIENTED_EDGE( '', *, *, #3943, .F. );
#3688 = ORIENTED_EDGE( '', *, *, #4292, .T. );
#3689 = CARTESIAN_POINT( '', ( 0.180000000000000, 0.000000000000000, 0.115000000000000 ) );
#3690 = DIRECTION( '', ( 0.000000000000000, 0.000000000000000, 1.00000000000000 ) );
#3691 = DIRECTION( '', ( 1.00000000000000, 0.000000000000000, -0.000000000000000 ) );
#3692 = SURFACE_STYLE_FILL_AREA( #4668 );
#3693 = ORIENTED_EDGE( '', *, *, #4147, .F. );
#3694 = ORIENTED_EDGE( '', *, *, #4107, .T. );
#3695 = ORIENTED_EDGE( '', *, *, #4102, .F. );
#3696 = ORIENTED_EDGE( '', *, *, #4060, .F. );
#3697 = CARTESIAN_POINT( '', ( 0.180000000000000, 0.000000000000000, 0.115000000000000 ) );
#3698 = DIRECTION( '', ( 0.000000000000000, 0.000000000000000, 1.00000000000000 ) );
#3699 = DIRECTION( '', ( 1.00000000000000, 0.000000000000000, -0.000000000000000 ) );
#3700 = SURFACE_STYLE_FILL_AREA( #4669 );
#3701 = ORIENTED_EDGE( '', *, *, #4331, .F. );
#3702 = ORIENTED_EDGE( '', *, *, #4622, .F. );
#3703 = ORIENTED_EDGE( '', *, *, #3982, .F. );
#3704 = ORIENTED_EDGE( '', *, *, #4543, .F. );
#3705 = ORIENTED_EDGE( '', *, *, #4648, .F. );
#3706 = ORIENTED_EDGE( '', *, *, #4670, .F. );
#3707 = ORIENTED_EDGE( '', *, *, #3970, .F. );
#3708 = ORIENTED_EDGE( '', *, *, #4671, .F. );
#3709 = ORIENTED_EDGE( '', *, *, #4610, .F. );
#3710 = ORIENTED_EDGE( '', *, *, #4638, .T. );
#3711 = ORIENTED_EDGE( '', *, *, #4243, .F. );
#3712 = ORIENTED_EDGE( '', *, *, #4636, .F. );
#3713 = ORIENTED_EDGE( '', *, *, #4397, .F. );
#3714 = ORIENTED_EDGE( '', *, *, #4211, .T. );
#3715 = ORIENTED_EDGE( '', *, *, #4672, .F. );
#3716 = ORIENTED_EDGE( '', *, *, #4634, .F. );
#3717 = ORIENTED_EDGE( '', *, *, #4038, .F. );
#3718 = ORIENTED_EDGE( '', *, *, #4154, .T. );
#3719 = ORIENTED_EDGE( '', *, *, #4164, .T. );
#3720 = ORIENTED_EDGE( '', *, *, #4460, .F. );
#3721 = CARTESIAN_POINT( '', ( 0.112500000000000, -0.0225000000000000, -0.0625000000000000 ) );
#3722 = DIRECTION( '', ( 0.000000000000000, 0.000000000000000, 1.00000000000000 ) );
#3723 = DIRECTION( '', ( 1.00000000000000, 0.000000000000000, -0.000000000000000 ) );
#3724 = SURFACE_STYLE_FILL_AREA( #4673 );
#3725 = ORIENTED_EDGE( '', *, *, #4568, .T. );
#3726 = ORIENTED_EDGE( '', *, *, #4317, .T. );
#3727 = ORIENTED_EDGE( '', *, *, #4665, .F. );
#3728 = ORIENTED_EDGE( '', *, *, #4674, .T. );
#3729 = CARTESIAN_POINT( '', ( 0.0550500000000000, 0.0900000000000000, -0.114900000000000 ) );
#3730 = DIRECTION( '', ( -1.00000000000000, 0.000000000000000, 0.000000000000000 ) );
#3731 = DIRECTION( '', ( 0.000000000000000, 0.000000000000000, 1.00000000000000 ) );
#3732 = SURFACE_STYLE_FILL_AREA( #4675 );
#3733 = ORIENTED_EDGE( '', *, *, #4033, .F. );
#3734 = ORIENTED_EDGE( '', *, *, #4660, .T. );
#3735 = ORIENTED_EDGE( '', *, *, #4168, .T. );
#3736 = ORIENTED_EDGE( '', *, *, #4387, .F. );
#3737 = CARTESIAN_POINT( '', ( 0.112500000000000, -0.0725000000000000, -0.223750000000000 ) );
#3738 = DIRECTION( '', ( -0.000000000000000, 0.707106781186547, 0.707106781186548 ) );
#3739 = DIRECTION( '', ( 0.000000000000000, -0.707106781186548, 0.707106781186547 ) );
#3740 = SURFACE_STYLE_FILL_AREA( #4676 );
#3741 = ORIENTED_EDGE( '', *, *, #4035, .F. );
#3742 = ORIENTED_EDGE( '', *, *, #4388, .T. );
#3743 = ORIENTED_EDGE( '', *, *, #4166, .T. );
#3744 = ORIENTED_EDGE( '', *, *, #4466, .F. );
#3745 = CARTESIAN_POINT( '', ( 0.112500000000000, -0.0537500000000000, -0.230000000000000 ) );
#3746 = DIRECTION( '', ( 0.000000000000000, -0.707106781186548, 0.707106781186548 ) );
#3747 = DIRECTION( '', ( 0.000000000000000, -0.707106781186547, -0.707106781186547 ) );
#3748 = SURFACE_STYLE_FILL_AREA( #4677 );
#3749 = ORIENTED_EDGE( '', *, *, #3925, .T. );
#3750 = ORIENTED_EDGE( '', *, *, #3971, .T. );
#3751 = ORIENTED_EDGE( '', *, *, #4670, .T. );
#3752 = ORIENTED_EDGE( '', *, *, #4647, .F. );
#3753 = CARTESIAN_POINT( '', ( 0.0125000000000000, 0.0600000000000000, 0.145000000000000 ) );
#3754 = DIRECTION( '', ( 0.000000000000000, 1.00000000000000, 0.000000000000000 ) );
#3755 = DIRECTION( '', ( 0.000000000000000, -0.000000000000000, 1.00000000000000 ) );
#3756 = SURFACE_STYLE_FILL_AREA( #4678 );
#3757 = ORIENTED_EDGE( '', *, *, #4447, .T. );
#3758 = ORIENTED_EDGE( '', *, *, #4578, .F. );
#3759 = ORIENTED_EDGE( '', *, *, #4484, .F. );
#3760 = ORIENTED_EDGE( '', *, *, #4591, .T. );
#3761 = CARTESIAN_POINT( '', ( 0.180000000000000, 0.000000000000000, -0.145000000000000 ) );
#3762 = DIRECTION( '', ( 0.000000000000000, 0.000000000000000, 1.00000000000000 ) );
#3763 = DIRECTION( '', ( 1.00000000000000, 0.000000000000000, -0.000000000000000 ) );
#3764 = SURFACE_STYLE_FILL_AREA( #4679 );
#3765 = ORIENTED_EDGE( '', *, *, #4620, .T. );
#3766 = ORIENTED_EDGE( '', *, *, #4454, .F. );
#3767 = ORIENTED_EDGE( '', *, *, #4631, .F. );
#3768 = ORIENTED_EDGE( '', *, *, #4265, .T. );
#3769 = CARTESIAN_POINT( '', ( 0.180000000000000, 0.000000000000000, -0.115000000000000 ) );
#3770 = DIRECTION( '', ( -0.000000000000000, 1.00000000000000, 0.000000000000000 ) );
#3771 = DIRECTION( '', ( 0.000000000000000, -0.000000000000000, 1.00000000000000 ) );
#3772 = SURFACE_STYLE_FILL_AREA( #4680 );
#3773 = ORIENTED_EDGE( '', *, *, #4303, .T. );
#3774 = ORIENTED_EDGE( '', *, *, #4635, .T. );
#3775 = ORIENTED_EDGE( '', *, *, #4672, .T. );
#3776 = ORIENTED_EDGE( '', *, *, #4214, .F. );
#3777 = ORIENTED_EDGE( '', *, *, #4295, .T. );
#3778 = ORIENTED_EDGE( '', *, *, #4160, .T. );
#3779 = ORIENTED_EDGE( '', *, *, #4464, .F. );
#3780 = ORIENTED_EDGE( '', *, *, #4652, .T. );
#3781 = ORIENTED_EDGE( '', *, *, #4469, .T. );
#3782 = ORIENTED_EDGE( '', *, *, #4681, .T. );
#3783 = CARTESIAN_POINT( '', ( -0.0125000000000000, -0.200000000000000, 0.145000000000000 ) );
#3784 = DIRECTION( '', ( -1.00000000000000, 0.000000000000000, 0.000000000000000 ) );
#3785 = DIRECTION( '', ( 0.000000000000000, 0.000000000000000, 1.00000000000000 ) );
#3786 = SURFACE_STYLE_FILL_AREA( #4682 );
#3787 = ORIENTED_EDGE( '', *, *, #3968, .F. );
#3788 = ORIENTED_EDGE( '', *, *, #4479, .F. );
#3789 = ORIENTED_EDGE( '', *, *, #4612, .F. );
#3790 = ORIENTED_EDGE( '', *, *, #4683, .T. );
#3791 = CARTESIAN_POINT( '', ( 0.112500000000000, 0.305000000000000, -0.0562500000000000 ) );
#3792 = DIRECTION( '', ( 0.000000000000000, -1.00000000000000, 0.000000000000000 ) );
#3793 = DIRECTION( '', ( 0.000000000000000, 0.000000000000000, -1.00000000000000 ) );
#3794 = SURFACE_STYLE_FILL_AREA( #4684 );
#3795 = ORIENTED_EDGE( '', *, *, #4449, .F. );
#3796 = ORIENTED_EDGE( '', *, *, #4592, .F. );
#3797 = ORIENTED_EDGE( '', *, *, #4482, .F. );
#3798 = ORIENTED_EDGE( '', *, *, #4081, .T. );
#3799 = CARTESIAN_POINT( '', ( 0.180000000000000, 0.0200000000000000, -0.115000000000000 ) );
#3800 = DIRECTION( '', ( 0.000000000000000, 0.000000000000000, -1.00000000000000 ) );
#3801 = DIRECTION( '', ( -1.00000000000000, 0.000000000000000, 0.000000000000000 ) );
#3802 = SURFACE_STYLE_FILL_AREA( #4685 );
#3803 = ORIENTED_EDGE( '', *, *, #4569, .T. );
#3804 = ORIENTED_EDGE( '', *, *, #4674, .F. );
#3805 = ORIENTED_EDGE( '', *, *, #4664, .F. );
#3806 = ORIENTED_EDGE( '', *, *, #4208, .T. );
#3807 = CARTESIAN_POINT( '', ( 0.144950000000000, 0.0900000000000000, -0.114900000000000 ) );
#3808 = DIRECTION( '', ( 0.000000000000000, 0.000000000000000, -1.00000000000000 ) );
#3809 = DIRECTION( '', ( -1.00000000000000, 0.000000000000000, 0.000000000000000 ) );
#3810 = SURFACE_STYLE_FILL_AREA( #4686 );
#3811 = ORIENTED_EDGE( '', *, *, #4656, .F. );
#3812 = ORIENTED_EDGE( '', *, *, #4580, .F. );
#3813 = ORIENTED_EDGE( '', *, *, #4109, .T. );
#3814 = ORIENTED_EDGE( '', *, *, #4067, .F. );
#3815 = CARTESIAN_POINT( '', ( -0.0750000000000000, 0.320000000000000, -0.125000000000000 ) );
#3816 = DIRECTION( '', ( 0.000000000000000, -0.000000000000000, 1.00000000000000 ) );
#3817 = DIRECTION( '', ( 1.00000000000000, 0.000000000000000, -0.000000000000000 ) );
#3818 = SURFACE_STYLE_FILL_AREA( #4687 );
#3819 = ORIENTED_EDGE( '', *, *, #4576, .T. );
#3820 = ORIENTED_EDGE( '', *, *, #4309, .T. );
#3821 = ORIENTED_EDGE( '', *, *, #4666, .F. );
#3822 = ORIENTED_EDGE( '', *, *, #4342, .T. );
#3823 = CARTESIAN_POINT( '', ( -0.0449500000000000, 0.0900000000000000, -0.114900000000000 ) );
#3824 = DIRECTION( '', ( -1.00000000000000, 0.000000000000000, 0.000000000000000 ) );
#3825 = DIRECTION( '', ( 0.000000000000000, 0.000000000000000, 1.00000000000000 ) );
#3826 = SURFACE_STYLE_FILL_AREA( #4688 );
#3827 = ORIENTED_EDGE( '', *, *, #4084, .T. );
#3828 = ORIENTED_EDGE( '', *, *, #4411, .F. );
#3829 = ORIENTED_EDGE( '', *, *, #4577, .T. );
#3830 = ORIENTED_EDGE( '', *, *, #4094, .F. );
#3831 = CARTESIAN_POINT( '', ( 0.175000000000000, 0.320000000000000, -0.0250000000000000 ) );
#3832 = DIRECTION( '', ( 0.000000000000000, 0.000000000000000, -1.00000000000000 ) );
#3833 = DIRECTION( '', ( -1.00000000000000, 0.000000000000000, 0.000000000000000 ) );
#3834 = SURFACE_STYLE_FILL_AREA( #4689 );
#3835 = ORIENTED_EDGE( '', *, *, #4333, .F. );
#3836 = ORIENTED_EDGE( '', *, *, #4461, .T. );
#3837 = ORIENTED_EDGE( '', *, *, #4187, .T. );
#3838 = ORIENTED_EDGE( '', *, *, #4298, .F. );
#3839 = CARTESIAN_POINT( '', ( 0.112500000000000, 0.305000000000000, -0.0562500000000000 ) );
#3840 = DIRECTION( '', ( 0.000000000000000, -1.00000000000000, 0.000000000000000 ) );
#3841 = DIRECTION( '', ( 0.000000000000000, 0.000000000000000, -1.00000000000000 ) );
#3842 = SURFACE_STYLE_FILL_AREA( #4690 );
#3843 = ORIENTED_EDGE( '', *, *, #3979, .F. );
#3844 = ORIENTED_EDGE( '', *, *, #4402, .F. );
#3845 = ORIENTED_EDGE( '', *, *, #4650, .F. );
#3846 = ORIENTED_EDGE( '', *, *, #4662, .T. );
#3847 = CARTESIAN_POINT( '', ( 0.112500000000000, 0.305000000000000, -0.0437500000000000 ) );
#3848 = DIRECTION( '', ( 0.000000000000000, -0.707106781186549, -0.707106781186546 ) );
#3849 = DIRECTION( '', ( 0.000000000000000, 0.707106781186546, -0.707106781186549 ) );
#3850 = SURFACE_STYLE_FILL_AREA( #4691 );
#3851 = ORIENTED_EDGE( '', *, *, #4416, .T. );
#3852 = ORIENTED_EDGE( '', *, *, #4432, .T. );
#3853 = ORIENTED_EDGE( '', *, *, #4562, .T. );
#3854 = ORIENTED_EDGE( '', *, *, #4645, .F. );
#3855 = CARTESIAN_POINT( '', ( 0.112500000000000, -0.166250000000000, -0.230000000000000 ) );
#3856 = DIRECTION( '', ( 0.000000000000000, 0.000000000000000, 1.00000000000000 ) );
#3857 = DIRECTION( '', ( 1.00000000000000, 0.000000000000000, -0.000000000000000 ) );
#3858 = SURFACE_STYLE_FILL_AREA( #4692 );
#3859 = ORIENTED_EDGE( '', *, *, #4570, .T. );
#3860 = ORIENTED_EDGE( '', *, *, #4218, .F. );
#3861 = ORIENTED_EDGE( '', *, *, #4347, .F. );
#3862 = ORIENTED_EDGE( '', *, *, #4408, .T. );
#3863 = CARTESIAN_POINT( '', ( 0.0550500000000000, 0.0900000000000000, 0.115000000000000 ) );
#3864 = DIRECTION( '', ( 0.000000000000000, 0.000000000000000, 1.00000000000000 ) );
#3865 = DIRECTION( '', ( 1.00000000000000, 0.000000000000000, -0.000000000000000 ) );
#3866 = SURFACE_STYLE_FILL_AREA( #4693 );
#3867 = ORIENTED_EDGE( '', *, *, #4414, .F. );
#3868 = ORIENTED_EDGE( '', *, *, #4627, .T. );
#3869 = ORIENTED_EDGE( '', *, *, #4563, .F. );
#3870 = ORIENTED_EDGE( '', *, *, #4430, .F. );
#3871 = CARTESIAN_POINT( '', ( 0.112500000000000, -0.172500000000000, 0.0125000000000000 ) );
#3872 = DIRECTION( '', ( -0.000000000000000, 1.00000000000000, 0.000000000000000 ) );
#3873 = DIRECTION( '', ( 0.000000000000000, -0.000000000000000, 1.00000000000000 ) );
#3874 = SURFACE_STYLE_FILL_AREA( #4694 );
#3875 = ORIENTED_EDGE( '', *, *, #3969, .F. );
#3876 = ORIENTED_EDGE( '', *, *, #4683, .F. );
#3877 = ORIENTED_EDGE( '', *, *, #4611, .F. );
#3878 = ORIENTED_EDGE( '', *, *, #4671, .T. );
#3879 = CARTESIAN_POINT( '', ( 0.112500000000000, 0.298750000000000, -0.0625000000000000 ) );
#3880 = DIRECTION( '', ( 0.000000000000000, -0.707106781186549, 0.707106781186546 ) );
#3881 = DIRECTION( '', ( 0.000000000000000, -0.707106781186545, -0.707106781186549 ) );
#3882 = SURFACE_STYLE_FILL_AREA( #4695 );
#3883 = ORIENTED_EDGE( '', *, *, #4393, .F. );
#3884 = ORIENTED_EDGE( '', *, *, #4304, .T. );
#3885 = ORIENTED_EDGE( '', *, *, #4681, .F. );
#3886 = ORIENTED_EDGE( '', *, *, #4468, .F. );
#3887 = CARTESIAN_POINT( '', ( 0.112500000000000, -0.0225000000000000, -0.0875000000000000 ) );
#3888 = DIRECTION( '', ( 1.00000000000000, -0.000000000000000, -0.000000000000000 ) );
#3889 = DIRECTION( '', ( 0.000000000000000, 0.000000000000000, 1.00000000000000 ) );
#3890 = SURFACE_STYLE_FILL_AREA( #4696 );
#3891 = ORIENTED_EDGE( '', *, *, #4128, .T. );
#3892 = ORIENTED_EDGE( '', *, *, #4234, .T. );
#3893 = ORIENTED_EDGE( '', *, *, #4604, .T. );
#3894 = ORIENTED_EDGE( '', *, *, #4508, .T. );
#3895 = ORIENTED_EDGE( '', *, *, #4135, .T. );
#3896 = ORIENTED_EDGE( '', *, *, #4584, .T. );
#3897 = CARTESIAN_POINT( '', ( 0.0500000000000000, 0.000000000000000, 0.000000000000000 ) );
#3898 = DIRECTION( '', ( 1.00000000000000, 0.000000000000000, 0.000000000000000 ) );
#3899 = DIRECTION( '', ( 0.000000000000000, 0.000000000000000, -1.00000000000000 ) );
#3900 = SURFACE_STYLE_FILL_AREA( #4697 );
#3901 = ORIENTED_EDGE( '', *, *, #4366, .F. );
#3902 = ORIENTED_EDGE( '', *, *, #4419, .T. );
#3903 = ORIENTED_EDGE( '', *, *, #4426, .T. );
#3904 = ORIENTED_EDGE( '', *, *, #4560, .T. );
#3905 = CARTESIAN_POINT( '', ( 0.112500000000000, -0.122500000000000, 0.0125000000000000 ) );
#3906 = DIRECTION( '', ( 1.00000000000000, -0.000000000000000, -0.000000000000000 ) );
#3907 = DIRECTION( '', ( 0.000000000000000, 0.000000000000000, 1.00000000000000 ) );
#3909 = FILL_AREA_STYLE( '', ( #4698 ) );
#3910 = EDGE_CURVE( '', #4699, #4700, #4701, .T. );
#3911 = EDGE_CURVE( '', #4699, #4702, #4703, .T. );
#3912 = EDGE_CURVE( '', #4702, #4704, #4705, .T. );
#3913 = EDGE_CURVE( '', #4706, #4704, #4707, .T. );
#3914 = EDGE_CURVE( '', #4708, #4706, #4709, .T. );
#3915 = EDGE_CURVE( '', #4710, #4708, #4711, .T. );
#3916 = EDGE_CURVE( '', #4712, #4710, #4713, .T. );
#3917 = EDGE_CURVE( '', #4714, #4712, #4715, .T. );
#3918 = EDGE_CURVE( '', #4716, #4714, #4717, .T. );
#3919 = EDGE_CURVE( '', #4718, #4716, #4719, .T. );
#3920 = EDGE_CURVE( '', #4720, #4718, #4721, .T. );
#3921 = EDGE_CURVE( '', #4722, #4720, #4723, .T. );
#3922 = EDGE_CURVE( '', #4724, #4722, #4725, .T. );
#3923 = EDGE_CURVE( '', #4724, #4726, #4727, .T. );
#3924 = EDGE_CURVE( '', #4728, #4726, #4729, .T. );
#3925 = EDGE_CURVE( '', #4730, #4728, #4731, .T. );
#3926 = EDGE_CURVE( '', #4732, #4730, #4733, .T. );
#3927 = EDGE_CURVE( '', #4732, #4734, #4735, .T. );
#3928 = EDGE_CURVE( '', #4736, #4734, #4737, .T. );
#3929 = EDGE_CURVE( '', #4700, #4736, #4738, .T. );
#3930 = FILL_AREA_STYLE( '', ( #4739 ) );
#3931 = EDGE_CURVE( '', #4740, #4741, #4742, .T. );
#3932 = EDGE_CURVE( '', #4743, #4741, #4744, .T. );
#3933 = EDGE_CURVE( '', #4745, #4743, #4746, .T. );
#3934 = EDGE_CURVE( '', #4745, #4740, #4747, .T. );
#3935 = FILL_AREA_STYLE( '', ( #4748 ) );
#3936 = EDGE_CURVE( '', #4749, #4750, #4751, .T. );
#3937 = EDGE_CURVE( '', #4749, #4752, #4753, .T. );
#3938 = EDGE_CURVE( '', #4752, #4754, #4755, .T. );
#3939 = EDGE_CURVE( '', #4750, #4754, #4756, .T. );
#3940 = FILL_AREA_STYLE( '', ( #4757 ) );
#3941 = EDGE_CURVE( '', #4758, #4759, #4760, .T. );
#3942 = EDGE_CURVE( '', #4758, #4761, #4762, .T. );
#3943 = EDGE_CURVE( '', #4761, #4763, #4764, .T. );
#3944 = EDGE_CURVE( '', #4759, #4763, #4765, .T. );
#3945 = FILL_AREA_STYLE( '', ( #4766 ) );
#3946 = EDGE_CURVE( '', #4767, #4768, #4769, .T. );
#3947 = EDGE_CURVE( '', #4767, #4770, #4771, .T. );
#3948 = EDGE_CURVE( '', #4770, #4772, #4773, .T. );
#3949 = EDGE_CURVE( '', #4768, #4772, #4774, .T. );
#3950 = FILL_AREA_STYLE( '', ( #4775 ) );
#3951 = EDGE_CURVE( '', #4718, #4776, #4777, .T. );
#3952 = EDGE_CURVE( '', #4776, #4778, #4779, .T. );
#3953 = EDGE_CURVE( '', #4780, #4778, #4781, .T. );
#3954 = EDGE_CURVE( '', #4780, #4782, #4783, .T. );
#3955 = EDGE_CURVE( '', #4782, #4784, #4785, .T. );
#3956 = EDGE_CURVE( '', #4786, #4784, #4787, .T. );
#3957 = EDGE_CURVE( '', #4786, #4788, #4789, .T. );
#3958 = EDGE_CURVE( '', #4788, #4790, #4791, .T. );
#3959 = EDGE_CURVE( '', #4790, #4720, #4792, .T. );
#3960 = FILL_AREA_STYLE( '', ( #4793 ) );
#3961 = EDGE_CURVE( '', #4726, #4794, #4795, .T. );
#3962 = EDGE_CURVE( '', #4794, #4796, #4797, .T. );
#3963 = EDGE_CURVE( '', #4796, #4798, #4799, .T. );
#3964 = EDGE_CURVE( '', #4798, #4800, #4801, .T. );
#3965 = EDGE_CURVE( '', #4800, #4802, #4803, .T. );
#3966 = EDGE_CURVE( '', #4802, #4804, #4805, .T. );
#3967 = EDGE_CURVE( '', #4804, #4806, #4807, .T. );
#3968 = EDGE_CURVE( '', #4806, #4808, #4809, .T. );
#3969 = EDGE_CURVE( '', #4808, #4810, #4811, .T. );
#3970 = EDGE_CURVE( '', #4810, #4812, #4813, .T. );
#3971 = EDGE_CURVE( '', #4728, #4812, #4814, .T. );
#3972 = FILL_AREA_STYLE( '', ( #4815 ) );
#3973 = EDGE_CURVE( '', #4734, #4816, #4817, .T. );
#3974 = EDGE_CURVE( '', #4816, #4818, #4819, .T. );
#3975 = EDGE_CURVE( '', #4818, #4820, #4821, .T. );
#3976 = EDGE_CURVE( '', #4820, #4822, #4823, .T. );
#3977 = EDGE_CURVE( '', #4822, #4824, #4825, .T. );
#3978 = EDGE_CURVE( '', #4824, #4826, #4827, .T. );
#3979 = EDGE_CURVE( '', #4826, #4828, #4829, .T. );
#3980 = EDGE_CURVE( '', #4828, #4830, #4831, .T. );
#3981 = EDGE_CURVE( '', #4830, #4832, #4833, .T. );
#3982 = EDGE_CURVE( '', #4832, #4834, #4835, .T. );
#3983 = EDGE_CURVE( '', #4736, #4834, #4836, .T. );
#3984 = FILL_AREA_STYLE( '', ( #4837 ) );
#3985 = EDGE_CURVE( '', #4838, #4839, #4840, .T. );
#3986 = EDGE_CURVE( '', #4841, #4839, #4842, .T. );
#3987 = EDGE_CURVE( '', #4841, #4843, #4844, .T. );
#3988 = EDGE_CURVE( '', #4843, #4838, #4845, .T. );
#3989 = FILL_AREA_STYLE( '', ( #4846 ) );
#3990 = EDGE_CURVE( '', #4847, #4848, #4849, .T. );
#3991 = EDGE_CURVE( '', #4850, #4847, #4851, .T. );
#3992 = EDGE_CURVE( '', #4852, #4850, #4853, .T. );
#3993 = EDGE_CURVE( '', #4852, #4854, #4855, .T. );
#3994 = EDGE_CURVE( '', #4854, #4856, #4857, .T. );
#3995 = EDGE_CURVE( '', #4856, #4848, #4858, .T. );
#3996 = FILL_AREA_STYLE( '', ( #4859 ) );
#3997 = EDGE_CURVE( '', #4860, #4861, #4862, .T. );
#3998 = EDGE_CURVE( '', #4860, #4863, #4864, .T. );
#3999 = EDGE_CURVE( '', #4863, #4865, #4866, .T. );
#4000 = EDGE_CURVE( '', #4861, #4865, #4867, .T. );
#4001 = FILL_AREA_STYLE( '', ( #4868 ) );
#4002 = EDGE_CURVE( '', #4841, #4869, #4870, .T. );
#4003 = EDGE_CURVE( '', #4871, #4869, #4872, .T. );
#4004 = EDGE_CURVE( '', #4873, #4871, #4874, .T. );
#4005 = EDGE_CURVE( '', #4873, #4875, #4876, .T. );
#4006 = EDGE_CURVE( '', #4875, #4877, #4878, .T. );
#4007 = EDGE_CURVE( '', #4879, #4877, #4880, .T. );
#4008 = EDGE_CURVE( '', #4881, #4879, #4882, .T. );
#4009 = EDGE_CURVE( '', #4883, #4881, #4884, .T. );
#4010 = EDGE_CURVE( '', #4843, #4883, #4885, .T. );
#4011 = FILL_AREA_STYLE( '', ( #4886 ) );
#4012 = EDGE_CURVE( '', #4887, #4820, #4888, .T. );
#4013 = EDGE_CURVE( '', #4889, #4887, #4890, .T. );
#4014 = EDGE_CURVE( '', #4889, #4822, #4891, .T. );
#4015 = FILL_AREA_STYLE( '', ( #4892 ) );
#4016 = EDGE_CURVE( '', #4893, #4894, #4895, .T. );
#4017 = EDGE_CURVE( '', #4896, #4894, #4897, .T. );
#4018 = EDGE_CURVE( '', #4896, #4898, #4899, .T. );
#4019 = EDGE_CURVE( '', #4893, #4898, #4900, .T. );
#4020 = FILL_AREA_STYLE( '', ( #4901 ) );
#4021 = EDGE_CURVE( '', #4902, #4903, #4904, .T. );
#4022 = EDGE_CURVE( '', #4903, #4905, #4906, .T. );
#4023 = EDGE_CURVE( '', #4905, #4907, #4908, .T. );
#4024 = EDGE_CURVE( '', #4902, #4907, #4909, .T. );
#4025 = FILL_AREA_STYLE( '', ( #4910 ) );
#4026 = EDGE_CURVE( '', #4911, #4794, #4912, .T. );
#4027 = EDGE_CURVE( '', #4913, #4911, #4914, .T. );
#4028 = EDGE_CURVE( '', #4913, #4796, #4915, .T. );
#4029 = FILL_AREA_STYLE( '', ( #4916 ) );
#4030 = EDGE_CURVE( '', #4917, #4918, #4919, .T. );
#4031 = EDGE_CURVE( '', #4918, #4920, #4921, .T. );
#4032 = EDGE_CURVE( '', #4920, #4922, #4923, .T. );
#4033 = EDGE_CURVE( '', #4922, #4924, #4925, .T. );
#4034 = EDGE_CURVE( '', #4926, #4924, #4927, .T. );
#4035 = EDGE_CURVE( '', #4926, #4928, #4929, .T. );
#4036 = EDGE_CURVE( '', #4928, #4930, #4931, .T. );
#4037 = EDGE_CURVE( '', #4932, #4930, #4933, .T. );
#4038 = EDGE_CURVE( '', #4932, #4934, #4935, .T. );
#4039 = EDGE_CURVE( '', #4917, #4934, #4936, .T. );
#4040 = FILL_AREA_STYLE( '', ( #4937 ) );
#4041 = EDGE_CURVE( '', #4938, #4939, #4940, .T. );
#4042 = EDGE_CURVE( '', #4941, #4939, #4942, .T. );
#4043 = EDGE_CURVE( '', #4941, #4943, #4944, .T. );
#4044 = EDGE_CURVE( '', #4943, #4938, #4945, .T. );
#4045 = FILL_AREA_STYLE( '', ( #4946 ) );
#4046 = EDGE_CURVE( '', #4947, #4948, #4949, .T. );
#4047 = EDGE_CURVE( '', #4950, #4948, #4951, .T. );
#4048 = EDGE_CURVE( '', #4952, #4950, #4953, .T. );
#4049 = EDGE_CURVE( '', #4952, #4947, #4954, .T. );
#4050 = FILL_AREA_STYLE( '', ( #4955 ) );
#4051 = EDGE_CURVE( '', #4956, #4957, #4958, .T. );
#4052 = EDGE_CURVE( '', #4894, #4956, #4959, .T. );
#4053 = EDGE_CURVE( '', #4960, #4893, #4961, .T. );
#4054 = EDGE_CURVE( '', #4960, #4962, #4963, .T. );
#4055 = EDGE_CURVE( '', #4964, #4962, #4965, .T. );
#4056 = EDGE_CURVE( '', #4964, #4759, #4966, .T. );
#4057 = EDGE_CURVE( '', #4763, #4752, #4967, .T. );
#4058 = EDGE_CURVE( '', #4749, #4968, #4969, .T. );
#4059 = EDGE_CURVE( '', #4968, #4970, #4971, .T. );
#4060 = EDGE_CURVE( '', #4970, #4972, #4973, .T. );
#4061 = EDGE_CURVE( '', #4974, #4972, #4975, .T. );
#4062 = EDGE_CURVE( '', #4974, #4847, #4976, .T. );
#4063 = EDGE_CURVE( '', #4848, #4977, #4978, .T. );
#4064 = EDGE_CURVE( '', #4977, #4979, #4980, .T. );
#4065 = EDGE_CURVE( '', #4981, #4979, #4982, .T. );
#4066 = EDGE_CURVE( '', #4981, #4983, #4984, .T. );
#4067 = EDGE_CURVE( '', #4983, #4985, #4986, .T. );
#4068 = EDGE_CURVE( '', #4985, #4987, #4988, .T. );
#4069 = EDGE_CURVE( '', #4989, #4987, #4990, .T. );
#4070 = EDGE_CURVE( '', #4991, #4989, #4992, .T. );
#4071 = EDGE_CURVE( '', #4993, #4991, #4994, .T. );
#4072 = EDGE_CURVE( '', #4993, #4995, #4996, .T. );
#4073 = EDGE_CURVE( '', #4997, #4995, #4998, .T. );
#4074 = EDGE_CURVE( '', #4999, #4997, #5000, .T. );
#4075 = EDGE_CURVE( '', #5001, #4999, #5002, .T. );
#4076 = EDGE_CURVE( '', #5001, #5003, #5004, .T. );
#4077 = EDGE_CURVE( '', #5005, #5003, #5006, .T. );
#4078 = EDGE_CURVE( '', #5005, #5007, #5008, .T. );
#4079 = EDGE_CURVE( '', #5007, #5009, #5010, .T. );
#4080 = EDGE_CURVE( '', #5011, #5009, #5012, .T. );
#4081 = EDGE_CURVE( '', #5013, #5011, #5014, .T. );
#4082 = EDGE_CURVE( '', #4939, #5013, #5015, .T. );
#4083 = EDGE_CURVE( '', #5016, #4938, #5017, .T. );
#4084 = EDGE_CURVE( '', #5018, #5016, #5019, .T. );
#4085 = EDGE_CURVE( '', #4957, #5018, #5020, .T. );
#4086 = FILL_AREA_STYLE( '', ( #5021 ) );
#4087 = EDGE_CURVE( '', #5022, #5023, #5024, .T. );
#4088 = EDGE_CURVE( '', #5023, #5025, #5026, .T. );
#4089 = EDGE_CURVE( '', #5025, #5027, #5028, .T. );
#4090 = EDGE_CURVE( '', #5022, #5027, #5029, .T. );
#4091 = FILL_AREA_STYLE( '', ( #5030 ) );
#4092 = EDGE_CURVE( '', #5031, #5032, #5033, .T. );
#4093 = EDGE_CURVE( '', #5032, #4957, #5034, .T. );
#4094 = EDGE_CURVE( '', #5018, #5031, #5035, .T. );
#4095 = FILL_AREA_STYLE( '', ( #5036 ) );
#4096 = EDGE_CURVE( '', #4898, #5037, #5038, .T. );
#4097 = EDGE_CURVE( '', #5037, #5039, #5040, .T. );
#4098 = EDGE_CURVE( '', #5039, #5041, #5042, .T. );
#4099 = EDGE_CURVE( '', #5041, #4960, #5043, .T. );
#4100 = FILL_AREA_STYLE( '', ( #5044 ) );
#4101 = EDGE_CURVE( '', #4974, #5045, #5046, .T. );
#4102 = EDGE_CURVE( '', #4972, #5047, #5048, .T. );
#4103 = EDGE_CURVE( '', #5047, #5045, #5049, .T. );
#4104 = FILL_AREA_STYLE( '', ( #5050 ) );
#4105 = EDGE_CURVE( '', #5051, #5052, #5053, .T. );
#4106 = EDGE_CURVE( '', #5045, #5051, #5054, .T. );
#4107 = EDGE_CURVE( '', #5052, #5047, #5055, .T. );
#4108 = FILL_AREA_STYLE( '', ( #5056 ) );
#4109 = EDGE_CURVE( '', #5057, #4985, #5058, .T. );
#4110 = EDGE_CURVE( '', #5059, #5057, #5060, .T. );
#4111 = EDGE_CURVE( '', #5059, #4987, #5061, .T. );
#4112 = FILL_AREA_STYLE( '', ( #5062 ) );
#4113 = EDGE_CURVE( '', #5063, #4782, #5064, .T. );
#4114 = EDGE_CURVE( '', #5065, #5063, #5066, .T. );
#4115 = EDGE_CURVE( '', #5065, #4784, #5067, .T. );
#4116 = FILL_AREA_STYLE( '', ( #5068 ) );
#4117 = EDGE_CURVE( '', #5069, #4786, #5070, .T. );
#4118 = EDGE_CURVE( '', #5071, #5069, #5072, .T. );
#4119 = EDGE_CURVE( '', #5071, #4788, #5073, .T. );
#4120 = FILL_AREA_STYLE( '', ( #5074 ) );
#4121 = EDGE_CURVE( '', #5075, #5076, #5077, .T. );
#4122 = EDGE_CURVE( '', #5078, #5076, #5079, .T. );
#4123 = EDGE_CURVE( '', #5080, #5078, #5081, .T. );
#4124 = EDGE_CURVE( '', #5080, #5075, #5082, .T. );
#4125 = FILL_AREA_STYLE( '', ( #5083 ) );
#4126 = EDGE_CURVE( '', #5084, #5085, #5086, .T. );
#4127 = EDGE_CURVE( '', #5087, #5085, #5088, .T. );
#4128 = EDGE_CURVE( '', #5089, #5087, #5090, .T. );
#4129 = EDGE_CURVE( '', #5089, #5084, #5091, .T. );
#4130 = FILL_AREA_STYLE( '', ( #5092 ) );
#4131 = EDGE_CURVE( '', #5032, #5093, #5094, .T. );
#4132 = EDGE_CURVE( '', #5093, #4956, #5095, .T. );
#4133 = FILL_AREA_STYLE( '', ( #5096 ) );
#4134 = EDGE_CURVE( '', #5097, #5098, #5099, .T. );
#4135 = EDGE_CURVE( '', #5100, #5097, #5101, .T. );
#4136 = EDGE_CURVE( '', #5100, #5102, #5103, .T. );
#4137 = EDGE_CURVE( '', #5102, #5104, #5105, .T. );
#4138 = EDGE_CURVE( '', #4850, #5104, #5106, .T. );
#4139 = EDGE_CURVE( '', #5051, #4968, #5107, .T. );
#4140 = EDGE_CURVE( '', #4750, #4758, #5108, .T. );
#4141 = EDGE_CURVE( '', #5098, #4964, #5109, .T. );
#4142 = FILL_AREA_STYLE( '', ( #5110 ) );
#4143 = EDGE_CURVE( '', #5111, #4947, #5112, .T. );
#4144 = EDGE_CURVE( '', #5113, #4952, #5114, .T. );
#4145 = EDGE_CURVE( '', #5113, #5111, #5115, .T. );
#4146 = FILL_AREA_STYLE( '', ( #5116 ) );
#4147 = EDGE_CURVE( '', #5052, #4970, #5117, .T. );
#4148 = FILL_AREA_STYLE( '', ( #5118 ) );
#4149 = EDGE_CURVE( '', #5119, #5120, #5121, .T. );
#4150 = EDGE_CURVE( '', #5119, #5122, #5123, .T. );
#4151 = EDGE_CURVE( '', #5122, #5124, #5125, .T. );
#4152 = EDGE_CURVE( '', #5120, #5124, #5126, .T. );
#4153 = FILL_AREA_STYLE( '', ( #5127 ) );
#4154 = EDGE_CURVE( '', #4932, #5128, #5129, .T. );
#4155 = EDGE_CURVE( '', #4930, #5130, #5131, .T. );
#4156 = EDGE_CURVE( '', #5128, #5130, #5132, .T. );
#4157 = FILL_AREA_STYLE( '', ( #5133 ) );
#4158 = EDGE_CURVE( '', #5134, #5135, #5136, .T. );
#4159 = EDGE_CURVE( '', #5134, #5137, #5138, .T. );
#4160 = EDGE_CURVE( '', #5139, #5137, #5140, .T. );
#4161 = EDGE_CURVE( '', #5135, #5139, #5141, .T. );
#4162 = FILL_AREA_STYLE( '', ( #5142 ) );
#4163 = EDGE_CURVE( '', #5143, #5144, #5145, .T. );
#4164 = EDGE_CURVE( '', #5128, #5143, #5146, .T. );
#4165 = EDGE_CURVE( '', #5147, #5130, #5148, .T. );
#4166 = EDGE_CURVE( '', #5149, #5147, #5150, .T. );
#4167 = EDGE_CURVE( '', #5151, #5149, #5152, .T. );
#4168 = EDGE_CURVE( '', #5153, #5151, #5154, .T. );
#4169 = EDGE_CURVE( '', #5155, #5153, #5156, .T. );
#4170 = EDGE_CURVE( '', #5157, #5155, #5158, .T. );
#4171 = EDGE_CURVE( '', #5159, #5157, #5160, .T. );
#4172 = EDGE_CURVE( '', #5161, #5159, #5162, .T. );
#4173 = EDGE_CURVE( '', #4768, #5161, #5163, .T. );
#4174 = EDGE_CURVE( '', #5164, #4772, #5165, .T. );
#4175 = EDGE_CURVE( '', #5166, #5164, #5167, .T. );
#4176 = EDGE_CURVE( '', #5168, #5166, #5169, .T. );
#4177 = EDGE_CURVE( '', #5170, #5168, #5171, .T. );
#4178 = EDGE_CURVE( '', #5172, #5170, #5173, .T. );
#4179 = EDGE_CURVE( '', #4704, #5172, #5174, .T. );
#4180 = EDGE_CURVE( '', #5175, #4702, #5176, .T. );
#4181 = EDGE_CURVE( '', #5177, #5175, #5178, .T. );
#4182 = EDGE_CURVE( '', #5179, #5177, #5180, .T. );
#4183 = EDGE_CURVE( '', #5181, #5179, #5182, .T. );
#4184 = EDGE_CURVE( '', #5183, #5181, #5184, .T. );
#4185 = EDGE_CURVE( '', #5185, #5183, #5186, .T. );
#4186 = EDGE_CURVE( '', #5187, #5185, #5188, .T. );
#4187 = EDGE_CURVE( '', #5144, #5187, #5189, .T. );
#4188 = FILL_AREA_STYLE( '', ( #5190 ) );
#4189 = EDGE_CURVE( '', #5191, #4838, #5192, .T. );
#4190 = EDGE_CURVE( '', #5193, #5191, #5194, .T. );
#4191 = EDGE_CURVE( '', #5195, #5193, #5196, .T. );
#4192 = EDGE_CURVE( '', #5197, #5195, #5198, .T. );
#4193 = EDGE_CURVE( '', #5197, #5199, #5200, .T. );
#4194 = EDGE_CURVE( '', #5201, #5199, #5202, .T. );
#4195 = EDGE_CURVE( '', #5203, #5201, #5204, .T. );
#4196 = EDGE_CURVE( '', #5203, #5205, #5206, .T. );
#4197 = EDGE_CURVE( '', #5205, #4839, #5207, .T. );
#4198 = FILL_AREA_STYLE( '', ( #5208 ) );
#4199 = EDGE_CURVE( '', #4948, #5209, #5210, .T. );
#4200 = EDGE_CURVE( '', #5211, #5209, #5212, .T. );
#4201 = EDGE_CURVE( '', #4950, #5211, #5213, .T. );
#4202 = FILL_AREA_STYLE( '', ( #5214 ) );
#4203 = EDGE_CURVE( '', #5075, #5215, #5216, .T. );
#4204 = EDGE_CURVE( '', #5217, #5080, #5218, .T. );
#4205 = EDGE_CURVE( '', #5217, #5215, #5219, .T. );
#4206 = FILL_AREA_STYLE( '', ( #5220 ) );
#4207 = EDGE_CURVE( '', #5199, #5221, #5222, .T. );
#4208 = EDGE_CURVE( '', #5223, #5221, #5224, .T. );
#4209 = EDGE_CURVE( '', #5201, #5223, #5225, .T. );
#4210 = FILL_AREA_STYLE( '', ( #5226 ) );
#4211 = EDGE_CURVE( '', #5227, #5228, #5229, .T. );
#4212 = EDGE_CURVE( '', #5227, #5230, #5231, .T. );
#4213 = EDGE_CURVE( '', #5230, #5232, #5233, .T. );
#4214 = EDGE_CURVE( '', #5232, #5228, #5234, .T. );
#4215 = FILL_AREA_STYLE( '', ( #5235 ) );
#4216 = EDGE_CURVE( '', #5236, #4875, #5237, .T. );
#4217 = EDGE_CURVE( '', #5238, #4873, #5239, .T. );
#4218 = EDGE_CURVE( '', #5238, #5236, #5240, .T. );
#4219 = FILL_AREA_STYLE( '', ( #5241 ) );
#4220 = EDGE_CURVE( '', #5242, #5243, #5244, .T. );
#4221 = EDGE_CURVE( '', #5242, #5245, #5246, .T. );
#4222 = EDGE_CURVE( '', #5247, #5245, #5248, .T. );
#4223 = EDGE_CURVE( '', #4743, #5247, #5249, .T. );
#4224 = EDGE_CURVE( '', #4741, #5250, #5251, .T. );
#4225 = EDGE_CURVE( '', #4903, #5250, #5252, .T. );
#4226 = EDGE_CURVE( '', #5253, #4902, #5254, .T. );
#4227 = EDGE_CURVE( '', #5243, #5253, #5255, .T. );
#4228 = FILL_AREA_STYLE( '', ( #5256 ) );
#4229 = EDGE_CURVE( '', #5257, #4699, #5258, .T. );
#4230 = EDGE_CURVE( '', #5257, #5175, #5259, .T. );
#4231 = FILL_AREA_STYLE( '', ( #5260 ) );
#4232 = EDGE_CURVE( '', #5085, #5261, #5262, .T. );
#4233 = EDGE_CURVE( '', #5263, #5261, #5264, .T. );
#4234 = EDGE_CURVE( '', #5087, #5263, #5265, .T. );
#4235 = FILL_AREA_STYLE( '', ( #5266 ) );
#4236 = EDGE_CURVE( '', #4883, #5191, #5267, .T. );
#4237 = FILL_AREA_STYLE( '', ( #5268 ) );
#4238 = EDGE_CURVE( '', #5269, #5071, #5270, .T. );
#4239 = EDGE_CURVE( '', #5269, #4790, #5271, .T. );
#4240 = FILL_AREA_STYLE( '', ( #5272 ) );
#4241 = EDGE_CURVE( '', #5273, #5274, #5275, .T. );
#4242 = EDGE_CURVE( '', #5274, #5276, #5277, .T. );
#4243 = EDGE_CURVE( '', #5276, #5278, #5279, .T. );
#4244 = EDGE_CURVE( '', #5280, #5278, #5281, .T. );
#4245 = EDGE_CURVE( '', #5280, #5282, #5283, .T. );
#4246 = EDGE_CURVE( '', #5282, #5076, #5284, .T. );
#4247 = EDGE_CURVE( '', #5215, #5285, #5286, .T. );
#4248 = EDGE_CURVE( '', #5285, #5273, #5287, .T. );
#4249 = FILL_AREA_STYLE( '', ( #5288 ) );
#4250 = EDGE_CURVE( '', #5289, #4802, #5290, .T. );
#4251 = EDGE_CURVE( '', #5291, #5289, #5292, .T. );
#4252 = EDGE_CURVE( '', #5291, #4804, #5293, .T. );
#4253 = FILL_AREA_STYLE( '', ( #5294 ) );
#4254 = EDGE_CURVE( '', #5247, #5295, #5296, .T. );
#4255 = EDGE_CURVE( '', #5295, #4745, #5297, .T. );
#4256 = FILL_AREA_STYLE( '', ( #5298 ) );
#4257 = EDGE_CURVE( '', #5299, #5300, #5301, .T. );
#4258 = EDGE_CURVE( '', #5124, #5299, #5302, .T. );
#4259 = EDGE_CURVE( '', #4979, #5122, #5303, .T. );
#4260 = EDGE_CURVE( '', #5304, #4977, #5305, .T. );
#4261 = EDGE_CURVE( '', #5306, #5304, #5307, .T. );
#4262 = EDGE_CURVE( '', #5300, #5306, #5308, .T. );
#4263 = FILL_AREA_STYLE( '', ( #5309 ) );
#4264 = EDGE_CURVE( '', #5310, #4999, #5311, .T. );
#4265 = EDGE_CURVE( '', #5312, #5310, #5313, .T. );
#4266 = EDGE_CURVE( '', #5001, #5312, #5314, .T. );
#4267 = FILL_AREA_STYLE( '', ( #5315 ) );
#4268 = EDGE_CURVE( '', #5316, #5257, #5317, .T. );
#4269 = EDGE_CURVE( '', #5316, #5177, #5318, .T. );
#4270 = FILL_AREA_STYLE( '', ( #5319 ) );
#4271 = EDGE_CURVE( '', #5320, #5321, #5322, .T. );
#4272 = EDGE_CURVE( '', #5320, #5181, #5323, .T. );
#4273 = EDGE_CURVE( '', #5321, #5179, #5324, .T. );
#4274 = FILL_AREA_STYLE( '', ( #5325 ) );
#4275 = EDGE_CURVE( '', #5326, #5327, #5328, .T. );
#4276 = EDGE_CURVE( '', #5327, #5329, #5330, .T. );
#4277 = EDGE_CURVE( '', #5331, #5329, #5332, .T. );
#4278 = EDGE_CURVE( '', #5331, #5326, #5333, .T. );
#4279 = FILL_AREA_STYLE( '', ( #5334 ) );
#4280 = EDGE_CURVE( '', #4907, #5335, #5336, .T. );
#4281 = EDGE_CURVE( '', #5253, #5335, #5337, .T. );
#4282 = FILL_AREA_STYLE( '', ( #5338 ) );
#4283 = EDGE_CURVE( '', #5339, #5007, #5340, .T. );
#4284 = EDGE_CURVE( '', #5341, #5339, #5342, .T. );
#4285 = EDGE_CURVE( '', #5341, #5009, #5343, .T. );
#4286 = FILL_AREA_STYLE( '', ( #5344 ) );
#4287 = EDGE_CURVE( '', #5345, #5346, #5347, .T. );
#4288 = EDGE_CURVE( '', #5348, #5346, #5349, .T. );
#4289 = EDGE_CURVE( '', #5350, #5348, #5351, .T. );
#4290 = EDGE_CURVE( '', #5350, #5345, #5352, .T. );
#4291 = FILL_AREA_STYLE( '', ( #5353 ) );
#4292 = EDGE_CURVE( '', #4761, #4754, #5354, .T. );
#4293 = FILL_AREA_STYLE( '', ( #5355 ) );
#4294 = EDGE_CURVE( '', #5135, #5230, #5356, .T. );
#4295 = EDGE_CURVE( '', #5232, #5139, #5357, .T. );
#4296 = FILL_AREA_STYLE( '', ( #5358 ) );
#4297 = EDGE_CURVE( '', #5359, #5360, #5361, .T. );
#4298 = EDGE_CURVE( '', #5359, #5187, #5362, .T. );
#4299 = EDGE_CURVE( '', #5360, #5185, #5363, .T. );
#4300 = FILL_AREA_STYLE( '', ( #5364 ) );
#4301 = EDGE_CURVE( '', #5365, #5366, #5367, .T. );
#4302 = EDGE_CURVE( '', #5365, #5368, #5369, .T. );
#4303 = EDGE_CURVE( '', #5370, #5368, #5371, .T. );
#4304 = EDGE_CURVE( '', #5366, #5370, #5372, .T. );
#4305 = FILL_AREA_STYLE( '', ( #5373 ) );
#4306 = EDGE_CURVE( '', #5374, #5375, #5376, .T. );
#4307 = EDGE_CURVE( '', #5377, #5375, #5378, .T. );
#4308 = EDGE_CURVE( '', #5379, #5377, #5380, .T. );
#4309 = EDGE_CURVE( '', #5374, #5379, #5381, .T. );
#4310 = FILL_AREA_STYLE( '', ( #5382 ) );
#4311 = EDGE_CURVE( '', #4962, #5383, #5384, .T. );
#4312 = EDGE_CURVE( '', #5041, #5383, #5385, .T. );
#4313 = FILL_AREA_STYLE( '', ( #5386 ) );
#4314 = EDGE_CURVE( '', #5387, #5388, #5389, .T. );
#4315 = EDGE_CURVE( '', #5390, #5388, #5391, .T. );
#4316 = EDGE_CURVE( '', #5392, #5390, #5393, .T. );
#4317 = EDGE_CURVE( '', #5387, #5392, #5394, .T. );
#4318 = FILL_AREA_STYLE( '', ( #5395 ) );
#4319 = EDGE_CURVE( '', #4706, #5396, #5397, .T. );
#4320 = EDGE_CURVE( '', #5396, #5398, #5399, .T. );
#4321 = EDGE_CURVE( '', #5398, #5400, #5401, .T. );
#4322 = EDGE_CURVE( '', #5402, #5400, #5403, .T. );
#4323 = EDGE_CURVE( '', #5402, #5404, #5405, .T. );
#4324 = EDGE_CURVE( '', #5404, #4770, #5406, .T. );
#4325 = EDGE_CURVE( '', #4767, #5407, #5408, .T. );
#4326 = EDGE_CURVE( '', #4708, #5407, #5409, .T. );
#4327 = FILL_AREA_STYLE( '', ( #5410 ) );
#4328 = EDGE_CURVE( '', #4981, #5119, #5411, .T. );
#4329 = FILL_AREA_STYLE( '', ( #5412 ) );
#4330 = EDGE_CURVE( '', #4700, #5413, #5414, .T. );
#4331 = EDGE_CURVE( '', #5413, #5415, #5416, .T. );
#4332 = EDGE_CURVE( '', #5415, #5417, #5418, .T. );
#4333 = EDGE_CURVE( '', #5417, #5359, #5419, .T. );
#4334 = EDGE_CURVE( '', #5360, #5420, #5421, .T. );
#4335 = EDGE_CURVE( '', #5420, #5320, #5422, .T. );
#4336 = EDGE_CURVE( '', #5321, #5316, #5423, .T. );
#4337 = FILL_AREA_STYLE( '', ( #5424 ) );
#4338 = EDGE_CURVE( '', #5396, #5172, #5425, .T. );
#4339 = EDGE_CURVE( '', #5398, #5170, #5426, .T. );
#4340 = FILL_AREA_STYLE( '', ( #5427 ) );
#4341 = EDGE_CURVE( '', #5428, #5429, #5430, .T. );
#4342 = EDGE_CURVE( '', #5431, #5429, #5432, .T. );
#4343 = EDGE_CURVE( '', #5433, #5431, #5434, .T. );
#4344 = EDGE_CURVE( '', #5433, #5428, #5435, .T. );
#4345 = FILL_AREA_STYLE( '', ( #5436 ) );
#4346 = EDGE_CURVE( '', #4871, #5437, #5438, .T. );
#4347 = EDGE_CURVE( '', #5437, #5238, #5439, .T. );
#4348 = FILL_AREA_STYLE( '', ( #5440 ) );
#4349 = EDGE_CURVE( '', #5245, #5441, #5442, .T. );
#4350 = EDGE_CURVE( '', #5295, #5441, #5443, .T. );
#4351 = FILL_AREA_STYLE( '', ( #5444 ) );
#4352 = EDGE_CURVE( '', #5445, #5282, #5446, .T. );
#4353 = EDGE_CURVE( '', #5078, #5445, #5447, .T. );
#4354 = FILL_AREA_STYLE( '', ( #5448 ) );
#4355 = EDGE_CURVE( '', #5449, #5022, #5450, .T. );
#4356 = EDGE_CURVE( '', #5449, #5111, #5451, .T. );
#4357 = EDGE_CURVE( '', #5211, #5113, #5452, .T. );
#4358 = EDGE_CURVE( '', #5209, #5453, #5454, .T. );
#4359 = EDGE_CURVE( '', #5455, #5453, #5456, .T. );
#4360 = EDGE_CURVE( '', #5457, #5455, #5458, .T. );
#4361 = EDGE_CURVE( '', #5023, #5457, #5459, .T. );
#4362 = FILL_AREA_STYLE( '', ( #5460 ) );
#4363 = EDGE_CURVE( '', #4881, #5193, #5461, .T. );
#4364 = FILL_AREA_STYLE( '', ( #5462 ) );
#4365 = EDGE_CURVE( '', #5463, #5464, #5465, .T. );
#4366 = EDGE_CURVE( '', #5463, #5466, #5467, .T. );
#4367 = EDGE_CURVE( '', #5468, #5466, #5469, .T. );
#4368 = EDGE_CURVE( '', #5464, #5468, #5470, .T. );
#4369 = FILL_AREA_STYLE( '', ( #5471 ) );
#4370 = EDGE_CURVE( '', #5027, #5472, #5473, .T. );
#4371 = EDGE_CURVE( '', #5474, #5025, #5475, .T. );
#4372 = EDGE_CURVE( '', #5476, #5474, #5477, .T. );
#4373 = EDGE_CURVE( '', #5478, #5476, #5479, .T. );
#4374 = EDGE_CURVE( '', #5478, #5480, #5481, .T. );
#4375 = EDGE_CURVE( '', #5482, #5480, #5483, .T. );
#4376 = EDGE_CURVE( '', #5484, #5482, #5485, .T. );
#4377 = EDGE_CURVE( '', #5484, #5486, #5487, .T. );
#4378 = EDGE_CURVE( '', #5486, #5472, #5488, .T. );
#4379 = FILL_AREA_STYLE( '', ( #5489 ) );
#4380 = EDGE_CURVE( '', #5037, #5490, #5491, .T. );
#4381 = EDGE_CURVE( '', #5492, #5490, #5493, .T. );
#4382 = EDGE_CURVE( '', #5039, #5492, #5494, .T. );
#4383 = FILL_AREA_STYLE( '', ( #5495 ) );
#4384 = EDGE_CURVE( '', #4911, #4724, #5496, .T. );
#4385 = FILL_AREA_STYLE( '', ( #5497 ) );
#4386 = FILL_AREA_STYLE( '', ( #5498 ) );
#4387 = EDGE_CURVE( '', #4924, #5151, #5499, .T. );
#4388 = EDGE_CURVE( '', #4926, #5149, #5500, .T. );
#4389 = FILL_AREA_STYLE( '', ( #5501 ) );
#4390 = EDGE_CURVE( '', #4917, #5159, #5502, .T. );
#4391 = EDGE_CURVE( '', #4918, #5157, #5503, .T. );
#4392 = FILL_AREA_STYLE( '', ( #5504 ) );
#4393 = EDGE_CURVE( '', #5366, #5505, #5506, .T. );
#4394 = EDGE_CURVE( '', #5505, #5507, #5508, .T. );
#4395 = EDGE_CURVE( '', #5507, #5509, #5510, .T. );
#4396 = EDGE_CURVE( '', #5134, #5509, #5511, .T. );
#4397 = EDGE_CURVE( '', #5227, #5512, #5513, .T. );
#4398 = EDGE_CURVE( '', #5365, #5512, #5514, .T. );
#4399 = FILL_AREA_STYLE( '', ( #5515 ) );
#4400 = EDGE_CURVE( '', #5516, #4824, #5517, .T. );
#4401 = EDGE_CURVE( '', #5518, #5516, #5519, .T. );
#4402 = EDGE_CURVE( '', #5518, #4826, #5520, .T. );
#4403 = FILL_AREA_STYLE( '', ( #5521 ) );
#4404 = EDGE_CURVE( '', #5390, #5433, #5522, .T. );
#4405 = EDGE_CURVE( '', #5388, #5428, #5523, .T. );
#4406 = FILL_AREA_STYLE( '', ( #5524 ) );
#4407 = EDGE_CURVE( '', #4869, #5525, #5526, .T. );
#4408 = EDGE_CURVE( '', #5437, #5525, #5527, .T. );
#4409 = FILL_AREA_STYLE( '', ( #5528 ) );
#4410 = EDGE_CURVE( '', #4943, #5529, #5530, .T. );
#4411 = EDGE_CURVE( '', #5529, #5016, #5531, .T. );
#4412 = FILL_AREA_STYLE( '', ( #5532 ) );
#4413 = EDGE_CURVE( '', #4714, #5533, #5534, .T. );
#4414 = EDGE_CURVE( '', #5533, #5535, #5536, .T. );
#4415 = EDGE_CURVE( '', #5535, #5537, #5538, .T. );
#4416 = EDGE_CURVE( '', #5539, #5537, #5540, .T. );
#4417 = EDGE_CURVE( '', #5539, #5541, #5542, .T. );
#4418 = EDGE_CURVE( '', #5541, #5543, #5544, .T. );
#4419 = EDGE_CURVE( '', #5463, #5543, #5545, .T. );
#4420 = EDGE_CURVE( '', #4716, #5464, #5546, .T. );
#4421 = FILL_AREA_STYLE( '', ( #5547 ) );
#4422 = EDGE_CURVE( '', #4722, #5269, #5548, .T. );
#4423 = FILL_AREA_STYLE( '', ( #5549 ) );
#4424 = EDGE_CURVE( '', #5541, #5550, #5551, .T. );
#4425 = EDGE_CURVE( '', #5552, #5550, #5553, .T. );
#4426 = EDGE_CURVE( '', #5543, #5552, #5554, .T. );
#4427 = FILL_AREA_STYLE( '', ( #5555 ) );
#4428 = EDGE_CURVE( '', #5400, #5168, #5556, .T. );
#4429 = FILL_AREA_STYLE( '', ( #5557 ) );
#4430 = EDGE_CURVE( '', #5535, #5558, #5559, .T. );
#4431 = EDGE_CURVE( '', #5560, #5558, #5561, .T. );
#4432 = EDGE_CURVE( '', #5537, #5560, #5562, .T. );
#4433 = FILL_AREA_STYLE( '', ( #5563 ) );
#4434 = EDGE_CURVE( '', #5243, #5564, #5565, .T. );
#4435 = EDGE_CURVE( '', #5564, #5566, #5567, .T. );
#4436 = EDGE_CURVE( '', #5242, #5566, #5568, .T. );
#4437 = FILL_AREA_STYLE( '', ( #5569 ) );
#4438 = EDGE_CURVE( '', #5377, #5350, #5570, .T. );
#4439 = EDGE_CURVE( '', #5375, #5345, #5571, .T. );
#4440 = FILL_AREA_STYLE( '', ( #5572 ) );
#4441 = EDGE_CURVE( '', #4879, #5195, #5573, .T. );
#4442 = EDGE_CURVE( '', #4877, #5197, #5574, .T. );
#4443 = FILL_AREA_STYLE( '', ( #5575 ) );
#4444 = EDGE_CURVE( '', #5420, #5183, #5576, .T. );
#4445 = FILL_AREA_STYLE( '', ( #5577 ) );
#4446 = EDGE_CURVE( '', #5578, #5341, #5579, .T. );
#4447 = EDGE_CURVE( '', #5580, #5578, #5581, .T. );
#4448 = EDGE_CURVE( '', #5580, #5582, #5583, .T. );
#4449 = EDGE_CURVE( '', #5582, #5011, #5584, .T. );
#4450 = FILL_AREA_STYLE( '', ( #5585 ) );
#4451 = EDGE_CURVE( '', #5586, #5059, #5587, .T. );
#4452 = EDGE_CURVE( '', #5586, #5005, #5588, .T. );
#4453 = EDGE_CURVE( '', #5003, #5589, #5590, .T. );
#4454 = EDGE_CURVE( '', #5589, #5591, #5592, .T. );
#4455 = EDGE_CURVE( '', #5591, #4997, #5593, .T. );
#4456 = EDGE_CURVE( '', #4995, #5594, #5595, .T. );
#4457 = EDGE_CURVE( '', #5594, #5596, #5597, .T. );
#4458 = EDGE_CURVE( '', #4989, #5596, #5598, .T. );
#4459 = FILL_AREA_STYLE( '', ( #5599 ) );
#4460 = EDGE_CURVE( '', #5415, #5143, #5600, .T. );
#4461 = EDGE_CURVE( '', #5417, #5144, #5601, .T. );
#4462 = FILL_AREA_STYLE( '', ( #5602 ) );
#4463 = EDGE_CURVE( '', #5509, #5603, #5604, .T. );
#4464 = EDGE_CURVE( '', #5603, #5137, #5605, .T. );
#4465 = FILL_AREA_STYLE( '', ( #5606 ) );
#4466 = EDGE_CURVE( '', #4928, #5147, #5607, .T. );
#4467 = FILL_AREA_STYLE( '', ( #5608 ) );
#4468 = EDGE_CURVE( '', #5505, #5609, #5610, .T. );
#4469 = EDGE_CURVE( '', #5611, #5609, #5612, .T. );
#4470 = EDGE_CURVE( '', #5507, #5611, #5613, .T. );
#4471 = FILL_AREA_STYLE( '', ( #5614 ) );
#4472 = EDGE_CURVE( '', #5457, #5474, #5615, .T. );
#4473 = FILL_AREA_STYLE( '', ( #5616 ) );
#4474 = EDGE_CURVE( '', #5617, #4816, #5618, .T. );
#4475 = EDGE_CURVE( '', #5619, #5617, #5620, .T. );
#4476 = EDGE_CURVE( '', #5619, #4818, #5621, .T. );
#4477 = FILL_AREA_STYLE( '', ( #5622 ) );
#4478 = EDGE_CURVE( '', #5623, #5291, #5624, .T. );
#4479 = EDGE_CURVE( '', #5623, #4806, #5625, .T. );
#4480 = FILL_AREA_STYLE( '', ( #5626 ) );
#4481 = EDGE_CURVE( '', #5627, #4941, #5628, .T. );
#4482 = EDGE_CURVE( '', #5013, #5629, #5630, .T. );
#4483 = EDGE_CURVE( '', #5629, #5631, #5632, .T. );
#4484 = EDGE_CURVE( '', #5631, #5627, #5633, .T. );
#4485 = FILL_AREA_STYLE( '', ( #5634 ) );
#4486 = EDGE_CURVE( '', #5093, #4896, #5635, .T. );
#4487 = FILL_AREA_STYLE( '', ( #5636 ) );
#4488 = EDGE_CURVE( '', #5637, #5594, #5638, .T. );
#4489 = EDGE_CURVE( '', #5637, #5639, #5640, .T. );
#4490 = EDGE_CURVE( '', #5596, #5639, #5641, .T. );
#4491 = FILL_AREA_STYLE( '', ( #5642 ) );
#4492 = EDGE_CURVE( '', #5455, #5476, #5643, .T. );
#4493 = FILL_AREA_STYLE( '', ( #5644 ) );
#4494 = EDGE_CURVE( '', #5402, #5166, #5645, .T. );
#4495 = FILL_AREA_STYLE( '', ( #5646 ) );
#4496 = EDGE_CURVE( '', #5480, #5647, #5648, .T. );
#4497 = EDGE_CURVE( '', #5647, #5649, #5650, .T. );
#4498 = EDGE_CURVE( '', #5482, #5649, #5651, .T. );
#4499 = FILL_AREA_STYLE( '', ( #5652 ) );
#4500 = EDGE_CURVE( '', #5653, #4780, #5654, .T. );
#4501 = EDGE_CURVE( '', #5655, #4778, #5656, .T. );
#4502 = EDGE_CURVE( '', #5655, #5653, #5657, .T. );
#4503 = FILL_AREA_STYLE( '', ( #5658 ) );
#4504 = EDGE_CURVE( '', #5063, #5653, #5659, .T. );
#4505 = FILL_AREA_STYLE( '', ( #5660 ) );
#4506 = FILL_AREA_STYLE( '', ( #5661 ) );
#4507 = EDGE_CURVE( '', #5662, #5102, #5663, .T. );
#4508 = EDGE_CURVE( '', #5664, #5100, #5665, .T. );
#4509 = EDGE_CURVE( '', #5664, #5662, #5666, .T. );
#4510 = FILL_AREA_STYLE( '', ( #5667 ) );
#4511 = EDGE_CURVE( '', #5383, #5492, #5668, .T. );
#4512 = FILL_AREA_STYLE( '', ( #5669 ) );
#4513 = EDGE_CURVE( '', #5453, #5478, #5670, .T. );
#4514 = FILL_AREA_STYLE( '', ( #5671 ) );
#4515 = EDGE_CURVE( '', #5098, #5490, #5672, .T. );
#4516 = FILL_AREA_STYLE( '', ( #5673 ) );
#4517 = EDGE_CURVE( '', #5404, #5164, #5674, .T. );
#4518 = FILL_AREA_STYLE( '', ( #5675 ) );
#4519 = EDGE_CURVE( '', #5676, #4913, #5677, .T. );
#4520 = EDGE_CURVE( '', #5676, #4798, #5678, .T. );
#4521 = FILL_AREA_STYLE( '', ( #5679 ) );
#4522 = EDGE_CURVE( '', #5250, #5680, #5681, .T. );
#4523 = EDGE_CURVE( '', #5680, #4905, #5682, .T. );
#4524 = FILL_AREA_STYLE( '', ( #5683 ) );
#4525 = EDGE_CURVE( '', #5649, #4860, #5684, .T. );
#4526 = EDGE_CURVE( '', #5647, #4863, #5685, .T. );
#4527 = FILL_AREA_STYLE( '', ( #5686 ) );
#4528 = EDGE_CURVE( '', #5687, #5299, #5688, .T. );
#4529 = EDGE_CURVE( '', #5687, #5120, #5689, .T. );
#4530 = FILL_AREA_STYLE( '', ( #5690 ) );
#4531 = EDGE_CURVE( '', #4993, #5637, #5691, .T. );
#4532 = FILL_AREA_STYLE( '', ( #5692 ) );
#4533 = EDGE_CURVE( '', #5069, #5065, #5693, .T. );
#4534 = FILL_AREA_STYLE( '', ( #5694 ) );
#4535 = EDGE_CURVE( '', #5695, #4776, #5696, .T. );
#4536 = EDGE_CURVE( '', #5655, #5695, #5697, .T. );
#4537 = FILL_AREA_STYLE( '', ( #5698 ) );
#4538 = EDGE_CURVE( '', #5699, #5676, #5700, .T. );
#4539 = EDGE_CURVE( '', #5699, #4800, #5701, .T. );
#4540 = FILL_AREA_STYLE( '', ( #5702 ) );
#4541 = EDGE_CURVE( '', #5703, #4830, #5704, .T. );
#4542 = EDGE_CURVE( '', #5705, #5703, #5706, .T. );
#4543 = EDGE_CURVE( '', #5705, #4832, #5707, .T. );
#4544 = FILL_AREA_STYLE( '', ( #5708 ) );
#4545 = EDGE_CURVE( '', #5709, #5285, #5710, .T. );
#4546 = EDGE_CURVE( '', #5711, #5709, #5712, .T. );
#4547 = EDGE_CURVE( '', #5711, #5273, #5713, .T. );
#4548 = FILL_AREA_STYLE( '', ( #5714 ) );
#4549 = EDGE_CURVE( '', #5441, #4740, #5715, .T. );
#4550 = FILL_AREA_STYLE( '', ( #5716 ) );
#4551 = EDGE_CURVE( '', #5639, #4991, #5717, .T. );
#4552 = FILL_AREA_STYLE( '', ( #5718 ) );
#4553 = EDGE_CURVE( '', #5329, #5719, #5720, .T. );
#4554 = EDGE_CURVE( '', #5327, #5721, #5722, .T. );
#4555 = EDGE_CURVE( '', #5719, #5721, #5723, .T. );
#4556 = FILL_AREA_STYLE( '', ( #5724 ) );
#4557 = EDGE_CURVE( '', #4920, #5155, #5725, .T. );
#4558 = FILL_AREA_STYLE( '', ( #5726 ) );
#4559 = EDGE_CURVE( '', #4710, #5468, #5727, .T. );
#4560 = EDGE_CURVE( '', #5552, #5466, #5728, .T. );
#4561 = EDGE_CURVE( '', #5550, #5729, #5730, .T. );
#4562 = EDGE_CURVE( '', #5560, #5729, #5731, .T. );
#4563 = EDGE_CURVE( '', #5558, #5732, #5733, .T. );
#4564 = EDGE_CURVE( '', #5732, #4712, #5734, .T. );
#4565 = FILL_AREA_STYLE( '', ( #5735 ) );
#4566 = EDGE_CURVE( '', #4887, #5619, #5736, .T. );
#4567 = FILL_AREA_STYLE( '', ( #5737 ) );
#4568 = EDGE_CURVE( '', #5738, #5387, #5739, .T. );
#4569 = EDGE_CURVE( '', #5221, #5738, #5740, .T. );
#4570 = EDGE_CURVE( '', #5525, #5236, #5741, .T. );
#4571 = EDGE_CURVE( '', #5721, #5205, #5742, .T. );
#4572 = EDGE_CURVE( '', #5680, #5326, #5743, .T. );
#4573 = EDGE_CURVE( '', #4865, #5566, #5744, .T. );
#4574 = EDGE_CURVE( '', #5449, #5472, #5745, .T. );
#4575 = EDGE_CURVE( '', #5346, #5486, #5746, .T. );
#4576 = EDGE_CURVE( '', #5429, #5374, #5747, .T. );
#4577 = EDGE_CURVE( '', #5529, #5031, #5748, .T. );
#4578 = EDGE_CURVE( '', #5627, #5578, #5749, .T. );
#4579 = EDGE_CURVE( '', #5339, #5586, #5750, .T. );
#4580 = EDGE_CURVE( '', #5057, #5751, #5752, .T. );
#4581 = EDGE_CURVE( '', #5751, #5687, #5753, .T. );
#4582 = EDGE_CURVE( '', #4852, #5300, #5754, .T. );
#4583 = EDGE_CURVE( '', #5104, #5084, #5755, .T. );
#4584 = EDGE_CURVE( '', #5097, #5089, #5756, .T. );
#4585 = FILL_AREA_STYLE( '', ( #5757 ) );
#4586 = EDGE_CURVE( '', #5335, #5564, #5758, .T. );
#4587 = EDGE_CURVE( '', #4861, #5331, #5759, .T. );
#4588 = FILL_AREA_STYLE( '', ( #5760 ) );
#4589 = EDGE_CURVE( '', #5348, #5484, #5761, .T. );
#4590 = FILL_AREA_STYLE( '', ( #5762 ) );
#4591 = EDGE_CURVE( '', #5631, #5580, #5763, .T. );
#4592 = EDGE_CURVE( '', #5629, #5582, #5764, .T. );
#4593 = FILL_AREA_STYLE( '', ( #5765 ) );
#4594 = FILL_AREA_STYLE( '', ( #5766 ) );
#4595 = EDGE_CURVE( '', #5767, #5280, #5768, .T. );
#4596 = EDGE_CURVE( '', #5445, #5767, #5769, .T. );
#4597 = FILL_AREA_STYLE( '', ( #5770 ) );
#4598 = FILL_AREA_STYLE( '', ( #5771 ) );
#4599 = FILL_AREA_STYLE( '', ( #5772 ) );
#4600 = EDGE_CURVE( '', #5289, #5699, #5773, .T. );
#4601 = FILL_AREA_STYLE( '', ( #5774 ) );
#4602 = FILL_AREA_STYLE( '', ( #5775 ) );
#4603 = EDGE_CURVE( '', #5261, #5662, #5776, .T. );
#4604 = EDGE_CURVE( '', #5263, #5664, #5777, .T. );
#4605 = FILL_AREA_STYLE( '', ( #5778 ) );
#4606 = EDGE_CURVE( '', #5695, #5779, #5780, .T. );
#4607 = EDGE_CURVE( '', #5779, #5711, #5781, .T. );
#4608 = EDGE_CURVE( '', #5709, #5217, #5782, .T. );
#4609 = EDGE_CURVE( '', #5783, #5767, #5784, .T. );
#4610 = EDGE_CURVE( '', #5783, #5785, #5786, .T. );
#4611 = EDGE_CURVE( '', #5785, #5787, #5788, .T. );
#4612 = EDGE_CURVE( '', #5787, #5623, #5789, .T. );
#4613 = FILL_AREA_STYLE( '', ( #5790 ) );
#4614 = FILL_AREA_STYLE( '', ( #5791 ) );
#4615 = EDGE_CURVE( '', #5779, #5274, #5792, .T. );
#4616 = FILL_AREA_STYLE( '', ( #5793 ) );
#4617 = FILL_AREA_STYLE( '', ( #5794 ) );
#4618 = EDGE_CURVE( '', #4856, #5304, #5795, .T. );
#4619 = FILL_AREA_STYLE( '', ( #5796 ) );
#4620 = EDGE_CURVE( '', #5310, #5591, #5797, .T. );
#4621 = FILL_AREA_STYLE( '', ( #5798 ) );
#4622 = EDGE_CURVE( '', #4834, #5413, #5799, .T. );
#4623 = FILL_AREA_STYLE( '', ( #5800 ) );
#4624 = EDGE_CURVE( '', #5407, #5161, #5801, .T. );
#4625 = FILL_AREA_STYLE( '', ( #5802 ) );
#4626 = FILL_AREA_STYLE( '', ( #5803 ) );
#4627 = EDGE_CURVE( '', #5533, #5732, #5804, .T. );
#4628 = FILL_AREA_STYLE( '', ( #5805 ) );
#4629 = EDGE_CURVE( '', #5516, #4889, #5806, .T. );
#4630 = FILL_AREA_STYLE( '', ( #5807 ) );
#4631 = EDGE_CURVE( '', #5312, #5589, #5808, .T. );
#4632 = FILL_AREA_STYLE( '', ( #5809 ) );
#4633 = FILL_AREA_STYLE( '', ( #5810 ) );
#4634 = EDGE_CURVE( '', #4934, #5811, #5812, .T. );
#4635 = EDGE_CURVE( '', #5368, #5811, #5813, .T. );
#4636 = EDGE_CURVE( '', #5512, #5276, #5814, .T. );
#4637 = FILL_AREA_STYLE( '', ( #5815 ) );
#4638 = EDGE_CURVE( '', #5783, #5278, #5816, .T. );
#4639 = FILL_AREA_STYLE( '', ( #5817 ) );
#4640 = FILL_AREA_STYLE( '', ( #5818 ) );
#4641 = EDGE_CURVE( '', #5617, #4732, #5819, .T. );
#4642 = FILL_AREA_STYLE( '', ( #5820 ) );
#4643 = EDGE_CURVE( '', #5719, #5203, #5821, .T. );
#4644 = FILL_AREA_STYLE( '', ( #5822 ) );
#4645 = EDGE_CURVE( '', #5539, #5729, #5823, .T. );
#4646 = FILL_AREA_STYLE( '', ( #5824 ) );
#4647 = EDGE_CURVE( '', #4730, #5825, #5826, .T. );
#4648 = EDGE_CURVE( '', #5825, #5705, #5827, .T. );
#4649 = EDGE_CURVE( '', #5703, #5828, #5829, .T. );
#4650 = EDGE_CURVE( '', #5828, #5518, #5830, .T. );
#4651 = FILL_AREA_STYLE( '', ( #5831 ) );
#4652 = EDGE_CURVE( '', #5603, #5611, #5832, .T. );
#4653 = FILL_AREA_STYLE( '', ( #5833 ) );
#4654 = EDGE_CURVE( '', #4854, #5306, #5834, .T. );
#4655 = FILL_AREA_STYLE( '', ( #5835 ) );
#4656 = EDGE_CURVE( '', #5751, #4983, #5836, .T. );
#4657 = FILL_AREA_STYLE( '', ( #5837 ) );
#4658 = FILL_AREA_STYLE( '', ( #5838 ) );
#4659 = FILL_AREA_STYLE( '', ( #5839 ) );
#4660 = EDGE_CURVE( '', #4922, #5153, #5840, .T. );
#4661 = FILL_AREA_STYLE( '', ( #5841 ) );
#4662 = EDGE_CURVE( '', #5828, #4828, #5842, .T. );
#4663 = FILL_AREA_STYLE( '', ( #5843 ) );
#4664 = EDGE_CURVE( '', #5223, #5844, #5845, .T. );
#4665 = EDGE_CURVE( '', #5844, #5392, #5846, .T. );
#4666 = EDGE_CURVE( '', #5431, #5379, #5847, .T. );
#4667 = FILL_AREA_STYLE( '', ( #5848 ) );
#4668 = FILL_AREA_STYLE( '', ( #5849 ) );
#4669 = FILL_AREA_STYLE( '', ( #5850 ) );
#4670 = EDGE_CURVE( '', #4812, #5825, #5851, .T. );
#4671 = EDGE_CURVE( '', #5785, #4810, #5852, .T. );
#4672 = EDGE_CURVE( '', #5811, #5228, #5853, .T. );
#4673 = FILL_AREA_STYLE( '', ( #5854 ) );
#4674 = EDGE_CURVE( '', #5844, #5738, #5855, .T. );
#4675 = FILL_AREA_STYLE( '', ( #5856 ) );
#4676 = FILL_AREA_STYLE( '', ( #5857 ) );
#4677 = FILL_AREA_STYLE( '', ( #5858 ) );
#4678 = FILL_AREA_STYLE( '', ( #5859 ) );
#4679 = FILL_AREA_STYLE( '', ( #5860 ) );
#4680 = FILL_AREA_STYLE( '', ( #5861 ) );
#4681 = EDGE_CURVE( '', #5609, #5370, #5862, .T. );
#4682 = FILL_AREA_STYLE( '', ( #5863 ) );
#4683 = EDGE_CURVE( '', #5787, #4808, #5864, .T. );
#4684 = FILL_AREA_STYLE( '', ( #5865 ) );
#4685 = FILL_AREA_STYLE( '', ( #5866 ) );
#4686 = FILL_AREA_STYLE( '', ( #5867 ) );
#4687 = FILL_AREA_STYLE( '', ( #5868 ) );
#4688 = FILL_AREA_STYLE( '', ( #5869 ) );
#4689 = FILL_AREA_STYLE( '', ( #5870 ) );
#4690 = FILL_AREA_STYLE( '', ( #5871 ) );
#4691 = FILL_AREA_STYLE( '', ( #5872 ) );
#4692 = FILL_AREA_STYLE( '', ( #5873 ) );
#4693 = FILL_AREA_STYLE( '', ( #5874 ) );
#4694 = FILL_AREA_STYLE( '', ( #5875 ) );
#4695 = FILL_AREA_STYLE( '', ( #5876 ) );
#4696 = FILL_AREA_STYLE( '', ( #5877 ) );
#4697 = FILL_AREA_STYLE( '', ( #5878 ) );
#4698 = FILL_AREA_STYLE_COLOUR( '', #5879 );
#4699 = VERTEX_POINT( '', #5880 );
#4700 = VERTEX_POINT( '', #5881 );
#4701 = LINE( '', #5882, #5883 );
#4702 = VERTEX_POINT( '', #5884 );
#4703 = LINE( '', #5885, #5886 );
#4704 = VERTEX_POINT( '', #5887 );
#4705 = LINE( '', #5888, #5889 );
#4706 = VERTEX_POINT( '', #5890 );
#4707 = LINE( '', #5891, #5892 );
#4708 = VERTEX_POINT( '', #5893 );
#4709 = LINE( '', #5894, #5895 );
#4710 = VERTEX_POINT( '', #5896 );
#4711 = LINE( '', #5897, #5898 );
#4712 = VERTEX_POINT( '', #5899 );
#4713 = LINE( '', #5900, #5901 );
#4714 = VERTEX_POINT( '', #5902 );
#4715 = LINE( '', #5903, #5904 );
#4716 = VERTEX_POINT( '', #5905 );
#4717 = LINE( '', #5906, #5907 );
#4718 = VERTEX_POINT( '', #5908 );
#4719 = LINE( '', #5909, #5910 );
#4720 = VERTEX_POINT( '', #5911 );
#4721 = LINE( '', #5912, #5913 );
#4722 = VERTEX_POINT( '', #5914 );
#4723 = LINE( '', #5915, #5916 );
#4724 = VERTEX_POINT( '', #5917 );
#4725 = LINE( '', #5918, #5919 );
#4726 = VERTEX_POINT( '', #5920 );
#4727 = LINE( '', #5921, #5922 );
#4728 = VERTEX_POINT( '', #5923 );
#4729 = LINE( '', #5924, #5925 );
#4730 = VERTEX_POINT( '', #5926 );
#4731 = LINE( '', #5927, #5928 );
#4732 = VERTEX_POINT( '', #5929 );
#4733 = LINE( '', #5930, #5931 );
#4734 = VERTEX_POINT( '', #5932 );
#4735 = LINE( '', #5933, #5934 );
#4736 = VERTEX_POINT( '', #5935 );
#4737 = LINE( '', #5936, #5937 );
#4738 = LINE( '', #5938, #5939 );
#4739 = FILL_AREA_STYLE_COLOUR( '', #5940 );
#4740 = VERTEX_POINT( '', #5941 );
#4741 = VERTEX_POINT( '', #5942 );
#4742 = LINE( '', #5943, #5944 );
#4743 = VERTEX_POINT( '', #5945 );
#4744 = LINE( '', #5946, #5947 );
#4745 = VERTEX_POINT( '', #5948 );
#4746 = LINE( '', #5949, #5950 );
#4747 = LINE( '', #5951, #5952 );
#4748 = FILL_AREA_STYLE_COLOUR( '', #5953 );
#4749 = VERTEX_POINT( '', #5954 );
#4750 = VERTEX_POINT( '', #5955 );
#4751 = LINE( '', #5956, #5957 );
#4752 = VERTEX_POINT( '', #5958 );
#4753 = LINE( '', #5959, #5960 );
#4754 = VERTEX_POINT( '', #5961 );
#4755 = LINE( '', #5962, #5963 );
#4756 = LINE( '', #5964, #5965 );
#4757 = FILL_AREA_STYLE_COLOUR( '', #5966 );
#4758 = VERTEX_POINT( '', #5967 );
#4759 = VERTEX_POINT( '', #5968 );
#4760 = LINE( '', #5969, #5970 );
#4761 = VERTEX_POINT( '', #5971 );
#4762 = LINE( '', #5972, #5973 );
#4763 = VERTEX_POINT( '', #5974 );
#4764 = LINE( '', #5975, #5976 );
#4765 = LINE( '', #5977, #5978 );
#4766 = FILL_AREA_STYLE_COLOUR( '', #5979 );
#4767 = VERTEX_POINT( '', #5980 );
#4768 = VERTEX_POINT( '', #5981 );
#4769 = LINE( '', #5982, #5983 );
#4770 = VERTEX_POINT( '', #5984 );
#4771 = CIRCLE( '', #5985, 0.0250000000000000 );
#4772 = VERTEX_POINT( '', #5986 );
#4773 = LINE( '', #5987, #5988 );
#4774 = CIRCLE( '', #5989, 0.0250000000000000 );
#4775 = FILL_AREA_STYLE_COLOUR( '', #5990 );
#4776 = VERTEX_POINT( '', #5991 );
#4777 = LINE( '', #5992, #5993 );
#4778 = VERTEX_POINT( '', #5994 );
#4779 = LINE( '', #5995, #5996 );
#4780 = VERTEX_POINT( '', #5997 );
#4781 = CIRCLE( '', #5998, 0.0250000000000000 );
#4782 = VERTEX_POINT( '', #5999 );
#4783 = LINE( '', #6000, #6001 );
#4784 = VERTEX_POINT( '', #6002 );
#4785 = LINE( '', #6003, #6004 );
#4786 = VERTEX_POINT( '', #6005 );
#4787 = LINE( '', #6006, #6007 );
#4788 = VERTEX_POINT( '', #6008 );
#4789 = LINE( '', #6009, #6010 );
#4790 = VERTEX_POINT( '', #6011 );
#4791 = LINE( '', #6012, #6013 );
#4792 = CIRCLE( '', #6014, 0.0500000000000000 );
#4793 = FILL_AREA_STYLE_COLOUR( '', #6015 );
#4794 = VERTEX_POINT( '', #6016 );
#4795 = LINE( '', #6017, #6018 );
#4796 = VERTEX_POINT( '', #6019 );
#4797 = LINE( '', #6020, #6021 );
#4798 = VERTEX_POINT( '', #6022 );
#4799 = LINE( '', #6023, #6024 );
#4800 = VERTEX_POINT( '', #6025 );
#4801 = LINE( '', #6026, #6027 );
#4802 = VERTEX_POINT( '', #6028 );
#4803 = LINE( '', #6029, #6030 );
#4804 = VERTEX_POINT( '', #6031 );
#4805 = LINE( '', #6032, #6033 );
#4806 = VERTEX_POINT( '', #6034 );
#4807 = LINE( '', #6035, #6036 );
#4808 = VERTEX_POINT( '', #6037 );
#4809 = LINE( '', #6038, #6039 );
#4810 = VERTEX_POINT( '', #6040 );
#4811 = LINE( '', #6041, #6042 );
#4812 = VERTEX_POINT( '', #6043 );
#4813 = LINE( '', #6044, #6045 );
#4814 = LINE( '', #6046, #6047 );
#4815 = FILL_AREA_STYLE_COLOUR( '', #6048 );
#4816 = VERTEX_POINT( '', #6049 );
#4817 = LINE( '', #6050, #6051 );
#4818 = VERTEX_POINT( '', #6052 );
#4819 = LINE( '', #6053, #6054 );
#4820 = VERTEX_POINT( '', #6055 );
#4821 = LINE( '', #6056, #6057 );
#4822 = VERTEX_POINT( '', #6058 );
#4823 = LINE( '', #6059, #6060 );
#4824 = VERTEX_POINT( '', #6061 );
#4825 = LINE( '', #6062, #6063 );
#4826 = VERTEX_POINT( '', #6064 );
#4827 = LINE( '', #6065, #6066 );
#4828 = VERTEX_POINT( '', #6067 );
#4829 = LINE( '', #6068, #6069 );
#4830 = VERTEX_POINT( '', #6070 );
#4831 = LINE( '', #6071, #6072 );
#4832 = VERTEX_POINT( '', #6073 );
#4833 = LINE( '', #6074, #6075 );
#4834 = VERTEX_POINT( '', #6076 );
#4835 = LINE( '', #6077, #6078 );
#4836 = LINE( '', #6079, #6080 );
#4837 = FILL_AREA_STYLE_COLOUR( '', #6081 );
#4838 = VERTEX_POINT( '', #6082 );
#4839 = VERTEX_POINT( '', #6083 );
#4840 = LINE( '', #6084, #6085 );
#4841 = VERTEX_POINT( '', #6086 );
#4842 = LINE( '', #6087, #6088 );
#4843 = VERTEX_POINT( '', #6089 );
#4844 = LINE( '', #6090, #6091 );
#4845 = LINE( '', #6092, #6093 );
#4846 = FILL_AREA_STYLE_COLOUR( '', #6094 );
#4847 = VERTEX_POINT( '', #6095 );
#4848 = VERTEX_POINT( '', #6096 );
#4849 = LINE( '', #6097, #6098 );
#4850 = VERTEX_POINT( '', #6099 );
#4851 = LINE( '', #6100, #6101 );
#4852 = VERTEX_POINT( '', #6102 );
#4853 = LINE( '', #6103, #6104 );
#4854 = VERTEX_POINT( '', #6105 );
#4855 = LINE( '', #6106, #6107 );
#4856 = VERTEX_POINT( '', #6108 );
#4857 = LINE( '', #6109, #6110 );
#4858 = LINE( '', #6111, #6112 );
#4859 = FILL_AREA_STYLE_COLOUR( '', #6113 );
#4860 = VERTEX_POINT( '', #6114 );
#4861 = VERTEX_POINT( '', #6115 );
#4862 = LINE( '', #6116, #6117 );
#4863 = VERTEX_POINT( '', #6118 );
#4864 = LINE( '', #6119, #6120 );
#4865 = VERTEX_POINT( '', #6121 );
#4866 = LINE( '', #6122, #6123 );
#4867 = LINE( '', #6124, #6125 );
#4868 = FILL_AREA_STYLE_COLOUR( '', #6126 );
#4869 = VERTEX_POINT( '', #6127 );
#4870 = LINE( '', #6128, #6129 );
#4871 = VERTEX_POINT( '', #6130 );
#4872 = LINE( '', #6131, #6132 );
#4873 = VERTEX_POINT( '', #6133 );
#4874 = LINE( '', #6134, #6135 );
#4875 = VERTEX_POINT( '', #6136 );
#4876 = LINE( '', #6137, #6138 );
#4877 = VERTEX_POINT( '', #6139 );
#4878 = LINE( '', #6140, #6141 );
#4879 = VERTEX_POINT( '', #6142 );
#4880 = LINE( '', #6143, #6144 );
#4881 = VERTEX_POINT( '', #6145 );
#4882 = LINE( '', #6146, #6147 );
#4883 = VERTEX_POINT( '', #6148 );
#4884 = LINE( '', #6149, #6150 );
#4885 = LINE( '', #6151, #6152 );
#4886 = FILL_AREA_STYLE_COLOUR( '', #6153 );
#4887 = VERTEX_POINT( '', #6154 );
#4888 = LINE( '', #6155, #6156 );
#4889 = VERTEX_POINT( '', #6157 );
#4890 = LINE( '', #6158, #6159 );
#4891 = LINE( '', #6160, #6161 );
#4892 = FILL_AREA_STYLE_COLOUR( '', #6162 );
#4893 = VERTEX_POINT( '', #6163 );
#4894 = VERTEX_POINT( '', #6164 );
#4895 = LINE( '', #6165, #6166 );
#4896 = VERTEX_POINT( '', #6167 );
#4897 = LINE( '', #6168, #6169 );
#4898 = VERTEX_POINT( '', #6170 );
#4899 = LINE( '', #6171, #6172 );
#4900 = LINE( '', #6173, #6174 );
#4901 = FILL_AREA_STYLE_COLOUR( '', #6175 );
#4902 = VERTEX_POINT( '', #6176 );
#4903 = VERTEX_POINT( '', #6177 );
#4904 = LINE( '', #6178, #6179 );
#4905 = VERTEX_POINT( '', #6180 );
#4906 = LINE( '', #6181, #6182 );
#4907 = VERTEX_POINT( '', #6183 );
#4908 = LINE( '', #6184, #6185 );
#4909 = LINE( '', #6186, #6187 );
#4910 = FILL_AREA_STYLE_COLOUR( '', #6188 );
#4911 = VERTEX_POINT( '', #6189 );
#4912 = LINE( '', #6190, #6191 );
#4913 = VERTEX_POINT( '', #6192 );
#4914 = LINE( '', #6193, #6194 );
#4915 = LINE( '', #6195, #6196 );
#4916 = FILL_AREA_STYLE_COLOUR( '', #6197 );
#4917 = VERTEX_POINT( '', #6198 );
#4918 = VERTEX_POINT( '', #6199 );
#4919 = LINE( '', #6200, #6201 );
#4920 = VERTEX_POINT( '', #6202 );
#4921 = CIRCLE( '', #6203, 0.0500000000000000 );
#4922 = VERTEX_POINT( '', #6204 );
#4923 = LINE( '', #6205, #6206 );
#4924 = VERTEX_POINT( '', #6207 );
#4925 = LINE( '', #6208, #6209 );
#4926 = VERTEX_POINT( '', #6210 );
#4927 = LINE( '', #6211, #6212 );
#4928 = VERTEX_POINT( '', #6213 );
#4929 = LINE( '', #6214, #6215 );
#4930 = VERTEX_POINT( '', #6216 );
#4931 = LINE( '', #6217, #6218 );
#4932 = VERTEX_POINT( '', #6219 );
#4933 = CIRCLE( '', #6220, 0.0250000000000000 );
#4934 = VERTEX_POINT( '', #6221 );
#4935 = LINE( '', #6222, #6223 );
#4936 = LINE( '', #6224, #6225 );
#4937 = FILL_AREA_STYLE_COLOUR( '', #6226 );
#4938 = VERTEX_POINT( '', #6227 );
#4939 = VERTEX_POINT( '', #6228 );
#4940 = LINE( '', #6229, #6230 );
#4941 = VERTEX_POINT( '', #6231 );
#4942 = LINE( '', #6232, #6233 );
#4943 = VERTEX_POINT( '', #6234 );
#4944 = LINE( '', #6235, #6236 );
#4945 = LINE( '', #6237, #6238 );
#4946 = FILL_AREA_STYLE_COLOUR( '', #6239 );
#4947 = VERTEX_POINT( '', #6240 );
#4948 = VERTEX_POINT( '', #6241 );
#4949 = LINE( '', #6242, #6243 );
#4950 = VERTEX_POINT( '', #6244 );
#4951 = LINE( '', #6245, #6246 );
#4952 = VERTEX_POINT( '', #6247 );
#4953 = LINE( '', #6248, #6249 );
#4954 = LINE( '', #6250, #6251 );
#4955 = FILL_AREA_STYLE_COLOUR( '', #6252 );
#4956 = VERTEX_POINT( '', #6253 );
#4957 = VERTEX_POINT( '', #6254 );
#4958 = LINE( '', #6255, #6256 );
#4959 = LINE( '', #6257, #6258 );
#4960 = VERTEX_POINT( '', #6259 );
#4961 = LINE( '', #6260, #6261 );
#4962 = VERTEX_POINT( '', #6262 );
#4963 = LINE( '', #6263, #6264 );
#4964 = VERTEX_POINT( '', #6265 );
#4965 = LINE( '', #6266, #6267 );
#4966 = LINE( '', #6268, #6269 );
#4967 = LINE( '', #6270, #6271 );
#4968 = VERTEX_POINT( '', #6272 );
#4969 = LINE( '', #6273, #6274 );
#4970 = VERTEX_POINT( '', #6275 );
#4971 = LINE( '', #6276, #6277 );
#4972 = VERTEX_POINT( '', #6278 );
#4973 = LINE( '', #6279, #6280 );
#4974 = VERTEX_POINT( '', #6281 );
#4975 = LINE( '', #6282, #6283 );
#4976 = LINE( '', #6284, #6285 );
#4977 = VERTEX_POINT( '', #6286 );
#4978 = LINE( '', #6287, #6288 );
#4979 = VERTEX_POINT( '', #6289 );
#4980 = LINE( '', #6290, #6291 );
#4981 = VERTEX_POINT( '', #6292 );
#4982 = LINE( '', #6293, #6294 );
#4983 = VERTEX_POINT( '', #6295 );
#4984 = LINE( '', #6296, #6297 );
#4985 = VERTEX_POINT( '', #6298 );
#4986 = LINE( '', #6299, #6300 );
#4987 = VERTEX_POINT( '', #6301 );
#4988 = LINE( '', #6302, #6303 );
#4989 = VERTEX_POINT( '', #6304 );
#4990 = LINE( '', #6305, #6306 );
#4991 = VERTEX_POINT( '', #6307 );
#4992 = LINE( '', #6308, #6309 );
#4993 = VERTEX_POINT( '', #6310 );
#4994 = LINE( '', #6311, #6312 );
#4995 = VERTEX_POINT( '', #6313 );
#4996 = LINE( '', #6314, #6315 );
#4997 = VERTEX_POINT( '', #6316 );
#4998 = LINE( '', #6317, #6318 );
#4999 = VERTEX_POINT( '', #6319 );
#5000 = LINE( '', #6320, #6321 );
#5001 = VERTEX_POINT( '', #6322 );
#5002 = LINE( '', #6323, #6324 );
#5003 = VERTEX_POINT( '', #6325 );
#5004 = LINE( '', #6326, #6327 );
#5005 = VERTEX_POINT( '', #6328 );
#5006 = LINE( '', #6329, #6330 );
#5007 = VERTEX_POINT( '', #6331 );
#5008 = LINE( '', #6332, #6333 );
#5009 = VERTEX_POINT( '', #6334 );
#5010 = LINE( '', #6335, #6336 );
#5011 = VERTEX_POINT( '', #6337 );
#5012 = LINE( '', #6338, #6339 );
#5013 = VERTEX_POINT( '', #6340 );
#5014 = LINE( '', #6341, #6342 );
#5015 = LINE( '', #6343, #6344 );
#5016 = VERTEX_POINT( '', #6345 );
#5017 = LINE( '', #6346, #6347 );
#5018 = VERTEX_POINT( '', #6348 );
#5019 = LINE( '', #6349, #6350 );
#5020 = LINE( '', #6351, #6352 );
#5021 = FILL_AREA_STYLE_COLOUR( '', #6353 );
#5022 = VERTEX_POINT( '', #6354 );
#5023 = VERTEX_POINT( '', #6355 );
#5024 = LINE( '', #6356, #6357 );
#5025 = VERTEX_POINT( '', #6358 );
#5026 = LINE( '', #6359, #6360 );
#5027 = VERTEX_POINT( '', #6361 );
#5028 = LINE( '', #6362, #6363 );
#5029 = LINE( '', #6364, #6365 );
#5030 = FILL_AREA_STYLE_COLOUR( '', #6366 );
#5031 = VERTEX_POINT( '', #6367 );
#5032 = VERTEX_POINT( '', #6368 );
#5033 = LINE( '', #6369, #6370 );
#5034 = LINE( '', #6371, #6372 );
#5035 = LINE( '', #6373, #6374 );
#5036 = FILL_AREA_STYLE_COLOUR( '', #6375 );
#5037 = VERTEX_POINT( '', #6376 );
#5038 = LINE( '', #6377, #6378 );
#5039 = VERTEX_POINT( '', #6379 );
#5040 = LINE( '', #6380, #6381 );
#5041 = VERTEX_POINT( '', #6382 );
#5042 = LINE( '', #6383, #6384 );
#5043 = LINE( '', #6385, #6386 );
#5044 = FILL_AREA_STYLE_COLOUR( '', #6387 );
#5045 = VERTEX_POINT( '', #6388 );
#5046 = LINE( '', #6389, #6390 );
#5047 = VERTEX_POINT( '', #6391 );
#5048 = LINE( '', #6392, #6393 );
#5049 = LINE( '', #6394, #6395 );
#5050 = FILL_AREA_STYLE_COLOUR( '', #6396 );
#5051 = VERTEX_POINT( '', #6397 );
#5052 = VERTEX_POINT( '', #6398 );
#5053 = LINE( '', #6399, #6400 );
#5054 = LINE( '', #6401, #6402 );
#5055 = LINE( '', #6403, #6404 );
#5056 = FILL_AREA_STYLE_COLOUR( '', #6405 );
#5057 = VERTEX_POINT( '', #6406 );
#5058 = LINE( '', #6407, #6408 );
#5059 = VERTEX_POINT( '', #6409 );
#5060 = LINE( '', #6410, #6411 );
#5061 = LINE( '', #6412, #6413 );
#5062 = FILL_AREA_STYLE_COLOUR( '', #6414 );
#5063 = VERTEX_POINT( '', #6415 );
#5064 = LINE( '', #6416, #6417 );
#5065 = VERTEX_POINT( '', #6418 );
#5066 = LINE( '', #6419, #6420 );
#5067 = LINE( '', #6421, #6422 );
#5068 = FILL_AREA_STYLE_COLOUR( '', #6423 );
#5069 = VERTEX_POINT( '', #6424 );
#5070 = LINE( '', #6425, #6426 );
#5071 = VERTEX_POINT( '', #6427 );
#5072 = LINE( '', #6428, #6429 );
#5073 = LINE( '', #6430, #6431 );
#5074 = FILL_AREA_STYLE_COLOUR( '', #6432 );
#5075 = VERTEX_POINT( '', #6433 );
#5076 = VERTEX_POINT( '', #6434 );
#5077 = LINE( '', #6435, #6436 );
#5078 = VERTEX_POINT( '', #6437 );
#5079 = LINE( '', #6438, #6439 );
#5080 = VERTEX_POINT( '', #6440 );
#5081 = LINE( '', #6441, #6442 );
#5082 = LINE( '', #6443, #6444 );
#5083 = FILL_AREA_STYLE_COLOUR( '', #6445 );
#5084 = VERTEX_POINT( '', #6446 );
#5085 = VERTEX_POINT( '', #6447 );
#5086 = LINE( '', #6448, #6449 );
#5087 = VERTEX_POINT( '', #6450 );
#5088 = LINE( '', #6451, #6452 );
#5089 = VERTEX_POINT( '', #6453 );
#5090 = LINE( '', #6454, #6455 );
#5091 = LINE( '', #6456, #6457 );
#5092 = FILL_AREA_STYLE_COLOUR( '', #6458 );
#5093 = VERTEX_POINT( '', #6459 );
#5094 = LINE( '', #6460, #6461 );
#5095 = LINE( '', #6462, #6463 );
#5096 = FILL_AREA_STYLE_COLOUR( '', #6464 );
#5097 = VERTEX_POINT( '', #6465 );
#5098 = VERTEX_POINT( '', #6466 );
#5099 = LINE( '', #6467, #6468 );
#5100 = VERTEX_POINT( '', #6469 );
#5101 = LINE( '', #6470, #6471 );
#5102 = VERTEX_POINT( '', #6472 );
#5103 = LINE( '', #6473, #6474 );
#5104 = VERTEX_POINT( '', #6475 );
#5105 = LINE( '', #6476, #6477 );
#5106 = LINE( '', #6478, #6479 );
#5107 = LINE( '', #6480, #6481 );
#5108 = LINE( '', #6482, #6483 );
#5109 = LINE( '', #6484, #6485 );
#5110 = FILL_AREA_STYLE_COLOUR( '', #6486 );
#5111 = VERTEX_POINT( '', #6487 );
#5112 = LINE( '', #6488, #6489 );
#5113 = VERTEX_POINT( '', #6490 );
#5114 = LINE( '', #6491, #6492 );
#5115 = LINE( '', #6493, #6494 );
#5116 = FILL_AREA_STYLE_COLOUR( '', #6495 );
#5117 = LINE( '', #6496, #6497 );
#5118 = FILL_AREA_STYLE_COLOUR( '', #6498 );
#5119 = VERTEX_POINT( '', #6499 );
#5120 = VERTEX_POINT( '', #6500 );
#5121 = LINE( '', #6501, #6502 );
#5122 = VERTEX_POINT( '', #6503 );
#5123 = LINE( '', #6504, #6505 );
#5124 = VERTEX_POINT( '', #6506 );
#5125 = LINE( '', #6507, #6508 );
#5126 = LINE( '', #6509, #6510 );
#5127 = FILL_AREA_STYLE_COLOUR( '', #6511 );
#5128 = VERTEX_POINT( '', #6512 );
#5129 = LINE( '', #6513, #6514 );
#5130 = VERTEX_POINT( '', #6515 );
#5131 = LINE( '', #6516, #6517 );
#5132 = CIRCLE( '', #6518, 0.0250000000000000 );
#5133 = FILL_AREA_STYLE_COLOUR( '', #6519 );
#5134 = VERTEX_POINT( '', #6520 );
#5135 = VERTEX_POINT( '', #6521 );
#5136 = LINE( '', #6522, #6523 );
#5137 = VERTEX_POINT( '', #6524 );
#5138 = LINE( '', #6525, #6526 );
#5139 = VERTEX_POINT( '', #6527 );
#5140 = LINE( '', #6528, #6529 );
#5141 = LINE( '', #6530, #6531 );
#5142 = FILL_AREA_STYLE_COLOUR( '', #6532 );
#5143 = VERTEX_POINT( '', #6533 );
#5144 = VERTEX_POINT( '', #6534 );
#5145 = LINE( '', #6535, #6536 );
#5146 = LINE( '', #6537, #6538 );
#5147 = VERTEX_POINT( '', #6539 );
#5148 = LINE( '', #6540, #6541 );
#5149 = VERTEX_POINT( '', #6542 );
#5150 = LINE( '', #6543, #6544 );
#5151 = VERTEX_POINT( '', #6545 );
#5152 = LINE( '', #6546, #6547 );
#5153 = VERTEX_POINT( '', #6548 );
#5154 = LINE( '', #6549, #6550 );
#5155 = VERTEX_POINT( '', #6551 );
#5156 = LINE( '', #6552, #6553 );
#5157 = VERTEX_POINT( '', #6554 );
#5158 = CIRCLE( '', #6555, 0.0500000000000000 );
#5159 = VERTEX_POINT( '', #6556 );
#5160 = LINE( '', #6557, #6558 );
#5161 = VERTEX_POINT( '', #6559 );
#5162 = LINE( '', #6560, #6561 );
#5163 = LINE( '', #6562, #6563 );
#5164 = VERTEX_POINT( '', #6564 );
#5165 = LINE( '', #6565, #6566 );
#5166 = VERTEX_POINT( '', #6567 );
#5167 = LINE( '', #6568, #6569 );
#5168 = VERTEX_POINT( '', #6570 );
#5169 = LINE( '', #6571, #6572 );
#5170 = VERTEX_POINT( '', #6573 );
#5171 = LINE( '', #6574, #6575 );
#5172 = VERTEX_POINT( '', #6576 );
#5173 = LINE( '', #6577, #6578 );
#5174 = CIRCLE( '', #6579, 0.0500000000000000 );
#5175 = VERTEX_POINT( '', #6580 );
#5176 = LINE( '', #6581, #6582 );
#5177 = VERTEX_POINT( '', #6583 );
#5178 = LINE( '', #6584, #6585 );
#5179 = VERTEX_POINT( '', #6586 );
#5180 = LINE( '', #6587, #6588 );
#5181 = VERTEX_POINT( '', #6589 );
#5182 = LINE( '', #6590, #6591 );
#5183 = VERTEX_POINT( '', #6592 );
#5184 = LINE( '', #6593, #6594 );
#5185 = VERTEX_POINT( '', #6595 );
#5186 = LINE( '', #6596, #6597 );
#5187 = VERTEX_POINT( '', #6598 );
#5188 = LINE( '', #6599, #6600 );
#5189 = LINE( '', #6601, #6602 );
#5190 = FILL_AREA_STYLE_COLOUR( '', #6603 );
#5191 = VERTEX_POINT( '', #6604 );
#5192 = LINE( '', #6605, #6606 );
#5193 = VERTEX_POINT( '', #6607 );
#5194 = LINE( '', #6608, #6609 );
#5195 = VERTEX_POINT( '', #6610 );
#5196 = LINE( '', #6611, #6612 );
#5197 = VERTEX_POINT( '', #6613 );
#5198 = LINE( '', #6614, #6615 );
#5199 = VERTEX_POINT( '', #6616 );
#5200 = LINE( '', #6617, #6618 );
#5201 = VERTEX_POINT( '', #6619 );
#5202 = LINE( '', #6620, #6621 );
#5203 = VERTEX_POINT( '', #6622 );
#5204 = LINE( '', #6623, #6624 );
#5205 = VERTEX_POINT( '', #6625 );
#5206 = LINE( '', #6626, #6627 );
#5207 = LINE( '', #6628, #6629 );
#5208 = FILL_AREA_STYLE_COLOUR( '', #6630 );
#5209 = VERTEX_POINT( '', #6631 );
#5210 = LINE( '', #6632, #6633 );
#5211 = VERTEX_POINT( '', #6634 );
#5212 = LINE( '', #6635, #6636 );
#5213 = LINE( '', #6637, #6638 );
#5214 = FILL_AREA_STYLE_COLOUR( '', #6639 );
#5215 = VERTEX_POINT( '', #6640 );
#5216 = LINE( '', #6641, #6642 );
#5217 = VERTEX_POINT( '', #6643 );
#5218 = LINE( '', #6644, #6645 );
#5219 = LINE( '', #6646, #6647 );
#5220 = FILL_AREA_STYLE_COLOUR( '', #6648 );
#5221 = VERTEX_POINT( '', #6649 );
#5222 = LINE( '', #6650, #6651 );
#5223 = VERTEX_POINT( '', #6652 );
#5224 = LINE( '', #6653, #6654 );
#5225 = LINE( '', #6655, #6656 );
#5226 = FILL_AREA_STYLE_COLOUR( '', #6657 );
#5227 = VERTEX_POINT( '', #6658 );
#5228 = VERTEX_POINT( '', #6659 );
#5229 = LINE( '', #6660, #6661 );
#5230 = VERTEX_POINT( '', #6662 );
#5231 = CIRCLE( '', #6663, 0.0250000000000000 );
#5232 = VERTEX_POINT( '', #6664 );
#5233 = LINE( '', #6665, #6666 );
#5234 = CIRCLE( '', #6667, 0.0250000000000000 );
#5235 = FILL_AREA_STYLE_COLOUR( '', #6668 );
#5236 = VERTEX_POINT( '', #6669 );
#5237 = LINE( '', #6670, #6671 );
#5238 = VERTEX_POINT( '', #6672 );
#5239 = LINE( '', #6673, #6674 );
#5240 = LINE( '', #6675, #6676 );
#5241 = FILL_AREA_STYLE_COLOUR( '', #6677 );
#5242 = VERTEX_POINT( '', #6678 );
#5243 = VERTEX_POINT( '', #6679 );
#5244 = LINE( '', #6680, #6681 );
#5245 = VERTEX_POINT( '', #6682 );
#5246 = LINE( '', #6683, #6684 );
#5247 = VERTEX_POINT( '', #6685 );
#5248 = LINE( '', #6686, #6687 );
#5249 = LINE( '', #6688, #6689 );
#5250 = VERTEX_POINT( '', #6690 );
#5251 = LINE( '', #6691, #6692 );
#5252 = LINE( '', #6693, #6694 );
#5253 = VERTEX_POINT( '', #6695 );
#5254 = LINE( '', #6696, #6697 );
#5255 = LINE( '', #6698, #6699 );
#5256 = FILL_AREA_STYLE_COLOUR( '', #6700 );
#5257 = VERTEX_POINT( '', #6701 );
#5258 = LINE( '', #6702, #6703 );
#5259 = LINE( '', #6704, #6705 );
#5260 = FILL_AREA_STYLE_COLOUR( '', #6706 );
#5261 = VERTEX_POINT( '', #6707 );
#5262 = LINE( '', #6708, #6709 );
#5263 = VERTEX_POINT( '', #6710 );
#5264 = LINE( '', #6711, #6712 );
#5265 = LINE( '', #6713, #6714 );
#5266 = FILL_AREA_STYLE_COLOUR( '', #6715 );
#5267 = LINE( '', #6716, #6717 );
#5268 = FILL_AREA_STYLE_COLOUR( '', #6718 );
#5269 = VERTEX_POINT( '', #6719 );
#5270 = LINE( '', #6720, #6721 );
#5271 = LINE( '', #6722, #6723 );
#5272 = FILL_AREA_STYLE_COLOUR( '', #6724 );
#5273 = VERTEX_POINT( '', #6725 );
#5274 = VERTEX_POINT( '', #6726 );
#5275 = LINE( '', #6727, #6728 );
#5276 = VERTEX_POINT( '', #6729 );
#5277 = LINE( '', #6730, #6731 );
#5278 = VERTEX_POINT( '', #6732 );
#5279 = LINE( '', #6733, #6734 );
#5280 = VERTEX_POINT( '', #6735 );
#5281 = CIRCLE( '', #6736, 0.0250000000000000 );
#5282 = VERTEX_POINT( '', #6737 );
#5283 = LINE( '', #6738, #6739 );
#5284 = LINE( '', #6740, #6741 );
#5285 = VERTEX_POINT( '', #6742 );
#5286 = LINE( '', #6743, #6744 );
#5287 = CIRCLE( '', #6745, 0.0500000000000000 );
#5288 = FILL_AREA_STYLE_COLOUR( '', #6746 );
#5289 = VERTEX_POINT( '', #6747 );
#5290 = LINE( '', #6748, #6749 );
#5291 = VERTEX_POINT( '', #6750 );
#5292 = LINE( '', #6751, #6752 );
#5293 = LINE( '', #6753, #6754 );
#5294 = FILL_AREA_STYLE_COLOUR( '', #6755 );
#5295 = VERTEX_POINT( '', #6756 );
#5296 = LINE( '', #6757, #6758 );
#5297 = LINE( '', #6759, #6760 );
#5298 = FILL_AREA_STYLE_COLOUR( '', #6761 );
#5299 = VERTEX_POINT( '', #6762 );
#5300 = VERTEX_POINT( '', #6763 );
#5301 = LINE( '', #6764, #6765 );
#5302 = LINE( '', #6766, #6767 );
#5303 = LINE( '', #6768, #6769 );
#5304 = VERTEX_POINT( '', #6770 );
#5305 = LINE( '', #6771, #6772 );
#5306 = VERTEX_POINT( '', #6773 );
#5307 = LINE( '', #6774, #6775 );
#5308 = LINE( '', #6776, #6777 );
#5309 = FILL_AREA_STYLE_COLOUR( '', #6778 );
#5310 = VERTEX_POINT( '', #6779 );
#5311 = LINE( '', #6780, #6781 );
#5312 = VERTEX_POINT( '', #6782 );
#5313 = LINE( '', #6783, #6784 );
#5314 = LINE( '', #6785, #6786 );
#5315 = FILL_AREA_STYLE_COLOUR( '', #6787 );
#5316 = VERTEX_POINT( '', #6788 );
#5317 = LINE( '', #6789, #6790 );
#5318 = LINE( '', #6791, #6792 );
#5319 = FILL_AREA_STYLE_COLOUR( '', #6793 );
#5320 = VERTEX_POINT( '', #6794 );
#5321 = VERTEX_POINT( '', #6795 );
#5322 = LINE( '', #6796, #6797 );
#5323 = LINE( '', #6798, #6799 );
#5324 = LINE( '', #6800, #6801 );
#5325 = FILL_AREA_STYLE_COLOUR( '', #6802 );
#5326 = VERTEX_POINT( '', #6803 );
#5327 = VERTEX_POINT( '', #6804 );
#5328 = LINE( '', #6805, #6806 );
#5329 = VERTEX_POINT( '', #6807 );
#5330 = LINE( '', #6808, #6809 );
#5331 = VERTEX_POINT( '', #6810 );
#5332 = LINE( '', #6811, #6812 );
#5333 = LINE( '', #6813, #6814 );
#5334 = FILL_AREA_STYLE_COLOUR( '', #6815 );
#5335 = VERTEX_POINT( '', #6816 );
#5336 = LINE( '', #6817, #6818 );
#5337 = LINE( '', #6819, #6820 );
#5338 = FILL_AREA_STYLE_COLOUR( '', #6821 );
#5339 = VERTEX_POINT( '', #6822 );
#5340 = LINE( '', #6823, #6824 );
#5341 = VERTEX_POINT( '', #6825 );
#5342 = LINE( '', #6826, #6827 );
#5343 = LINE( '', #6828, #6829 );
#5344 = FILL_AREA_STYLE_COLOUR( '', #6830 );
#5345 = VERTEX_POINT( '', #6831 );
#5346 = VERTEX_POINT( '', #6832 );
#5347 = LINE( '', #6833, #6834 );
#5348 = VERTEX_POINT( '', #6835 );
#5349 = LINE( '', #6836, #6837 );
#5350 = VERTEX_POINT( '', #6838 );
#5351 = LINE( '', #6839, #6840 );
#5352 = LINE( '', #6841, #6842 );
#5353 = FILL_AREA_STYLE_COLOUR( '', #6843 );
#5354 = LINE( '', #6844, #6845 );
#5355 = FILL_AREA_STYLE_COLOUR( '', #6846 );
#5356 = LINE( '', #6847, #6848 );
#5357 = LINE( '', #6849, #6850 );
#5358 = FILL_AREA_STYLE_COLOUR( '', #6851 );
#5359 = VERTEX_POINT( '', #6852 );
#5360 = VERTEX_POINT( '', #6853 );
#5361 = LINE( '', #6854, #6855 );
#5362 = LINE( '', #6856, #6857 );
#5363 = LINE( '', #6858, #6859 );
#5364 = FILL_AREA_STYLE_COLOUR( '', #6860 );
#5365 = VERTEX_POINT( '', #6861 );
#5366 = VERTEX_POINT( '', #6862 );
#5367 = LINE( '', #6863, #6864 );
#5368 = VERTEX_POINT( '', #6865 );
#5369 = LINE( '', #6866, #6867 );
#5370 = VERTEX_POINT( '', #6868 );
#5371 = LINE( '', #6869, #6870 );
#5372 = LINE( '', #6871, #6872 );
#5373 = FILL_AREA_STYLE_COLOUR( '', #6873 );
#5374 = VERTEX_POINT( '', #6874 );
#5375 = VERTEX_POINT( '', #6875 );
#5376 = LINE( '', #6876, #6877 );
#5377 = VERTEX_POINT( '', #6878 );
#5378 = LINE( '', #6879, #6880 );
#5379 = VERTEX_POINT( '', #6881 );
#5380 = LINE( '', #6882, #6883 );
#5381 = LINE( '', #6884, #6885 );
#5382 = FILL_AREA_STYLE_COLOUR( '', #6886 );
#5383 = VERTEX_POINT( '', #6887 );
#5384 = LINE( '', #6888, #6889 );
#5385 = LINE( '', #6890, #6891 );
#5386 = FILL_AREA_STYLE_COLOUR( '', #6892 );
#5387 = VERTEX_POINT( '', #6893 );
#5388 = VERTEX_POINT( '', #6894 );
#5389 = LINE( '', #6895, #6896 );
#5390 = VERTEX_POINT( '', #6897 );
#5391 = LINE( '', #6898, #6899 );
#5392 = VERTEX_POINT( '', #6900 );
#5393 = LINE( '', #6901, #6902 );
#5394 = LINE( '', #6903, #6904 );
#5395 = FILL_AREA_STYLE_COLOUR( '', #6905 );
#5396 = VERTEX_POINT( '', #6906 );
#5397 = CIRCLE( '', #6907, 0.0500000000000000 );
#5398 = VERTEX_POINT( '', #6908 );
#5399 = LINE( '', #6909, #6910 );
#5400 = VERTEX_POINT( '', #6911 );
#5401 = LINE( '', #6912, #6913 );
#5402 = VERTEX_POINT( '', #6914 );
#5403 = LINE( '', #6915, #6916 );
#5404 = VERTEX_POINT( '', #6917 );
#5405 = LINE( '', #6918, #6919 );
#5406 = LINE( '', #6920, #6921 );
#5407 = VERTEX_POINT( '', #6922 );
#5408 = LINE( '', #6923, #6924 );
#5409 = LINE( '', #6925, #6926 );
#5410 = FILL_AREA_STYLE_COLOUR( '', #6927 );
#5411 = LINE( '', #6928, #6929 );
#5412 = FILL_AREA_STYLE_COLOUR( '', #6930 );
#5413 = VERTEX_POINT( '', #6931 );
#5414 = LINE( '', #6932, #6933 );
#5415 = VERTEX_POINT( '', #6934 );
#5416 = LINE( '', #6935, #6936 );
#5417 = VERTEX_POINT( '', #6937 );
#5418 = LINE( '', #6938, #6939 );
#5419 = LINE( '', #6940, #6941 );
#5420 = VERTEX_POINT( '', #6942 );
#5421 = LINE( '', #6943, #6944 );
#5422 = LINE( '', #6945, #6946 );
#5423 = LINE( '', #6947, #6948 );
#5424 = FILL_AREA_STYLE_COLOUR( '', #6949 );
#5425 = LINE( '', #6950, #6951 );
#5426 = LINE( '', #6952, #6953 );
#5427 = FILL_AREA_STYLE_COLOUR( '', #6954 );
#5428 = VERTEX_POINT( '', #6955 );
#5429 = VERTEX_POINT( '', #6956 );
#5430 = LINE( '', #6957, #6958 );
#5431 = VERTEX_POINT( '', #6959 );
#5432 = LINE( '', #6960, #6961 );
#5433 = VERTEX_POINT( '', #6962 );
#5434 = LINE( '', #6963, #6964 );
#5435 = LINE( '', #6965, #6966 );
#5436 = FILL_AREA_STYLE_COLOUR( '', #6967 );
#5437 = VERTEX_POINT( '', #6968 );
#5438 = LINE( '', #6969, #6970 );
#5439 = LINE( '', #6971, #6972 );
#5440 = FILL_AREA_STYLE_COLOUR( '', #6973 );
#5441 = VERTEX_POINT( '', #6974 );
#5442 = LINE( '', #6975, #6976 );
#5443 = LINE( '', #6977, #6978 );
#5444 = FILL_AREA_STYLE_COLOUR( '', #6979 );
#5445 = VERTEX_POINT( '', #6980 );
#5446 = LINE( '', #6981, #6982 );
#5447 = LINE( '', #6983, #6984 );
#5448 = FILL_AREA_STYLE_COLOUR( '', #6985 );
#5449 = VERTEX_POINT( '', #6986 );
#5450 = LINE( '', #6987, #6988 );
#5451 = LINE( '', #6989, #6990 );
#5452 = LINE( '', #6991, #6992 );
#5453 = VERTEX_POINT( '', #6993 );
#5454 = LINE( '', #6994, #6995 );
#5455 = VERTEX_POINT( '', #6996 );
#5456 = LINE( '', #6997, #6998 );
#5457 = VERTEX_POINT( '', #6999 );
#5458 = LINE( '', #7000, #7001 );
#5459 = LINE( '', #7002, #7003 );
#5460 = FILL_AREA_STYLE_COLOUR( '', #7004 );
#5461 = LINE( '', #7005, #7006 );
#5462 = FILL_AREA_STYLE_COLOUR( '', #7007 );
#5463 = VERTEX_POINT( '', #7008 );
#5464 = VERTEX_POINT( '', #7009 );
#5465 = LINE( '', #7010, #7011 );
#5466 = VERTEX_POINT( '', #7012 );
#5467 = LINE( '', #7013, #7014 );
#5468 = VERTEX_POINT( '', #7015 );
#5469 = LINE( '', #7016, #7017 );
#5470 = LINE( '', #7018, #7019 );
#5471 = FILL_AREA_STYLE_COLOUR( '', #7020 );
#5472 = VERTEX_POINT( '', #7021 );
#5473 = LINE( '', #7022, #7023 );
#5474 = VERTEX_POINT( '', #7024 );
#5475 = LINE( '', #7025, #7026 );
#5476 = VERTEX_POINT( '', #7027 );
#5477 = LINE( '', #7028, #7029 );
#5478 = VERTEX_POINT( '', #7030 );
#5479 = LINE( '', #7031, #7032 );
#5480 = VERTEX_POINT( '', #7033 );
#5481 = LINE( '', #7034, #7035 );
#5482 = VERTEX_POINT( '', #7036 );
#5483 = LINE( '', #7037, #7038 );
#5484 = VERTEX_POINT( '', #7039 );
#5485 = LINE( '', #7040, #7041 );
#5486 = VERTEX_POINT( '', #7042 );
#5487 = LINE( '', #7043, #7044 );
#5488 = LINE( '', #7045, #7046 );
#5489 = FILL_AREA_STYLE_COLOUR( '', #7047 );
#5490 = VERTEX_POINT( '', #7048 );
#5491 = LINE( '', #7049, #7050 );
#5492 = VERTEX_POINT( '', #7051 );
#5493 = LINE( '', #7052, #7053 );
#5494 = LINE( '', #7054, #7055 );
#5495 = FILL_AREA_STYLE_COLOUR( '', #7056 );
#5496 = LINE( '', #7057, #7058 );
#5497 = FILL_AREA_STYLE_COLOUR( '', #7059 );
#5498 = FILL_AREA_STYLE_COLOUR( '', #7060 );
#5499 = LINE( '', #7061, #7062 );
#5500 = LINE( '', #7063, #7064 );
#5501 = FILL_AREA_STYLE_COLOUR( '', #7065 );
#5502 = LINE( '', #7066, #7067 );
#5503 = LINE( '', #7068, #7069 );
#5504 = FILL_AREA_STYLE_COLOUR( '', #7070 );
#5505 = VERTEX_POINT( '', #7071 );
#5506 = CIRCLE( '', #7072, 0.0500000000000000 );
#5507 = VERTEX_POINT( '', #7073 );
#5508 = LINE( '', #7074, #7075 );
#5509 = VERTEX_POINT( '', #7076 );
#5510 = LINE( '', #7077, #7078 );
#5511 = LINE( '', #7079, #7080 );
#5512 = VERTEX_POINT( '', #7081 );
#5513 = LINE( '', #7082, #7083 );
#5514 = LINE( '', #7084, #7085 );
#5515 = FILL_AREA_STYLE_COLOUR( '', #7086 );
#5516 = VERTEX_POINT( '', #7087 );
#5517 = LINE( '', #7088, #7089 );
#5518 = VERTEX_POINT( '', #7090 );
#5519 = LINE( '', #7091, #7092 );
#5520 = LINE( '', #7093, #7094 );
#5521 = FILL_AREA_STYLE_COLOUR( '', #7095 );
#5522 = LINE( '', #7096, #7097 );
#5523 = LINE( '', #7098, #7099 );
#5524 = FILL_AREA_STYLE_COLOUR( '', #7100 );
#5525 = VERTEX_POINT( '', #7101 );
#5526 = LINE( '', #7102, #7103 );
#5527 = LINE( '', #7104, #7105 );
#5528 = FILL_AREA_STYLE_COLOUR( '', #7106 );
#5529 = VERTEX_POINT( '', #7107 );
#5530 = LINE( '', #7108, #7109 );
#5531 = LINE( '', #7110, #7111 );
#5532 = FILL_AREA_STYLE_COLOUR( '', #7112 );
#5533 = VERTEX_POINT( '', #7113 );
#5534 = CIRCLE( '', #7114, 0.0500000000000000 );
#5535 = VERTEX_POINT( '', #7115 );
#5536 = LINE( '', #7116, #7117 );
#5537 = VERTEX_POINT( '', #7118 );
#5538 = LINE( '', #7119, #7120 );
#5539 = VERTEX_POINT( '', #7121 );
#5540 = LINE( '', #7122, #7123 );
#5541 = VERTEX_POINT( '', #7124 );
#5542 = LINE( '', #7125, #7126 );
#5543 = VERTEX_POINT( '', #7127 );
#5544 = LINE( '', #7128, #7129 );
#5545 = CIRCLE( '', #7130, 0.0250000000000000 );
#5546 = LINE( '', #7131, #7132 );
#5547 = FILL_AREA_STYLE_COLOUR( '', #7133 );
#5548 = CIRCLE( '', #7134, 0.0500000000000000 );
#5549 = FILL_AREA_STYLE_COLOUR( '', #7135 );
#5550 = VERTEX_POINT( '', #7136 );
#5551 = LINE( '', #7137, #7138 );
#5552 = VERTEX_POINT( '', #7139 );
#5553 = LINE( '', #7140, #7141 );
#5554 = LINE( '', #7142, #7143 );
#5555 = FILL_AREA_STYLE_COLOUR( '', #7144 );
#5556 = LINE( '', #7145, #7146 );
#5557 = FILL_AREA_STYLE_COLOUR( '', #7147 );
#5558 = VERTEX_POINT( '', #7148 );
#5559 = LINE( '', #7149, #7150 );
#5560 = VERTEX_POINT( '', #7151 );
#5561 = LINE( '', #7152, #7153 );
#5562 = LINE( '', #7154, #7155 );
#5563 = FILL_AREA_STYLE_COLOUR( '', #7156 );
#5564 = VERTEX_POINT( '', #7157 );
#5565 = LINE( '', #7158, #7159 );
#5566 = VERTEX_POINT( '', #7160 );
#5567 = LINE( '', #7161, #7162 );
#5568 = LINE( '', #7163, #7164 );
#5569 = FILL_AREA_STYLE_COLOUR( '', #7165 );
#5570 = LINE( '', #7166, #7167 );
#5571 = LINE( '', #7168, #7169 );
#5572 = FILL_AREA_STYLE_COLOUR( '', #7170 );
#5573 = LINE( '', #7171, #7172 );
#5574 = LINE( '', #7173, #7174 );
#5575 = FILL_AREA_STYLE_COLOUR( '', #7175 );
#5576 = LINE( '', #7176, #7177 );
#5577 = FILL_AREA_STYLE_COLOUR( '', #7178 );
#5578 = VERTEX_POINT( '', #7179 );
#5579 = LINE( '', #7180, #7181 );
#5580 = VERTEX_POINT( '', #7182 );
#5581 = LINE( '', #7183, #7184 );
#5582 = VERTEX_POINT( '', #7185 );
#5583 = LINE( '', #7186, #7187 );
#5584 = LINE( '', #7188, #7189 );
#5585 = FILL_AREA_STYLE_COLOUR( '', #7190 );
#5586 = VERTEX_POINT( '', #7191 );
#5587 = LINE( '', #7192, #7193 );
#5588 = LINE( '', #7194, #7195 );
#5589 = VERTEX_POINT( '', #7196 );
#5590 = LINE( '', #7197, #7198 );
#5591 = VERTEX_POINT( '', #7199 );
#5592 = LINE( '', #7200, #7201 );
#5593 = LINE( '', #7202, #7203 );
#5594 = VERTEX_POINT( '', #7204 );
#5595 = LINE( '', #7205, #7206 );
#5596 = VERTEX_POINT( '', #7207 );
#5597 = LINE( '', #7208, #7209 );
#5598 = LINE( '', #7210, #7211 );
#5599 = FILL_AREA_STYLE_COLOUR( '', #7212 );
#5600 = LINE( '', #7213, #7214 );
#5601 = LINE( '', #7215, #7216 );
#5602 = FILL_AREA_STYLE_COLOUR( '', #7217 );
#5603 = VERTEX_POINT( '', #7218 );
#5604 = LINE( '', #7219, #7220 );
#5605 = LINE( '', #7221, #7222 );
#5606 = FILL_AREA_STYLE_COLOUR( '', #7223 );
#5607 = LINE( '', #7224, #7225 );
#5608 = FILL_AREA_STYLE_COLOUR( '', #7226 );
#5609 = VERTEX_POINT( '', #7227 );
#5610 = LINE( '', #7228, #7229 );
#5611 = VERTEX_POINT( '', #7230 );
#5612 = LINE( '', #7231, #7232 );
#5613 = LINE( '', #7233, #7234 );
#5614 = FILL_AREA_STYLE_COLOUR( '', #7235 );
#5615 = LINE( '', #7236, #7237 );
#5616 = FILL_AREA_STYLE_COLOUR( '', #7238 );
#5617 = VERTEX_POINT( '', #7239 );
#5618 = LINE( '', #7240, #7241 );
#5619 = VERTEX_POINT( '', #7242 );
#5620 = LINE( '', #7243, #7244 );
#5621 = LINE( '', #7245, #7246 );
#5622 = FILL_AREA_STYLE_COLOUR( '', #7247 );
#5623 = VERTEX_POINT( '', #7248 );
#5624 = LINE( '', #7249, #7250 );
#5625 = LINE( '', #7251, #7252 );
#5626 = FILL_AREA_STYLE_COLOUR( '', #7253 );
#5627 = VERTEX_POINT( '', #7254 );
#5628 = LINE( '', #7255, #7256 );
#5629 = VERTEX_POINT( '', #7257 );
#5630 = LINE( '', #7258, #7259 );
#5631 = VERTEX_POINT( '', #7260 );
#5632 = LINE( '', #7261, #7262 );
#5633 = LINE( '', #7263, #7264 );
#5634 = FILL_AREA_STYLE_COLOUR( '', #7265 );
#5635 = LINE( '', #7266, #7267 );
#5636 = FILL_AREA_STYLE_COLOUR( '', #7268 );
#5637 = VERTEX_POINT( '', #7269 );
#5638 = LINE( '', #7270, #7271 );
#5639 = VERTEX_POINT( '', #7272 );
#5640 = LINE( '', #7273, #7274 );
#5641 = LINE( '', #7275, #7276 );
#5642 = FILL_AREA_STYLE_COLOUR( '', #7277 );
#5643 = LINE( '', #7278, #7279 );
#5644 = FILL_AREA_STYLE_COLOUR( '', #7280 );
#5645 = LINE( '', #7281, #7282 );
#5646 = FILL_AREA_STYLE_COLOUR( '', #7283 );
#5647 = VERTEX_POINT( '', #7284 );
#5648 = LINE( '', #7285, #7286 );
#5649 = VERTEX_POINT( '', #7287 );
#5650 = LINE( '', #7288, #7289 );
#5651 = LINE( '', #7290, #7291 );
#5652 = FILL_AREA_STYLE_COLOUR( '', #7292 );
#5653 = VERTEX_POINT( '', #7293 );
#5654 = LINE( '', #7294, #7295 );
#5655 = VERTEX_POINT( '', #7296 );
#5656 = LINE( '', #7297, #7298 );
#5657 = CIRCLE( '', #7299, 0.0250000000000000 );
#5658 = FILL_AREA_STYLE_COLOUR( '', #7300 );
#5659 = LINE( '', #7301, #7302 );
#5660 = FILL_AREA_STYLE_COLOUR( '', #7303 );
#5661 = FILL_AREA_STYLE_COLOUR( '', #7304 );
#5662 = VERTEX_POINT( '', #7305 );
#5663 = LINE( '', #7306, #7307 );
#5664 = VERTEX_POINT( '', #7308 );
#5665 = LINE( '', #7309, #7310 );
#5666 = LINE( '', #7311, #7312 );
#5667 = FILL_AREA_STYLE_COLOUR( '', #7313 );
#5668 = LINE( '', #7314, #7315 );
#5669 = FILL_AREA_STYLE_COLOUR( '', #7316 );
#5670 = LINE( '', #7317, #7318 );
#5671 = FILL_AREA_STYLE_COLOUR( '', #7319 );
#5672 = LINE( '', #7320, #7321 );
#5673 = FILL_AREA_STYLE_COLOUR( '', #7322 );
#5674 = LINE( '', #7323, #7324 );
#5675 = FILL_AREA_STYLE_COLOUR( '', #7325 );
#5676 = VERTEX_POINT( '', #7326 );
#5677 = LINE( '', #7327, #7328 );
#5678 = LINE( '', #7329, #7330 );
#5679 = FILL_AREA_STYLE_COLOUR( '', #7331 );
#5680 = VERTEX_POINT( '', #7332 );
#5681 = LINE( '', #7333, #7334 );
#5682 = LINE( '', #7335, #7336 );
#5683 = FILL_AREA_STYLE_COLOUR( '', #7337 );
#5684 = LINE( '', #7338, #7339 );
#5685 = LINE( '', #7340, #7341 );
#5686 = FILL_AREA_STYLE_COLOUR( '', #7342 );
#5687 = VERTEX_POINT( '', #7343 );
#5688 = LINE( '', #7344, #7345 );
#5689 = LINE( '', #7346, #7347 );
#5690 = FILL_AREA_STYLE_COLOUR( '', #7348 );
#5691 = LINE( '', #7349, #7350 );
#5692 = FILL_AREA_STYLE_COLOUR( '', #7351 );
#5693 = LINE( '', #7352, #7353 );
#5694 = FILL_AREA_STYLE_COLOUR( '', #7354 );
#5695 = VERTEX_POINT( '', #7355 );
#5696 = LINE( '', #7356, #7357 );
#5697 = LINE( '', #7358, #7359 );
#5698 = FILL_AREA_STYLE_COLOUR( '', #7360 );
#5699 = VERTEX_POINT( '', #7361 );
#5700 = LINE( '', #7362, #7363 );
#5701 = LINE( '', #7364, #7365 );
#5702 = FILL_AREA_STYLE_COLOUR( '', #7366 );
#5703 = VERTEX_POINT( '', #7367 );
#5704 = LINE( '', #7368, #7369 );
#5705 = VERTEX_POINT( '', #7370 );
#5706 = LINE( '', #7371, #7372 );
#5707 = LINE( '', #7373, #7374 );
#5708 = FILL_AREA_STYLE_COLOUR( '', #7375 );
#5709 = VERTEX_POINT( '', #7376 );
#5710 = LINE( '', #7377, #7378 );
#5711 = VERTEX_POINT( '', #7379 );
#5712 = CIRCLE( '', #7380, 0.0500000000000000 );
#5713 = LINE( '', #7381, #7382 );
#5714 = FILL_AREA_STYLE_COLOUR( '', #7383 );
#5715 = LINE( '', #7384, #7385 );
#5716 = FILL_AREA_STYLE_COLOUR( '', #7386 );
#5717 = LINE( '', #7387, #7388 );
#5718 = FILL_AREA_STYLE_COLOUR( '', #7389 );
#5719 = VERTEX_POINT( '', #7390 );
#5720 = LINE( '', #7391, #7392 );
#5721 = VERTEX_POINT( '', #7393 );
#5722 = LINE( '', #7394, #7395 );
#5723 = LINE( '', #7396, #7397 );
#5724 = FILL_AREA_STYLE_COLOUR( '', #7398 );
#5725 = LINE( '', #7399, #7400 );
#5726 = FILL_AREA_STYLE_COLOUR( '', #7401 );
#5727 = LINE( '', #7402, #7403 );
#5728 = CIRCLE( '', #7404, 0.0250000000000000 );
#5729 = VERTEX_POINT( '', #7405 );
#5730 = LINE( '', #7406, #7407 );
#5731 = LINE( '', #7408, #7409 );
#5732 = VERTEX_POINT( '', #7410 );
#5733 = LINE( '', #7411, #7412 );
#5734 = CIRCLE( '', #7413, 0.0500000000000000 );
#5735 = FILL_AREA_STYLE_COLOUR( '', #7414 );
#5736 = LINE( '', #7415, #7416 );
#5737 = FILL_AREA_STYLE_COLOUR( '', #7417 );
#5738 = VERTEX_POINT( '', #7418 );
#5739 = LINE( '', #7419, #7420 );
#5740 = LINE( '', #7421, #7422 );
#5741 = LINE( '', #7423, #7424 );
#5742 = LINE( '', #7425, #7426 );
#5743 = LINE( '', #7427, #7428 );
#5744 = LINE( '', #7429, #7430 );
#5745 = LINE( '', #7431, #7432 );
#5746 = LINE( '', #7433, #7434 );
#5747 = LINE( '', #7435, #7436 );
#5748 = LINE( '', #7437, #7438 );
#5749 = LINE( '', #7439, #7440 );
#5750 = LINE( '', #7441, #7442 );
#5751 = VERTEX_POINT( '', #7443 );
#5752 = LINE( '', #7444, #7445 );
#5753 = LINE( '', #7446, #7447 );
#5754 = LINE( '', #7448, #7449 );
#5755 = LINE( '', #7450, #7451 );
#5756 = LINE( '', #7452, #7453 );
#5757 = FILL_AREA_STYLE_COLOUR( '', #7454 );
#5758 = LINE( '', #7455, #7456 );
#5759 = LINE( '', #7457, #7458 );
#5760 = FILL_AREA_STYLE_COLOUR( '', #7459 );
#5761 = LINE( '', #7460, #7461 );
#5762 = FILL_AREA_STYLE_COLOUR( '', #7462 );
#5763 = LINE( '', #7463, #7464 );
#5764 = LINE( '', #7465, #7466 );
#5765 = FILL_AREA_STYLE_COLOUR( '', #7467 );
#5766 = FILL_AREA_STYLE_COLOUR( '', #7468 );
#5767 = VERTEX_POINT( '', #7469 );
#5768 = LINE( '', #7470, #7471 );
#5769 = LINE( '', #7472, #7473 );
#5770 = FILL_AREA_STYLE_COLOUR( '', #7474 );
#5771 = FILL_AREA_STYLE_COLOUR( '', #7475 );
#5772 = FILL_AREA_STYLE_COLOUR( '', #7476 );
#5773 = LINE( '', #7477, #7478 );
#5774 = FILL_AREA_STYLE_COLOUR( '', #7479 );
#5775 = FILL_AREA_STYLE_COLOUR( '', #7480 );
#5776 = LINE( '', #7481, #7482 );
#5777 = LINE( '', #7483, #7484 );
#5778 = FILL_AREA_STYLE_COLOUR( '', #7485 );
#5779 = VERTEX_POINT( '', #7486 );
#5780 = LINE( '', #7487, #7488 );
#5781 = LINE( '', #7489, #7490 );
#5782 = LINE( '', #7491, #7492 );
#5783 = VERTEX_POINT( '', #7493 );
#5784 = CIRCLE( '', #7494, 0.0250000000000000 );
#5785 = VERTEX_POINT( '', #7495 );
#5786 = LINE( '', #7496, #7497 );
#5787 = VERTEX_POINT( '', #7498 );
#5788 = LINE( '', #7499, #7500 );
#5789 = LINE( '', #7501, #7502 );
#5790 = FILL_AREA_STYLE_COLOUR( '', #7503 );
#5791 = FILL_AREA_STYLE_COLOUR( '', #7504 );
#5792 = LINE( '', #7505, #7506 );
#5793 = FILL_AREA_STYLE_COLOUR( '', #7507 );
#5794 = FILL_AREA_STYLE_COLOUR( '', #7508 );
#5795 = LINE( '', #7509, #7510 );
#5796 = FILL_AREA_STYLE_COLOUR( '', #7511 );
#5797 = LINE( '', #7512, #7513 );
#5798 = FILL_AREA_STYLE_COLOUR( '', #7514 );
#5799 = LINE( '', #7515, #7516 );
#5800 = FILL_AREA_STYLE_COLOUR( '', #7517 );
#5801 = LINE( '', #7518, #7519 );
#5802 = FILL_AREA_STYLE_COLOUR( '', #7520 );
#5803 = FILL_AREA_STYLE_COLOUR( '', #7521 );
#5804 = LINE( '', #7522, #7523 );
#5805 = FILL_AREA_STYLE_COLOUR( '', #7524 );
#5806 = LINE( '', #7525, #7526 );
#5807 = FILL_AREA_STYLE_COLOUR( '', #7527 );
#5808 = LINE( '', #7528, #7529 );
#5809 = FILL_AREA_STYLE_COLOUR( '', #7530 );
#5810 = FILL_AREA_STYLE_COLOUR( '', #7531 );
#5811 = VERTEX_POINT( '', #7532 );
#5812 = LINE( '', #7533, #7534 );
#5813 = LINE( '', #7535, #7536 );
#5814 = LINE( '', #7537, #7538 );
#5815 = FILL_AREA_STYLE_COLOUR( '', #7539 );
#5816 = LINE( '', #7540, #7541 );
#5817 = FILL_AREA_STYLE_COLOUR( '', #7542 );
#5818 = FILL_AREA_STYLE_COLOUR( '', #7543 );
#5819 = LINE( '', #7544, #7545 );
#5820 = FILL_AREA_STYLE_COLOUR( '', #7546 );
#5821 = LINE( '', #7547, #7548 );
#5822 = FILL_AREA_STYLE_COLOUR( '', #7549 );
#5823 = LINE( '', #7550, #7551 );
#5824 = FILL_AREA_STYLE_COLOUR( '', #7552 );
#5825 = VERTEX_POINT( '', #7553 );
#5826 = LINE( '', #7554, #7555 );
#5827 = LINE( '', #7556, #7557 );
#5828 = VERTEX_POINT( '', #7558 );
#5829 = LINE( '', #7559, #7560 );
#5830 = LINE( '', #7561, #7562 );
#5831 = FILL_AREA_STYLE_COLOUR( '', #7563 );
#5832 = LINE( '', #7564, #7565 );
#5833 = FILL_AREA_STYLE_COLOUR( '', #7566 );
#5834 = LINE( '', #7567, #7568 );
#5835 = FILL_AREA_STYLE_COLOUR( '', #7569 );
#5836 = LINE( '', #7570, #7571 );
#5837 = FILL_AREA_STYLE_COLOUR( '', #7572 );
#5838 = FILL_AREA_STYLE_COLOUR( '', #7573 );
#5839 = FILL_AREA_STYLE_COLOUR( '', #7574 );
#5840 = LINE( '', #7575, #7576 );
#5841 = FILL_AREA_STYLE_COLOUR( '', #7577 );
#5842 = LINE( '', #7578, #7579 );
#5843 = FILL_AREA_STYLE_COLOUR( '', #7580 );
#5844 = VERTEX_POINT( '', #7581 );
#5845 = LINE( '', #7582, #7583 );
#5846 = LINE( '', #7584, #7585 );
#5847 = LINE( '', #7586, #7587 );
#5848 = FILL_AREA_STYLE_COLOUR( '', #7588 );
#5849 = FILL_AREA_STYLE_COLOUR( '', #7589 );
#5850 = FILL_AREA_STYLE_COLOUR( '', #7590 );
#5851 = LINE( '', #7591, #7592 );
#5852 = LINE( '', #7593, #7594 );
#5853 = LINE( '', #7595, #7596 );
#5854 = FILL_AREA_STYLE_COLOUR( '', #7597 );
#5855 = LINE( '', #7598, #7599 );
#5856 = FILL_AREA_STYLE_COLOUR( '', #7600 );
#5857 = FILL_AREA_STYLE_COLOUR( '', #7601 );
#5858 = FILL_AREA_STYLE_COLOUR( '', #7602 );
#5859 = FILL_AREA_STYLE_COLOUR( '', #7603 );
#5860 = FILL_AREA_STYLE_COLOUR( '', #7604 );
#5861 = FILL_AREA_STYLE_COLOUR( '', #7605 );
#5862 = CIRCLE( '', #7606, 0.0500000000000000 );
#5863 = FILL_AREA_STYLE_COLOUR( '', #7607 );
#5864 = LINE( '', #7608, #7609 );
#5865 = FILL_AREA_STYLE_COLOUR( '', #7610 );
#5866 = FILL_AREA_STYLE_COLOUR( '', #7611 );
#5867 = FILL_AREA_STYLE_COLOUR( '', #7612 );
#5868 = FILL_AREA_STYLE_COLOUR( '', #7613 );
#5869 = FILL_AREA_STYLE_COLOUR( '', #7614 );
#5870 = FILL_AREA_STYLE_COLOUR( '', #7615 );
#5871 = FILL_AREA_STYLE_COLOUR( '', #7616 );
#5872 = FILL_AREA_STYLE_COLOUR( '', #7617 );
#5873 = FILL_AREA_STYLE_COLOUR( '', #7618 );
#5874 = FILL_AREA_STYLE_COLOUR( '', #7619 );
#5875 = FILL_AREA_STYLE_COLOUR( '', #7620 );
#5876 = FILL_AREA_STYLE_COLOUR( '', #7621 );
#5877 = FILL_AREA_STYLE_COLOUR( '', #7622 );
#5878 = FILL_AREA_STYLE_COLOUR( '', #7623 );
#5879 = COLOUR_RGB( '', 1.00000000000000, 1.00000000000000, 0.000000000000000 );
#5880 = CARTESIAN_POINT( '', ( -0.0875000000000000, 0.298750000000000, 0.0625000000000000 ) );
#5881 = CARTESIAN_POINT( '', ( -0.0875000000000000, 0.0600000000000000, 0.0625000000000000 ) );
#5882 = CARTESIAN_POINT( '', ( -0.0875000000000000, 0.298750000000000, 0.0625000000000000 ) );
#5883 = VECTOR( '', #7624, 39.3700787402000 );
#5884 = CARTESIAN_POINT( '', ( -0.112500000000000, 0.298750000000000, 0.0625000000000000 ) );
#5885 = CARTESIAN_POINT( '', ( 0.112500000000000, 0.298750000000000, 0.0625000000000000 ) );
#5886 = VECTOR( '', #7625, 39.3700787402000 );
#5887 = CARTESIAN_POINT( '', ( -0.112500000000000, -0.122500000000000, 0.0625000000000000 ) );
#5888 = CARTESIAN_POINT( '', ( -0.112500000000000, 0.298750000000000, 0.0625000000000000 ) );
#5889 = VECTOR( '', #7626, 39.3700787402000 );
#5890 = CARTESIAN_POINT( '', ( -0.0875000000000000, -0.122500000000000, 0.0625000000000000 ) );
#5891 = CARTESIAN_POINT( '', ( 0.112500000000000, -0.122500000000000, 0.0625000000000000 ) );
#5892 = VECTOR( '', #7627, 39.3700787402000 );
#5893 = CARTESIAN_POINT( '', ( -0.0875000000000000, 0.0400000000000000, 0.0625000000000000 ) );
#5894 = CARTESIAN_POINT( '', ( -0.0875000000000000, 0.298750000000000, 0.0625000000000000 ) );
#5895 = VECTOR( '', #7628, 39.3700787402000 );
#5896 = CARTESIAN_POINT( '', ( -0.0125000000000000, 0.0400000000000000, 0.0625000000000000 ) );
#5897 = CARTESIAN_POINT( '', ( 0.112500000000000, 0.0400000000000000, 0.0625000000000000 ) );
#5898 = VECTOR( '', #7629, 39.3700787402000 );
#5899 = CARTESIAN_POINT( '', ( -0.0125000000000000, -0.122500000000000, 0.0625000000000000 ) );
#5900 = CARTESIAN_POINT( '', ( -0.0125000000000000, 0.298750000000000, 0.0625000000000000 ) );
#5901 = VECTOR( '', #7630, 39.3700787402000 );
#5902 = CARTESIAN_POINT( '', ( 0.0125000000000000, -0.122500000000000, 0.0625000000000000 ) );
#5903 = CARTESIAN_POINT( '', ( 0.112500000000000, -0.122500000000000, 0.0625000000000000 ) );
#5904 = VECTOR( '', #7631, 39.3700787402000 );
#5905 = CARTESIAN_POINT( '', ( 0.0125000000000000, 0.0400000000000000, 0.0625000000000000 ) );
#5906 = CARTESIAN_POINT( '', ( 0.0125000000000000, 0.298750000000000, 0.0625000000000000 ) );
#5907 = VECTOR( '', #7632, 39.3700787402000 );
#5908 = CARTESIAN_POINT( '', ( 0.0875000000000000, 0.0400000000000000, 0.0625000000000000 ) );
#5909 = CARTESIAN_POINT( '', ( 0.112500000000000, 0.0400000000000000, 0.0625000000000000 ) );
#5910 = VECTOR( '', #7633, 39.3700787402000 );
#5911 = CARTESIAN_POINT( '', ( 0.0875000000000000, -0.122500000000000, 0.0625000000000000 ) );
#5912 = CARTESIAN_POINT( '', ( 0.0875000000000000, 0.298750000000000, 0.0625000000000000 ) );
#5913 = VECTOR( '', #7634, 39.3700787402000 );
#5914 = CARTESIAN_POINT( '', ( 0.112500000000000, -0.122500000000000, 0.0625000000000000 ) );
#5915 = CARTESIAN_POINT( '', ( 0.112500000000000, -0.122500000000000, 0.0625000000000000 ) );
#5916 = VECTOR( '', #7635, 39.3700787402000 );
#5917 = CARTESIAN_POINT( '', ( 0.112500000000000, 0.298750000000000, 0.0625000000000000 ) );
#5918 = CARTESIAN_POINT( '', ( 0.112500000000000, 0.298750000000000, 0.0625000000000000 ) );
#5919 = VECTOR( '', #7636, 39.3700787402000 );
#5920 = CARTESIAN_POINT( '', ( 0.0875000000000000, 0.298750000000000, 0.0625000000000000 ) );
#5921 = CARTESIAN_POINT( '', ( 0.112500000000000, 0.298750000000000, 0.0625000000000000 ) );
#5922 = VECTOR( '', #7637, 39.3700787402000 );
#5923 = CARTESIAN_POINT( '', ( 0.0875000000000000, 0.0600000000000000, 0.0625000000000000 ) );
#5924 = CARTESIAN_POINT( '', ( 0.0875000000000000, 0.298750000000000, 0.0625000000000000 ) );
#5925 = VECTOR( '', #7638, 39.3700787402000 );
#5926 = CARTESIAN_POINT( '', ( 0.0125000000000000, 0.0600000000000000, 0.0625000000000000 ) );
#5927 = CARTESIAN_POINT( '', ( 0.112500000000000, 0.0600000000000000, 0.0625000000000000 ) );
#5928 = VECTOR( '', #7639, 39.3700787402000 );
#5929 = CARTESIAN_POINT( '', ( 0.0125000000000000, 0.298750000000000, 0.0625000000000000 ) );
#5930 = CARTESIAN_POINT( '', ( 0.0125000000000000, 0.298750000000000, 0.0625000000000000 ) );
#5931 = VECTOR( '', #7640, 39.3700787402000 );
#5932 = CARTESIAN_POINT( '', ( -0.0124999999999999, 0.298750000000000, 0.0625000000000000 ) );
#5933 = CARTESIAN_POINT( '', ( 0.112500000000000, 0.298750000000000, 0.0625000000000000 ) );
#5934 = VECTOR( '', #7641, 39.3700787402000 );
#5935 = CARTESIAN_POINT( '', ( -0.0124999999999999, 0.0600000000000000, 0.0625000000000000 ) );
#5936 = CARTESIAN_POINT( '', ( -0.0124999999999999, 0.298750000000000, 0.0625000000000000 ) );
#5937 = VECTOR( '', #7642, 39.3700787402000 );
#5938 = CARTESIAN_POINT( '', ( 0.112500000000000, 0.0600000000000000, 0.0625000000000000 ) );
#5939 = VECTOR( '', #7643, 39.3700787402000 );
#5940 = COLOUR_RGB( '', 0.689999997600000, 0.689999997600000, 0.689999997600000 );
#5941 = CARTESIAN_POINT( '', ( 0.0449500000000000, 0.320000000000000, 0.115000000000000 ) );
#5942 = CARTESIAN_POINT( '', ( 0.0449500000000000, 0.320000000000000, 0.00510000000000000 ) );
#5943 = CARTESIAN_POINT( '', ( 0.0449500000000000, 0.320000000000000, 0.115000000000000 ) );
#5944 = VECTOR( '', #7644, 39.3700787402000 );
#5945 = CARTESIAN_POINT( '', ( 0.0449500000000000, 0.0900000000000000, 0.00510000000000000 ) );
#5946 = CARTESIAN_POINT( '', ( 0.0449500000000000, 0.0900000000000000, 0.00510000000000000 ) );
#5947 = VECTOR( '', #7645, 39.3700787402000 );
#5948 = CARTESIAN_POINT( '', ( 0.0449500000000000, 0.0900000000000000, 0.115000000000000 ) );
#5949 = CARTESIAN_POINT( '', ( 0.0449500000000000, 0.0900000000000000, 0.115000000000000 ) );
#5950 = VECTOR( '', #7646, 39.3700787402000 );
#5951 = CARTESIAN_POINT( '', ( 0.0449500000000000, 0.0900000000000000, 0.115000000000000 ) );
#5952 = VECTOR( '', #7647, 39.3700787402000 );
#5953 = COLOUR_RGB( '', 0.689999997600000, 0.689999997600000, 0.689999997600000 );
#5954 = CARTESIAN_POINT( '', ( 0.0325000000000000, 0.0200000000000000, 0.125000000000000 ) );
#5955 = CARTESIAN_POINT( '', ( 0.0325000000000000, 0.000000000000000, 0.125000000000000 ) );
#5956 = CARTESIAN_POINT( '', ( 0.0325000000000000, 0.000000000000000, 0.125000000000000 ) );
#5957 = VECTOR( '', #7648, 39.3700787402000 );
#5958 = CARTESIAN_POINT( '', ( 0.0325000000000000, 0.0200000000000000, 0.115000000000000 ) );
#5959 = CARTESIAN_POINT( '', ( 0.0325000000000000, 0.0200000000000000, 0.145000000000000 ) );
#5960 = VECTOR( '', #7649, 39.3700787402000 );
#5961 = CARTESIAN_POINT( '', ( 0.0325000000000000, 0.000000000000000, 0.115000000000000 ) );
#5962 = CARTESIAN_POINT( '', ( 0.0325000000000000, 0.000000000000000, 0.115000000000000 ) );
#5963 = VECTOR( '', #7650, 39.3700787402000 );
#5964 = CARTESIAN_POINT( '', ( 0.0325000000000000, 0.000000000000000, 0.145000000000000 ) );
#5965 = VECTOR( '', #7651, 39.3700787402000 );
#5966 = COLOUR_RGB( '', 0.689999997600000, 0.689999997600000, 0.689999997600000 );
#5967 = CARTESIAN_POINT( '', ( 0.0675000000000000, 0.000000000000000, 0.125000000000000 ) );
#5968 = CARTESIAN_POINT( '', ( 0.0675000000000000, 0.0200000000000000, 0.125000000000000 ) );
#5969 = CARTESIAN_POINT( '', ( 0.0675000000000000, 0.0200000000000000, 0.125000000000000 ) );
#5970 = VECTOR( '', #7652, 39.3700787402000 );
#5971 = CARTESIAN_POINT( '', ( 0.0675000000000000, 0.000000000000000, 0.115000000000000 ) );
#5972 = CARTESIAN_POINT( '', ( 0.0675000000000000, 0.000000000000000, 0.145000000000000 ) );
#5973 = VECTOR( '', #7653, 39.3700787402000 );
#5974 = CARTESIAN_POINT( '', ( 0.0675000000000000, 0.0200000000000000, 0.115000000000000 ) );
#5975 = CARTESIAN_POINT( '', ( 0.0675000000000000, 0.000000000000000, 0.115000000000000 ) );
#5976 = VECTOR( '', #7654, 39.3700787402000 );
#5977 = CARTESIAN_POINT( '', ( 0.0675000000000000, 0.0200000000000000, 0.145000000000000 ) );
#5978 = VECTOR( '', #7655, 39.3700787402000 );
#5979 = COLOUR_RGB( '', 1.00000000000000, 1.00000000000000, 0.000000000000000 );
#5980 = CARTESIAN_POINT( '', ( -0.0875000000000000, -0.122500000000000, 0.0375000000000000 ) );
#5981 = CARTESIAN_POINT( '', ( -0.112500000000000, -0.122500000000000, 0.0375000000000000 ) );
#5982 = CARTESIAN_POINT( '', ( 0.112500000000000, -0.122500000000000, 0.0375000000000000 ) );
#5983 = VECTOR( '', #7656, 39.3700787402000 );
#5984 = CARTESIAN_POINT( '', ( -0.0875000000000000, -0.147500000000000, 0.0125000000000000 ) );
#5985 = AXIS2_PLACEMENT_3D( '', #7657, #7658, #7659 );
#5986 = CARTESIAN_POINT( '', ( -0.112500000000000, -0.147500000000000, 0.0125000000000000 ) );
#5987 = CARTESIAN_POINT( '', ( 0.112500000000000, -0.147500000000000, 0.0125000000000000 ) );
#5988 = VECTOR( '', #7660, 39.3700787402000 );
#5989 = AXIS2_PLACEMENT_3D( '', #7661, #7662, #7663 );
#5990 = COLOUR_RGB( '', 1.00000000000000, 1.00000000000000, 0.000000000000000 );
#5991 = CARTESIAN_POINT( '', ( 0.0875000000000000, 0.0400000000000000, 0.0375000000000000 ) );
#5992 = CARTESIAN_POINT( '', ( 0.0875000000000000, 0.0400000000000000, 0.145000000000000 ) );
#5993 = VECTOR( '', #7664, 39.3700787402000 );
#5994 = CARTESIAN_POINT( '', ( 0.0875000000000000, -0.122500000000000, 0.0375000000000000 ) );
#5995 = CARTESIAN_POINT( '', ( 0.0875000000000000, -0.122500000000000, 0.0375000000000000 ) );
#5996 = VECTOR( '', #7665, 39.3700787402000 );
#5997 = CARTESIAN_POINT( '', ( 0.0875000000000000, -0.147500000000000, 0.0125000000000000 ) );
#5998 = AXIS2_PLACEMENT_3D( '', #7666, #7667, #7668 );
#5999 = CARTESIAN_POINT( '', ( 0.0875000000000000, -0.147500000000000, -0.223750000000000 ) );
#6000 = CARTESIAN_POINT( '', ( 0.0875000000000000, -0.147500000000000, -0.223750000000000 ) );
#6001 = VECTOR( '', #7669, 39.3700787402000 );
#6002 = CARTESIAN_POINT( '', ( 0.0875000000000000, -0.153750000000000, -0.230000000000000 ) );
#6003 = CARTESIAN_POINT( '', ( 0.0875000000000000, -0.153750000000000, -0.230000000000000 ) );
#6004 = VECTOR( '', #7670, 39.3700787402000 );
#6005 = CARTESIAN_POINT( '', ( 0.0875000000000000, -0.166250000000000, -0.230000000000000 ) );
#6006 = CARTESIAN_POINT( '', ( 0.0875000000000000, -0.200000000000000, -0.230000000000000 ) );
#6007 = VECTOR( '', #7671, 39.3700787402000 );
#6008 = CARTESIAN_POINT( '', ( 0.0875000000000000, -0.172500000000000, -0.223750000000000 ) );
#6009 = CARTESIAN_POINT( '', ( 0.0875000000000000, -0.172500000000000, -0.223750000000000 ) );
#6010 = VECTOR( '', #7672, 39.3700787402000 );
#6011 = CARTESIAN_POINT( '', ( 0.0875000000000000, -0.172500000000000, 0.0125000000000000 ) );
#6012 = CARTESIAN_POINT( '', ( 0.0875000000000000, -0.172500000000000, 0.0125000000000000 ) );
#6013 = VECTOR( '', #7673, 39.3700787402000 );
#6014 = AXIS2_PLACEMENT_3D( '', #7674, #7675, #7676 );
#6015 = COLOUR_RGB( '', 1.00000000000000, 1.00000000000000, 0.000000000000000 );
#6016 = CARTESIAN_POINT( '', ( 0.0875000000000000, 0.305000000000000, 0.0562500000000000 ) );
#6017 = CARTESIAN_POINT( '', ( 0.0875000000000000, 0.305000000000000, 0.0562500000000000 ) );
#6018 = VECTOR( '', #7677, 39.3700787402000 );
#6019 = CARTESIAN_POINT( '', ( 0.0875000000000000, 0.305000000000000, 0.0437500000000000 ) );
#6020 = CARTESIAN_POINT( '', ( 0.0875000000000000, 0.305000000000000, 0.0437500000000000 ) );
#6021 = VECTOR( '', #7678, 39.3700787402000 );
#6022 = CARTESIAN_POINT( '', ( 0.0875000000000000, 0.298750000000000, 0.0375000000000000 ) );
#6023 = CARTESIAN_POINT( '', ( 0.0875000000000000, 0.298750000000000, 0.0375000000000000 ) );
#6024 = VECTOR( '', #7679, 39.3700787402000 );
#6025 = CARTESIAN_POINT( '', ( 0.0875000000000000, 0.0650000000000000, 0.0375000000000000 ) );
#6026 = CARTESIAN_POINT( '', ( 0.0875000000000000, 0.0650000000000000, 0.0375000000000000 ) );
#6027 = VECTOR( '', #7680, 39.3700787402000 );
#6028 = CARTESIAN_POINT( '', ( 0.0875000000000000, 0.0650000000000000, -0.0375000000000000 ) );
#6029 = CARTESIAN_POINT( '', ( 0.0875000000000000, 0.0650000000000000, -0.0375000000000000 ) );
#6030 = VECTOR( '', #7681, 39.3700787402000 );
#6031 = CARTESIAN_POINT( '', ( 0.0875000000000000, 0.298750000000000, -0.0375000000000000 ) );
#6032 = CARTESIAN_POINT( '', ( 0.0875000000000000, 0.298750000000000, -0.0375000000000000 ) );
#6033 = VECTOR( '', #7682, 39.3700787402000 );
#6034 = CARTESIAN_POINT( '', ( 0.0875000000000000, 0.305000000000000, -0.0437500000000000 ) );
#6035 = CARTESIAN_POINT( '', ( 0.0875000000000000, 0.305000000000000, -0.0437500000000000 ) );
#6036 = VECTOR( '', #7683, 39.3700787402000 );
#6037 = CARTESIAN_POINT( '', ( 0.0875000000000000, 0.305000000000000, -0.0562500000000000 ) );
#6038 = CARTESIAN_POINT( '', ( 0.0875000000000000, 0.305000000000000, -0.0562500000000000 ) );
#6039 = VECTOR( '', #7684, 39.3700787402000 );
#6040 = CARTESIAN_POINT( '', ( 0.0875000000000000, 0.298750000000000, -0.0625000000000000 ) );
#6041 = CARTESIAN_POINT( '', ( 0.0875000000000000, 0.298750000000000, -0.0625000000000000 ) );
#6042 = VECTOR( '', #7685, 39.3700787402000 );
#6043 = CARTESIAN_POINT( '', ( 0.0875000000000000, 0.0600000000000000, -0.0625000000000000 ) );
#6044 = CARTESIAN_POINT( '', ( 0.0875000000000000, -0.0225000000000000, -0.0625000000000000 ) );
#6045 = VECTOR( '', #7686, 39.3700787402000 );
#6046 = CARTESIAN_POINT( '', ( 0.0875000000000000, 0.0600000000000000, 0.145000000000000 ) );
#6047 = VECTOR( '', #7687, 39.3700787402000 );
#6048 = COLOUR_RGB( '', 1.00000000000000, 1.00000000000000, 0.000000000000000 );
#6049 = CARTESIAN_POINT( '', ( -0.0124999999999999, 0.305000000000000, 0.0562500000000000 ) );
#6050 = CARTESIAN_POINT( '', ( -0.0124999999999999, 0.305000000000000, 0.0562500000000000 ) );
#6051 = VECTOR( '', #7688, 39.3700787402000 );
#6052 = CARTESIAN_POINT( '', ( -0.0124999999999999, 0.305000000000000, 0.0437500000000000 ) );
#6053 = CARTESIAN_POINT( '', ( -0.0124999999999999, 0.305000000000000, 0.0437500000000000 ) );
#6054 = VECTOR( '', #7689, 39.3700787402000 );
#6055 = CARTESIAN_POINT( '', ( -0.0124999999999999, 0.298750000000000, 0.0375000000000000 ) );
#6056 = CARTESIAN_POINT( '', ( -0.0124999999999999, 0.298750000000000, 0.0375000000000000 ) );
#6057 = VECTOR( '', #7690, 39.3700787402000 );
#6058 = CARTESIAN_POINT( '', ( -0.0124999999999999, 0.0650000000000000, 0.0375000000000000 ) );
#6059 = CARTESIAN_POINT( '', ( -0.0124999999999999, 0.0650000000000000, 0.0375000000000000 ) );
#6060 = VECTOR( '', #7691, 39.3700787402000 );
#6061 = CARTESIAN_POINT( '', ( -0.0124999999999999, 0.0650000000000000, -0.0375000000000000 ) );
#6062 = CARTESIAN_POINT( '', ( -0.0124999999999999, 0.0650000000000000, -0.0375000000000000 ) );
#6063 = VECTOR( '', #7692, 39.3700787402000 );
#6064 = CARTESIAN_POINT( '', ( -0.0124999999999999, 0.298750000000000, -0.0375000000000000 ) );
#6065 = CARTESIAN_POINT( '', ( -0.0124999999999999, 0.298750000000000, -0.0375000000000000 ) );
#6066 = VECTOR( '', #7693, 39.3700787402000 );
#6067 = CARTESIAN_POINT( '', ( -0.0124999999999999, 0.305000000000000, -0.0437500000000000 ) );
#6068 = CARTESIAN_POINT( '', ( -0.0124999999999999, 0.305000000000000, -0.0437500000000000 ) );
#6069 = VECTOR( '', #7694, 39.3700787402000 );
#6070 = CARTESIAN_POINT( '', ( -0.0124999999999999, 0.305000000000000, -0.0562500000000000 ) );
#6071 = CARTESIAN_POINT( '', ( -0.0124999999999999, 0.305000000000000, -0.0562500000000000 ) );
#6072 = VECTOR( '', #7695, 39.3700787402000 );
#6073 = CARTESIAN_POINT( '', ( -0.0124999999999999, 0.298750000000000, -0.0625000000000000 ) );
#6074 = CARTESIAN_POINT( '', ( -0.0124999999999999, 0.298750000000000, -0.0625000000000000 ) );
#6075 = VECTOR( '', #7696, 39.3700787402000 );
#6076 = CARTESIAN_POINT( '', ( -0.0124999999999999, 0.0600000000000000, -0.0625000000000000 ) );
#6077 = CARTESIAN_POINT( '', ( -0.0124999999999999, -0.0225000000000000, -0.0625000000000000 ) );
#6078 = VECTOR( '', #7697, 39.3700787402000 );
#6079 = CARTESIAN_POINT( '', ( -0.0124999999999999, 0.0600000000000000, 0.145000000000000 ) );
#6080 = VECTOR( '', #7698, 39.3700787402000 );
#6081 = COLOUR_RGB( '', 0.689999997600000, 0.689999997600000, 0.689999997600000 );
#6082 = CARTESIAN_POINT( '', ( 0.0730000000000000, 0.305000000000000, -0.00500000000000000 ) );
#6083 = CARTESIAN_POINT( '', ( 0.0636269597213601, 0.320000000000000, -0.00500000000000000 ) );
#6084 = CARTESIAN_POINT( '', ( 0.164579741019592, 0.158441778285709, -0.00500000000000000 ) );
#6085 = VECTOR( '', #7699, 39.3700787402000 );
#6086 = CARTESIAN_POINT( '', ( 0.0636269597213601, 0.320000000000000, 0.00510000000000000 ) );
#6087 = CARTESIAN_POINT( '', ( 0.0636269597213601, 0.320000000000000, 0.0500000000000000 ) );
#6088 = VECTOR( '', #7700, 39.3700787402000 );
#6089 = CARTESIAN_POINT( '', ( 0.0730000000000000, 0.305000000000000, 0.00510000000000000 ) );
#6090 = CARTESIAN_POINT( '', ( 0.189824957971423, 0.118040985904562, 0.00510000000000000 ) );
#6091 = VECTOR( '', #7701, 39.3700787402000 );
#6092 = CARTESIAN_POINT( '', ( 0.0730000000000000, 0.305000000000000, 0.0500000000000000 ) );
#6093 = VECTOR( '', #7702, 39.3700787402000 );
#6094 = COLOUR_RGB( '', 0.689999997600000, 0.689999997600000, 0.689999997600000 );
#6095 = CARTESIAN_POINT( '', ( -0.157500000000000, 0.0200000000000000, 0.125000000000000 ) );
#6096 = CARTESIAN_POINT( '', ( -0.157500000000000, 0.0200000000000000, 0.115000000000000 ) );
#6097 = CARTESIAN_POINT( '', ( -0.157500000000000, 0.0200000000000000, 0.145000000000000 ) );
#6098 = VECTOR( '', #7703, 39.3700787402000 );
#6099 = CARTESIAN_POINT( '', ( -0.157500000000000, 0.320000000000000, 0.125000000000000 ) );
#6100 = CARTESIAN_POINT( '', ( -0.157500000000000, 0.320000000000000, 0.125000000000000 ) );
#6101 = VECTOR( '', #7704, 39.3700787402000 );
#6102 = CARTESIAN_POINT( '', ( -0.157500000000000, 0.320000000000000, 0.145000000000000 ) );
#6103 = CARTESIAN_POINT( '', ( -0.157500000000000, 0.320000000000000, 0.145000000000000 ) );
#6104 = VECTOR( '', #7705, 39.3700787402000 );
#6105 = CARTESIAN_POINT( '', ( -0.157500000000000, 0.000000000000000, 0.145000000000000 ) );
#6106 = CARTESIAN_POINT( '', ( -0.157500000000000, 0.0200000000000000, 0.145000000000000 ) );
#6107 = VECTOR( '', #7706, 39.3700787402000 );
#6108 = CARTESIAN_POINT( '', ( -0.157500000000000, 0.000000000000000, 0.115000000000000 ) );
#6109 = CARTESIAN_POINT( '', ( -0.157500000000000, 0.000000000000000, 0.145000000000000 ) );
#6110 = VECTOR( '', #7707, 39.3700787402000 );
#6111 = CARTESIAN_POINT( '', ( -0.157500000000000, 0.000000000000000, 0.115000000000000 ) );
#6112 = VECTOR( '', #7708, 39.3700787402000 );
#6113 = COLOUR_RGB( '', 0.689999997600000, 0.689999997600000, 0.689999997600000 );
#6114 = CARTESIAN_POINT( '', ( -0.0449500000000000, 0.0900000000000000, -0.0200000000000000 ) );
#6115 = CARTESIAN_POINT( '', ( -0.0449500000000000, 0.0900000000000000, -0.00500000000000000 ) );
#6116 = CARTESIAN_POINT( '', ( -0.0449500000000000, 0.0900000000000000, -0.114900000000000 ) );
#6117 = VECTOR( '', #7709, 39.3700787402000 );
#6118 = CARTESIAN_POINT( '', ( -0.0449500000000000, 0.320000000000000, -0.0200000000000000 ) );
#6119 = CARTESIAN_POINT( '', ( -0.0449500000000000, 0.0900000000000000, -0.0200000000000000 ) );
#6120 = VECTOR( '', #7710, 39.3700787402000 );
#6121 = CARTESIAN_POINT( '', ( -0.0449500000000000, 0.320000000000000, -0.00500000000000000 ) );
#6122 = CARTESIAN_POINT( '', ( -0.0449500000000000, 0.320000000000000, -0.114900000000000 ) );
#6123 = VECTOR( '', #7711, 39.3700787402000 );
#6124 = CARTESIAN_POINT( '', ( -0.0449500000000000, 0.0900000000000000, -0.00500000000000000 ) );
#6125 = VECTOR( '', #7712, 39.3700787402000 );
#6126 = COLOUR_RGB( '', 0.689999997600000, 0.689999997600000, 0.689999997600000 );
#6127 = CARTESIAN_POINT( '', ( 0.0550500000000000, 0.320000000000000, 0.00510000000000000 ) );
#6128 = CARTESIAN_POINT( '', ( 0.144950000000000, 0.320000000000000, 0.00510000000000000 ) );
#6129 = VECTOR( '', #7713, 39.3700787402000 );
#6130 = CARTESIAN_POINT( '', ( 0.0550500000000000, 0.0900000000000000, 0.00510000000000000 ) );
#6131 = CARTESIAN_POINT( '', ( 0.0550500000000000, 0.0900000000000000, 0.00510000000000000 ) );
#6132 = VECTOR( '', #7714, 39.3700787402000 );
#6133 = CARTESIAN_POINT( '', ( 0.144950000000000, 0.0900000000000000, 0.00510000000000000 ) );
#6134 = CARTESIAN_POINT( '', ( 0.144950000000000, 0.0900000000000000, 0.00510000000000000 ) );
#6135 = VECTOR( '', #7715, 39.3700787402000 );
#6136 = CARTESIAN_POINT( '', ( 0.144950000000000, 0.320000000000000, 0.00510000000000000 ) );
#6137 = CARTESIAN_POINT( '', ( 0.144950000000000, 0.0900000000000000, 0.00510000000000000 ) );
#6138 = VECTOR( '', #7716, 39.3700787402000 );
#6139 = CARTESIAN_POINT( '', ( 0.136373040278640, 0.320000000000000, 0.00510000000000000 ) );
#6140 = CARTESIAN_POINT( '', ( 0.144950000000000, 0.320000000000000, 0.00510000000000000 ) );
#6141 = VECTOR( '', #7717, 39.3700787402000 );
#6142 = CARTESIAN_POINT( '', ( 0.127000000000000, 0.305000000000000, 0.00510000000000000 ) );
#6143 = CARTESIAN_POINT( '', ( 0.0354202589804077, 0.158441778285709, 0.00510000000000000 ) );
#6144 = VECTOR( '', #7718, 39.3700787402000 );
#6145 = CARTESIAN_POINT( '', ( 0.123333319203367, 0.200000000000000, 0.00510000000000000 ) );
#6146 = CARTESIAN_POINT( '', ( 0.119523041721425, 0.0908879289489224, 0.00510000000000000 ) );
#6147 = VECTOR( '', #7719, 39.3700787402000 );
#6148 = CARTESIAN_POINT( '', ( 0.0766666807966336, 0.200000000000000, 0.00510000000000000 ) );
#6149 = CARTESIAN_POINT( '', ( 0.144950000000000, 0.200000000000000, 0.00510000000000000 ) );
#6150 = VECTOR( '', #7720, 39.3700787402000 );
#6151 = CARTESIAN_POINT( '', ( 0.0805864542193964, 0.0877523754541240, 0.00510000000000000 ) );
#6152 = VECTOR( '', #7721, 39.3700787402000 );
#6153 = COLOUR_RGB( '', 1.00000000000000, 1.00000000000000, 0.000000000000000 );
#6154 = CARTESIAN_POINT( '', ( 0.0125000000000000, 0.298750000000000, 0.0375000000000000 ) );
#6155 = CARTESIAN_POINT( '', ( 0.112500000000000, 0.298750000000000, 0.0375000000000000 ) );
#6156 = VECTOR( '', #7722, 39.3700787402000 );
#6157 = CARTESIAN_POINT( '', ( 0.0125000000000000, 0.0650000000000000, 0.0375000000000000 ) );
#6158 = CARTESIAN_POINT( '', ( 0.0125000000000000, 0.0650000000000000, 0.0375000000000000 ) );
#6159 = VECTOR( '', #7723, 39.3700787402000 );
#6160 = CARTESIAN_POINT( '', ( 0.112500000000000, 0.0650000000000000, 0.0375000000000000 ) );
#6161 = VECTOR( '', #7724, 39.3700787402000 );
#6162 = COLOUR_RGB( '', 0.689999997600000, 0.689999997600000, 0.689999997600000 );
#6163 = CARTESIAN_POINT( '', ( 0.180000000000000, 0.0200000000000000, 0.0750000000000000 ) );
#6164 = CARTESIAN_POINT( '', ( 0.175000000000000, 0.0200000000000000, 0.0750000000000000 ) );
#6165 = CARTESIAN_POINT( '', ( 0.180000000000000, 0.0200000000000000, 0.0750000000000000 ) );
#6166 = VECTOR( '', #7725, 39.3700787402000 );
#6167 = CARTESIAN_POINT( '', ( 0.175000000000000, 0.320000000000000, 0.0750000000000000 ) );
#6168 = CARTESIAN_POINT( '', ( 0.175000000000000, 0.320000000000000, 0.0750000000000000 ) );
#6169 = VECTOR( '', #7726, 39.3700787402000 );
#6170 = CARTESIAN_POINT( '', ( 0.180000000000000, 0.320000000000000, 0.0750000000000000 ) );
#6171 = CARTESIAN_POINT( '', ( 0.175000000000000, 0.320000000000000, 0.0750000000000000 ) );
#6172 = VECTOR( '', #7727, 39.3700787402000 );
#6173 = CARTESIAN_POINT( '', ( 0.180000000000000, 0.000000000000000, 0.0750000000000000 ) );
#6174 = VECTOR( '', #7728, 39.3700787402000 );
#6175 = COLOUR_RGB( '', 0.689999997600000, 0.689999997600000, 0.689999997600000 );
#6176 = CARTESIAN_POINT( '', ( 0.0233333192033665, 0.200000000000000, 0.00510000000000000 ) );
#6177 = CARTESIAN_POINT( '', ( 0.0270000000000000, 0.305000000000000, 0.00510000000000000 ) );
#6178 = CARTESIAN_POINT( '', ( 0.0195230417214247, 0.0908879289489224, 0.00510000000000000 ) );
#6179 = VECTOR( '', #7729, 39.3700787402000 );
#6180 = CARTESIAN_POINT( '', ( 0.0270000000000000, 0.305000000000000, -0.00500000000000000 ) );
#6181 = CARTESIAN_POINT( '', ( 0.0270000000000000, 0.305000000000000, 0.0500000000000000 ) );
#6182 = VECTOR( '', #7730, 39.3700787402000 );
#6183 = CARTESIAN_POINT( '', ( 0.0233333192033665, 0.200000000000000, -0.00500000000000000 ) );
#6184 = CARTESIAN_POINT( '', ( 0.0194135457806037, 0.0877523754541240, -0.00500000000000000 ) );
#6185 = VECTOR( '', #7731, 39.3700787402000 );
#6186 = CARTESIAN_POINT( '', ( 0.0233333192033665, 0.200000000000000, 0.0500000000000000 ) );
#6187 = VECTOR( '', #7732, 39.3700787402000 );
#6188 = COLOUR_RGB( '', 1.00000000000000, 1.00000000000000, 0.000000000000000 );
#6189 = CARTESIAN_POINT( '', ( 0.112500000000000, 0.305000000000000, 0.0562500000000000 ) );
#6190 = CARTESIAN_POINT( '', ( 0.112500000000000, 0.305000000000000, 0.0562500000000000 ) );
#6191 = VECTOR( '', #7733, 39.3700787402000 );
#6192 = CARTESIAN_POINT( '', ( 0.112500000000000, 0.305000000000000, 0.0437500000000000 ) );
#6193 = CARTESIAN_POINT( '', ( 0.112500000000000, 0.305000000000000, 0.0437500000000000 ) );
#6194 = VECTOR( '', #7734, 39.3700787402000 );
#6195 = CARTESIAN_POINT( '', ( 0.112500000000000, 0.305000000000000, 0.0437500000000000 ) );
#6196 = VECTOR( '', #7735, 39.3700787402000 );
#6197 = COLOUR_RGB( '', 1.00000000000000, 1.00000000000000, 0.000000000000000 );
#6198 = CARTESIAN_POINT( '', ( -0.0875000000000000, 0.0400000000000000, -0.0375000000000000 ) );
#6199 = CARTESIAN_POINT( '', ( -0.0875000000000000, -0.0225000000000000, -0.0375000000000000 ) );
#6200 = CARTESIAN_POINT( '', ( -0.0875000000000000, 0.0400000000000000, -0.0375000000000000 ) );
#6201 = VECTOR( '', #7736, 39.3700787402000 );
#6202 = CARTESIAN_POINT( '', ( -0.0875000000000000, -0.0725000000000000, -0.0875000000000000 ) );
#6203 = AXIS2_PLACEMENT_3D( '', #7737, #7738, #7739 );
#6204 = CARTESIAN_POINT( '', ( -0.0875000000000000, -0.0725000000000000, -0.223750000000000 ) );
#6205 = CARTESIAN_POINT( '', ( -0.0875000000000000, -0.0725000000000000, -0.0875000000000000 ) );
#6206 = VECTOR( '', #7740, 39.3700787402000 );
#6207 = CARTESIAN_POINT( '', ( -0.0875000000000000, -0.0662499999999999, -0.230000000000000 ) );
#6208 = CARTESIAN_POINT( '', ( -0.0875000000000000, -0.0725000000000000, -0.223750000000000 ) );
#6209 = VECTOR( '', #7741, 39.3700787402000 );
#6210 = CARTESIAN_POINT( '', ( -0.0875000000000000, -0.0537500000000000, -0.230000000000000 ) );
#6211 = CARTESIAN_POINT( '', ( -0.0875000000000000, 0.0400000000000000, -0.230000000000000 ) );
#6212 = VECTOR( '', #7742, 39.3700787402000 );
#6213 = CARTESIAN_POINT( '', ( -0.0875000000000000, -0.0475000000000000, -0.223750000000000 ) );
#6214 = CARTESIAN_POINT( '', ( -0.0875000000000000, -0.0537500000000000, -0.230000000000000 ) );
#6215 = VECTOR( '', #7743, 39.3700787402000 );
#6216 = CARTESIAN_POINT( '', ( -0.0875000000000000, -0.0475000000000000, -0.0875000000000000 ) );
#6217 = CARTESIAN_POINT( '', ( -0.0875000000000000, -0.0475000000000000, -0.223750000000000 ) );
#6218 = VECTOR( '', #7744, 39.3700787402000 );
#6219 = CARTESIAN_POINT( '', ( -0.0875000000000000, -0.0225000000000000, -0.0625000000000000 ) );
#6220 = AXIS2_PLACEMENT_3D( '', #7745, #7746, #7747 );
#6221 = CARTESIAN_POINT( '', ( -0.0875000000000000, 0.0400000000000000, -0.0625000000000000 ) );
#6222 = CARTESIAN_POINT( '', ( -0.0875000000000000, -0.0225000000000000, -0.0625000000000000 ) );
#6223 = VECTOR( '', #7748, 39.3700787402000 );
#6224 = CARTESIAN_POINT( '', ( -0.0875000000000000, 0.0400000000000000, 0.145000000000000 ) );
#6225 = VECTOR( '', #7749, 39.3700787402000 );
#6226 = COLOUR_RGB( '', 0.689999997600000, 0.689999997600000, 0.689999997600000 );
#6227 = CARTESIAN_POINT( '', ( 0.175000000000000, 0.0200000000000000, -0.0750000000000000 ) );
#6228 = CARTESIAN_POINT( '', ( 0.180000000000000, 0.0200000000000000, -0.0750000000000000 ) );
#6229 = CARTESIAN_POINT( '', ( 0.180000000000000, 0.0200000000000000, -0.0750000000000000 ) );
#6230 = VECTOR( '', #7750, 39.3700787402000 );
#6231 = CARTESIAN_POINT( '', ( 0.180000000000000, 0.320000000000000, -0.0750000000000000 ) );
#6232 = CARTESIAN_POINT( '', ( 0.180000000000000, 0.000000000000000, -0.0750000000000000 ) );
#6233 = VECTOR( '', #7751, 39.3700787402000 );
#6234 = CARTESIAN_POINT( '', ( 0.175000000000000, 0.320000000000000, -0.0750000000000000 ) );
#6235 = CARTESIAN_POINT( '', ( 0.190000000000000, 0.320000000000000, -0.0750000000000000 ) );
#6236 = VECTOR( '', #7752, 39.3700787402000 );
#6237 = CARTESIAN_POINT( '', ( 0.175000000000000, 0.320000000000000, -0.0750000000000000 ) );
#6238 = VECTOR( '', #7753, 39.3700787402000 );
#6239 = COLOUR_RGB( '', 0.689999997600000, 0.689999997600000, 0.689999997600000 );
#6240 = CARTESIAN_POINT( '', ( -0.144950000000000, 0.320000000000000, 0.115000000000000 ) );
#6241 = CARTESIAN_POINT( '', ( -0.0550500000000000, 0.320000000000000, 0.115000000000000 ) );
#6242 = CARTESIAN_POINT( '', ( -0.144950000000000, 0.320000000000000, 0.115000000000000 ) );
#6243 = VECTOR( '', #7754, 39.3700787402000 );
#6244 = CARTESIAN_POINT( '', ( -0.0550500000000000, 0.0900000000000000, 0.115000000000000 ) );
#6245 = CARTESIAN_POINT( '', ( -0.0550500000000000, 0.0900000000000000, 0.115000000000000 ) );
#6246 = VECTOR( '', #7755, 39.3700787402000 );
#6247 = CARTESIAN_POINT( '', ( -0.144950000000000, 0.0900000000000000, 0.115000000000000 ) );
#6248 = CARTESIAN_POINT( '', ( -0.144950000000000, 0.0900000000000000, 0.115000000000000 ) );
#6249 = VECTOR( '', #7756, 39.3700787402000 );
#6250 = CARTESIAN_POINT( '', ( -0.144950000000000, 0.0900000000000000, 0.115000000000000 ) );
#6251 = VECTOR( '', #7757, 39.3700787402000 );
#6252 = COLOUR_RGB( '', 0.689999997600000, 0.689999997600000, 0.689999997600000 );
#6253 = CARTESIAN_POINT( '', ( 0.175000000000000, 0.0200000000000000, 0.0250000000000000 ) );
#6254 = CARTESIAN_POINT( '', ( 0.180000000000000, 0.0200000000000000, 0.0250000000000000 ) );
#6255 = CARTESIAN_POINT( '', ( 0.180000000000000, 0.0200000000000000, 0.0250000000000000 ) );
#6256 = VECTOR( '', #7758, 39.3700787402000 );
#6257 = CARTESIAN_POINT( '', ( 0.175000000000000, 0.0200000000000000, 0.115000000000000 ) );
#6258 = VECTOR( '', #7759, 39.3700787402000 );
#6259 = CARTESIAN_POINT( '', ( 0.180000000000000, 0.0200000000000000, 0.115000000000000 ) );
#6260 = CARTESIAN_POINT( '', ( 0.180000000000000, 0.0200000000000000, 0.115000000000000 ) );
#6261 = VECTOR( '', #7760, 39.3700787402000 );
#6262 = CARTESIAN_POINT( '', ( 0.157500000000000, 0.0200000000000000, 0.115000000000000 ) );
#6263 = CARTESIAN_POINT( '', ( 0.180000000000000, 0.0200000000000000, 0.115000000000000 ) );
#6264 = VECTOR( '', #7761, 39.3700787402000 );
#6265 = CARTESIAN_POINT( '', ( 0.157500000000000, 0.0200000000000000, 0.125000000000000 ) );
#6266 = CARTESIAN_POINT( '', ( 0.157500000000000, 0.0200000000000000, 0.145000000000000 ) );
#6267 = VECTOR( '', #7762, 39.3700787402000 );
#6268 = CARTESIAN_POINT( '', ( 0.180000000000000, 0.0200000000000000, 0.125000000000000 ) );
#6269 = VECTOR( '', #7763, 39.3700787402000 );
#6270 = CARTESIAN_POINT( '', ( 0.180000000000000, 0.0200000000000000, 0.115000000000000 ) );
#6271 = VECTOR( '', #7764, 39.3700787402000 );
#6272 = CARTESIAN_POINT( '', ( -0.0325000000000000, 0.0200000000000000, 0.125000000000000 ) );
#6273 = CARTESIAN_POINT( '', ( 0.180000000000000, 0.0200000000000000, 0.125000000000000 ) );
#6274 = VECTOR( '', #7765, 39.3700787402000 );
#6275 = CARTESIAN_POINT( '', ( -0.0325000000000000, 0.0200000000000000, 0.115000000000000 ) );
#6276 = CARTESIAN_POINT( '', ( -0.0325000000000000, 0.0200000000000000, 0.145000000000000 ) );
#6277 = VECTOR( '', #7766, 39.3700787402000 );
#6278 = CARTESIAN_POINT( '', ( -0.0675000000000000, 0.0200000000000000, 0.115000000000000 ) );
#6279 = CARTESIAN_POINT( '', ( 0.180000000000000, 0.0200000000000000, 0.115000000000000 ) );
#6280 = VECTOR( '', #7767, 39.3700787402000 );
#6281 = CARTESIAN_POINT( '', ( -0.0675000000000000, 0.0200000000000000, 0.125000000000000 ) );
#6282 = CARTESIAN_POINT( '', ( -0.0675000000000000, 0.0200000000000000, 0.145000000000000 ) );
#6283 = VECTOR( '', #7768, 39.3700787402000 );
#6284 = CARTESIAN_POINT( '', ( 0.180000000000000, 0.0200000000000000, 0.125000000000000 ) );
#6285 = VECTOR( '', #7769, 39.3700787402000 );
#6286 = CARTESIAN_POINT( '', ( -0.180000000000000, 0.0200000000000000, 0.115000000000000 ) );
#6287 = CARTESIAN_POINT( '', ( 0.180000000000000, 0.0200000000000000, 0.115000000000000 ) );
#6288 = VECTOR( '', #7770, 39.3700787402000 );
#6289 = CARTESIAN_POINT( '', ( -0.180000000000000, 0.0200000000000000, -0.115000000000000 ) );
#6290 = CARTESIAN_POINT( '', ( -0.180000000000000, 0.0200000000000000, 0.115000000000000 ) );
#6291 = VECTOR( '', #7771, 39.3700787402000 );
#6292 = CARTESIAN_POINT( '', ( -0.157500000000000, 0.0200000000000000, -0.115000000000000 ) );
#6293 = CARTESIAN_POINT( '', ( 0.180000000000000, 0.0200000000000000, -0.115000000000000 ) );
#6294 = VECTOR( '', #7772, 39.3700787402000 );
#6295 = CARTESIAN_POINT( '', ( -0.157500000000000, 0.0200000000000000, -0.125000000000000 ) );
#6296 = CARTESIAN_POINT( '', ( -0.157500000000000, 0.0200000000000000, 0.145000000000000 ) );
#6297 = VECTOR( '', #7773, 39.3700787402000 );
#6298 = CARTESIAN_POINT( '', ( -0.0750000000000000, 0.0200000000000000, -0.125000000000000 ) );
#6299 = CARTESIAN_POINT( '', ( 0.180000000000000, 0.0200000000000000, -0.125000000000000 ) );
#6300 = VECTOR( '', #7774, 39.3700787402000 );
#6301 = CARTESIAN_POINT( '', ( -0.0750000000000000, 0.0200000000000000, -0.145000000000000 ) );
#6302 = CARTESIAN_POINT( '', ( -0.0750000000000000, 0.0200000000000000, 0.115000000000000 ) );
#6303 = VECTOR( '', #7775, 39.3700787402000 );
#6304 = CARTESIAN_POINT( '', ( -0.0675000000000000, 0.0200000000000000, -0.145000000000000 ) );
#6305 = CARTESIAN_POINT( '', ( -0.0675000000000000, 0.0200000000000000, -0.145000000000000 ) );
#6306 = VECTOR( '', #7776, 39.3700787402000 );
#6307 = CARTESIAN_POINT( '', ( -0.0675000000000000, 0.0200000000000000, -0.115000000000000 ) );
#6308 = CARTESIAN_POINT( '', ( -0.0675000000000000, 0.0200000000000000, 0.145000000000000 ) );
#6309 = VECTOR( '', #7777, 39.3700787402000 );
#6310 = CARTESIAN_POINT( '', ( -0.0325000000000000, 0.0200000000000000, -0.115000000000000 ) );
#6311 = CARTESIAN_POINT( '', ( 0.180000000000000, 0.0200000000000000, -0.115000000000000 ) );
#6312 = VECTOR( '', #7778, 39.3700787402000 );
#6313 = CARTESIAN_POINT( '', ( -0.0325000000000000, 0.0200000000000000, -0.145000000000000 ) );
#6314 = CARTESIAN_POINT( '', ( -0.0325000000000000, 0.0200000000000000, 0.145000000000000 ) );
#6315 = VECTOR( '', #7779, 39.3700787402000 );
#6316 = CARTESIAN_POINT( '', ( 0.0325000000000000, 0.0200000000000000, -0.145000000000000 ) );
#6317 = CARTESIAN_POINT( '', ( 0.0325000000000000, 0.0200000000000000, -0.145000000000000 ) );
#6318 = VECTOR( '', #7780, 39.3700787402000 );
#6319 = CARTESIAN_POINT( '', ( 0.0325000000000000, 0.0200000000000000, -0.115000000000000 ) );
#6320 = CARTESIAN_POINT( '', ( 0.0325000000000000, 0.0200000000000000, 0.145000000000000 ) );
#6321 = VECTOR( '', #7781, 39.3700787402000 );
#6322 = CARTESIAN_POINT( '', ( 0.0675000000000000, 0.0200000000000000, -0.115000000000000 ) );
#6323 = CARTESIAN_POINT( '', ( 0.180000000000000, 0.0200000000000000, -0.115000000000000 ) );
#6324 = VECTOR( '', #7782, 39.3700787402000 );
#6325 = CARTESIAN_POINT( '', ( 0.0675000000000000, 0.0200000000000000, -0.145000000000000 ) );
#6326 = CARTESIAN_POINT( '', ( 0.0675000000000000, 0.0200000000000000, 0.145000000000000 ) );
#6327 = VECTOR( '', #7783, 39.3700787402000 );
#6328 = CARTESIAN_POINT( '', ( 0.0750000000000000, 0.0200000000000000, -0.145000000000000 ) );
#6329 = CARTESIAN_POINT( '', ( 0.157500000000000, 0.0200000000000000, -0.145000000000000 ) );
#6330 = VECTOR( '', #7784, 39.3700787402000 );
#6331 = CARTESIAN_POINT( '', ( 0.0750000000000000, 0.0200000000000000, -0.125000000000000 ) );
#6332 = CARTESIAN_POINT( '', ( 0.0750000000000000, 0.0200000000000000, 0.115000000000000 ) );
#6333 = VECTOR( '', #7785, 39.3700787402000 );
#6334 = CARTESIAN_POINT( '', ( 0.157500000000000, 0.0200000000000000, -0.125000000000000 ) );
#6335 = CARTESIAN_POINT( '', ( 0.180000000000000, 0.0200000000000000, -0.125000000000000 ) );
#6336 = VECTOR( '', #7786, 39.3700787402000 );
#6337 = CARTESIAN_POINT( '', ( 0.157500000000000, 0.0200000000000000, -0.115000000000000 ) );
#6338 = CARTESIAN_POINT( '', ( 0.157500000000000, 0.0200000000000000, 0.145000000000000 ) );
#6339 = VECTOR( '', #7787, 39.3700787402000 );
#6340 = CARTESIAN_POINT( '', ( 0.180000000000000, 0.0200000000000000, -0.115000000000000 ) );
#6341 = CARTESIAN_POINT( '', ( 0.180000000000000, 0.0200000000000000, -0.115000000000000 ) );
#6342 = VECTOR( '', #7788, 39.3700787402000 );
#6343 = CARTESIAN_POINT( '', ( 0.180000000000000, 0.0200000000000000, 0.115000000000000 ) );
#6344 = VECTOR( '', #7789, 39.3700787402000 );
#6345 = CARTESIAN_POINT( '', ( 0.175000000000000, 0.0200000000000000, -0.0250000000000000 ) );
#6346 = CARTESIAN_POINT( '', ( 0.175000000000000, 0.0200000000000000, 0.115000000000000 ) );
#6347 = VECTOR( '', #7790, 39.3700787402000 );
#6348 = CARTESIAN_POINT( '', ( 0.180000000000000, 0.0200000000000000, -0.0250000000000000 ) );
#6349 = CARTESIAN_POINT( '', ( 0.180000000000000, 0.0200000000000000, -0.0250000000000000 ) );
#6350 = VECTOR( '', #7791, 39.3700787402000 );
#6351 = CARTESIAN_POINT( '', ( 0.180000000000000, 0.0200000000000000, 0.115000000000000 ) );
#6352 = VECTOR( '', #7792, 39.3700787402000 );
#6353 = COLOUR_RGB( '', 0.689999997600000, 0.689999997600000, 0.689999997600000 );
#6354 = CARTESIAN_POINT( '', ( -0.127000000000000, 0.305000000000000, 0.00510000000000001 ) );
#6355 = CARTESIAN_POINT( '', ( -0.123333319203366, 0.200000000000000, 0.00510000000000001 ) );
#6356 = CARTESIAN_POINT( '', ( -0.119413545780604, 0.0877523754541240, 0.00510000000000001 ) );
#6357 = VECTOR( '', #7793, 39.3700787402000 );
#6358 = CARTESIAN_POINT( '', ( -0.123333319203366, 0.200000000000000, -0.00500000000000000 ) );
#6359 = CARTESIAN_POINT( '', ( -0.123333319203366, 0.200000000000000, 0.0500000000000000 ) );
#6360 = VECTOR( '', #7794, 39.3700787402000 );
#6361 = CARTESIAN_POINT( '', ( -0.127000000000000, 0.305000000000000, -0.00500000000000000 ) );
#6362 = CARTESIAN_POINT( '', ( -0.119523041721425, 0.0908879289489224, -0.00500000000000000 ) );
#6363 = VECTOR( '', #7795, 39.3700787402000 );
#6364 = CARTESIAN_POINT( '', ( -0.127000000000000, 0.305000000000000, 0.0500000000000000 ) );
#6365 = VECTOR( '', #7796, 39.3700787402000 );
#6366 = COLOUR_RGB( '', 0.689999997600000, 0.689999997600000, 0.689999997600000 );
#6367 = CARTESIAN_POINT( '', ( 0.180000000000000, 0.320000000000000, -0.0250000000000000 ) );
#6368 = CARTESIAN_POINT( '', ( 0.180000000000000, 0.320000000000000, 0.0250000000000000 ) );
#6369 = CARTESIAN_POINT( '', ( 0.180000000000000, 0.320000000000000, -0.145000000000000 ) );
#6370 = VECTOR( '', #7797, 39.3700787402000 );
#6371 = CARTESIAN_POINT( '', ( 0.180000000000000, 0.000000000000000, 0.0250000000000000 ) );
#6372 = VECTOR( '', #7798, 39.3700787402000 );
#6373 = CARTESIAN_POINT( '', ( 0.180000000000000, 0.000000000000000, -0.0250000000000000 ) );
#6374 = VECTOR( '', #7799, 39.3700787402000 );
#6375 = COLOUR_RGB( '', 0.689999997600000, 0.689999997600000, 0.689999997600000 );
#6376 = CARTESIAN_POINT( '', ( 0.180000000000000, 0.320000000000000, 0.145000000000000 ) );
#6377 = CARTESIAN_POINT( '', ( 0.180000000000000, 0.320000000000000, -0.145000000000000 ) );
#6378 = VECTOR( '', #7800, 39.3700787402000 );
#6379 = CARTESIAN_POINT( '', ( 0.180000000000000, 0.000000000000000, 0.145000000000000 ) );
#6380 = CARTESIAN_POINT( '', ( 0.180000000000000, 0.320000000000000, 0.145000000000000 ) );
#6381 = VECTOR( '', #7801, 39.3700787402000 );
#6382 = CARTESIAN_POINT( '', ( 0.180000000000000, 0.000000000000000, 0.115000000000000 ) );
#6383 = CARTESIAN_POINT( '', ( 0.180000000000000, 0.000000000000000, 0.145000000000000 ) );
#6384 = VECTOR( '', #7802, 39.3700787402000 );
#6385 = CARTESIAN_POINT( '', ( 0.180000000000000, 0.000000000000000, 0.115000000000000 ) );
#6386 = VECTOR( '', #7803, 39.3700787402000 );
#6387 = COLOUR_RGB( '', 0.689999997600000, 0.689999997600000, 0.689999997600000 );
#6388 = CARTESIAN_POINT( '', ( -0.0675000000000000, 0.000000000000000, 0.125000000000000 ) );
#6389 = CARTESIAN_POINT( '', ( -0.0675000000000000, -0.0200000000000000, 0.125000000000000 ) );
#6390 = VECTOR( '', #7804, 39.3700787402000 );
#6391 = CARTESIAN_POINT( '', ( -0.0675000000000000, 0.000000000000000, 0.115000000000000 ) );
#6392 = CARTESIAN_POINT( '', ( -0.0675000000000000, 0.000000000000000, 0.115000000000000 ) );
#6393 = VECTOR( '', #7805, 39.3700787402000 );
#6394 = CARTESIAN_POINT( '', ( -0.0675000000000000, 0.000000000000000, 0.145000000000000 ) );
#6395 = VECTOR( '', #7806, 39.3700787402000 );
#6396 = COLOUR_RGB( '', 0.689999997600000, 0.689999997600000, 0.689999997600000 );
#6397 = CARTESIAN_POINT( '', ( -0.0325000000000000, 0.000000000000000, 0.125000000000000 ) );
#6398 = CARTESIAN_POINT( '', ( -0.0325000000000000, 0.000000000000000, 0.115000000000000 ) );
#6399 = CARTESIAN_POINT( '', ( -0.0325000000000000, 0.000000000000000, 0.145000000000000 ) );
#6400 = VECTOR( '', #7807, 39.3700787402000 );
#6401 = CARTESIAN_POINT( '', ( -0.157500000000000, 0.000000000000000, 0.125000000000000 ) );
#6402 = VECTOR( '', #7808, 39.3700787402000 );
#6403 = CARTESIAN_POINT( '', ( 0.180000000000000, 0.000000000000000, 0.115000000000000 ) );
#6404 = VECTOR( '', #7809, 39.3700787402000 );
#6405 = COLOUR_RGB( '', 0.689999997600000, 0.689999997600000, 0.689999997600000 );
#6406 = CARTESIAN_POINT( '', ( -0.0750000000000000, 0.320000000000000, -0.125000000000000 ) );
#6407 = CARTESIAN_POINT( '', ( -0.0750000000000000, 0.320000000000000, -0.125000000000000 ) );
#6408 = VECTOR( '', #7810, 39.3700787402000 );
#6409 = CARTESIAN_POINT( '', ( -0.0750000000000000, 0.320000000000000, -0.145000000000000 ) );
#6410 = CARTESIAN_POINT( '', ( -0.0750000000000000, 0.320000000000000, -0.145000000000000 ) );
#6411 = VECTOR( '', #7811, 39.3700787402000 );
#6412 = CARTESIAN_POINT( '', ( -0.0750000000000000, 0.320000000000000, -0.145000000000000 ) );
#6413 = VECTOR( '', #7812, 39.3700787402000 );
#6414 = COLOUR_RGB( '', 1.00000000000000, 1.00000000000000, 0.000000000000000 );
#6415 = CARTESIAN_POINT( '', ( 0.112500000000000, -0.147500000000000, -0.223750000000000 ) );
#6416 = CARTESIAN_POINT( '', ( 0.112500000000000, -0.147500000000000, -0.223750000000000 ) );
#6417 = VECTOR( '', #7813, 39.3700787402000 );
#6418 = CARTESIAN_POINT( '', ( 0.112500000000000, -0.153750000000000, -0.230000000000000 ) );
#6419 = CARTESIAN_POINT( '', ( 0.112500000000000, -0.153750000000000, -0.230000000000000 ) );
#6420 = VECTOR( '', #7814, 39.3700787402000 );
#6421 = CARTESIAN_POINT( '', ( 0.112500000000000, -0.153750000000000, -0.230000000000000 ) );
#6422 = VECTOR( '', #7815, 39.3700787402000 );
#6423 = COLOUR_RGB( '', 1.00000000000000, 1.00000000000000, 0.000000000000000 );
#6424 = CARTESIAN_POINT( '', ( 0.112500000000000, -0.166250000000000, -0.230000000000000 ) );
#6425 = CARTESIAN_POINT( '', ( 0.112500000000000, -0.166250000000000, -0.230000000000000 ) );
#6426 = VECTOR( '', #7816, 39.3700787402000 );
#6427 = CARTESIAN_POINT( '', ( 0.112500000000000, -0.172500000000000, -0.223750000000000 ) );
#6428 = CARTESIAN_POINT( '', ( 0.112500000000000, -0.172500000000000, -0.223750000000000 ) );
#6429 = VECTOR( '', #7817, 39.3700787402000 );
#6430 = CARTESIAN_POINT( '', ( 0.112500000000000, -0.172500000000000, -0.223750000000000 ) );
#6431 = VECTOR( '', #7818, 39.3700787402000 );
#6432 = COLOUR_RGB( '', 1.00000000000000, 1.00000000000000, 0.000000000000000 );
#6433 = CARTESIAN_POINT( '', ( 0.0875000000000000, -0.0662500000000000, -0.230000000000000 ) );
#6434 = CARTESIAN_POINT( '', ( 0.0875000000000000, -0.0537500000000000, -0.230000000000000 ) );
#6435 = CARTESIAN_POINT( '', ( 0.0875000000000000, -0.200000000000000, -0.230000000000000 ) );
#6436 = VECTOR( '', #7819, 39.3700787402000 );
#6437 = CARTESIAN_POINT( '', ( 0.112500000000000, -0.0537500000000000, -0.230000000000000 ) );
#6438 = CARTESIAN_POINT( '', ( 0.112500000000000, -0.0537500000000000, -0.230000000000000 ) );
#6439 = VECTOR( '', #7820, 39.3700787402000 );
#6440 = CARTESIAN_POINT( '', ( 0.112500000000000, -0.0662500000000000, -0.230000000000000 ) );
#6441 = CARTESIAN_POINT( '', ( 0.112500000000000, -0.0662500000000000, -0.230000000000000 ) );
#6442 = VECTOR( '', #7821, 39.3700787402000 );
#6443 = CARTESIAN_POINT( '', ( 0.112500000000000, -0.0662500000000000, -0.230000000000000 ) );
#6444 = VECTOR( '', #7822, 39.3700787402000 );
#6445 = COLOUR_RGB( '', 0.689999997600000, 0.689999997600000, 0.689999997600000 );
#6446 = CARTESIAN_POINT( '', ( -0.0500000000000000, 0.320000000000000, 0.130000000000000 ) );
#6447 = CARTESIAN_POINT( '', ( -0.0500000000000000, 0.245000000000000, 0.165000000000000 ) );
#6448 = CARTESIAN_POINT( '', ( -0.0500000000000000, 0.320000000000000, 0.130000000000000 ) );
#6449 = VECTOR( '', #7823, 39.3700787402000 );
#6450 = CARTESIAN_POINT( '', ( 0.0500000000000000, 0.245000000000000, 0.165000000000000 ) );
#6451 = CARTESIAN_POINT( '', ( 0.0500000000000000, 0.245000000000000, 0.165000000000000 ) );
#6452 = VECTOR( '', #7824, 39.3700787402000 );
#6453 = CARTESIAN_POINT( '', ( 0.0500000000000000, 0.320000000000000, 0.130000000000000 ) );
#6454 = CARTESIAN_POINT( '', ( 0.0500000000000000, 0.320000000000000, 0.130000000000000 ) );
#6455 = VECTOR( '', #7825, 39.3700787402000 );
#6456 = CARTESIAN_POINT( '', ( 0.0500000000000000, 0.320000000000000, 0.130000000000000 ) );
#6457 = VECTOR( '', #7826, 39.3700787402000 );
#6458 = COLOUR_RGB( '', 0.689999997600000, 0.689999997600000, 0.689999997600000 );
#6459 = CARTESIAN_POINT( '', ( 0.175000000000000, 0.320000000000000, 0.0250000000000000 ) );
#6460 = CARTESIAN_POINT( '', ( 0.185000000000000, 0.320000000000000, 0.0250000000000000 ) );
#6461 = VECTOR( '', #7827, 39.3700787402000 );
#6462 = CARTESIAN_POINT( '', ( 0.175000000000000, 0.320000000000000, 0.0250000000000000 ) );
#6463 = VECTOR( '', #7828, 39.3700787402000 );
#6464 = COLOUR_RGB( '', 0.689999997600000, 0.689999997600000, 0.689999997600000 );
#6465 = CARTESIAN_POINT( '', ( 0.0500000000000000, 0.320000000000000, 0.125000000000000 ) );
#6466 = CARTESIAN_POINT( '', ( 0.157500000000000, 0.320000000000000, 0.125000000000000 ) );
#6467 = CARTESIAN_POINT( '', ( -0.157500000000000, 0.320000000000000, 0.125000000000000 ) );
#6468 = VECTOR( '', #7829, 39.3700787402000 );
#6469 = CARTESIAN_POINT( '', ( 0.0500000000000000, 0.233000000000000, 0.125000000000000 ) );
#6470 = CARTESIAN_POINT( '', ( 0.0500000000000000, 0.233000000000000, 0.125000000000000 ) );
#6471 = VECTOR( '', #7830, 39.3700787402000 );
#6472 = CARTESIAN_POINT( '', ( -0.0500000000000000, 0.233000000000000, 0.125000000000000 ) );
#6473 = CARTESIAN_POINT( '', ( 0.0500000000000000, 0.233000000000000, 0.125000000000000 ) );
#6474 = VECTOR( '', #7831, 39.3700787402000 );
#6475 = CARTESIAN_POINT( '', ( -0.0500000000000000, 0.320000000000000, 0.125000000000000 ) );
#6476 = CARTESIAN_POINT( '', ( -0.0500000000000000, 0.233000000000000, 0.125000000000000 ) );
#6477 = VECTOR( '', #7832, 39.3700787402000 );
#6478 = CARTESIAN_POINT( '', ( -0.157500000000000, 0.320000000000000, 0.125000000000000 ) );
#6479 = VECTOR( '', #7833, 39.3700787402000 );
#6480 = CARTESIAN_POINT( '', ( -0.0325000000000000, 0.0200000000000000, 0.125000000000000 ) );
#6481 = VECTOR( '', #7834, 39.3700787402000 );
#6482 = CARTESIAN_POINT( '', ( -0.157500000000000, 0.000000000000000, 0.125000000000000 ) );
#6483 = VECTOR( '', #7835, 39.3700787402000 );
#6484 = CARTESIAN_POINT( '', ( 0.157500000000000, 0.320000000000000, 0.125000000000000 ) );
#6485 = VECTOR( '', #7836, 39.3700787402000 );
#6486 = COLOUR_RGB( '', 0.689999997600000, 0.689999997600000, 0.689999997600000 );
#6487 = CARTESIAN_POINT( '', ( -0.144950000000000, 0.320000000000000, 0.00510000000000001 ) );
#6488 = CARTESIAN_POINT( '', ( -0.144950000000000, 0.320000000000000, 0.00510000000000001 ) );
#6489 = VECTOR( '', #7837, 39.3700787402000 );
#6490 = CARTESIAN_POINT( '', ( -0.144950000000000, 0.0900000000000000, 0.00510000000000001 ) );
#6491 = CARTESIAN_POINT( '', ( -0.144950000000000, 0.0900000000000000, 0.00510000000000001 ) );
#6492 = VECTOR( '', #7838, 39.3700787402000 );
#6493 = CARTESIAN_POINT( '', ( -0.144950000000000, 0.0900000000000000, 0.00510000000000001 ) );
#6494 = VECTOR( '', #7839, 39.3700787402000 );
#6495 = COLOUR_RGB( '', 0.689999997600000, 0.689999997600000, 0.689999997600000 );
#6496 = CARTESIAN_POINT( '', ( -0.0325000000000000, 0.000000000000000, 0.115000000000000 ) );
#6497 = VECTOR( '', #7840, 39.3700787402000 );
#6498 = COLOUR_RGB( '', 0.689999997600000, 0.689999997600000, 0.689999997600000 );
#6499 = CARTESIAN_POINT( '', ( -0.157500000000000, 0.000000000000000, -0.115000000000000 ) );
#6500 = CARTESIAN_POINT( '', ( -0.157500000000000, 0.000000000000000, -0.145000000000000 ) );
#6501 = CARTESIAN_POINT( '', ( -0.157500000000000, 0.000000000000000, -0.115000000000000 ) );
#6502 = VECTOR( '', #7841, 39.3700787402000 );
#6503 = CARTESIAN_POINT( '', ( -0.180000000000000, 0.000000000000000, -0.115000000000000 ) );
#6504 = CARTESIAN_POINT( '', ( 0.180000000000000, 0.000000000000000, -0.115000000000000 ) );
#6505 = VECTOR( '', #7842, 39.3700787402000 );
#6506 = CARTESIAN_POINT( '', ( -0.180000000000000, 0.000000000000000, -0.145000000000000 ) );
#6507 = CARTESIAN_POINT( '', ( -0.180000000000000, 0.000000000000000, -0.115000000000000 ) );
#6508 = VECTOR( '', #7843, 39.3700787402000 );
#6509 = CARTESIAN_POINT( '', ( 0.180000000000000, 0.000000000000000, -0.145000000000000 ) );
#6510 = VECTOR( '', #7844, 39.3700787402000 );
#6511 = COLOUR_RGB( '', 1.00000000000000, 1.00000000000000, 0.000000000000000 );
#6512 = CARTESIAN_POINT( '', ( -0.112500000000000, -0.0225000000000000, -0.0625000000000000 ) );
#6513 = CARTESIAN_POINT( '', ( 0.112500000000000, -0.0225000000000000, -0.0625000000000000 ) );
#6514 = VECTOR( '', #7845, 39.3700787402000 );
#6515 = CARTESIAN_POINT( '', ( -0.112500000000000, -0.0475000000000000, -0.0875000000000000 ) );
#6516 = CARTESIAN_POINT( '', ( 0.112500000000000, -0.0475000000000000, -0.0875000000000000 ) );
#6517 = VECTOR( '', #7846, 39.3700787402000 );
#6518 = AXIS2_PLACEMENT_3D( '', #7847, #7848, #7849 );
#6519 = COLOUR_RGB( '', 1.00000000000000, 1.00000000000000, 0.000000000000000 );
#6520 = CARTESIAN_POINT( '', ( 0.0125000000000000, -0.0537500000000000, -0.230000000000000 ) );
#6521 = CARTESIAN_POINT( '', ( 0.0125000000000000, -0.0475000000000000, -0.223750000000000 ) );
#6522 = CARTESIAN_POINT( '', ( 0.0125000000000000, -0.0537500000000000, -0.230000000000000 ) );
#6523 = VECTOR( '', #7850, 39.3700787402000 );
#6524 = CARTESIAN_POINT( '', ( -0.0125000000000000, -0.0537500000000000, -0.230000000000000 ) );
#6525 = CARTESIAN_POINT( '', ( 0.112500000000000, -0.0537500000000000, -0.230000000000000 ) );
#6526 = VECTOR( '', #7851, 39.3700787402000 );
#6527 = CARTESIAN_POINT( '', ( -0.0125000000000000, -0.0475000000000000, -0.223750000000000 ) );
#6528 = CARTESIAN_POINT( '', ( -0.0125000000000000, -0.0537500000000000, -0.230000000000000 ) );
#6529 = VECTOR( '', #7852, 39.3700787402000 );
#6530 = CARTESIAN_POINT( '', ( 0.112500000000000, -0.0475000000000000, -0.223750000000000 ) );
#6531 = VECTOR( '', #7853, 39.3700787402000 );
#6532 = COLOUR_RGB( '', 1.00000000000000, 1.00000000000000, 0.000000000000000 );
#6533 = CARTESIAN_POINT( '', ( -0.112500000000000, 0.298750000000000, -0.0625000000000000 ) );
#6534 = CARTESIAN_POINT( '', ( -0.112500000000000, 0.305000000000000, -0.0562500000000000 ) );
#6535 = CARTESIAN_POINT( '', ( -0.112500000000000, 0.298750000000000, -0.0625000000000000 ) );
#6536 = VECTOR( '', #7854, 39.3700787402000 );
#6537 = CARTESIAN_POINT( '', ( -0.112500000000000, -0.0225000000000000, -0.0625000000000000 ) );
#6538 = VECTOR( '', #7855, 39.3700787402000 );
#6539 = CARTESIAN_POINT( '', ( -0.112500000000000, -0.0475000000000000, -0.223750000000000 ) );
#6540 = CARTESIAN_POINT( '', ( -0.112500000000000, -0.0475000000000000, -0.223750000000000 ) );
#6541 = VECTOR( '', #7856, 39.3700787402000 );
#6542 = CARTESIAN_POINT( '', ( -0.112500000000000, -0.0537500000000000, -0.230000000000000 ) );
#6543 = CARTESIAN_POINT( '', ( -0.112500000000000, -0.0537500000000000, -0.230000000000000 ) );
#6544 = VECTOR( '', #7857, 39.3700787402000 );
#6545 = CARTESIAN_POINT( '', ( -0.112500000000000, -0.0662500000000000, -0.230000000000000 ) );
#6546 = CARTESIAN_POINT( '', ( -0.112500000000000, -0.0662500000000000, -0.230000000000000 ) );
#6547 = VECTOR( '', #7858, 39.3700787402000 );
#6548 = CARTESIAN_POINT( '', ( -0.112500000000000, -0.0725000000000000, -0.223750000000000 ) );
#6549 = CARTESIAN_POINT( '', ( -0.112500000000000, -0.0725000000000000, -0.223750000000000 ) );
#6550 = VECTOR( '', #7859, 39.3700787402000 );
#6551 = CARTESIAN_POINT( '', ( -0.112500000000000, -0.0725000000000000, -0.0875000000000000 ) );
#6552 = CARTESIAN_POINT( '', ( -0.112500000000000, -0.0725000000000000, -0.0875000000000000 ) );
#6553 = VECTOR( '', #7860, 39.3700787402000 );
#6554 = CARTESIAN_POINT( '', ( -0.112500000000000, -0.0225000000000000, -0.0375000000000000 ) );
#6555 = AXIS2_PLACEMENT_3D( '', #7861, #7862, #7863 );
#6556 = CARTESIAN_POINT( '', ( -0.112500000000000, 0.0400000000000000, -0.0375000000000000 ) );
#6557 = CARTESIAN_POINT( '', ( -0.112500000000000, 0.0400000000000000, -0.0375000000000000 ) );
#6558 = VECTOR( '', #7864, 39.3700787402000 );
#6559 = CARTESIAN_POINT( '', ( -0.112500000000000, 0.0400000000000000, 0.0375000000000000 ) );
#6560 = CARTESIAN_POINT( '', ( -0.112500000000000, 0.0400000000000000, 0.0375000000000000 ) );
#6561 = VECTOR( '', #7865, 39.3700787402000 );
#6562 = CARTESIAN_POINT( '', ( -0.112500000000000, -0.122500000000000, 0.0375000000000000 ) );
#6563 = VECTOR( '', #7866, 39.3700787402000 );
#6564 = CARTESIAN_POINT( '', ( -0.112500000000000, -0.147500000000000, -0.223750000000000 ) );
#6565 = CARTESIAN_POINT( '', ( -0.112500000000000, -0.147500000000000, -0.223750000000000 ) );
#6566 = VECTOR( '', #7867, 39.3700787402000 );
#6567 = CARTESIAN_POINT( '', ( -0.112500000000000, -0.153750000000000, -0.230000000000000 ) );
#6568 = CARTESIAN_POINT( '', ( -0.112500000000000, -0.153750000000000, -0.230000000000000 ) );
#6569 = VECTOR( '', #7868, 39.3700787402000 );
#6570 = CARTESIAN_POINT( '', ( -0.112500000000000, -0.166250000000000, -0.230000000000000 ) );
#6571 = CARTESIAN_POINT( '', ( -0.112500000000000, -0.166250000000000, -0.230000000000000 ) );
#6572 = VECTOR( '', #7869, 39.3700787402000 );
#6573 = CARTESIAN_POINT( '', ( -0.112500000000000, -0.172500000000000, -0.223750000000000 ) );
#6574 = CARTESIAN_POINT( '', ( -0.112500000000000, -0.172500000000000, -0.223750000000000 ) );
#6575 = VECTOR( '', #7870, 39.3700787402000 );
#6576 = CARTESIAN_POINT( '', ( -0.112500000000000, -0.172500000000000, 0.0125000000000000 ) );
#6577 = CARTESIAN_POINT( '', ( -0.112500000000000, -0.172500000000000, 0.0125000000000000 ) );
#6578 = VECTOR( '', #7871, 39.3700787402000 );
#6579 = AXIS2_PLACEMENT_3D( '', #7872, #7873, #7874 );
#6580 = CARTESIAN_POINT( '', ( -0.112500000000000, 0.305000000000000, 0.0562500000000000 ) );
#6581 = CARTESIAN_POINT( '', ( -0.112500000000000, 0.305000000000000, 0.0562500000000000 ) );
#6582 = VECTOR( '', #7875, 39.3700787402000 );
#6583 = CARTESIAN_POINT( '', ( -0.112500000000000, 0.305000000000000, 0.0437500000000000 ) );
#6584 = CARTESIAN_POINT( '', ( -0.112500000000000, 0.305000000000000, 0.0437500000000000 ) );
#6585 = VECTOR( '', #7876, 39.3700787402000 );
#6586 = CARTESIAN_POINT( '', ( -0.112500000000000, 0.298750000000000, 0.0375000000000000 ) );
#6587 = CARTESIAN_POINT( '', ( -0.112500000000000, 0.298750000000000, 0.0375000000000000 ) );
#6588 = VECTOR( '', #7877, 39.3700787402000 );
#6589 = CARTESIAN_POINT( '', ( -0.112500000000000, 0.0650000000000000, 0.0375000000000000 ) );
#6590 = CARTESIAN_POINT( '', ( -0.112500000000000, 0.0650000000000000, 0.0375000000000000 ) );
#6591 = VECTOR( '', #7878, 39.3700787402000 );
#6592 = CARTESIAN_POINT( '', ( -0.112500000000000, 0.0650000000000000, -0.0375000000000000 ) );
#6593 = CARTESIAN_POINT( '', ( -0.112500000000000, 0.0650000000000000, -0.0375000000000000 ) );
#6594 = VECTOR( '', #7879, 39.3700787402000 );
#6595 = CARTESIAN_POINT( '', ( -0.112500000000000, 0.298750000000000, -0.0375000000000000 ) );
#6596 = CARTESIAN_POINT( '', ( -0.112500000000000, 0.298750000000000, -0.0375000000000000 ) );
#6597 = VECTOR( '', #7880, 39.3700787402000 );
#6598 = CARTESIAN_POINT( '', ( -0.112500000000000, 0.305000000000000, -0.0437500000000000 ) );
#6599 = CARTESIAN_POINT( '', ( -0.112500000000000, 0.305000000000000, -0.0437500000000000 ) );
#6600 = VECTOR( '', #7881, 39.3700787402000 );
#6601 = CARTESIAN_POINT( '', ( -0.112500000000000, 0.305000000000000, -0.0562500000000000 ) );
#6602 = VECTOR( '', #7882, 39.3700787402000 );
#6603 = COLOUR_RGB( '', 0.689999997600000, 0.689999997600000, 0.689999997600000 );
#6604 = CARTESIAN_POINT( '', ( 0.0766666807966336, 0.200000000000000, -0.00500000000000000 ) );
#6605 = CARTESIAN_POINT( '', ( 0.0804769582785755, 0.0908879289489224, -0.00500000000000000 ) );
#6606 = VECTOR( '', #7883, 39.3700787402000 );
#6607 = CARTESIAN_POINT( '', ( 0.123333319203367, 0.200000000000000, -0.00500000000000000 ) );
#6608 = CARTESIAN_POINT( '', ( 0.0550500000000000, 0.200000000000000, -0.00500000000000000 ) );
#6609 = VECTOR( '', #7884, 39.3700787402000 );
#6610 = CARTESIAN_POINT( '', ( 0.127000000000000, 0.305000000000000, -0.00500000000000000 ) );
#6611 = CARTESIAN_POINT( '', ( 0.119413545780604, 0.0877523754541240, -0.00500000000000000 ) );
#6612 = VECTOR( '', #7885, 39.3700787402000 );
#6613 = CARTESIAN_POINT( '', ( 0.136373040278640, 0.320000000000000, -0.00500000000000000 ) );
#6614 = CARTESIAN_POINT( '', ( 0.0101750420285767, 0.118040985904562, -0.00500000000000000 ) );
#6615 = VECTOR( '', #7886, 39.3700787402000 );
#6616 = CARTESIAN_POINT( '', ( 0.144950000000000, 0.320000000000000, -0.00500000000000000 ) );
#6617 = CARTESIAN_POINT( '', ( 0.0550500000000000, 0.320000000000000, -0.00500000000000000 ) );
#6618 = VECTOR( '', #7887, 39.3700787402000 );
#6619 = CARTESIAN_POINT( '', ( 0.144950000000000, 0.0900000000000000, -0.00500000000000000 ) );
#6620 = CARTESIAN_POINT( '', ( 0.144950000000000, 0.0900000000000000, -0.00500000000000000 ) );
#6621 = VECTOR( '', #7888, 39.3700787402000 );
#6622 = CARTESIAN_POINT( '', ( 0.0550500000000000, 0.0900000000000000, -0.00500000000000000 ) );
#6623 = CARTESIAN_POINT( '', ( 0.0550500000000000, 0.0900000000000000, -0.00500000000000000 ) );
#6624 = VECTOR( '', #7889, 39.3700787402000 );
#6625 = CARTESIAN_POINT( '', ( 0.0550500000000000, 0.320000000000000, -0.00500000000000000 ) );
#6626 = CARTESIAN_POINT( '', ( 0.0550500000000000, 0.0900000000000000, -0.00500000000000000 ) );
#6627 = VECTOR( '', #7890, 39.3700787402000 );
#6628 = CARTESIAN_POINT( '', ( 0.0550500000000000, 0.320000000000000, -0.00500000000000000 ) );
#6629 = VECTOR( '', #7891, 39.3700787402000 );
#6630 = COLOUR_RGB( '', 0.689999997600000, 0.689999997600000, 0.689999997600000 );
#6631 = CARTESIAN_POINT( '', ( -0.0550500000000000, 0.320000000000000, 0.00510000000000000 ) );
#6632 = CARTESIAN_POINT( '', ( -0.0550500000000000, 0.320000000000000, 0.115000000000000 ) );
#6633 = VECTOR( '', #7892, 39.3700787402000 );
#6634 = CARTESIAN_POINT( '', ( -0.0550500000000000, 0.0900000000000000, 0.00510000000000000 ) );
#6635 = CARTESIAN_POINT( '', ( -0.0550500000000000, 0.0900000000000000, 0.00510000000000000 ) );
#6636 = VECTOR( '', #7893, 39.3700787402000 );
#6637 = CARTESIAN_POINT( '', ( -0.0550500000000000, 0.0900000000000000, 0.115000000000000 ) );
#6638 = VECTOR( '', #7894, 39.3700787402000 );
#6639 = COLOUR_RGB( '', 1.00000000000000, 1.00000000000000, 0.000000000000000 );
#6640 = CARTESIAN_POINT( '', ( 0.0875000000000000, -0.0725000000000000, -0.223750000000000 ) );
#6641 = CARTESIAN_POINT( '', ( 0.0875000000000000, -0.0725000000000000, -0.223750000000000 ) );
#6642 = VECTOR( '', #7895, 39.3700787402000 );
#6643 = CARTESIAN_POINT( '', ( 0.112500000000000, -0.0725000000000000, -0.223750000000000 ) );
#6644 = CARTESIAN_POINT( '', ( 0.112500000000000, -0.0725000000000000, -0.223750000000000 ) );
#6645 = VECTOR( '', #7896, 39.3700787402000 );
#6646 = CARTESIAN_POINT( '', ( 0.112500000000000, -0.0725000000000000, -0.223750000000000 ) );
#6647 = VECTOR( '', #7897, 39.3700787402000 );
#6648 = COLOUR_RGB( '', 0.689999997600000, 0.689999997600000, 0.689999997600000 );
#6649 = CARTESIAN_POINT( '', ( 0.144950000000000, 0.320000000000000, -0.114900000000000 ) );
#6650 = CARTESIAN_POINT( '', ( 0.144950000000000, 0.320000000000000, -0.00500000000000000 ) );
#6651 = VECTOR( '', #7898, 39.3700787402000 );
#6652 = CARTESIAN_POINT( '', ( 0.144950000000000, 0.0900000000000000, -0.114900000000000 ) );
#6653 = CARTESIAN_POINT( '', ( 0.144950000000000, 0.0900000000000000, -0.114900000000000 ) );
#6654 = VECTOR( '', #7899, 39.3700787402000 );
#6655 = CARTESIAN_POINT( '', ( 0.144950000000000, 0.0900000000000000, -0.00500000000000000 ) );
#6656 = VECTOR( '', #7900, 39.3700787402000 );
#6657 = COLOUR_RGB( '', 1.00000000000000, 1.00000000000000, 0.000000000000000 );
#6658 = CARTESIAN_POINT( '', ( 0.0125000000000000, -0.0225000000000000, -0.0625000000000000 ) );
#6659 = CARTESIAN_POINT( '', ( -0.0125000000000000, -0.0225000000000000, -0.0625000000000000 ) );
#6660 = CARTESIAN_POINT( '', ( 0.112500000000000, -0.0225000000000000, -0.0625000000000000 ) );
#6661 = VECTOR( '', #7901, 39.3700787402000 );
#6662 = CARTESIAN_POINT( '', ( 0.0125000000000000, -0.0475000000000000, -0.0875000000000000 ) );
#6663 = AXIS2_PLACEMENT_3D( '', #7902, #7903, #7904 );
#6664 = CARTESIAN_POINT( '', ( -0.0125000000000000, -0.0475000000000000, -0.0875000000000000 ) );
#6665 = CARTESIAN_POINT( '', ( 0.112500000000000, -0.0475000000000000, -0.0875000000000000 ) );
#6666 = VECTOR( '', #7905, 39.3700787402000 );
#6667 = AXIS2_PLACEMENT_3D( '', #7906, #7907, #7908 );
#6668 = COLOUR_RGB( '', 0.689999997600000, 0.689999997600000, 0.689999997600000 );
#6669 = CARTESIAN_POINT( '', ( 0.144950000000000, 0.320000000000000, 0.115000000000000 ) );
#6670 = CARTESIAN_POINT( '', ( 0.144950000000000, 0.320000000000000, 0.115000000000000 ) );
#6671 = VECTOR( '', #7909, 39.3700787402000 );
#6672 = CARTESIAN_POINT( '', ( 0.144950000000000, 0.0900000000000000, 0.115000000000000 ) );
#6673 = CARTESIAN_POINT( '', ( 0.144950000000000, 0.0900000000000000, 0.115000000000000 ) );
#6674 = VECTOR( '', #7910, 39.3700787402000 );
#6675 = CARTESIAN_POINT( '', ( 0.144950000000000, 0.0900000000000000, 0.115000000000000 ) );
#6676 = VECTOR( '', #7911, 39.3700787402000 );
#6677 = COLOUR_RGB( '', 0.689999997600000, 0.689999997600000, 0.689999997600000 );
#6678 = CARTESIAN_POINT( '', ( -0.0363730402786399, 0.320000000000000, 0.00510000000000000 ) );
#6679 = CARTESIAN_POINT( '', ( -0.0270000000000000, 0.305000000000000, 0.00510000000000000 ) );
#6680 = CARTESIAN_POINT( '', ( 0.0898249579714234, 0.118040985904562, 0.00510000000000000 ) );
#6681 = VECTOR( '', #7912, 39.3700787402000 );
#6682 = CARTESIAN_POINT( '', ( -0.0449500000000000, 0.320000000000000, 0.00510000000000000 ) );
#6683 = CARTESIAN_POINT( '', ( 0.0449500000000000, 0.320000000000000, 0.00510000000000000 ) );
#6684 = VECTOR( '', #7913, 39.3700787402000 );
#6685 = CARTESIAN_POINT( '', ( -0.0449500000000000, 0.0900000000000000, 0.00510000000000000 ) );
#6686 = CARTESIAN_POINT( '', ( -0.0449500000000000, 0.0900000000000000, 0.00510000000000000 ) );
#6687 = VECTOR( '', #7914, 39.3700787402000 );
#6688 = CARTESIAN_POINT( '', ( 0.0449500000000000, 0.0900000000000000, 0.00510000000000000 ) );
#6689 = VECTOR( '', #7915, 39.3700787402000 );
#6690 = CARTESIAN_POINT( '', ( 0.0363730402786399, 0.320000000000000, 0.00510000000000000 ) );
#6691 = CARTESIAN_POINT( '', ( 0.0449500000000000, 0.320000000000000, 0.00510000000000000 ) );
#6692 = VECTOR( '', #7916, 39.3700787402000 );
#6693 = CARTESIAN_POINT( '', ( -0.0645797410195924, 0.158441778285709, 0.00510000000000000 ) );
#6694 = VECTOR( '', #7917, 39.3700787402000 );
#6695 = CARTESIAN_POINT( '', ( -0.0233333192033665, 0.200000000000000, 0.00510000000000000 ) );
#6696 = CARTESIAN_POINT( '', ( 0.0449500000000000, 0.200000000000000, 0.00510000000000000 ) );
#6697 = VECTOR( '', #7918, 39.3700787402000 );
#6698 = CARTESIAN_POINT( '', ( -0.0194135457806036, 0.0877523754541240, 0.00510000000000000 ) );
#6699 = VECTOR( '', #7919, 39.3700787402000 );
#6700 = COLOUR_RGB( '', 1.00000000000000, 1.00000000000000, 0.000000000000000 );
#6701 = CARTESIAN_POINT( '', ( -0.0875000000000000, 0.305000000000000, 0.0562500000000000 ) );
#6702 = CARTESIAN_POINT( '', ( -0.0875000000000000, 0.305000000000000, 0.0562500000000000 ) );
#6703 = VECTOR( '', #7920, 39.3700787402000 );
#6704 = CARTESIAN_POINT( '', ( 0.112500000000000, 0.305000000000000, 0.0562500000000000 ) );
#6705 = VECTOR( '', #7921, 39.3700787402000 );
#6706 = COLOUR_RGB( '', 0.689999997600000, 0.689999997600000, 0.689999997600000 );
#6707 = CARTESIAN_POINT( '', ( -0.0500000000000000, 0.222000000000000, 0.165000000000000 ) );
#6708 = CARTESIAN_POINT( '', ( -0.0500000000000000, 0.245000000000000, 0.165000000000000 ) );
#6709 = VECTOR( '', #7922, 39.3700787402000 );
#6710 = CARTESIAN_POINT( '', ( 0.0500000000000000, 0.222000000000000, 0.165000000000000 ) );
#6711 = CARTESIAN_POINT( '', ( 0.0500000000000000, 0.222000000000000, 0.165000000000000 ) );
#6712 = VECTOR( '', #7923, 39.3700787402000 );
#6713 = CARTESIAN_POINT( '', ( 0.0500000000000000, 0.245000000000000, 0.165000000000000 ) );
#6714 = VECTOR( '', #7924, 39.3700787402000 );
#6715 = COLOUR_RGB( '', 0.689999997600000, 0.689999997600000, 0.689999997600000 );
#6716 = CARTESIAN_POINT( '', ( 0.0766666807966336, 0.200000000000000, 0.0500000000000000 ) );
#6717 = VECTOR( '', #7925, 39.3700787402000 );
#6718 = COLOUR_RGB( '', 1.00000000000000, 1.00000000000000, 0.000000000000000 );
#6719 = CARTESIAN_POINT( '', ( 0.112500000000000, -0.172500000000000, 0.0125000000000000 ) );
#6720 = CARTESIAN_POINT( '', ( 0.112500000000000, -0.172500000000000, 0.0125000000000000 ) );
#6721 = VECTOR( '', #7926, 39.3700787402000 );
#6722 = CARTESIAN_POINT( '', ( 0.112500000000000, -0.172500000000000, 0.0125000000000000 ) );
#6723 = VECTOR( '', #7927, 39.3700787402000 );
#6724 = COLOUR_RGB( '', 1.00000000000000, 1.00000000000000, 0.000000000000000 );
#6725 = CARTESIAN_POINT( '', ( 0.0875000000000000, -0.0225000000000000, -0.0375000000000000 ) );
#6726 = CARTESIAN_POINT( '', ( 0.0875000000000000, 0.0400000000000000, -0.0375000000000000 ) );
#6727 = CARTESIAN_POINT( '', ( 0.0875000000000000, 0.0400000000000000, -0.0375000000000000 ) );
#6728 = VECTOR( '', #7928, 39.3700787402000 );
#6729 = CARTESIAN_POINT( '', ( 0.0875000000000000, 0.0400000000000000, -0.0625000000000000 ) );
#6730 = CARTESIAN_POINT( '', ( 0.0875000000000000, 0.0400000000000000, 0.145000000000000 ) );
#6731 = VECTOR( '', #7929, 39.3700787402000 );
#6732 = CARTESIAN_POINT( '', ( 0.0875000000000000, -0.0225000000000000, -0.0625000000000000 ) );
#6733 = CARTESIAN_POINT( '', ( 0.0875000000000000, -0.0225000000000000, -0.0625000000000000 ) );
#6734 = VECTOR( '', #7930, 39.3700787402000 );
#6735 = CARTESIAN_POINT( '', ( 0.0875000000000000, -0.0475000000000000, -0.0875000000000000 ) );
#6736 = AXIS2_PLACEMENT_3D( '', #7931, #7932, #7933 );
#6737 = CARTESIAN_POINT( '', ( 0.0875000000000000, -0.0475000000000000, -0.223750000000000 ) );
#6738 = CARTESIAN_POINT( '', ( 0.0875000000000000, -0.0475000000000000, -0.223750000000000 ) );
#6739 = VECTOR( '', #7934, 39.3700787402000 );
#6740 = CARTESIAN_POINT( '', ( 0.0875000000000000, -0.0537500000000000, -0.230000000000000 ) );
#6741 = VECTOR( '', #7935, 39.3700787402000 );
#6742 = CARTESIAN_POINT( '', ( 0.0875000000000000, -0.0725000000000000, -0.0875000000000000 ) );
#6743 = CARTESIAN_POINT( '', ( 0.0875000000000000, -0.0725000000000000, -0.0875000000000000 ) );
#6744 = VECTOR( '', #7936, 39.3700787402000 );
#6745 = AXIS2_PLACEMENT_3D( '', #7937, #7938, #7939 );
#6746 = COLOUR_RGB( '', 1.00000000000000, 1.00000000000000, 0.000000000000000 );
#6747 = CARTESIAN_POINT( '', ( 0.112500000000000, 0.0650000000000000, -0.0375000000000000 ) );
#6748 = CARTESIAN_POINT( '', ( 0.112500000000000, 0.0650000000000000, -0.0375000000000000 ) );
#6749 = VECTOR( '', #7940, 39.3700787402000 );
#6750 = CARTESIAN_POINT( '', ( 0.112500000000000, 0.298750000000000, -0.0375000000000000 ) );
#6751 = CARTESIAN_POINT( '', ( 0.112500000000000, 0.298750000000000, -0.0375000000000000 ) );
#6752 = VECTOR( '', #7941, 39.3700787402000 );
#6753 = CARTESIAN_POINT( '', ( 0.112500000000000, 0.298750000000000, -0.0375000000000000 ) );
#6754 = VECTOR( '', #7942, 39.3700787402000 );
#6755 = COLOUR_RGB( '', 0.689999997600000, 0.689999997600000, 0.689999997600000 );
#6756 = CARTESIAN_POINT( '', ( -0.0449500000000000, 0.0900000000000000, 0.115000000000000 ) );
#6757 = CARTESIAN_POINT( '', ( -0.0449500000000000, 0.0900000000000000, 0.00510000000000000 ) );
#6758 = VECTOR( '', #7943, 39.3700787402000 );
#6759 = CARTESIAN_POINT( '', ( -0.0449500000000000, 0.0900000000000000, 0.115000000000000 ) );
#6760 = VECTOR( '', #7944, 39.3700787402000 );
#6761 = COLOUR_RGB( '', 0.689999997600000, 0.689999997600000, 0.689999997600000 );
#6762 = CARTESIAN_POINT( '', ( -0.180000000000000, 0.320000000000000, -0.145000000000000 ) );
#6763 = CARTESIAN_POINT( '', ( -0.180000000000000, 0.320000000000000, 0.145000000000000 ) );
#6764 = CARTESIAN_POINT( '', ( -0.180000000000000, 0.320000000000000, -0.145000000000000 ) );
#6765 = VECTOR( '', #7945, 39.3700787402000 );
#6766 = CARTESIAN_POINT( '', ( -0.180000000000000, 0.000000000000000, -0.145000000000000 ) );
#6767 = VECTOR( '', #7946, 39.3700787402000 );
#6768 = CARTESIAN_POINT( '', ( -0.180000000000000, 0.0200000000000000, -0.115000000000000 ) );
#6769 = VECTOR( '', #7947, 39.3700787402000 );
#6770 = CARTESIAN_POINT( '', ( -0.180000000000000, 0.000000000000000, 0.115000000000000 ) );
#6771 = CARTESIAN_POINT( '', ( -0.180000000000000, 0.000000000000000, 0.115000000000000 ) );
#6772 = VECTOR( '', #7948, 39.3700787402000 );
#6773 = CARTESIAN_POINT( '', ( -0.180000000000000, 0.000000000000000, 0.145000000000000 ) );
#6774 = CARTESIAN_POINT( '', ( -0.180000000000000, 0.000000000000000, 0.145000000000000 ) );
#6775 = VECTOR( '', #7949, 39.3700787402000 );
#6776 = CARTESIAN_POINT( '', ( -0.180000000000000, 0.320000000000000, 0.145000000000000 ) );
#6777 = VECTOR( '', #7950, 39.3700787402000 );
#6778 = COLOUR_RGB( '', 0.689999997600000, 0.689999997600000, 0.689999997600000 );
#6779 = CARTESIAN_POINT( '', ( 0.0325000000000000, 0.000000000000000, -0.115000000000000 ) );
#6780 = CARTESIAN_POINT( '', ( 0.0325000000000000, 0.0200000000000000, -0.115000000000000 ) );
#6781 = VECTOR( '', #7951, 39.3700787402000 );
#6782 = CARTESIAN_POINT( '', ( 0.0675000000000000, 0.000000000000000, -0.115000000000000 ) );
#6783 = CARTESIAN_POINT( '', ( 0.180000000000000, 0.000000000000000, -0.115000000000000 ) );
#6784 = VECTOR( '', #7952, 39.3700787402000 );
#6785 = CARTESIAN_POINT( '', ( 0.0675000000000000, 0.0200000000000000, -0.115000000000000 ) );
#6786 = VECTOR( '', #7953, 39.3700787402000 );
#6787 = COLOUR_RGB( '', 1.00000000000000, 1.00000000000000, 0.000000000000000 );
#6788 = CARTESIAN_POINT( '', ( -0.0875000000000000, 0.305000000000000, 0.0437500000000000 ) );
#6789 = CARTESIAN_POINT( '', ( -0.0875000000000000, 0.305000000000000, 0.0437500000000000 ) );
#6790 = VECTOR( '', #7954, 39.3700787402000 );
#6791 = CARTESIAN_POINT( '', ( 0.112500000000000, 0.305000000000000, 0.0437500000000000 ) );
#6792 = VECTOR( '', #7955, 39.3700787402000 );
#6793 = COLOUR_RGB( '', 1.00000000000000, 1.00000000000000, 0.000000000000000 );
#6794 = CARTESIAN_POINT( '', ( -0.0875000000000000, 0.0650000000000000, 0.0375000000000000 ) );
#6795 = CARTESIAN_POINT( '', ( -0.0875000000000000, 0.298750000000000, 0.0375000000000000 ) );
#6796 = CARTESIAN_POINT( '', ( -0.0875000000000000, 0.0650000000000000, 0.0375000000000000 ) );
#6797 = VECTOR( '', #7956, 39.3700787402000 );
#6798 = CARTESIAN_POINT( '', ( 0.112500000000000, 0.0650000000000000, 0.0375000000000000 ) );
#6799 = VECTOR( '', #7957, 39.3700787402000 );
#6800 = CARTESIAN_POINT( '', ( 0.112500000000000, 0.298750000000000, 0.0375000000000000 ) );
#6801 = VECTOR( '', #7958, 39.3700787402000 );
#6802 = COLOUR_RGB( '', 0.689999997600000, 0.689999997600000, 0.689999997600000 );
#6803 = CARTESIAN_POINT( '', ( 0.0449500000000000, 0.320000000000000, -0.00500000000000000 ) );
#6804 = CARTESIAN_POINT( '', ( 0.0449500000000000, 0.320000000000000, -0.0200000000000000 ) );
#6805 = CARTESIAN_POINT( '', ( 0.0449500000000000, 0.320000000000000, -0.00500000000000000 ) );
#6806 = VECTOR( '', #7959, 39.3700787402000 );
#6807 = CARTESIAN_POINT( '', ( 0.0449500000000000, 0.0900000000000000, -0.0200000000000000 ) );
#6808 = CARTESIAN_POINT( '', ( 0.0449500000000000, 0.0900000000000000, -0.0200000000000000 ) );
#6809 = VECTOR( '', #7960, 39.3700787402000 );
#6810 = CARTESIAN_POINT( '', ( 0.0449500000000000, 0.0900000000000000, -0.00500000000000000 ) );
#6811 = CARTESIAN_POINT( '', ( 0.0449500000000000, 0.0900000000000000, -0.00500000000000000 ) );
#6812 = VECTOR( '', #7961, 39.3700787402000 );
#6813 = CARTESIAN_POINT( '', ( 0.0449500000000000, 0.0900000000000000, -0.00500000000000000 ) );
#6814 = VECTOR( '', #7962, 39.3700787402000 );
#6815 = COLOUR_RGB( '', 0.689999997600000, 0.689999997600000, 0.689999997600000 );
#6816 = CARTESIAN_POINT( '', ( -0.0233333192033665, 0.200000000000000, -0.00500000000000000 ) );
#6817 = CARTESIAN_POINT( '', ( -0.0449500000000000, 0.200000000000000, -0.00500000000000000 ) );
#6818 = VECTOR( '', #7963, 39.3700787402000 );
#6819 = CARTESIAN_POINT( '', ( -0.0233333192033665, 0.200000000000000, 0.0500000000000000 ) );
#6820 = VECTOR( '', #7964, 39.3700787402000 );
#6821 = COLOUR_RGB( '', 0.689999997600000, 0.689999997600000, 0.689999997600000 );
#6822 = CARTESIAN_POINT( '', ( 0.0750000000000000, 0.320000000000000, -0.125000000000000 ) );
#6823 = CARTESIAN_POINT( '', ( 0.0750000000000000, 0.320000000000000, -0.125000000000000 ) );
#6824 = VECTOR( '', #7965, 39.3700787402000 );
#6825 = CARTESIAN_POINT( '', ( 0.157500000000000, 0.320000000000000, -0.125000000000000 ) );
#6826 = CARTESIAN_POINT( '', ( 0.157500000000000, 0.320000000000000, -0.125000000000000 ) );
#6827 = VECTOR( '', #7966, 39.3700787402000 );
#6828 = CARTESIAN_POINT( '', ( 0.157500000000000, 0.320000000000000, -0.125000000000000 ) );
#6829 = VECTOR( '', #7967, 39.3700787402000 );
#6830 = COLOUR_RGB( '', 0.689999997600000, 0.689999997600000, 0.689999997600000 );
#6831 = CARTESIAN_POINT( '', ( -0.0550500000000000, 0.320000000000000, -0.114900000000000 ) );
#6832 = CARTESIAN_POINT( '', ( -0.144950000000000, 0.320000000000000, -0.114900000000000 ) );
#6833 = CARTESIAN_POINT( '', ( -0.0550500000000000, 0.320000000000000, -0.114900000000000 ) );
#6834 = VECTOR( '', #7968, 39.3700787402000 );
#6835 = CARTESIAN_POINT( '', ( -0.144950000000000, 0.0900000000000000, -0.114900000000000 ) );
#6836 = CARTESIAN_POINT( '', ( -0.144950000000000, 0.0900000000000000, -0.114900000000000 ) );
#6837 = VECTOR( '', #7969, 39.3700787402000 );
#6838 = CARTESIAN_POINT( '', ( -0.0550500000000000, 0.0900000000000000, -0.114900000000000 ) );
#6839 = CARTESIAN_POINT( '', ( -0.0550500000000000, 0.0900000000000000, -0.114900000000000 ) );
#6840 = VECTOR( '', #7970, 39.3700787402000 );
#6841 = CARTESIAN_POINT( '', ( -0.0550500000000000, 0.0900000000000000, -0.114900000000000 ) );
#6842 = VECTOR( '', #7971, 39.3700787402000 );
#6843 = COLOUR_RGB( '', 0.689999997600000, 0.689999997600000, 0.689999997600000 );
#6844 = CARTESIAN_POINT( '', ( 0.180000000000000, 0.000000000000000, 0.115000000000000 ) );
#6845 = VECTOR( '', #7972, 39.3700787402000 );
#6846 = COLOUR_RGB( '', 1.00000000000000, 1.00000000000000, 0.000000000000000 );
#6847 = CARTESIAN_POINT( '', ( 0.0125000000000000, -0.0475000000000000, -0.223750000000000 ) );
#6848 = VECTOR( '', #7973, 39.3700787402000 );
#6849 = CARTESIAN_POINT( '', ( -0.0125000000000000, -0.0475000000000000, -0.223750000000000 ) );
#6850 = VECTOR( '', #7974, 39.3700787402000 );
#6851 = COLOUR_RGB( '', 1.00000000000000, 1.00000000000000, 0.000000000000000 );
#6852 = CARTESIAN_POINT( '', ( -0.0875000000000000, 0.305000000000000, -0.0437500000000000 ) );
#6853 = CARTESIAN_POINT( '', ( -0.0875000000000000, 0.298750000000000, -0.0375000000000000 ) );
#6854 = CARTESIAN_POINT( '', ( -0.0875000000000000, 0.305000000000000, -0.0437500000000000 ) );
#6855 = VECTOR( '', #7975, 39.3700787402000 );
#6856 = CARTESIAN_POINT( '', ( 0.112500000000000, 0.305000000000000, -0.0437500000000000 ) );
#6857 = VECTOR( '', #7976, 39.3700787402000 );
#6858 = CARTESIAN_POINT( '', ( 0.112500000000000, 0.298750000000000, -0.0375000000000000 ) );
#6859 = VECTOR( '', #7977, 39.3700787402000 );
#6860 = COLOUR_RGB( '', 1.00000000000000, 1.00000000000000, 0.000000000000000 );
#6861 = CARTESIAN_POINT( '', ( 0.0125000000000000, 0.0400000000000000, -0.0375000000000000 ) );
#6862 = CARTESIAN_POINT( '', ( 0.0125000000000000, -0.0225000000000000, -0.0375000000000000 ) );
#6863 = CARTESIAN_POINT( '', ( 0.0125000000000000, 0.0400000000000000, -0.0375000000000000 ) );
#6864 = VECTOR( '', #7978, 39.3700787402000 );
#6865 = CARTESIAN_POINT( '', ( -0.0125000000000000, 0.0400000000000000, -0.0375000000000000 ) );
#6866 = CARTESIAN_POINT( '', ( 0.112500000000000, 0.0400000000000000, -0.0375000000000000 ) );
#6867 = VECTOR( '', #7979, 39.3700787402000 );
#6868 = CARTESIAN_POINT( '', ( -0.0125000000000000, -0.0225000000000000, -0.0375000000000000 ) );
#6869 = CARTESIAN_POINT( '', ( -0.0125000000000000, 0.0400000000000000, -0.0375000000000000 ) );
#6870 = VECTOR( '', #7980, 39.3700787402000 );
#6871 = CARTESIAN_POINT( '', ( 0.112500000000000, -0.0225000000000000, -0.0375000000000000 ) );
#6872 = VECTOR( '', #7981, 39.3700787402000 );
#6873 = COLOUR_RGB( '', 0.689999997600000, 0.689999997600000, 0.689999997600000 );
#6874 = CARTESIAN_POINT( '', ( -0.0449500000000000, 0.320000000000000, -0.0600000000000000 ) );
#6875 = CARTESIAN_POINT( '', ( -0.0550500000000000, 0.320000000000000, -0.0600000000000000 ) );
#6876 = CARTESIAN_POINT( '', ( -0.0300000000000000, 0.320000000000000, -0.0600000000000000 ) );
#6877 = VECTOR( '', #7982, 39.3700787402000 );
#6878 = CARTESIAN_POINT( '', ( -0.0550500000000000, 0.0900000000000000, -0.0600000000000000 ) );
#6879 = CARTESIAN_POINT( '', ( -0.0550500000000000, 0.0900000000000000, -0.0600000000000000 ) );
#6880 = VECTOR( '', #7983, 39.3700787402000 );
#6881 = CARTESIAN_POINT( '', ( -0.0449500000000000, 0.0900000000000000, -0.0600000000000000 ) );
#6882 = CARTESIAN_POINT( '', ( -0.0300000000000000, 0.0900000000000000, -0.0600000000000000 ) );
#6883 = VECTOR( '', #7984, 39.3700787402000 );
#6884 = CARTESIAN_POINT( '', ( -0.0449500000000000, 0.0900000000000000, -0.0600000000000000 ) );
#6885 = VECTOR( '', #7985, 39.3700787402000 );
#6886 = COLOUR_RGB( '', 0.689999997600000, 0.689999997600000, 0.689999997600000 );
#6887 = CARTESIAN_POINT( '', ( 0.157500000000000, 0.000000000000000, 0.115000000000000 ) );
#6888 = CARTESIAN_POINT( '', ( 0.157500000000000, 0.000000000000000, 0.115000000000000 ) );
#6889 = VECTOR( '', #7986, 39.3700787402000 );
#6890 = CARTESIAN_POINT( '', ( 0.180000000000000, 0.000000000000000, 0.115000000000000 ) );
#6891 = VECTOR( '', #7987, 39.3700787402000 );
#6892 = COLOUR_RGB( '', 0.689999997600000, 0.689999997600000, 0.689999997600000 );
#6893 = CARTESIAN_POINT( '', ( 0.0550500000000000, 0.320000000000000, -0.0600000000000000 ) );
#6894 = CARTESIAN_POINT( '', ( 0.0449500000000000, 0.320000000000000, -0.0600000000000000 ) );
#6895 = CARTESIAN_POINT( '', ( 0.0700000000000000, 0.320000000000000, -0.0600000000000000 ) );
#6896 = VECTOR( '', #7988, 39.3700787402000 );
#6897 = CARTESIAN_POINT( '', ( 0.0449500000000000, 0.0900000000000000, -0.0600000000000000 ) );
#6898 = CARTESIAN_POINT( '', ( 0.0449500000000000, 0.0900000000000000, -0.0600000000000000 ) );
#6899 = VECTOR( '', #7989, 39.3700787402000 );
#6900 = CARTESIAN_POINT( '', ( 0.0550500000000000, 0.0900000000000000, -0.0600000000000000 ) );
#6901 = CARTESIAN_POINT( '', ( 0.0700000000000000, 0.0900000000000000, -0.0600000000000000 ) );
#6902 = VECTOR( '', #7990, 39.3700787402000 );
#6903 = CARTESIAN_POINT( '', ( 0.0550500000000000, 0.0900000000000000, -0.0600000000000000 ) );
#6904 = VECTOR( '', #7991, 39.3700787402000 );
#6905 = COLOUR_RGB( '', 1.00000000000000, 1.00000000000000, 0.000000000000000 );
#6906 = CARTESIAN_POINT( '', ( -0.0875000000000000, -0.172500000000000, 0.0125000000000000 ) );
#6907 = AXIS2_PLACEMENT_3D( '', #7992, #7993, #7994 );
#6908 = CARTESIAN_POINT( '', ( -0.0875000000000000, -0.172500000000000, -0.223750000000000 ) );
#6909 = CARTESIAN_POINT( '', ( -0.0875000000000000, -0.172500000000000, 0.0125000000000000 ) );
#6910 = VECTOR( '', #7995, 39.3700787402000 );
#6911 = CARTESIAN_POINT( '', ( -0.0875000000000000, -0.166250000000000, -0.230000000000000 ) );
#6912 = CARTESIAN_POINT( '', ( -0.0875000000000000, -0.172500000000000, -0.223750000000000 ) );
#6913 = VECTOR( '', #7996, 39.3700787402000 );
#6914 = CARTESIAN_POINT( '', ( -0.0875000000000000, -0.153750000000000, -0.230000000000000 ) );
#6915 = CARTESIAN_POINT( '', ( -0.0875000000000000, 0.0400000000000000, -0.230000000000000 ) );
#6916 = VECTOR( '', #7997, 39.3700787402000 );
#6917 = CARTESIAN_POINT( '', ( -0.0875000000000000, -0.147500000000000, -0.223750000000000 ) );
#6918 = CARTESIAN_POINT( '', ( -0.0875000000000000, -0.153750000000000, -0.230000000000000 ) );
#6919 = VECTOR( '', #7998, 39.3700787402000 );
#6920 = CARTESIAN_POINT( '', ( -0.0875000000000000, -0.147500000000000, -0.223750000000000 ) );
#6921 = VECTOR( '', #7999, 39.3700787402000 );
#6922 = CARTESIAN_POINT( '', ( -0.0875000000000000, 0.0400000000000000, 0.0375000000000000 ) );
#6923 = CARTESIAN_POINT( '', ( -0.0875000000000000, -0.122500000000000, 0.0375000000000000 ) );
#6924 = VECTOR( '', #8000, 39.3700787402000 );
#6925 = CARTESIAN_POINT( '', ( -0.0875000000000000, 0.0400000000000000, 0.145000000000000 ) );
#6926 = VECTOR( '', #8001, 39.3700787402000 );
#6927 = COLOUR_RGB( '', 0.689999997600000, 0.689999997600000, 0.689999997600000 );
#6928 = CARTESIAN_POINT( '', ( -0.157500000000000, 0.0200000000000000, -0.115000000000000 ) );
#6929 = VECTOR( '', #8002, 39.3700787402000 );
#6930 = COLOUR_RGB( '', 1.00000000000000, 1.00000000000000, 0.000000000000000 );
#6931 = CARTESIAN_POINT( '', ( -0.0875000000000000, 0.0600000000000000, -0.0625000000000000 ) );
#6932 = CARTESIAN_POINT( '', ( -0.0875000000000000, 0.0600000000000000, 0.145000000000000 ) );
#6933 = VECTOR( '', #8003, 39.3700787402000 );
#6934 = CARTESIAN_POINT( '', ( -0.0875000000000000, 0.298750000000000, -0.0625000000000000 ) );
#6935 = CARTESIAN_POINT( '', ( -0.0875000000000000, -0.0225000000000000, -0.0625000000000000 ) );
#6936 = VECTOR( '', #8004, 39.3700787402000 );
#6937 = CARTESIAN_POINT( '', ( -0.0875000000000000, 0.305000000000000, -0.0562500000000000 ) );
#6938 = CARTESIAN_POINT( '', ( -0.0875000000000000, 0.298750000000000, -0.0625000000000000 ) );
#6939 = VECTOR( '', #8005, 39.3700787402000 );
#6940 = CARTESIAN_POINT( '', ( -0.0875000000000000, 0.305000000000000, -0.0562500000000000 ) );
#6941 = VECTOR( '', #8006, 39.3700787402000 );
#6942 = CARTESIAN_POINT( '', ( -0.0875000000000000, 0.0650000000000000, -0.0375000000000000 ) );
#6943 = CARTESIAN_POINT( '', ( -0.0875000000000000, 0.298750000000000, -0.0375000000000000 ) );
#6944 = VECTOR( '', #8007, 39.3700787402000 );
#6945 = CARTESIAN_POINT( '', ( -0.0875000000000000, 0.0650000000000000, -0.0375000000000000 ) );
#6946 = VECTOR( '', #8008, 39.3700787402000 );
#6947 = CARTESIAN_POINT( '', ( -0.0875000000000000, 0.298750000000000, 0.0375000000000000 ) );
#6948 = VECTOR( '', #8009, 39.3700787402000 );
#6949 = COLOUR_RGB( '', 1.00000000000000, 1.00000000000000, 0.000000000000000 );
#6950 = CARTESIAN_POINT( '', ( 0.112500000000000, -0.172500000000000, 0.0125000000000000 ) );
#6951 = VECTOR( '', #8010, 39.3700787402000 );
#6952 = CARTESIAN_POINT( '', ( 0.112500000000000, -0.172500000000000, -0.223750000000000 ) );
#6953 = VECTOR( '', #8011, 39.3700787402000 );
#6954 = COLOUR_RGB( '', 0.689999997600000, 0.689999997600000, 0.689999997600000 );
#6955 = CARTESIAN_POINT( '', ( 0.0449500000000000, 0.320000000000000, -0.114900000000000 ) );
#6956 = CARTESIAN_POINT( '', ( -0.0449500000000000, 0.320000000000000, -0.114900000000000 ) );
#6957 = CARTESIAN_POINT( '', ( 0.0449500000000000, 0.320000000000000, -0.114900000000000 ) );
#6958 = VECTOR( '', #8012, 39.3700787402000 );
#6959 = CARTESIAN_POINT( '', ( -0.0449500000000000, 0.0900000000000000, -0.114900000000000 ) );
#6960 = CARTESIAN_POINT( '', ( -0.0449500000000000, 0.0900000000000000, -0.114900000000000 ) );
#6961 = VECTOR( '', #8013, 39.3700787402000 );
#6962 = CARTESIAN_POINT( '', ( 0.0449500000000000, 0.0900000000000000, -0.114900000000000 ) );
#6963 = CARTESIAN_POINT( '', ( 0.0449500000000000, 0.0900000000000000, -0.114900000000000 ) );
#6964 = VECTOR( '', #8014, 39.3700787402000 );
#6965 = CARTESIAN_POINT( '', ( 0.0449500000000000, 0.0900000000000000, -0.114900000000000 ) );
#6966 = VECTOR( '', #8015, 39.3700787402000 );
#6967 = COLOUR_RGB( '', 0.689999997600000, 0.689999997600000, 0.689999997600000 );
#6968 = CARTESIAN_POINT( '', ( 0.0550500000000000, 0.0900000000000000, 0.115000000000000 ) );
#6969 = CARTESIAN_POINT( '', ( 0.0550500000000000, 0.0900000000000000, 0.00510000000000000 ) );
#6970 = VECTOR( '', #8016, 39.3700787402000 );
#6971 = CARTESIAN_POINT( '', ( 0.0550500000000000, 0.0900000000000000, 0.115000000000000 ) );
#6972 = VECTOR( '', #8017, 39.3700787402000 );
#6973 = COLOUR_RGB( '', 0.689999997600000, 0.689999997600000, 0.689999997600000 );
#6974 = CARTESIAN_POINT( '', ( -0.0449500000000000, 0.320000000000000, 0.115000000000000 ) );
#6975 = CARTESIAN_POINT( '', ( -0.0449500000000000, 0.320000000000000, 0.00510000000000000 ) );
#6976 = VECTOR( '', #8018, 39.3700787402000 );
#6977 = CARTESIAN_POINT( '', ( -0.0449500000000000, 0.0900000000000000, 0.115000000000000 ) );
#6978 = VECTOR( '', #8019, 39.3700787402000 );
#6979 = COLOUR_RGB( '', 1.00000000000000, 1.00000000000000, 0.000000000000000 );
#6980 = CARTESIAN_POINT( '', ( 0.112500000000000, -0.0475000000000000, -0.223750000000000 ) );
#6981 = CARTESIAN_POINT( '', ( 0.112500000000000, -0.0475000000000000, -0.223750000000000 ) );
#6982 = VECTOR( '', #8020, 39.3700787402000 );
#6983 = CARTESIAN_POINT( '', ( 0.112500000000000, -0.0537500000000000, -0.230000000000000 ) );
#6984 = VECTOR( '', #8021, 39.3700787402000 );
#6985 = COLOUR_RGB( '', 0.689999997600000, 0.689999997600000, 0.689999997600000 );
#6986 = CARTESIAN_POINT( '', ( -0.136373040278640, 0.320000000000000, 0.00510000000000001 ) );
#6987 = CARTESIAN_POINT( '', ( -0.0101750420285772, 0.118040985904561, 0.00510000000000001 ) );
#6988 = VECTOR( '', #8022, 39.3700787402000 );
#6989 = CARTESIAN_POINT( '', ( -0.0550500000000000, 0.320000000000000, 0.00510000000000001 ) );
#6990 = VECTOR( '', #8023, 39.3700787402000 );
#6991 = CARTESIAN_POINT( '', ( -0.0550500000000000, 0.0900000000000000, 0.00510000000000001 ) );
#6992 = VECTOR( '', #8024, 39.3700787402000 );
#6993 = CARTESIAN_POINT( '', ( -0.0636269597213601, 0.320000000000000, 0.00510000000000001 ) );
#6994 = CARTESIAN_POINT( '', ( -0.0550500000000000, 0.320000000000000, 0.00510000000000001 ) );
#6995 = VECTOR( '', #8025, 39.3700787402000 );
#6996 = CARTESIAN_POINT( '', ( -0.0730000000000000, 0.305000000000000, 0.00510000000000001 ) );
#6997 = CARTESIAN_POINT( '', ( -0.164579741019592, 0.158441778285709, 0.00510000000000001 ) );
#6998 = VECTOR( '', #8026, 39.3700787402000 );
#6999 = CARTESIAN_POINT( '', ( -0.0766666807966335, 0.200000000000000, 0.00510000000000001 ) );
#7000 = CARTESIAN_POINT( '', ( -0.0804769582785754, 0.0908879289489224, 0.00510000000000001 ) );
#7001 = VECTOR( '', #8027, 39.3700787402000 );
#7002 = CARTESIAN_POINT( '', ( -0.0550500000000000, 0.200000000000000, 0.00510000000000001 ) );
#7003 = VECTOR( '', #8028, 39.3700787402000 );
#7004 = COLOUR_RGB( '', 0.689999997600000, 0.689999997600000, 0.689999997600000 );
#7005 = CARTESIAN_POINT( '', ( 0.123333319203367, 0.200000000000000, 0.0500000000000000 ) );
#7006 = VECTOR( '', #8029, 39.3700787402000 );
#7007 = COLOUR_RGB( '', 1.00000000000000, 1.00000000000000, 0.000000000000000 );
#7008 = CARTESIAN_POINT( '', ( 0.0125000000000000, -0.122500000000000, 0.0375000000000000 ) );
#7009 = CARTESIAN_POINT( '', ( 0.0125000000000000, 0.0400000000000000, 0.0375000000000000 ) );
#7010 = CARTESIAN_POINT( '', ( 0.0125000000000000, -0.122500000000000, 0.0375000000000000 ) );
#7011 = VECTOR( '', #8030, 39.3700787402000 );
#7012 = CARTESIAN_POINT( '', ( -0.0125000000000000, -0.122500000000000, 0.0375000000000000 ) );
#7013 = CARTESIAN_POINT( '', ( 0.112500000000000, -0.122500000000000, 0.0375000000000000 ) );
#7014 = VECTOR( '', #8031, 39.3700787402000 );
#7015 = CARTESIAN_POINT( '', ( -0.0125000000000000, 0.0400000000000000, 0.0375000000000000 ) );
#7016 = CARTESIAN_POINT( '', ( -0.0125000000000000, -0.122500000000000, 0.0375000000000000 ) );
#7017 = VECTOR( '', #8032, 39.3700787402000 );
#7018 = CARTESIAN_POINT( '', ( 0.112500000000000, 0.0400000000000000, 0.0375000000000000 ) );
#7019 = VECTOR( '', #8033, 39.3700787402000 );
#7020 = COLOUR_RGB( '', 0.689999997600000, 0.689999997600000, 0.689999997600000 );
#7021 = CARTESIAN_POINT( '', ( -0.136373040278640, 0.320000000000000, -0.00500000000000000 ) );
#7022 = CARTESIAN_POINT( '', ( -0.0354202589804079, 0.158441778285708, -0.00500000000000000 ) );
#7023 = VECTOR( '', #8034, 39.3700787402000 );
#7024 = CARTESIAN_POINT( '', ( -0.0766666807966335, 0.200000000000000, -0.00500000000000000 ) );
#7025 = CARTESIAN_POINT( '', ( -0.144950000000000, 0.200000000000000, -0.00500000000000000 ) );
#7026 = VECTOR( '', #8035, 39.3700787402000 );
#7027 = CARTESIAN_POINT( '', ( -0.0730000000000000, 0.305000000000000, -0.00500000000000000 ) );
#7028 = CARTESIAN_POINT( '', ( -0.0805864542193963, 0.0877523754541240, -0.00500000000000000 ) );
#7029 = VECTOR( '', #8036, 39.3700787402000 );
#7030 = CARTESIAN_POINT( '', ( -0.0636269597213601, 0.320000000000000, -0.00500000000000000 ) );
#7031 = CARTESIAN_POINT( '', ( -0.189824957971423, 0.118040985904562, -0.00500000000000000 ) );
#7032 = VECTOR( '', #8037, 39.3700787402000 );
#7033 = CARTESIAN_POINT( '', ( -0.0550500000000000, 0.320000000000000, -0.00500000000000000 ) );
#7034 = CARTESIAN_POINT( '', ( -0.144950000000000, 0.320000000000000, -0.00500000000000000 ) );
#7035 = VECTOR( '', #8038, 39.3700787402000 );
#7036 = CARTESIAN_POINT( '', ( -0.0550500000000000, 0.0900000000000000, -0.00500000000000000 ) );
#7037 = CARTESIAN_POINT( '', ( -0.0550500000000000, 0.0900000000000000, -0.00500000000000000 ) );
#7038 = VECTOR( '', #8039, 39.3700787402000 );
#7039 = CARTESIAN_POINT( '', ( -0.144950000000000, 0.0900000000000000, -0.00500000000000000 ) );
#7040 = CARTESIAN_POINT( '', ( -0.144950000000000, 0.0900000000000000, -0.00500000000000000 ) );
#7041 = VECTOR( '', #8040, 39.3700787402000 );
#7042 = CARTESIAN_POINT( '', ( -0.144950000000000, 0.320000000000000, -0.00500000000000000 ) );
#7043 = CARTESIAN_POINT( '', ( -0.144950000000000, 0.0900000000000000, -0.00500000000000000 ) );
#7044 = VECTOR( '', #8041, 39.3700787402000 );
#7045 = CARTESIAN_POINT( '', ( -0.144950000000000, 0.320000000000000, -0.00500000000000000 ) );
#7046 = VECTOR( '', #8042, 39.3700787402000 );
#7047 = COLOUR_RGB( '', 0.689999997600000, 0.689999997600000, 0.689999997600000 );
#7048 = CARTESIAN_POINT( '', ( 0.157500000000000, 0.320000000000000, 0.145000000000000 ) );
#7049 = CARTESIAN_POINT( '', ( 0.180000000000000, 0.320000000000000, 0.145000000000000 ) );
#7050 = VECTOR( '', #8043, 39.3700787402000 );
#7051 = CARTESIAN_POINT( '', ( 0.157500000000000, 0.000000000000000, 0.145000000000000 ) );
#7052 = CARTESIAN_POINT( '', ( 0.157500000000000, -0.0200000000000000, 0.145000000000000 ) );
#7053 = VECTOR( '', #8044, 39.3700787402000 );
#7054 = CARTESIAN_POINT( '', ( 0.180000000000000, 0.000000000000000, 0.145000000000000 ) );
#7055 = VECTOR( '', #8045, 39.3700787402000 );
#7056 = COLOUR_RGB( '', 1.00000000000000, 1.00000000000000, 0.000000000000000 );
#7057 = CARTESIAN_POINT( '', ( 0.112500000000000, 0.305000000000000, 0.0562500000000000 ) );
#7058 = VECTOR( '', #8046, 39.3700787402000 );
#7059 = COLOUR_RGB( '', 0.689999997600000, 0.689999997600000, 0.689999997600000 );
#7060 = COLOUR_RGB( '', 1.00000000000000, 1.00000000000000, 0.000000000000000 );
#7061 = CARTESIAN_POINT( '', ( 0.112500000000000, -0.0662500000000000, -0.230000000000000 ) );
#7062 = VECTOR( '', #8047, 39.3700787402000 );
#7063 = CARTESIAN_POINT( '', ( 0.112500000000000, -0.0537500000000000, -0.230000000000000 ) );
#7064 = VECTOR( '', #8048, 39.3700787402000 );
#7065 = COLOUR_RGB( '', 1.00000000000000, 1.00000000000000, 0.000000000000000 );
#7066 = CARTESIAN_POINT( '', ( 0.112500000000000, 0.0400000000000000, -0.0375000000000000 ) );
#7067 = VECTOR( '', #8049, 39.3700787402000 );
#7068 = CARTESIAN_POINT( '', ( 0.112500000000000, -0.0225000000000000, -0.0375000000000000 ) );
#7069 = VECTOR( '', #8050, 39.3700787402000 );
#7070 = COLOUR_RGB( '', 1.00000000000000, 1.00000000000000, 0.000000000000000 );
#7071 = CARTESIAN_POINT( '', ( 0.0125000000000000, -0.0725000000000000, -0.0875000000000000 ) );
#7072 = AXIS2_PLACEMENT_3D( '', #8051, #8052, #8053 );
#7073 = CARTESIAN_POINT( '', ( 0.0125000000000000, -0.0725000000000000, -0.223750000000000 ) );
#7074 = CARTESIAN_POINT( '', ( 0.0125000000000000, -0.0725000000000000, -0.0875000000000000 ) );
#7075 = VECTOR( '', #8054, 39.3700787402000 );
#7076 = CARTESIAN_POINT( '', ( 0.0125000000000000, -0.0662499999999999, -0.230000000000000 ) );
#7077 = CARTESIAN_POINT( '', ( 0.0125000000000000, -0.0725000000000000, -0.223750000000000 ) );
#7078 = VECTOR( '', #8055, 39.3700787402000 );
#7079 = CARTESIAN_POINT( '', ( 0.0125000000000000, 0.0400000000000000, -0.230000000000000 ) );
#7080 = VECTOR( '', #8056, 39.3700787402000 );
#7081 = CARTESIAN_POINT( '', ( 0.0125000000000000, 0.0400000000000000, -0.0625000000000000 ) );
#7082 = CARTESIAN_POINT( '', ( 0.0125000000000000, -0.0225000000000000, -0.0625000000000000 ) );
#7083 = VECTOR( '', #8057, 39.3700787402000 );
#7084 = CARTESIAN_POINT( '', ( 0.0125000000000000, 0.0400000000000000, 0.145000000000000 ) );
#7085 = VECTOR( '', #8058, 39.3700787402000 );
#7086 = COLOUR_RGB( '', 1.00000000000000, 1.00000000000000, 0.000000000000000 );
#7087 = CARTESIAN_POINT( '', ( 0.0125000000000000, 0.0650000000000000, -0.0375000000000000 ) );
#7088 = CARTESIAN_POINT( '', ( 0.112500000000000, 0.0650000000000000, -0.0375000000000000 ) );
#7089 = VECTOR( '', #8059, 39.3700787402000 );
#7090 = CARTESIAN_POINT( '', ( 0.0125000000000000, 0.298750000000000, -0.0375000000000000 ) );
#7091 = CARTESIAN_POINT( '', ( 0.0125000000000000, 0.298750000000000, -0.0375000000000000 ) );
#7092 = VECTOR( '', #8060, 39.3700787402000 );
#7093 = CARTESIAN_POINT( '', ( 0.112500000000000, 0.298750000000000, -0.0375000000000000 ) );
#7094 = VECTOR( '', #8061, 39.3700787402000 );
#7095 = COLOUR_RGB( '', 0.689999997600000, 0.689999997600000, 0.689999997600000 );
#7096 = CARTESIAN_POINT( '', ( 0.0449500000000000, 0.0900000000000000, -0.00500000000000000 ) );
#7097 = VECTOR( '', #8062, 39.3700787402000 );
#7098 = CARTESIAN_POINT( '', ( 0.0449500000000000, 0.320000000000000, -0.00500000000000000 ) );
#7099 = VECTOR( '', #8063, 39.3700787402000 );
#7100 = COLOUR_RGB( '', 0.689999997600000, 0.689999997600000, 0.689999997600000 );
#7101 = CARTESIAN_POINT( '', ( 0.0550500000000000, 0.320000000000000, 0.115000000000000 ) );
#7102 = CARTESIAN_POINT( '', ( 0.0550500000000000, 0.320000000000000, 0.00510000000000000 ) );
#7103 = VECTOR( '', #8064, 39.3700787402000 );
#7104 = CARTESIAN_POINT( '', ( 0.0550500000000000, 0.0900000000000000, 0.115000000000000 ) );
#7105 = VECTOR( '', #8065, 39.3700787402000 );
#7106 = COLOUR_RGB( '', 0.689999997600000, 0.689999997600000, 0.689999997600000 );
#7107 = CARTESIAN_POINT( '', ( 0.175000000000000, 0.320000000000000, -0.0250000000000000 ) );
#7108 = CARTESIAN_POINT( '', ( 0.175000000000000, 0.320000000000000, -0.0750000000000000 ) );
#7109 = VECTOR( '', #8066, 39.3700787402000 );
#7110 = CARTESIAN_POINT( '', ( 0.175000000000000, 0.320000000000000, -0.0250000000000000 ) );
#7111 = VECTOR( '', #8067, 39.3700787402000 );
#7112 = COLOUR_RGB( '', 1.00000000000000, 1.00000000000000, 0.000000000000000 );
#7113 = CARTESIAN_POINT( '', ( 0.0125000000000000, -0.172500000000000, 0.0125000000000000 ) );
#7114 = AXIS2_PLACEMENT_3D( '', #8068, #8069, #8070 );
#7115 = CARTESIAN_POINT( '', ( 0.0125000000000000, -0.172500000000000, -0.223750000000000 ) );
#7116 = CARTESIAN_POINT( '', ( 0.0125000000000000, -0.172500000000000, 0.0125000000000000 ) );
#7117 = VECTOR( '', #8071, 39.3700787402000 );
#7118 = CARTESIAN_POINT( '', ( 0.0125000000000000, -0.166250000000000, -0.230000000000000 ) );
#7119 = CARTESIAN_POINT( '', ( 0.0125000000000000, -0.172500000000000, -0.223750000000000 ) );
#7120 = VECTOR( '', #8072, 39.3700787402000 );
#7121 = CARTESIAN_POINT( '', ( 0.0125000000000000, -0.153750000000000, -0.230000000000000 ) );
#7122 = CARTESIAN_POINT( '', ( 0.0125000000000000, 0.0400000000000000, -0.230000000000000 ) );
#7123 = VECTOR( '', #8073, 39.3700787402000 );
#7124 = CARTESIAN_POINT( '', ( 0.0125000000000000, -0.147500000000000, -0.223750000000000 ) );
#7125 = CARTESIAN_POINT( '', ( 0.0125000000000000, -0.153750000000000, -0.230000000000000 ) );
#7126 = VECTOR( '', #8074, 39.3700787402000 );
#7127 = CARTESIAN_POINT( '', ( 0.0125000000000000, -0.147500000000000, 0.0125000000000000 ) );
#7128 = CARTESIAN_POINT( '', ( 0.0125000000000000, -0.147500000000000, -0.223750000000000 ) );
#7129 = VECTOR( '', #8075, 39.3700787402000 );
#7130 = AXIS2_PLACEMENT_3D( '', #8076, #8077, #8078 );
#7131 = CARTESIAN_POINT( '', ( 0.0125000000000000, 0.0400000000000000, 0.145000000000000 ) );
#7132 = VECTOR( '', #8079, 39.3700787402000 );
#7133 = COLOUR_RGB( '', 1.00000000000000, 1.00000000000000, 0.000000000000000 );
#7134 = AXIS2_PLACEMENT_3D( '', #8080, #8081, #8082 );
#7135 = COLOUR_RGB( '', 1.00000000000000, 1.00000000000000, 0.000000000000000 );
#7136 = CARTESIAN_POINT( '', ( -0.0125000000000000, -0.147500000000000, -0.223750000000000 ) );
#7137 = CARTESIAN_POINT( '', ( 0.112500000000000, -0.147500000000000, -0.223750000000000 ) );
#7138 = VECTOR( '', #8083, 39.3700787402000 );
#7139 = CARTESIAN_POINT( '', ( -0.0125000000000000, -0.147500000000000, 0.0125000000000000 ) );
#7140 = CARTESIAN_POINT( '', ( -0.0125000000000000, -0.147500000000000, -0.223750000000000 ) );
#7141 = VECTOR( '', #8084, 39.3700787402000 );
#7142 = CARTESIAN_POINT( '', ( 0.112500000000000, -0.147500000000000, 0.0125000000000000 ) );
#7143 = VECTOR( '', #8085, 39.3700787402000 );
#7144 = COLOUR_RGB( '', 1.00000000000000, 1.00000000000000, 0.000000000000000 );
#7145 = CARTESIAN_POINT( '', ( 0.112500000000000, -0.166250000000000, -0.230000000000000 ) );
#7146 = VECTOR( '', #8086, 39.3700787402000 );
#7147 = COLOUR_RGB( '', 1.00000000000000, 1.00000000000000, 0.000000000000000 );
#7148 = CARTESIAN_POINT( '', ( -0.0125000000000000, -0.172500000000000, -0.223750000000000 ) );
#7149 = CARTESIAN_POINT( '', ( 0.112500000000000, -0.172500000000000, -0.223750000000000 ) );
#7150 = VECTOR( '', #8087, 39.3700787402000 );
#7151 = CARTESIAN_POINT( '', ( -0.0125000000000000, -0.166250000000000, -0.230000000000000 ) );
#7152 = CARTESIAN_POINT( '', ( -0.0125000000000000, -0.172500000000000, -0.223750000000000 ) );
#7153 = VECTOR( '', #8088, 39.3700787402000 );
#7154 = CARTESIAN_POINT( '', ( 0.112500000000000, -0.166250000000000, -0.230000000000000 ) );
#7155 = VECTOR( '', #8089, 39.3700787402000 );
#7156 = COLOUR_RGB( '', 0.689999997600000, 0.689999997600000, 0.689999997600000 );
#7157 = CARTESIAN_POINT( '', ( -0.0270000000000000, 0.305000000000000, -0.00500000000000000 ) );
#7158 = CARTESIAN_POINT( '', ( -0.0270000000000000, 0.305000000000000, 0.0500000000000000 ) );
#7159 = VECTOR( '', #8090, 39.3700787402000 );
#7160 = CARTESIAN_POINT( '', ( -0.0363730402786399, 0.320000000000000, -0.00500000000000000 ) );
#7161 = CARTESIAN_POINT( '', ( 0.0645797410195924, 0.158441778285709, -0.00500000000000000 ) );
#7162 = VECTOR( '', #8091, 39.3700787402000 );
#7163 = CARTESIAN_POINT( '', ( -0.0363730402786399, 0.320000000000000, 0.0500000000000000 ) );
#7164 = VECTOR( '', #8092, 39.3700787402000 );
#7165 = COLOUR_RGB( '', 0.689999997600000, 0.689999997600000, 0.689999997600000 );
#7166 = CARTESIAN_POINT( '', ( -0.0550500000000000, 0.0900000000000000, -0.00500000000000000 ) );
#7167 = VECTOR( '', #8093, 39.3700787402000 );
#7168 = CARTESIAN_POINT( '', ( -0.0550500000000000, 0.320000000000000, -0.00500000000000000 ) );
#7169 = VECTOR( '', #8094, 39.3700787402000 );
#7170 = COLOUR_RGB( '', 0.689999997600000, 0.689999997600000, 0.689999997600000 );
#7171 = CARTESIAN_POINT( '', ( 0.127000000000000, 0.305000000000000, 0.0500000000000000 ) );
#7172 = VECTOR( '', #8095, 39.3700787402000 );
#7173 = CARTESIAN_POINT( '', ( 0.136373040278640, 0.320000000000000, 0.0500000000000000 ) );
#7174 = VECTOR( '', #8096, 39.3700787402000 );
#7175 = COLOUR_RGB( '', 1.00000000000000, 1.00000000000000, 0.000000000000000 );
#7176 = CARTESIAN_POINT( '', ( 0.112500000000000, 0.0650000000000000, -0.0375000000000000 ) );
#7177 = VECTOR( '', #8097, 39.3700787402000 );
#7178 = COLOUR_RGB( '', 0.689999997600000, 0.689999997600000, 0.689999997600000 );
#7179 = CARTESIAN_POINT( '', ( 0.157500000000000, 0.320000000000000, -0.145000000000000 ) );
#7180 = CARTESIAN_POINT( '', ( 0.157500000000000, 0.320000000000000, -0.145000000000000 ) );
#7181 = VECTOR( '', #8098, 39.3700787402000 );
#7182 = CARTESIAN_POINT( '', ( 0.157500000000000, 0.000000000000000, -0.145000000000000 ) );
#7183 = CARTESIAN_POINT( '', ( 0.157500000000000, -0.0200000000000000, -0.145000000000000 ) );
#7184 = VECTOR( '', #8099, 39.3700787402000 );
#7185 = CARTESIAN_POINT( '', ( 0.157500000000000, 0.000000000000000, -0.115000000000000 ) );
#7186 = CARTESIAN_POINT( '', ( 0.157500000000000, 0.000000000000000, -0.115000000000000 ) );
#7187 = VECTOR( '', #8100, 39.3700787402000 );
#7188 = CARTESIAN_POINT( '', ( 0.157500000000000, 0.0200000000000000, -0.115000000000000 ) );
#7189 = VECTOR( '', #8101, 39.3700787402000 );
#7190 = COLOUR_RGB( '', 0.689999997600000, 0.689999997600000, 0.689999997600000 );
#7191 = CARTESIAN_POINT( '', ( 0.0750000000000000, 0.320000000000000, -0.145000000000000 ) );
#7192 = CARTESIAN_POINT( '', ( 0.180000000000000, 0.320000000000000, -0.145000000000000 ) );
#7193 = VECTOR( '', #8102, 39.3700787402000 );
#7194 = CARTESIAN_POINT( '', ( 0.0750000000000000, 0.320000000000000, -0.145000000000000 ) );
#7195 = VECTOR( '', #8103, 39.3700787402000 );
#7196 = CARTESIAN_POINT( '', ( 0.0675000000000000, 0.000000000000000, -0.145000000000000 ) );
#7197 = CARTESIAN_POINT( '', ( 0.0675000000000000, 0.0200000000000000, -0.145000000000000 ) );
#7198 = VECTOR( '', #8104, 39.3700787402000 );
#7199 = CARTESIAN_POINT( '', ( 0.0325000000000000, 0.000000000000000, -0.145000000000000 ) );
#7200 = CARTESIAN_POINT( '', ( 0.180000000000000, 0.000000000000000, -0.145000000000000 ) );
#7201 = VECTOR( '', #8105, 39.3700787402000 );
#7202 = CARTESIAN_POINT( '', ( 0.0325000000000000, 0.000000000000000, -0.145000000000000 ) );
#7203 = VECTOR( '', #8106, 39.3700787402000 );
#7204 = CARTESIAN_POINT( '', ( -0.0325000000000000, 0.000000000000000, -0.145000000000000 ) );
#7205 = CARTESIAN_POINT( '', ( -0.0325000000000000, 0.0200000000000000, -0.145000000000000 ) );
#7206 = VECTOR( '', #8107, 39.3700787402000 );
#7207 = CARTESIAN_POINT( '', ( -0.0675000000000000, 0.000000000000000, -0.145000000000000 ) );
#7208 = CARTESIAN_POINT( '', ( 0.180000000000000, 0.000000000000000, -0.145000000000000 ) );
#7209 = VECTOR( '', #8108, 39.3700787402000 );
#7210 = CARTESIAN_POINT( '', ( -0.0675000000000000, 0.000000000000000, -0.145000000000000 ) );
#7211 = VECTOR( '', #8109, 39.3700787402000 );
#7212 = COLOUR_RGB( '', 1.00000000000000, 1.00000000000000, 0.000000000000000 );
#7213 = CARTESIAN_POINT( '', ( 0.112500000000000, 0.298750000000000, -0.0625000000000000 ) );
#7214 = VECTOR( '', #8110, 39.3700787402000 );
#7215 = CARTESIAN_POINT( '', ( 0.112500000000000, 0.305000000000000, -0.0562500000000000 ) );
#7216 = VECTOR( '', #8111, 39.3700787402000 );
#7217 = COLOUR_RGB( '', 1.00000000000000, 1.00000000000000, 0.000000000000000 );
#7218 = CARTESIAN_POINT( '', ( -0.0125000000000000, -0.0662500000000000, -0.230000000000000 ) );
#7219 = CARTESIAN_POINT( '', ( 0.112500000000000, -0.0662500000000000, -0.230000000000000 ) );
#7220 = VECTOR( '', #8112, 39.3700787402000 );
#7221 = CARTESIAN_POINT( '', ( -0.0125000000000000, -0.200000000000000, -0.230000000000000 ) );
#7222 = VECTOR( '', #8113, 39.3700787402000 );
#7223 = COLOUR_RGB( '', 1.00000000000000, 1.00000000000000, 0.000000000000000 );
#7224 = CARTESIAN_POINT( '', ( 0.112500000000000, -0.0475000000000000, -0.223750000000000 ) );
#7225 = VECTOR( '', #8114, 39.3700787402000 );
#7226 = COLOUR_RGB( '', 1.00000000000000, 1.00000000000000, 0.000000000000000 );
#7227 = CARTESIAN_POINT( '', ( -0.0125000000000000, -0.0725000000000000, -0.0875000000000000 ) );
#7228 = CARTESIAN_POINT( '', ( 0.112500000000000, -0.0725000000000000, -0.0875000000000000 ) );
#7229 = VECTOR( '', #8115, 39.3700787402000 );
#7230 = CARTESIAN_POINT( '', ( -0.0125000000000000, -0.0725000000000000, -0.223750000000000 ) );
#7231 = CARTESIAN_POINT( '', ( -0.0125000000000000, -0.0725000000000000, -0.0875000000000000 ) );
#7232 = VECTOR( '', #8116, 39.3700787402000 );
#7233 = CARTESIAN_POINT( '', ( 0.112500000000000, -0.0725000000000000, -0.223750000000000 ) );
#7234 = VECTOR( '', #8117, 39.3700787402000 );
#7235 = COLOUR_RGB( '', 0.689999997600000, 0.689999997600000, 0.689999997600000 );
#7236 = CARTESIAN_POINT( '', ( -0.0766666807966335, 0.200000000000000, 0.0500000000000000 ) );
#7237 = VECTOR( '', #8118, 39.3700787402000 );
#7238 = COLOUR_RGB( '', 1.00000000000000, 1.00000000000000, 0.000000000000000 );
#7239 = CARTESIAN_POINT( '', ( 0.0125000000000000, 0.305000000000000, 0.0562500000000000 ) );
#7240 = CARTESIAN_POINT( '', ( 0.112500000000000, 0.305000000000000, 0.0562500000000000 ) );
#7241 = VECTOR( '', #8119, 39.3700787402000 );
#7242 = CARTESIAN_POINT( '', ( 0.0125000000000000, 0.305000000000000, 0.0437500000000000 ) );
#7243 = CARTESIAN_POINT( '', ( 0.0125000000000000, 0.305000000000000, 0.0437500000000000 ) );
#7244 = VECTOR( '', #8120, 39.3700787402000 );
#7245 = CARTESIAN_POINT( '', ( 0.112500000000000, 0.305000000000000, 0.0437500000000000 ) );
#7246 = VECTOR( '', #8121, 39.3700787402000 );
#7247 = COLOUR_RGB( '', 1.00000000000000, 1.00000000000000, 0.000000000000000 );
#7248 = CARTESIAN_POINT( '', ( 0.112500000000000, 0.305000000000000, -0.0437500000000000 ) );
#7249 = CARTESIAN_POINT( '', ( 0.112500000000000, 0.305000000000000, -0.0437500000000000 ) );
#7250 = VECTOR( '', #8122, 39.3700787402000 );
#7251 = CARTESIAN_POINT( '', ( 0.112500000000000, 0.305000000000000, -0.0437500000000000 ) );
#7252 = VECTOR( '', #8123, 39.3700787402000 );
#7253 = COLOUR_RGB( '', 0.689999997600000, 0.689999997600000, 0.689999997600000 );
#7254 = CARTESIAN_POINT( '', ( 0.180000000000000, 0.320000000000000, -0.145000000000000 ) );
#7255 = CARTESIAN_POINT( '', ( 0.180000000000000, 0.320000000000000, -0.145000000000000 ) );
#7256 = VECTOR( '', #8124, 39.3700787402000 );
#7257 = CARTESIAN_POINT( '', ( 0.180000000000000, 0.000000000000000, -0.115000000000000 ) );
#7258 = CARTESIAN_POINT( '', ( 0.180000000000000, 0.0200000000000000, -0.115000000000000 ) );
#7259 = VECTOR( '', #8125, 39.3700787402000 );
#7260 = CARTESIAN_POINT( '', ( 0.180000000000000, 0.000000000000000, -0.145000000000000 ) );
#7261 = CARTESIAN_POINT( '', ( 0.180000000000000, 0.000000000000000, -0.115000000000000 ) );
#7262 = VECTOR( '', #8126, 39.3700787402000 );
#7263 = CARTESIAN_POINT( '', ( 0.180000000000000, 0.000000000000000, -0.145000000000000 ) );
#7264 = VECTOR( '', #8127, 39.3700787402000 );
#7265 = COLOUR_RGB( '', 0.689999997600000, 0.689999997600000, 0.689999997600000 );
#7266 = CARTESIAN_POINT( '', ( 0.175000000000000, 0.320000000000000, 0.0250000000000000 ) );
#7267 = VECTOR( '', #8128, 39.3700787402000 );
#7268 = COLOUR_RGB( '', 0.689999997600000, 0.689999997600000, 0.689999997600000 );
#7269 = CARTESIAN_POINT( '', ( -0.0325000000000000, 0.000000000000000, -0.115000000000000 ) );
#7270 = CARTESIAN_POINT( '', ( -0.0325000000000000, 0.000000000000000, 0.145000000000000 ) );
#7271 = VECTOR( '', #8129, 39.3700787402000 );
#7272 = CARTESIAN_POINT( '', ( -0.0675000000000000, 0.000000000000000, -0.115000000000000 ) );
#7273 = CARTESIAN_POINT( '', ( 0.180000000000000, 0.000000000000000, -0.115000000000000 ) );
#7274 = VECTOR( '', #8130, 39.3700787402000 );
#7275 = CARTESIAN_POINT( '', ( -0.0675000000000000, 0.000000000000000, -0.115000000000000 ) );
#7276 = VECTOR( '', #8131, 39.3700787402000 );
#7277 = COLOUR_RGB( '', 0.689999997600000, 0.689999997600000, 0.689999997600000 );
#7278 = CARTESIAN_POINT( '', ( -0.0730000000000000, 0.305000000000000, 0.0500000000000000 ) );
#7279 = VECTOR( '', #8132, 39.3700787402000 );
#7280 = COLOUR_RGB( '', 1.00000000000000, 1.00000000000000, 0.000000000000000 );
#7281 = CARTESIAN_POINT( '', ( 0.112500000000000, -0.153750000000000, -0.230000000000000 ) );
#7282 = VECTOR( '', #8133, 39.3700787402000 );
#7283 = COLOUR_RGB( '', 0.689999997600000, 0.689999997600000, 0.689999997600000 );
#7284 = CARTESIAN_POINT( '', ( -0.0550500000000000, 0.320000000000000, -0.0200000000000000 ) );
#7285 = CARTESIAN_POINT( '', ( -0.0550500000000000, 0.320000000000000, -0.00500000000000000 ) );
#7286 = VECTOR( '', #8134, 39.3700787402000 );
#7287 = CARTESIAN_POINT( '', ( -0.0550500000000000, 0.0900000000000000, -0.0200000000000000 ) );
#7288 = CARTESIAN_POINT( '', ( -0.0550500000000000, 0.0900000000000000, -0.0200000000000000 ) );
#7289 = VECTOR( '', #8135, 39.3700787402000 );
#7290 = CARTESIAN_POINT( '', ( -0.0550500000000000, 0.0900000000000000, -0.00500000000000000 ) );
#7291 = VECTOR( '', #8136, 39.3700787402000 );
#7292 = COLOUR_RGB( '', 1.00000000000000, 1.00000000000000, 0.000000000000000 );
#7293 = CARTESIAN_POINT( '', ( 0.112500000000000, -0.147500000000000, 0.0125000000000000 ) );
#7294 = CARTESIAN_POINT( '', ( 0.112500000000000, -0.147500000000000, 0.0125000000000000 ) );
#7295 = VECTOR( '', #8137, 39.3700787402000 );
#7296 = CARTESIAN_POINT( '', ( 0.112500000000000, -0.122500000000000, 0.0375000000000000 ) );
#7297 = CARTESIAN_POINT( '', ( 0.112500000000000, -0.122500000000000, 0.0375000000000000 ) );
#7298 = VECTOR( '', #8138, 39.3700787402000 );
#7299 = AXIS2_PLACEMENT_3D( '', #8139, #8140, #8141 );
#7300 = COLOUR_RGB( '', 1.00000000000000, 1.00000000000000, 0.000000000000000 );
#7301 = CARTESIAN_POINT( '', ( 0.112500000000000, -0.147500000000000, -0.223750000000000 ) );
#7302 = VECTOR( '', #8142, 39.3700787402000 );
#7303 = COLOUR_RGB( '', 1.00000000000000, 1.00000000000000, 0.000000000000000 );
#7304 = COLOUR_RGB( '', 0.689999997600000, 0.689999997600000, 0.689999997600000 );
#7305 = CARTESIAN_POINT( '', ( -0.0500000000000000, 0.233000000000000, 0.135000000000000 ) );
#7306 = CARTESIAN_POINT( '', ( -0.0500000000000000, 0.233000000000000, 0.135000000000000 ) );
#7307 = VECTOR( '', #8143, 39.3700787402000 );
#7308 = CARTESIAN_POINT( '', ( 0.0500000000000000, 0.233000000000000, 0.135000000000000 ) );
#7309 = CARTESIAN_POINT( '', ( 0.0500000000000000, 0.233000000000000, 0.135000000000000 ) );
#7310 = VECTOR( '', #8144, 39.3700787402000 );
#7311 = CARTESIAN_POINT( '', ( 0.0500000000000000, 0.233000000000000, 0.135000000000000 ) );
#7312 = VECTOR( '', #8145, 39.3700787402000 );
#7313 = COLOUR_RGB( '', 0.689999997600000, 0.689999997600000, 0.689999997600000 );
#7314 = CARTESIAN_POINT( '', ( 0.157500000000000, 0.000000000000000, 0.145000000000000 ) );
#7315 = VECTOR( '', #8146, 39.3700787402000 );
#7316 = COLOUR_RGB( '', 0.689999997600000, 0.689999997600000, 0.689999997600000 );
#7317 = CARTESIAN_POINT( '', ( -0.0636269597213601, 0.320000000000000, 0.0500000000000000 ) );
#7318 = VECTOR( '', #8147, 39.3700787402000 );
#7319 = COLOUR_RGB( '', 0.689999997600000, 0.689999997600000, 0.689999997600000 );
#7320 = CARTESIAN_POINT( '', ( 0.157500000000000, 0.320000000000000, 0.125000000000000 ) );
#7321 = VECTOR( '', #8148, 39.3700787402000 );
#7322 = COLOUR_RGB( '', 1.00000000000000, 1.00000000000000, 0.000000000000000 );
#7323 = CARTESIAN_POINT( '', ( 0.112500000000000, -0.147500000000000, -0.223750000000000 ) );
#7324 = VECTOR( '', #8149, 39.3700787402000 );
#7325 = COLOUR_RGB( '', 1.00000000000000, 1.00000000000000, 0.000000000000000 );
#7326 = CARTESIAN_POINT( '', ( 0.112500000000000, 0.298750000000000, 0.0375000000000000 ) );
#7327 = CARTESIAN_POINT( '', ( 0.112500000000000, 0.298750000000000, 0.0375000000000000 ) );
#7328 = VECTOR( '', #8150, 39.3700787402000 );
#7329 = CARTESIAN_POINT( '', ( 0.112500000000000, 0.298750000000000, 0.0375000000000000 ) );
#7330 = VECTOR( '', #8151, 39.3700787402000 );
#7331 = COLOUR_RGB( '', 0.689999997600000, 0.689999997600000, 0.689999997600000 );
#7332 = CARTESIAN_POINT( '', ( 0.0363730402786399, 0.320000000000000, -0.00500000000000000 ) );
#7333 = CARTESIAN_POINT( '', ( 0.0363730402786399, 0.320000000000000, 0.0500000000000000 ) );
#7334 = VECTOR( '', #8152, 39.3700787402000 );
#7335 = CARTESIAN_POINT( '', ( -0.0898249579714234, 0.118040985904562, -0.00500000000000000 ) );
#7336 = VECTOR( '', #8153, 39.3700787402000 );
#7337 = COLOUR_RGB( '', 0.689999997600000, 0.689999997600000, 0.689999997600000 );
#7338 = CARTESIAN_POINT( '', ( -0.0700000000000000, 0.0900000000000000, -0.0200000000000000 ) );
#7339 = VECTOR( '', #8154, 39.3700787402000 );
#7340 = CARTESIAN_POINT( '', ( -0.0700000000000000, 0.320000000000000, -0.0200000000000000 ) );
#7341 = VECTOR( '', #8155, 39.3700787402000 );
#7342 = COLOUR_RGB( '', 0.689999997600000, 0.689999997600000, 0.689999997600000 );
#7343 = CARTESIAN_POINT( '', ( -0.157500000000000, 0.320000000000000, -0.145000000000000 ) );
#7344 = CARTESIAN_POINT( '', ( 0.180000000000000, 0.320000000000000, -0.145000000000000 ) );
#7345 = VECTOR( '', #8156, 39.3700787402000 );
#7346 = CARTESIAN_POINT( '', ( -0.157500000000000, 0.0200000000000000, -0.145000000000000 ) );
#7347 = VECTOR( '', #8157, 39.3700787402000 );
#7348 = COLOUR_RGB( '', 0.689999997600000, 0.689999997600000, 0.689999997600000 );
#7349 = CARTESIAN_POINT( '', ( -0.0325000000000000, 0.0200000000000000, -0.115000000000000 ) );
#7350 = VECTOR( '', #8158, 39.3700787402000 );
#7351 = COLOUR_RGB( '', 1.00000000000000, 1.00000000000000, 0.000000000000000 );
#7352 = CARTESIAN_POINT( '', ( 0.112500000000000, -0.166250000000000, -0.230000000000000 ) );
#7353 = VECTOR( '', #8159, 39.3700787402000 );
#7354 = COLOUR_RGB( '', 1.00000000000000, 1.00000000000000, 0.000000000000000 );
#7355 = CARTESIAN_POINT( '', ( 0.112500000000000, 0.0400000000000000, 0.0375000000000000 ) );
#7356 = CARTESIAN_POINT( '', ( 0.112500000000000, 0.0400000000000000, 0.0375000000000000 ) );
#7357 = VECTOR( '', #8160, 39.3700787402000 );
#7358 = CARTESIAN_POINT( '', ( 0.112500000000000, -0.122500000000000, 0.0375000000000000 ) );
#7359 = VECTOR( '', #8161, 39.3700787402000 );
#7360 = COLOUR_RGB( '', 1.00000000000000, 1.00000000000000, 0.000000000000000 );
#7361 = CARTESIAN_POINT( '', ( 0.112500000000000, 0.0650000000000000, 0.0375000000000000 ) );
#7362 = CARTESIAN_POINT( '', ( 0.112500000000000, 0.0650000000000000, 0.0375000000000000 ) );
#7363 = VECTOR( '', #8162, 39.3700787402000 );
#7364 = CARTESIAN_POINT( '', ( 0.112500000000000, 0.0650000000000000, 0.0375000000000000 ) );
#7365 = VECTOR( '', #8163, 39.3700787402000 );
#7366 = COLOUR_RGB( '', 1.00000000000000, 1.00000000000000, 0.000000000000000 );
#7367 = CARTESIAN_POINT( '', ( 0.0125000000000000, 0.305000000000000, -0.0562500000000000 ) );
#7368 = CARTESIAN_POINT( '', ( 0.112500000000000, 0.305000000000000, -0.0562500000000000 ) );
#7369 = VECTOR( '', #8164, 39.3700787402000 );
#7370 = CARTESIAN_POINT( '', ( 0.0125000000000000, 0.298750000000000, -0.0625000000000000 ) );
#7371 = CARTESIAN_POINT( '', ( 0.0125000000000000, 0.298750000000000, -0.0625000000000000 ) );
#7372 = VECTOR( '', #8165, 39.3700787402000 );
#7373 = CARTESIAN_POINT( '', ( 0.112500000000000, 0.298750000000000, -0.0625000000000000 ) );
#7374 = VECTOR( '', #8166, 39.3700787402000 );
#7375 = COLOUR_RGB( '', 1.00000000000000, 1.00000000000000, 0.000000000000000 );
#7376 = CARTESIAN_POINT( '', ( 0.112500000000000, -0.0725000000000000, -0.0875000000000000 ) );
#7377 = CARTESIAN_POINT( '', ( 0.112500000000000, -0.0725000000000000, -0.0875000000000000 ) );
#7378 = VECTOR( '', #8167, 39.3700787402000 );
#7379 = CARTESIAN_POINT( '', ( 0.112500000000000, -0.0225000000000000, -0.0375000000000000 ) );
#7380 = AXIS2_PLACEMENT_3D( '', #8168, #8169, #8170 );
#7381 = CARTESIAN_POINT( '', ( 0.112500000000000, -0.0225000000000000, -0.0375000000000000 ) );
#7382 = VECTOR( '', #8171, 39.3700787402000 );
#7383 = COLOUR_RGB( '', 0.689999997600000, 0.689999997600000, 0.689999997600000 );
#7384 = CARTESIAN_POINT( '', ( -0.0449500000000000, 0.320000000000000, 0.115000000000000 ) );
#7385 = VECTOR( '', #8172, 39.3700787402000 );
#7386 = COLOUR_RGB( '', 0.689999997600000, 0.689999997600000, 0.689999997600000 );
#7387 = CARTESIAN_POINT( '', ( -0.0675000000000000, 0.0200000000000000, -0.115000000000000 ) );
#7388 = VECTOR( '', #8173, 39.3700787402000 );
#7389 = COLOUR_RGB( '', 0.689999997600000, 0.689999997600000, 0.689999997600000 );
#7390 = CARTESIAN_POINT( '', ( 0.0550500000000000, 0.0900000000000000, -0.0200000000000000 ) );
#7391 = CARTESIAN_POINT( '', ( 0.0300000000000000, 0.0900000000000000, -0.0200000000000000 ) );
#7392 = VECTOR( '', #8174, 39.3700787402000 );
#7393 = CARTESIAN_POINT( '', ( 0.0550500000000000, 0.320000000000000, -0.0200000000000000 ) );
#7394 = CARTESIAN_POINT( '', ( 0.0300000000000000, 0.320000000000000, -0.0200000000000000 ) );
#7395 = VECTOR( '', #8175, 39.3700787402000 );
#7396 = CARTESIAN_POINT( '', ( 0.0550500000000000, 0.0900000000000000, -0.0200000000000000 ) );
#7397 = VECTOR( '', #8176, 39.3700787402000 );
#7398 = COLOUR_RGB( '', 1.00000000000000, 1.00000000000000, 0.000000000000000 );
#7399 = CARTESIAN_POINT( '', ( 0.112500000000000, -0.0725000000000000, -0.0875000000000000 ) );
#7400 = VECTOR( '', #8177, 39.3700787402000 );
#7401 = COLOUR_RGB( '', 1.00000000000000, 1.00000000000000, 0.000000000000000 );
#7402 = CARTESIAN_POINT( '', ( -0.0125000000000000, 0.0400000000000000, 0.145000000000000 ) );
#7403 = VECTOR( '', #8178, 39.3700787402000 );
#7404 = AXIS2_PLACEMENT_3D( '', #8179, #8180, #8181 );
#7405 = CARTESIAN_POINT( '', ( -0.0125000000000000, -0.153750000000000, -0.230000000000000 ) );
#7406 = CARTESIAN_POINT( '', ( -0.0125000000000000, -0.153750000000000, -0.230000000000000 ) );
#7407 = VECTOR( '', #8182, 39.3700787402000 );
#7408 = CARTESIAN_POINT( '', ( -0.0125000000000000, -0.200000000000000, -0.230000000000000 ) );
#7409 = VECTOR( '', #8183, 39.3700787402000 );
#7410 = CARTESIAN_POINT( '', ( -0.0125000000000000, -0.172500000000000, 0.0125000000000000 ) );
#7411 = CARTESIAN_POINT( '', ( -0.0125000000000000, -0.172500000000000, 0.0125000000000000 ) );
#7412 = VECTOR( '', #8184, 39.3700787402000 );
#7413 = AXIS2_PLACEMENT_3D( '', #8185, #8186, #8187 );
#7414 = COLOUR_RGB( '', 1.00000000000000, 1.00000000000000, 0.000000000000000 );
#7415 = CARTESIAN_POINT( '', ( 0.0125000000000000, 0.298750000000000, 0.0375000000000000 ) );
#7416 = VECTOR( '', #8188, 39.3700787402000 );
#7417 = COLOUR_RGB( '', 0.689999997600000, 0.689999997600000, 0.689999997600000 );
#7418 = CARTESIAN_POINT( '', ( 0.0550500000000000, 0.320000000000000, -0.114900000000000 ) );
#7419 = CARTESIAN_POINT( '', ( 0.0550500000000000, 0.320000000000000, -0.114900000000000 ) );
#7420 = VECTOR( '', #8189, 39.3700787402000 );
#7421 = CARTESIAN_POINT( '', ( 0.144950000000000, 0.320000000000000, -0.114900000000000 ) );
#7422 = VECTOR( '', #8190, 39.3700787402000 );
#7423 = CARTESIAN_POINT( '', ( 0.0550500000000000, 0.320000000000000, 0.115000000000000 ) );
#7424 = VECTOR( '', #8191, 39.3700787402000 );
#7425 = CARTESIAN_POINT( '', ( 0.0550500000000000, 0.320000000000000, -0.114900000000000 ) );
#7426 = VECTOR( '', #8192, 39.3700787402000 );
#7427 = CARTESIAN_POINT( '', ( -0.0449500000000000, 0.320000000000000, -0.00500000000000000 ) );
#7428 = VECTOR( '', #8193, 39.3700787402000 );
#7429 = CARTESIAN_POINT( '', ( -0.0449500000000000, 0.320000000000000, -0.00500000000000000 ) );
#7430 = VECTOR( '', #8194, 39.3700787402000 );
#7431 = CARTESIAN_POINT( '', ( -0.136373040278640, 0.320000000000000, 0.0500000000000000 ) );
#7432 = VECTOR( '', #8195, 39.3700787402000 );
#7433 = CARTESIAN_POINT( '', ( -0.144950000000000, 0.320000000000000, -0.114900000000000 ) );
#7434 = VECTOR( '', #8196, 39.3700787402000 );
#7435 = CARTESIAN_POINT( '', ( -0.0449500000000000, 0.320000000000000, -0.114900000000000 ) );
#7436 = VECTOR( '', #8197, 39.3700787402000 );
#7437 = CARTESIAN_POINT( '', ( 0.175000000000000, 0.320000000000000, -0.0250000000000000 ) );
#7438 = VECTOR( '', #8198, 39.3700787402000 );
#7439 = CARTESIAN_POINT( '', ( 0.180000000000000, 0.320000000000000, -0.145000000000000 ) );
#7440 = VECTOR( '', #8199, 39.3700787402000 );
#7441 = CARTESIAN_POINT( '', ( 0.0750000000000000, 0.320000000000000, -0.125000000000000 ) );
#7442 = VECTOR( '', #8200, 39.3700787402000 );
#7443 = CARTESIAN_POINT( '', ( -0.157500000000000, 0.320000000000000, -0.125000000000000 ) );
#7444 = CARTESIAN_POINT( '', ( -0.0750000000000000, 0.320000000000000, -0.125000000000000 ) );
#7445 = VECTOR( '', #8201, 39.3700787402000 );
#7446 = CARTESIAN_POINT( '', ( -0.157500000000000, 0.320000000000000, -0.125000000000000 ) );
#7447 = VECTOR( '', #8202, 39.3700787402000 );
#7448 = CARTESIAN_POINT( '', ( 0.180000000000000, 0.320000000000000, 0.145000000000000 ) );
#7449 = VECTOR( '', #8203, 39.3700787402000 );
#7450 = CARTESIAN_POINT( '', ( -0.0500000000000000, 0.320000000000000, 0.125000000000000 ) );
#7451 = VECTOR( '', #8204, 39.3700787402000 );
#7452 = CARTESIAN_POINT( '', ( 0.0500000000000000, 0.320000000000000, 0.125000000000000 ) );
#7453 = VECTOR( '', #8205, 39.3700787402000 );
#7454 = COLOUR_RGB( '', 0.689999997600000, 0.689999997600000, 0.689999997600000 );
#7455 = CARTESIAN_POINT( '', ( -0.0195230417214245, 0.0908879289489224, -0.00500000000000000 ) );
#7456 = VECTOR( '', #8206, 39.3700787402000 );
#7457 = CARTESIAN_POINT( '', ( -0.0449500000000000, 0.0900000000000000, -0.00500000000000000 ) );
#7458 = VECTOR( '', #8207, 39.3700787402000 );
#7459 = COLOUR_RGB( '', 0.689999997600000, 0.689999997600000, 0.689999997600000 );
#7460 = CARTESIAN_POINT( '', ( -0.144950000000000, 0.0900000000000000, -0.114900000000000 ) );
#7461 = VECTOR( '', #8208, 39.3700787402000 );
#7462 = COLOUR_RGB( '', 0.689999997600000, 0.689999997600000, 0.689999997600000 );
#7463 = CARTESIAN_POINT( '', ( 0.180000000000000, 0.000000000000000, -0.145000000000000 ) );
#7464 = VECTOR( '', #8209, 39.3700787402000 );
#7465 = CARTESIAN_POINT( '', ( 0.180000000000000, 0.000000000000000, -0.115000000000000 ) );
#7466 = VECTOR( '', #8210, 39.3700787402000 );
#7467 = COLOUR_RGB( '', 1.00000000000000, 1.00000000000000, 0.000000000000000 );
#7468 = COLOUR_RGB( '', 1.00000000000000, 1.00000000000000, 0.000000000000000 );
#7469 = CARTESIAN_POINT( '', ( 0.112500000000000, -0.0475000000000000, -0.0875000000000000 ) );
#7470 = CARTESIAN_POINT( '', ( 0.112500000000000, -0.0475000000000000, -0.0875000000000000 ) );
#7471 = VECTOR( '', #8211, 39.3700787402000 );
#7472 = CARTESIAN_POINT( '', ( 0.112500000000000, -0.0475000000000000, -0.223750000000000 ) );
#7473 = VECTOR( '', #8212, 39.3700787402000 );
#7474 = COLOUR_RGB( '', 0.689999997600000, 0.689999997600000, 0.689999997600000 );
#7475 = COLOUR_RGB( '', 0.689999997600000, 0.689999997600000, 0.689999997600000 );
#7476 = COLOUR_RGB( '', 1.00000000000000, 1.00000000000000, 0.000000000000000 );
#7477 = CARTESIAN_POINT( '', ( 0.112500000000000, 0.0650000000000000, -0.0375000000000000 ) );
#7478 = VECTOR( '', #8213, 39.3700787402000 );
#7479 = COLOUR_RGB( '', 0.689999997600000, 0.689999997600000, 0.689999997600000 );
#7480 = COLOUR_RGB( '', 0.689999997600000, 0.689999997600000, 0.689999997600000 );
#7481 = CARTESIAN_POINT( '', ( -0.0500000000000000, 0.222000000000000, 0.165000000000000 ) );
#7482 = VECTOR( '', #8214, 39.3700787402000 );
#7483 = CARTESIAN_POINT( '', ( 0.0500000000000000, 0.222000000000000, 0.165000000000000 ) );
#7484 = VECTOR( '', #8215, 39.3700787402000 );
#7485 = COLOUR_RGB( '', 1.00000000000000, 1.00000000000000, 0.000000000000000 );
#7486 = CARTESIAN_POINT( '', ( 0.112500000000000, 0.0400000000000000, -0.0375000000000000 ) );
#7487 = CARTESIAN_POINT( '', ( 0.112500000000000, 0.0400000000000000, 0.0375000000000000 ) );
#7488 = VECTOR( '', #8216, 39.3700787402000 );
#7489 = CARTESIAN_POINT( '', ( 0.112500000000000, 0.0400000000000000, -0.0375000000000000 ) );
#7490 = VECTOR( '', #8217, 39.3700787402000 );
#7491 = CARTESIAN_POINT( '', ( 0.112500000000000, -0.0725000000000000, -0.0875000000000000 ) );
#7492 = VECTOR( '', #8218, 39.3700787402000 );
#7493 = CARTESIAN_POINT( '', ( 0.112500000000000, -0.0225000000000000, -0.0625000000000000 ) );
#7494 = AXIS2_PLACEMENT_3D( '', #8219, #8220, #8221 );
#7495 = CARTESIAN_POINT( '', ( 0.112500000000000, 0.298750000000000, -0.0625000000000000 ) );
#7496 = CARTESIAN_POINT( '', ( 0.112500000000000, -0.0225000000000000, -0.0625000000000000 ) );
#7497 = VECTOR( '', #8222, 39.3700787402000 );
#7498 = CARTESIAN_POINT( '', ( 0.112500000000000, 0.305000000000000, -0.0562500000000000 ) );
#7499 = CARTESIAN_POINT( '', ( 0.112500000000000, 0.298750000000000, -0.0625000000000000 ) );
#7500 = VECTOR( '', #8223, 39.3700787402000 );
#7501 = CARTESIAN_POINT( '', ( 0.112500000000000, 0.305000000000000, -0.0562500000000000 ) );
#7502 = VECTOR( '', #8224, 39.3700787402000 );
#7503 = COLOUR_RGB( '', 1.00000000000000, 1.00000000000000, 0.000000000000000 );
#7504 = COLOUR_RGB( '', 1.00000000000000, 1.00000000000000, 0.000000000000000 );
#7505 = CARTESIAN_POINT( '', ( 0.112500000000000, 0.0400000000000000, -0.0375000000000000 ) );
#7506 = VECTOR( '', #8225, 39.3700787402000 );
#7507 = COLOUR_RGB( '', 1.00000000000000, 1.00000000000000, 0.000000000000000 );
#7508 = COLOUR_RGB( '', 0.689999997600000, 0.689999997600000, 0.689999997600000 );
#7509 = CARTESIAN_POINT( '', ( 0.180000000000000, 0.000000000000000, 0.115000000000000 ) );
#7510 = VECTOR( '', #8226, 39.3700787402000 );
#7511 = COLOUR_RGB( '', 0.689999997600000, 0.689999997600000, 0.689999997600000 );
#7512 = CARTESIAN_POINT( '', ( 0.0325000000000000, 0.000000000000000, 0.145000000000000 ) );
#7513 = VECTOR( '', #8227, 39.3700787402000 );
#7514 = COLOUR_RGB( '', 1.00000000000000, 1.00000000000000, 0.000000000000000 );
#7515 = CARTESIAN_POINT( '', ( 0.112500000000000, 0.0600000000000000, -0.0625000000000000 ) );
#7516 = VECTOR( '', #8228, 39.3700787402000 );
#7517 = COLOUR_RGB( '', 1.00000000000000, 1.00000000000000, 0.000000000000000 );
#7518 = CARTESIAN_POINT( '', ( 0.112500000000000, 0.0400000000000000, 0.0375000000000000 ) );
#7519 = VECTOR( '', #8229, 39.3700787402000 );
#7520 = COLOUR_RGB( '', 0.689999997600000, 0.689999997600000, 0.689999997600000 );
#7521 = COLOUR_RGB( '', 1.00000000000000, 1.00000000000000, 0.000000000000000 );
#7522 = CARTESIAN_POINT( '', ( 0.112500000000000, -0.172500000000000, 0.0125000000000000 ) );
#7523 = VECTOR( '', #8230, 39.3700787402000 );
#7524 = COLOUR_RGB( '', 1.00000000000000, 1.00000000000000, 0.000000000000000 );
#7525 = CARTESIAN_POINT( '', ( 0.0125000000000000, 0.0650000000000000, -0.0375000000000000 ) );
#7526 = VECTOR( '', #8231, 39.3700787402000 );
#7527 = COLOUR_RGB( '', 0.689999997600000, 0.689999997600000, 0.689999997600000 );
#7528 = CARTESIAN_POINT( '', ( 0.0675000000000000, 0.000000000000000, -0.115000000000000 ) );
#7529 = VECTOR( '', #8232, 39.3700787402000 );
#7530 = COLOUR_RGB( '', 0.689999997600000, 0.689999997600000, 0.689999997600000 );
#7531 = COLOUR_RGB( '', 1.00000000000000, 1.00000000000000, 0.000000000000000 );
#7532 = CARTESIAN_POINT( '', ( -0.0125000000000000, 0.0400000000000000, -0.0625000000000000 ) );
#7533 = CARTESIAN_POINT( '', ( 0.112500000000000, 0.0400000000000000, -0.0625000000000000 ) );
#7534 = VECTOR( '', #8233, 39.3700787402000 );
#7535 = CARTESIAN_POINT( '', ( -0.0125000000000000, 0.0400000000000000, 0.145000000000000 ) );
#7536 = VECTOR( '', #8234, 39.3700787402000 );
#7537 = CARTESIAN_POINT( '', ( 0.112500000000000, 0.0400000000000000, -0.0625000000000000 ) );
#7538 = VECTOR( '', #8235, 39.3700787402000 );
#7539 = COLOUR_RGB( '', 1.00000000000000, 1.00000000000000, 0.000000000000000 );
#7540 = CARTESIAN_POINT( '', ( 0.112500000000000, -0.0225000000000000, -0.0625000000000000 ) );
#7541 = VECTOR( '', #8236, 39.3700787402000 );
#7542 = COLOUR_RGB( '', 1.00000000000000, 1.00000000000000, 0.000000000000000 );
#7543 = COLOUR_RGB( '', 1.00000000000000, 1.00000000000000, 0.000000000000000 );
#7544 = CARTESIAN_POINT( '', ( 0.0125000000000000, 0.305000000000000, 0.0562500000000000 ) );
#7545 = VECTOR( '', #8237, 39.3700787402000 );
#7546 = COLOUR_RGB( '', 0.689999997600000, 0.689999997600000, 0.689999997600000 );
#7547 = CARTESIAN_POINT( '', ( 0.0550500000000000, 0.0900000000000000, -0.114900000000000 ) );
#7548 = VECTOR( '', #8238, 39.3700787402000 );
#7549 = COLOUR_RGB( '', 1.00000000000000, 1.00000000000000, 0.000000000000000 );
#7550 = CARTESIAN_POINT( '', ( 0.112500000000000, -0.153750000000000, -0.230000000000000 ) );
#7551 = VECTOR( '', #8239, 39.3700787402000 );
#7552 = COLOUR_RGB( '', 1.00000000000000, 1.00000000000000, 0.000000000000000 );
#7553 = CARTESIAN_POINT( '', ( 0.0125000000000000, 0.0600000000000000, -0.0625000000000000 ) );
#7554 = CARTESIAN_POINT( '', ( 0.0125000000000000, 0.0600000000000000, 0.145000000000000 ) );
#7555 = VECTOR( '', #8240, 39.3700787402000 );
#7556 = CARTESIAN_POINT( '', ( 0.0125000000000000, -0.0225000000000000, -0.0625000000000000 ) );
#7557 = VECTOR( '', #8241, 39.3700787402000 );
#7558 = CARTESIAN_POINT( '', ( 0.0125000000000000, 0.305000000000000, -0.0437500000000000 ) );
#7559 = CARTESIAN_POINT( '', ( 0.0125000000000000, 0.305000000000000, -0.0562500000000000 ) );
#7560 = VECTOR( '', #8242, 39.3700787402000 );
#7561 = CARTESIAN_POINT( '', ( 0.0125000000000000, 0.305000000000000, -0.0437500000000000 ) );
#7562 = VECTOR( '', #8243, 39.3700787402000 );
#7563 = COLOUR_RGB( '', 1.00000000000000, 1.00000000000000, 0.000000000000000 );
#7564 = CARTESIAN_POINT( '', ( -0.0125000000000000, -0.0725000000000000, -0.223750000000000 ) );
#7565 = VECTOR( '', #8244, 39.3700787402000 );
#7566 = COLOUR_RGB( '', 0.689999997600000, 0.689999997600000, 0.689999997600000 );
#7567 = CARTESIAN_POINT( '', ( 0.180000000000000, 0.000000000000000, 0.145000000000000 ) );
#7568 = VECTOR( '', #8245, 39.3700787402000 );
#7569 = COLOUR_RGB( '', 0.689999997600000, 0.689999997600000, 0.689999997600000 );
#7570 = CARTESIAN_POINT( '', ( -0.157500000000000, 0.320000000000000, -0.125000000000000 ) );
#7571 = VECTOR( '', #8246, 39.3700787402000 );
#7572 = COLOUR_RGB( '', 0.689999997600000, 0.689999997600000, 0.689999997600000 );
#7573 = COLOUR_RGB( '', 0.689999997600000, 0.689999997600000, 0.689999997600000 );
#7574 = COLOUR_RGB( '', 1.00000000000000, 1.00000000000000, 0.000000000000000 );
#7575 = CARTESIAN_POINT( '', ( 0.112500000000000, -0.0725000000000000, -0.223750000000000 ) );
#7576 = VECTOR( '', #8247, 39.3700787402000 );
#7577 = COLOUR_RGB( '', 1.00000000000000, 1.00000000000000, 0.000000000000000 );
#7578 = CARTESIAN_POINT( '', ( 0.112500000000000, 0.305000000000000, -0.0437500000000000 ) );
#7579 = VECTOR( '', #8248, 39.3700787402000 );
#7580 = COLOUR_RGB( '', 0.689999997600000, 0.689999997600000, 0.689999997600000 );
#7581 = CARTESIAN_POINT( '', ( 0.0550500000000000, 0.0900000000000000, -0.114900000000000 ) );
#7582 = CARTESIAN_POINT( '', ( 0.144950000000000, 0.0900000000000000, -0.114900000000000 ) );
#7583 = VECTOR( '', #8249, 39.3700787402000 );
#7584 = CARTESIAN_POINT( '', ( 0.0550500000000000, 0.0900000000000000, -0.114900000000000 ) );
#7585 = VECTOR( '', #8250, 39.3700787402000 );
#7586 = CARTESIAN_POINT( '', ( -0.0449500000000000, 0.0900000000000000, -0.114900000000000 ) );
#7587 = VECTOR( '', #8251, 39.3700787402000 );
#7588 = COLOUR_RGB( '', 0.689999997600000, 0.689999997600000, 0.689999997600000 );
#7589 = COLOUR_RGB( '', 0.689999997600000, 0.689999997600000, 0.689999997600000 );
#7590 = COLOUR_RGB( '', 1.00000000000000, 1.00000000000000, 0.000000000000000 );
#7591 = CARTESIAN_POINT( '', ( 0.112500000000000, 0.0600000000000000, -0.0625000000000000 ) );
#7592 = VECTOR( '', #8252, 39.3700787402000 );
#7593 = CARTESIAN_POINT( '', ( 0.112500000000000, 0.298750000000000, -0.0625000000000000 ) );
#7594 = VECTOR( '', #8253, 39.3700787402000 );
#7595 = CARTESIAN_POINT( '', ( -0.0125000000000000, -0.0225000000000000, -0.0625000000000000 ) );
#7596 = VECTOR( '', #8254, 39.3700787402000 );
#7597 = COLOUR_RGB( '', 0.689999997600000, 0.689999997600000, 0.689999997600000 );
#7598 = CARTESIAN_POINT( '', ( 0.0550500000000000, 0.0900000000000000, -0.114900000000000 ) );
#7599 = VECTOR( '', #8255, 39.3700787402000 );
#7600 = COLOUR_RGB( '', 1.00000000000000, 1.00000000000000, 0.000000000000000 );
#7601 = COLOUR_RGB( '', 1.00000000000000, 1.00000000000000, 0.000000000000000 );
#7602 = COLOUR_RGB( '', 1.00000000000000, 1.00000000000000, 0.000000000000000 );
#7603 = COLOUR_RGB( '', 0.689999997600000, 0.689999997600000, 0.689999997600000 );
#7604 = COLOUR_RGB( '', 0.689999997600000, 0.689999997600000, 0.689999997600000 );
#7605 = COLOUR_RGB( '', 1.00000000000000, 1.00000000000000, 0.000000000000000 );
#7606 = AXIS2_PLACEMENT_3D( '', #8256, #8257, #8258 );
#7607 = COLOUR_RGB( '', 1.00000000000000, 1.00000000000000, 0.000000000000000 );
#7608 = CARTESIAN_POINT( '', ( 0.112500000000000, 0.305000000000000, -0.0562500000000000 ) );
#7609 = VECTOR( '', #8259, 39.3700787402000 );
#7610 = COLOUR_RGB( '', 0.689999997600000, 0.689999997600000, 0.689999997600000 );
#7611 = COLOUR_RGB( '', 0.689999997600000, 0.689999997600000, 0.689999997600000 );
#7612 = COLOUR_RGB( '', 0.689999997600000, 0.689999997600000, 0.689999997600000 );
#7613 = COLOUR_RGB( '', 0.689999997600000, 0.689999997600000, 0.689999997600000 );
#7614 = COLOUR_RGB( '', 0.689999997600000, 0.689999997600000, 0.689999997600000 );
#7615 = COLOUR_RGB( '', 1.00000000000000, 1.00000000000000, 0.000000000000000 );
#7616 = COLOUR_RGB( '', 1.00000000000000, 1.00000000000000, 0.000000000000000 );
#7617 = COLOUR_RGB( '', 1.00000000000000, 1.00000000000000, 0.000000000000000 );
#7618 = COLOUR_RGB( '', 0.689999997600000, 0.689999997600000, 0.689999997600000 );
#7619 = COLOUR_RGB( '', 1.00000000000000, 1.00000000000000, 0.000000000000000 );
#7620 = COLOUR_RGB( '', 1.00000000000000, 1.00000000000000, 0.000000000000000 );
#7621 = COLOUR_RGB( '', 1.00000000000000, 1.00000000000000, 0.000000000000000 );
#7622 = COLOUR_RGB( '', 0.689999997600000, 0.689999997600000, 0.689999997600000 );
#7623 = COLOUR_RGB( '', 1.00000000000000, 1.00000000000000, 0.000000000000000 );
#7624 = DIRECTION( '', ( 0.000000000000000, -1.00000000000000, 0.000000000000000 ) );
#7625 = DIRECTION( '', ( -1.00000000000000, -0.000000000000000, -0.000000000000000 ) );
#7626 = DIRECTION( '', ( 0.000000000000000, -1.00000000000000, 0.000000000000000 ) );
#7627 = DIRECTION( '', ( -1.00000000000000, -0.000000000000000, -0.000000000000000 ) );
#7628 = DIRECTION( '', ( 0.000000000000000, -1.00000000000000, 0.000000000000000 ) );
#7629 = DIRECTION( '', ( -1.00000000000000, 0.000000000000000, 0.000000000000000 ) );
#7630 = DIRECTION( '', ( 0.000000000000000, 1.00000000000000, 0.000000000000000 ) );
#7631 = DIRECTION( '', ( -1.00000000000000, -0.000000000000000, -0.000000000000000 ) );
#7632 = DIRECTION( '', ( 0.000000000000000, -1.00000000000000, 0.000000000000000 ) );
#7633 = DIRECTION( '', ( -1.00000000000000, 0.000000000000000, 0.000000000000000 ) );
#7634 = DIRECTION( '', ( 0.000000000000000, 1.00000000000000, 0.000000000000000 ) );
#7635 = DIRECTION( '', ( -1.00000000000000, -0.000000000000000, -0.000000000000000 ) );
#7636 = DIRECTION( '', ( 0.000000000000000, -1.00000000000000, 0.000000000000000 ) );
#7637 = DIRECTION( '', ( -1.00000000000000, -0.000000000000000, -0.000000000000000 ) );
#7638 = DIRECTION( '', ( 0.000000000000000, 1.00000000000000, 0.000000000000000 ) );
#7639 = DIRECTION( '', ( 1.00000000000000, -0.000000000000000, 0.000000000000000 ) );
#7640 = DIRECTION( '', ( 0.000000000000000, -1.00000000000000, 0.000000000000000 ) );
#7641 = DIRECTION( '', ( -1.00000000000000, -0.000000000000000, -0.000000000000000 ) );
#7642 = DIRECTION( '', ( 0.000000000000000, 1.00000000000000, 0.000000000000000 ) );
#7643 = DIRECTION( '', ( 1.00000000000000, -0.000000000000000, 0.000000000000000 ) );
#7644 = DIRECTION( '', ( 0.000000000000000, 0.000000000000000, -1.00000000000000 ) );
#7645 = DIRECTION( '', ( 0.000000000000000, 1.00000000000000, 0.000000000000000 ) );
#7646 = DIRECTION( '', ( 0.000000000000000, 0.000000000000000, -1.00000000000000 ) );
#7647 = DIRECTION( '', ( 0.000000000000000, 1.00000000000000, 0.000000000000000 ) );
#7648 = DIRECTION( '', ( 0.000000000000000, -1.00000000000000, 0.000000000000000 ) );
#7649 = DIRECTION( '', ( -0.000000000000000, -0.000000000000000, -1.00000000000000 ) );
#7650 = DIRECTION( '', ( 0.000000000000000, -1.00000000000000, 0.000000000000000 ) );
#7651 = DIRECTION( '', ( -0.000000000000000, -0.000000000000000, -1.00000000000000 ) );
#7652 = DIRECTION( '', ( 0.000000000000000, 1.00000000000000, 0.000000000000000 ) );
#7653 = DIRECTION( '', ( 0.000000000000000, 0.000000000000000, -1.00000000000000 ) );
#7654 = DIRECTION( '', ( -0.000000000000000, 1.00000000000000, 0.000000000000000 ) );
#7655 = DIRECTION( '', ( -0.000000000000000, -0.000000000000000, -1.00000000000000 ) );
#7656 = DIRECTION( '', ( -1.00000000000000, -0.000000000000000, -0.000000000000000 ) );
#7657 = CARTESIAN_POINT( '', ( -0.0875000000000000, -0.122500000000000, 0.0125000000000000 ) );
#7658 = DIRECTION( '', ( 1.00000000000000, 0.000000000000000, -0.000000000000000 ) );
#7659 = DIRECTION( '', ( -0.000000000000000, 0.000000000000000, -1.00000000000000 ) );
#7660 = DIRECTION( '', ( -1.00000000000000, -0.000000000000000, -0.000000000000000 ) );
#7661 = CARTESIAN_POINT( '', ( -0.112500000000000, -0.122500000000000, 0.0125000000000000 ) );
#7662 = DIRECTION( '', ( 1.00000000000000, 0.000000000000000, 0.000000000000000 ) );
#7663 = DIRECTION( '', ( 0.000000000000000, 0.000000000000000, -1.00000000000000 ) );
#7664 = DIRECTION( '', ( -0.000000000000000, -0.000000000000000, -1.00000000000000 ) );
#7665 = DIRECTION( '', ( 0.000000000000000, -1.00000000000000, 0.000000000000000 ) );
#7666 = CARTESIAN_POINT( '', ( 0.0875000000000000, -0.122500000000000, 0.0125000000000000 ) );
#7667 = DIRECTION( '', ( -1.00000000000000, 0.000000000000000, 0.000000000000000 ) );
#7668 = DIRECTION( '', ( 0.000000000000000, 0.000000000000000, 1.00000000000000 ) );
#7669 = DIRECTION( '', ( 0.000000000000000, 7.22711109434991E-17, -1.00000000000000 ) );
#7670 = DIRECTION( '', ( 0.000000000000000, -0.707106781186547, -0.707106781186547 ) );
#7671 = DIRECTION( '', ( 0.000000000000000, 1.00000000000000, 0.000000000000000 ) );
#7672 = DIRECTION( '', ( 0.000000000000000, -0.707106781186546, 0.707106781186549 ) );
#7673 = DIRECTION( '', ( 0.000000000000000, 0.000000000000000, 1.00000000000000 ) );
#7674 = CARTESIAN_POINT( '', ( 0.0875000000000000, -0.122500000000000, 0.0125000000000000 ) );
#7675 = DIRECTION( '', ( -1.00000000000000, 0.000000000000000, 0.000000000000000 ) );
#7676 = DIRECTION( '', ( 0.000000000000000, 0.000000000000000, 1.00000000000000 ) );
#7677 = DIRECTION( '', ( 0.000000000000000, 0.707106781186545, -0.707106781186549 ) );
#7678 = DIRECTION( '', ( 0.000000000000000, 0.000000000000000, -1.00000000000000 ) );
#7679 = DIRECTION( '', ( 0.000000000000000, -0.707106781186546, -0.707106781186549 ) );
#7680 = DIRECTION( '', ( 0.000000000000000, -1.00000000000000, 0.000000000000000 ) );
#7681 = DIRECTION( '', ( 0.000000000000000, -3.41480999208033E-16, -1.00000000000000 ) );
#7682 = DIRECTION( '', ( 0.000000000000000, 1.00000000000000, 0.000000000000000 ) );
#7683 = DIRECTION( '', ( 0.000000000000000, 0.707106781186546, -0.707106781186549 ) );
#7684 = DIRECTION( '', ( 0.000000000000000, 0.000000000000000, -1.00000000000000 ) );
#7685 = DIRECTION( '', ( 0.000000000000000, -0.707106781186545, -0.707106781186549 ) );
#7686 = DIRECTION( '', ( 0.000000000000000, -1.00000000000000, 0.000000000000000 ) );
#7687 = DIRECTION( '', ( -0.000000000000000, -0.000000000000000, -1.00000000000000 ) );
#7688 = DIRECTION( '', ( 0.000000000000000, 0.707106781186545, -0.707106781186549 ) );
#7689 = DIRECTION( '', ( 0.000000000000000, 0.000000000000000, -1.00000000000000 ) );
#7690 = DIRECTION( '', ( 0.000000000000000, -0.707106781186546, -0.707106781186549 ) );
#7691 = DIRECTION( '', ( 0.000000000000000, -1.00000000000000, 0.000000000000000 ) );
#7692 = DIRECTION( '', ( 0.000000000000000, -3.41480999208033E-16, -1.00000000000000 ) );
#7693 = DIRECTION( '', ( 0.000000000000000, 1.00000000000000, 0.000000000000000 ) );
#7694 = DIRECTION( '', ( 0.000000000000000, 0.707106781186546, -0.707106781186549 ) );
#7695 = DIRECTION( '', ( 0.000000000000000, 0.000000000000000, -1.00000000000000 ) );
#7696 = DIRECTION( '', ( 0.000000000000000, -0.707106781186545, -0.707106781186549 ) );
#7697 = DIRECTION( '', ( 0.000000000000000, -1.00000000000000, 0.000000000000000 ) );
#7698 = DIRECTION( '', ( -0.000000000000000, -0.000000000000000, -1.00000000000000 ) );
#7699 = DIRECTION( '', ( -0.529919264233205, 0.848048096156426, 0.000000000000000 ) );
#7700 = DIRECTION( '', ( -0.000000000000000, -0.000000000000000, -1.00000000000000 ) );
#7701 = DIRECTION( '', ( 0.529919264233205, -0.848048096156426, 0.000000000000000 ) );
#7702 = DIRECTION( '', ( -0.000000000000000, -0.000000000000000, -1.00000000000000 ) );
#7703 = DIRECTION( '', ( -0.000000000000000, -0.000000000000000, -1.00000000000000 ) );
#7704 = DIRECTION( '', ( -0.000000000000000, -1.00000000000000, -0.000000000000000 ) );
#7705 = DIRECTION( '', ( 0.000000000000000, 0.000000000000000, -1.00000000000000 ) );
#7706 = DIRECTION( '', ( 0.000000000000000, -1.00000000000000, 0.000000000000000 ) );
#7707 = DIRECTION( '', ( 0.000000000000000, 0.000000000000000, -1.00000000000000 ) );
#7708 = DIRECTION( '', ( -0.000000000000000, 1.00000000000000, 0.000000000000000 ) );
#7709 = DIRECTION( '', ( 0.000000000000000, 0.000000000000000, 1.00000000000000 ) );
#7710 = DIRECTION( '', ( 0.000000000000000, 1.00000000000000, 0.000000000000000 ) );
#7711 = DIRECTION( '', ( 0.000000000000000, 0.000000000000000, 1.00000000000000 ) );
#7712 = DIRECTION( '', ( 0.000000000000000, 1.00000000000000, 0.000000000000000 ) );
#7713 = DIRECTION( '', ( -1.00000000000000, 0.000000000000000, 0.000000000000000 ) );
#7714 = DIRECTION( '', ( 0.000000000000000, 1.00000000000000, 0.000000000000000 ) );
#7715 = DIRECTION( '', ( -1.00000000000000, 0.000000000000000, 0.000000000000000 ) );
#7716 = DIRECTION( '', ( 0.000000000000000, 1.00000000000000, 0.000000000000000 ) );
#7717 = DIRECTION( '', ( -1.00000000000000, 0.000000000000000, 0.000000000000000 ) );
#7718 = DIRECTION( '', ( 0.529919264233204, 0.848048096156426, 0.000000000000000 ) );
#7719 = DIRECTION( '', ( 0.0348994967025008, 0.999390827019096, 0.000000000000000 ) );
#7720 = DIRECTION( '', ( 1.00000000000000, -0.000000000000000, 0.000000000000000 ) );
#7721 = DIRECTION( '', ( 0.0348994967025013, -0.999390827019096, 0.000000000000000 ) );
#7722 = DIRECTION( '', ( -1.00000000000000, -0.000000000000000, -0.000000000000000 ) );
#7723 = DIRECTION( '', ( -0.000000000000000, 1.00000000000000, 0.000000000000000 ) );
#7724 = DIRECTION( '', ( -1.00000000000000, -0.000000000000000, -0.000000000000000 ) );
#7725 = DIRECTION( '', ( -1.00000000000000, 0.000000000000000, 0.000000000000000 ) );
#7726 = DIRECTION( '', ( -0.000000000000000, -1.00000000000000, -0.000000000000000 ) );
#7727 = DIRECTION( '', ( 1.00000000000000, 0.000000000000000, 0.000000000000000 ) );
#7728 = DIRECTION( '', ( 0.000000000000000, 1.00000000000000, 0.000000000000000 ) );
#7729 = DIRECTION( '', ( 0.0348994967025007, 0.999390827019096, 0.000000000000000 ) );
#7730 = DIRECTION( '', ( -0.000000000000000, -0.000000000000000, -1.00000000000000 ) );
#7731 = DIRECTION( '', ( -0.0348994967025007, -0.999390827019096, 0.000000000000000 ) );
#7732 = DIRECTION( '', ( -0.000000000000000, -0.000000000000000, -1.00000000000000 ) );
#7733 = DIRECTION( '', ( -1.00000000000000, -0.000000000000000, -0.000000000000000 ) );
#7734 = DIRECTION( '', ( 0.000000000000000, 0.000000000000000, 1.00000000000000 ) );
#7735 = DIRECTION( '', ( -1.00000000000000, -0.000000000000000, -0.000000000000000 ) );
#7736 = DIRECTION( '', ( 0.000000000000000, -1.00000000000000, 0.000000000000000 ) );
#7737 = CARTESIAN_POINT( '', ( -0.0875000000000000, -0.0225000000000000, -0.0875000000000000 ) );
#7738 = DIRECTION( '', ( 1.00000000000000, 0.000000000000000, -0.000000000000000 ) );
#7739 = DIRECTION( '', ( -0.000000000000000, 0.000000000000000, -1.00000000000000 ) );
#7740 = DIRECTION( '', ( 0.000000000000000, 1.25314128149737E-16, -1.00000000000000 ) );
#7741 = DIRECTION( '', ( 0.000000000000000, 0.707106781186548, -0.707106781186547 ) );
#7742 = DIRECTION( '', ( 0.000000000000000, -1.00000000000000, 0.000000000000000 ) );
#7743 = DIRECTION( '', ( 0.000000000000000, 0.707106781186547, 0.707106781186547 ) );
#7744 = DIRECTION( '', ( 0.000000000000000, -1.25314128149737E-16, 1.00000000000000 ) );
#7745 = CARTESIAN_POINT( '', ( -0.0875000000000000, -0.0225000000000000, -0.0875000000000000 ) );
#7746 = DIRECTION( '', ( 1.00000000000000, 0.000000000000000, -0.000000000000000 ) );
#7747 = DIRECTION( '', ( -0.000000000000000, 0.000000000000000, -1.00000000000000 ) );
#7748 = DIRECTION( '', ( -0.000000000000000, 1.00000000000000, 0.000000000000000 ) );
#7749 = DIRECTION( '', ( -0.000000000000000, -0.000000000000000, -1.00000000000000 ) );
#7750 = DIRECTION( '', ( 1.00000000000000, 0.000000000000000, 0.000000000000000 ) );
#7751 = DIRECTION( '', ( 0.000000000000000, -1.00000000000000, 0.000000000000000 ) );
#7752 = DIRECTION( '', ( -1.00000000000000, 0.000000000000000, 0.000000000000000 ) );
#7753 = DIRECTION( '', ( -0.000000000000000, -1.00000000000000, -0.000000000000000 ) );
#7754 = DIRECTION( '', ( 1.00000000000000, 0.000000000000000, 0.000000000000000 ) );
#7755 = DIRECTION( '', ( 0.000000000000000, 1.00000000000000, 0.000000000000000 ) );
#7756 = DIRECTION( '', ( 1.00000000000000, 0.000000000000000, 0.000000000000000 ) );
#7757 = DIRECTION( '', ( 0.000000000000000, 1.00000000000000, 0.000000000000000 ) );
#7758 = DIRECTION( '', ( 1.00000000000000, 0.000000000000000, 0.000000000000000 ) );
#7759 = DIRECTION( '', ( 0.000000000000000, 0.000000000000000, -1.00000000000000 ) );
#7760 = DIRECTION( '', ( 0.000000000000000, 0.000000000000000, -1.00000000000000 ) );
#7761 = DIRECTION( '', ( -1.00000000000000, -0.000000000000000, -0.000000000000000 ) );
#7762 = DIRECTION( '', ( -0.000000000000000, -0.000000000000000, -1.00000000000000 ) );
#7763 = DIRECTION( '', ( -1.00000000000000, 0.000000000000000, 0.000000000000000 ) );
#7764 = DIRECTION( '', ( -1.00000000000000, -0.000000000000000, -0.000000000000000 ) );
#7765 = DIRECTION( '', ( -1.00000000000000, 0.000000000000000, 0.000000000000000 ) );
#7766 = DIRECTION( '', ( -0.000000000000000, -0.000000000000000, -1.00000000000000 ) );
#7767 = DIRECTION( '', ( -1.00000000000000, -0.000000000000000, -0.000000000000000 ) );
#7768 = DIRECTION( '', ( -0.000000000000000, -0.000000000000000, -1.00000000000000 ) );
#7769 = DIRECTION( '', ( -1.00000000000000, 0.000000000000000, 0.000000000000000 ) );
#7770 = DIRECTION( '', ( -1.00000000000000, -0.000000000000000, -0.000000000000000 ) );
#7771 = DIRECTION( '', ( 0.000000000000000, 0.000000000000000, -1.00000000000000 ) );
#7772 = DIRECTION( '', ( -1.00000000000000, -0.000000000000000, -0.000000000000000 ) );
#7773 = DIRECTION( '', ( -0.000000000000000, -0.000000000000000, -1.00000000000000 ) );
#7774 = DIRECTION( '', ( 1.00000000000000, 0.000000000000000, 0.000000000000000 ) );
#7775 = DIRECTION( '', ( 0.000000000000000, 0.000000000000000, -1.00000000000000 ) );
#7776 = DIRECTION( '', ( -1.00000000000000, 0.000000000000000, 0.000000000000000 ) );
#7777 = DIRECTION( '', ( -0.000000000000000, -0.000000000000000, -1.00000000000000 ) );
#7778 = DIRECTION( '', ( -1.00000000000000, -0.000000000000000, -0.000000000000000 ) );
#7779 = DIRECTION( '', ( -0.000000000000000, -0.000000000000000, -1.00000000000000 ) );
#7780 = DIRECTION( '', ( -1.00000000000000, 0.000000000000000, 0.000000000000000 ) );
#7781 = DIRECTION( '', ( -0.000000000000000, -0.000000000000000, -1.00000000000000 ) );
#7782 = DIRECTION( '', ( -1.00000000000000, -0.000000000000000, -0.000000000000000 ) );
#7783 = DIRECTION( '', ( -0.000000000000000, -0.000000000000000, -1.00000000000000 ) );
#7784 = DIRECTION( '', ( -1.00000000000000, 0.000000000000000, 0.000000000000000 ) );
#7785 = DIRECTION( '', ( 0.000000000000000, 0.000000000000000, 1.00000000000000 ) );
#7786 = DIRECTION( '', ( 1.00000000000000, 0.000000000000000, 0.000000000000000 ) );
#7787 = DIRECTION( '', ( -0.000000000000000, -0.000000000000000, -1.00000000000000 ) );
#7788 = DIRECTION( '', ( -1.00000000000000, -0.000000000000000, -0.000000000000000 ) );
#7789 = DIRECTION( '', ( 0.000000000000000, 0.000000000000000, -1.00000000000000 ) );
#7790 = DIRECTION( '', ( 0.000000000000000, 0.000000000000000, -1.00000000000000 ) );
#7791 = DIRECTION( '', ( -1.00000000000000, 0.000000000000000, 0.000000000000000 ) );
#7792 = DIRECTION( '', ( 0.000000000000000, 0.000000000000000, -1.00000000000000 ) );
#7793 = DIRECTION( '', ( 0.0348994967025013, -0.999390827019096, 0.000000000000000 ) );
#7794 = DIRECTION( '', ( -0.000000000000000, -0.000000000000000, -1.00000000000000 ) );
#7795 = DIRECTION( '', ( -0.0348994967025013, 0.999390827019096, 0.000000000000000 ) );
#7796 = DIRECTION( '', ( -0.000000000000000, -0.000000000000000, -1.00000000000000 ) );
#7797 = DIRECTION( '', ( 0.000000000000000, 0.000000000000000, 1.00000000000000 ) );
#7798 = DIRECTION( '', ( 0.000000000000000, -1.00000000000000, 0.000000000000000 ) );
#7799 = DIRECTION( '', ( 0.000000000000000, 1.00000000000000, 0.000000000000000 ) );
#7800 = DIRECTION( '', ( 0.000000000000000, 0.000000000000000, 1.00000000000000 ) );
#7801 = DIRECTION( '', ( 0.000000000000000, -1.00000000000000, 0.000000000000000 ) );
#7802 = DIRECTION( '', ( 0.000000000000000, 0.000000000000000, -1.00000000000000 ) );
#7803 = DIRECTION( '', ( 0.000000000000000, 1.00000000000000, 0.000000000000000 ) );
#7804 = DIRECTION( '', ( 0.000000000000000, -1.00000000000000, 0.000000000000000 ) );
#7805 = DIRECTION( '', ( 0.000000000000000, -1.00000000000000, 0.000000000000000 ) );
#7806 = DIRECTION( '', ( 0.000000000000000, 0.000000000000000, 1.00000000000000 ) );
#7807 = DIRECTION( '', ( -0.000000000000000, -0.000000000000000, -1.00000000000000 ) );
#7808 = DIRECTION( '', ( 1.00000000000000, 0.000000000000000, 0.000000000000000 ) );
#7809 = DIRECTION( '', ( -1.00000000000000, -0.000000000000000, -0.000000000000000 ) );
#7810 = DIRECTION( '', ( -0.000000000000000, -1.00000000000000, -0.000000000000000 ) );
#7811 = DIRECTION( '', ( 0.000000000000000, 0.000000000000000, 1.00000000000000 ) );
#7812 = DIRECTION( '', ( -0.000000000000000, -1.00000000000000, -0.000000000000000 ) );
#7813 = DIRECTION( '', ( -1.00000000000000, -0.000000000000000, -0.000000000000000 ) );
#7814 = DIRECTION( '', ( 0.000000000000000, 0.707106781186547, 0.707106781186547 ) );
#7815 = DIRECTION( '', ( -1.00000000000000, -0.000000000000000, -0.000000000000000 ) );
#7816 = DIRECTION( '', ( -1.00000000000000, -0.000000000000000, -0.000000000000000 ) );
#7817 = DIRECTION( '', ( 0.000000000000000, 0.707106781186546, -0.707106781186549 ) );
#7818 = DIRECTION( '', ( -1.00000000000000, -0.000000000000000, -0.000000000000000 ) );
#7819 = DIRECTION( '', ( 0.000000000000000, 1.00000000000000, 0.000000000000000 ) );
#7820 = DIRECTION( '', ( -1.00000000000000, -0.000000000000000, -0.000000000000000 ) );
#7821 = DIRECTION( '', ( 0.000000000000000, 1.00000000000000, 0.000000000000000 ) );
#7822 = DIRECTION( '', ( -1.00000000000000, -0.000000000000000, -0.000000000000000 ) );
#7823 = DIRECTION( '', ( 0.000000000000000, -0.906183139995265, 0.422885465331124 ) );
#7824 = DIRECTION( '', ( -1.00000000000000, -0.000000000000000, -0.000000000000000 ) );
#7825 = DIRECTION( '', ( 0.000000000000000, -0.906183139995265, 0.422885465331124 ) );
#7826 = DIRECTION( '', ( -1.00000000000000, -0.000000000000000, -0.000000000000000 ) );
#7827 = DIRECTION( '', ( -1.00000000000000, 0.000000000000000, 0.000000000000000 ) );
#7828 = DIRECTION( '', ( -0.000000000000000, -1.00000000000000, -0.000000000000000 ) );
#7829 = DIRECTION( '', ( 1.00000000000000, 0.000000000000000, 0.000000000000000 ) );
#7830 = DIRECTION( '', ( 0.000000000000000, 1.00000000000000, 0.000000000000000 ) );
#7831 = DIRECTION( '', ( -1.00000000000000, -0.000000000000000, -0.000000000000000 ) );
#7832 = DIRECTION( '', ( 0.000000000000000, 1.00000000000000, 0.000000000000000 ) );
#7833 = DIRECTION( '', ( 1.00000000000000, 0.000000000000000, 0.000000000000000 ) );
#7834 = DIRECTION( '', ( 0.000000000000000, 1.00000000000000, 0.000000000000000 ) );
#7835 = DIRECTION( '', ( 1.00000000000000, 0.000000000000000, 0.000000000000000 ) );
#7836 = DIRECTION( '', ( -0.000000000000000, -1.00000000000000, -0.000000000000000 ) );
#7837 = DIRECTION( '', ( 0.000000000000000, 0.000000000000000, 1.00000000000000 ) );
#7838 = DIRECTION( '', ( 0.000000000000000, 0.000000000000000, 1.00000000000000 ) );
#7839 = DIRECTION( '', ( 0.000000000000000, 1.00000000000000, 0.000000000000000 ) );
#7840 = DIRECTION( '', ( -0.000000000000000, 1.00000000000000, 0.000000000000000 ) );
#7841 = DIRECTION( '', ( 0.000000000000000, 0.000000000000000, -1.00000000000000 ) );
#7842 = DIRECTION( '', ( -1.00000000000000, -0.000000000000000, -0.000000000000000 ) );
#7843 = DIRECTION( '', ( 0.000000000000000, 0.000000000000000, -1.00000000000000 ) );
#7844 = DIRECTION( '', ( -1.00000000000000, -0.000000000000000, -0.000000000000000 ) );
#7845 = DIRECTION( '', ( -1.00000000000000, -0.000000000000000, -0.000000000000000 ) );
#7846 = DIRECTION( '', ( -1.00000000000000, -0.000000000000000, -0.000000000000000 ) );
#7847 = CARTESIAN_POINT( '', ( -0.112500000000000, -0.0225000000000000, -0.0875000000000000 ) );
#7848 = DIRECTION( '', ( 1.00000000000000, 0.000000000000000, 0.000000000000000 ) );
#7849 = DIRECTION( '', ( 0.000000000000000, 0.000000000000000, -1.00000000000000 ) );
#7850 = DIRECTION( '', ( 0.000000000000000, 0.707106781186547, 0.707106781186547 ) );
#7851 = DIRECTION( '', ( -1.00000000000000, -0.000000000000000, -0.000000000000000 ) );
#7852 = DIRECTION( '', ( 0.000000000000000, -0.707106781186547, -0.707106781186547 ) );
#7853 = DIRECTION( '', ( -1.00000000000000, -0.000000000000000, -0.000000000000000 ) );
#7854 = DIRECTION( '', ( 0.000000000000000, 0.707106781186545, 0.707106781186549 ) );
#7855 = DIRECTION( '', ( 0.000000000000000, 1.00000000000000, 0.000000000000000 ) );
#7856 = DIRECTION( '', ( 0.000000000000000, -1.25314128149737E-16, 1.00000000000000 ) );
#7857 = DIRECTION( '', ( 0.000000000000000, 0.707106781186547, 0.707106781186547 ) );
#7858 = DIRECTION( '', ( 0.000000000000000, 1.00000000000000, 0.000000000000000 ) );
#7859 = DIRECTION( '', ( 0.000000000000000, 0.707106781186548, -0.707106781186547 ) );
#7860 = DIRECTION( '', ( 0.000000000000000, 1.25314128149737E-16, -1.00000000000000 ) );
#7861 = CARTESIAN_POINT( '', ( -0.112500000000000, -0.0225000000000000, -0.0875000000000000 ) );
#7862 = DIRECTION( '', ( 1.00000000000000, 0.000000000000000, 0.000000000000000 ) );
#7863 = DIRECTION( '', ( 0.000000000000000, 0.000000000000000, -1.00000000000000 ) );
#7864 = DIRECTION( '', ( 0.000000000000000, -1.00000000000000, 0.000000000000000 ) );
#7865 = DIRECTION( '', ( 0.000000000000000, -1.13826999736011E-16, -1.00000000000000 ) );
#7866 = DIRECTION( '', ( 0.000000000000000, 1.00000000000000, 0.000000000000000 ) );
#7867 = DIRECTION( '', ( 0.000000000000000, -7.22711109434991E-17, 1.00000000000000 ) );
#7868 = DIRECTION( '', ( 0.000000000000000, 0.707106781186547, 0.707106781186547 ) );
#7869 = DIRECTION( '', ( 0.000000000000000, 1.00000000000000, 0.000000000000000 ) );
#7870 = DIRECTION( '', ( 0.000000000000000, 0.707106781186546, -0.707106781186549 ) );
#7871 = DIRECTION( '', ( 0.000000000000000, 0.000000000000000, -1.00000000000000 ) );
#7872 = CARTESIAN_POINT( '', ( -0.112500000000000, -0.122500000000000, 0.0125000000000000 ) );
#7873 = DIRECTION( '', ( 1.00000000000000, 0.000000000000000, 0.000000000000000 ) );
#7874 = DIRECTION( '', ( 0.000000000000000, 0.000000000000000, -1.00000000000000 ) );
#7875 = DIRECTION( '', ( 0.000000000000000, -0.707106781186545, 0.707106781186549 ) );
#7876 = DIRECTION( '', ( 0.000000000000000, 0.000000000000000, 1.00000000000000 ) );
#7877 = DIRECTION( '', ( 0.000000000000000, 0.707106781186546, 0.707106781186549 ) );
#7878 = DIRECTION( '', ( 0.000000000000000, 1.00000000000000, 0.000000000000000 ) );
#7879 = DIRECTION( '', ( 0.000000000000000, 3.41480999208033E-16, 1.00000000000000 ) );
#7880 = DIRECTION( '', ( 0.000000000000000, -1.00000000000000, 0.000000000000000 ) );
#7881 = DIRECTION( '', ( 0.000000000000000, -0.707106781186546, 0.707106781186549 ) );
#7882 = DIRECTION( '', ( 0.000000000000000, 0.000000000000000, 1.00000000000000 ) );
#7883 = DIRECTION( '', ( -0.0348994967025013, 0.999390827019096, 0.000000000000000 ) );
#7884 = DIRECTION( '', ( -1.00000000000000, 0.000000000000000, 0.000000000000000 ) );
#7885 = DIRECTION( '', ( -0.0348994967025008, -0.999390827019096, 0.000000000000000 ) );
#7886 = DIRECTION( '', ( -0.529919264233204, -0.848048096156426, 0.000000000000000 ) );
#7887 = DIRECTION( '', ( 1.00000000000000, 0.000000000000000, 0.000000000000000 ) );
#7888 = DIRECTION( '', ( 0.000000000000000, 1.00000000000000, 0.000000000000000 ) );
#7889 = DIRECTION( '', ( 1.00000000000000, 0.000000000000000, 0.000000000000000 ) );
#7890 = DIRECTION( '', ( 0.000000000000000, 1.00000000000000, 0.000000000000000 ) );
#7891 = DIRECTION( '', ( 1.00000000000000, 0.000000000000000, 0.000000000000000 ) );
#7892 = DIRECTION( '', ( 0.000000000000000, 0.000000000000000, -1.00000000000000 ) );
#7893 = DIRECTION( '', ( 0.000000000000000, 1.00000000000000, 0.000000000000000 ) );
#7894 = DIRECTION( '', ( 0.000000000000000, 0.000000000000000, -1.00000000000000 ) );
#7895 = DIRECTION( '', ( 0.000000000000000, -0.707106781186548, 0.707106781186547 ) );
#7896 = DIRECTION( '', ( 0.000000000000000, 0.707106781186548, -0.707106781186547 ) );
#7897 = DIRECTION( '', ( -1.00000000000000, -0.000000000000000, -0.000000000000000 ) );
#7898 = DIRECTION( '', ( 0.000000000000000, 0.000000000000000, -1.00000000000000 ) );
#7899 = DIRECTION( '', ( 0.000000000000000, 1.00000000000000, 0.000000000000000 ) );
#7900 = DIRECTION( '', ( 0.000000000000000, 0.000000000000000, -1.00000000000000 ) );
#7901 = DIRECTION( '', ( -1.00000000000000, -0.000000000000000, -0.000000000000000 ) );
#7902 = CARTESIAN_POINT( '', ( 0.0125000000000000, -0.0225000000000000, -0.0875000000000000 ) );
#7903 = DIRECTION( '', ( 1.00000000000000, 0.000000000000000, -0.000000000000000 ) );
#7904 = DIRECTION( '', ( -0.000000000000000, 0.000000000000000, -1.00000000000000 ) );
#7905 = DIRECTION( '', ( -1.00000000000000, -0.000000000000000, -0.000000000000000 ) );
#7906 = CARTESIAN_POINT( '', ( -0.0125000000000000, -0.0225000000000000, -0.0875000000000000 ) );
#7907 = DIRECTION( '', ( -1.00000000000000, 0.000000000000000, 0.000000000000000 ) );
#7908 = DIRECTION( '', ( 0.000000000000000, 0.000000000000000, 1.00000000000000 ) );
#7909 = DIRECTION( '', ( 0.000000000000000, 0.000000000000000, -1.00000000000000 ) );
#7910 = DIRECTION( '', ( 0.000000000000000, 0.000000000000000, -1.00000000000000 ) );
#7911 = DIRECTION( '', ( 0.000000000000000, 1.00000000000000, 0.000000000000000 ) );
#7912 = DIRECTION( '', ( 0.529919264233205, -0.848048096156426, 0.000000000000000 ) );
#7913 = DIRECTION( '', ( -1.00000000000000, 0.000000000000000, 0.000000000000000 ) );
#7914 = DIRECTION( '', ( 0.000000000000000, 1.00000000000000, 0.000000000000000 ) );
#7915 = DIRECTION( '', ( -1.00000000000000, 0.000000000000000, 0.000000000000000 ) );
#7916 = DIRECTION( '', ( -1.00000000000000, 0.000000000000000, 0.000000000000000 ) );
#7917 = DIRECTION( '', ( 0.529919264233205, 0.848048096156426, 0.000000000000000 ) );
#7918 = DIRECTION( '', ( 1.00000000000000, -0.000000000000000, 0.000000000000000 ) );
#7919 = DIRECTION( '', ( 0.0348994967025013, -0.999390827019096, 0.000000000000000 ) );
#7920 = DIRECTION( '', ( 0.000000000000000, -0.707106781186545, 0.707106781186549 ) );
#7921 = DIRECTION( '', ( -1.00000000000000, -0.000000000000000, -0.000000000000000 ) );
#7922 = DIRECTION( '', ( 0.000000000000000, -1.00000000000000, 0.000000000000000 ) );
#7923 = DIRECTION( '', ( -1.00000000000000, -0.000000000000000, -0.000000000000000 ) );
#7924 = DIRECTION( '', ( 0.000000000000000, -1.00000000000000, 0.000000000000000 ) );
#7925 = DIRECTION( '', ( -0.000000000000000, -0.000000000000000, -1.00000000000000 ) );
#7926 = DIRECTION( '', ( 0.000000000000000, 0.000000000000000, -1.00000000000000 ) );
#7927 = DIRECTION( '', ( -1.00000000000000, -0.000000000000000, -0.000000000000000 ) );
#7928 = DIRECTION( '', ( 0.000000000000000, 1.00000000000000, 0.000000000000000 ) );
#7929 = DIRECTION( '', ( -0.000000000000000, -0.000000000000000, -1.00000000000000 ) );
#7930 = DIRECTION( '', ( 0.000000000000000, -1.00000000000000, 0.000000000000000 ) );
#7931 = CARTESIAN_POINT( '', ( 0.0875000000000000, -0.0225000000000000, -0.0875000000000000 ) );
#7932 = DIRECTION( '', ( -1.00000000000000, 0.000000000000000, 0.000000000000000 ) );
#7933 = DIRECTION( '', ( 0.000000000000000, 0.000000000000000, 1.00000000000000 ) );
#7934 = DIRECTION( '', ( 0.000000000000000, 1.25314128149737E-16, -1.00000000000000 ) );
#7935 = DIRECTION( '', ( 0.000000000000000, -0.707106781186547, -0.707106781186547 ) );
#7936 = DIRECTION( '', ( 0.000000000000000, -1.25314128149737E-16, 1.00000000000000 ) );
#7937 = CARTESIAN_POINT( '', ( 0.0875000000000000, -0.0225000000000000, -0.0875000000000000 ) );
#7938 = DIRECTION( '', ( -1.00000000000000, 0.000000000000000, 0.000000000000000 ) );
#7939 = DIRECTION( '', ( 0.000000000000000, 0.000000000000000, 1.00000000000000 ) );
#7940 = DIRECTION( '', ( -1.00000000000000, -0.000000000000000, -0.000000000000000 ) );
#7941 = DIRECTION( '', ( 0.000000000000000, -1.00000000000000, 0.000000000000000 ) );
#7942 = DIRECTION( '', ( -1.00000000000000, -0.000000000000000, -0.000000000000000 ) );
#7943 = DIRECTION( '', ( 0.000000000000000, 0.000000000000000, 1.00000000000000 ) );
#7944 = DIRECTION( '', ( 1.00000000000000, 0.000000000000000, 0.000000000000000 ) );
#7945 = DIRECTION( '', ( 0.000000000000000, 0.000000000000000, 1.00000000000000 ) );
#7946 = DIRECTION( '', ( 0.000000000000000, 1.00000000000000, 0.000000000000000 ) );
#7947 = DIRECTION( '', ( 0.000000000000000, -1.00000000000000, 0.000000000000000 ) );
#7948 = DIRECTION( '', ( 0.000000000000000, 1.00000000000000, 0.000000000000000 ) );
#7949 = DIRECTION( '', ( 0.000000000000000, 0.000000000000000, -1.00000000000000 ) );
#7950 = DIRECTION( '', ( 0.000000000000000, -1.00000000000000, 0.000000000000000 ) );
#7951 = DIRECTION( '', ( 0.000000000000000, 1.00000000000000, 0.000000000000000 ) );
#7952 = DIRECTION( '', ( -1.00000000000000, -0.000000000000000, -0.000000000000000 ) );
#7953 = DIRECTION( '', ( 0.000000000000000, -1.00000000000000, 0.000000000000000 ) );
#7954 = DIRECTION( '', ( 0.000000000000000, 0.000000000000000, 1.00000000000000 ) );
#7955 = DIRECTION( '', ( -1.00000000000000, -0.000000000000000, -0.000000000000000 ) );
#7956 = DIRECTION( '', ( -0.000000000000000, 1.00000000000000, 0.000000000000000 ) );
#7957 = DIRECTION( '', ( -1.00000000000000, -0.000000000000000, -0.000000000000000 ) );
#7958 = DIRECTION( '', ( -1.00000000000000, -0.000000000000000, -0.000000000000000 ) );
#7959 = DIRECTION( '', ( 0.000000000000000, 0.000000000000000, -1.00000000000000 ) );
#7960 = DIRECTION( '', ( 0.000000000000000, -1.00000000000000, 0.000000000000000 ) );
#7961 = DIRECTION( '', ( 0.000000000000000, 0.000000000000000, -1.00000000000000 ) );
#7962 = DIRECTION( '', ( 0.000000000000000, 1.00000000000000, 0.000000000000000 ) );
#7963 = DIRECTION( '', ( -1.00000000000000, 0.000000000000000, 0.000000000000000 ) );
#7964 = DIRECTION( '', ( -0.000000000000000, -0.000000000000000, -1.00000000000000 ) );
#7965 = DIRECTION( '', ( -0.000000000000000, -1.00000000000000, -0.000000000000000 ) );
#7966 = DIRECTION( '', ( -1.00000000000000, 0.000000000000000, 0.000000000000000 ) );
#7967 = DIRECTION( '', ( -0.000000000000000, -1.00000000000000, -0.000000000000000 ) );
#7968 = DIRECTION( '', ( -1.00000000000000, 0.000000000000000, 0.000000000000000 ) );
#7969 = DIRECTION( '', ( 0.000000000000000, 1.00000000000000, 0.000000000000000 ) );
#7970 = DIRECTION( '', ( -1.00000000000000, 0.000000000000000, 0.000000000000000 ) );
#7971 = DIRECTION( '', ( 0.000000000000000, 1.00000000000000, 0.000000000000000 ) );
#7972 = DIRECTION( '', ( -1.00000000000000, -0.000000000000000, -0.000000000000000 ) );
#7973 = DIRECTION( '', ( 0.000000000000000, -1.25314128149737E-16, 1.00000000000000 ) );
#7974 = DIRECTION( '', ( 0.000000000000000, 1.25314128149737E-16, -1.00000000000000 ) );
#7975 = DIRECTION( '', ( 0.000000000000000, -0.707106781186546, 0.707106781186549 ) );
#7976 = DIRECTION( '', ( -1.00000000000000, -0.000000000000000, -0.000000000000000 ) );
#7977 = DIRECTION( '', ( -1.00000000000000, -0.000000000000000, -0.000000000000000 ) );
#7978 = DIRECTION( '', ( 0.000000000000000, -1.00000000000000, 0.000000000000000 ) );
#7979 = DIRECTION( '', ( -1.00000000000000, -0.000000000000000, -0.000000000000000 ) );
#7980 = DIRECTION( '', ( 0.000000000000000, 1.00000000000000, 0.000000000000000 ) );
#7981 = DIRECTION( '', ( -1.00000000000000, -0.000000000000000, -0.000000000000000 ) );
#7982 = DIRECTION( '', ( -1.00000000000000, 0.000000000000000, 0.000000000000000 ) );
#7983 = DIRECTION( '', ( 0.000000000000000, 1.00000000000000, 0.000000000000000 ) );
#7984 = DIRECTION( '', ( -1.00000000000000, 0.000000000000000, 0.000000000000000 ) );
#7985 = DIRECTION( '', ( 0.000000000000000, -1.00000000000000, 0.000000000000000 ) );
#7986 = DIRECTION( '', ( 0.000000000000000, -1.00000000000000, 0.000000000000000 ) );
#7987 = DIRECTION( '', ( -1.00000000000000, -0.000000000000000, -0.000000000000000 ) );
#7988 = DIRECTION( '', ( -1.00000000000000, 0.000000000000000, 0.000000000000000 ) );
#7989 = DIRECTION( '', ( 0.000000000000000, 1.00000000000000, 0.000000000000000 ) );
#7990 = DIRECTION( '', ( -1.00000000000000, 0.000000000000000, 0.000000000000000 ) );
#7991 = DIRECTION( '', ( 0.000000000000000, -1.00000000000000, 0.000000000000000 ) );
#7992 = CARTESIAN_POINT( '', ( -0.0875000000000000, -0.122500000000000, 0.0125000000000000 ) );
#7993 = DIRECTION( '', ( 1.00000000000000, 0.000000000000000, -0.000000000000000 ) );
#7994 = DIRECTION( '', ( -0.000000000000000, 0.000000000000000, -1.00000000000000 ) );
#7995 = DIRECTION( '', ( 0.000000000000000, 0.000000000000000, -1.00000000000000 ) );
#7996 = DIRECTION( '', ( 0.000000000000000, 0.707106781186546, -0.707106781186549 ) );
#7997 = DIRECTION( '', ( 0.000000000000000, -1.00000000000000, 0.000000000000000 ) );
#7998 = DIRECTION( '', ( 0.000000000000000, 0.707106781186547, 0.707106781186547 ) );
#7999 = DIRECTION( '', ( 0.000000000000000, -7.22711109434991E-17, 1.00000000000000 ) );
#8000 = DIRECTION( '', ( -0.000000000000000, 1.00000000000000, 0.000000000000000 ) );
#8001 = DIRECTION( '', ( -0.000000000000000, -0.000000000000000, -1.00000000000000 ) );
#8002 = DIRECTION( '', ( 0.000000000000000, -1.00000000000000, 0.000000000000000 ) );
#8003 = DIRECTION( '', ( -0.000000000000000, -0.000000000000000, -1.00000000000000 ) );
#8004 = DIRECTION( '', ( -0.000000000000000, 1.00000000000000, 0.000000000000000 ) );
#8005 = DIRECTION( '', ( 0.000000000000000, 0.707106781186545, 0.707106781186549 ) );
#8006 = DIRECTION( '', ( 0.000000000000000, 0.000000000000000, 1.00000000000000 ) );
#8007 = DIRECTION( '', ( 0.000000000000000, -1.00000000000000, 0.000000000000000 ) );
#8008 = DIRECTION( '', ( 0.000000000000000, 3.41480999208033E-16, 1.00000000000000 ) );
#8009 = DIRECTION( '', ( 0.000000000000000, 0.707106781186546, 0.707106781186549 ) );
#8010 = DIRECTION( '', ( -1.00000000000000, -0.000000000000000, -0.000000000000000 ) );
#8011 = DIRECTION( '', ( -1.00000000000000, -0.000000000000000, -0.000000000000000 ) );
#8012 = DIRECTION( '', ( -1.00000000000000, 0.000000000000000, 0.000000000000000 ) );
#8013 = DIRECTION( '', ( 0.000000000000000, 1.00000000000000, 0.000000000000000 ) );
#8014 = DIRECTION( '', ( -1.00000000000000, 0.000000000000000, 0.000000000000000 ) );
#8015 = DIRECTION( '', ( 0.000000000000000, 1.00000000000000, 0.000000000000000 ) );
#8016 = DIRECTION( '', ( 0.000000000000000, 0.000000000000000, 1.00000000000000 ) );
#8017 = DIRECTION( '', ( 1.00000000000000, 0.000000000000000, 0.000000000000000 ) );
#8018 = DIRECTION( '', ( 0.000000000000000, 0.000000000000000, 1.00000000000000 ) );
#8019 = DIRECTION( '', ( 0.000000000000000, 1.00000000000000, 0.000000000000000 ) );
#8020 = DIRECTION( '', ( -1.00000000000000, -0.000000000000000, -0.000000000000000 ) );
#8021 = DIRECTION( '', ( 0.000000000000000, 0.707106781186547, 0.707106781186547 ) );
#8022 = DIRECTION( '', ( 0.529919264233201, -0.848048096156428, 0.000000000000000 ) );
#8023 = DIRECTION( '', ( -1.00000000000000, 0.000000000000000, 0.000000000000000 ) );
#8024 = DIRECTION( '', ( -1.00000000000000, 0.000000000000000, 0.000000000000000 ) );
#8025 = DIRECTION( '', ( -1.00000000000000, 0.000000000000000, 0.000000000000000 ) );
#8026 = DIRECTION( '', ( 0.529919264233205, 0.848048096156426, 0.000000000000000 ) );
#8027 = DIRECTION( '', ( 0.0348994967025008, 0.999390827019096, 0.000000000000000 ) );
#8028 = DIRECTION( '', ( 1.00000000000000, -0.000000000000000, 0.000000000000000 ) );
#8029 = DIRECTION( '', ( -0.000000000000000, -0.000000000000000, -1.00000000000000 ) );
#8030 = DIRECTION( '', ( -0.000000000000000, 1.00000000000000, 0.000000000000000 ) );
#8031 = DIRECTION( '', ( -1.00000000000000, -0.000000000000000, -0.000000000000000 ) );
#8032 = DIRECTION( '', ( 0.000000000000000, -1.00000000000000, 0.000000000000000 ) );
#8033 = DIRECTION( '', ( -1.00000000000000, -0.000000000000000, -0.000000000000000 ) );
#8034 = DIRECTION( '', ( -0.529919264233201, 0.848048096156428, 0.000000000000000 ) );
#8035 = DIRECTION( '', ( -1.00000000000000, 0.000000000000000, 0.000000000000000 ) );
#8036 = DIRECTION( '', ( -0.0348994967025008, -0.999390827019096, 0.000000000000000 ) );
#8037 = DIRECTION( '', ( -0.529919264233205, -0.848048096156426, 0.000000000000000 ) );
#8038 = DIRECTION( '', ( 1.00000000000000, 0.000000000000000, 0.000000000000000 ) );
#8039 = DIRECTION( '', ( 0.000000000000000, 1.00000000000000, 0.000000000000000 ) );
#8040 = DIRECTION( '', ( 1.00000000000000, 0.000000000000000, 0.000000000000000 ) );
#8041 = DIRECTION( '', ( 0.000000000000000, 1.00000000000000, 0.000000000000000 ) );
#8042 = DIRECTION( '', ( 1.00000000000000, 0.000000000000000, 0.000000000000000 ) );
#8043 = DIRECTION( '', ( -1.00000000000000, -0.000000000000000, -0.000000000000000 ) );
#8044 = DIRECTION( '', ( 0.000000000000000, 1.00000000000000, 0.000000000000000 ) );
#8045 = DIRECTION( '', ( -1.00000000000000, -0.000000000000000, -0.000000000000000 ) );
#8046 = DIRECTION( '', ( 0.000000000000000, -0.707106781186545, 0.707106781186549 ) );
#8047 = DIRECTION( '', ( -1.00000000000000, -0.000000000000000, -0.000000000000000 ) );
#8048 = DIRECTION( '', ( -1.00000000000000, -0.000000000000000, -0.000000000000000 ) );
#8049 = DIRECTION( '', ( -1.00000000000000, -0.000000000000000, -0.000000000000000 ) );
#8050 = DIRECTION( '', ( -1.00000000000000, -0.000000000000000, -0.000000000000000 ) );
#8051 = CARTESIAN_POINT( '', ( 0.0125000000000000, -0.0225000000000000, -0.0875000000000000 ) );
#8052 = DIRECTION( '', ( 1.00000000000000, 0.000000000000000, -0.000000000000000 ) );
#8053 = DIRECTION( '', ( -0.000000000000000, 0.000000000000000, -1.00000000000000 ) );
#8054 = DIRECTION( '', ( 0.000000000000000, 1.25314128149737E-16, -1.00000000000000 ) );
#8055 = DIRECTION( '', ( 0.000000000000000, 0.707106781186548, -0.707106781186547 ) );
#8056 = DIRECTION( '', ( 0.000000000000000, -1.00000000000000, 0.000000000000000 ) );
#8057 = DIRECTION( '', ( -0.000000000000000, 1.00000000000000, 0.000000000000000 ) );
#8058 = DIRECTION( '', ( -0.000000000000000, -0.000000000000000, -1.00000000000000 ) );
#8059 = DIRECTION( '', ( -1.00000000000000, -0.000000000000000, -0.000000000000000 ) );
#8060 = DIRECTION( '', ( 0.000000000000000, -1.00000000000000, 0.000000000000000 ) );
#8061 = DIRECTION( '', ( -1.00000000000000, -0.000000000000000, -0.000000000000000 ) );
#8062 = DIRECTION( '', ( 0.000000000000000, 0.000000000000000, -1.00000000000000 ) );
#8063 = DIRECTION( '', ( 0.000000000000000, 0.000000000000000, -1.00000000000000 ) );
#8064 = DIRECTION( '', ( 0.000000000000000, 0.000000000000000, 1.00000000000000 ) );
#8065 = DIRECTION( '', ( 0.000000000000000, 1.00000000000000, 0.000000000000000 ) );
#8066 = DIRECTION( '', ( 0.000000000000000, 0.000000000000000, 1.00000000000000 ) );
#8067 = DIRECTION( '', ( -0.000000000000000, -1.00000000000000, -0.000000000000000 ) );
#8068 = CARTESIAN_POINT( '', ( 0.0125000000000000, -0.122500000000000, 0.0125000000000000 ) );
#8069 = DIRECTION( '', ( 1.00000000000000, 0.000000000000000, -0.000000000000000 ) );
#8070 = DIRECTION( '', ( -0.000000000000000, 0.000000000000000, -1.00000000000000 ) );
#8071 = DIRECTION( '', ( 0.000000000000000, 0.000000000000000, -1.00000000000000 ) );
#8072 = DIRECTION( '', ( 0.000000000000000, 0.707106781186546, -0.707106781186549 ) );
#8073 = DIRECTION( '', ( 0.000000000000000, -1.00000000000000, 0.000000000000000 ) );
#8074 = DIRECTION( '', ( 0.000000000000000, 0.707106781186547, 0.707106781186547 ) );
#8075 = DIRECTION( '', ( 0.000000000000000, -7.22711109434991E-17, 1.00000000000000 ) );
#8076 = CARTESIAN_POINT( '', ( 0.0125000000000000, -0.122500000000000, 0.0125000000000000 ) );
#8077 = DIRECTION( '', ( 1.00000000000000, 0.000000000000000, -0.000000000000000 ) );
#8078 = DIRECTION( '', ( -0.000000000000000, 0.000000000000000, -1.00000000000000 ) );
#8079 = DIRECTION( '', ( -0.000000000000000, -0.000000000000000, -1.00000000000000 ) );
#8080 = CARTESIAN_POINT( '', ( 0.112500000000000, -0.122500000000000, 0.0125000000000000 ) );
#8081 = DIRECTION( '', ( 1.00000000000000, 0.000000000000000, 0.000000000000000 ) );
#8082 = DIRECTION( '', ( 0.000000000000000, 0.000000000000000, -1.00000000000000 ) );
#8083 = DIRECTION( '', ( -1.00000000000000, -0.000000000000000, -0.000000000000000 ) );
#8084 = DIRECTION( '', ( 0.000000000000000, 7.22711109434991E-17, -1.00000000000000 ) );
#8085 = DIRECTION( '', ( -1.00000000000000, -0.000000000000000, -0.000000000000000 ) );
#8086 = DIRECTION( '', ( -1.00000000000000, -0.000000000000000, -0.000000000000000 ) );
#8087 = DIRECTION( '', ( -1.00000000000000, -0.000000000000000, -0.000000000000000 ) );
#8088 = DIRECTION( '', ( 0.000000000000000, -0.707106781186546, 0.707106781186549 ) );
#8089 = DIRECTION( '', ( -1.00000000000000, -0.000000000000000, -0.000000000000000 ) );
#8090 = DIRECTION( '', ( -0.000000000000000, -0.000000000000000, -1.00000000000000 ) );
#8091 = DIRECTION( '', ( -0.529919264233205, 0.848048096156426, 0.000000000000000 ) );
#8092 = DIRECTION( '', ( -0.000000000000000, -0.000000000000000, -1.00000000000000 ) );
#8093 = DIRECTION( '', ( 0.000000000000000, 0.000000000000000, -1.00000000000000 ) );
#8094 = DIRECTION( '', ( 0.000000000000000, 0.000000000000000, -1.00000000000000 ) );
#8095 = DIRECTION( '', ( -0.000000000000000, -0.000000000000000, -1.00000000000000 ) );
#8096 = DIRECTION( '', ( -0.000000000000000, -0.000000000000000, -1.00000000000000 ) );
#8097 = DIRECTION( '', ( -1.00000000000000, -0.000000000000000, -0.000000000000000 ) );
#8098 = DIRECTION( '', ( 0.000000000000000, 0.000000000000000, 1.00000000000000 ) );
#8099 = DIRECTION( '', ( 0.000000000000000, 1.00000000000000, 0.000000000000000 ) );
#8100 = DIRECTION( '', ( 0.000000000000000, 0.000000000000000, 1.00000000000000 ) );
#8101 = DIRECTION( '', ( 0.000000000000000, 1.00000000000000, 0.000000000000000 ) );
#8102 = DIRECTION( '', ( -1.00000000000000, -0.000000000000000, -0.000000000000000 ) );
#8103 = DIRECTION( '', ( -0.000000000000000, -1.00000000000000, -0.000000000000000 ) );
#8104 = DIRECTION( '', ( 0.000000000000000, -1.00000000000000, 0.000000000000000 ) );
#8105 = DIRECTION( '', ( -1.00000000000000, -0.000000000000000, -0.000000000000000 ) );
#8106 = DIRECTION( '', ( 0.000000000000000, 1.00000000000000, 0.000000000000000 ) );
#8107 = DIRECTION( '', ( 0.000000000000000, -1.00000000000000, 0.000000000000000 ) );
#8108 = DIRECTION( '', ( -1.00000000000000, -0.000000000000000, -0.000000000000000 ) );
#8109 = DIRECTION( '', ( 0.000000000000000, -1.00000000000000, 0.000000000000000 ) );
#8110 = DIRECTION( '', ( -1.00000000000000, -0.000000000000000, -0.000000000000000 ) );
#8111 = DIRECTION( '', ( -1.00000000000000, -0.000000000000000, -0.000000000000000 ) );
#8112 = DIRECTION( '', ( -1.00000000000000, -0.000000000000000, -0.000000000000000 ) );
#8113 = DIRECTION( '', ( 0.000000000000000, 1.00000000000000, 0.000000000000000 ) );
#8114 = DIRECTION( '', ( -1.00000000000000, -0.000000000000000, -0.000000000000000 ) );
#8115 = DIRECTION( '', ( -1.00000000000000, -0.000000000000000, -0.000000000000000 ) );
#8116 = DIRECTION( '', ( 0.000000000000000, -1.25314128149737E-16, 1.00000000000000 ) );
#8117 = DIRECTION( '', ( -1.00000000000000, -0.000000000000000, -0.000000000000000 ) );
#8118 = DIRECTION( '', ( -0.000000000000000, -0.000000000000000, -1.00000000000000 ) );
#8119 = DIRECTION( '', ( -1.00000000000000, -0.000000000000000, -0.000000000000000 ) );
#8120 = DIRECTION( '', ( 0.000000000000000, 0.000000000000000, 1.00000000000000 ) );
#8121 = DIRECTION( '', ( -1.00000000000000, -0.000000000000000, -0.000000000000000 ) );
#8122 = DIRECTION( '', ( 0.000000000000000, -0.707106781186546, 0.707106781186549 ) );
#8123 = DIRECTION( '', ( -1.00000000000000, -0.000000000000000, -0.000000000000000 ) );
#8124 = DIRECTION( '', ( 0.000000000000000, 0.000000000000000, 1.00000000000000 ) );
#8125 = DIRECTION( '', ( 0.000000000000000, -1.00000000000000, 0.000000000000000 ) );
#8126 = DIRECTION( '', ( 0.000000000000000, 0.000000000000000, -1.00000000000000 ) );
#8127 = DIRECTION( '', ( 0.000000000000000, 1.00000000000000, 0.000000000000000 ) );
#8128 = DIRECTION( '', ( 0.000000000000000, 0.000000000000000, 1.00000000000000 ) );
#8129 = DIRECTION( '', ( -0.000000000000000, -0.000000000000000, -1.00000000000000 ) );
#8130 = DIRECTION( '', ( -1.00000000000000, -0.000000000000000, -0.000000000000000 ) );
#8131 = DIRECTION( '', ( 0.000000000000000, 0.000000000000000, 1.00000000000000 ) );
#8132 = DIRECTION( '', ( -0.000000000000000, -0.000000000000000, -1.00000000000000 ) );
#8133 = DIRECTION( '', ( -1.00000000000000, -0.000000000000000, -0.000000000000000 ) );
#8134 = DIRECTION( '', ( 0.000000000000000, 0.000000000000000, -1.00000000000000 ) );
#8135 = DIRECTION( '', ( 0.000000000000000, -1.00000000000000, 0.000000000000000 ) );
#8136 = DIRECTION( '', ( 0.000000000000000, 0.000000000000000, -1.00000000000000 ) );
#8137 = DIRECTION( '', ( -1.00000000000000, -0.000000000000000, -0.000000000000000 ) );
#8138 = DIRECTION( '', ( -1.00000000000000, -0.000000000000000, -0.000000000000000 ) );
#8139 = CARTESIAN_POINT( '', ( 0.112500000000000, -0.122500000000000, 0.0125000000000000 ) );
#8140 = DIRECTION( '', ( 1.00000000000000, 0.000000000000000, 0.000000000000000 ) );
#8141 = DIRECTION( '', ( 0.000000000000000, 0.000000000000000, -1.00000000000000 ) );
#8142 = DIRECTION( '', ( 0.000000000000000, -7.22711109434991E-17, 1.00000000000000 ) );
#8143 = DIRECTION( '', ( 0.000000000000000, 0.000000000000000, -1.00000000000000 ) );
#8144 = DIRECTION( '', ( 0.000000000000000, 0.000000000000000, -1.00000000000000 ) );
#8145 = DIRECTION( '', ( -1.00000000000000, -0.000000000000000, -0.000000000000000 ) );
#8146 = DIRECTION( '', ( 0.000000000000000, 0.000000000000000, 1.00000000000000 ) );
#8147 = DIRECTION( '', ( -0.000000000000000, -0.000000000000000, -1.00000000000000 ) );
#8148 = DIRECTION( '', ( 0.000000000000000, 0.000000000000000, 1.00000000000000 ) );
#8149 = DIRECTION( '', ( -1.00000000000000, -0.000000000000000, -0.000000000000000 ) );
#8150 = DIRECTION( '', ( 0.000000000000000, 0.707106781186546, 0.707106781186549 ) );
#8151 = DIRECTION( '', ( -1.00000000000000, -0.000000000000000, -0.000000000000000 ) );
#8152 = DIRECTION( '', ( -0.000000000000000, -0.000000000000000, -1.00000000000000 ) );
#8153 = DIRECTION( '', ( -0.529919264233205, -0.848048096156426, 0.000000000000000 ) );
#8154 = DIRECTION( '', ( 1.00000000000000, 0.000000000000000, 1.06712812252510E-16 ) );
#8155 = DIRECTION( '', ( 1.00000000000000, 0.000000000000000, 1.06712812252510E-16 ) );
#8156 = DIRECTION( '', ( -1.00000000000000, -0.000000000000000, -0.000000000000000 ) );
#8157 = DIRECTION( '', ( 0.000000000000000, -1.00000000000000, 0.000000000000000 ) );
#8158 = DIRECTION( '', ( 0.000000000000000, -1.00000000000000, 0.000000000000000 ) );
#8159 = DIRECTION( '', ( 0.000000000000000, 1.00000000000000, 0.000000000000000 ) );
#8160 = DIRECTION( '', ( -1.00000000000000, -0.000000000000000, -0.000000000000000 ) );
#8161 = DIRECTION( '', ( 0.000000000000000, 1.00000000000000, 0.000000000000000 ) );
#8162 = DIRECTION( '', ( 0.000000000000000, 1.00000000000000, 0.000000000000000 ) );
#8163 = DIRECTION( '', ( -1.00000000000000, -0.000000000000000, -0.000000000000000 ) );
#8164 = DIRECTION( '', ( -1.00000000000000, -0.000000000000000, -0.000000000000000 ) );
#8165 = DIRECTION( '', ( 0.000000000000000, 0.707106781186545, 0.707106781186549 ) );
#8166 = DIRECTION( '', ( -1.00000000000000, -0.000000000000000, -0.000000000000000 ) );
#8167 = DIRECTION( '', ( -1.00000000000000, -0.000000000000000, -0.000000000000000 ) );
#8168 = CARTESIAN_POINT( '', ( 0.112500000000000, -0.0225000000000000, -0.0875000000000000 ) );
#8169 = DIRECTION( '', ( 1.00000000000000, 0.000000000000000, 0.000000000000000 ) );
#8170 = DIRECTION( '', ( 0.000000000000000, 0.000000000000000, -1.00000000000000 ) );
#8171 = DIRECTION( '', ( -1.00000000000000, -0.000000000000000, -0.000000000000000 ) );
#8172 = DIRECTION( '', ( 1.00000000000000, 0.000000000000000, 0.000000000000000 ) );
#8173 = DIRECTION( '', ( 0.000000000000000, 1.00000000000000, 0.000000000000000 ) );
#8174 = DIRECTION( '', ( 1.00000000000000, 0.000000000000000, 1.06712812252510E-16 ) );
#8175 = DIRECTION( '', ( 1.00000000000000, 0.000000000000000, 1.06712812252510E-16 ) );
#8176 = DIRECTION( '', ( 0.000000000000000, 1.00000000000000, 0.000000000000000 ) );
#8177 = DIRECTION( '', ( -1.00000000000000, -0.000000000000000, -0.000000000000000 ) );
#8178 = DIRECTION( '', ( -0.000000000000000, -0.000000000000000, -1.00000000000000 ) );
#8179 = CARTESIAN_POINT( '', ( -0.0125000000000000, -0.122500000000000, 0.0125000000000000 ) );
#8180 = DIRECTION( '', ( -1.00000000000000, 0.000000000000000, 0.000000000000000 ) );
#8181 = DIRECTION( '', ( 0.000000000000000, 0.000000000000000, 1.00000000000000 ) );
#8182 = DIRECTION( '', ( 0.000000000000000, -0.707106781186547, -0.707106781186547 ) );
#8183 = DIRECTION( '', ( 0.000000000000000, 1.00000000000000, 0.000000000000000 ) );
#8184 = DIRECTION( '', ( 0.000000000000000, 0.000000000000000, 1.00000000000000 ) );
#8185 = CARTESIAN_POINT( '', ( -0.0125000000000000, -0.122500000000000, 0.0125000000000000 ) );
#8186 = DIRECTION( '', ( -1.00000000000000, 0.000000000000000, 0.000000000000000 ) );
#8187 = DIRECTION( '', ( 0.000000000000000, 0.000000000000000, 1.00000000000000 ) );
#8188 = DIRECTION( '', ( 0.000000000000000, 0.707106781186546, 0.707106781186549 ) );
#8189 = DIRECTION( '', ( 0.000000000000000, 0.000000000000000, 1.00000000000000 ) );
#8190 = DIRECTION( '', ( -1.00000000000000, 0.000000000000000, 0.000000000000000 ) );
#8191 = DIRECTION( '', ( 1.00000000000000, 0.000000000000000, 0.000000000000000 ) );
#8192 = DIRECTION( '', ( 0.000000000000000, 0.000000000000000, 1.00000000000000 ) );
#8193 = DIRECTION( '', ( 1.00000000000000, 0.000000000000000, 0.000000000000000 ) );
#8194 = DIRECTION( '', ( 1.00000000000000, 0.000000000000000, 0.000000000000000 ) );
#8195 = DIRECTION( '', ( -0.000000000000000, -0.000000000000000, -1.00000000000000 ) );
#8196 = DIRECTION( '', ( 0.000000000000000, 0.000000000000000, 1.00000000000000 ) );
#8197 = DIRECTION( '', ( 0.000000000000000, 0.000000000000000, 1.00000000000000 ) );
#8198 = DIRECTION( '', ( 1.00000000000000, 0.000000000000000, 0.000000000000000 ) );
#8199 = DIRECTION( '', ( -1.00000000000000, -0.000000000000000, -0.000000000000000 ) );
#8200 = DIRECTION( '', ( 0.000000000000000, 0.000000000000000, -1.00000000000000 ) );
#8201 = DIRECTION( '', ( -1.00000000000000, 0.000000000000000, 0.000000000000000 ) );
#8202 = DIRECTION( '', ( 0.000000000000000, 0.000000000000000, -1.00000000000000 ) );
#8203 = DIRECTION( '', ( -1.00000000000000, -0.000000000000000, -0.000000000000000 ) );
#8204 = DIRECTION( '', ( 0.000000000000000, 0.000000000000000, 1.00000000000000 ) );
#8205 = DIRECTION( '', ( 0.000000000000000, 0.000000000000000, 1.00000000000000 ) );
#8206 = DIRECTION( '', ( -0.0348994967025013, 0.999390827019096, 0.000000000000000 ) );
#8207 = DIRECTION( '', ( 1.00000000000000, 0.000000000000000, 0.000000000000000 ) );
#8208 = DIRECTION( '', ( 0.000000000000000, 0.000000000000000, 1.00000000000000 ) );
#8209 = DIRECTION( '', ( -1.00000000000000, -0.000000000000000, -0.000000000000000 ) );
#8210 = DIRECTION( '', ( -1.00000000000000, -0.000000000000000, -0.000000000000000 ) );
#8211 = DIRECTION( '', ( -1.00000000000000, -0.000000000000000, -0.000000000000000 ) );
#8212 = DIRECTION( '', ( 0.000000000000000, -1.25314128149737E-16, 1.00000000000000 ) );
#8213 = DIRECTION( '', ( 0.000000000000000, 3.41480999208033E-16, 1.00000000000000 ) );
#8214 = DIRECTION( '', ( 0.000000000000000, 0.344254649158423, -0.938876315886609 ) );
#8215 = DIRECTION( '', ( 0.000000000000000, 0.344254649158423, -0.938876315886609 ) );
#8216 = DIRECTION( '', ( 0.000000000000000, -1.13826999736011E-16, -1.00000000000000 ) );
#8217 = DIRECTION( '', ( 0.000000000000000, -1.00000000000000, 0.000000000000000 ) );
#8218 = DIRECTION( '', ( 0.000000000000000, 1.25314128149737E-16, -1.00000000000000 ) );
#8219 = CARTESIAN_POINT( '', ( 0.112500000000000, -0.0225000000000000, -0.0875000000000000 ) );
#8220 = DIRECTION( '', ( 1.00000000000000, 0.000000000000000, 0.000000000000000 ) );
#8221 = DIRECTION( '', ( 0.000000000000000, 0.000000000000000, -1.00000000000000 ) );
#8222 = DIRECTION( '', ( 0.000000000000000, 1.00000000000000, 0.000000000000000 ) );
#8223 = DIRECTION( '', ( 0.000000000000000, 0.707106781186545, 0.707106781186549 ) );
#8224 = DIRECTION( '', ( 0.000000000000000, 0.000000000000000, 1.00000000000000 ) );
#8225 = DIRECTION( '', ( -1.00000000000000, -0.000000000000000, -0.000000000000000 ) );
#8226 = DIRECTION( '', ( -1.00000000000000, -0.000000000000000, -0.000000000000000 ) );
#8227 = DIRECTION( '', ( -0.000000000000000, -0.000000000000000, -1.00000000000000 ) );
#8228 = DIRECTION( '', ( -1.00000000000000, 0.000000000000000, 0.000000000000000 ) );
#8229 = DIRECTION( '', ( -1.00000000000000, -0.000000000000000, -0.000000000000000 ) );
#8230 = DIRECTION( '', ( -1.00000000000000, -0.000000000000000, -0.000000000000000 ) );
#8231 = DIRECTION( '', ( 0.000000000000000, 3.41480999208033E-16, 1.00000000000000 ) );
#8232 = DIRECTION( '', ( 0.000000000000000, 0.000000000000000, -1.00000000000000 ) );
#8233 = DIRECTION( '', ( 1.00000000000000, 0.000000000000000, -0.000000000000000 ) );
#8234 = DIRECTION( '', ( -0.000000000000000, -0.000000000000000, -1.00000000000000 ) );
#8235 = DIRECTION( '', ( 1.00000000000000, 0.000000000000000, -0.000000000000000 ) );
#8236 = DIRECTION( '', ( -1.00000000000000, -0.000000000000000, -0.000000000000000 ) );
#8237 = DIRECTION( '', ( 0.000000000000000, -0.707106781186545, 0.707106781186549 ) );
#8238 = DIRECTION( '', ( 0.000000000000000, 0.000000000000000, 1.00000000000000 ) );
#8239 = DIRECTION( '', ( -1.00000000000000, -0.000000000000000, -0.000000000000000 ) );
#8240 = DIRECTION( '', ( -0.000000000000000, -0.000000000000000, -1.00000000000000 ) );
#8241 = DIRECTION( '', ( -0.000000000000000, 1.00000000000000, 0.000000000000000 ) );
#8242 = DIRECTION( '', ( 0.000000000000000, 0.000000000000000, 1.00000000000000 ) );
#8243 = DIRECTION( '', ( 0.000000000000000, -0.707106781186546, 0.707106781186549 ) );
#8244 = DIRECTION( '', ( 0.000000000000000, -0.707106781186548, 0.707106781186547 ) );
#8245 = DIRECTION( '', ( -1.00000000000000, -0.000000000000000, -0.000000000000000 ) );
#8246 = DIRECTION( '', ( -0.000000000000000, -1.00000000000000, -0.000000000000000 ) );
#8247 = DIRECTION( '', ( -1.00000000000000, -0.000000000000000, -0.000000000000000 ) );
#8248 = DIRECTION( '', ( -1.00000000000000, -0.000000000000000, -0.000000000000000 ) );
#8249 = DIRECTION( '', ( -1.00000000000000, 0.000000000000000, 0.000000000000000 ) );
#8250 = DIRECTION( '', ( 0.000000000000000, 0.000000000000000, 1.00000000000000 ) );
#8251 = DIRECTION( '', ( 0.000000000000000, 0.000000000000000, 1.00000000000000 ) );
#8252 = DIRECTION( '', ( -1.00000000000000, 0.000000000000000, 0.000000000000000 ) );
#8253 = DIRECTION( '', ( -1.00000000000000, -0.000000000000000, -0.000000000000000 ) );
#8254 = DIRECTION( '', ( 0.000000000000000, -1.00000000000000, 0.000000000000000 ) );
#8255 = DIRECTION( '', ( 0.000000000000000, 1.00000000000000, 0.000000000000000 ) );
#8256 = CARTESIAN_POINT( '', ( -0.0125000000000000, -0.0225000000000000, -0.0875000000000000 ) );
#8257 = DIRECTION( '', ( -1.00000000000000, 0.000000000000000, 0.000000000000000 ) );
#8258 = DIRECTION( '', ( 0.000000000000000, 0.000000000000000, 1.00000000000000 ) );
#8259 = DIRECTION( '', ( -1.00000000000000, -0.000000000000000, -0.000000000000000 ) );
ENDSEC;
END-ISO-10303-21;
