ISO-10303-21;
HEADER;
FILE_DESCRIPTION( ( 'STEP AP214' ), '1' );
FILE_NAME( 'p:/temp/worker_112/temp/exporttempdir_3796_489_bT5sN/format_0/IPL1-102-01-L-D-RA-K.stp', '2019-10-22T18:47:31', ( '' ), ( '' ), ' ', 'PARTsolutions', ' ' );
FILE_SCHEMA( ( 'AUTOMOTIVE_DESIGN { 1 0 10303 214 1 1 1 1 }' ) );
ENDSEC;
DATA;
#1 = PRODUCT_DEFINITION_CONTEXT( '', #18, 'design' );
#2 = APPLICATION_PROTOCOL_DEFINITION( 'international standard', 'automotive_design', 2001, #18 );
#3 = PRODUCT_CATEGORY_RELATIONSHIP( 'NONE', 'NONE', #19, #20 );
#4 = SHAPE_DEFINITION_REPRESENTATION( #21, #22 );
#5 = PRODUCT_CATEGORY_RELATIONSHIP( 'NONE', 'NONE', #19, #23 );
#6 = CONTEXT_DEPENDENT_SHAPE_REPRESENTATION( #24, #25 );
#7 = SHAPE_DEFINITION_REPRESENTATION( #26, #27 );
#8 = SHAPE_REPRESENTATION_RELATIONSHIP( 'NONE', 'NONE', #27, #28 );
#9 = PRODUCT_CATEGORY_RELATIONSHIP( 'NONE', 'NONE', #19, #29 );
#10 = CONTEXT_DEPENDENT_SHAPE_REPRESENTATION( #30, #31 );
#11 = SHAPE_DEFINITION_REPRESENTATION( #32, #33 );
#12 = SHAPE_REPRESENTATION_RELATIONSHIP( 'NONE', 'NONE', #33, #34 );
#13 = MECHANICAL_DESIGN_GEOMETRIC_PRESENTATION_REPRESENTATION( ' ', ( #35, #36, #37, #38, #39, #40, #41, #42, #43, #44, #45, #46, #47, #48, #49, #50, #51, #52, #53, #54, #55, #56, #57, #58, #59, #60, #61, #62, #63, #64, #65, #66, #67, #68, #69, #70, #71, #72, #73, #74, #75, #76, #77, #78, #79, #80, #81, #82, #83, #84, #85, #86, #87, #88, #89, #90, #91, #92, #93, #94, #95, #96, #97, #98, #99, #100, #101, #102, #103, #104, #105, #106, #107, #108, #109, #110, #111, #112, #113, #114, #115, #116, #117, #118, #119, #120, #121, #122, #123, #124, #125, #126, #127, #128, #129, #130, #131, #132, #133, #134, #135, #136, #137, #138, #139, #140, #141, #142, #143, #144, #145, #146, #147, #148, #149, #150, #151, #152, #153, #154, #155, #156, #157, #158, #159, #160, #161, #162, #163, #164, #165, #166, #167, #168, #169, #170, #171, #172, #173, #174, #175, #176, #177, #178, #179, #180, #181 ), #14 );
#14 =  ( GEOMETRIC_REPRESENTATION_CONTEXT( 3 )GLOBAL_UNCERTAINTY_ASSIGNED_CONTEXT( ( #184 ) )GLOBAL_UNIT_ASSIGNED_CONTEXT( ( #186, #187, #188 ) )REPRESENTATION_CONTEXT( 'NONE', 'WORKSPACE' ) );
#18 = APPLICATION_CONTEXT( 'core data for automotive mechanical design processes' );
#19 = PRODUCT_CATEGORY( 'part', 'NONE' );
#20 = PRODUCT_RELATED_PRODUCT_CATEGORY( 'detail', ' ', ( #190 ) );
#21 = PRODUCT_DEFINITION_SHAPE( 'NONE', 'NONE', #191 );
#22 = SHAPE_REPRESENTATION( 'IPL1-102-01-L-D-RA-K', ( #192, #193, #194 ), #195 );
#23 = PRODUCT_RELATED_PRODUCT_CATEGORY( 'detail', ' ', ( #196 ) );
#24 = ( REPRESENTATION_RELATIONSHIP( '', '', #27, #22 )REPRESENTATION_RELATIONSHIP_WITH_TRANSFORMATION( #199 )SHAPE_REPRESENTATION_RELATIONSHIP(  ) );
#25 = PRODUCT_DEFINITION_SHAPE( 'NAUO-PROD-DEF', 'NAUO-PROD-DEF', #201 );
#26 = PRODUCT_DEFINITION_SHAPE( 'NONE', 'NONE', #202 );
#27 = SHAPE_REPRESENTATION( '_IPL1-102-01-D-RA-K_header', ( #192 ), #195 );
#28 = ADVANCED_BREP_SHAPE_REPRESENTATION( '_IPL1-102-01-D-RA-K_header', ( #203 ), #14 );
#29 = PRODUCT_RELATED_PRODUCT_CATEGORY( 'detail', ' ', ( #204 ) );
#30 = ( REPRESENTATION_RELATIONSHIP( '', '', #33, #22 )REPRESENTATION_RELATIONSHIP_WITH_TRANSFORMATION( #207 )SHAPE_REPRESENTATION_RELATIONSHIP(  ) );
#31 = PRODUCT_DEFINITION_SHAPE( 'NAUO-PROD-DEF', 'NAUO-PROD-DEF', #209 );
#32 = PRODUCT_DEFINITION_SHAPE( 'NONE', 'NONE', #210 );
#33 = SHAPE_REPRESENTATION( '_T-1S64-01-02-D-RA', ( #192 ), #195 );
#34 = ADVANCED_BREP_SHAPE_REPRESENTATION( '_T-1S64-01-02-D-RA', ( #211 ), #14 );
#35 = STYLED_ITEM( '', ( #212 ), #213 );
#36 = STYLED_ITEM( '', ( #214 ), #215 );
#37 = STYLED_ITEM( '', ( #216 ), #217 );
#38 = STYLED_ITEM( '', ( #218 ), #219 );
#39 = STYLED_ITEM( '', ( #220 ), #221 );
#40 = STYLED_ITEM( '', ( #222 ), #223 );
#41 = STYLED_ITEM( '', ( #224 ), #225 );
#42 = STYLED_ITEM( '', ( #226 ), #227 );
#43 = STYLED_ITEM( '', ( #228 ), #229 );
#44 = STYLED_ITEM( '', ( #230 ), #231 );
#45 = STYLED_ITEM( '', ( #232 ), #233 );
#46 = STYLED_ITEM( '', ( #234 ), #235 );
#47 = STYLED_ITEM( '', ( #236 ), #237 );
#48 = STYLED_ITEM( '', ( #238 ), #239 );
#49 = STYLED_ITEM( '', ( #240 ), #241 );
#50 = STYLED_ITEM( '', ( #242 ), #243 );
#51 = STYLED_ITEM( '', ( #244 ), #245 );
#52 = STYLED_ITEM( '', ( #246 ), #247 );
#53 = STYLED_ITEM( '', ( #248 ), #249 );
#54 = STYLED_ITEM( '', ( #250 ), #251 );
#55 = STYLED_ITEM( '', ( #252 ), #253 );
#56 = STYLED_ITEM( '', ( #254 ), #255 );
#57 = STYLED_ITEM( '', ( #256 ), #257 );
#58 = STYLED_ITEM( '', ( #258 ), #259 );
#59 = STYLED_ITEM( '', ( #260 ), #261 );
#60 = STYLED_ITEM( '', ( #262 ), #263 );
#61 = STYLED_ITEM( '', ( #264 ), #265 );
#62 = STYLED_ITEM( '', ( #266 ), #267 );
#63 = STYLED_ITEM( '', ( #268 ), #269 );
#64 = STYLED_ITEM( '', ( #270 ), #271 );
#65 = STYLED_ITEM( '', ( #272 ), #273 );
#66 = STYLED_ITEM( '', ( #274 ), #275 );
#67 = STYLED_ITEM( '', ( #276 ), #277 );
#68 = STYLED_ITEM( '', ( #278 ), #279 );
#69 = STYLED_ITEM( '', ( #280 ), #281 );
#70 = STYLED_ITEM( '', ( #282 ), #283 );
#71 = STYLED_ITEM( '', ( #284 ), #285 );
#72 = STYLED_ITEM( '', ( #286 ), #287 );
#73 = STYLED_ITEM( '', ( #288 ), #289 );
#74 = STYLED_ITEM( '', ( #290 ), #291 );
#75 = STYLED_ITEM( '', ( #292 ), #293 );
#76 = STYLED_ITEM( '', ( #294 ), #295 );
#77 = STYLED_ITEM( '', ( #296 ), #297 );
#78 = STYLED_ITEM( '', ( #298 ), #299 );
#79 = STYLED_ITEM( '', ( #300 ), #301 );
#80 = STYLED_ITEM( '', ( #302 ), #303 );
#81 = STYLED_ITEM( '', ( #304 ), #305 );
#82 = STYLED_ITEM( '', ( #306 ), #307 );
#83 = STYLED_ITEM( '', ( #308 ), #309 );
#84 = STYLED_ITEM( '', ( #310 ), #311 );
#85 = STYLED_ITEM( '', ( #312 ), #313 );
#86 = STYLED_ITEM( '', ( #314 ), #315 );
#87 = STYLED_ITEM( '', ( #316 ), #317 );
#88 = STYLED_ITEM( '', ( #318 ), #319 );
#89 = STYLED_ITEM( '', ( #320 ), #321 );
#90 = STYLED_ITEM( '', ( #322 ), #323 );
#91 = STYLED_ITEM( '', ( #324 ), #325 );
#92 = STYLED_ITEM( '', ( #326 ), #327 );
#93 = STYLED_ITEM( '', ( #328 ), #329 );
#94 = STYLED_ITEM( '', ( #330 ), #331 );
#95 = STYLED_ITEM( '', ( #332 ), #333 );
#96 = STYLED_ITEM( '', ( #334 ), #335 );
#97 = STYLED_ITEM( '', ( #336 ), #337 );
#98 = STYLED_ITEM( '', ( #338 ), #339 );
#99 = STYLED_ITEM( '', ( #340 ), #341 );
#100 = STYLED_ITEM( '', ( #342 ), #343 );
#101 = STYLED_ITEM( '', ( #344 ), #345 );
#102 = STYLED_ITEM( '', ( #346 ), #347 );
#103 = STYLED_ITEM( '', ( #348 ), #349 );
#104 = STYLED_ITEM( '', ( #350 ), #351 );
#105 = STYLED_ITEM( '', ( #352 ), #353 );
#106 = STYLED_ITEM( '', ( #354 ), #355 );
#107 = STYLED_ITEM( '', ( #356 ), #357 );
#108 = STYLED_ITEM( '', ( #358 ), #359 );
#109 = STYLED_ITEM( '', ( #360 ), #361 );
#110 = STYLED_ITEM( '', ( #362 ), #363 );
#111 = STYLED_ITEM( '', ( #364 ), #365 );
#112 = STYLED_ITEM( '', ( #366 ), #367 );
#113 = STYLED_ITEM( '', ( #368 ), #369 );
#114 = STYLED_ITEM( '', ( #370 ), #371 );
#115 = STYLED_ITEM( '', ( #372 ), #373 );
#116 = STYLED_ITEM( '', ( #374 ), #375 );
#117 = STYLED_ITEM( '', ( #376 ), #377 );
#118 = STYLED_ITEM( '', ( #378 ), #379 );
#119 = STYLED_ITEM( '', ( #380 ), #381 );
#120 = STYLED_ITEM( '', ( #382 ), #383 );
#121 = STYLED_ITEM( '', ( #384 ), #385 );
#122 = STYLED_ITEM( '', ( #386 ), #387 );
#123 = STYLED_ITEM( '', ( #388 ), #389 );
#124 = STYLED_ITEM( '', ( #390 ), #391 );
#125 = STYLED_ITEM( '', ( #392 ), #393 );
#126 = STYLED_ITEM( '', ( #394 ), #395 );
#127 = STYLED_ITEM( '', ( #396 ), #397 );
#128 = STYLED_ITEM( '', ( #398 ), #399 );
#129 = STYLED_ITEM( '', ( #400 ), #401 );
#130 = STYLED_ITEM( '', ( #402 ), #403 );
#131 = STYLED_ITEM( '', ( #404 ), #405 );
#132 = STYLED_ITEM( '', ( #406 ), #407 );
#133 = STYLED_ITEM( '', ( #408 ), #409 );
#134 = STYLED_ITEM( '', ( #410 ), #411 );
#135 = STYLED_ITEM( '', ( #412 ), #413 );
#136 = STYLED_ITEM( '', ( #414 ), #415 );
#137 = STYLED_ITEM( '', ( #416 ), #417 );
#138 = STYLED_ITEM( '', ( #418 ), #419 );
#139 = STYLED_ITEM( '', ( #420 ), #421 );
#140 = STYLED_ITEM( '', ( #422 ), #423 );
#141 = STYLED_ITEM( '', ( #424 ), #425 );
#142 = STYLED_ITEM( '', ( #426 ), #427 );
#143 = STYLED_ITEM( '', ( #428 ), #429 );
#144 = STYLED_ITEM( '', ( #430 ), #431 );
#145 = STYLED_ITEM( '', ( #432 ), #433 );
#146 = STYLED_ITEM( '', ( #434 ), #435 );
#147 = STYLED_ITEM( '', ( #436 ), #437 );
#148 = STYLED_ITEM( '', ( #438 ), #439 );
#149 = STYLED_ITEM( '', ( #440 ), #441 );
#150 = STYLED_ITEM( '', ( #442 ), #443 );
#151 = STYLED_ITEM( '', ( #444 ), #445 );
#152 = STYLED_ITEM( '', ( #446 ), #447 );
#153 = STYLED_ITEM( '', ( #448 ), #449 );
#154 = STYLED_ITEM( '', ( #450 ), #451 );
#155 = STYLED_ITEM( '', ( #452 ), #453 );
#156 = STYLED_ITEM( '', ( #454 ), #455 );
#157 = STYLED_ITEM( '', ( #456 ), #457 );
#158 = STYLED_ITEM( '', ( #458 ), #459 );
#159 = STYLED_ITEM( '', ( #460 ), #461 );
#160 = STYLED_ITEM( '', ( #462 ), #463 );
#161 = STYLED_ITEM( '', ( #464 ), #465 );
#162 = STYLED_ITEM( '', ( #466 ), #467 );
#163 = STYLED_ITEM( '', ( #468 ), #469 );
#164 = STYLED_ITEM( '', ( #470 ), #471 );
#165 = STYLED_ITEM( '', ( #472 ), #473 );
#166 = STYLED_ITEM( '', ( #474 ), #475 );
#167 = STYLED_ITEM( '', ( #476 ), #477 );
#168 = STYLED_ITEM( '', ( #478 ), #479 );
#169 = STYLED_ITEM( '', ( #480 ), #481 );
#170 = STYLED_ITEM( '', ( #482 ), #483 );
#171 = STYLED_ITEM( '', ( #484 ), #485 );
#172 = STYLED_ITEM( '', ( #486 ), #487 );
#173 = STYLED_ITEM( '', ( #488 ), #489 );
#174 = STYLED_ITEM( '', ( #490 ), #491 );
#175 = STYLED_ITEM( '', ( #492 ), #493 );
#176 = STYLED_ITEM( '', ( #494 ), #495 );
#177 = STYLED_ITEM( '', ( #496 ), #497 );
#178 = STYLED_ITEM( '', ( #498 ), #499 );
#179 = STYLED_ITEM( '', ( #500 ), #501 );
#180 = STYLED_ITEM( '', ( #502 ), #503 );
#181 = STYLED_ITEM( '', ( #504 ), #505 );
#184 = UNCERTAINTY_MEASURE_WITH_UNIT( LENGTH_MEASURE( 3.93701000000000E-05 ), #186, '', '' );
#186 =  ( CONVERSION_BASED_UNIT( 'INCH', #508 )LENGTH_UNIT(  )NAMED_UNIT( #511 ) );
#187 =  ( NAMED_UNIT( #513 )PLANE_ANGLE_UNIT(  )SI_UNIT( $, .RADIAN. ) );
#188 =  ( NAMED_UNIT( #513 )SI_UNIT( $, .STERADIAN. )SOLID_ANGLE_UNIT(  ) );
#190 = PRODUCT( 'IPL1-102-01-L-D-RA-K', 'IPL1-102-01-L-D-RA-K', 'PART-IPL1-102-01-L-D-RA-K-DESC', ( #519 ) );
#191 = PRODUCT_DEFINITION( 'NONE', 'NONE', #520, #1 );
#192 = AXIS2_PLACEMENT_3D( '', #521, #522, #523 );
#193 = AXIS2_PLACEMENT_3D( '', #524, #525, #526 );
#194 = AXIS2_PLACEMENT_3D( '', #527, #528, #529 );
#195 =  ( GEOMETRIC_REPRESENTATION_CONTEXT( 3 )GLOBAL_UNCERTAINTY_ASSIGNED_CONTEXT( ( #532 ) )GLOBAL_UNIT_ASSIGNED_CONTEXT( ( #534, #535, #536 ) )REPRESENTATION_CONTEXT( 'NONE', 'WORKSPACE' ) );
#196 = PRODUCT( '_IPL1-102-01-D-RA-K_header', '_IPL1-102-01-D-RA-K_header', 'PART-_IPL1-102-01-D-RA-K_header-DESC', ( #519 ) );
#199 = ITEM_DEFINED_TRANSFORMATION( '', '', #192, #193 );
#201 = NEXT_ASSEMBLY_USAGE_OCCURRENCE( 'NAUO1', '_IPL1-102-01-D-RA-K_header', '_IPL1-102-01-D-RA-K_header', #191, #202, $ );
#202 = PRODUCT_DEFINITION( '_IPL1-102-01-D-RA-K_header', '_IPL1-102-01-D-RA-K_header', #538, #1 );
#203 = MANIFOLD_SOLID_BREP( '_IPL1-102-01-D-RA-K_header', #539 );
#204 = PRODUCT( '_T-1S64-01-02-D-RA', '_T-1S64-01-02-D-RA', 'PART-_T-1S64-01-02-D-RA-DESC', ( #519 ) );
#207 = ITEM_DEFINED_TRANSFORMATION( '', '', #192, #194 );
#209 = NEXT_ASSEMBLY_USAGE_OCCURRENCE( 'NAUO2', '_T-1S64-01-02-D-RA', '_T-1S64-01-02-D-RA', #191, #210, $ );
#210 = PRODUCT_DEFINITION( '_T-1S64-01-02-D-RA', '_T-1S64-01-02-D-RA', #540, #1 );
#211 = MANIFOLD_SOLID_BREP( '_T-1S64-01-02-D-RA', #541 );
#212 = PRESENTATION_STYLE_ASSIGNMENT( ( #542 ) );
#213 = ADVANCED_FACE( '', ( #543 ), #544, .F. );
#214 = PRESENTATION_STYLE_ASSIGNMENT( ( #545 ) );
#215 = ADVANCED_FACE( '', ( #546 ), #547, .T. );
#216 = PRESENTATION_STYLE_ASSIGNMENT( ( #548 ) );
#217 = ADVANCED_FACE( '', ( #549 ), #550, .T. );
#218 = PRESENTATION_STYLE_ASSIGNMENT( ( #551 ) );
#219 = ADVANCED_FACE( '', ( #552 ), #553, .F. );
#220 = PRESENTATION_STYLE_ASSIGNMENT( ( #554 ) );
#221 = ADVANCED_FACE( '', ( #555 ), #556, .F. );
#222 = PRESENTATION_STYLE_ASSIGNMENT( ( #557 ) );
#223 = ADVANCED_FACE( '', ( #558 ), #559, .T. );
#224 = PRESENTATION_STYLE_ASSIGNMENT( ( #560 ) );
#225 = ADVANCED_FACE( '', ( #561 ), #562, .T. );
#226 = PRESENTATION_STYLE_ASSIGNMENT( ( #563 ) );
#227 = ADVANCED_FACE( '', ( #564, #565 ), #566, .F. );
#228 = PRESENTATION_STYLE_ASSIGNMENT( ( #567 ) );
#229 = ADVANCED_FACE( '', ( #568 ), #569, .T. );
#230 = PRESENTATION_STYLE_ASSIGNMENT( ( #570 ) );
#231 = ADVANCED_FACE( '', ( #571 ), #572, .T. );
#232 = PRESENTATION_STYLE_ASSIGNMENT( ( #573 ) );
#233 = ADVANCED_FACE( '', ( #574 ), #575, .T. );
#234 = PRESENTATION_STYLE_ASSIGNMENT( ( #576 ) );
#235 = ADVANCED_FACE( '', ( #577 ), #578, .F. );
#236 = PRESENTATION_STYLE_ASSIGNMENT( ( #579 ) );
#237 = ADVANCED_FACE( '', ( #580 ), #581, .F. );
#238 = PRESENTATION_STYLE_ASSIGNMENT( ( #582 ) );
#239 = ADVANCED_FACE( '', ( #583 ), #584, .F. );
#240 = PRESENTATION_STYLE_ASSIGNMENT( ( #585 ) );
#241 = ADVANCED_FACE( '', ( #586 ), #587, .F. );
#242 = PRESENTATION_STYLE_ASSIGNMENT( ( #588 ) );
#243 = ADVANCED_FACE( '', ( #589 ), #590, .T. );
#244 = PRESENTATION_STYLE_ASSIGNMENT( ( #591 ) );
#245 = ADVANCED_FACE( '', ( #592 ), #593, .F. );
#246 = PRESENTATION_STYLE_ASSIGNMENT( ( #594 ) );
#247 = ADVANCED_FACE( '', ( #595 ), #596, .F. );
#248 = PRESENTATION_STYLE_ASSIGNMENT( ( #597 ) );
#249 = ADVANCED_FACE( '', ( #598 ), #599, .F. );
#250 = PRESENTATION_STYLE_ASSIGNMENT( ( #600 ) );
#251 = ADVANCED_FACE( '', ( #601 ), #602, .F. );
#252 = PRESENTATION_STYLE_ASSIGNMENT( ( #603 ) );
#253 = ADVANCED_FACE( '', ( #604 ), #605, .F. );
#254 = PRESENTATION_STYLE_ASSIGNMENT( ( #606 ) );
#255 = ADVANCED_FACE( '', ( #607 ), #608, .F. );
#256 = PRESENTATION_STYLE_ASSIGNMENT( ( #609 ) );
#257 = ADVANCED_FACE( '', ( #610 ), #611, .F. );
#258 = PRESENTATION_STYLE_ASSIGNMENT( ( #612 ) );
#259 = ADVANCED_FACE( '', ( #613 ), #614, .T. );
#260 = PRESENTATION_STYLE_ASSIGNMENT( ( #615 ) );
#261 = ADVANCED_FACE( '', ( #616 ), #617, .F. );
#262 = PRESENTATION_STYLE_ASSIGNMENT( ( #618 ) );
#263 = ADVANCED_FACE( '', ( #619 ), #620, .F. );
#264 = PRESENTATION_STYLE_ASSIGNMENT( ( #621 ) );
#265 = ADVANCED_FACE( '', ( #622 ), #623, .T. );
#266 = PRESENTATION_STYLE_ASSIGNMENT( ( #624 ) );
#267 = ADVANCED_FACE( '', ( #625 ), #626, .F. );
#268 = PRESENTATION_STYLE_ASSIGNMENT( ( #627 ) );
#269 = ADVANCED_FACE( '', ( #628 ), #629, .F. );
#270 = PRESENTATION_STYLE_ASSIGNMENT( ( #630 ) );
#271 = ADVANCED_FACE( '', ( #631 ), #632, .F. );
#272 = PRESENTATION_STYLE_ASSIGNMENT( ( #633 ) );
#273 = ADVANCED_FACE( '', ( #634 ), #635, .F. );
#274 = PRESENTATION_STYLE_ASSIGNMENT( ( #636 ) );
#275 = ADVANCED_FACE( '', ( #637 ), #638, .T. );
#276 = PRESENTATION_STYLE_ASSIGNMENT( ( #639 ) );
#277 = ADVANCED_FACE( '', ( #640 ), #641, .F. );
#278 = PRESENTATION_STYLE_ASSIGNMENT( ( #642 ) );
#279 = ADVANCED_FACE( '', ( #643 ), #644, .F. );
#280 = PRESENTATION_STYLE_ASSIGNMENT( ( #645 ) );
#281 = ADVANCED_FACE( '', ( #646 ), #647, .F. );
#282 = PRESENTATION_STYLE_ASSIGNMENT( ( #648 ) );
#283 = ADVANCED_FACE( '', ( #649 ), #650, .F. );
#284 = PRESENTATION_STYLE_ASSIGNMENT( ( #651 ) );
#285 = ADVANCED_FACE( '', ( #652 ), #653, .F. );
#286 = PRESENTATION_STYLE_ASSIGNMENT( ( #654 ) );
#287 = ADVANCED_FACE( '', ( #655 ), #656, .F. );
#288 = PRESENTATION_STYLE_ASSIGNMENT( ( #657 ) );
#289 = ADVANCED_FACE( '', ( #658 ), #659, .T. );
#290 = PRESENTATION_STYLE_ASSIGNMENT( ( #660 ) );
#291 = ADVANCED_FACE( '', ( #661 ), #662, .F. );
#292 = PRESENTATION_STYLE_ASSIGNMENT( ( #663 ) );
#293 = ADVANCED_FACE( '', ( #664 ), #665, .F. );
#294 = PRESENTATION_STYLE_ASSIGNMENT( ( #666 ) );
#295 = ADVANCED_FACE( '', ( #667 ), #668, .F. );
#296 = PRESENTATION_STYLE_ASSIGNMENT( ( #669 ) );
#297 = ADVANCED_FACE( '', ( #670 ), #671, .T. );
#298 = PRESENTATION_STYLE_ASSIGNMENT( ( #672 ) );
#299 = ADVANCED_FACE( '', ( #673 ), #674, .F. );
#300 = PRESENTATION_STYLE_ASSIGNMENT( ( #675 ) );
#301 = ADVANCED_FACE( '', ( #676 ), #677, .F. );
#302 = PRESENTATION_STYLE_ASSIGNMENT( ( #678 ) );
#303 = ADVANCED_FACE( '', ( #679 ), #680, .T. );
#304 = PRESENTATION_STYLE_ASSIGNMENT( ( #681 ) );
#305 = ADVANCED_FACE( '', ( #682 ), #683, .F. );
#306 = PRESENTATION_STYLE_ASSIGNMENT( ( #684 ) );
#307 = ADVANCED_FACE( '', ( #685 ), #686, .F. );
#308 = PRESENTATION_STYLE_ASSIGNMENT( ( #687 ) );
#309 = ADVANCED_FACE( '', ( #688 ), #689, .F. );
#310 = PRESENTATION_STYLE_ASSIGNMENT( ( #690 ) );
#311 = ADVANCED_FACE( '', ( #691 ), #692, .F. );
#312 = PRESENTATION_STYLE_ASSIGNMENT( ( #693 ) );
#313 = ADVANCED_FACE( '', ( #694 ), #695, .F. );
#314 = PRESENTATION_STYLE_ASSIGNMENT( ( #696 ) );
#315 = ADVANCED_FACE( '', ( #697 ), #698, .F. );
#316 = PRESENTATION_STYLE_ASSIGNMENT( ( #699 ) );
#317 = ADVANCED_FACE( '', ( #700 ), #701, .F. );
#318 = PRESENTATION_STYLE_ASSIGNMENT( ( #702 ) );
#319 = ADVANCED_FACE( '', ( #703 ), #704, .F. );
#320 = PRESENTATION_STYLE_ASSIGNMENT( ( #705 ) );
#321 = ADVANCED_FACE( '', ( #706 ), #707, .T. );
#322 = PRESENTATION_STYLE_ASSIGNMENT( ( #708 ) );
#323 = ADVANCED_FACE( '', ( #709 ), #710, .F. );
#324 = PRESENTATION_STYLE_ASSIGNMENT( ( #711 ) );
#325 = ADVANCED_FACE( '', ( #712 ), #713, .F. );
#326 = PRESENTATION_STYLE_ASSIGNMENT( ( #714 ) );
#327 = ADVANCED_FACE( '', ( #715 ), #716, .F. );
#328 = PRESENTATION_STYLE_ASSIGNMENT( ( #717 ) );
#329 = ADVANCED_FACE( '', ( #718 ), #719, .F. );
#330 = PRESENTATION_STYLE_ASSIGNMENT( ( #720 ) );
#331 = ADVANCED_FACE( '', ( #721 ), #722, .F. );
#332 = PRESENTATION_STYLE_ASSIGNMENT( ( #723 ) );
#333 = ADVANCED_FACE( '', ( #724 ), #725, .F. );
#334 = PRESENTATION_STYLE_ASSIGNMENT( ( #726 ) );
#335 = ADVANCED_FACE( '', ( #727 ), #728, .F. );
#336 = PRESENTATION_STYLE_ASSIGNMENT( ( #729 ) );
#337 = ADVANCED_FACE( '', ( #730 ), #731, .T. );
#338 = PRESENTATION_STYLE_ASSIGNMENT( ( #732 ) );
#339 = ADVANCED_FACE( '', ( #733 ), #734, .F. );
#340 = PRESENTATION_STYLE_ASSIGNMENT( ( #735 ) );
#341 = ADVANCED_FACE( '', ( #736 ), #737, .T. );
#342 = PRESENTATION_STYLE_ASSIGNMENT( ( #738 ) );
#343 = ADVANCED_FACE( '', ( #739 ), #740, .F. );
#344 = PRESENTATION_STYLE_ASSIGNMENT( ( #741 ) );
#345 = ADVANCED_FACE( '', ( #742 ), #743, .F. );
#346 = PRESENTATION_STYLE_ASSIGNMENT( ( #744 ) );
#347 = ADVANCED_FACE( '', ( #745 ), #746, .F. );
#348 = PRESENTATION_STYLE_ASSIGNMENT( ( #747 ) );
#349 = ADVANCED_FACE( '', ( #748 ), #749, .T. );
#350 = PRESENTATION_STYLE_ASSIGNMENT( ( #750 ) );
#351 = ADVANCED_FACE( '', ( #751 ), #752, .F. );
#352 = PRESENTATION_STYLE_ASSIGNMENT( ( #753 ) );
#353 = ADVANCED_FACE( '', ( #754 ), #755, .F. );
#354 = PRESENTATION_STYLE_ASSIGNMENT( ( #756 ) );
#355 = ADVANCED_FACE( '', ( #757 ), #758, .T. );
#356 = PRESENTATION_STYLE_ASSIGNMENT( ( #759 ) );
#357 = ADVANCED_FACE( '', ( #760 ), #761, .F. );
#358 = PRESENTATION_STYLE_ASSIGNMENT( ( #762 ) );
#359 = ADVANCED_FACE( '', ( #763 ), #764, .F. );
#360 = PRESENTATION_STYLE_ASSIGNMENT( ( #765 ) );
#361 = ADVANCED_FACE( '', ( #766 ), #767, .T. );
#362 = PRESENTATION_STYLE_ASSIGNMENT( ( #768 ) );
#363 = ADVANCED_FACE( '', ( #769 ), #770, .F. );
#364 = PRESENTATION_STYLE_ASSIGNMENT( ( #771 ) );
#365 = ADVANCED_FACE( '', ( #772 ), #773, .T. );
#366 = PRESENTATION_STYLE_ASSIGNMENT( ( #774 ) );
#367 = ADVANCED_FACE( '', ( #775 ), #776, .F. );
#368 = PRESENTATION_STYLE_ASSIGNMENT( ( #777 ) );
#369 = ADVANCED_FACE( '', ( #778 ), #779, .F. );
#370 = PRESENTATION_STYLE_ASSIGNMENT( ( #780 ) );
#371 = ADVANCED_FACE( '', ( #781 ), #782, .F. );
#372 = PRESENTATION_STYLE_ASSIGNMENT( ( #783 ) );
#373 = ADVANCED_FACE( '', ( #784 ), #785, .T. );
#374 = PRESENTATION_STYLE_ASSIGNMENT( ( #786 ) );
#375 = ADVANCED_FACE( '', ( #787 ), #788, .F. );
#376 = PRESENTATION_STYLE_ASSIGNMENT( ( #789 ) );
#377 = ADVANCED_FACE( '', ( #790 ), #791, .F. );
#378 = PRESENTATION_STYLE_ASSIGNMENT( ( #792 ) );
#379 = ADVANCED_FACE( '', ( #793 ), #794, .F. );
#380 = PRESENTATION_STYLE_ASSIGNMENT( ( #795 ) );
#381 = ADVANCED_FACE( '', ( #796 ), #797, .T. );
#382 = PRESENTATION_STYLE_ASSIGNMENT( ( #798 ) );
#383 = ADVANCED_FACE( '', ( #799 ), #800, .T. );
#384 = PRESENTATION_STYLE_ASSIGNMENT( ( #801 ) );
#385 = ADVANCED_FACE( '', ( #802 ), #803, .F. );
#386 = PRESENTATION_STYLE_ASSIGNMENT( ( #804 ) );
#387 = ADVANCED_FACE( '', ( #805 ), #806, .T. );
#388 = PRESENTATION_STYLE_ASSIGNMENT( ( #807 ) );
#389 = ADVANCED_FACE( '', ( #808 ), #809, .T. );
#390 = PRESENTATION_STYLE_ASSIGNMENT( ( #810 ) );
#391 = ADVANCED_FACE( '', ( #811 ), #812, .F. );
#392 = PRESENTATION_STYLE_ASSIGNMENT( ( #813 ) );
#393 = ADVANCED_FACE( '', ( #814 ), #815, .F. );
#394 = PRESENTATION_STYLE_ASSIGNMENT( ( #816 ) );
#395 = ADVANCED_FACE( '', ( #817 ), #818, .T. );
#396 = PRESENTATION_STYLE_ASSIGNMENT( ( #819 ) );
#397 = ADVANCED_FACE( '', ( #820 ), #821, .F. );
#398 = PRESENTATION_STYLE_ASSIGNMENT( ( #822 ) );
#399 = ADVANCED_FACE( '', ( #823 ), #824, .F. );
#400 = PRESENTATION_STYLE_ASSIGNMENT( ( #825 ) );
#401 = ADVANCED_FACE( '', ( #826 ), #827, .F. );
#402 = PRESENTATION_STYLE_ASSIGNMENT( ( #828 ) );
#403 = ADVANCED_FACE( '', ( #829 ), #830, .F. );
#404 = PRESENTATION_STYLE_ASSIGNMENT( ( #831 ) );
#405 = ADVANCED_FACE( '', ( #832 ), #833, .F. );
#406 = PRESENTATION_STYLE_ASSIGNMENT( ( #834 ) );
#407 = ADVANCED_FACE( '', ( #835 ), #836, .F. );
#408 = PRESENTATION_STYLE_ASSIGNMENT( ( #837 ) );
#409 = ADVANCED_FACE( '', ( #838 ), #839, .F. );
#410 = PRESENTATION_STYLE_ASSIGNMENT( ( #840 ) );
#411 = ADVANCED_FACE( '', ( #841 ), #842, .T. );
#412 = PRESENTATION_STYLE_ASSIGNMENT( ( #843 ) );
#413 = ADVANCED_FACE( '', ( #844 ), #845, .T. );
#414 = PRESENTATION_STYLE_ASSIGNMENT( ( #846 ) );
#415 = ADVANCED_FACE( '', ( #847 ), #848, .T. );
#416 = PRESENTATION_STYLE_ASSIGNMENT( ( #849 ) );
#417 = ADVANCED_FACE( '', ( #850 ), #851, .F. );
#418 = PRESENTATION_STYLE_ASSIGNMENT( ( #852 ) );
#419 = ADVANCED_FACE( '', ( #853 ), #854, .F. );
#420 = PRESENTATION_STYLE_ASSIGNMENT( ( #855 ) );
#421 = ADVANCED_FACE( '', ( #856 ), #857, .F. );
#422 = PRESENTATION_STYLE_ASSIGNMENT( ( #858 ) );
#423 = ADVANCED_FACE( '', ( #859 ), #860, .F. );
#424 = PRESENTATION_STYLE_ASSIGNMENT( ( #861 ) );
#425 = ADVANCED_FACE( '', ( #862 ), #863, .F. );
#426 = PRESENTATION_STYLE_ASSIGNMENT( ( #864 ) );
#427 = ADVANCED_FACE( '', ( #865 ), #866, .F. );
#428 = PRESENTATION_STYLE_ASSIGNMENT( ( #867 ) );
#429 = ADVANCED_FACE( '', ( #868 ), #869, .F. );
#430 = PRESENTATION_STYLE_ASSIGNMENT( ( #870 ) );
#431 = ADVANCED_FACE( '', ( #871 ), #872, .F. );
#432 = PRESENTATION_STYLE_ASSIGNMENT( ( #873 ) );
#433 = ADVANCED_FACE( '', ( #874 ), #875, .F. );
#434 = PRESENTATION_STYLE_ASSIGNMENT( ( #876 ) );
#435 = ADVANCED_FACE( '', ( #877 ), #878, .F. );
#436 = PRESENTATION_STYLE_ASSIGNMENT( ( #879 ) );
#437 = ADVANCED_FACE( '', ( #880 ), #881, .T. );
#438 = PRESENTATION_STYLE_ASSIGNMENT( ( #882 ) );
#439 = ADVANCED_FACE( '', ( #883 ), #884, .T. );
#440 = PRESENTATION_STYLE_ASSIGNMENT( ( #885 ) );
#441 = ADVANCED_FACE( '', ( #886 ), #887, .T. );
#442 = PRESENTATION_STYLE_ASSIGNMENT( ( #888 ) );
#443 = ADVANCED_FACE( '', ( #889 ), #890, .F. );
#444 = PRESENTATION_STYLE_ASSIGNMENT( ( #891 ) );
#445 = ADVANCED_FACE( '', ( #892 ), #893, .F. );
#446 = PRESENTATION_STYLE_ASSIGNMENT( ( #894 ) );
#447 = ADVANCED_FACE( '', ( #895 ), #896, .F. );
#448 = PRESENTATION_STYLE_ASSIGNMENT( ( #897 ) );
#449 = ADVANCED_FACE( '', ( #898 ), #899, .F. );
#450 = PRESENTATION_STYLE_ASSIGNMENT( ( #900 ) );
#451 = ADVANCED_FACE( '', ( #901 ), #902, .F. );
#452 = PRESENTATION_STYLE_ASSIGNMENT( ( #903 ) );
#453 = ADVANCED_FACE( '', ( #904 ), #905, .T. );
#454 = PRESENTATION_STYLE_ASSIGNMENT( ( #906 ) );
#455 = ADVANCED_FACE( '', ( #907 ), #908, .T. );
#456 = PRESENTATION_STYLE_ASSIGNMENT( ( #909 ) );
#457 = ADVANCED_FACE( '', ( #910 ), #911, .F. );
#458 = PRESENTATION_STYLE_ASSIGNMENT( ( #912 ) );
#459 = ADVANCED_FACE( '', ( #913 ), #914, .F. );
#460 = PRESENTATION_STYLE_ASSIGNMENT( ( #915 ) );
#461 = ADVANCED_FACE( '', ( #916 ), #917, .F. );
#462 = PRESENTATION_STYLE_ASSIGNMENT( ( #918 ) );
#463 = ADVANCED_FACE( '', ( #919 ), #920, .T. );
#464 = PRESENTATION_STYLE_ASSIGNMENT( ( #921 ) );
#465 = ADVANCED_FACE( '', ( #922 ), #923, .F. );
#466 = PRESENTATION_STYLE_ASSIGNMENT( ( #924 ) );
#467 = ADVANCED_FACE( '', ( #925 ), #926, .T. );
#468 = PRESENTATION_STYLE_ASSIGNMENT( ( #927 ) );
#469 = ADVANCED_FACE( '', ( #928 ), #929, .F. );
#470 = PRESENTATION_STYLE_ASSIGNMENT( ( #930 ) );
#471 = ADVANCED_FACE( '', ( #931 ), #932, .T. );
#472 = PRESENTATION_STYLE_ASSIGNMENT( ( #933 ) );
#473 = ADVANCED_FACE( '', ( #934 ), #935, .F. );
#474 = PRESENTATION_STYLE_ASSIGNMENT( ( #936 ) );
#475 = ADVANCED_FACE( '', ( #937 ), #938, .T. );
#476 = PRESENTATION_STYLE_ASSIGNMENT( ( #939 ) );
#477 = ADVANCED_FACE( '', ( #940 ), #941, .F. );
#478 = PRESENTATION_STYLE_ASSIGNMENT( ( #942 ) );
#479 = ADVANCED_FACE( '', ( #943 ), #944, .F. );
#480 = PRESENTATION_STYLE_ASSIGNMENT( ( #945 ) );
#481 = ADVANCED_FACE( '', ( #946 ), #947, .F. );
#482 = PRESENTATION_STYLE_ASSIGNMENT( ( #948 ) );
#483 = ADVANCED_FACE( '', ( #949 ), #950, .T. );
#484 = PRESENTATION_STYLE_ASSIGNMENT( ( #951 ) );
#485 = ADVANCED_FACE( '', ( #952 ), #953, .F. );
#486 = PRESENTATION_STYLE_ASSIGNMENT( ( #954 ) );
#487 = ADVANCED_FACE( '', ( #955 ), #956, .F. );
#488 = PRESENTATION_STYLE_ASSIGNMENT( ( #957 ) );
#489 = ADVANCED_FACE( '', ( #958 ), #959, .F. );
#490 = PRESENTATION_STYLE_ASSIGNMENT( ( #960 ) );
#491 = ADVANCED_FACE( '', ( #961 ), #962, .T. );
#492 = PRESENTATION_STYLE_ASSIGNMENT( ( #963 ) );
#493 = ADVANCED_FACE( '', ( #964 ), #965, .F. );
#494 = PRESENTATION_STYLE_ASSIGNMENT( ( #966 ) );
#495 = ADVANCED_FACE( '', ( #967 ), #968, .F. );
#496 = PRESENTATION_STYLE_ASSIGNMENT( ( #969 ) );
#497 = ADVANCED_FACE( '', ( #970 ), #971, .F. );
#498 = PRESENTATION_STYLE_ASSIGNMENT( ( #972 ) );
#499 = ADVANCED_FACE( '', ( #973 ), #974, .F. );
#500 = PRESENTATION_STYLE_ASSIGNMENT( ( #975 ) );
#501 = ADVANCED_FACE( '', ( #976 ), #977, .T. );
#502 = PRESENTATION_STYLE_ASSIGNMENT( ( #978 ) );
#503 = ADVANCED_FACE( '', ( #979 ), #980, .F. );
#504 = PRESENTATION_STYLE_ASSIGNMENT( ( #981 ) );
#505 = ADVANCED_FACE( '', ( #982 ), #983, .F. );
#508 = LENGTH_MEASURE_WITH_UNIT( LENGTH_MEASURE( 25.4000000000000 ), #984 );
#511 = DIMENSIONAL_EXPONENTS( 1.00000000000000, 0.000000000000000, 0.000000000000000, 0.000000000000000, 0.000000000000000, 0.000000000000000, 0.000000000000000 );
#513 = DIMENSIONAL_EXPONENTS( 0.000000000000000, 0.000000000000000, 0.000000000000000, 0.000000000000000, 0.000000000000000, 0.000000000000000, 0.000000000000000 );
#519 = PRODUCT_CONTEXT( '', #18, 'mechanical' );
#520 = PRODUCT_DEFINITION_FORMATION_WITH_SPECIFIED_SOURCE( ' ', 'NONE', #190, .NOT_KNOWN. );
#521 = CARTESIAN_POINT( '', ( 0.000000000000000, 0.000000000000000, 0.000000000000000 ) );
#522 = DIRECTION( '', ( 0.000000000000000, 0.000000000000000, 1.00000000000000 ) );
#523 = DIRECTION( '', ( 1.00000000000000, 0.000000000000000, 0.000000000000000 ) );
#524 = CARTESIAN_POINT( '', ( 0.000000000000000, 0.000000000000000, 0.000000000000000 ) );
#525 = DIRECTION( '', ( 0.000000000000000, 0.000000000000000, 1.00000000000000 ) );
#526 = DIRECTION( '', ( 1.00000000000000, 0.000000000000000, 0.000000000000000 ) );
#527 = CARTESIAN_POINT( '', ( 0.000000000000000, 0.000000000000000, 0.000000000000000 ) );
#528 = DIRECTION( '', ( 0.000000000000000, 0.000000000000000, 1.00000000000000 ) );
#529 = DIRECTION( '', ( 1.00000000000000, 0.000000000000000, 0.000000000000000 ) );
#532 = UNCERTAINTY_MEASURE_WITH_UNIT( LENGTH_MEASURE( 3.93701000000000E-05 ), #534, '', '' );
#534 =  ( CONVERSION_BASED_UNIT( 'INCH', #987 )LENGTH_UNIT(  )NAMED_UNIT( #990 ) );
#535 =  ( NAMED_UNIT( #992 )PLANE_ANGLE_UNIT(  )SI_UNIT( $, .RADIAN. ) );
#536 =  ( NAMED_UNIT( #992 )SI_UNIT( $, .STERADIAN. )SOLID_ANGLE_UNIT(  ) );
#538 = PRODUCT_DEFINITION_FORMATION_WITH_SPECIFIED_SOURCE( ' ', 'NONE', #196, .NOT_KNOWN. );
#539 = CLOSED_SHELL( '', ( #501, #439, #227, #235, #279, #331, #455, #289, #349, #387, #231, #381, #395, #217, #243, #233, #401, #485, #347, #375, #265, #405, #267, #461, #269, #409, #313, #253, #385, #411, #353, #369, #239, #487, #229, #437, #215, #361, #303, #473, #351, #257, #377, #247, #465, #283, #245, #493, #343, #345, #339, #323, #417, #309, #223, #319, #425, #419, #335, #421, #427, #367, #429, #305, #225, #413, #415, #475, #337, #445, #495, #311, #315, #423, #221, #457, #273, #281, #449, #383, #275, #389, #355, #497, #453 ) );
#540 = PRODUCT_DEFINITION_FORMATION_WITH_SPECIFIED_SOURCE( ' ', 'NONE', #204, .NOT_KNOWN. );
#541 = CLOSED_SHELL( '', ( #479, #219, #255, #249, #271, #467, #503, #391, #393, #407, #333, #371, #285, #505, #307, #471, #357, #431, #237, #435, #291, #263, #481, #499, #403, #399, #447, #251, #489, #365, #341, #459, #373, #491, #441, #297, #379, #277, #321, #317, #451, #469, #433, #327, #359, #295, #329, #483, #261, #325, #301, #477, #397, #443, #463, #259, #213, #293, #241, #363, #287, #299 ) );
#542 = SURFACE_STYLE_USAGE( .BOTH., #998 );
#543 = FACE_OUTER_BOUND( '', #999, .T. );
#544 = PLANE( '', #1000 );
#545 = SURFACE_STYLE_USAGE( .BOTH., #1001 );
#546 = FACE_OUTER_BOUND( '', #1002, .T. );
#547 = PLANE( '', #1003 );
#548 = SURFACE_STYLE_USAGE( .BOTH., #1004 );
#549 = FACE_OUTER_BOUND( '', #1005, .T. );
#550 = PLANE( '', #1006 );
#551 = SURFACE_STYLE_USAGE( .BOTH., #1007 );
#552 = FACE_OUTER_BOUND( '', #1008, .T. );
#553 = PLANE( '', #1009 );
#554 = SURFACE_STYLE_USAGE( .BOTH., #1010 );
#555 = FACE_OUTER_BOUND( '', #1011, .T. );
#556 = PLANE( '', #1012 );
#557 = SURFACE_STYLE_USAGE( .BOTH., #1013 );
#558 = FACE_OUTER_BOUND( '', #1014, .T. );
#559 = PLANE( '', #1015 );
#560 = SURFACE_STYLE_USAGE( .BOTH., #1016 );
#561 = FACE_OUTER_BOUND( '', #1017, .T. );
#562 = PLANE( '', #1018 );
#563 = SURFACE_STYLE_USAGE( .BOTH., #1019 );
#564 = FACE_BOUND( '', #1020, .T. );
#565 = FACE_OUTER_BOUND( '', #1021, .T. );
#566 = PLANE( '', #1022 );
#567 = SURFACE_STYLE_USAGE( .BOTH., #1023 );
#568 = FACE_OUTER_BOUND( '', #1024, .T. );
#569 = PLANE( '', #1025 );
#570 = SURFACE_STYLE_USAGE( .BOTH., #1026 );
#571 = FACE_OUTER_BOUND( '', #1027, .T. );
#572 = PLANE( '', #1028 );
#573 = SURFACE_STYLE_USAGE( .BOTH., #1029 );
#574 = FACE_OUTER_BOUND( '', #1030, .T. );
#575 = PLANE( '', #1031 );
#576 = SURFACE_STYLE_USAGE( .BOTH., #1032 );
#577 = FACE_OUTER_BOUND( '', #1033, .T. );
#578 = PLANE( '', #1034 );
#579 = SURFACE_STYLE_USAGE( .BOTH., #1035 );
#580 = FACE_OUTER_BOUND( '', #1036, .T. );
#581 = PLANE( '', #1037 );
#582 = SURFACE_STYLE_USAGE( .BOTH., #1038 );
#583 = FACE_OUTER_BOUND( '', #1039, .T. );
#584 = PLANE( '', #1040 );
#585 = SURFACE_STYLE_USAGE( .BOTH., #1041 );
#586 = FACE_OUTER_BOUND( '', #1042, .T. );
#587 = PLANE( '', #1043 );
#588 = SURFACE_STYLE_USAGE( .BOTH., #1044 );
#589 = FACE_OUTER_BOUND( '', #1045, .T. );
#590 = PLANE( '', #1046 );
#591 = SURFACE_STYLE_USAGE( .BOTH., #1047 );
#592 = FACE_OUTER_BOUND( '', #1048, .T. );
#593 = PLANE( '', #1049 );
#594 = SURFACE_STYLE_USAGE( .BOTH., #1050 );
#595 = FACE_OUTER_BOUND( '', #1051, .T. );
#596 = PLANE( '', #1052 );
#597 = SURFACE_STYLE_USAGE( .BOTH., #1053 );
#598 = FACE_OUTER_BOUND( '', #1054, .T. );
#599 = PLANE( '', #1055 );
#600 = SURFACE_STYLE_USAGE( .BOTH., #1056 );
#601 = FACE_OUTER_BOUND( '', #1057, .T. );
#602 = PLANE( '', #1058 );
#603 = SURFACE_STYLE_USAGE( .BOTH., #1059 );
#604 = FACE_OUTER_BOUND( '', #1060, .T. );
#605 = PLANE( '', #1061 );
#606 = SURFACE_STYLE_USAGE( .BOTH., #1062 );
#607 = FACE_OUTER_BOUND( '', #1063, .T. );
#608 = PLANE( '', #1064 );
#609 = SURFACE_STYLE_USAGE( .BOTH., #1065 );
#610 = FACE_OUTER_BOUND( '', #1066, .T. );
#611 = PLANE( '', #1067 );
#612 = SURFACE_STYLE_USAGE( .BOTH., #1068 );
#613 = FACE_OUTER_BOUND( '', #1069, .T. );
#614 = PLANE( '', #1070 );
#615 = SURFACE_STYLE_USAGE( .BOTH., #1071 );
#616 = FACE_OUTER_BOUND( '', #1072, .T. );
#617 = PLANE( '', #1073 );
#618 = SURFACE_STYLE_USAGE( .BOTH., #1074 );
#619 = FACE_OUTER_BOUND( '', #1075, .T. );
#620 = CYLINDRICAL_SURFACE( '', #1076, 0.0250000000000000 );
#621 = SURFACE_STYLE_USAGE( .BOTH., #1077 );
#622 = FACE_OUTER_BOUND( '', #1078, .T. );
#623 = PLANE( '', #1079 );
#624 = SURFACE_STYLE_USAGE( .BOTH., #1080 );
#625 = FACE_OUTER_BOUND( '', #1081, .T. );
#626 = PLANE( '', #1082 );
#627 = SURFACE_STYLE_USAGE( .BOTH., #1083 );
#628 = FACE_OUTER_BOUND( '', #1084, .T. );
#629 = PLANE( '', #1085 );
#630 = SURFACE_STYLE_USAGE( .BOTH., #1086 );
#631 = FACE_OUTER_BOUND( '', #1087, .T. );
#632 = PLANE( '', #1088 );
#633 = SURFACE_STYLE_USAGE( .BOTH., #1089 );
#634 = FACE_OUTER_BOUND( '', #1090, .T. );
#635 = PLANE( '', #1091 );
#636 = SURFACE_STYLE_USAGE( .BOTH., #1092 );
#637 = FACE_OUTER_BOUND( '', #1093, .T. );
#638 = PLANE( '', #1094 );
#639 = SURFACE_STYLE_USAGE( .BOTH., #1095 );
#640 = FACE_OUTER_BOUND( '', #1096, .T. );
#641 = PLANE( '', #1097 );
#642 = SURFACE_STYLE_USAGE( .BOTH., #1098 );
#643 = FACE_OUTER_BOUND( '', #1099, .T. );
#644 = PLANE( '', #1100 );
#645 = SURFACE_STYLE_USAGE( .BOTH., #1101 );
#646 = FACE_OUTER_BOUND( '', #1102, .T. );
#647 = PLANE( '', #1103 );
#648 = SURFACE_STYLE_USAGE( .BOTH., #1104 );
#649 = FACE_OUTER_BOUND( '', #1105, .T. );
#650 = PLANE( '', #1106 );
#651 = SURFACE_STYLE_USAGE( .BOTH., #1107 );
#652 = FACE_OUTER_BOUND( '', #1108, .T. );
#653 = PLANE( '', #1109 );
#654 = SURFACE_STYLE_USAGE( .BOTH., #1110 );
#655 = FACE_OUTER_BOUND( '', #1111, .T. );
#656 = PLANE( '', #1112 );
#657 = SURFACE_STYLE_USAGE( .BOTH., #1113 );
#658 = FACE_OUTER_BOUND( '', #1114, .T. );
#659 = PLANE( '', #1115 );
#660 = SURFACE_STYLE_USAGE( .BOTH., #1116 );
#661 = FACE_OUTER_BOUND( '', #1117, .T. );
#662 = PLANE( '', #1118 );
#663 = SURFACE_STYLE_USAGE( .BOTH., #1119 );
#664 = FACE_OUTER_BOUND( '', #1120, .T. );
#665 = PLANE( '', #1121 );
#666 = SURFACE_STYLE_USAGE( .BOTH., #1122 );
#667 = FACE_OUTER_BOUND( '', #1123, .T. );
#668 = PLANE( '', #1124 );
#669 = SURFACE_STYLE_USAGE( .BOTH., #1125 );
#670 = FACE_OUTER_BOUND( '', #1126, .T. );
#671 = PLANE( '', #1127 );
#672 = SURFACE_STYLE_USAGE( .BOTH., #1128 );
#673 = FACE_OUTER_BOUND( '', #1129, .T. );
#674 = PLANE( '', #1130 );
#675 = SURFACE_STYLE_USAGE( .BOTH., #1131 );
#676 = FACE_OUTER_BOUND( '', #1132, .T. );
#677 = PLANE( '', #1133 );
#678 = SURFACE_STYLE_USAGE( .BOTH., #1134 );
#679 = FACE_OUTER_BOUND( '', #1135, .T. );
#680 = PLANE( '', #1136 );
#681 = SURFACE_STYLE_USAGE( .BOTH., #1137 );
#682 = FACE_OUTER_BOUND( '', #1138, .T. );
#683 = PLANE( '', #1139 );
#684 = SURFACE_STYLE_USAGE( .BOTH., #1140 );
#685 = FACE_OUTER_BOUND( '', #1141, .T. );
#686 = PLANE( '', #1142 );
#687 = SURFACE_STYLE_USAGE( .BOTH., #1143 );
#688 = FACE_OUTER_BOUND( '', #1144, .T. );
#689 = PLANE( '', #1145 );
#690 = SURFACE_STYLE_USAGE( .BOTH., #1146 );
#691 = FACE_OUTER_BOUND( '', #1147, .T. );
#692 = PLANE( '', #1148 );
#693 = SURFACE_STYLE_USAGE( .BOTH., #1149 );
#694 = FACE_OUTER_BOUND( '', #1150, .T. );
#695 = PLANE( '', #1151 );
#696 = SURFACE_STYLE_USAGE( .BOTH., #1152 );
#697 = FACE_OUTER_BOUND( '', #1153, .T. );
#698 = PLANE( '', #1154 );
#699 = SURFACE_STYLE_USAGE( .BOTH., #1155 );
#700 = FACE_OUTER_BOUND( '', #1156, .T. );
#701 = PLANE( '', #1157 );
#702 = SURFACE_STYLE_USAGE( .BOTH., #1158 );
#703 = FACE_OUTER_BOUND( '', #1159, .T. );
#704 = PLANE( '', #1160 );
#705 = SURFACE_STYLE_USAGE( .BOTH., #1161 );
#706 = FACE_OUTER_BOUND( '', #1162, .T. );
#707 = CYLINDRICAL_SURFACE( '', #1163, 0.0500000000000000 );
#708 = SURFACE_STYLE_USAGE( .BOTH., #1164 );
#709 = FACE_OUTER_BOUND( '', #1165, .T. );
#710 = PLANE( '', #1166 );
#711 = SURFACE_STYLE_USAGE( .BOTH., #1167 );
#712 = FACE_OUTER_BOUND( '', #1168, .T. );
#713 = PLANE( '', #1169 );
#714 = SURFACE_STYLE_USAGE( .BOTH., #1170 );
#715 = FACE_OUTER_BOUND( '', #1171, .T. );
#716 = PLANE( '', #1172 );
#717 = SURFACE_STYLE_USAGE( .BOTH., #1173 );
#718 = FACE_OUTER_BOUND( '', #1174, .T. );
#719 = PLANE( '', #1175 );
#720 = SURFACE_STYLE_USAGE( .BOTH., #1176 );
#721 = FACE_OUTER_BOUND( '', #1177, .T. );
#722 = PLANE( '', #1178 );
#723 = SURFACE_STYLE_USAGE( .BOTH., #1179 );
#724 = FACE_OUTER_BOUND( '', #1180, .T. );
#725 = PLANE( '', #1181 );
#726 = SURFACE_STYLE_USAGE( .BOTH., #1182 );
#727 = FACE_OUTER_BOUND( '', #1183, .T. );
#728 = PLANE( '', #1184 );
#729 = SURFACE_STYLE_USAGE( .BOTH., #1185 );
#730 = FACE_OUTER_BOUND( '', #1186, .T. );
#731 = PLANE( '', #1187 );
#732 = SURFACE_STYLE_USAGE( .BOTH., #1188 );
#733 = FACE_OUTER_BOUND( '', #1189, .T. );
#734 = PLANE( '', #1190 );
#735 = SURFACE_STYLE_USAGE( .BOTH., #1191 );
#736 = FACE_OUTER_BOUND( '', #1192, .T. );
#737 = PLANE( '', #1193 );
#738 = SURFACE_STYLE_USAGE( .BOTH., #1194 );
#739 = FACE_OUTER_BOUND( '', #1195, .T. );
#740 = PLANE( '', #1196 );
#741 = SURFACE_STYLE_USAGE( .BOTH., #1197 );
#742 = FACE_OUTER_BOUND( '', #1198, .T. );
#743 = PLANE( '', #1199 );
#744 = SURFACE_STYLE_USAGE( .BOTH., #1200 );
#745 = FACE_OUTER_BOUND( '', #1201, .T. );
#746 = PLANE( '', #1202 );
#747 = SURFACE_STYLE_USAGE( .BOTH., #1203 );
#748 = FACE_OUTER_BOUND( '', #1204, .T. );
#749 = PLANE( '', #1205 );
#750 = SURFACE_STYLE_USAGE( .BOTH., #1206 );
#751 = FACE_OUTER_BOUND( '', #1207, .T. );
#752 = PLANE( '', #1208 );
#753 = SURFACE_STYLE_USAGE( .BOTH., #1209 );
#754 = FACE_OUTER_BOUND( '', #1210, .T. );
#755 = PLANE( '', #1211 );
#756 = SURFACE_STYLE_USAGE( .BOTH., #1212 );
#757 = FACE_OUTER_BOUND( '', #1213, .T. );
#758 = PLANE( '', #1214 );
#759 = SURFACE_STYLE_USAGE( .BOTH., #1215 );
#760 = FACE_OUTER_BOUND( '', #1216, .T. );
#761 = PLANE( '', #1217 );
#762 = SURFACE_STYLE_USAGE( .BOTH., #1218 );
#763 = FACE_OUTER_BOUND( '', #1219, .T. );
#764 = CYLINDRICAL_SURFACE( '', #1220, 0.0250000000000000 );
#765 = SURFACE_STYLE_USAGE( .BOTH., #1221 );
#766 = FACE_OUTER_BOUND( '', #1222, .T. );
#767 = PLANE( '', #1223 );
#768 = SURFACE_STYLE_USAGE( .BOTH., #1224 );
#769 = FACE_OUTER_BOUND( '', #1225, .T. );
#770 = PLANE( '', #1226 );
#771 = SURFACE_STYLE_USAGE( .BOTH., #1227 );
#772 = FACE_OUTER_BOUND( '', #1228, .T. );
#773 = PLANE( '', #1229 );
#774 = SURFACE_STYLE_USAGE( .BOTH., #1230 );
#775 = FACE_OUTER_BOUND( '', #1231, .T. );
#776 = PLANE( '', #1232 );
#777 = SURFACE_STYLE_USAGE( .BOTH., #1233 );
#778 = FACE_OUTER_BOUND( '', #1234, .T. );
#779 = PLANE( '', #1235 );
#780 = SURFACE_STYLE_USAGE( .BOTH., #1236 );
#781 = FACE_OUTER_BOUND( '', #1237, .T. );
#782 = CYLINDRICAL_SURFACE( '', #1238, 0.0250000000000000 );
#783 = SURFACE_STYLE_USAGE( .BOTH., #1239 );
#784 = FACE_OUTER_BOUND( '', #1240, .T. );
#785 = PLANE( '', #1241 );
#786 = SURFACE_STYLE_USAGE( .BOTH., #1242 );
#787 = FACE_OUTER_BOUND( '', #1243, .T. );
#788 = PLANE( '', #1244 );
#789 = SURFACE_STYLE_USAGE( .BOTH., #1245 );
#790 = FACE_OUTER_BOUND( '', #1246, .T. );
#791 = PLANE( '', #1247 );
#792 = SURFACE_STYLE_USAGE( .BOTH., #1248 );
#793 = FACE_OUTER_BOUND( '', #1249, .T. );
#794 = PLANE( '', #1250 );
#795 = SURFACE_STYLE_USAGE( .BOTH., #1251 );
#796 = FACE_OUTER_BOUND( '', #1252, .T. );
#797 = PLANE( '', #1253 );
#798 = SURFACE_STYLE_USAGE( .BOTH., #1254 );
#799 = FACE_OUTER_BOUND( '', #1255, .T. );
#800 = PLANE( '', #1256 );
#801 = SURFACE_STYLE_USAGE( .BOTH., #1257 );
#802 = FACE_OUTER_BOUND( '', #1258, .T. );
#803 = PLANE( '', #1259 );
#804 = SURFACE_STYLE_USAGE( .BOTH., #1260 );
#805 = FACE_OUTER_BOUND( '', #1261, .T. );
#806 = PLANE( '', #1262 );
#807 = SURFACE_STYLE_USAGE( .BOTH., #1263 );
#808 = FACE_OUTER_BOUND( '', #1264, .T. );
#809 = PLANE( '', #1265 );
#810 = SURFACE_STYLE_USAGE( .BOTH., #1266 );
#811 = FACE_OUTER_BOUND( '', #1267, .T. );
#812 = PLANE( '', #1268 );
#813 = SURFACE_STYLE_USAGE( .BOTH., #1269 );
#814 = FACE_OUTER_BOUND( '', #1270, .T. );
#815 = PLANE( '', #1271 );
#816 = SURFACE_STYLE_USAGE( .BOTH., #1272 );
#817 = FACE_OUTER_BOUND( '', #1273, .T. );
#818 = PLANE( '', #1274 );
#819 = SURFACE_STYLE_USAGE( .BOTH., #1275 );
#820 = FACE_OUTER_BOUND( '', #1276, .T. );
#821 = PLANE( '', #1277 );
#822 = SURFACE_STYLE_USAGE( .BOTH., #1278 );
#823 = FACE_OUTER_BOUND( '', #1279, .T. );
#824 = PLANE( '', #1280 );
#825 = SURFACE_STYLE_USAGE( .BOTH., #1281 );
#826 = FACE_OUTER_BOUND( '', #1282, .T. );
#827 = PLANE( '', #1283 );
#828 = SURFACE_STYLE_USAGE( .BOTH., #1284 );
#829 = FACE_OUTER_BOUND( '', #1285, .T. );
#830 = PLANE( '', #1286 );
#831 = SURFACE_STYLE_USAGE( .BOTH., #1287 );
#832 = FACE_OUTER_BOUND( '', #1288, .T. );
#833 = PLANE( '', #1289 );
#834 = SURFACE_STYLE_USAGE( .BOTH., #1290 );
#835 = FACE_OUTER_BOUND( '', #1291, .T. );
#836 = PLANE( '', #1292 );
#837 = SURFACE_STYLE_USAGE( .BOTH., #1293 );
#838 = FACE_OUTER_BOUND( '', #1294, .T. );
#839 = PLANE( '', #1295 );
#840 = SURFACE_STYLE_USAGE( .BOTH., #1296 );
#841 = FACE_OUTER_BOUND( '', #1297, .T. );
#842 = PLANE( '', #1298 );
#843 = SURFACE_STYLE_USAGE( .BOTH., #1299 );
#844 = FACE_OUTER_BOUND( '', #1300, .T. );
#845 = PLANE( '', #1301 );
#846 = SURFACE_STYLE_USAGE( .BOTH., #1302 );
#847 = FACE_OUTER_BOUND( '', #1303, .T. );
#848 = PLANE( '', #1304 );
#849 = SURFACE_STYLE_USAGE( .BOTH., #1305 );
#850 = FACE_OUTER_BOUND( '', #1306, .T. );
#851 = PLANE( '', #1307 );
#852 = SURFACE_STYLE_USAGE( .BOTH., #1308 );
#853 = FACE_OUTER_BOUND( '', #1309, .T. );
#854 = PLANE( '', #1310 );
#855 = SURFACE_STYLE_USAGE( .BOTH., #1311 );
#856 = FACE_OUTER_BOUND( '', #1312, .T. );
#857 = PLANE( '', #1313 );
#858 = SURFACE_STYLE_USAGE( .BOTH., #1314 );
#859 = FACE_OUTER_BOUND( '', #1315, .T. );
#860 = PLANE( '', #1316 );
#861 = SURFACE_STYLE_USAGE( .BOTH., #1317 );
#862 = FACE_OUTER_BOUND( '', #1318, .T. );
#863 = PLANE( '', #1319 );
#864 = SURFACE_STYLE_USAGE( .BOTH., #1320 );
#865 = FACE_OUTER_BOUND( '', #1321, .T. );
#866 = PLANE( '', #1322 );
#867 = SURFACE_STYLE_USAGE( .BOTH., #1323 );
#868 = FACE_OUTER_BOUND( '', #1324, .T. );
#869 = PLANE( '', #1325 );
#870 = SURFACE_STYLE_USAGE( .BOTH., #1326 );
#871 = FACE_OUTER_BOUND( '', #1327, .T. );
#872 = PLANE( '', #1328 );
#873 = SURFACE_STYLE_USAGE( .BOTH., #1329 );
#874 = FACE_OUTER_BOUND( '', #1330, .T. );
#875 = PLANE( '', #1331 );
#876 = SURFACE_STYLE_USAGE( .BOTH., #1332 );
#877 = FACE_OUTER_BOUND( '', #1333, .T. );
#878 = PLANE( '', #1334 );
#879 = SURFACE_STYLE_USAGE( .BOTH., #1335 );
#880 = FACE_OUTER_BOUND( '', #1336, .T. );
#881 = PLANE( '', #1337 );
#882 = SURFACE_STYLE_USAGE( .BOTH., #1338 );
#883 = FACE_OUTER_BOUND( '', #1339, .T. );
#884 = PLANE( '', #1340 );
#885 = SURFACE_STYLE_USAGE( .BOTH., #1341 );
#886 = FACE_OUTER_BOUND( '', #1342, .T. );
#887 = PLANE( '', #1343 );
#888 = SURFACE_STYLE_USAGE( .BOTH., #1344 );
#889 = FACE_OUTER_BOUND( '', #1345, .T. );
#890 = CYLINDRICAL_SURFACE( '', #1346, 0.0250000000000000 );
#891 = SURFACE_STYLE_USAGE( .BOTH., #1347 );
#892 = FACE_OUTER_BOUND( '', #1348, .T. );
#893 = PLANE( '', #1349 );
#894 = SURFACE_STYLE_USAGE( .BOTH., #1350 );
#895 = FACE_OUTER_BOUND( '', #1351, .T. );
#896 = PLANE( '', #1352 );
#897 = SURFACE_STYLE_USAGE( .BOTH., #1353 );
#898 = FACE_OUTER_BOUND( '', #1354, .T. );
#899 = PLANE( '', #1355 );
#900 = SURFACE_STYLE_USAGE( .BOTH., #1356 );
#901 = FACE_OUTER_BOUND( '', #1357, .T. );
#902 = PLANE( '', #1358 );
#903 = SURFACE_STYLE_USAGE( .BOTH., #1359 );
#904 = FACE_OUTER_BOUND( '', #1360, .T. );
#905 = PLANE( '', #1361 );
#906 = SURFACE_STYLE_USAGE( .BOTH., #1362 );
#907 = FACE_OUTER_BOUND( '', #1363, .T. );
#908 = PLANE( '', #1364 );
#909 = SURFACE_STYLE_USAGE( .BOTH., #1365 );
#910 = FACE_OUTER_BOUND( '', #1366, .T. );
#911 = PLANE( '', #1367 );
#912 = SURFACE_STYLE_USAGE( .BOTH., #1368 );
#913 = FACE_OUTER_BOUND( '', #1369, .T. );
#914 = PLANE( '', #1370 );
#915 = SURFACE_STYLE_USAGE( .BOTH., #1371 );
#916 = FACE_OUTER_BOUND( '', #1372, .T. );
#917 = PLANE( '', #1373 );
#918 = SURFACE_STYLE_USAGE( .BOTH., #1374 );
#919 = FACE_OUTER_BOUND( '', #1375, .T. );
#920 = PLANE( '', #1376 );
#921 = SURFACE_STYLE_USAGE( .BOTH., #1377 );
#922 = FACE_OUTER_BOUND( '', #1378, .T. );
#923 = PLANE( '', #1379 );
#924 = SURFACE_STYLE_USAGE( .BOTH., #1380 );
#925 = FACE_OUTER_BOUND( '', #1381, .T. );
#926 = CYLINDRICAL_SURFACE( '', #1382, 0.0500000000000000 );
#927 = SURFACE_STYLE_USAGE( .BOTH., #1383 );
#928 = FACE_OUTER_BOUND( '', #1384, .T. );
#929 = PLANE( '', #1385 );
#930 = SURFACE_STYLE_USAGE( .BOTH., #1386 );
#931 = FACE_OUTER_BOUND( '', #1387, .T. );
#932 = CYLINDRICAL_SURFACE( '', #1388, 0.0500000000000000 );
#933 = SURFACE_STYLE_USAGE( .BOTH., #1389 );
#934 = FACE_OUTER_BOUND( '', #1390, .T. );
#935 = PLANE( '', #1391 );
#936 = SURFACE_STYLE_USAGE( .BOTH., #1392 );
#937 = FACE_OUTER_BOUND( '', #1393, .T. );
#938 = PLANE( '', #1394 );
#939 = SURFACE_STYLE_USAGE( .BOTH., #1395 );
#940 = FACE_OUTER_BOUND( '', #1396, .T. );
#941 = PLANE( '', #1397 );
#942 = SURFACE_STYLE_USAGE( .BOTH., #1398 );
#943 = FACE_OUTER_BOUND( '', #1399, .T. );
#944 = PLANE( '', #1400 );
#945 = SURFACE_STYLE_USAGE( .BOTH., #1401 );
#946 = FACE_OUTER_BOUND( '', #1402, .T. );
#947 = PLANE( '', #1403 );
#948 = SURFACE_STYLE_USAGE( .BOTH., #1404 );
#949 = FACE_OUTER_BOUND( '', #1405, .T. );
#950 = CYLINDRICAL_SURFACE( '', #1406, 0.0500000000000000 );
#951 = SURFACE_STYLE_USAGE( .BOTH., #1407 );
#952 = FACE_OUTER_BOUND( '', #1408, .T. );
#953 = PLANE( '', #1409 );
#954 = SURFACE_STYLE_USAGE( .BOTH., #1410 );
#955 = FACE_OUTER_BOUND( '', #1411, .T. );
#956 = PLANE( '', #1412 );
#957 = SURFACE_STYLE_USAGE( .BOTH., #1413 );
#958 = FACE_OUTER_BOUND( '', #1414, .T. );
#959 = PLANE( '', #1415 );
#960 = SURFACE_STYLE_USAGE( .BOTH., #1416 );
#961 = FACE_OUTER_BOUND( '', #1417, .T. );
#962 = PLANE( '', #1418 );
#963 = SURFACE_STYLE_USAGE( .BOTH., #1419 );
#964 = FACE_OUTER_BOUND( '', #1420, .T. );
#965 = PLANE( '', #1421 );
#966 = SURFACE_STYLE_USAGE( .BOTH., #1422 );
#967 = FACE_OUTER_BOUND( '', #1423, .T. );
#968 = PLANE( '', #1424 );
#969 = SURFACE_STYLE_USAGE( .BOTH., #1425 );
#970 = FACE_OUTER_BOUND( '', #1426, .T. );
#971 = PLANE( '', #1427 );
#972 = SURFACE_STYLE_USAGE( .BOTH., #1428 );
#973 = FACE_OUTER_BOUND( '', #1429, .T. );
#974 = PLANE( '', #1430 );
#975 = SURFACE_STYLE_USAGE( .BOTH., #1431 );
#976 = FACE_OUTER_BOUND( '', #1432, .T. );
#977 = PLANE( '', #1433 );
#978 = SURFACE_STYLE_USAGE( .BOTH., #1434 );
#979 = FACE_OUTER_BOUND( '', #1435, .T. );
#980 = PLANE( '', #1436 );
#981 = SURFACE_STYLE_USAGE( .BOTH., #1437 );
#982 = FACE_OUTER_BOUND( '', #1438, .T. );
#983 = PLANE( '', #1439 );
#984 =  ( LENGTH_UNIT(  )NAMED_UNIT( #511 )SI_UNIT( .MILLI., .METRE. ) );
#987 = LENGTH_MEASURE_WITH_UNIT( LENGTH_MEASURE( 25.4000000000000 ), #1441 );
#990 = DIMENSIONAL_EXPONENTS( 1.00000000000000, 0.000000000000000, 0.000000000000000, 0.000000000000000, 0.000000000000000, 0.000000000000000, 0.000000000000000 );
#992 = DIMENSIONAL_EXPONENTS( 0.000000000000000, 0.000000000000000, 0.000000000000000, 0.000000000000000, 0.000000000000000, 0.000000000000000, 0.000000000000000 );
#998 = SURFACE_SIDE_STYLE( '', ( #1442 ) );
#999 = EDGE_LOOP( '', ( #1443, #1444, #1445, #1446 ) );
#1000 = AXIS2_PLACEMENT_3D( '', #1447, #1448, #1449 );
#1001 = SURFACE_SIDE_STYLE( '', ( #1450 ) );
#1002 = EDGE_LOOP( '', ( #1451, #1452, #1453, #1454 ) );
#1003 = AXIS2_PLACEMENT_3D( '', #1455, #1456, #1457 );
#1004 = SURFACE_SIDE_STYLE( '', ( #1458 ) );
#1005 = EDGE_LOOP( '', ( #1459, #1460, #1461, #1462 ) );
#1006 = AXIS2_PLACEMENT_3D( '', #1463, #1464, #1465 );
#1007 = SURFACE_SIDE_STYLE( '', ( #1466 ) );
#1008 = EDGE_LOOP( '', ( #1467, #1468, #1469, #1470 ) );
#1009 = AXIS2_PLACEMENT_3D( '', #1471, #1472, #1473 );
#1010 = SURFACE_SIDE_STYLE( '', ( #1474 ) );
#1011 = EDGE_LOOP( '', ( #1475, #1476, #1477, #1478 ) );
#1012 = AXIS2_PLACEMENT_3D( '', #1479, #1480, #1481 );
#1013 = SURFACE_SIDE_STYLE( '', ( #1482 ) );
#1014 = EDGE_LOOP( '', ( #1483, #1484, #1485, #1486, #1487, #1488 ) );
#1015 = AXIS2_PLACEMENT_3D( '', #1489, #1490, #1491 );
#1016 = SURFACE_SIDE_STYLE( '', ( #1492 ) );
#1017 = EDGE_LOOP( '', ( #1493, #1494, #1495, #1496 ) );
#1018 = AXIS2_PLACEMENT_3D( '', #1497, #1498, #1499 );
#1019 = SURFACE_SIDE_STYLE( '', ( #1500 ) );
#1020 = EDGE_LOOP( '', ( #1501, #1502, #1503, #1504, #1505, #1506, #1507, #1508, #1509, #1510, #1511, #1512, #1513, #1514, #1515, #1516, #1517, #1518, #1519, #1520 ) );
#1021 = EDGE_LOOP( '', ( #1521, #1522, #1523, #1524, #1525, #1526, #1527, #1528, #1529, #1530, #1531, #1532, #1533, #1534, #1535, #1536, #1537, #1538, #1539, #1540, #1541, #1542, #1543, #1544, #1545, #1546, #1547, #1548 ) );
#1022 = AXIS2_PLACEMENT_3D( '', #1549, #1550, #1551 );
#1023 = SURFACE_SIDE_STYLE( '', ( #1552 ) );
#1024 = EDGE_LOOP( '', ( #1553, #1554, #1555, #1556, #1557, #1558 ) );
#1025 = AXIS2_PLACEMENT_3D( '', #1559, #1560, #1561 );
#1026 = SURFACE_SIDE_STYLE( '', ( #1562 ) );
#1027 = EDGE_LOOP( '', ( #1563, #1564, #1565, #1566 ) );
#1028 = AXIS2_PLACEMENT_3D( '', #1567, #1568, #1569 );
#1029 = SURFACE_SIDE_STYLE( '', ( #1570 ) );
#1030 = EDGE_LOOP( '', ( #1571, #1572, #1573, #1574 ) );
#1031 = AXIS2_PLACEMENT_3D( '', #1575, #1576, #1577 );
#1032 = SURFACE_SIDE_STYLE( '', ( #1578 ) );
#1033 = EDGE_LOOP( '', ( #1579, #1580, #1581, #1582, #1583, #1584, #1585, #1586, #1587, #1588, #1589, #1590, #1591, #1592, #1593, #1594, #1595, #1596, #1597, #1598, #1599, #1600, #1601, #1602, #1603, #1604, #1605, #1606, #1607, #1608, #1609, #1610 ) );
#1034 = AXIS2_PLACEMENT_3D( '', #1611, #1612, #1613 );
#1035 = SURFACE_SIDE_STYLE( '', ( #1614 ) );
#1036 = EDGE_LOOP( '', ( #1615, #1616, #1617, #1618 ) );
#1037 = AXIS2_PLACEMENT_3D( '', #1619, #1620, #1621 );
#1038 = SURFACE_SIDE_STYLE( '', ( #1622 ) );
#1039 = EDGE_LOOP( '', ( #1623, #1624, #1625, #1626 ) );
#1040 = AXIS2_PLACEMENT_3D( '', #1627, #1628, #1629 );
#1041 = SURFACE_SIDE_STYLE( '', ( #1630 ) );
#1042 = EDGE_LOOP( '', ( #1631, #1632, #1633, #1634 ) );
#1043 = AXIS2_PLACEMENT_3D( '', #1635, #1636, #1637 );
#1044 = SURFACE_SIDE_STYLE( '', ( #1638 ) );
#1045 = EDGE_LOOP( '', ( #1639, #1640, #1641, #1642 ) );
#1046 = AXIS2_PLACEMENT_3D( '', #1643, #1644, #1645 );
#1047 = SURFACE_SIDE_STYLE( '', ( #1646 ) );
#1048 = EDGE_LOOP( '', ( #1647, #1648, #1649, #1650 ) );
#1049 = AXIS2_PLACEMENT_3D( '', #1651, #1652, #1653 );
#1050 = SURFACE_SIDE_STYLE( '', ( #1654 ) );
#1051 = EDGE_LOOP( '', ( #1655, #1656, #1657, #1658 ) );
#1052 = AXIS2_PLACEMENT_3D( '', #1659, #1660, #1661 );
#1053 = SURFACE_SIDE_STYLE( '', ( #1662 ) );
#1054 = EDGE_LOOP( '', ( #1663, #1664, #1665, #1666, #1667, #1668, #1669, #1670, #1671, #1672, #1673, #1674 ) );
#1055 = AXIS2_PLACEMENT_3D( '', #1675, #1676, #1677 );
#1056 = SURFACE_SIDE_STYLE( '', ( #1678 ) );
#1057 = EDGE_LOOP( '', ( #1679, #1680, #1681, #1682 ) );
#1058 = AXIS2_PLACEMENT_3D( '', #1683, #1684, #1685 );
#1059 = SURFACE_SIDE_STYLE( '', ( #1686 ) );
#1060 = EDGE_LOOP( '', ( #1687, #1688, #1689, #1690 ) );
#1061 = AXIS2_PLACEMENT_3D( '', #1691, #1692, #1693 );
#1062 = SURFACE_SIDE_STYLE( '', ( #1694 ) );
#1063 = EDGE_LOOP( '', ( #1695, #1696, #1697, #1698 ) );
#1064 = AXIS2_PLACEMENT_3D( '', #1699, #1700, #1701 );
#1065 = SURFACE_SIDE_STYLE( '', ( #1702 ) );
#1066 = EDGE_LOOP( '', ( #1703, #1704, #1705, #1706 ) );
#1067 = AXIS2_PLACEMENT_3D( '', #1707, #1708, #1709 );
#1068 = SURFACE_SIDE_STYLE( '', ( #1710 ) );
#1069 = EDGE_LOOP( '', ( #1711, #1712, #1713, #1714, #1715, #1716, #1717, #1718, #1719, #1720, #1721, #1722 ) );
#1070 = AXIS2_PLACEMENT_3D( '', #1723, #1724, #1725 );
#1071 = SURFACE_SIDE_STYLE( '', ( #1726 ) );
#1072 = EDGE_LOOP( '', ( #1727, #1728, #1729, #1730 ) );
#1073 = AXIS2_PLACEMENT_3D( '', #1731, #1732, #1733 );
#1074 = SURFACE_SIDE_STYLE( '', ( #1734 ) );
#1075 = EDGE_LOOP( '', ( #1735, #1736, #1737, #1738 ) );
#1076 = AXIS2_PLACEMENT_3D( '', #1739, #1740, #1741 );
#1077 = SURFACE_SIDE_STYLE( '', ( #1742 ) );
#1078 = EDGE_LOOP( '', ( #1743, #1744, #1745, #1746, #1747, #1748, #1749, #1750, #1751, #1752, #1753, #1754 ) );
#1079 = AXIS2_PLACEMENT_3D( '', #1755, #1756, #1757 );
#1080 = SURFACE_SIDE_STYLE( '', ( #1758 ) );
#1081 = EDGE_LOOP( '', ( #1759, #1760, #1761, #1762, #1763, #1764, #1765, #1766, #1767, #1768 ) );
#1082 = AXIS2_PLACEMENT_3D( '', #1769, #1770, #1771 );
#1083 = SURFACE_SIDE_STYLE( '', ( #1772 ) );
#1084 = EDGE_LOOP( '', ( #1773, #1774, #1775, #1776 ) );
#1085 = AXIS2_PLACEMENT_3D( '', #1777, #1778, #1779 );
#1086 = SURFACE_SIDE_STYLE( '', ( #1780 ) );
#1087 = EDGE_LOOP( '', ( #1781, #1782, #1783, #1784, #1785, #1786, #1787, #1788, #1789, #1790, #1791, #1792 ) );
#1088 = AXIS2_PLACEMENT_3D( '', #1793, #1794, #1795 );
#1089 = SURFACE_SIDE_STYLE( '', ( #1796 ) );
#1090 = EDGE_LOOP( '', ( #1797, #1798, #1799, #1800, #1801, #1802, #1803, #1804 ) );
#1091 = AXIS2_PLACEMENT_3D( '', #1805, #1806, #1807 );
#1092 = SURFACE_SIDE_STYLE( '', ( #1808 ) );
#1093 = EDGE_LOOP( '', ( #1809, #1810, #1811, #1812 ) );
#1094 = AXIS2_PLACEMENT_3D( '', #1813, #1814, #1815 );
#1095 = SURFACE_SIDE_STYLE( '', ( #1816 ) );
#1096 = EDGE_LOOP( '', ( #1817, #1818, #1819, #1820 ) );
#1097 = AXIS2_PLACEMENT_3D( '', #1821, #1822, #1823 );
#1098 = SURFACE_SIDE_STYLE( '', ( #1824 ) );
#1099 = EDGE_LOOP( '', ( #1825, #1826, #1827, #1828, #1829, #1830, #1831, #1832, #1833, #1834, #1835, #1836 ) );
#1100 = AXIS2_PLACEMENT_3D( '', #1837, #1838, #1839 );
#1101 = SURFACE_SIDE_STYLE( '', ( #1840 ) );
#1102 = EDGE_LOOP( '', ( #1841, #1842, #1843, #1844 ) );
#1103 = AXIS2_PLACEMENT_3D( '', #1845, #1846, #1847 );
#1104 = SURFACE_SIDE_STYLE( '', ( #1848 ) );
#1105 = EDGE_LOOP( '', ( #1849, #1850, #1851, #1852 ) );
#1106 = AXIS2_PLACEMENT_3D( '', #1853, #1854, #1855 );
#1107 = SURFACE_SIDE_STYLE( '', ( #1856 ) );
#1108 = EDGE_LOOP( '', ( #1857, #1858, #1859, #1860 ) );
#1109 = AXIS2_PLACEMENT_3D( '', #1861, #1862, #1863 );
#1110 = SURFACE_SIDE_STYLE( '', ( #1864 ) );
#1111 = EDGE_LOOP( '', ( #1865, #1866, #1867, #1868 ) );
#1112 = AXIS2_PLACEMENT_3D( '', #1869, #1870, #1871 );
#1113 = SURFACE_SIDE_STYLE( '', ( #1872 ) );
#1114 = EDGE_LOOP( '', ( #1873, #1874, #1875, #1876 ) );
#1115 = AXIS2_PLACEMENT_3D( '', #1877, #1878, #1879 );
#1116 = SURFACE_SIDE_STYLE( '', ( #1880 ) );
#1117 = EDGE_LOOP( '', ( #1881, #1882, #1883, #1884 ) );
#1118 = AXIS2_PLACEMENT_3D( '', #1885, #1886, #1887 );
#1119 = SURFACE_SIDE_STYLE( '', ( #1888 ) );
#1120 = EDGE_LOOP( '', ( #1889, #1890, #1891, #1892 ) );
#1121 = AXIS2_PLACEMENT_3D( '', #1893, #1894, #1895 );
#1122 = SURFACE_SIDE_STYLE( '', ( #1896 ) );
#1123 = EDGE_LOOP( '', ( #1897, #1898, #1899, #1900 ) );
#1124 = AXIS2_PLACEMENT_3D( '', #1901, #1902, #1903 );
#1125 = SURFACE_SIDE_STYLE( '', ( #1904 ) );
#1126 = EDGE_LOOP( '', ( #1905, #1906, #1907, #1908, #1909, #1910, #1911, #1912, #1913, #1914, #1915, #1916, #1917, #1918, #1919, #1920, #1921, #1922, #1923, #1924, #1925, #1926, #1927, #1928, #1929, #1930, #1931, #1932 ) );
#1127 = AXIS2_PLACEMENT_3D( '', #1933, #1934, #1935 );
#1128 = SURFACE_SIDE_STYLE( '', ( #1936 ) );
#1129 = EDGE_LOOP( '', ( #1937, #1938, #1939, #1940 ) );
#1130 = AXIS2_PLACEMENT_3D( '', #1941, #1942, #1943 );
#1131 = SURFACE_SIDE_STYLE( '', ( #1944 ) );
#1132 = EDGE_LOOP( '', ( #1945, #1946, #1947, #1948 ) );
#1133 = AXIS2_PLACEMENT_3D( '', #1949, #1950, #1951 );
#1134 = SURFACE_SIDE_STYLE( '', ( #1952 ) );
#1135 = EDGE_LOOP( '', ( #1953, #1954, #1955, #1956 ) );
#1136 = AXIS2_PLACEMENT_3D( '', #1957, #1958, #1959 );
#1137 = SURFACE_SIDE_STYLE( '', ( #1960 ) );
#1138 = EDGE_LOOP( '', ( #1961, #1962, #1963, #1964, #1965, #1966, #1967, #1968, #1969, #1970, #1971, #1972 ) );
#1139 = AXIS2_PLACEMENT_3D( '', #1973, #1974, #1975 );
#1140 = SURFACE_SIDE_STYLE( '', ( #1976 ) );
#1141 = EDGE_LOOP( '', ( #1977, #1978, #1979, #1980 ) );
#1142 = AXIS2_PLACEMENT_3D( '', #1981, #1982, #1983 );
#1143 = SURFACE_SIDE_STYLE( '', ( #1984 ) );
#1144 = EDGE_LOOP( '', ( #1985, #1986, #1987, #1988, #1989, #1990 ) );
#1145 = AXIS2_PLACEMENT_3D( '', #1991, #1992, #1993 );
#1146 = SURFACE_SIDE_STYLE( '', ( #1994 ) );
#1147 = EDGE_LOOP( '', ( #1995, #1996, #1997, #1998 ) );
#1148 = AXIS2_PLACEMENT_3D( '', #1999, #2000, #2001 );
#1149 = SURFACE_SIDE_STYLE( '', ( #2002 ) );
#1150 = EDGE_LOOP( '', ( #2003, #2004, #2005, #2006, #2007, #2008, #2009, #2010, #2011, #2012 ) );
#1151 = AXIS2_PLACEMENT_3D( '', #2013, #2014, #2015 );
#1152 = SURFACE_SIDE_STYLE( '', ( #2016 ) );
#1153 = EDGE_LOOP( '', ( #2017, #2018, #2019, #2020 ) );
#1154 = AXIS2_PLACEMENT_3D( '', #2021, #2022, #2023 );
#1155 = SURFACE_SIDE_STYLE( '', ( #2024 ) );
#1156 = EDGE_LOOP( '', ( #2025, #2026, #2027, #2028 ) );
#1157 = AXIS2_PLACEMENT_3D( '', #2029, #2030, #2031 );
#1158 = SURFACE_SIDE_STYLE( '', ( #2032 ) );
#1159 = EDGE_LOOP( '', ( #2033, #2034, #2035, #2036 ) );
#1160 = AXIS2_PLACEMENT_3D( '', #2037, #2038, #2039 );
#1161 = SURFACE_SIDE_STYLE( '', ( #2040 ) );
#1162 = EDGE_LOOP( '', ( #2041, #2042, #2043, #2044 ) );
#1163 = AXIS2_PLACEMENT_3D( '', #2045, #2046, #2047 );
#1164 = SURFACE_SIDE_STYLE( '', ( #2048 ) );
#1165 = EDGE_LOOP( '', ( #2049, #2050, #2051, #2052 ) );
#1166 = AXIS2_PLACEMENT_3D( '', #2053, #2054, #2055 );
#1167 = SURFACE_SIDE_STYLE( '', ( #2056 ) );
#1168 = EDGE_LOOP( '', ( #2057, #2058, #2059, #2060 ) );
#1169 = AXIS2_PLACEMENT_3D( '', #2061, #2062, #2063 );
#1170 = SURFACE_SIDE_STYLE( '', ( #2064 ) );
#1171 = EDGE_LOOP( '', ( #2065, #2066, #2067, #2068 ) );
#1172 = AXIS2_PLACEMENT_3D( '', #2069, #2070, #2071 );
#1173 = SURFACE_SIDE_STYLE( '', ( #2072 ) );
#1174 = EDGE_LOOP( '', ( #2073, #2074, #2075, #2076 ) );
#1175 = AXIS2_PLACEMENT_3D( '', #2077, #2078, #2079 );
#1176 = SURFACE_SIDE_STYLE( '', ( #2080 ) );
#1177 = EDGE_LOOP( '', ( #2081, #2082, #2083, #2084 ) );
#1178 = AXIS2_PLACEMENT_3D( '', #2085, #2086, #2087 );
#1179 = SURFACE_SIDE_STYLE( '', ( #2088 ) );
#1180 = EDGE_LOOP( '', ( #2089, #2090, #2091, #2092 ) );
#1181 = AXIS2_PLACEMENT_3D( '', #2093, #2094, #2095 );
#1182 = SURFACE_SIDE_STYLE( '', ( #2096 ) );
#1183 = EDGE_LOOP( '', ( #2097, #2098, #2099, #2100 ) );
#1184 = AXIS2_PLACEMENT_3D( '', #2101, #2102, #2103 );
#1185 = SURFACE_SIDE_STYLE( '', ( #2104 ) );
#1186 = EDGE_LOOP( '', ( #2105, #2106, #2107, #2108, #2109, #2110 ) );
#1187 = AXIS2_PLACEMENT_3D( '', #2111, #2112, #2113 );
#1188 = SURFACE_SIDE_STYLE( '', ( #2114 ) );
#1189 = EDGE_LOOP( '', ( #2115, #2116, #2117, #2118 ) );
#1190 = AXIS2_PLACEMENT_3D( '', #2119, #2120, #2121 );
#1191 = SURFACE_SIDE_STYLE( '', ( #2122 ) );
#1192 = EDGE_LOOP( '', ( #2123, #2124, #2125, #2126, #2127, #2128, #2129, #2130, #2131, #2132 ) );
#1193 = AXIS2_PLACEMENT_3D( '', #2133, #2134, #2135 );
#1194 = SURFACE_SIDE_STYLE( '', ( #2136 ) );
#1195 = EDGE_LOOP( '', ( #2137, #2138, #2139, #2140 ) );
#1196 = AXIS2_PLACEMENT_3D( '', #2141, #2142, #2143 );
#1197 = SURFACE_SIDE_STYLE( '', ( #2144 ) );
#1198 = EDGE_LOOP( '', ( #2145, #2146, #2147, #2148 ) );
#1199 = AXIS2_PLACEMENT_3D( '', #2149, #2150, #2151 );
#1200 = SURFACE_SIDE_STYLE( '', ( #2152 ) );
#1201 = EDGE_LOOP( '', ( #2153, #2154, #2155, #2156 ) );
#1202 = AXIS2_PLACEMENT_3D( '', #2157, #2158, #2159 );
#1203 = SURFACE_SIDE_STYLE( '', ( #2160 ) );
#1204 = EDGE_LOOP( '', ( #2161, #2162, #2163, #2164 ) );
#1205 = AXIS2_PLACEMENT_3D( '', #2165, #2166, #2167 );
#1206 = SURFACE_SIDE_STYLE( '', ( #2168 ) );
#1207 = EDGE_LOOP( '', ( #2169, #2170, #2171, #2172 ) );
#1208 = AXIS2_PLACEMENT_3D( '', #2173, #2174, #2175 );
#1209 = SURFACE_SIDE_STYLE( '', ( #2176 ) );
#1210 = EDGE_LOOP( '', ( #2177, #2178, #2179, #2180 ) );
#1211 = AXIS2_PLACEMENT_3D( '', #2181, #2182, #2183 );
#1212 = SURFACE_SIDE_STYLE( '', ( #2184 ) );
#1213 = EDGE_LOOP( '', ( #2185, #2186, #2187, #2188 ) );
#1214 = AXIS2_PLACEMENT_3D( '', #2189, #2190, #2191 );
#1215 = SURFACE_SIDE_STYLE( '', ( #2192 ) );
#1216 = EDGE_LOOP( '', ( #2193, #2194, #2195, #2196 ) );
#1217 = AXIS2_PLACEMENT_3D( '', #2197, #2198, #2199 );
#1218 = SURFACE_SIDE_STYLE( '', ( #2200 ) );
#1219 = EDGE_LOOP( '', ( #2201, #2202, #2203, #2204 ) );
#1220 = AXIS2_PLACEMENT_3D( '', #2205, #2206, #2207 );
#1221 = SURFACE_SIDE_STYLE( '', ( #2208 ) );
#1222 = EDGE_LOOP( '', ( #2209, #2210, #2211, #2212, #2213, #2214 ) );
#1223 = AXIS2_PLACEMENT_3D( '', #2215, #2216, #2217 );
#1224 = SURFACE_SIDE_STYLE( '', ( #2218 ) );
#1225 = EDGE_LOOP( '', ( #2219, #2220, #2221, #2222 ) );
#1226 = AXIS2_PLACEMENT_3D( '', #2223, #2224, #2225 );
#1227 = SURFACE_SIDE_STYLE( '', ( #2226 ) );
#1228 = EDGE_LOOP( '', ( #2227, #2228, #2229, #2230, #2231, #2232, #2233, #2234, #2235, #2236 ) );
#1229 = AXIS2_PLACEMENT_3D( '', #2237, #2238, #2239 );
#1230 = SURFACE_SIDE_STYLE( '', ( #2240 ) );
#1231 = EDGE_LOOP( '', ( #2241, #2242, #2243, #2244 ) );
#1232 = AXIS2_PLACEMENT_3D( '', #2245, #2246, #2247 );
#1233 = SURFACE_SIDE_STYLE( '', ( #2248 ) );
#1234 = EDGE_LOOP( '', ( #2249, #2250, #2251, #2252 ) );
#1235 = AXIS2_PLACEMENT_3D( '', #2253, #2254, #2255 );
#1236 = SURFACE_SIDE_STYLE( '', ( #2256 ) );
#1237 = EDGE_LOOP( '', ( #2257, #2258, #2259, #2260 ) );
#1238 = AXIS2_PLACEMENT_3D( '', #2261, #2262, #2263 );
#1239 = SURFACE_SIDE_STYLE( '', ( #2264 ) );
#1240 = EDGE_LOOP( '', ( #2265, #2266, #2267, #2268, #2269, #2270, #2271, #2272, #2273, #2274 ) );
#1241 = AXIS2_PLACEMENT_3D( '', #2275, #2276, #2277 );
#1242 = SURFACE_SIDE_STYLE( '', ( #2278 ) );
#1243 = EDGE_LOOP( '', ( #2279, #2280, #2281, #2282, #2283, #2284, #2285, #2286, #2287, #2288 ) );
#1244 = AXIS2_PLACEMENT_3D( '', #2289, #2290, #2291 );
#1245 = SURFACE_SIDE_STYLE( '', ( #2292 ) );
#1246 = EDGE_LOOP( '', ( #2293, #2294, #2295, #2296 ) );
#1247 = AXIS2_PLACEMENT_3D( '', #2297, #2298, #2299 );
#1248 = SURFACE_SIDE_STYLE( '', ( #2300 ) );
#1249 = EDGE_LOOP( '', ( #2301, #2302, #2303, #2304 ) );
#1250 = AXIS2_PLACEMENT_3D( '', #2305, #2306, #2307 );
#1251 = SURFACE_SIDE_STYLE( '', ( #2308 ) );
#1252 = EDGE_LOOP( '', ( #2309, #2310, #2311, #2312 ) );
#1253 = AXIS2_PLACEMENT_3D( '', #2313, #2314, #2315 );
#1254 = SURFACE_SIDE_STYLE( '', ( #2316 ) );
#1255 = EDGE_LOOP( '', ( #2317, #2318, #2319, #2320 ) );
#1256 = AXIS2_PLACEMENT_3D( '', #2321, #2322, #2323 );
#1257 = SURFACE_SIDE_STYLE( '', ( #2324 ) );
#1258 = EDGE_LOOP( '', ( #2325, #2326, #2327, #2328 ) );
#1259 = AXIS2_PLACEMENT_3D( '', #2329, #2330, #2331 );
#1260 = SURFACE_SIDE_STYLE( '', ( #2332 ) );
#1261 = EDGE_LOOP( '', ( #2333, #2334, #2335, #2336 ) );
#1262 = AXIS2_PLACEMENT_3D( '', #2337, #2338, #2339 );
#1263 = SURFACE_SIDE_STYLE( '', ( #2340 ) );
#1264 = EDGE_LOOP( '', ( #2341, #2342, #2343, #2344 ) );
#1265 = AXIS2_PLACEMENT_3D( '', #2345, #2346, #2347 );
#1266 = SURFACE_SIDE_STYLE( '', ( #2348 ) );
#1267 = EDGE_LOOP( '', ( #2349, #2350, #2351, #2352 ) );
#1268 = AXIS2_PLACEMENT_3D( '', #2353, #2354, #2355 );
#1269 = SURFACE_SIDE_STYLE( '', ( #2356 ) );
#1270 = EDGE_LOOP( '', ( #2357, #2358, #2359, #2360 ) );
#1271 = AXIS2_PLACEMENT_3D( '', #2361, #2362, #2363 );
#1272 = SURFACE_SIDE_STYLE( '', ( #2364 ) );
#1273 = EDGE_LOOP( '', ( #2365, #2366, #2367, #2368 ) );
#1274 = AXIS2_PLACEMENT_3D( '', #2369, #2370, #2371 );
#1275 = SURFACE_SIDE_STYLE( '', ( #2372 ) );
#1276 = EDGE_LOOP( '', ( #2373, #2374, #2375, #2376 ) );
#1277 = AXIS2_PLACEMENT_3D( '', #2377, #2378, #2379 );
#1278 = SURFACE_SIDE_STYLE( '', ( #2380 ) );
#1279 = EDGE_LOOP( '', ( #2381, #2382, #2383, #2384 ) );
#1280 = AXIS2_PLACEMENT_3D( '', #2385, #2386, #2387 );
#1281 = SURFACE_SIDE_STYLE( '', ( #2388 ) );
#1282 = EDGE_LOOP( '', ( #2389, #2390, #2391, #2392 ) );
#1283 = AXIS2_PLACEMENT_3D( '', #2393, #2394, #2395 );
#1284 = SURFACE_SIDE_STYLE( '', ( #2396 ) );
#1285 = EDGE_LOOP( '', ( #2397, #2398, #2399, #2400 ) );
#1286 = AXIS2_PLACEMENT_3D( '', #2401, #2402, #2403 );
#1287 = SURFACE_SIDE_STYLE( '', ( #2404 ) );
#1288 = EDGE_LOOP( '', ( #2405, #2406, #2407, #2408 ) );
#1289 = AXIS2_PLACEMENT_3D( '', #2409, #2410, #2411 );
#1290 = SURFACE_SIDE_STYLE( '', ( #2412 ) );
#1291 = EDGE_LOOP( '', ( #2413, #2414, #2415, #2416 ) );
#1292 = AXIS2_PLACEMENT_3D( '', #2417, #2418, #2419 );
#1293 = SURFACE_SIDE_STYLE( '', ( #2420 ) );
#1294 = EDGE_LOOP( '', ( #2421, #2422, #2423, #2424 ) );
#1295 = AXIS2_PLACEMENT_3D( '', #2425, #2426, #2427 );
#1296 = SURFACE_SIDE_STYLE( '', ( #2428 ) );
#1297 = EDGE_LOOP( '', ( #2429, #2430, #2431, #2432, #2433, #2434, #2435, #2436, #2437, #2438, #2439, #2440 ) );
#1298 = AXIS2_PLACEMENT_3D( '', #2441, #2442, #2443 );
#1299 = SURFACE_SIDE_STYLE( '', ( #2444 ) );
#1300 = EDGE_LOOP( '', ( #2445, #2446, #2447, #2448, #2449, #2450 ) );
#1301 = AXIS2_PLACEMENT_3D( '', #2451, #2452, #2453 );
#1302 = SURFACE_SIDE_STYLE( '', ( #2454 ) );
#1303 = EDGE_LOOP( '', ( #2455, #2456, #2457, #2458 ) );
#1304 = AXIS2_PLACEMENT_3D( '', #2459, #2460, #2461 );
#1305 = SURFACE_SIDE_STYLE( '', ( #2462 ) );
#1306 = EDGE_LOOP( '', ( #2463, #2464, #2465, #2466 ) );
#1307 = AXIS2_PLACEMENT_3D( '', #2467, #2468, #2469 );
#1308 = SURFACE_SIDE_STYLE( '', ( #2470 ) );
#1309 = EDGE_LOOP( '', ( #2471, #2472, #2473, #2474 ) );
#1310 = AXIS2_PLACEMENT_3D( '', #2475, #2476, #2477 );
#1311 = SURFACE_SIDE_STYLE( '', ( #2478 ) );
#1312 = EDGE_LOOP( '', ( #2479, #2480, #2481, #2482 ) );
#1313 = AXIS2_PLACEMENT_3D( '', #2483, #2484, #2485 );
#1314 = SURFACE_SIDE_STYLE( '', ( #2486 ) );
#1315 = EDGE_LOOP( '', ( #2487, #2488, #2489, #2490 ) );
#1316 = AXIS2_PLACEMENT_3D( '', #2491, #2492, #2493 );
#1317 = SURFACE_SIDE_STYLE( '', ( #2494 ) );
#1318 = EDGE_LOOP( '', ( #2495, #2496, #2497, #2498 ) );
#1319 = AXIS2_PLACEMENT_3D( '', #2499, #2500, #2501 );
#1320 = SURFACE_SIDE_STYLE( '', ( #2502 ) );
#1321 = EDGE_LOOP( '', ( #2503, #2504, #2505, #2506 ) );
#1322 = AXIS2_PLACEMENT_3D( '', #2507, #2508, #2509 );
#1323 = SURFACE_SIDE_STYLE( '', ( #2510 ) );
#1324 = EDGE_LOOP( '', ( #2511, #2512, #2513, #2514 ) );
#1325 = AXIS2_PLACEMENT_3D( '', #2515, #2516, #2517 );
#1326 = SURFACE_SIDE_STYLE( '', ( #2518 ) );
#1327 = EDGE_LOOP( '', ( #2519, #2520, #2521, #2522 ) );
#1328 = AXIS2_PLACEMENT_3D( '', #2523, #2524, #2525 );
#1329 = SURFACE_SIDE_STYLE( '', ( #2526 ) );
#1330 = EDGE_LOOP( '', ( #2527, #2528, #2529, #2530 ) );
#1331 = AXIS2_PLACEMENT_3D( '', #2531, #2532, #2533 );
#1332 = SURFACE_SIDE_STYLE( '', ( #2534 ) );
#1333 = EDGE_LOOP( '', ( #2535, #2536, #2537, #2538 ) );
#1334 = AXIS2_PLACEMENT_3D( '', #2539, #2540, #2541 );
#1335 = SURFACE_SIDE_STYLE( '', ( #2542 ) );
#1336 = EDGE_LOOP( '', ( #2543, #2544, #2545, #2546 ) );
#1337 = AXIS2_PLACEMENT_3D( '', #2547, #2548, #2549 );
#1338 = SURFACE_SIDE_STYLE( '', ( #2550 ) );
#1339 = EDGE_LOOP( '', ( #2551, #2552, #2553, #2554 ) );
#1340 = AXIS2_PLACEMENT_3D( '', #2555, #2556, #2557 );
#1341 = SURFACE_SIDE_STYLE( '', ( #2558 ) );
#1342 = EDGE_LOOP( '', ( #2559, #2560, #2561, #2562, #2563, #2564, #2565, #2566, #2567, #2568 ) );
#1343 = AXIS2_PLACEMENT_3D( '', #2569, #2570, #2571 );
#1344 = SURFACE_SIDE_STYLE( '', ( #2572 ) );
#1345 = EDGE_LOOP( '', ( #2573, #2574, #2575, #2576 ) );
#1346 = AXIS2_PLACEMENT_3D( '', #2577, #2578, #2579 );
#1347 = SURFACE_SIDE_STYLE( '', ( #2580 ) );
#1348 = EDGE_LOOP( '', ( #2581, #2582, #2583, #2584 ) );
#1349 = AXIS2_PLACEMENT_3D( '', #2585, #2586, #2587 );
#1350 = SURFACE_SIDE_STYLE( '', ( #2588 ) );
#1351 = EDGE_LOOP( '', ( #2589, #2590, #2591, #2592 ) );
#1352 = AXIS2_PLACEMENT_3D( '', #2593, #2594, #2595 );
#1353 = SURFACE_SIDE_STYLE( '', ( #2596 ) );
#1354 = EDGE_LOOP( '', ( #2597, #2598, #2599, #2600 ) );
#1355 = AXIS2_PLACEMENT_3D( '', #2601, #2602, #2603 );
#1356 = SURFACE_SIDE_STYLE( '', ( #2604 ) );
#1357 = EDGE_LOOP( '', ( #2605, #2606, #2607, #2608 ) );
#1358 = AXIS2_PLACEMENT_3D( '', #2609, #2610, #2611 );
#1359 = SURFACE_SIDE_STYLE( '', ( #2612 ) );
#1360 = EDGE_LOOP( '', ( #2613, #2614, #2615, #2616, #2617, #2618 ) );
#1361 = AXIS2_PLACEMENT_3D( '', #2619, #2620, #2621 );
#1362 = SURFACE_SIDE_STYLE( '', ( #2622 ) );
#1363 = EDGE_LOOP( '', ( #2623, #2624, #2625, #2626, #2627, #2628 ) );
#1364 = AXIS2_PLACEMENT_3D( '', #2629, #2630, #2631 );
#1365 = SURFACE_SIDE_STYLE( '', ( #2632 ) );
#1366 = EDGE_LOOP( '', ( #2633, #2634, #2635, #2636 ) );
#1367 = AXIS2_PLACEMENT_3D( '', #2637, #2638, #2639 );
#1368 = SURFACE_SIDE_STYLE( '', ( #2640 ) );
#1369 = EDGE_LOOP( '', ( #2641, #2642, #2643, #2644, #2645, #2646, #2647, #2648, #2649, #2650, #2651, #2652, #2653, #2654, #2655, #2656, #2657, #2658, #2659, #2660, #2661, #2662, #2663, #2664, #2665, #2666, #2667, #2668 ) );
#1370 = AXIS2_PLACEMENT_3D( '', #2669, #2670, #2671 );
#1371 = SURFACE_SIDE_STYLE( '', ( #2672 ) );
#1372 = EDGE_LOOP( '', ( #2673, #2674, #2675, #2676 ) );
#1373 = AXIS2_PLACEMENT_3D( '', #2677, #2678, #2679 );
#1374 = SURFACE_SIDE_STYLE( '', ( #2680 ) );
#1375 = EDGE_LOOP( '', ( #2681, #2682, #2683, #2684, #2685, #2686, #2687, #2688, #2689, #2690, #2691, #2692 ) );
#1376 = AXIS2_PLACEMENT_3D( '', #2693, #2694, #2695 );
#1377 = SURFACE_SIDE_STYLE( '', ( #2696 ) );
#1378 = EDGE_LOOP( '', ( #2697, #2698, #2699, #2700 ) );
#1379 = AXIS2_PLACEMENT_3D( '', #2701, #2702, #2703 );
#1380 = SURFACE_SIDE_STYLE( '', ( #2704 ) );
#1381 = EDGE_LOOP( '', ( #2705, #2706, #2707, #2708 ) );
#1382 = AXIS2_PLACEMENT_3D( '', #2709, #2710, #2711 );
#1383 = SURFACE_SIDE_STYLE( '', ( #2712 ) );
#1384 = EDGE_LOOP( '', ( #2713, #2714, #2715, #2716 ) );
#1385 = AXIS2_PLACEMENT_3D( '', #2717, #2718, #2719 );
#1386 = SURFACE_SIDE_STYLE( '', ( #2720 ) );
#1387 = EDGE_LOOP( '', ( #2721, #2722, #2723, #2724 ) );
#1388 = AXIS2_PLACEMENT_3D( '', #2725, #2726, #2727 );
#1389 = SURFACE_SIDE_STYLE( '', ( #2728 ) );
#1390 = EDGE_LOOP( '', ( #2729, #2730, #2731, #2732, #2733, #2734, #2735, #2736 ) );
#1391 = AXIS2_PLACEMENT_3D( '', #2737, #2738, #2739 );
#1392 = SURFACE_SIDE_STYLE( '', ( #2740 ) );
#1393 = EDGE_LOOP( '', ( #2741, #2742, #2743, #2744 ) );
#1394 = AXIS2_PLACEMENT_3D( '', #2745, #2746, #2747 );
#1395 = SURFACE_SIDE_STYLE( '', ( #2748 ) );
#1396 = EDGE_LOOP( '', ( #2749, #2750, #2751, #2752 ) );
#1397 = AXIS2_PLACEMENT_3D( '', #2753, #2754, #2755 );
#1398 = SURFACE_SIDE_STYLE( '', ( #2756 ) );
#1399 = EDGE_LOOP( '', ( #2757, #2758, #2759, #2760 ) );
#1400 = AXIS2_PLACEMENT_3D( '', #2761, #2762, #2763 );
#1401 = SURFACE_SIDE_STYLE( '', ( #2764 ) );
#1402 = EDGE_LOOP( '', ( #2765, #2766, #2767, #2768 ) );
#1403 = AXIS2_PLACEMENT_3D( '', #2769, #2770, #2771 );
#1404 = SURFACE_SIDE_STYLE( '', ( #2772 ) );
#1405 = EDGE_LOOP( '', ( #2773, #2774, #2775, #2776 ) );
#1406 = AXIS2_PLACEMENT_3D( '', #2777, #2778, #2779 );
#1407 = SURFACE_SIDE_STYLE( '', ( #2780 ) );
#1408 = EDGE_LOOP( '', ( #2781, #2782, #2783, #2784 ) );
#1409 = AXIS2_PLACEMENT_3D( '', #2785, #2786, #2787 );
#1410 = SURFACE_SIDE_STYLE( '', ( #2788 ) );
#1411 = EDGE_LOOP( '', ( #2789, #2790, #2791, #2792, #2793, #2794, #2795, #2796, #2797, #2798 ) );
#1412 = AXIS2_PLACEMENT_3D( '', #2799, #2800, #2801 );
#1413 = SURFACE_SIDE_STYLE( '', ( #2802 ) );
#1414 = EDGE_LOOP( '', ( #2803, #2804, #2805, #2806 ) );
#1415 = AXIS2_PLACEMENT_3D( '', #2807, #2808, #2809 );
#1416 = SURFACE_SIDE_STYLE( '', ( #2810 ) );
#1417 = EDGE_LOOP( '', ( #2811, #2812, #2813, #2814 ) );
#1418 = AXIS2_PLACEMENT_3D( '', #2815, #2816, #2817 );
#1419 = SURFACE_SIDE_STYLE( '', ( #2818 ) );
#1420 = EDGE_LOOP( '', ( #2819, #2820, #2821, #2822 ) );
#1421 = AXIS2_PLACEMENT_3D( '', #2823, #2824, #2825 );
#1422 = SURFACE_SIDE_STYLE( '', ( #2826 ) );
#1423 = EDGE_LOOP( '', ( #2827, #2828, #2829, #2830 ) );
#1424 = AXIS2_PLACEMENT_3D( '', #2831, #2832, #2833 );
#1425 = SURFACE_SIDE_STYLE( '', ( #2834 ) );
#1426 = EDGE_LOOP( '', ( #2835, #2836, #2837, #2838 ) );
#1427 = AXIS2_PLACEMENT_3D( '', #2839, #2840, #2841 );
#1428 = SURFACE_SIDE_STYLE( '', ( #2842 ) );
#1429 = EDGE_LOOP( '', ( #2843, #2844, #2845, #2846 ) );
#1430 = AXIS2_PLACEMENT_3D( '', #2847, #2848, #2849 );
#1431 = SURFACE_SIDE_STYLE( '', ( #2850 ) );
#1432 = EDGE_LOOP( '', ( #2851, #2852, #2853, #2854 ) );
#1433 = AXIS2_PLACEMENT_3D( '', #2855, #2856, #2857 );
#1434 = SURFACE_SIDE_STYLE( '', ( #2858 ) );
#1435 = EDGE_LOOP( '', ( #2859, #2860, #2861, #2862 ) );
#1436 = AXIS2_PLACEMENT_3D( '', #2863, #2864, #2865 );
#1437 = SURFACE_SIDE_STYLE( '', ( #2866 ) );
#1438 = EDGE_LOOP( '', ( #2867, #2868, #2869, #2870, #2871, #2872, #2873, #2874, #2875, #2876, #2877, #2878 ) );
#1439 = AXIS2_PLACEMENT_3D( '', #2879, #2880, #2881 );
#1441 =  ( LENGTH_UNIT(  )NAMED_UNIT( #990 )SI_UNIT( .MILLI., .METRE. ) );
#1442 = SURFACE_STYLE_FILL_AREA( #2883 );
#1443 = ORIENTED_EDGE( '', *, *, #2884, .F. );
#1444 = ORIENTED_EDGE( '', *, *, #2885, .F. );
#1445 = ORIENTED_EDGE( '', *, *, #2886, .F. );
#1446 = ORIENTED_EDGE( '', *, *, #2887, .T. );
#1447 = CARTESIAN_POINT( '', ( 0.0625000000000000, 0.298750000000000, -0.0625000000000000 ) );
#1448 = DIRECTION( '', ( 0.000000000000000, -0.707106781186550, 0.707106781186546 ) );
#1449 = DIRECTION( '', ( 0.000000000000000, -0.707106781186545, -0.707106781186549 ) );
#1450 = SURFACE_STYLE_FILL_AREA( #2888 );
#1451 = ORIENTED_EDGE( '', *, *, #2889, .F. );
#1452 = ORIENTED_EDGE( '', *, *, #2890, .T. );
#1453 = ORIENTED_EDGE( '', *, *, #2891, .T. );
#1454 = ORIENTED_EDGE( '', *, *, #2892, .T. );
#1455 = CARTESIAN_POINT( '', ( -0.0175000000000000, -0.0200000000000000, 0.145000000000000 ) );
#1456 = DIRECTION( '', ( -1.00000000000000, 0.000000000000000, 0.000000000000000 ) );
#1457 = DIRECTION( '', ( 0.000000000000000, 0.000000000000000, 1.00000000000000 ) );
#1458 = SURFACE_STYLE_FILL_AREA( #2893 );
#1459 = ORIENTED_EDGE( '', *, *, #2894, .T. );
#1460 = ORIENTED_EDGE( '', *, *, #2895, .T. );
#1461 = ORIENTED_EDGE( '', *, *, #2896, .T. );
#1462 = ORIENTED_EDGE( '', *, *, #2897, .F. );
#1463 = CARTESIAN_POINT( '', ( -0.0733333192033665, 0.200000000000000, 0.0500000000000000 ) );
#1464 = DIRECTION( '', ( 0.000000000000000, 1.00000000000000, 0.000000000000000 ) );
#1465 = DIRECTION( '', ( 0.000000000000000, -0.000000000000000, 1.00000000000000 ) );
#1466 = SURFACE_STYLE_FILL_AREA( #2898 );
#1467 = ORIENTED_EDGE( '', *, *, #2899, .F. );
#1468 = ORIENTED_EDGE( '', *, *, #2900, .F. );
#1469 = ORIENTED_EDGE( '', *, *, #2901, .F. );
#1470 = ORIENTED_EDGE( '', *, *, #2902, .T. );
#1471 = CARTESIAN_POINT( '', ( 0.0625000000000000, 0.298750000000000, 0.0375000000000000 ) );
#1472 = DIRECTION( '', ( 0.000000000000000, -0.707106781186549, 0.707106781186546 ) );
#1473 = DIRECTION( '', ( 0.000000000000000, -0.707106781186546, -0.707106781186549 ) );
#1474 = SURFACE_STYLE_FILL_AREA( #2903 );
#1475 = ORIENTED_EDGE( '', *, *, #2904, .F. );
#1476 = ORIENTED_EDGE( '', *, *, #2905, .T. );
#1477 = ORIENTED_EDGE( '', *, *, #2891, .F. );
#1478 = ORIENTED_EDGE( '', *, *, #2906, .F. );
#1479 = CARTESIAN_POINT( '', ( 0.130000000000000, 0.000000000000000, 0.115000000000000 ) );
#1480 = DIRECTION( '', ( 0.000000000000000, 0.000000000000000, 1.00000000000000 ) );
#1481 = DIRECTION( '', ( 1.00000000000000, 0.000000000000000, -0.000000000000000 ) );
#1482 = SURFACE_STYLE_FILL_AREA( #2907 );
#1483 = ORIENTED_EDGE( '', *, *, #2908, .T. );
#1484 = ORIENTED_EDGE( '', *, *, #2909, .T. );
#1485 = ORIENTED_EDGE( '', *, *, #2910, .T. );
#1486 = ORIENTED_EDGE( '', *, *, #2911, .T. );
#1487 = ORIENTED_EDGE( '', *, *, #2912, .T. );
#1488 = ORIENTED_EDGE( '', *, *, #2913, .T. );
#1489 = CARTESIAN_POINT( '', ( 0.0500000000000000, 0.000000000000000, 0.000000000000000 ) );
#1490 = DIRECTION( '', ( 1.00000000000000, 0.000000000000000, 0.000000000000000 ) );
#1491 = DIRECTION( '', ( 0.000000000000000, 0.000000000000000, -1.00000000000000 ) );
#1492 = SURFACE_STYLE_FILL_AREA( #2914 );
#1493 = ORIENTED_EDGE( '', *, *, #2915, .T. );
#1494 = ORIENTED_EDGE( '', *, *, #2916, .F. );
#1495 = ORIENTED_EDGE( '', *, *, #2917, .T. );
#1496 = ORIENTED_EDGE( '', *, *, #2918, .T. );
#1497 = CARTESIAN_POINT( '', ( 0.0770000000000000, 0.305000000000000, 0.0500000000000000 ) );
#1498 = DIRECTION( '', ( -0.848048096156426, 0.529919264233205, 0.000000000000000 ) );
#1499 = DIRECTION( '', ( -0.529919264233205, -0.848048096156426, 0.000000000000000 ) );
#1500 = SURFACE_STYLE_FILL_AREA( #2919 );
#1501 = ORIENTED_EDGE( '', *, *, #2920, .F. );
#1502 = ORIENTED_EDGE( '', *, *, #2921, .F. );
#1503 = ORIENTED_EDGE( '', *, *, #2922, .F. );
#1504 = ORIENTED_EDGE( '', *, *, #2923, .F. );
#1505 = ORIENTED_EDGE( '', *, *, #2924, .F. );
#1506 = ORIENTED_EDGE( '', *, *, #2925, .F. );
#1507 = ORIENTED_EDGE( '', *, *, #2926, .T. );
#1508 = ORIENTED_EDGE( '', *, *, #2927, .F. );
#1509 = ORIENTED_EDGE( '', *, *, #2928, .F. );
#1510 = ORIENTED_EDGE( '', *, *, #2929, .F. );
#1511 = ORIENTED_EDGE( '', *, *, #2930, .F. );
#1512 = ORIENTED_EDGE( '', *, *, #2931, .F. );
#1513 = ORIENTED_EDGE( '', *, *, #2932, .F. );
#1514 = ORIENTED_EDGE( '', *, *, #2933, .F. );
#1515 = ORIENTED_EDGE( '', *, *, #2934, .F. );
#1516 = ORIENTED_EDGE( '', *, *, #2935, .F. );
#1517 = ORIENTED_EDGE( '', *, *, #2918, .F. );
#1518 = ORIENTED_EDGE( '', *, *, #2936, .F. );
#1519 = ORIENTED_EDGE( '', *, *, #2937, .F. );
#1520 = ORIENTED_EDGE( '', *, *, #2938, .F. );
#1521 = ORIENTED_EDGE( '', *, *, #2939, .F. );
#1522 = ORIENTED_EDGE( '', *, *, #2940, .F. );
#1523 = ORIENTED_EDGE( '', *, *, #2941, .F. );
#1524 = ORIENTED_EDGE( '', *, *, #2942, .F. );
#1525 = ORIENTED_EDGE( '', *, *, #2943, .F. );
#1526 = ORIENTED_EDGE( '', *, *, #2944, .F. );
#1527 = ORIENTED_EDGE( '', *, *, #2945, .T. );
#1528 = ORIENTED_EDGE( '', *, *, #2946, .T. );
#1529 = ORIENTED_EDGE( '', *, *, #2947, .T. );
#1530 = ORIENTED_EDGE( '', *, *, #2948, .T. );
#1531 = ORIENTED_EDGE( '', *, *, #2949, .T. );
#1532 = ORIENTED_EDGE( '', *, *, #2950, .T. );
#1533 = ORIENTED_EDGE( '', *, *, #2951, .T. );
#1534 = ORIENTED_EDGE( '', *, *, #2952, .T. );
#1535 = ORIENTED_EDGE( '', *, *, #2953, .T. );
#1536 = ORIENTED_EDGE( '', *, *, #2954, .T. );
#1537 = ORIENTED_EDGE( '', *, *, #2955, .F. );
#1538 = ORIENTED_EDGE( '', *, *, #2956, .T. );
#1539 = ORIENTED_EDGE( '', *, *, #2957, .T. );
#1540 = ORIENTED_EDGE( '', *, *, #2958, .T. );
#1541 = ORIENTED_EDGE( '', *, *, #2959, .F. );
#1542 = ORIENTED_EDGE( '', *, *, #2913, .F. );
#1543 = ORIENTED_EDGE( '', *, *, #2960, .T. );
#1544 = ORIENTED_EDGE( '', *, *, #2961, .T. );
#1545 = ORIENTED_EDGE( '', *, *, #2962, .F. );
#1546 = ORIENTED_EDGE( '', *, *, #2963, .F. );
#1547 = ORIENTED_EDGE( '', *, *, #2964, .F. );
#1548 = ORIENTED_EDGE( '', *, *, #2965, .F. );
#1549 = CARTESIAN_POINT( '', ( 0.130000000000000, 0.320000000000000, -0.145000000000000 ) );
#1550 = DIRECTION( '', ( 0.000000000000000, -1.00000000000000, 0.000000000000000 ) );
#1551 = DIRECTION( '', ( 0.000000000000000, 0.000000000000000, -1.00000000000000 ) );
#1552 = SURFACE_STYLE_FILL_AREA( #2966 );
#1553 = ORIENTED_EDGE( '', *, *, #2967, .T. );
#1554 = ORIENTED_EDGE( '', *, *, #2968, .T. );
#1555 = ORIENTED_EDGE( '', *, *, #2961, .F. );
#1556 = ORIENTED_EDGE( '', *, *, #2969, .T. );
#1557 = ORIENTED_EDGE( '', *, *, #2970, .T. );
#1558 = ORIENTED_EDGE( '', *, *, #2971, .T. );
#1559 = CARTESIAN_POINT( '', ( 0.107500000000000, -0.0200000000000000, 0.145000000000000 ) );
#1560 = DIRECTION( '', ( -1.00000000000000, 0.000000000000000, 0.000000000000000 ) );
#1561 = DIRECTION( '', ( 0.000000000000000, 0.000000000000000, 1.00000000000000 ) );
#1562 = SURFACE_STYLE_FILL_AREA( #2972 );
#1563 = ORIENTED_EDGE( '', *, *, #2973, .T. );
#1564 = ORIENTED_EDGE( '', *, *, #2974, .F. );
#1565 = ORIENTED_EDGE( '', *, *, #2975, .T. );
#1566 = ORIENTED_EDGE( '', *, *, #2976, .T. );
#1567 = CARTESIAN_POINT( '', ( 0.0136269597213601, 0.320000000000000, 0.0500000000000000 ) );
#1568 = DIRECTION( '', ( 0.848048096156426, 0.529919264233205, -0.000000000000000 ) );
#1569 = DIRECTION( '', ( -0.529919264233205, 0.848048096156426, 0.000000000000000 ) );
#1570 = SURFACE_STYLE_FILL_AREA( #2977 );
#1571 = ORIENTED_EDGE( '', *, *, #2978, .T. );
#1572 = ORIENTED_EDGE( '', *, *, #2979, .T. );
#1573 = ORIENTED_EDGE( '', *, *, #2980, .T. );
#1574 = ORIENTED_EDGE( '', *, *, #2926, .F. );
#1575 = CARTESIAN_POINT( '', ( -0.0863730402786400, 0.320000000000000, 0.0500000000000000 ) );
#1576 = DIRECTION( '', ( 0.848048096156423, 0.529919264233209, -0.000000000000000 ) );
#1577 = DIRECTION( '', ( -0.529919264233209, 0.848048096156423, 0.000000000000000 ) );
#1578 = SURFACE_STYLE_FILL_AREA( #2981 );
#1579 = ORIENTED_EDGE( '', *, *, #2982, .F. );
#1580 = ORIENTED_EDGE( '', *, *, #2983, .F. );
#1581 = ORIENTED_EDGE( '', *, *, #2984, .F. );
#1582 = ORIENTED_EDGE( '', *, *, #2985, .F. );
#1583 = ORIENTED_EDGE( '', *, *, #2986, .T. );
#1584 = ORIENTED_EDGE( '', *, *, #2970, .F. );
#1585 = ORIENTED_EDGE( '', *, *, #2987, .T. );
#1586 = ORIENTED_EDGE( '', *, *, #2988, .T. );
#1587 = ORIENTED_EDGE( '', *, *, #2906, .T. );
#1588 = ORIENTED_EDGE( '', *, *, #2890, .F. );
#1589 = ORIENTED_EDGE( '', *, *, #2989, .T. );
#1590 = ORIENTED_EDGE( '', *, *, #2990, .T. );
#1591 = ORIENTED_EDGE( '', *, *, #2991, .T. );
#1592 = ORIENTED_EDGE( '', *, *, #2992, .T. );
#1593 = ORIENTED_EDGE( '', *, *, #2993, .F. );
#1594 = ORIENTED_EDGE( '', *, *, #2994, .T. );
#1595 = ORIENTED_EDGE( '', *, *, #2995, .T. );
#1596 = ORIENTED_EDGE( '', *, *, #2996, .T. );
#1597 = ORIENTED_EDGE( '', *, *, #2997, .F. );
#1598 = ORIENTED_EDGE( '', *, *, #2998, .F. );
#1599 = ORIENTED_EDGE( '', *, *, #2999, .F. );
#1600 = ORIENTED_EDGE( '', *, *, #3000, .T. );
#1601 = ORIENTED_EDGE( '', *, *, #3001, .F. );
#1602 = ORIENTED_EDGE( '', *, *, #3002, .T. );
#1603 = ORIENTED_EDGE( '', *, *, #3003, .T. );
#1604 = ORIENTED_EDGE( '', *, *, #3004, .F. );
#1605 = ORIENTED_EDGE( '', *, *, #3005, .F. );
#1606 = ORIENTED_EDGE( '', *, *, #3006, .F. );
#1607 = ORIENTED_EDGE( '', *, *, #3007, .F. );
#1608 = ORIENTED_EDGE( '', *, *, #3008, .F. );
#1609 = ORIENTED_EDGE( '', *, *, #3009, .F. );
#1610 = ORIENTED_EDGE( '', *, *, #3010, .F. );
#1611 = CARTESIAN_POINT( '', ( 0.130000000000000, 0.0200000000000000, 0.115000000000000 ) );
#1612 = DIRECTION( '', ( -0.000000000000000, 1.00000000000000, 0.000000000000000 ) );
#1613 = DIRECTION( '', ( 0.000000000000000, -0.000000000000000, 1.00000000000000 ) );
#1614 = SURFACE_STYLE_FILL_AREA( #3011 );
#1615 = ORIENTED_EDGE( '', *, *, #3012, .T. );
#1616 = ORIENTED_EDGE( '', *, *, #3013, .F. );
#1617 = ORIENTED_EDGE( '', *, *, #3014, .F. );
#1618 = ORIENTED_EDGE( '', *, *, #3015, .T. );
#1619 = CARTESIAN_POINT( '', ( 0.0625000000000000, -0.0662500000000000, -0.230000000000000 ) );
#1620 = DIRECTION( '', ( 0.000000000000000, 0.000000000000000, 1.00000000000000 ) );
#1621 = DIRECTION( '', ( 1.00000000000000, 0.000000000000000, -0.000000000000000 ) );
#1622 = SURFACE_STYLE_FILL_AREA( #3016 );
#1623 = ORIENTED_EDGE( '', *, *, #2924, .T. );
#1624 = ORIENTED_EDGE( '', *, *, #3017, .F. );
#1625 = ORIENTED_EDGE( '', *, *, #3018, .F. );
#1626 = ORIENTED_EDGE( '', *, *, #3019, .T. );
#1627 = CARTESIAN_POINT( '', ( -0.0949500000000000, 0.0900000000000000, 0.00510000000000001 ) );
#1628 = DIRECTION( '', ( -1.00000000000000, 0.000000000000000, 0.000000000000000 ) );
#1629 = DIRECTION( '', ( 0.000000000000000, 0.000000000000000, 1.00000000000000 ) );
#1630 = SURFACE_STYLE_FILL_AREA( #3020 );
#1631 = ORIENTED_EDGE( '', *, *, #3021, .F. );
#1632 = ORIENTED_EDGE( '', *, *, #3022, .F. );
#1633 = ORIENTED_EDGE( '', *, *, #3023, .F. );
#1634 = ORIENTED_EDGE( '', *, *, #3024, .T. );
#1635 = CARTESIAN_POINT( '', ( 0.0625000000000000, 0.305000000000000, -0.0437500000000000 ) );
#1636 = DIRECTION( '', ( 0.000000000000000, -0.707106781186549, -0.707106781186546 ) );
#1637 = DIRECTION( '', ( 0.000000000000000, 0.707106781186546, -0.707106781186549 ) );
#1638 = SURFACE_STYLE_FILL_AREA( #3025 );
#1639 = ORIENTED_EDGE( '', *, *, #3026, .T. );
#1640 = ORIENTED_EDGE( '', *, *, #2897, .T. );
#1641 = ORIENTED_EDGE( '', *, *, #3027, .T. );
#1642 = ORIENTED_EDGE( '', *, *, #2979, .F. );
#1643 = CARTESIAN_POINT( '', ( -0.0770000000000000, 0.305000000000000, 0.0500000000000000 ) );
#1644 = DIRECTION( '', ( 0.999390827019096, 0.0348994967025012, -0.000000000000000 ) );
#1645 = DIRECTION( '', ( -0.0348994967025012, 0.999390827019096, 0.000000000000000 ) );
#1646 = SURFACE_STYLE_FILL_AREA( #3028 );
#1647 = ORIENTED_EDGE( '', *, *, #3029, .F. );
#1648 = ORIENTED_EDGE( '', *, *, #3030, .F. );
#1649 = ORIENTED_EDGE( '', *, *, #2892, .F. );
#1650 = ORIENTED_EDGE( '', *, *, #2905, .F. );
#1651 = CARTESIAN_POINT( '', ( 0.130000000000000, 0.000000000000000, 0.145000000000000 ) );
#1652 = DIRECTION( '', ( -0.000000000000000, 1.00000000000000, 0.000000000000000 ) );
#1653 = DIRECTION( '', ( 0.000000000000000, -0.000000000000000, 1.00000000000000 ) );
#1654 = SURFACE_STYLE_FILL_AREA( #3031 );
#1655 = ORIENTED_EDGE( '', *, *, #3032, .F. );
#1656 = ORIENTED_EDGE( '', *, *, #3033, .T. );
#1657 = ORIENTED_EDGE( '', *, *, #3034, .T. );
#1658 = ORIENTED_EDGE( '', *, *, #2991, .F. );
#1659 = CARTESIAN_POINT( '', ( 0.130000000000000, 0.000000000000000, 0.115000000000000 ) );
#1660 = DIRECTION( '', ( 0.000000000000000, 0.000000000000000, 1.00000000000000 ) );
#1661 = DIRECTION( '', ( 1.00000000000000, 0.000000000000000, -0.000000000000000 ) );
#1662 = SURFACE_STYLE_FILL_AREA( #3035 );
#1663 = ORIENTED_EDGE( '', *, *, #3036, .F. );
#1664 = ORIENTED_EDGE( '', *, *, #3037, .T. );
#1665 = ORIENTED_EDGE( '', *, *, #3038, .T. );
#1666 = ORIENTED_EDGE( '', *, *, #3039, .F. );
#1667 = ORIENTED_EDGE( '', *, *, #3040, .F. );
#1668 = ORIENTED_EDGE( '', *, *, #3041, .F. );
#1669 = ORIENTED_EDGE( '', *, *, #3042, .F. );
#1670 = ORIENTED_EDGE( '', *, *, #3043, .F. );
#1671 = ORIENTED_EDGE( '', *, *, #3044, .F. );
#1672 = ORIENTED_EDGE( '', *, *, #3045, .T. );
#1673 = ORIENTED_EDGE( '', *, *, #3046, .F. );
#1674 = ORIENTED_EDGE( '', *, *, #3047, .F. );
#1675 = CARTESIAN_POINT( '', ( 0.0625000000000000, 0.298750000000000, 0.0625000000000000 ) );
#1676 = DIRECTION( '', ( 0.000000000000000, 0.000000000000000, -1.00000000000000 ) );
#1677 = DIRECTION( '', ( -1.00000000000000, 0.000000000000000, 0.000000000000000 ) );
#1678 = SURFACE_STYLE_FILL_AREA( #3048 );
#1679 = ORIENTED_EDGE( '', *, *, #3049, .F. );
#1680 = ORIENTED_EDGE( '', *, *, #3050, .T. );
#1681 = ORIENTED_EDGE( '', *, *, #3051, .T. );
#1682 = ORIENTED_EDGE( '', *, *, #3052, .F. );
#1683 = CARTESIAN_POINT( '', ( 0.0625000000000000, 0.0650000000000000, 0.0375000000000000 ) );
#1684 = DIRECTION( '', ( 0.000000000000000, 0.000000000000000, 1.00000000000000 ) );
#1685 = DIRECTION( '', ( 1.00000000000000, 0.000000000000000, -0.000000000000000 ) );
#1686 = SURFACE_STYLE_FILL_AREA( #3053 );
#1687 = ORIENTED_EDGE( '', *, *, #3054, .F. );
#1688 = ORIENTED_EDGE( '', *, *, #3055, .T. );
#1689 = ORIENTED_EDGE( '', *, *, #3056, .T. );
#1690 = ORIENTED_EDGE( '', *, *, #3057, .F. );
#1691 = CARTESIAN_POINT( '', ( 0.00504999999999999, 0.0900000000000000, -0.114900000000000 ) );
#1692 = DIRECTION( '', ( -1.00000000000000, 0.000000000000000, 0.000000000000000 ) );
#1693 = DIRECTION( '', ( 0.000000000000000, 0.000000000000000, 1.00000000000000 ) );
#1694 = SURFACE_STYLE_FILL_AREA( #3058 );
#1695 = ORIENTED_EDGE( '', *, *, #3059, .F. );
#1696 = ORIENTED_EDGE( '', *, *, #2902, .F. );
#1697 = ORIENTED_EDGE( '', *, *, #3060, .F. );
#1698 = ORIENTED_EDGE( '', *, *, #3061, .T. );
#1699 = CARTESIAN_POINT( '', ( 0.0625000000000000, 0.0650000000000000, 0.0375000000000000 ) );
#1700 = DIRECTION( '', ( 0.000000000000000, 0.000000000000000, 1.00000000000000 ) );
#1701 = DIRECTION( '', ( 1.00000000000000, 0.000000000000000, -0.000000000000000 ) );
#1702 = SURFACE_STYLE_FILL_AREA( #3062 );
#1703 = ORIENTED_EDGE( '', *, *, #3063, .F. );
#1704 = ORIENTED_EDGE( '', *, *, #3064, .T. );
#1705 = ORIENTED_EDGE( '', *, *, #3065, .T. );
#1706 = ORIENTED_EDGE( '', *, *, #3066, .F. );
#1707 = CARTESIAN_POINT( '', ( 0.130000000000000, 0.000000000000000, -0.115000000000000 ) );
#1708 = DIRECTION( '', ( -0.000000000000000, 1.00000000000000, 0.000000000000000 ) );
#1709 = DIRECTION( '', ( 0.000000000000000, -0.000000000000000, 1.00000000000000 ) );
#1710 = SURFACE_STYLE_FILL_AREA( #3067 );
#1711 = ORIENTED_EDGE( '', *, *, #3046, .T. );
#1712 = ORIENTED_EDGE( '', *, *, #3068, .T. );
#1713 = ORIENTED_EDGE( '', *, *, #3069, .T. );
#1714 = ORIENTED_EDGE( '', *, *, #2899, .T. );
#1715 = ORIENTED_EDGE( '', *, *, #3059, .T. );
#1716 = ORIENTED_EDGE( '', *, *, #3070, .T. );
#1717 = ORIENTED_EDGE( '', *, *, #3071, .T. );
#1718 = ORIENTED_EDGE( '', *, *, #3021, .T. );
#1719 = ORIENTED_EDGE( '', *, *, #3072, .T. );
#1720 = ORIENTED_EDGE( '', *, *, #2884, .T. );
#1721 = ORIENTED_EDGE( '', *, *, #3073, .T. );
#1722 = ORIENTED_EDGE( '', *, *, #3074, .F. );
#1723 = CARTESIAN_POINT( '', ( 0.0375000000000000, 0.0600000000000000, 0.145000000000000 ) );
#1724 = DIRECTION( '', ( -1.00000000000000, 0.000000000000000, 0.000000000000000 ) );
#1725 = DIRECTION( '', ( 0.000000000000000, 0.000000000000000, 1.00000000000000 ) );
#1726 = SURFACE_STYLE_FILL_AREA( #3075 );
#1727 = ORIENTED_EDGE( '', *, *, #3076, .F. );
#1728 = ORIENTED_EDGE( '', *, *, #3077, .T. );
#1729 = ORIENTED_EDGE( '', *, *, #3078, .T. );
#1730 = ORIENTED_EDGE( '', *, *, #3079, .F. );
#1731 = CARTESIAN_POINT( '', ( 0.0625000000000000, -0.0725000000000000, -0.0875000000000000 ) );
#1732 = DIRECTION( '', ( -0.000000000000000, 1.00000000000000, 1.25314128149737E-16 ) );
#1733 = DIRECTION( '', ( 0.000000000000000, -1.25314128149737E-16, 1.00000000000000 ) );
#1734 = SURFACE_STYLE_FILL_AREA( #3080 );
#1735 = ORIENTED_EDGE( '', *, *, #3081, .T. );
#1736 = ORIENTED_EDGE( '', *, *, #3082, .T. );
#1737 = ORIENTED_EDGE( '', *, *, #3083, .F. );
#1738 = ORIENTED_EDGE( '', *, *, #3084, .T. );
#1739 = CARTESIAN_POINT( '', ( 0.0625000000000000, -0.0225000000000000, -0.0875000000000000 ) );
#1740 = DIRECTION( '', ( 1.00000000000000, -0.000000000000000, -0.000000000000000 ) );
#1741 = DIRECTION( '', ( 0.000000000000000, 0.000000000000000, 1.00000000000000 ) );
#1742 = SURFACE_STYLE_FILL_AREA( #3085 );
#1743 = ORIENTED_EDGE( '', *, *, #3086, .T. );
#1744 = ORIENTED_EDGE( '', *, *, #3087, .T. );
#1745 = ORIENTED_EDGE( '', *, *, #3054, .T. );
#1746 = ORIENTED_EDGE( '', *, *, #3088, .T. );
#1747 = ORIENTED_EDGE( '', *, *, #3089, .T. );
#1748 = ORIENTED_EDGE( '', *, *, #3090, .T. );
#1749 = ORIENTED_EDGE( '', *, *, #3091, .T. );
#1750 = ORIENTED_EDGE( '', *, *, #3092, .T. );
#1751 = ORIENTED_EDGE( '', *, *, #3093, .T. );
#1752 = ORIENTED_EDGE( '', *, *, #3094, .T. );
#1753 = ORIENTED_EDGE( '', *, *, #3095, .T. );
#1754 = ORIENTED_EDGE( '', *, *, #3096, .T. );
#1755 = CARTESIAN_POINT( '', ( 0.000000000000000, 0.0900000000000000, -0.120000000000000 ) );
#1756 = DIRECTION( '', ( 0.000000000000000, 1.00000000000000, -0.000000000000000 ) );
#1757 = DIRECTION( '', ( 0.000000000000000, 0.000000000000000, 1.00000000000000 ) );
#1758 = SURFACE_STYLE_FILL_AREA( #3097 );
#1759 = ORIENTED_EDGE( '', *, *, #2980, .F. );
#1760 = ORIENTED_EDGE( '', *, *, #3027, .F. );
#1761 = ORIENTED_EDGE( '', *, *, #2896, .F. );
#1762 = ORIENTED_EDGE( '', *, *, #3098, .F. );
#1763 = ORIENTED_EDGE( '', *, *, #3099, .F. );
#1764 = ORIENTED_EDGE( '', *, *, #3100, .T. );
#1765 = ORIENTED_EDGE( '', *, *, #3101, .F. );
#1766 = ORIENTED_EDGE( '', *, *, #3096, .F. );
#1767 = ORIENTED_EDGE( '', *, *, #3102, .T. );
#1768 = ORIENTED_EDGE( '', *, *, #2927, .T. );
#1769 = CARTESIAN_POINT( '', ( -0.0949500000000000, 0.0900000000000000, -0.00500000000000000 ) );
#1770 = DIRECTION( '', ( 0.000000000000000, 0.000000000000000, 1.00000000000000 ) );
#1771 = DIRECTION( '', ( 1.00000000000000, 0.000000000000000, -0.000000000000000 ) );
#1772 = SURFACE_STYLE_FILL_AREA( #3103 );
#1773 = ORIENTED_EDGE( '', *, *, #2929, .T. );
#1774 = ORIENTED_EDGE( '', *, *, #3104, .F. );
#1775 = ORIENTED_EDGE( '', *, *, #3094, .F. );
#1776 = ORIENTED_EDGE( '', *, *, #3105, .T. );
#1777 = CARTESIAN_POINT( '', ( -0.00505000000000001, 0.0900000000000000, -0.114900000000000 ) );
#1778 = DIRECTION( '', ( 0.000000000000000, 0.000000000000000, -1.00000000000000 ) );
#1779 = DIRECTION( '', ( -1.00000000000000, 0.000000000000000, 0.000000000000000 ) );
#1780 = SURFACE_STYLE_FILL_AREA( #3106 );
#1781 = ORIENTED_EDGE( '', *, *, #3107, .F. );
#1782 = ORIENTED_EDGE( '', *, *, #3108, .F. );
#1783 = ORIENTED_EDGE( '', *, *, #3073, .F. );
#1784 = ORIENTED_EDGE( '', *, *, #2887, .F. );
#1785 = ORIENTED_EDGE( '', *, *, #3109, .F. );
#1786 = ORIENTED_EDGE( '', *, *, #3083, .T. );
#1787 = ORIENTED_EDGE( '', *, *, #3110, .F. );
#1788 = ORIENTED_EDGE( '', *, *, #3111, .F. );
#1789 = ORIENTED_EDGE( '', *, *, #3112, .F. );
#1790 = ORIENTED_EDGE( '', *, *, #3113, .T. );
#1791 = ORIENTED_EDGE( '', *, *, #3114, .T. );
#1792 = ORIENTED_EDGE( '', *, *, #3115, .F. );
#1793 = CARTESIAN_POINT( '', ( 0.0625000000000000, -0.0225000000000000, -0.0625000000000000 ) );
#1794 = DIRECTION( '', ( 0.000000000000000, 0.000000000000000, 1.00000000000000 ) );
#1795 = DIRECTION( '', ( 1.00000000000000, 0.000000000000000, -0.000000000000000 ) );
#1796 = SURFACE_STYLE_FILL_AREA( #3116 );
#1797 = ORIENTED_EDGE( '', *, *, #2997, .T. );
#1798 = ORIENTED_EDGE( '', *, *, #3117, .F. );
#1799 = ORIENTED_EDGE( '', *, *, #2949, .F. );
#1800 = ORIENTED_EDGE( '', *, *, #3118, .T. );
#1801 = ORIENTED_EDGE( '', *, *, #3001, .T. );
#1802 = ORIENTED_EDGE( '', *, *, #3119, .T. );
#1803 = ORIENTED_EDGE( '', *, *, #3120, .T. );
#1804 = ORIENTED_EDGE( '', *, *, #3121, .F. );
#1805 = CARTESIAN_POINT( '', ( 0.130000000000000, 0.000000000000000, -0.145000000000000 ) );
#1806 = DIRECTION( '', ( 0.000000000000000, 0.000000000000000, 1.00000000000000 ) );
#1807 = DIRECTION( '', ( 1.00000000000000, 0.000000000000000, -0.000000000000000 ) );
#1808 = SURFACE_STYLE_FILL_AREA( #3122 );
#1809 = ORIENTED_EDGE( '', *, *, #3008, .T. );
#1810 = ORIENTED_EDGE( '', *, *, #3123, .F. );
#1811 = ORIENTED_EDGE( '', *, *, #2942, .T. );
#1812 = ORIENTED_EDGE( '', *, *, #3124, .T. );
#1813 = CARTESIAN_POINT( '', ( 0.125000000000000, 0.320000000000000, -0.0750000000000000 ) );
#1814 = DIRECTION( '', ( 1.00000000000000, 0.000000000000000, 0.000000000000000 ) );
#1815 = DIRECTION( '', ( 0.000000000000000, 0.000000000000000, -1.00000000000000 ) );
#1816 = SURFACE_STYLE_FILL_AREA( #3125 );
#1817 = ORIENTED_EDGE( '', *, *, #3069, .F. );
#1818 = ORIENTED_EDGE( '', *, *, #3126, .F. );
#1819 = ORIENTED_EDGE( '', *, *, #3127, .F. );
#1820 = ORIENTED_EDGE( '', *, *, #2900, .T. );
#1821 = CARTESIAN_POINT( '', ( 0.0625000000000000, 0.305000000000000, 0.0437500000000000 ) );
#1822 = DIRECTION( '', ( 0.000000000000000, -1.00000000000000, 0.000000000000000 ) );
#1823 = DIRECTION( '', ( 0.000000000000000, 0.000000000000000, -1.00000000000000 ) );
#1824 = SURFACE_STYLE_FILL_AREA( #3128 );
#1825 = ORIENTED_EDGE( '', *, *, #3129, .F. );
#1826 = ORIENTED_EDGE( '', *, *, #3130, .F. );
#1827 = ORIENTED_EDGE( '', *, *, #3131, .F. );
#1828 = ORIENTED_EDGE( '', *, *, #3132, .F. );
#1829 = ORIENTED_EDGE( '', *, *, #2974, .T. );
#1830 = ORIENTED_EDGE( '', *, *, #3133, .F. );
#1831 = ORIENTED_EDGE( '', *, *, #3056, .F. );
#1832 = ORIENTED_EDGE( '', *, *, #3134, .F. );
#1833 = ORIENTED_EDGE( '', *, *, #3135, .F. );
#1834 = ORIENTED_EDGE( '', *, *, #3100, .F. );
#1835 = ORIENTED_EDGE( '', *, *, #3136, .F. );
#1836 = ORIENTED_EDGE( '', *, *, #3137, .F. );
#1837 = CARTESIAN_POINT( '', ( 0.130000000000000, 0.320000000000000, -0.145000000000000 ) );
#1838 = DIRECTION( '', ( 0.000000000000000, -1.00000000000000, 0.000000000000000 ) );
#1839 = DIRECTION( '', ( 0.000000000000000, 0.000000000000000, -1.00000000000000 ) );
#1840 = SURFACE_STYLE_FILL_AREA( #3138 );
#1841 = ORIENTED_EDGE( '', *, *, #3139, .F. );
#1842 = ORIENTED_EDGE( '', *, *, #3140, .F. );
#1843 = ORIENTED_EDGE( '', *, *, #3130, .T. );
#1844 = ORIENTED_EDGE( '', *, *, #3141, .F. );
#1845 = CARTESIAN_POINT( '', ( 0.0200000000000000, 0.0900000000000000, 0.0600000000000000 ) );
#1846 = DIRECTION( '', ( 0.000000000000000, 0.000000000000000, -1.00000000000000 ) );
#1847 = DIRECTION( '', ( -1.00000000000000, 0.000000000000000, 0.000000000000000 ) );
#1848 = SURFACE_STYLE_FILL_AREA( #3142 );
#1849 = ORIENTED_EDGE( '', *, *, #3143, .F. );
#1850 = ORIENTED_EDGE( '', *, *, #2955, .T. );
#1851 = ORIENTED_EDGE( '', *, *, #3144, .T. );
#1852 = ORIENTED_EDGE( '', *, *, #3145, .F. );
#1853 = CARTESIAN_POINT( '', ( 0.130000000000000, 0.320000000000000, 0.145000000000000 ) );
#1854 = DIRECTION( '', ( 0.000000000000000, 0.000000000000000, -1.00000000000000 ) );
#1855 = DIRECTION( '', ( -1.00000000000000, 0.000000000000000, 0.000000000000000 ) );
#1856 = SURFACE_STYLE_FILL_AREA( #3146 );
#1857 = ORIENTED_EDGE( '', *, *, #3147, .F. );
#1858 = ORIENTED_EDGE( '', *, *, #3148, .F. );
#1859 = ORIENTED_EDGE( '', *, *, #3149, .F. );
#1860 = ORIENTED_EDGE( '', *, *, #3150, .T. );
#1861 = CARTESIAN_POINT( '', ( 0.0625000000000000, -0.122500000000000, 0.0375000000000000 ) );
#1862 = DIRECTION( '', ( 0.000000000000000, 0.000000000000000, 1.00000000000000 ) );
#1863 = DIRECTION( '', ( 1.00000000000000, 0.000000000000000, -0.000000000000000 ) );
#1864 = SURFACE_STYLE_FILL_AREA( #3151 );
#1865 = ORIENTED_EDGE( '', *, *, #3068, .F. );
#1866 = ORIENTED_EDGE( '', *, *, #3045, .F. );
#1867 = ORIENTED_EDGE( '', *, *, #3152, .F. );
#1868 = ORIENTED_EDGE( '', *, *, #3126, .T. );
#1869 = CARTESIAN_POINT( '', ( 0.0625000000000000, 0.305000000000000, 0.0562500000000000 ) );
#1870 = DIRECTION( '', ( 0.000000000000000, -0.707106781186550, -0.707106781186546 ) );
#1871 = DIRECTION( '', ( 0.000000000000000, 0.707106781186545, -0.707106781186549 ) );
#1872 = SURFACE_STYLE_FILL_AREA( #3153 );
#1873 = ORIENTED_EDGE( '', *, *, #3154, .T. );
#1874 = ORIENTED_EDGE( '', *, *, #3155, .F. );
#1875 = ORIENTED_EDGE( '', *, *, #3156, .T. );
#1876 = ORIENTED_EDGE( '', *, *, #3157, .T. );
#1877 = CARTESIAN_POINT( '', ( 0.0266666807966335, 0.200000000000000, 0.0500000000000000 ) );
#1878 = DIRECTION( '', ( 0.000000000000000, 1.00000000000000, 0.000000000000000 ) );
#1879 = DIRECTION( '', ( 0.000000000000000, -0.000000000000000, 1.00000000000000 ) );
#1880 = SURFACE_STYLE_FILL_AREA( #3158 );
#1881 = ORIENTED_EDGE( '', *, *, #3159, .F. );
#1882 = ORIENTED_EDGE( '', *, *, #3081, .F. );
#1883 = ORIENTED_EDGE( '', *, *, #3160, .F. );
#1884 = ORIENTED_EDGE( '', *, *, #3161, .T. );
#1885 = CARTESIAN_POINT( '', ( 0.0625000000000000, -0.0475000000000000, -0.223750000000000 ) );
#1886 = DIRECTION( '', ( 0.000000000000000, -1.00000000000000, -1.25314128149737E-16 ) );
#1887 = DIRECTION( '', ( 0.000000000000000, 1.25314128149737E-16, -1.00000000000000 ) );
#1888 = SURFACE_STYLE_FILL_AREA( #3162 );
#1889 = ORIENTED_EDGE( '', *, *, #3072, .F. );
#1890 = ORIENTED_EDGE( '', *, *, #3024, .F. );
#1891 = ORIENTED_EDGE( '', *, *, #3163, .F. );
#1892 = ORIENTED_EDGE( '', *, *, #2885, .T. );
#1893 = CARTESIAN_POINT( '', ( 0.0625000000000000, 0.305000000000000, -0.0562500000000000 ) );
#1894 = DIRECTION( '', ( 0.000000000000000, -1.00000000000000, 0.000000000000000 ) );
#1895 = DIRECTION( '', ( 0.000000000000000, 0.000000000000000, -1.00000000000000 ) );
#1896 = SURFACE_STYLE_FILL_AREA( #3164 );
#1897 = ORIENTED_EDGE( '', *, *, #3165, .F. );
#1898 = ORIENTED_EDGE( '', *, *, #3166, .T. );
#1899 = ORIENTED_EDGE( '', *, *, #3167, .T. );
#1900 = ORIENTED_EDGE( '', *, *, #3168, .F. );
#1901 = CARTESIAN_POINT( '', ( 0.0625000000000000, -0.122500000000000, 0.0375000000000000 ) );
#1902 = DIRECTION( '', ( 0.000000000000000, 0.000000000000000, 1.00000000000000 ) );
#1903 = DIRECTION( '', ( 1.00000000000000, 0.000000000000000, -0.000000000000000 ) );
#1904 = SURFACE_STYLE_FILL_AREA( #3169 );
#1905 = ORIENTED_EDGE( '', *, *, #3044, .T. );
#1906 = ORIENTED_EDGE( '', *, *, #3170, .T. );
#1907 = ORIENTED_EDGE( '', *, *, #3171, .T. );
#1908 = ORIENTED_EDGE( '', *, *, #3172, .T. );
#1909 = ORIENTED_EDGE( '', *, *, #3173, .T. );
#1910 = ORIENTED_EDGE( '', *, *, #3174, .T. );
#1911 = ORIENTED_EDGE( '', *, *, #3175, .T. );
#1912 = ORIENTED_EDGE( '', *, *, #3176, .F. );
#1913 = ORIENTED_EDGE( '', *, *, #3149, .T. );
#1914 = ORIENTED_EDGE( '', *, *, #3177, .T. );
#1915 = ORIENTED_EDGE( '', *, *, #3178, .T. );
#1916 = ORIENTED_EDGE( '', *, *, #3179, .T. );
#1917 = ORIENTED_EDGE( '', *, *, #3180, .T. );
#1918 = ORIENTED_EDGE( '', *, *, #3181, .T. );
#1919 = ORIENTED_EDGE( '', *, *, #3014, .T. );
#1920 = ORIENTED_EDGE( '', *, *, #3182, .T. );
#1921 = ORIENTED_EDGE( '', *, *, #3160, .T. );
#1922 = ORIENTED_EDGE( '', *, *, #3084, .F. );
#1923 = ORIENTED_EDGE( '', *, *, #3109, .T. );
#1924 = ORIENTED_EDGE( '', *, *, #2886, .T. );
#1925 = ORIENTED_EDGE( '', *, *, #3163, .T. );
#1926 = ORIENTED_EDGE( '', *, *, #3023, .T. );
#1927 = ORIENTED_EDGE( '', *, *, #3183, .T. );
#1928 = ORIENTED_EDGE( '', *, *, #3184, .T. );
#1929 = ORIENTED_EDGE( '', *, *, #3060, .T. );
#1930 = ORIENTED_EDGE( '', *, *, #2901, .T. );
#1931 = ORIENTED_EDGE( '', *, *, #3127, .T. );
#1932 = ORIENTED_EDGE( '', *, *, #3152, .T. );
#1933 = CARTESIAN_POINT( '', ( 0.0625000000000000, -0.122500000000000, 0.0125000000000000 ) );
#1934 = DIRECTION( '', ( 1.00000000000000, 0.000000000000000, 0.000000000000000 ) );
#1935 = DIRECTION( '', ( 0.000000000000000, 0.000000000000000, -1.00000000000000 ) );
#1936 = SURFACE_STYLE_FILL_AREA( #3185 );
#1937 = ORIENTED_EDGE( '', *, *, #3186, .F. );
#1938 = ORIENTED_EDGE( '', *, *, #3187, .T. );
#1939 = ORIENTED_EDGE( '', *, *, #3188, .T. );
#1940 = ORIENTED_EDGE( '', *, *, #3037, .F. );
#1941 = CARTESIAN_POINT( '', ( 0.0625000000000000, 0.305000000000000, 0.0562500000000000 ) );
#1942 = DIRECTION( '', ( 0.000000000000000, -0.707106781186550, -0.707106781186546 ) );
#1943 = DIRECTION( '', ( 0.000000000000000, 0.707106781186545, -0.707106781186549 ) );
#1944 = SURFACE_STYLE_FILL_AREA( #3189 );
#1945 = ORIENTED_EDGE( '', *, *, #3190, .T. );
#1946 = ORIENTED_EDGE( '', *, *, #3191, .T. );
#1947 = ORIENTED_EDGE( '', *, *, #3192, .T. );
#1948 = ORIENTED_EDGE( '', *, *, #3193, .F. );
#1949 = CARTESIAN_POINT( '', ( 0.0625000000000000, -0.0662500000000000, -0.230000000000000 ) );
#1950 = DIRECTION( '', ( 0.000000000000000, 0.000000000000000, 1.00000000000000 ) );
#1951 = DIRECTION( '', ( 1.00000000000000, 0.000000000000000, -0.000000000000000 ) );
#1952 = SURFACE_STYLE_FILL_AREA( #3194 );
#1953 = ORIENTED_EDGE( '', *, *, #2940, .T. );
#1954 = ORIENTED_EDGE( '', *, *, #3195, .T. );
#1955 = ORIENTED_EDGE( '', *, *, #3010, .T. );
#1956 = ORIENTED_EDGE( '', *, *, #3196, .T. );
#1957 = CARTESIAN_POINT( '', ( 0.130000000000000, 0.000000000000000, 0.000000000000000 ) );
#1958 = DIRECTION( '', ( 1.00000000000000, 0.000000000000000, -0.000000000000000 ) );
#1959 = DIRECTION( '', ( -0.000000000000000, 0.000000000000000, -1.00000000000000 ) );
#1960 = SURFACE_STYLE_FILL_AREA( #3197 );
#1961 = ORIENTED_EDGE( '', *, *, #2960, .F. );
#1962 = ORIENTED_EDGE( '', *, *, #2912, .F. );
#1963 = ORIENTED_EDGE( '', *, *, #3198, .T. );
#1964 = ORIENTED_EDGE( '', *, *, #3199, .T. );
#1965 = ORIENTED_EDGE( '', *, *, #2957, .F. );
#1966 = ORIENTED_EDGE( '', *, *, #3200, .T. );
#1967 = ORIENTED_EDGE( '', *, *, #2989, .F. );
#1968 = ORIENTED_EDGE( '', *, *, #2889, .T. );
#1969 = ORIENTED_EDGE( '', *, *, #3030, .T. );
#1970 = ORIENTED_EDGE( '', *, *, #3201, .T. );
#1971 = ORIENTED_EDGE( '', *, *, #2987, .F. );
#1972 = ORIENTED_EDGE( '', *, *, #2969, .F. );
#1973 = CARTESIAN_POINT( '', ( -0.107500000000000, 0.320000000000000, 0.125000000000000 ) );
#1974 = DIRECTION( '', ( 0.000000000000000, 0.000000000000000, -1.00000000000000 ) );
#1975 = DIRECTION( '', ( -1.00000000000000, 0.000000000000000, 0.000000000000000 ) );
#1976 = SURFACE_STYLE_FILL_AREA( #3202 );
#1977 = ORIENTED_EDGE( '', *, *, #3203, .F. );
#1978 = ORIENTED_EDGE( '', *, *, #3204, .F. );
#1979 = ORIENTED_EDGE( '', *, *, #3178, .F. );
#1980 = ORIENTED_EDGE( '', *, *, #3205, .T. );
#1981 = CARTESIAN_POINT( '', ( 0.0625000000000000, 0.0400000000000000, -0.0375000000000000 ) );
#1982 = DIRECTION( '', ( 0.000000000000000, 0.000000000000000, -1.00000000000000 ) );
#1983 = DIRECTION( '', ( -1.00000000000000, 0.000000000000000, 0.000000000000000 ) );
#1984 = SURFACE_STYLE_FILL_AREA( #3206 );
#1985 = ORIENTED_EDGE( '', *, *, #3207, .F. );
#1986 = ORIENTED_EDGE( '', *, *, #2958, .F. );
#1987 = ORIENTED_EDGE( '', *, *, #3199, .F. );
#1988 = ORIENTED_EDGE( '', *, *, #3208, .F. );
#1989 = ORIENTED_EDGE( '', *, *, #3209, .F. );
#1990 = ORIENTED_EDGE( '', *, *, #3210, .F. );
#1991 = CARTESIAN_POINT( '', ( -0.0500000000000000, 0.000000000000000, 0.000000000000000 ) );
#1992 = DIRECTION( '', ( 1.00000000000000, 0.000000000000000, 0.000000000000000 ) );
#1993 = DIRECTION( '', ( 0.000000000000000, 0.000000000000000, -1.00000000000000 ) );
#1994 = SURFACE_STYLE_FILL_AREA( #3211 );
#1995 = ORIENTED_EDGE( '', *, *, #3212, .F. );
#1996 = ORIENTED_EDGE( '', *, *, #3213, .F. );
#1997 = ORIENTED_EDGE( '', *, *, #3214, .F. );
#1998 = ORIENTED_EDGE( '', *, *, #3005, .T. );
#1999 = CARTESIAN_POINT( '', ( 0.130000000000000, 0.0200000000000000, -0.115000000000000 ) );
#2000 = DIRECTION( '', ( 0.000000000000000, 0.000000000000000, -1.00000000000000 ) );
#2001 = DIRECTION( '', ( -1.00000000000000, 0.000000000000000, 0.000000000000000 ) );
#2002 = SURFACE_STYLE_FILL_AREA( #3215 );
#2003 = ORIENTED_EDGE( '', *, *, #2973, .F. );
#2004 = ORIENTED_EDGE( '', *, *, #3216, .F. );
#2005 = ORIENTED_EDGE( '', *, *, #3154, .F. );
#2006 = ORIENTED_EDGE( '', *, *, #3217, .F. );
#2007 = ORIENTED_EDGE( '', *, *, #2915, .F. );
#2008 = ORIENTED_EDGE( '', *, *, #2935, .T. );
#2009 = ORIENTED_EDGE( '', *, *, #3218, .F. );
#2010 = ORIENTED_EDGE( '', *, *, #3088, .F. );
#2011 = ORIENTED_EDGE( '', *, *, #3057, .T. );
#2012 = ORIENTED_EDGE( '', *, *, #3133, .T. );
#2013 = CARTESIAN_POINT( '', ( 0.00504999999999999, 0.0900000000000000, -0.00500000000000000 ) );
#2014 = DIRECTION( '', ( 0.000000000000000, 0.000000000000000, 1.00000000000000 ) );
#2015 = DIRECTION( '', ( 1.00000000000000, 0.000000000000000, -0.000000000000000 ) );
#2016 = SURFACE_STYLE_FILL_AREA( #3219 );
#2017 = ORIENTED_EDGE( '', *, *, #3220, .F. );
#2018 = ORIENTED_EDGE( '', *, *, #2999, .T. );
#2019 = ORIENTED_EDGE( '', *, *, #3221, .F. );
#2020 = ORIENTED_EDGE( '', *, *, #3222, .F. );
#2021 = CARTESIAN_POINT( '', ( 0.130000000000000, 0.0200000000000000, -0.115000000000000 ) );
#2022 = DIRECTION( '', ( 0.000000000000000, 0.000000000000000, -1.00000000000000 ) );
#2023 = DIRECTION( '', ( -1.00000000000000, 0.000000000000000, 0.000000000000000 ) );
#2024 = SURFACE_STYLE_FILL_AREA( #3223 );
#2025 = ORIENTED_EDGE( '', *, *, #3224, .F. );
#2026 = ORIENTED_EDGE( '', *, *, #3225, .T. );
#2027 = ORIENTED_EDGE( '', *, *, #3226, .T. );
#2028 = ORIENTED_EDGE( '', *, *, #3227, .F. );
#2029 = CARTESIAN_POINT( '', ( 0.0625000000000000, -0.172500000000000, 0.0125000000000000 ) );
#2030 = DIRECTION( '', ( -0.000000000000000, 1.00000000000000, 0.000000000000000 ) );
#2031 = DIRECTION( '', ( 0.000000000000000, -0.000000000000000, 1.00000000000000 ) );
#2032 = SURFACE_STYLE_FILL_AREA( #3228 );
#2033 = ORIENTED_EDGE( '', *, *, #3208, .T. );
#2034 = ORIENTED_EDGE( '', *, *, #3198, .F. );
#2035 = ORIENTED_EDGE( '', *, *, #2911, .F. );
#2036 = ORIENTED_EDGE( '', *, *, #3229, .T. );
#2037 = CARTESIAN_POINT( '', ( 0.0500000000000000, 0.233000000000000, 0.135000000000000 ) );
#2038 = DIRECTION( '', ( -0.000000000000000, 1.00000000000000, 0.000000000000000 ) );
#2039 = DIRECTION( '', ( 0.000000000000000, -0.000000000000000, 1.00000000000000 ) );
#2040 = SURFACE_STYLE_FILL_AREA( #3230 );
#2041 = ORIENTED_EDGE( '', *, *, #3231, .F. );
#2042 = ORIENTED_EDGE( '', *, *, #3039, .T. );
#2043 = ORIENTED_EDGE( '', *, *, #3232, .T. );
#2044 = ORIENTED_EDGE( '', *, *, #3225, .F. );
#2045 = CARTESIAN_POINT( '', ( 0.0625000000000000, -0.122500000000000, 0.0125000000000000 ) );
#2046 = DIRECTION( '', ( 1.00000000000000, -0.000000000000000, -0.000000000000000 ) );
#2047 = DIRECTION( '', ( 0.000000000000000, 0.000000000000000, 1.00000000000000 ) );
#2048 = SURFACE_STYLE_FILL_AREA( #3233 );
#2049 = ORIENTED_EDGE( '', *, *, #2931, .T. );
#2050 = ORIENTED_EDGE( '', *, *, #3234, .F. );
#2051 = ORIENTED_EDGE( '', *, *, #3092, .F. );
#2052 = ORIENTED_EDGE( '', *, *, #3235, .F. );
#2053 = CARTESIAN_POINT( '', ( 0.0200000000000000, 0.0900000000000000, -0.0600000000000000 ) );
#2054 = DIRECTION( '', ( 0.000000000000000, 0.000000000000000, -1.00000000000000 ) );
#2055 = DIRECTION( '', ( -1.00000000000000, 0.000000000000000, 0.000000000000000 ) );
#2056 = SURFACE_STYLE_FILL_AREA( #3236 );
#2057 = ORIENTED_EDGE( '', *, *, #3237, .F. );
#2058 = ORIENTED_EDGE( '', *, *, #3079, .T. );
#2059 = ORIENTED_EDGE( '', *, *, #3238, .T. );
#2060 = ORIENTED_EDGE( '', *, *, #3191, .F. );
#2061 = CARTESIAN_POINT( '', ( 0.0625000000000000, -0.0725000000000000, -0.223750000000000 ) );
#2062 = DIRECTION( '', ( -0.000000000000000, 0.707106781186547, 0.707106781186548 ) );
#2063 = DIRECTION( '', ( 0.000000000000000, -0.707106781186548, 0.707106781186547 ) );
#2064 = SURFACE_STYLE_FILL_AREA( #3239 );
#2065 = ORIENTED_EDGE( '', *, *, #3240, .F. );
#2066 = ORIENTED_EDGE( '', *, *, #3241, .T. );
#2067 = ORIENTED_EDGE( '', *, *, #3242, .T. );
#2068 = ORIENTED_EDGE( '', *, *, #3243, .F. );
#2069 = CARTESIAN_POINT( '', ( 0.0625000000000000, -0.147500000000000, -0.223750000000000 ) );
#2070 = DIRECTION( '', ( 0.000000000000000, -1.00000000000000, -7.22711109434991E-17 ) );
#2071 = DIRECTION( '', ( 0.000000000000000, 7.22711109434991E-17, -1.00000000000000 ) );
#2072 = SURFACE_STYLE_FILL_AREA( #3244 );
#2073 = ORIENTED_EDGE( '', *, *, #3245, .F. );
#2074 = ORIENTED_EDGE( '', *, *, #3246, .T. );
#2075 = ORIENTED_EDGE( '', *, *, #3247, .T. );
#2076 = ORIENTED_EDGE( '', *, *, #3248, .F. );
#2077 = CARTESIAN_POINT( '', ( 0.0625000000000000, 0.0400000000000000, -0.0375000000000000 ) );
#2078 = DIRECTION( '', ( 0.000000000000000, 0.000000000000000, -1.00000000000000 ) );
#2079 = DIRECTION( '', ( -1.00000000000000, 0.000000000000000, 0.000000000000000 ) );
#2080 = SURFACE_STYLE_FILL_AREA( #3249 );
#2081 = ORIENTED_EDGE( '', *, *, #3250, .F. );
#2082 = ORIENTED_EDGE( '', *, *, #3141, .T. );
#2083 = ORIENTED_EDGE( '', *, *, #3129, .T. );
#2084 = ORIENTED_EDGE( '', *, *, #3251, .F. );
#2085 = CARTESIAN_POINT( '', ( -0.00505000000000001, 0.0900000000000000, 0.115000000000000 ) );
#2086 = DIRECTION( '', ( 1.00000000000000, -0.000000000000000, 0.000000000000000 ) );
#2087 = DIRECTION( '', ( 0.000000000000000, 0.000000000000000, -1.00000000000000 ) );
#2088 = SURFACE_STYLE_FILL_AREA( #3252 );
#2089 = ORIENTED_EDGE( '', *, *, #3253, .F. );
#2090 = ORIENTED_EDGE( '', *, *, #3254, .F. );
#2091 = ORIENTED_EDGE( '', *, *, #3175, .F. );
#2092 = ORIENTED_EDGE( '', *, *, #3255, .T. );
#2093 = CARTESIAN_POINT( '', ( 0.0625000000000000, -0.147500000000000, -0.223750000000000 ) );
#2094 = DIRECTION( '', ( 0.000000000000000, -1.00000000000000, -7.22711109434991E-17 ) );
#2095 = DIRECTION( '', ( 0.000000000000000, 7.22711109434991E-17, -1.00000000000000 ) );
#2096 = SURFACE_STYLE_FILL_AREA( #3256 );
#2097 = ORIENTED_EDGE( '', *, *, #3207, .T. );
#2098 = ORIENTED_EDGE( '', *, *, #3257, .F. );
#2099 = ORIENTED_EDGE( '', *, *, #2908, .F. );
#2100 = ORIENTED_EDGE( '', *, *, #2959, .T. );
#2101 = CARTESIAN_POINT( '', ( 0.0500000000000000, 0.320000000000000, 0.130000000000000 ) );
#2102 = DIRECTION( '', ( 0.000000000000000, -0.422885465331124, -0.906183139995265 ) );
#2103 = DIRECTION( '', ( 0.000000000000000, 0.906183139995265, -0.422885465331124 ) );
#2104 = SURFACE_STYLE_FILL_AREA( #3258 );
#2105 = ORIENTED_EDGE( '', *, *, #3063, .T. );
#2106 = ORIENTED_EDGE( '', *, *, #3259, .F. );
#2107 = ORIENTED_EDGE( '', *, *, #2952, .F. );
#2108 = ORIENTED_EDGE( '', *, *, #3260, .T. );
#2109 = ORIENTED_EDGE( '', *, *, #2994, .F. );
#2110 = ORIENTED_EDGE( '', *, *, #3261, .T. );
#2111 = CARTESIAN_POINT( '', ( -0.107500000000000, 0.0200000000000000, 0.145000000000000 ) );
#2112 = DIRECTION( '', ( 1.00000000000000, 0.000000000000000, -0.000000000000000 ) );
#2113 = DIRECTION( '', ( -0.000000000000000, 0.000000000000000, -1.00000000000000 ) );
#2114 = SURFACE_STYLE_FILL_AREA( #3262 );
#2115 = ORIENTED_EDGE( '', *, *, #2932, .T. );
#2116 = ORIENTED_EDGE( '', *, *, #3235, .T. );
#2117 = ORIENTED_EDGE( '', *, *, #3091, .F. );
#2118 = ORIENTED_EDGE( '', *, *, #3263, .T. );
#2119 = CARTESIAN_POINT( '', ( 0.00504999999999999, 0.0900000000000000, -0.114900000000000 ) );
#2120 = DIRECTION( '', ( -1.00000000000000, 0.000000000000000, 0.000000000000000 ) );
#2121 = DIRECTION( '', ( 0.000000000000000, 0.000000000000000, 1.00000000000000 ) );
#2122 = SURFACE_STYLE_FILL_AREA( #3264 );
#2123 = ORIENTED_EDGE( '', *, *, #3203, .T. );
#2124 = ORIENTED_EDGE( '', *, *, #3265, .T. );
#2125 = ORIENTED_EDGE( '', *, *, #3110, .T. );
#2126 = ORIENTED_EDGE( '', *, *, #3082, .F. );
#2127 = ORIENTED_EDGE( '', *, *, #3159, .T. );
#2128 = ORIENTED_EDGE( '', *, *, #3266, .T. );
#2129 = ORIENTED_EDGE( '', *, *, #3012, .F. );
#2130 = ORIENTED_EDGE( '', *, *, #3267, .T. );
#2131 = ORIENTED_EDGE( '', *, *, #3268, .T. );
#2132 = ORIENTED_EDGE( '', *, *, #3269, .T. );
#2133 = CARTESIAN_POINT( '', ( 0.0375000000000000, -0.200000000000000, 0.145000000000000 ) );
#2134 = DIRECTION( '', ( -1.00000000000000, 0.000000000000000, 0.000000000000000 ) );
#2135 = DIRECTION( '', ( 0.000000000000000, 0.000000000000000, 1.00000000000000 ) );
#2136 = SURFACE_STYLE_FILL_AREA( #3270 );
#2137 = ORIENTED_EDGE( '', *, *, #2953, .F. );
#2138 = ORIENTED_EDGE( '', *, *, #3259, .T. );
#2139 = ORIENTED_EDGE( '', *, *, #3066, .T. );
#2140 = ORIENTED_EDGE( '', *, *, #3271, .T. );
#2141 = CARTESIAN_POINT( '', ( 0.130000000000000, 0.000000000000000, -0.145000000000000 ) );
#2142 = DIRECTION( '', ( 0.000000000000000, 0.000000000000000, 1.00000000000000 ) );
#2143 = DIRECTION( '', ( 1.00000000000000, 0.000000000000000, -0.000000000000000 ) );
#2144 = SURFACE_STYLE_FILL_AREA( #3272 );
#2145 = ORIENTED_EDGE( '', *, *, #3093, .F. );
#2146 = ORIENTED_EDGE( '', *, *, #3234, .T. );
#2147 = ORIENTED_EDGE( '', *, *, #2930, .T. );
#2148 = ORIENTED_EDGE( '', *, *, #3105, .F. );
#2149 = CARTESIAN_POINT( '', ( -0.00505000000000001, 0.0900000000000000, -0.00500000000000000 ) );
#2150 = DIRECTION( '', ( 1.00000000000000, -0.000000000000000, 0.000000000000000 ) );
#2151 = DIRECTION( '', ( 0.000000000000000, 0.000000000000000, -1.00000000000000 ) );
#2152 = SURFACE_STYLE_FILL_AREA( #3273 );
#2153 = ORIENTED_EDGE( '', *, *, #3274, .F. );
#2154 = ORIENTED_EDGE( '', *, *, #3275, .T. );
#2155 = ORIENTED_EDGE( '', *, *, #2920, .T. );
#2156 = ORIENTED_EDGE( '', *, *, #3276, .F. );
#2157 = CARTESIAN_POINT( '', ( 0.00504999999999999, 0.0900000000000000, 0.00510000000000000 ) );
#2158 = DIRECTION( '', ( -1.00000000000000, 0.000000000000000, 0.000000000000000 ) );
#2159 = DIRECTION( '', ( 0.000000000000000, 0.000000000000000, 1.00000000000000 ) );
#2160 = SURFACE_STYLE_FILL_AREA( #3277 );
#2161 = ORIENTED_EDGE( '', *, *, #3216, .T. );
#2162 = ORIENTED_EDGE( '', *, *, #2976, .F. );
#2163 = ORIENTED_EDGE( '', *, *, #3278, .T. );
#2164 = ORIENTED_EDGE( '', *, *, #3155, .T. );
#2165 = CARTESIAN_POINT( '', ( 0.0230000000000000, 0.305000000000000, 0.0500000000000000 ) );
#2166 = DIRECTION( '', ( 0.999390827019096, 0.0348994967025013, -0.000000000000000 ) );
#2167 = DIRECTION( '', ( -0.0348994967025013, 0.999390827019096, 0.000000000000000 ) );
#2168 = SURFACE_STYLE_FILL_AREA( #3279 );
#2169 = ORIENTED_EDGE( '', *, *, #3280, .T. );
#2170 = ORIENTED_EDGE( '', *, *, #2945, .F. );
#2171 = ORIENTED_EDGE( '', *, *, #3281, .F. );
#2172 = ORIENTED_EDGE( '', *, *, #3282, .T. );
#2173 = CARTESIAN_POINT( '', ( 0.130000000000000, 0.000000000000000, -0.145000000000000 ) );
#2174 = DIRECTION( '', ( 0.000000000000000, 0.000000000000000, 1.00000000000000 ) );
#2175 = DIRECTION( '', ( 1.00000000000000, 0.000000000000000, -0.000000000000000 ) );
#2176 = SURFACE_STYLE_FILL_AREA( #3283 );
#2177 = ORIENTED_EDGE( '', *, *, #2922, .T. );
#2178 = ORIENTED_EDGE( '', *, *, #3284, .T. );
#2179 = ORIENTED_EDGE( '', *, *, #3285, .F. );
#2180 = ORIENTED_EDGE( '', *, *, #3286, .T. );
#2181 = CARTESIAN_POINT( '', ( -0.00505000000000001, 0.0900000000000000, 0.115000000000000 ) );
#2182 = DIRECTION( '', ( 1.00000000000000, -0.000000000000000, 0.000000000000000 ) );
#2183 = DIRECTION( '', ( 0.000000000000000, 0.000000000000000, -1.00000000000000 ) );
#2184 = SURFACE_STYLE_FILL_AREA( #3287 );
#2185 = ORIENTED_EDGE( '', *, *, #3007, .T. );
#2186 = ORIENTED_EDGE( '', *, *, #3288, .F. );
#2187 = ORIENTED_EDGE( '', *, *, #2943, .T. );
#2188 = ORIENTED_EDGE( '', *, *, #3123, .T. );
#2189 = CARTESIAN_POINT( '', ( 0.140000000000000, 0.320000000000000, -0.0750000000000000 ) );
#2190 = DIRECTION( '', ( 0.000000000000000, -0.000000000000000, 1.00000000000000 ) );
#2191 = DIRECTION( '', ( 1.00000000000000, 0.000000000000000, -0.000000000000000 ) );
#2192 = SURFACE_STYLE_FILL_AREA( #3289 );
#2193 = ORIENTED_EDGE( '', *, *, #3268, .F. );
#2194 = ORIENTED_EDGE( '', *, *, #3290, .F. );
#2195 = ORIENTED_EDGE( '', *, *, #3180, .F. );
#2196 = ORIENTED_EDGE( '', *, *, #3291, .T. );
#2197 = CARTESIAN_POINT( '', ( 0.0625000000000000, -0.0725000000000000, -0.0875000000000000 ) );
#2198 = DIRECTION( '', ( -0.000000000000000, 1.00000000000000, 1.25314128149737E-16 ) );
#2199 = DIRECTION( '', ( 0.000000000000000, -1.25314128149737E-16, 1.00000000000000 ) );
#2200 = SURFACE_STYLE_FILL_AREA( #3292 );
#2201 = ORIENTED_EDGE( '', *, *, #3166, .F. );
#2202 = ORIENTED_EDGE( '', *, *, #3293, .T. );
#2203 = ORIENTED_EDGE( '', *, *, #3243, .T. );
#2204 = ORIENTED_EDGE( '', *, *, #3294, .F. );
#2205 = CARTESIAN_POINT( '', ( 0.0625000000000000, -0.122500000000000, 0.0125000000000000 ) );
#2206 = DIRECTION( '', ( 1.00000000000000, -0.000000000000000, -0.000000000000000 ) );
#2207 = DIRECTION( '', ( 0.000000000000000, 0.000000000000000, 1.00000000000000 ) );
#2208 = SURFACE_STYLE_FILL_AREA( #3295 );
#2209 = ORIENTED_EDGE( '', *, *, #2990, .F. );
#2210 = ORIENTED_EDGE( '', *, *, #3200, .F. );
#2211 = ORIENTED_EDGE( '', *, *, #2956, .F. );
#2212 = ORIENTED_EDGE( '', *, *, #3143, .T. );
#2213 = ORIENTED_EDGE( '', *, *, #3296, .T. );
#2214 = ORIENTED_EDGE( '', *, *, #3032, .T. );
#2215 = CARTESIAN_POINT( '', ( -0.107500000000000, 0.0200000000000000, 0.145000000000000 ) );
#2216 = DIRECTION( '', ( 1.00000000000000, 0.000000000000000, -0.000000000000000 ) );
#2217 = DIRECTION( '', ( -0.000000000000000, 0.000000000000000, -1.00000000000000 ) );
#2218 = SURFACE_STYLE_FILL_AREA( #3297 );
#2219 = ORIENTED_EDGE( '', *, *, #3071, .F. );
#2220 = ORIENTED_EDGE( '', *, *, #3298, .F. );
#2221 = ORIENTED_EDGE( '', *, *, #3183, .F. );
#2222 = ORIENTED_EDGE( '', *, *, #3022, .T. );
#2223 = CARTESIAN_POINT( '', ( 0.0625000000000000, 0.298750000000000, -0.0375000000000000 ) );
#2224 = DIRECTION( '', ( 0.000000000000000, 0.000000000000000, -1.00000000000000 ) );
#2225 = DIRECTION( '', ( -1.00000000000000, 0.000000000000000, 0.000000000000000 ) );
#2226 = SURFACE_STYLE_FILL_AREA( #3299 );
#2227 = ORIENTED_EDGE( '', *, *, #3245, .T. );
#2228 = ORIENTED_EDGE( '', *, *, #3300, .T. );
#2229 = ORIENTED_EDGE( '', *, *, #3076, .T. );
#2230 = ORIENTED_EDGE( '', *, *, #3237, .T. );
#2231 = ORIENTED_EDGE( '', *, *, #3190, .F. );
#2232 = ORIENTED_EDGE( '', *, *, #3301, .T. );
#2233 = ORIENTED_EDGE( '', *, *, #3302, .T. );
#2234 = ORIENTED_EDGE( '', *, *, #3303, .F. );
#2235 = ORIENTED_EDGE( '', *, *, #3112, .T. );
#2236 = ORIENTED_EDGE( '', *, *, #3304, .F. );
#2237 = CARTESIAN_POINT( '', ( -0.0375000000000000, 0.0400000000000000, 0.145000000000000 ) );
#2238 = DIRECTION( '', ( 1.00000000000000, 0.000000000000000, -0.000000000000000 ) );
#2239 = DIRECTION( '', ( -0.000000000000000, 0.000000000000000, -1.00000000000000 ) );
#2240 = SURFACE_STYLE_FILL_AREA( #3305 );
#2241 = ORIENTED_EDGE( '', *, *, #3118, .F. );
#2242 = ORIENTED_EDGE( '', *, *, #2948, .F. );
#2243 = ORIENTED_EDGE( '', *, *, #3306, .T. );
#2244 = ORIENTED_EDGE( '', *, *, #3002, .F. );
#2245 = CARTESIAN_POINT( '', ( 0.0750000000000000, 0.320000000000000, -0.125000000000000 ) );
#2246 = DIRECTION( '', ( -1.00000000000000, 0.000000000000000, 0.000000000000000 ) );
#2247 = DIRECTION( '', ( 0.000000000000000, 0.000000000000000, 1.00000000000000 ) );
#2248 = SURFACE_STYLE_FILL_AREA( #3307 );
#2249 = ORIENTED_EDGE( '', *, *, #2923, .T. );
#2250 = ORIENTED_EDGE( '', *, *, #3286, .F. );
#2251 = ORIENTED_EDGE( '', *, *, #3308, .F. );
#2252 = ORIENTED_EDGE( '', *, *, #3017, .T. );
#2253 = CARTESIAN_POINT( '', ( -0.0949500000000000, 0.0900000000000000, 0.115000000000000 ) );
#2254 = DIRECTION( '', ( 0.000000000000000, 0.000000000000000, 1.00000000000000 ) );
#2255 = DIRECTION( '', ( 1.00000000000000, 0.000000000000000, -0.000000000000000 ) );
#2256 = SURFACE_STYLE_FILL_AREA( #3309 );
#2257 = ORIENTED_EDGE( '', *, *, #3254, .T. );
#2258 = ORIENTED_EDGE( '', *, *, #3310, .T. );
#2259 = ORIENTED_EDGE( '', *, *, #3150, .F. );
#2260 = ORIENTED_EDGE( '', *, *, #3176, .T. );
#2261 = CARTESIAN_POINT( '', ( 0.0625000000000000, -0.122500000000000, 0.0125000000000000 ) );
#2262 = DIRECTION( '', ( 1.00000000000000, -0.000000000000000, -0.000000000000000 ) );
#2263 = DIRECTION( '', ( 0.000000000000000, 0.000000000000000, 1.00000000000000 ) );
#2264 = SURFACE_STYLE_FILL_AREA( #3311 );
#2265 = ORIENTED_EDGE( '', *, *, #3040, .T. );
#2266 = ORIENTED_EDGE( '', *, *, #3231, .T. );
#2267 = ORIENTED_EDGE( '', *, *, #3224, .T. );
#2268 = ORIENTED_EDGE( '', *, *, #3312, .T. );
#2269 = ORIENTED_EDGE( '', *, *, #3313, .F. );
#2270 = ORIENTED_EDGE( '', *, *, #3314, .T. );
#2271 = ORIENTED_EDGE( '', *, *, #3240, .T. );
#2272 = ORIENTED_EDGE( '', *, *, #3293, .F. );
#2273 = ORIENTED_EDGE( '', *, *, #3165, .T. );
#2274 = ORIENTED_EDGE( '', *, *, #3315, .F. );
#2275 = CARTESIAN_POINT( '', ( -0.0375000000000000, 0.0400000000000000, 0.145000000000000 ) );
#2276 = DIRECTION( '', ( 1.00000000000000, 0.000000000000000, -0.000000000000000 ) );
#2277 = DIRECTION( '', ( -0.000000000000000, 0.000000000000000, -1.00000000000000 ) );
#2278 = SURFACE_STYLE_FILL_AREA( #3316 );
#2279 = ORIENTED_EDGE( '', *, *, #2975, .F. );
#2280 = ORIENTED_EDGE( '', *, *, #3132, .T. );
#2281 = ORIENTED_EDGE( '', *, *, #3317, .F. );
#2282 = ORIENTED_EDGE( '', *, *, #3318, .F. );
#2283 = ORIENTED_EDGE( '', *, *, #3319, .T. );
#2284 = ORIENTED_EDGE( '', *, *, #2936, .T. );
#2285 = ORIENTED_EDGE( '', *, *, #2917, .F. );
#2286 = ORIENTED_EDGE( '', *, *, #3320, .F. );
#2287 = ORIENTED_EDGE( '', *, *, #3156, .F. );
#2288 = ORIENTED_EDGE( '', *, *, #3278, .F. );
#2289 = CARTESIAN_POINT( '', ( 0.0949500000000000, 0.0900000000000000, 0.00510000000000000 ) );
#2290 = DIRECTION( '', ( 0.000000000000000, 0.000000000000000, -1.00000000000000 ) );
#2291 = DIRECTION( '', ( -1.00000000000000, 0.000000000000000, 0.000000000000000 ) );
#2292 = SURFACE_STYLE_FILL_AREA( #3321 );
#2293 = ORIENTED_EDGE( '', *, *, #3261, .F. );
#2294 = ORIENTED_EDGE( '', *, *, #2993, .T. );
#2295 = ORIENTED_EDGE( '', *, *, #3322, .T. );
#2296 = ORIENTED_EDGE( '', *, *, #3064, .F. );
#2297 = CARTESIAN_POINT( '', ( 0.130000000000000, 0.0200000000000000, -0.115000000000000 ) );
#2298 = DIRECTION( '', ( 0.000000000000000, 0.000000000000000, -1.00000000000000 ) );
#2299 = DIRECTION( '', ( -1.00000000000000, 0.000000000000000, 0.000000000000000 ) );
#2300 = SURFACE_STYLE_FILL_AREA( #3323 );
#2301 = ORIENTED_EDGE( '', *, *, #3324, .F. );
#2302 = ORIENTED_EDGE( '', *, *, #3325, .T. );
#2303 = ORIENTED_EDGE( '', *, *, #3326, .T. );
#2304 = ORIENTED_EDGE( '', *, *, #3187, .F. );
#2305 = CARTESIAN_POINT( '', ( 0.0625000000000000, 0.305000000000000, 0.0437500000000000 ) );
#2306 = DIRECTION( '', ( 0.000000000000000, -1.00000000000000, 0.000000000000000 ) );
#2307 = DIRECTION( '', ( 0.000000000000000, 0.000000000000000, -1.00000000000000 ) );
#2308 = SURFACE_STYLE_FILL_AREA( #3327 );
#2309 = ORIENTED_EDGE( '', *, *, #3328, .T. );
#2310 = ORIENTED_EDGE( '', *, *, #3136, .T. );
#2311 = ORIENTED_EDGE( '', *, *, #3099, .T. );
#2312 = ORIENTED_EDGE( '', *, *, #3329, .F. );
#2313 = CARTESIAN_POINT( '', ( -0.0230000000000000, 0.305000000000000, 0.0500000000000000 ) );
#2314 = DIRECTION( '', ( -0.848048096156426, 0.529919264233205, 0.000000000000000 ) );
#2315 = DIRECTION( '', ( -0.529919264233205, -0.848048096156426, 0.000000000000000 ) );
#2316 = SURFACE_STYLE_FILL_AREA( #3330 );
#2317 = ORIENTED_EDGE( '', *, *, #2983, .T. );
#2318 = ORIENTED_EDGE( '', *, *, #3331, .F. );
#2319 = ORIENTED_EDGE( '', *, *, #2965, .T. );
#2320 = ORIENTED_EDGE( '', *, *, #3332, .T. );
#2321 = CARTESIAN_POINT( '', ( 0.125000000000000, 0.320000000000000, 0.0250000000000000 ) );
#2322 = DIRECTION( '', ( 1.00000000000000, 0.000000000000000, 0.000000000000000 ) );
#2323 = DIRECTION( '', ( 0.000000000000000, 0.000000000000000, -1.00000000000000 ) );
#2324 = SURFACE_STYLE_FILL_AREA( #3333 );
#2325 = ORIENTED_EDGE( '', *, *, #2933, .T. );
#2326 = ORIENTED_EDGE( '', *, *, #3263, .F. );
#2327 = ORIENTED_EDGE( '', *, *, #3090, .F. );
#2328 = ORIENTED_EDGE( '', *, *, #3334, .T. );
#2329 = CARTESIAN_POINT( '', ( 0.0949500000000000, 0.0900000000000000, -0.114900000000000 ) );
#2330 = DIRECTION( '', ( 0.000000000000000, 0.000000000000000, -1.00000000000000 ) );
#2331 = DIRECTION( '', ( -1.00000000000000, 0.000000000000000, 0.000000000000000 ) );
#2332 = SURFACE_STYLE_FILL_AREA( #3335 );
#2333 = ORIENTED_EDGE( '', *, *, #3217, .T. );
#2334 = ORIENTED_EDGE( '', *, *, #3157, .F. );
#2335 = ORIENTED_EDGE( '', *, *, #3320, .T. );
#2336 = ORIENTED_EDGE( '', *, *, #2916, .T. );
#2337 = CARTESIAN_POINT( '', ( 0.0733333192033665, 0.200000000000000, 0.0500000000000000 ) );
#2338 = DIRECTION( '', ( -0.999390827019096, 0.0348994967025009, 0.000000000000000 ) );
#2339 = DIRECTION( '', ( -0.0348994967025009, -0.999390827019096, 0.000000000000000 ) );
#2340 = SURFACE_STYLE_FILL_AREA( #3336 );
#2341 = ORIENTED_EDGE( '', *, *, #3009, .T. );
#2342 = ORIENTED_EDGE( '', *, *, #3124, .F. );
#2343 = ORIENTED_EDGE( '', *, *, #2941, .T. );
#2344 = ORIENTED_EDGE( '', *, *, #3196, .F. );
#2345 = CARTESIAN_POINT( '', ( 0.125000000000000, 0.320000000000000, -0.0250000000000000 ) );
#2346 = DIRECTION( '', ( 0.000000000000000, 0.000000000000000, -1.00000000000000 ) );
#2347 = DIRECTION( '', ( -1.00000000000000, 0.000000000000000, 0.000000000000000 ) );
#2348 = SURFACE_STYLE_FILL_AREA( #3337 );
#2349 = ORIENTED_EDGE( '', *, *, #3338, .F. );
#2350 = ORIENTED_EDGE( '', *, *, #3339, .F. );
#2351 = ORIENTED_EDGE( '', *, *, #3172, .F. );
#2352 = ORIENTED_EDGE( '', *, *, #3340, .T. );
#2353 = CARTESIAN_POINT( '', ( 0.0625000000000000, -0.172500000000000, -0.223750000000000 ) );
#2354 = DIRECTION( '', ( -0.000000000000000, 0.707106781186550, 0.707106781186546 ) );
#2355 = DIRECTION( '', ( 0.000000000000000, -0.707106781186545, 0.707106781186549 ) );
#2356 = SURFACE_STYLE_FILL_AREA( #3341 );
#2357 = ORIENTED_EDGE( '', *, *, #3342, .T. );
#2358 = ORIENTED_EDGE( '', *, *, #3343, .F. );
#2359 = ORIENTED_EDGE( '', *, *, #3173, .F. );
#2360 = ORIENTED_EDGE( '', *, *, #3339, .T. );
#2361 = CARTESIAN_POINT( '', ( 0.0625000000000000, -0.166250000000000, -0.230000000000000 ) );
#2362 = DIRECTION( '', ( 0.000000000000000, 0.000000000000000, 1.00000000000000 ) );
#2363 = DIRECTION( '', ( 1.00000000000000, 0.000000000000000, -0.000000000000000 ) );
#2364 = SURFACE_STYLE_FILL_AREA( #3344 );
#2365 = ORIENTED_EDGE( '', *, *, #3345, .T. );
#2366 = ORIENTED_EDGE( '', *, *, #3329, .T. );
#2367 = ORIENTED_EDGE( '', *, *, #3098, .T. );
#2368 = ORIENTED_EDGE( '', *, *, #2895, .F. );
#2369 = CARTESIAN_POINT( '', ( -0.0266666807966335, 0.200000000000000, 0.0500000000000000 ) );
#2370 = DIRECTION( '', ( -0.999390827019096, 0.0348994967025008, 0.000000000000000 ) );
#2371 = DIRECTION( '', ( -0.0348994967025008, -0.999390827019096, 0.000000000000000 ) );
#2372 = SURFACE_STYLE_FILL_AREA( #3346 );
#2373 = ORIENTED_EDGE( '', *, *, #3302, .F. );
#2374 = ORIENTED_EDGE( '', *, *, #3347, .T. );
#2375 = ORIENTED_EDGE( '', *, *, #3348, .T. );
#2376 = ORIENTED_EDGE( '', *, *, #3349, .F. );
#2377 = CARTESIAN_POINT( '', ( 0.0625000000000000, -0.0475000000000000, -0.223750000000000 ) );
#2378 = DIRECTION( '', ( 0.000000000000000, -1.00000000000000, -1.25314128149737E-16 ) );
#2379 = DIRECTION( '', ( 0.000000000000000, 1.25314128149737E-16, -1.00000000000000 ) );
#2380 = SURFACE_STYLE_FILL_AREA( #3350 );
#2381 = ORIENTED_EDGE( '', *, *, #3351, .F. );
#2382 = ORIENTED_EDGE( '', *, *, #3352, .T. );
#2383 = ORIENTED_EDGE( '', *, *, #3353, .T. );
#2384 = ORIENTED_EDGE( '', *, *, #3354, .F. );
#2385 = CARTESIAN_POINT( '', ( 0.0625000000000000, 0.298750000000000, -0.0375000000000000 ) );
#2386 = DIRECTION( '', ( 0.000000000000000, 0.000000000000000, -1.00000000000000 ) );
#2387 = DIRECTION( '', ( -1.00000000000000, 0.000000000000000, 0.000000000000000 ) );
#2388 = SURFACE_STYLE_FILL_AREA( #3355 );
#2389 = ORIENTED_EDGE( '', *, *, #2937, .T. );
#2390 = ORIENTED_EDGE( '', *, *, #3319, .F. );
#2391 = ORIENTED_EDGE( '', *, *, #3356, .F. );
#2392 = ORIENTED_EDGE( '', *, *, #3357, .T. );
#2393 = CARTESIAN_POINT( '', ( 0.0949500000000000, 0.0900000000000000, 0.115000000000000 ) );
#2394 = DIRECTION( '', ( 1.00000000000000, -0.000000000000000, 0.000000000000000 ) );
#2395 = DIRECTION( '', ( 0.000000000000000, 0.000000000000000, -1.00000000000000 ) );
#2396 = SURFACE_STYLE_FILL_AREA( #3358 );
#2397 = ORIENTED_EDGE( '', *, *, #3359, .F. );
#2398 = ORIENTED_EDGE( '', *, *, #3360, .T. );
#2399 = ORIENTED_EDGE( '', *, *, #3361, .T. );
#2400 = ORIENTED_EDGE( '', *, *, #3352, .F. );
#2401 = CARTESIAN_POINT( '', ( 0.0625000000000000, 0.305000000000000, -0.0437500000000000 ) );
#2402 = DIRECTION( '', ( 0.000000000000000, -0.707106781186549, -0.707106781186546 ) );
#2403 = DIRECTION( '', ( 0.000000000000000, 0.707106781186546, -0.707106781186549 ) );
#2404 = SURFACE_STYLE_FILL_AREA( #3362 );
#2405 = ORIENTED_EDGE( '', *, *, #3135, .T. );
#2406 = ORIENTED_EDGE( '', *, *, #3363, .T. );
#2407 = ORIENTED_EDGE( '', *, *, #3086, .F. );
#2408 = ORIENTED_EDGE( '', *, *, #3101, .T. );
#2409 = CARTESIAN_POINT( '', ( -0.00505000000000001, 0.0900000000000000, -0.00500000000000000 ) );
#2410 = DIRECTION( '', ( 1.00000000000000, -0.000000000000000, 0.000000000000000 ) );
#2411 = DIRECTION( '', ( 0.000000000000000, 0.000000000000000, -1.00000000000000 ) );
#2412 = SURFACE_STYLE_FILL_AREA( #3364 );
#2413 = ORIENTED_EDGE( '', *, *, #3365, .F. );
#2414 = ORIENTED_EDGE( '', *, *, #3255, .F. );
#2415 = ORIENTED_EDGE( '', *, *, #3174, .F. );
#2416 = ORIENTED_EDGE( '', *, *, #3343, .T. );
#2417 = CARTESIAN_POINT( '', ( 0.0625000000000000, -0.153750000000000, -0.230000000000000 ) );
#2418 = DIRECTION( '', ( 0.000000000000000, -0.707106781186548, 0.707106781186548 ) );
#2419 = DIRECTION( '', ( 0.000000000000000, -0.707106781186547, -0.707106781186547 ) );
#2420 = SURFACE_STYLE_FILL_AREA( #3366 );
#2421 = ORIENTED_EDGE( '', *, *, #2934, .T. );
#2422 = ORIENTED_EDGE( '', *, *, #3334, .F. );
#2423 = ORIENTED_EDGE( '', *, *, #3089, .F. );
#2424 = ORIENTED_EDGE( '', *, *, #3218, .T. );
#2425 = CARTESIAN_POINT( '', ( 0.0949500000000000, 0.0900000000000000, -0.00500000000000000 ) );
#2426 = DIRECTION( '', ( 1.00000000000000, -0.000000000000000, 0.000000000000000 ) );
#2427 = DIRECTION( '', ( 0.000000000000000, 0.000000000000000, -1.00000000000000 ) );
#2428 = SURFACE_STYLE_FILL_AREA( #3367 );
#2429 = ORIENTED_EDGE( '', *, *, #3285, .T. );
#2430 = ORIENTED_EDGE( '', *, *, #3368, .T. );
#2431 = ORIENTED_EDGE( '', *, *, #3274, .T. );
#2432 = ORIENTED_EDGE( '', *, *, #3369, .T. );
#2433 = ORIENTED_EDGE( '', *, *, #3356, .T. );
#2434 = ORIENTED_EDGE( '', *, *, #3318, .T. );
#2435 = ORIENTED_EDGE( '', *, *, #3370, .T. );
#2436 = ORIENTED_EDGE( '', *, *, #3139, .T. );
#2437 = ORIENTED_EDGE( '', *, *, #3250, .T. );
#2438 = ORIENTED_EDGE( '', *, *, #3371, .T. );
#2439 = ORIENTED_EDGE( '', *, *, #3018, .T. );
#2440 = ORIENTED_EDGE( '', *, *, #3308, .T. );
#2441 = CARTESIAN_POINT( '', ( 0.000000000000000, 0.0900000000000000, -0.000000000000000 ) );
#2442 = DIRECTION( '', ( 0.000000000000000, 1.00000000000000, -0.000000000000000 ) );
#2443 = DIRECTION( '', ( 0.000000000000000, 0.000000000000000, 1.00000000000000 ) );
#2444 = SURFACE_STYLE_FILL_AREA( #3372 );
#2445 = ORIENTED_EDGE( '', *, *, #3004, .T. );
#2446 = ORIENTED_EDGE( '', *, *, #3373, .F. );
#2447 = ORIENTED_EDGE( '', *, *, #2946, .F. );
#2448 = ORIENTED_EDGE( '', *, *, #3280, .F. );
#2449 = ORIENTED_EDGE( '', *, *, #3374, .T. );
#2450 = ORIENTED_EDGE( '', *, *, #3212, .T. );
#2451 = CARTESIAN_POINT( '', ( 0.107500000000000, -0.0200000000000000, 0.145000000000000 ) );
#2452 = DIRECTION( '', ( -1.00000000000000, 0.000000000000000, 0.000000000000000 ) );
#2453 = DIRECTION( '', ( 0.000000000000000, 0.000000000000000, 1.00000000000000 ) );
#2454 = SURFACE_STYLE_FILL_AREA( #3375 );
#2455 = ORIENTED_EDGE( '', *, *, #3220, .T. );
#2456 = ORIENTED_EDGE( '', *, *, #3376, .T. );
#2457 = ORIENTED_EDGE( '', *, *, #3119, .F. );
#2458 = ORIENTED_EDGE( '', *, *, #3000, .F. );
#2459 = CARTESIAN_POINT( '', ( 0.0175000000000000, 0.0200000000000000, 0.145000000000000 ) );
#2460 = DIRECTION( '', ( 1.00000000000000, 0.000000000000000, -0.000000000000000 ) );
#2461 = DIRECTION( '', ( -0.000000000000000, 0.000000000000000, -1.00000000000000 ) );
#2462 = SURFACE_STYLE_FILL_AREA( #3377 );
#2463 = ORIENTED_EDGE( '', *, *, #3087, .F. );
#2464 = ORIENTED_EDGE( '', *, *, #3363, .F. );
#2465 = ORIENTED_EDGE( '', *, *, #3134, .T. );
#2466 = ORIENTED_EDGE( '', *, *, #3055, .F. );
#2467 = CARTESIAN_POINT( '', ( -0.0200000000000000, 0.0900000000000000, -0.0200000000000000 ) );
#2468 = DIRECTION( '', ( -1.06712812252510E-16, 0.000000000000000, 1.00000000000000 ) );
#2469 = DIRECTION( '', ( 1.00000000000000, 0.000000000000000, 1.06712812252510E-16 ) );
#2470 = SURFACE_STYLE_FILL_AREA( #3378 );
#2471 = ORIENTED_EDGE( '', *, *, #3210, .T. );
#2472 = ORIENTED_EDGE( '', *, *, #3379, .F. );
#2473 = ORIENTED_EDGE( '', *, *, #2909, .F. );
#2474 = ORIENTED_EDGE( '', *, *, #3257, .T. );
#2475 = CARTESIAN_POINT( '', ( 0.0500000000000000, 0.245000000000000, 0.165000000000000 ) );
#2476 = DIRECTION( '', ( 0.000000000000000, 0.000000000000000, -1.00000000000000 ) );
#2477 = DIRECTION( '', ( -1.00000000000000, 0.000000000000000, 0.000000000000000 ) );
#2478 = SURFACE_STYLE_FILL_AREA( #3380 );
#2479 = ORIENTED_EDGE( '', *, *, #3260, .F. );
#2480 = ORIENTED_EDGE( '', *, *, #2951, .F. );
#2481 = ORIENTED_EDGE( '', *, *, #3381, .T. );
#2482 = ORIENTED_EDGE( '', *, *, #2995, .F. );
#2483 = CARTESIAN_POINT( '', ( -0.0750000000000000, 0.320000000000000, -0.125000000000000 ) );
#2484 = DIRECTION( '', ( 0.000000000000000, -0.000000000000000, 1.00000000000000 ) );
#2485 = DIRECTION( '', ( 1.00000000000000, 0.000000000000000, -0.000000000000000 ) );
#2486 = SURFACE_STYLE_FILL_AREA( #3382 );
#2487 = ORIENTED_EDGE( '', *, *, #2971, .F. );
#2488 = ORIENTED_EDGE( '', *, *, #2986, .F. );
#2489 = ORIENTED_EDGE( '', *, *, #3383, .F. );
#2490 = ORIENTED_EDGE( '', *, *, #3384, .T. );
#2491 = CARTESIAN_POINT( '', ( 0.130000000000000, 0.000000000000000, 0.115000000000000 ) );
#2492 = DIRECTION( '', ( 0.000000000000000, 0.000000000000000, 1.00000000000000 ) );
#2493 = DIRECTION( '', ( 1.00000000000000, 0.000000000000000, -0.000000000000000 ) );
#2494 = SURFACE_STYLE_FILL_AREA( #3385 );
#2495 = ORIENTED_EDGE( '', *, *, #3209, .T. );
#2496 = ORIENTED_EDGE( '', *, *, #3229, .F. );
#2497 = ORIENTED_EDGE( '', *, *, #2910, .F. );
#2498 = ORIENTED_EDGE( '', *, *, #3379, .T. );
#2499 = CARTESIAN_POINT( '', ( 0.0500000000000000, 0.222000000000000, 0.165000000000000 ) );
#2500 = DIRECTION( '', ( -0.000000000000000, 0.938876315886609, 0.344254649158423 ) );
#2501 = DIRECTION( '', ( 0.000000000000000, -0.344254649158423, 0.938876315886609 ) );
#2502 = SURFACE_STYLE_FILL_AREA( #3386 );
#2503 = ORIENTED_EDGE( '', *, *, #3381, .F. );
#2504 = ORIENTED_EDGE( '', *, *, #2950, .F. );
#2505 = ORIENTED_EDGE( '', *, *, #3117, .T. );
#2506 = ORIENTED_EDGE( '', *, *, #2996, .F. );
#2507 = CARTESIAN_POINT( '', ( -0.0750000000000000, 0.320000000000000, -0.145000000000000 ) );
#2508 = DIRECTION( '', ( 1.00000000000000, 0.000000000000000, 0.000000000000000 ) );
#2509 = DIRECTION( '', ( 0.000000000000000, 0.000000000000000, -1.00000000000000 ) );
#2510 = SURFACE_STYLE_FILL_AREA( #3387 );
#2511 = ORIENTED_EDGE( '', *, *, #3306, .F. );
#2512 = ORIENTED_EDGE( '', *, *, #2947, .F. );
#2513 = ORIENTED_EDGE( '', *, *, #3373, .T. );
#2514 = ORIENTED_EDGE( '', *, *, #3003, .F. );
#2515 = CARTESIAN_POINT( '', ( 0.107500000000000, 0.320000000000000, -0.125000000000000 ) );
#2516 = DIRECTION( '', ( 0.000000000000000, -0.000000000000000, 1.00000000000000 ) );
#2517 = DIRECTION( '', ( 1.00000000000000, 0.000000000000000, -0.000000000000000 ) );
#2518 = SURFACE_STYLE_FILL_AREA( #3388 );
#2519 = ORIENTED_EDGE( '', *, *, #3267, .F. );
#2520 = ORIENTED_EDGE( '', *, *, #3015, .F. );
#2521 = ORIENTED_EDGE( '', *, *, #3181, .F. );
#2522 = ORIENTED_EDGE( '', *, *, #3290, .T. );
#2523 = CARTESIAN_POINT( '', ( 0.0625000000000000, -0.0725000000000000, -0.223750000000000 ) );
#2524 = DIRECTION( '', ( -0.000000000000000, 0.707106781186547, 0.707106781186548 ) );
#2525 = DIRECTION( '', ( 0.000000000000000, -0.707106781186548, 0.707106781186547 ) );
#2526 = SURFACE_STYLE_FILL_AREA( #3389 );
#2527 = ORIENTED_EDGE( '', *, *, #3314, .F. );
#2528 = ORIENTED_EDGE( '', *, *, #3390, .T. );
#2529 = ORIENTED_EDGE( '', *, *, #3391, .T. );
#2530 = ORIENTED_EDGE( '', *, *, #3241, .F. );
#2531 = CARTESIAN_POINT( '', ( 0.0625000000000000, -0.153750000000000, -0.230000000000000 ) );
#2532 = DIRECTION( '', ( 0.000000000000000, -0.707106781186548, 0.707106781186548 ) );
#2533 = DIRECTION( '', ( 0.000000000000000, -0.707106781186547, -0.707106781186547 ) );
#2534 = SURFACE_STYLE_FILL_AREA( #3392 );
#2535 = ORIENTED_EDGE( '', *, *, #3266, .F. );
#2536 = ORIENTED_EDGE( '', *, *, #3161, .F. );
#2537 = ORIENTED_EDGE( '', *, *, #3182, .F. );
#2538 = ORIENTED_EDGE( '', *, *, #3013, .T. );
#2539 = CARTESIAN_POINT( '', ( 0.0625000000000000, -0.0537500000000000, -0.230000000000000 ) );
#2540 = DIRECTION( '', ( 0.000000000000000, -0.707106781186548, 0.707106781186548 ) );
#2541 = DIRECTION( '', ( 0.000000000000000, -0.707106781186547, -0.707106781186547 ) );
#2542 = SURFACE_STYLE_FILL_AREA( #3393 );
#2543 = ORIENTED_EDGE( '', *, *, #3201, .F. );
#2544 = ORIENTED_EDGE( '', *, *, #3029, .T. );
#2545 = ORIENTED_EDGE( '', *, *, #2904, .T. );
#2546 = ORIENTED_EDGE( '', *, *, #2988, .F. );
#2547 = CARTESIAN_POINT( '', ( 0.0175000000000000, 0.0200000000000000, 0.145000000000000 ) );
#2548 = DIRECTION( '', ( 1.00000000000000, 0.000000000000000, -0.000000000000000 ) );
#2549 = DIRECTION( '', ( -0.000000000000000, 0.000000000000000, -1.00000000000000 ) );
#2550 = SURFACE_STYLE_FILL_AREA( #3394 );
#2551 = ORIENTED_EDGE( '', *, *, #2982, .T. );
#2552 = ORIENTED_EDGE( '', *, *, #3195, .F. );
#2553 = ORIENTED_EDGE( '', *, *, #2939, .T. );
#2554 = ORIENTED_EDGE( '', *, *, #3331, .T. );
#2555 = CARTESIAN_POINT( '', ( 0.135000000000000, 0.320000000000000, 0.0250000000000000 ) );
#2556 = DIRECTION( '', ( 0.000000000000000, -0.000000000000000, 1.00000000000000 ) );
#2557 = DIRECTION( '', ( 1.00000000000000, 0.000000000000000, -0.000000000000000 ) );
#2558 = SURFACE_STYLE_FILL_AREA( #3395 );
#2559 = ORIENTED_EDGE( '', *, *, #3042, .T. );
#2560 = ORIENTED_EDGE( '', *, *, #3396, .T. );
#2561 = ORIENTED_EDGE( '', *, *, #3147, .T. );
#2562 = ORIENTED_EDGE( '', *, *, #3310, .F. );
#2563 = ORIENTED_EDGE( '', *, *, #3253, .T. );
#2564 = ORIENTED_EDGE( '', *, *, #3365, .T. );
#2565 = ORIENTED_EDGE( '', *, *, #3342, .F. );
#2566 = ORIENTED_EDGE( '', *, *, #3338, .T. );
#2567 = ORIENTED_EDGE( '', *, *, #3397, .T. );
#2568 = ORIENTED_EDGE( '', *, *, #3398, .T. );
#2569 = CARTESIAN_POINT( '', ( 0.0375000000000000, -0.200000000000000, 0.145000000000000 ) );
#2570 = DIRECTION( '', ( -1.00000000000000, 0.000000000000000, 0.000000000000000 ) );
#2571 = DIRECTION( '', ( 0.000000000000000, 0.000000000000000, 1.00000000000000 ) );
#2572 = SURFACE_STYLE_FILL_AREA( #3399 );
#2573 = ORIENTED_EDGE( '', *, *, #3113, .F. );
#2574 = ORIENTED_EDGE( '', *, *, #3303, .T. );
#2575 = ORIENTED_EDGE( '', *, *, #3349, .T. );
#2576 = ORIENTED_EDGE( '', *, *, #3400, .F. );
#2577 = CARTESIAN_POINT( '', ( 0.0625000000000000, -0.0225000000000000, -0.0875000000000000 ) );
#2578 = DIRECTION( '', ( 1.00000000000000, -0.000000000000000, -0.000000000000000 ) );
#2579 = DIRECTION( '', ( 0.000000000000000, 0.000000000000000, 1.00000000000000 ) );
#2580 = SURFACE_STYLE_FILL_AREA( #3401 );
#2581 = ORIENTED_EDGE( '', *, *, #3374, .F. );
#2582 = ORIENTED_EDGE( '', *, *, #3282, .F. );
#2583 = ORIENTED_EDGE( '', *, *, #3402, .F. );
#2584 = ORIENTED_EDGE( '', *, *, #3213, .T. );
#2585 = CARTESIAN_POINT( '', ( 0.130000000000000, 0.000000000000000, -0.115000000000000 ) );
#2586 = DIRECTION( '', ( -0.000000000000000, 1.00000000000000, 0.000000000000000 ) );
#2587 = DIRECTION( '', ( 0.000000000000000, -0.000000000000000, 1.00000000000000 ) );
#2588 = SURFACE_STYLE_FILL_AREA( #3403 );
#2589 = ORIENTED_EDGE( '', *, *, #3404, .F. );
#2590 = ORIENTED_EDGE( '', *, *, #3354, .T. );
#2591 = ORIENTED_EDGE( '', *, *, #3405, .T. );
#2592 = ORIENTED_EDGE( '', *, *, #3050, .F. );
#2593 = CARTESIAN_POINT( '', ( 0.0625000000000000, 0.0650000000000000, -0.0375000000000000 ) );
#2594 = DIRECTION( '', ( 0.000000000000000, -1.00000000000000, 3.41480999208033E-16 ) );
#2595 = DIRECTION( '', ( 0.000000000000000, -3.41480999208033E-16, -1.00000000000000 ) );
#2596 = SURFACE_STYLE_FILL_AREA( #3406 );
#2597 = ORIENTED_EDGE( '', *, *, #2921, .T. );
#2598 = ORIENTED_EDGE( '', *, *, #3275, .F. );
#2599 = ORIENTED_EDGE( '', *, *, #3368, .F. );
#2600 = ORIENTED_EDGE( '', *, *, #3284, .F. );
#2601 = CARTESIAN_POINT( '', ( -0.0200000000000000, 0.0900000000000000, 0.100000000000000 ) );
#2602 = DIRECTION( '', ( 0.000000000000000, 0.000000000000000, 1.00000000000000 ) );
#2603 = DIRECTION( '', ( 1.00000000000000, 0.000000000000000, -0.000000000000000 ) );
#2604 = SURFACE_STYLE_FILL_AREA( #3407 );
#2605 = ORIENTED_EDGE( '', *, *, #3312, .F. );
#2606 = ORIENTED_EDGE( '', *, *, #3227, .T. );
#2607 = ORIENTED_EDGE( '', *, *, #3408, .T. );
#2608 = ORIENTED_EDGE( '', *, *, #3409, .F. );
#2609 = CARTESIAN_POINT( '', ( 0.0625000000000000, -0.172500000000000, -0.223750000000000 ) );
#2610 = DIRECTION( '', ( -0.000000000000000, 0.707106781186550, 0.707106781186546 ) );
#2611 = DIRECTION( '', ( 0.000000000000000, -0.707106781186545, 0.707106781186549 ) );
#2612 = SURFACE_STYLE_FILL_AREA( #3410 );
#2613 = ORIENTED_EDGE( '', *, *, #2985, .T. );
#2614 = ORIENTED_EDGE( '', *, *, #3411, .T. );
#2615 = ORIENTED_EDGE( '', *, *, #2963, .T. );
#2616 = ORIENTED_EDGE( '', *, *, #3412, .T. );
#2617 = ORIENTED_EDGE( '', *, *, #3413, .T. );
#2618 = ORIENTED_EDGE( '', *, *, #3383, .T. );
#2619 = CARTESIAN_POINT( '', ( 0.130000000000000, 0.000000000000000, 0.000000000000000 ) );
#2620 = DIRECTION( '', ( 1.00000000000000, 0.000000000000000, -0.000000000000000 ) );
#2621 = DIRECTION( '', ( -0.000000000000000, 0.000000000000000, -1.00000000000000 ) );
#2622 = SURFACE_STYLE_FILL_AREA( #3414 );
#2623 = ORIENTED_EDGE( '', *, *, #2944, .T. );
#2624 = ORIENTED_EDGE( '', *, *, #3288, .T. );
#2625 = ORIENTED_EDGE( '', *, *, #3006, .T. );
#2626 = ORIENTED_EDGE( '', *, *, #3214, .T. );
#2627 = ORIENTED_EDGE( '', *, *, #3402, .T. );
#2628 = ORIENTED_EDGE( '', *, *, #3281, .T. );
#2629 = CARTESIAN_POINT( '', ( 0.130000000000000, 0.000000000000000, 0.000000000000000 ) );
#2630 = DIRECTION( '', ( 1.00000000000000, 0.000000000000000, -0.000000000000000 ) );
#2631 = DIRECTION( '', ( -0.000000000000000, 0.000000000000000, -1.00000000000000 ) );
#2632 = SURFACE_STYLE_FILL_AREA( #3415 );
#2633 = ORIENTED_EDGE( '', *, *, #2967, .F. );
#2634 = ORIENTED_EDGE( '', *, *, #3384, .F. );
#2635 = ORIENTED_EDGE( '', *, *, #3413, .F. );
#2636 = ORIENTED_EDGE( '', *, *, #3416, .T. );
#2637 = CARTESIAN_POINT( '', ( 0.130000000000000, 0.000000000000000, 0.145000000000000 ) );
#2638 = DIRECTION( '', ( -0.000000000000000, 1.00000000000000, 0.000000000000000 ) );
#2639 = DIRECTION( '', ( 0.000000000000000, -0.000000000000000, 1.00000000000000 ) );
#2640 = SURFACE_STYLE_FILL_AREA( #3417 );
#2641 = ORIENTED_EDGE( '', *, *, #3418, .F. );
#2642 = ORIENTED_EDGE( '', *, *, #3114, .F. );
#2643 = ORIENTED_EDGE( '', *, *, #3400, .T. );
#2644 = ORIENTED_EDGE( '', *, *, #3348, .F. );
#2645 = ORIENTED_EDGE( '', *, *, #3419, .F. );
#2646 = ORIENTED_EDGE( '', *, *, #3192, .F. );
#2647 = ORIENTED_EDGE( '', *, *, #3238, .F. );
#2648 = ORIENTED_EDGE( '', *, *, #3078, .F. );
#2649 = ORIENTED_EDGE( '', *, *, #3420, .F. );
#2650 = ORIENTED_EDGE( '', *, *, #3247, .F. );
#2651 = ORIENTED_EDGE( '', *, *, #3421, .F. );
#2652 = ORIENTED_EDGE( '', *, *, #3167, .F. );
#2653 = ORIENTED_EDGE( '', *, *, #3294, .T. );
#2654 = ORIENTED_EDGE( '', *, *, #3242, .F. );
#2655 = ORIENTED_EDGE( '', *, *, #3391, .F. );
#2656 = ORIENTED_EDGE( '', *, *, #3422, .F. );
#2657 = ORIENTED_EDGE( '', *, *, #3408, .F. );
#2658 = ORIENTED_EDGE( '', *, *, #3226, .F. );
#2659 = ORIENTED_EDGE( '', *, *, #3232, .F. );
#2660 = ORIENTED_EDGE( '', *, *, #3038, .F. );
#2661 = ORIENTED_EDGE( '', *, *, #3188, .F. );
#2662 = ORIENTED_EDGE( '', *, *, #3326, .F. );
#2663 = ORIENTED_EDGE( '', *, *, #3423, .F. );
#2664 = ORIENTED_EDGE( '', *, *, #3051, .F. );
#2665 = ORIENTED_EDGE( '', *, *, #3405, .F. );
#2666 = ORIENTED_EDGE( '', *, *, #3353, .F. );
#2667 = ORIENTED_EDGE( '', *, *, #3361, .F. );
#2668 = ORIENTED_EDGE( '', *, *, #3424, .F. );
#2669 = CARTESIAN_POINT( '', ( -0.0625000000000000, -0.122500000000000, 0.0125000000000000 ) );
#2670 = DIRECTION( '', ( 1.00000000000000, 0.000000000000000, 0.000000000000000 ) );
#2671 = DIRECTION( '', ( 0.000000000000000, 0.000000000000000, -1.00000000000000 ) );
#2672 = SURFACE_STYLE_FILL_AREA( #3425 );
#2673 = ORIENTED_EDGE( '', *, *, #2928, .T. );
#2674 = ORIENTED_EDGE( '', *, *, #3102, .F. );
#2675 = ORIENTED_EDGE( '', *, *, #3095, .F. );
#2676 = ORIENTED_EDGE( '', *, *, #3104, .T. );
#2677 = CARTESIAN_POINT( '', ( -0.0949500000000000, 0.0900000000000000, -0.114900000000000 ) );
#2678 = DIRECTION( '', ( -1.00000000000000, 0.000000000000000, 0.000000000000000 ) );
#2679 = DIRECTION( '', ( 0.000000000000000, 0.000000000000000, 1.00000000000000 ) );
#2680 = SURFACE_STYLE_FILL_AREA( #3426 );
#2681 = ORIENTED_EDGE( '', *, *, #3036, .T. );
#2682 = ORIENTED_EDGE( '', *, *, #3427, .T. );
#2683 = ORIENTED_EDGE( '', *, *, #3107, .T. );
#2684 = ORIENTED_EDGE( '', *, *, #3428, .T. );
#2685 = ORIENTED_EDGE( '', *, *, #3429, .T. );
#2686 = ORIENTED_EDGE( '', *, *, #3359, .T. );
#2687 = ORIENTED_EDGE( '', *, *, #3351, .T. );
#2688 = ORIENTED_EDGE( '', *, *, #3404, .T. );
#2689 = ORIENTED_EDGE( '', *, *, #3049, .T. );
#2690 = ORIENTED_EDGE( '', *, *, #3430, .T. );
#2691 = ORIENTED_EDGE( '', *, *, #3324, .T. );
#2692 = ORIENTED_EDGE( '', *, *, #3186, .T. );
#2693 = CARTESIAN_POINT( '', ( -0.0375000000000001, 0.325000000000000, 0.145000000000000 ) );
#2694 = DIRECTION( '', ( 1.00000000000000, 0.000000000000000, -0.000000000000000 ) );
#2695 = DIRECTION( '', ( -0.000000000000000, 0.000000000000000, -1.00000000000000 ) );
#2696 = SURFACE_STYLE_FILL_AREA( #3431 );
#2697 = ORIENTED_EDGE( '', *, *, #3296, .F. );
#2698 = ORIENTED_EDGE( '', *, *, #3145, .T. );
#2699 = ORIENTED_EDGE( '', *, *, #3432, .T. );
#2700 = ORIENTED_EDGE( '', *, *, #3033, .F. );
#2701 = CARTESIAN_POINT( '', ( 0.130000000000000, 0.000000000000000, 0.145000000000000 ) );
#2702 = DIRECTION( '', ( -0.000000000000000, 1.00000000000000, 0.000000000000000 ) );
#2703 = DIRECTION( '', ( 0.000000000000000, -0.000000000000000, 1.00000000000000 ) );
#2704 = SURFACE_STYLE_FILL_AREA( #3433 );
#2705 = ORIENTED_EDGE( '', *, *, #3398, .F. );
#2706 = ORIENTED_EDGE( '', *, *, #3434, .F. );
#2707 = ORIENTED_EDGE( '', *, *, #3170, .F. );
#2708 = ORIENTED_EDGE( '', *, *, #3043, .T. );
#2709 = CARTESIAN_POINT( '', ( 0.0625000000000000, -0.122500000000000, 0.0125000000000000 ) );
#2710 = DIRECTION( '', ( 1.00000000000000, -0.000000000000000, -0.000000000000000 ) );
#2711 = DIRECTION( '', ( 0.000000000000000, 0.000000000000000, 1.00000000000000 ) );
#2712 = SURFACE_STYLE_FILL_AREA( #3435 );
#2713 = ORIENTED_EDGE( '', *, *, #3313, .T. );
#2714 = ORIENTED_EDGE( '', *, *, #3409, .T. );
#2715 = ORIENTED_EDGE( '', *, *, #3422, .T. );
#2716 = ORIENTED_EDGE( '', *, *, #3390, .F. );
#2717 = CARTESIAN_POINT( '', ( 0.0625000000000000, -0.166250000000000, -0.230000000000000 ) );
#2718 = DIRECTION( '', ( 0.000000000000000, 0.000000000000000, 1.00000000000000 ) );
#2719 = DIRECTION( '', ( 1.00000000000000, 0.000000000000000, -0.000000000000000 ) );
#2720 = SURFACE_STYLE_FILL_AREA( #3436 );
#2721 = ORIENTED_EDGE( '', *, *, #3269, .F. );
#2722 = ORIENTED_EDGE( '', *, *, #3291, .F. );
#2723 = ORIENTED_EDGE( '', *, *, #3179, .F. );
#2724 = ORIENTED_EDGE( '', *, *, #3204, .T. );
#2725 = CARTESIAN_POINT( '', ( 0.0625000000000000, -0.0225000000000000, -0.0875000000000000 ) );
#2726 = DIRECTION( '', ( 1.00000000000000, -0.000000000000000, -0.000000000000000 ) );
#2727 = DIRECTION( '', ( 0.000000000000000, 0.000000000000000, 1.00000000000000 ) );
#2728 = SURFACE_STYLE_FILL_AREA( #3437 );
#2729 = ORIENTED_EDGE( '', *, *, #2954, .F. );
#2730 = ORIENTED_EDGE( '', *, *, #3271, .F. );
#2731 = ORIENTED_EDGE( '', *, *, #3065, .F. );
#2732 = ORIENTED_EDGE( '', *, *, #3322, .F. );
#2733 = ORIENTED_EDGE( '', *, *, #2992, .F. );
#2734 = ORIENTED_EDGE( '', *, *, #3034, .F. );
#2735 = ORIENTED_EDGE( '', *, *, #3432, .F. );
#2736 = ORIENTED_EDGE( '', *, *, #3144, .F. );
#2737 = CARTESIAN_POINT( '', ( -0.130000000000000, 0.000000000000000, -0.000000000000000 ) );
#2738 = DIRECTION( '', ( 1.00000000000000, 0.000000000000000, -0.000000000000000 ) );
#2739 = DIRECTION( '', ( -0.000000000000000, 0.000000000000000, -1.00000000000000 ) );
#2740 = SURFACE_STYLE_FILL_AREA( #3438 );
#2741 = ORIENTED_EDGE( '', *, *, #3221, .T. );
#2742 = ORIENTED_EDGE( '', *, *, #2998, .T. );
#2743 = ORIENTED_EDGE( '', *, *, #3121, .T. );
#2744 = ORIENTED_EDGE( '', *, *, #3439, .T. );
#2745 = CARTESIAN_POINT( '', ( -0.0175000000000000, -0.0200000000000000, 0.145000000000000 ) );
#2746 = DIRECTION( '', ( -1.00000000000000, 0.000000000000000, 0.000000000000000 ) );
#2747 = DIRECTION( '', ( 0.000000000000000, 0.000000000000000, 1.00000000000000 ) );
#2748 = SURFACE_STYLE_FILL_AREA( #3440 );
#2749 = ORIENTED_EDGE( '', *, *, #3301, .F. );
#2750 = ORIENTED_EDGE( '', *, *, #3193, .T. );
#2751 = ORIENTED_EDGE( '', *, *, #3419, .T. );
#2752 = ORIENTED_EDGE( '', *, *, #3347, .F. );
#2753 = CARTESIAN_POINT( '', ( 0.0625000000000000, -0.0537500000000000, -0.230000000000000 ) );
#2754 = DIRECTION( '', ( 0.000000000000000, -0.707106781186548, 0.707106781186548 ) );
#2755 = DIRECTION( '', ( 0.000000000000000, -0.707106781186547, -0.707106781186547 ) );
#2756 = SURFACE_STYLE_FILL_AREA( #3441 );
#2757 = ORIENTED_EDGE( '', *, *, #3430, .F. );
#2758 = ORIENTED_EDGE( '', *, *, #3052, .T. );
#2759 = ORIENTED_EDGE( '', *, *, #3423, .T. );
#2760 = ORIENTED_EDGE( '', *, *, #3325, .F. );
#2761 = CARTESIAN_POINT( '', ( 0.0625000000000000, 0.298750000000000, 0.0375000000000000 ) );
#2762 = DIRECTION( '', ( 0.000000000000000, -0.707106781186549, 0.707106781186546 ) );
#2763 = DIRECTION( '', ( 0.000000000000000, -0.707106781186546, -0.707106781186549 ) );
#2764 = SURFACE_STYLE_FILL_AREA( #3442 );
#2765 = ORIENTED_EDGE( '', *, *, #3428, .F. );
#2766 = ORIENTED_EDGE( '', *, *, #3115, .T. );
#2767 = ORIENTED_EDGE( '', *, *, #3418, .T. );
#2768 = ORIENTED_EDGE( '', *, *, #3443, .F. );
#2769 = CARTESIAN_POINT( '', ( 0.0625000000000000, 0.298750000000000, -0.0625000000000000 ) );
#2770 = DIRECTION( '', ( 0.000000000000000, -0.707106781186550, 0.707106781186546 ) );
#2771 = DIRECTION( '', ( 0.000000000000000, -0.707106781186545, -0.707106781186549 ) );
#2772 = SURFACE_STYLE_FILL_AREA( #3444 );
#2773 = ORIENTED_EDGE( '', *, *, #3300, .F. );
#2774 = ORIENTED_EDGE( '', *, *, #3248, .T. );
#2775 = ORIENTED_EDGE( '', *, *, #3420, .T. );
#2776 = ORIENTED_EDGE( '', *, *, #3077, .F. );
#2777 = CARTESIAN_POINT( '', ( 0.0625000000000000, -0.0225000000000000, -0.0875000000000000 ) );
#2778 = DIRECTION( '', ( 1.00000000000000, -0.000000000000000, -0.000000000000000 ) );
#2779 = DIRECTION( '', ( 0.000000000000000, 0.000000000000000, 1.00000000000000 ) );
#2780 = SURFACE_STYLE_FILL_AREA( #3445 );
#2781 = ORIENTED_EDGE( '', *, *, #2938, .T. );
#2782 = ORIENTED_EDGE( '', *, *, #3357, .F. );
#2783 = ORIENTED_EDGE( '', *, *, #3369, .F. );
#2784 = ORIENTED_EDGE( '', *, *, #3276, .T. );
#2785 = CARTESIAN_POINT( '', ( 0.00504999999999999, 0.0900000000000000, 0.115000000000000 ) );
#2786 = DIRECTION( '', ( 0.000000000000000, 0.000000000000000, 1.00000000000000 ) );
#2787 = DIRECTION( '', ( 1.00000000000000, 0.000000000000000, -0.000000000000000 ) );
#2788 = SURFACE_STYLE_FILL_AREA( #3446 );
#2789 = ORIENTED_EDGE( '', *, *, #2978, .F. );
#2790 = ORIENTED_EDGE( '', *, *, #2925, .T. );
#2791 = ORIENTED_EDGE( '', *, *, #3019, .F. );
#2792 = ORIENTED_EDGE( '', *, *, #3371, .F. );
#2793 = ORIENTED_EDGE( '', *, *, #3251, .T. );
#2794 = ORIENTED_EDGE( '', *, *, #3137, .T. );
#2795 = ORIENTED_EDGE( '', *, *, #3328, .F. );
#2796 = ORIENTED_EDGE( '', *, *, #3345, .F. );
#2797 = ORIENTED_EDGE( '', *, *, #2894, .F. );
#2798 = ORIENTED_EDGE( '', *, *, #3026, .F. );
#2799 = CARTESIAN_POINT( '', ( -0.00505000000000001, 0.0900000000000000, 0.00510000000000001 ) );
#2800 = DIRECTION( '', ( 0.000000000000000, 0.000000000000000, -1.00000000000000 ) );
#2801 = DIRECTION( '', ( -1.00000000000000, 0.000000000000000, 0.000000000000000 ) );
#2802 = SURFACE_STYLE_FILL_AREA( #3447 );
#2803 = ORIENTED_EDGE( '', *, *, #3070, .F. );
#2804 = ORIENTED_EDGE( '', *, *, #3061, .F. );
#2805 = ORIENTED_EDGE( '', *, *, #3184, .F. );
#2806 = ORIENTED_EDGE( '', *, *, #3298, .T. );
#2807 = CARTESIAN_POINT( '', ( 0.0625000000000000, 0.0650000000000000, -0.0375000000000000 ) );
#2808 = DIRECTION( '', ( 0.000000000000000, -1.00000000000000, 3.41480999208033E-16 ) );
#2809 = DIRECTION( '', ( 0.000000000000000, -3.41480999208033E-16, -1.00000000000000 ) );
#2810 = SURFACE_STYLE_FILL_AREA( #3448 );
#2811 = ORIENTED_EDGE( '', *, *, #3047, .T. );
#2812 = ORIENTED_EDGE( '', *, *, #3074, .T. );
#2813 = ORIENTED_EDGE( '', *, *, #3108, .T. );
#2814 = ORIENTED_EDGE( '', *, *, #3427, .F. );
#2815 = CARTESIAN_POINT( '', ( -0.0375000000000001, 0.0600000000000000, 0.145000000000000 ) );
#2816 = DIRECTION( '', ( 0.000000000000000, 1.00000000000000, 0.000000000000000 ) );
#2817 = DIRECTION( '', ( 0.000000000000000, -0.000000000000000, 1.00000000000000 ) );
#2818 = SURFACE_STYLE_FILL_AREA( #3449 );
#2819 = ORIENTED_EDGE( '', *, *, #2962, .T. );
#2820 = ORIENTED_EDGE( '', *, *, #2968, .F. );
#2821 = ORIENTED_EDGE( '', *, *, #3416, .F. );
#2822 = ORIENTED_EDGE( '', *, *, #3412, .F. );
#2823 = CARTESIAN_POINT( '', ( 0.130000000000000, 0.320000000000000, 0.145000000000000 ) );
#2824 = DIRECTION( '', ( 0.000000000000000, 0.000000000000000, -1.00000000000000 ) );
#2825 = DIRECTION( '', ( -1.00000000000000, 0.000000000000000, 0.000000000000000 ) );
#2826 = SURFACE_STYLE_FILL_AREA( #3450 );
#2827 = ORIENTED_EDGE( '', *, *, #3376, .F. );
#2828 = ORIENTED_EDGE( '', *, *, #3222, .T. );
#2829 = ORIENTED_EDGE( '', *, *, #3439, .F. );
#2830 = ORIENTED_EDGE( '', *, *, #3120, .F. );
#2831 = CARTESIAN_POINT( '', ( 0.130000000000000, 0.000000000000000, -0.115000000000000 ) );
#2832 = DIRECTION( '', ( -0.000000000000000, 1.00000000000000, 0.000000000000000 ) );
#2833 = DIRECTION( '', ( 0.000000000000000, -0.000000000000000, 1.00000000000000 ) );
#2834 = SURFACE_STYLE_FILL_AREA( #3451 );
#2835 = ORIENTED_EDGE( '', *, *, #3131, .T. );
#2836 = ORIENTED_EDGE( '', *, *, #3140, .T. );
#2837 = ORIENTED_EDGE( '', *, *, #3370, .F. );
#2838 = ORIENTED_EDGE( '', *, *, #3317, .T. );
#2839 = CARTESIAN_POINT( '', ( 0.00504999999999999, 0.0900000000000000, 0.00510000000000000 ) );
#2840 = DIRECTION( '', ( -1.00000000000000, 0.000000000000000, 0.000000000000000 ) );
#2841 = DIRECTION( '', ( 0.000000000000000, 0.000000000000000, 1.00000000000000 ) );
#2842 = SURFACE_STYLE_FILL_AREA( #3452 );
#2843 = ORIENTED_EDGE( '', *, *, #3429, .F. );
#2844 = ORIENTED_EDGE( '', *, *, #3443, .T. );
#2845 = ORIENTED_EDGE( '', *, *, #3424, .T. );
#2846 = ORIENTED_EDGE( '', *, *, #3360, .F. );
#2847 = CARTESIAN_POINT( '', ( 0.0625000000000000, 0.305000000000000, -0.0562500000000000 ) );
#2848 = DIRECTION( '', ( 0.000000000000000, -1.00000000000000, 0.000000000000000 ) );
#2849 = DIRECTION( '', ( 0.000000000000000, 0.000000000000000, -1.00000000000000 ) );
#2850 = SURFACE_STYLE_FILL_AREA( #3453 );
#2851 = ORIENTED_EDGE( '', *, *, #2984, .T. );
#2852 = ORIENTED_EDGE( '', *, *, #3332, .F. );
#2853 = ORIENTED_EDGE( '', *, *, #2964, .T. );
#2854 = ORIENTED_EDGE( '', *, *, #3411, .F. );
#2855 = CARTESIAN_POINT( '', ( 0.125000000000000, 0.320000000000000, 0.0750000000000000 ) );
#2856 = DIRECTION( '', ( 0.000000000000000, 0.000000000000000, -1.00000000000000 ) );
#2857 = DIRECTION( '', ( -1.00000000000000, 0.000000000000000, 0.000000000000000 ) );
#2858 = SURFACE_STYLE_FILL_AREA( #3454 );
#2859 = ORIENTED_EDGE( '', *, *, #3397, .F. );
#2860 = ORIENTED_EDGE( '', *, *, #3340, .F. );
#2861 = ORIENTED_EDGE( '', *, *, #3171, .F. );
#2862 = ORIENTED_EDGE( '', *, *, #3434, .T. );
#2863 = CARTESIAN_POINT( '', ( 0.0625000000000000, -0.172500000000000, 0.0125000000000000 ) );
#2864 = DIRECTION( '', ( -0.000000000000000, 1.00000000000000, 0.000000000000000 ) );
#2865 = DIRECTION( '', ( 0.000000000000000, -0.000000000000000, 1.00000000000000 ) );
#2866 = SURFACE_STYLE_FILL_AREA( #3455 );
#2867 = ORIENTED_EDGE( '', *, *, #3148, .T. );
#2868 = ORIENTED_EDGE( '', *, *, #3396, .F. );
#2869 = ORIENTED_EDGE( '', *, *, #3041, .T. );
#2870 = ORIENTED_EDGE( '', *, *, #3315, .T. );
#2871 = ORIENTED_EDGE( '', *, *, #3168, .T. );
#2872 = ORIENTED_EDGE( '', *, *, #3421, .T. );
#2873 = ORIENTED_EDGE( '', *, *, #3246, .F. );
#2874 = ORIENTED_EDGE( '', *, *, #3304, .T. );
#2875 = ORIENTED_EDGE( '', *, *, #3111, .T. );
#2876 = ORIENTED_EDGE( '', *, *, #3265, .F. );
#2877 = ORIENTED_EDGE( '', *, *, #3205, .F. );
#2878 = ORIENTED_EDGE( '', *, *, #3177, .F. );
#2879 = CARTESIAN_POINT( '', ( 0.0625000000000000, 0.0400000000000000, 0.0375000000000000 ) );
#2880 = DIRECTION( '', ( 0.000000000000000, 1.00000000000000, -1.13826999736011E-16 ) );
#2881 = DIRECTION( '', ( 0.000000000000000, 1.13826999736011E-16, 1.00000000000000 ) );
#2883 = FILL_AREA_STYLE( '', ( #3456 ) );
#2884 = EDGE_CURVE( '', #3457, #3458, #3459, .T. );
#2885 = EDGE_CURVE( '', #3460, #3457, #3461, .T. );
#2886 = EDGE_CURVE( '', #3462, #3460, #3463, .T. );
#2887 = EDGE_CURVE( '', #3462, #3458, #3464, .T. );
#2888 = FILL_AREA_STYLE( '', ( #3465 ) );
#2889 = EDGE_CURVE( '', #3466, #3467, #3468, .T. );
#2890 = EDGE_CURVE( '', #3466, #3469, #3470, .T. );
#2891 = EDGE_CURVE( '', #3469, #3471, #3472, .T. );
#2892 = EDGE_CURVE( '', #3471, #3467, #3473, .T. );
#2893 = FILL_AREA_STYLE( '', ( #3474 ) );
#2894 = EDGE_CURVE( '', #3475, #3476, #3477, .T. );
#2895 = EDGE_CURVE( '', #3476, #3478, #3479, .T. );
#2896 = EDGE_CURVE( '', #3478, #3480, #3481, .T. );
#2897 = EDGE_CURVE( '', #3475, #3480, #3482, .T. );
#2898 = FILL_AREA_STYLE( '', ( #3483 ) );
#2899 = EDGE_CURVE( '', #3484, #3485, #3486, .T. );
#2900 = EDGE_CURVE( '', #3487, #3484, #3488, .T. );
#2901 = EDGE_CURVE( '', #3489, #3487, #3490, .T. );
#2902 = EDGE_CURVE( '', #3489, #3485, #3491, .T. );
#2903 = FILL_AREA_STYLE( '', ( #3492 ) );
#2904 = EDGE_CURVE( '', #3493, #3494, #3495, .T. );
#2905 = EDGE_CURVE( '', #3493, #3471, #3496, .T. );
#2906 = EDGE_CURVE( '', #3494, #3469, #3497, .T. );
#2907 = FILL_AREA_STYLE( '', ( #3498 ) );
#2908 = EDGE_CURVE( '', #3499, #3500, #3501, .T. );
#2909 = EDGE_CURVE( '', #3500, #3502, #3503, .T. );
#2910 = EDGE_CURVE( '', #3502, #3504, #3505, .T. );
#2911 = EDGE_CURVE( '', #3504, #3506, #3507, .T. );
#2912 = EDGE_CURVE( '', #3506, #3508, #3509, .T. );
#2913 = EDGE_CURVE( '', #3508, #3499, #3510, .T. );
#2914 = FILL_AREA_STYLE( '', ( #3511 ) );
#2915 = EDGE_CURVE( '', #3512, #3513, #3514, .T. );
#2916 = EDGE_CURVE( '', #3515, #3513, #3516, .T. );
#2917 = EDGE_CURVE( '', #3515, #3517, #3518, .T. );
#2918 = EDGE_CURVE( '', #3517, #3512, #3519, .T. );
#2919 = FILL_AREA_STYLE( '', ( #3520 ) );
#2920 = EDGE_CURVE( '', #3521, #3522, #3523, .T. );
#2921 = EDGE_CURVE( '', #3524, #3521, #3525, .T. );
#2922 = EDGE_CURVE( '', #3526, #3524, #3527, .T. );
#2923 = EDGE_CURVE( '', #3528, #3526, #3529, .T. );
#2924 = EDGE_CURVE( '', #3530, #3528, #3531, .T. );
#2925 = EDGE_CURVE( '', #3532, #3530, #3533, .T. );
#2926 = EDGE_CURVE( '', #3532, #3534, #3535, .T. );
#2927 = EDGE_CURVE( '', #3536, #3534, #3537, .T. );
#2928 = EDGE_CURVE( '', #3538, #3536, #3539, .T. );
#2929 = EDGE_CURVE( '', #3540, #3538, #3541, .T. );
#2930 = EDGE_CURVE( '', #3542, #3540, #3543, .T. );
#2931 = EDGE_CURVE( '', #3544, #3542, #3545, .T. );
#2932 = EDGE_CURVE( '', #3546, #3544, #3547, .T. );
#2933 = EDGE_CURVE( '', #3548, #3546, #3549, .T. );
#2934 = EDGE_CURVE( '', #3550, #3548, #3551, .T. );
#2935 = EDGE_CURVE( '', #3512, #3550, #3552, .T. );
#2936 = EDGE_CURVE( '', #3553, #3517, #3554, .T. );
#2937 = EDGE_CURVE( '', #3555, #3553, #3556, .T. );
#2938 = EDGE_CURVE( '', #3522, #3555, #3557, .T. );
#2939 = EDGE_CURVE( '', #3558, #3559, #3560, .T. );
#2940 = EDGE_CURVE( '', #3561, #3558, #3562, .T. );
#2941 = EDGE_CURVE( '', #3563, #3561, #3564, .T. );
#2942 = EDGE_CURVE( '', #3565, #3563, #3566, .T. );
#2943 = EDGE_CURVE( '', #3567, #3565, #3568, .T. );
#2944 = EDGE_CURVE( '', #3569, #3567, #3570, .T. );
#2945 = EDGE_CURVE( '', #3569, #3571, #3572, .T. );
#2946 = EDGE_CURVE( '', #3571, #3573, #3574, .T. );
#2947 = EDGE_CURVE( '', #3573, #3575, #3576, .T. );
#2948 = EDGE_CURVE( '', #3575, #3577, #3578, .T. );
#2949 = EDGE_CURVE( '', #3577, #3579, #3580, .T. );
#2950 = EDGE_CURVE( '', #3579, #3581, #3582, .T. );
#2951 = EDGE_CURVE( '', #3581, #3583, #3584, .T. );
#2952 = EDGE_CURVE( '', #3583, #3585, #3586, .T. );
#2953 = EDGE_CURVE( '', #3585, #3587, #3588, .T. );
#2954 = EDGE_CURVE( '', #3587, #3589, #3590, .T. );
#2955 = EDGE_CURVE( '', #3591, #3589, #3592, .T. );
#2956 = EDGE_CURVE( '', #3591, #3593, #3594, .T. );
#2957 = EDGE_CURVE( '', #3593, #3595, #3596, .T. );
#2958 = EDGE_CURVE( '', #3595, #3597, #3598, .T. );
#2959 = EDGE_CURVE( '', #3499, #3597, #3599, .T. );
#2960 = EDGE_CURVE( '', #3508, #3600, #3601, .T. );
#2961 = EDGE_CURVE( '', #3600, #3602, #3603, .T. );
#2962 = EDGE_CURVE( '', #3604, #3602, #3605, .T. );
#2963 = EDGE_CURVE( '', #3606, #3604, #3607, .T. );
#2964 = EDGE_CURVE( '', #3608, #3606, #3609, .T. );
#2965 = EDGE_CURVE( '', #3559, #3608, #3610, .T. );
#2966 = FILL_AREA_STYLE( '', ( #3611 ) );
#2967 = EDGE_CURVE( '', #3612, #3613, #3614, .T. );
#2968 = EDGE_CURVE( '', #3613, #3602, #3615, .T. );
#2969 = EDGE_CURVE( '', #3600, #3616, #3617, .T. );
#2970 = EDGE_CURVE( '', #3616, #3618, #3619, .T. );
#2971 = EDGE_CURVE( '', #3618, #3612, #3620, .T. );
#2972 = FILL_AREA_STYLE( '', ( #3621 ) );
#2973 = EDGE_CURVE( '', #3622, #3623, #3624, .T. );
#2974 = EDGE_CURVE( '', #3625, #3623, #3626, .T. );
#2975 = EDGE_CURVE( '', #3625, #3627, #3628, .T. );
#2976 = EDGE_CURVE( '', #3627, #3622, #3629, .T. );
#2977 = FILL_AREA_STYLE( '', ( #3630 ) );
#2978 = EDGE_CURVE( '', #3532, #3631, #3632, .T. );
#2979 = EDGE_CURVE( '', #3631, #3633, #3634, .T. );
#2980 = EDGE_CURVE( '', #3633, #3534, #3635, .T. );
#2981 = FILL_AREA_STYLE( '', ( #3636 ) );
#2982 = EDGE_CURVE( '', #3637, #3638, #3639, .T. );
#2983 = EDGE_CURVE( '', #3640, #3637, #3641, .T. );
#2984 = EDGE_CURVE( '', #3642, #3640, #3643, .T. );
#2985 = EDGE_CURVE( '', #3644, #3642, #3645, .T. );
#2986 = EDGE_CURVE( '', #3644, #3618, #3646, .T. );
#2987 = EDGE_CURVE( '', #3616, #3647, #3648, .T. );
#2988 = EDGE_CURVE( '', #3647, #3494, #3649, .T. );
#2989 = EDGE_CURVE( '', #3466, #3650, #3651, .T. );
#2990 = EDGE_CURVE( '', #3650, #3652, #3653, .T. );
#2991 = EDGE_CURVE( '', #3652, #3654, #3655, .T. );
#2992 = EDGE_CURVE( '', #3654, #3656, #3657, .T. );
#2993 = EDGE_CURVE( '', #3658, #3656, #3659, .T. );
#2994 = EDGE_CURVE( '', #3658, #3660, #3661, .T. );
#2995 = EDGE_CURVE( '', #3660, #3662, #3663, .T. );
#2996 = EDGE_CURVE( '', #3662, #3664, #3665, .T. );
#2997 = EDGE_CURVE( '', #3666, #3664, #3667, .T. );
#2998 = EDGE_CURVE( '', #3668, #3666, #3669, .T. );
#2999 = EDGE_CURVE( '', #3670, #3668, #3671, .T. );
#3000 = EDGE_CURVE( '', #3670, #3672, #3673, .T. );
#3001 = EDGE_CURVE( '', #3674, #3672, #3675, .T. );
#3002 = EDGE_CURVE( '', #3674, #3676, #3677, .T. );
#3003 = EDGE_CURVE( '', #3676, #3678, #3679, .T. );
#3004 = EDGE_CURVE( '', #3680, #3678, #3681, .T. );
#3005 = EDGE_CURVE( '', #3682, #3680, #3683, .T. );
#3006 = EDGE_CURVE( '', #3684, #3682, #3685, .T. );
#3007 = EDGE_CURVE( '', #3686, #3684, #3687, .T. );
#3008 = EDGE_CURVE( '', #3688, #3686, #3689, .T. );
#3009 = EDGE_CURVE( '', #3690, #3688, #3691, .T. );
#3010 = EDGE_CURVE( '', #3638, #3690, #3692, .T. );
#3011 = FILL_AREA_STYLE( '', ( #3693 ) );
#3012 = EDGE_CURVE( '', #3694, #3695, #3696, .T. );
#3013 = EDGE_CURVE( '', #3697, #3695, #3698, .T. );
#3014 = EDGE_CURVE( '', #3699, #3697, #3700, .T. );
#3015 = EDGE_CURVE( '', #3699, #3694, #3701, .T. );
#3016 = FILL_AREA_STYLE( '', ( #3702 ) );
#3017 = EDGE_CURVE( '', #3703, #3528, #3704, .T. );
#3018 = EDGE_CURVE( '', #3705, #3703, #3706, .T. );
#3019 = EDGE_CURVE( '', #3705, #3530, #3707, .T. );
#3020 = FILL_AREA_STYLE( '', ( #3708 ) );
#3021 = EDGE_CURVE( '', #3709, #3710, #3711, .T. );
#3022 = EDGE_CURVE( '', #3712, #3709, #3713, .T. );
#3023 = EDGE_CURVE( '', #3714, #3712, #3715, .T. );
#3024 = EDGE_CURVE( '', #3714, #3710, #3716, .T. );
#3025 = FILL_AREA_STYLE( '', ( #3717 ) );
#3026 = EDGE_CURVE( '', #3631, #3475, #3718, .T. );
#3027 = EDGE_CURVE( '', #3480, #3633, #3719, .T. );
#3028 = FILL_AREA_STYLE( '', ( #3720 ) );
#3029 = EDGE_CURVE( '', #3721, #3493, #3722, .T. );
#3030 = EDGE_CURVE( '', #3467, #3721, #3723, .T. );
#3031 = FILL_AREA_STYLE( '', ( #3724 ) );
#3032 = EDGE_CURVE( '', #3725, #3652, #3726, .T. );
#3033 = EDGE_CURVE( '', #3725, #3727, #3728, .T. );
#3034 = EDGE_CURVE( '', #3727, #3654, #3729, .T. );
#3035 = FILL_AREA_STYLE( '', ( #3730 ) );
#3036 = EDGE_CURVE( '', #3731, #3732, #3733, .T. );
#3037 = EDGE_CURVE( '', #3731, #3734, #3735, .T. );
#3038 = EDGE_CURVE( '', #3734, #3736, #3737, .T. );
#3039 = EDGE_CURVE( '', #3738, #3736, #3739, .T. );
#3040 = EDGE_CURVE( '', #3740, #3738, #3741, .T. );
#3041 = EDGE_CURVE( '', #3742, #3740, #3743, .T. );
#3042 = EDGE_CURVE( '', #3744, #3742, #3745, .T. );
#3043 = EDGE_CURVE( '', #3746, #3744, #3747, .T. );
#3044 = EDGE_CURVE( '', #3748, #3746, #3749, .T. );
#3045 = EDGE_CURVE( '', #3748, #3750, #3751, .T. );
#3046 = EDGE_CURVE( '', #3752, #3750, #3753, .T. );
#3047 = EDGE_CURVE( '', #3732, #3752, #3754, .T. );
#3048 = FILL_AREA_STYLE( '', ( #3755 ) );
#3049 = EDGE_CURVE( '', #3756, #3757, #3758, .T. );
#3050 = EDGE_CURVE( '', #3756, #3759, #3760, .T. );
#3051 = EDGE_CURVE( '', #3759, #3761, #3762, .T. );
#3052 = EDGE_CURVE( '', #3757, #3761, #3763, .T. );
#3053 = FILL_AREA_STYLE( '', ( #3764 ) );
#3054 = EDGE_CURVE( '', #3765, #3766, #3767, .T. );
#3055 = EDGE_CURVE( '', #3765, #3768, #3769, .T. );
#3056 = EDGE_CURVE( '', #3768, #3770, #3771, .T. );
#3057 = EDGE_CURVE( '', #3766, #3770, #3772, .T. );
#3058 = FILL_AREA_STYLE( '', ( #3773 ) );
#3059 = EDGE_CURVE( '', #3485, #3774, #3775, .T. );
#3060 = EDGE_CURVE( '', #3776, #3489, #3777, .T. );
#3061 = EDGE_CURVE( '', #3776, #3774, #3778, .T. );
#3062 = FILL_AREA_STYLE( '', ( #3779 ) );
#3063 = EDGE_CURVE( '', #3780, #3781, #3782, .T. );
#3064 = EDGE_CURVE( '', #3780, #3783, #3784, .T. );
#3065 = EDGE_CURVE( '', #3783, #3785, #3786, .T. );
#3066 = EDGE_CURVE( '', #3781, #3785, #3787, .T. );
#3067 = FILL_AREA_STYLE( '', ( #3788 ) );
#3068 = EDGE_CURVE( '', #3750, #3789, #3790, .T. );
#3069 = EDGE_CURVE( '', #3789, #3484, #3791, .T. );
#3070 = EDGE_CURVE( '', #3774, #3792, #3793, .T. );
#3071 = EDGE_CURVE( '', #3792, #3709, #3794, .T. );
#3072 = EDGE_CURVE( '', #3710, #3457, #3795, .T. );
#3073 = EDGE_CURVE( '', #3458, #3796, #3797, .T. );
#3074 = EDGE_CURVE( '', #3752, #3796, #3798, .T. );
#3075 = FILL_AREA_STYLE( '', ( #3799 ) );
#3076 = EDGE_CURVE( '', #3800, #3801, #3802, .T. );
#3077 = EDGE_CURVE( '', #3800, #3803, #3804, .T. );
#3078 = EDGE_CURVE( '', #3803, #3805, #3806, .T. );
#3079 = EDGE_CURVE( '', #3801, #3805, #3807, .T. );
#3080 = FILL_AREA_STYLE( '', ( #3808 ) );
#3081 = EDGE_CURVE( '', #3809, #3810, #3811, .T. );
#3082 = EDGE_CURVE( '', #3810, #3812, #3813, .T. );
#3083 = EDGE_CURVE( '', #3814, #3812, #3815, .T. );
#3084 = EDGE_CURVE( '', #3814, #3809, #3816, .T. );
#3085 = FILL_AREA_STYLE( '', ( #3817 ) );
#3086 = EDGE_CURVE( '', #3818, #3819, #3820, .T. );
#3087 = EDGE_CURVE( '', #3819, #3765, #3821, .T. );
#3088 = EDGE_CURVE( '', #3766, #3822, #3823, .T. );
#3089 = EDGE_CURVE( '', #3822, #3824, #3825, .T. );
#3090 = EDGE_CURVE( '', #3824, #3826, #3827, .T. );
#3091 = EDGE_CURVE( '', #3826, #3828, #3829, .T. );
#3092 = EDGE_CURVE( '', #3828, #3830, #3831, .T. );
#3093 = EDGE_CURVE( '', #3830, #3832, #3833, .T. );
#3094 = EDGE_CURVE( '', #3832, #3834, #3835, .T. );
#3095 = EDGE_CURVE( '', #3834, #3836, #3837, .T. );
#3096 = EDGE_CURVE( '', #3836, #3818, #3838, .T. );
#3097 = FILL_AREA_STYLE( '', ( #3839 ) );
#3098 = EDGE_CURVE( '', #3840, #3478, #3841, .T. );
#3099 = EDGE_CURVE( '', #3842, #3840, #3843, .T. );
#3100 = EDGE_CURVE( '', #3842, #3844, #3845, .T. );
#3101 = EDGE_CURVE( '', #3818, #3844, #3846, .T. );
#3102 = EDGE_CURVE( '', #3836, #3536, #3847, .T. );
#3103 = FILL_AREA_STYLE( '', ( #3848 ) );
#3104 = EDGE_CURVE( '', #3834, #3538, #3849, .T. );
#3105 = EDGE_CURVE( '', #3832, #3540, #3850, .T. );
#3106 = FILL_AREA_STYLE( '', ( #3851 ) );
#3107 = EDGE_CURVE( '', #3852, #3853, #3854, .T. );
#3108 = EDGE_CURVE( '', #3796, #3852, #3855, .T. );
#3109 = EDGE_CURVE( '', #3814, #3462, #3856, .T. );
#3110 = EDGE_CURVE( '', #3857, #3812, #3858, .T. );
#3111 = EDGE_CURVE( '', #3859, #3857, #3860, .T. );
#3112 = EDGE_CURVE( '', #3861, #3859, #3862, .T. );
#3113 = EDGE_CURVE( '', #3861, #3863, #3864, .T. );
#3114 = EDGE_CURVE( '', #3863, #3865, #3866, .T. );
#3115 = EDGE_CURVE( '', #3853, #3865, #3867, .T. );
#3116 = FILL_AREA_STYLE( '', ( #3868 ) );
#3117 = EDGE_CURVE( '', #3579, #3664, #3869, .T. );
#3118 = EDGE_CURVE( '', #3577, #3674, #3870, .T. );
#3119 = EDGE_CURVE( '', #3672, #3871, #3872, .T. );
#3120 = EDGE_CURVE( '', #3871, #3873, #3874, .T. );
#3121 = EDGE_CURVE( '', #3666, #3873, #3875, .T. );
#3122 = FILL_AREA_STYLE( '', ( #3876 ) );
#3123 = EDGE_CURVE( '', #3565, #3686, #3877, .T. );
#3124 = EDGE_CURVE( '', #3563, #3688, #3878, .T. );
#3125 = FILL_AREA_STYLE( '', ( #3879 ) );
#3126 = EDGE_CURVE( '', #3880, #3789, #3881, .T. );
#3127 = EDGE_CURVE( '', #3487, #3880, #3882, .T. );
#3128 = FILL_AREA_STYLE( '', ( #3883 ) );
#3129 = EDGE_CURVE( '', #3884, #3885, #3886, .T. );
#3130 = EDGE_CURVE( '', #3887, #3884, #3888, .T. );
#3131 = EDGE_CURVE( '', #3889, #3887, #3890, .T. );
#3132 = EDGE_CURVE( '', #3625, #3889, #3891, .T. );
#3133 = EDGE_CURVE( '', #3770, #3623, #3892, .T. );
#3134 = EDGE_CURVE( '', #3893, #3768, #3894, .T. );
#3135 = EDGE_CURVE( '', #3844, #3893, #3895, .T. );
#3136 = EDGE_CURVE( '', #3896, #3842, #3897, .T. );
#3137 = EDGE_CURVE( '', #3885, #3896, #3898, .T. );
#3138 = FILL_AREA_STYLE( '', ( #3899 ) );
#3139 = EDGE_CURVE( '', #3900, #3901, #3902, .T. );
#3140 = EDGE_CURVE( '', #3887, #3900, #3903, .T. );
#3141 = EDGE_CURVE( '', #3901, #3884, #3904, .T. );
#3142 = FILL_AREA_STYLE( '', ( #3905 ) );
#3143 = EDGE_CURVE( '', #3591, #3906, #3907, .T. );
#3144 = EDGE_CURVE( '', #3589, #3908, #3909, .T. );
#3145 = EDGE_CURVE( '', #3906, #3908, #3910, .T. );
#3146 = FILL_AREA_STYLE( '', ( #3911 ) );
#3147 = EDGE_CURVE( '', #3912, #3913, #3914, .T. );
#3148 = EDGE_CURVE( '', #3915, #3912, #3916, .T. );
#3149 = EDGE_CURVE( '', #3917, #3915, #3918, .T. );
#3150 = EDGE_CURVE( '', #3917, #3913, #3919, .T. );
#3151 = FILL_AREA_STYLE( '', ( #3920 ) );
#3152 = EDGE_CURVE( '', #3880, #3748, #3921, .T. );
#3153 = FILL_AREA_STYLE( '', ( #3922 ) );
#3154 = EDGE_CURVE( '', #3923, #3924, #3925, .T. );
#3155 = EDGE_CURVE( '', #3926, #3924, #3927, .T. );
#3156 = EDGE_CURVE( '', #3926, #3928, #3929, .T. );
#3157 = EDGE_CURVE( '', #3928, #3923, #3930, .T. );
#3158 = FILL_AREA_STYLE( '', ( #3931 ) );
#3159 = EDGE_CURVE( '', #3810, #3932, #3933, .T. );
#3160 = EDGE_CURVE( '', #3934, #3809, #3935, .T. );
#3161 = EDGE_CURVE( '', #3934, #3932, #3936, .T. );
#3162 = FILL_AREA_STYLE( '', ( #3937 ) );
#3163 = EDGE_CURVE( '', #3460, #3714, #3938, .T. );
#3164 = FILL_AREA_STYLE( '', ( #3939 ) );
#3165 = EDGE_CURVE( '', #3940, #3941, #3942, .T. );
#3166 = EDGE_CURVE( '', #3940, #3943, #3944, .T. );
#3167 = EDGE_CURVE( '', #3943, #3945, #3946, .T. );
#3168 = EDGE_CURVE( '', #3941, #3945, #3947, .T. );
#3169 = FILL_AREA_STYLE( '', ( #3948 ) );
#3170 = EDGE_CURVE( '', #3746, #3949, #3950, .T. );
#3171 = EDGE_CURVE( '', #3949, #3951, #3952, .T. );
#3172 = EDGE_CURVE( '', #3951, #3953, #3954, .T. );
#3173 = EDGE_CURVE( '', #3953, #3955, #3956, .T. );
#3174 = EDGE_CURVE( '', #3955, #3957, #3958, .T. );
#3175 = EDGE_CURVE( '', #3957, #3959, #3960, .T. );
#3176 = EDGE_CURVE( '', #3917, #3959, #3961, .T. );
#3177 = EDGE_CURVE( '', #3915, #3962, #3963, .T. );
#3178 = EDGE_CURVE( '', #3962, #3964, #3965, .T. );
#3179 = EDGE_CURVE( '', #3964, #3966, #3967, .T. );
#3180 = EDGE_CURVE( '', #3966, #3968, #3969, .T. );
#3181 = EDGE_CURVE( '', #3968, #3699, #3970, .T. );
#3182 = EDGE_CURVE( '', #3697, #3934, #3971, .T. );
#3183 = EDGE_CURVE( '', #3712, #3972, #3973, .T. );
#3184 = EDGE_CURVE( '', #3972, #3776, #3974, .T. );
#3185 = FILL_AREA_STYLE( '', ( #3975 ) );
#3186 = EDGE_CURVE( '', #3976, #3731, #3977, .T. );
#3187 = EDGE_CURVE( '', #3976, #3978, #3979, .T. );
#3188 = EDGE_CURVE( '', #3978, #3734, #3980, .T. );
#3189 = FILL_AREA_STYLE( '', ( #3981 ) );
#3190 = EDGE_CURVE( '', #3982, #3983, #3984, .T. );
#3191 = EDGE_CURVE( '', #3983, #3985, #3986, .T. );
#3192 = EDGE_CURVE( '', #3985, #3987, #3988, .T. );
#3193 = EDGE_CURVE( '', #3982, #3987, #3989, .T. );
#3194 = FILL_AREA_STYLE( '', ( #3990 ) );
#3195 = EDGE_CURVE( '', #3558, #3638, #3991, .T. );
#3196 = EDGE_CURVE( '', #3690, #3561, #3992, .T. );
#3197 = FILL_AREA_STYLE( '', ( #3993 ) );
#3198 = EDGE_CURVE( '', #3506, #3994, #3995, .T. );
#3199 = EDGE_CURVE( '', #3994, #3595, #3996, .T. );
#3200 = EDGE_CURVE( '', #3593, #3650, #3997, .T. );
#3201 = EDGE_CURVE( '', #3721, #3647, #3998, .T. );
#3202 = FILL_AREA_STYLE( '', ( #3999 ) );
#3203 = EDGE_CURVE( '', #4000, #4001, #4002, .T. );
#3204 = EDGE_CURVE( '', #3964, #4000, #4003, .T. );
#3205 = EDGE_CURVE( '', #3962, #4001, #4004, .T. );
#3206 = FILL_AREA_STYLE( '', ( #4005 ) );
#3207 = EDGE_CURVE( '', #3597, #4006, #4007, .T. );
#3208 = EDGE_CURVE( '', #4008, #3994, #4009, .T. );
#3209 = EDGE_CURVE( '', #4010, #4008, #4011, .T. );
#3210 = EDGE_CURVE( '', #4006, #4010, #4012, .T. );
#3211 = FILL_AREA_STYLE( '', ( #4013 ) );
#3212 = EDGE_CURVE( '', #4014, #3680, #4015, .T. );
#3213 = EDGE_CURVE( '', #4016, #4014, #4017, .T. );
#3214 = EDGE_CURVE( '', #3682, #4016, #4018, .T. );
#3215 = FILL_AREA_STYLE( '', ( #4019 ) );
#3216 = EDGE_CURVE( '', #3924, #3622, #4020, .T. );
#3217 = EDGE_CURVE( '', #3513, #3923, #4021, .T. );
#3218 = EDGE_CURVE( '', #3822, #3550, #4022, .T. );
#3219 = FILL_AREA_STYLE( '', ( #4023 ) );
#3220 = EDGE_CURVE( '', #3670, #4024, #4025, .T. );
#3221 = EDGE_CURVE( '', #4026, #3668, #4027, .T. );
#3222 = EDGE_CURVE( '', #4024, #4026, #4028, .T. );
#3223 = FILL_AREA_STYLE( '', ( #4029 ) );
#3224 = EDGE_CURVE( '', #4030, #4031, #4032, .T. );
#3225 = EDGE_CURVE( '', #4030, #4033, #4034, .T. );
#3226 = EDGE_CURVE( '', #4033, #4035, #4036, .T. );
#3227 = EDGE_CURVE( '', #4031, #4035, #4037, .T. );
#3228 = FILL_AREA_STYLE( '', ( #4038 ) );
#3229 = EDGE_CURVE( '', #3504, #4008, #4039, .T. );
#3230 = FILL_AREA_STYLE( '', ( #4040 ) );
#3231 = EDGE_CURVE( '', #3738, #4030, #4041, .T. );
#3232 = EDGE_CURVE( '', #3736, #4033, #4042, .T. );
#3233 = FILL_AREA_STYLE( '', ( #4043 ) );
#3234 = EDGE_CURVE( '', #3830, #3542, #4044, .T. );
#3235 = EDGE_CURVE( '', #3544, #3828, #4045, .T. );
#3236 = FILL_AREA_STYLE( '', ( #4046 ) );
#3237 = EDGE_CURVE( '', #3801, #3983, #4047, .T. );
#3238 = EDGE_CURVE( '', #3805, #3985, #4048, .T. );
#3239 = FILL_AREA_STYLE( '', ( #4049 ) );
#3240 = EDGE_CURVE( '', #4050, #4051, #4052, .T. );
#3241 = EDGE_CURVE( '', #4050, #4053, #4054, .T. );
#3242 = EDGE_CURVE( '', #4053, #4055, #4056, .T. );
#3243 = EDGE_CURVE( '', #4051, #4055, #4057, .T. );
#3244 = FILL_AREA_STYLE( '', ( #4058 ) );
#3245 = EDGE_CURVE( '', #4059, #4060, #4061, .T. );
#3246 = EDGE_CURVE( '', #4059, #4062, #4063, .T. );
#3247 = EDGE_CURVE( '', #4062, #4064, #4065, .T. );
#3248 = EDGE_CURVE( '', #4060, #4064, #4066, .T. );
#3249 = FILL_AREA_STYLE( '', ( #4067 ) );
#3250 = EDGE_CURVE( '', #3901, #4068, #4069, .T. );
#3251 = EDGE_CURVE( '', #4068, #3885, #4070, .T. );
#3252 = FILL_AREA_STYLE( '', ( #4071 ) );
#3253 = EDGE_CURVE( '', #4072, #4073, #4074, .T. );
#3254 = EDGE_CURVE( '', #3959, #4072, #4075, .T. );
#3255 = EDGE_CURVE( '', #3957, #4073, #4076, .T. );
#3256 = FILL_AREA_STYLE( '', ( #4077 ) );
#3257 = EDGE_CURVE( '', #3500, #4006, #4078, .T. );
#3258 = FILL_AREA_STYLE( '', ( #4079 ) );
#3259 = EDGE_CURVE( '', #3585, #3781, #4080, .T. );
#3260 = EDGE_CURVE( '', #3583, #3660, #4081, .T. );
#3261 = EDGE_CURVE( '', #3658, #3780, #4082, .T. );
#3262 = FILL_AREA_STYLE( '', ( #4083 ) );
#3263 = EDGE_CURVE( '', #3826, #3546, #4084, .T. );
#3264 = FILL_AREA_STYLE( '', ( #4085 ) );
#3265 = EDGE_CURVE( '', #4001, #3857, #4086, .T. );
#3266 = EDGE_CURVE( '', #3932, #3695, #4087, .T. );
#3267 = EDGE_CURVE( '', #3694, #4088, #4089, .T. );
#3268 = EDGE_CURVE( '', #4088, #4090, #4091, .T. );
#3269 = EDGE_CURVE( '', #4090, #4000, #4092, .T. );
#3270 = FILL_AREA_STYLE( '', ( #4093 ) );
#3271 = EDGE_CURVE( '', #3785, #3587, #4094, .T. );
#3272 = FILL_AREA_STYLE( '', ( #4095 ) );
#3273 = FILL_AREA_STYLE( '', ( #4096 ) );
#3274 = EDGE_CURVE( '', #4097, #4098, #4099, .T. );
#3275 = EDGE_CURVE( '', #4097, #3521, #4100, .T. );
#3276 = EDGE_CURVE( '', #4098, #3522, #4101, .T. );
#3277 = FILL_AREA_STYLE( '', ( #4102 ) );
#3278 = EDGE_CURVE( '', #3627, #3926, #4103, .T. );
#3279 = FILL_AREA_STYLE( '', ( #4104 ) );
#3280 = EDGE_CURVE( '', #4105, #3571, #4106, .T. );
#3281 = EDGE_CURVE( '', #4107, #3569, #4108, .T. );
#3282 = EDGE_CURVE( '', #4107, #4105, #4109, .T. );
#3283 = FILL_AREA_STYLE( '', ( #4110 ) );
#3284 = EDGE_CURVE( '', #3524, #4111, #4112, .T. );
#3285 = EDGE_CURVE( '', #4113, #4111, #4114, .T. );
#3286 = EDGE_CURVE( '', #4113, #3526, #4115, .T. );
#3287 = FILL_AREA_STYLE( '', ( #4116 ) );
#3288 = EDGE_CURVE( '', #3567, #3684, #4117, .T. );
#3289 = FILL_AREA_STYLE( '', ( #4118 ) );
#3290 = EDGE_CURVE( '', #3968, #4088, #4119, .T. );
#3291 = EDGE_CURVE( '', #3966, #4090, #4120, .T. );
#3292 = FILL_AREA_STYLE( '', ( #4121 ) );
#3293 = EDGE_CURVE( '', #3940, #4051, #4122, .T. );
#3294 = EDGE_CURVE( '', #3943, #4055, #4123, .T. );
#3295 = FILL_AREA_STYLE( '', ( #4124 ) );
#3296 = EDGE_CURVE( '', #3906, #3725, #4125, .T. );
#3297 = FILL_AREA_STYLE( '', ( #4126 ) );
#3298 = EDGE_CURVE( '', #3972, #3792, #4127, .T. );
#3299 = FILL_AREA_STYLE( '', ( #4128 ) );
#3300 = EDGE_CURVE( '', #4060, #3800, #4129, .T. );
#3301 = EDGE_CURVE( '', #3982, #4130, #4131, .T. );
#3302 = EDGE_CURVE( '', #4130, #4132, #4133, .T. );
#3303 = EDGE_CURVE( '', #3861, #4132, #4134, .T. );
#3304 = EDGE_CURVE( '', #4059, #3859, #4135, .T. );
#3305 = FILL_AREA_STYLE( '', ( #4136 ) );
#3306 = EDGE_CURVE( '', #3575, #3676, #4137, .T. );
#3307 = FILL_AREA_STYLE( '', ( #4138 ) );
#3308 = EDGE_CURVE( '', #3703, #4113, #4139, .T. );
#3309 = FILL_AREA_STYLE( '', ( #4140 ) );
#3310 = EDGE_CURVE( '', #4072, #3913, #4141, .T. );
#3311 = FILL_AREA_STYLE( '', ( #4142 ) );
#3312 = EDGE_CURVE( '', #4031, #4143, #4144, .T. );
#3313 = EDGE_CURVE( '', #4145, #4143, #4146, .T. );
#3314 = EDGE_CURVE( '', #4145, #4050, #4147, .T. );
#3315 = EDGE_CURVE( '', #3740, #3941, #4148, .T. );
#3316 = FILL_AREA_STYLE( '', ( #4149 ) );
#3317 = EDGE_CURVE( '', #4150, #3889, #4151, .T. );
#3318 = EDGE_CURVE( '', #4152, #4150, #4153, .T. );
#3319 = EDGE_CURVE( '', #4152, #3553, #4154, .T. );
#3320 = EDGE_CURVE( '', #3928, #3515, #4155, .T. );
#3321 = FILL_AREA_STYLE( '', ( #4156 ) );
#3322 = EDGE_CURVE( '', #3656, #3783, #4157, .T. );
#3323 = FILL_AREA_STYLE( '', ( #4158 ) );
#3324 = EDGE_CURVE( '', #4159, #3976, #4160, .T. );
#3325 = EDGE_CURVE( '', #4159, #4161, #4162, .T. );
#3326 = EDGE_CURVE( '', #4161, #3978, #4163, .T. );
#3327 = FILL_AREA_STYLE( '', ( #4164 ) );
#3328 = EDGE_CURVE( '', #4165, #3896, #4166, .T. );
#3329 = EDGE_CURVE( '', #4165, #3840, #4167, .T. );
#3330 = FILL_AREA_STYLE( '', ( #4168 ) );
#3331 = EDGE_CURVE( '', #3559, #3637, #4169, .T. );
#3332 = EDGE_CURVE( '', #3608, #3640, #4170, .T. );
#3333 = FILL_AREA_STYLE( '', ( #4171 ) );
#3334 = EDGE_CURVE( '', #3824, #3548, #4172, .T. );
#3335 = FILL_AREA_STYLE( '', ( #4173 ) );
#3336 = FILL_AREA_STYLE( '', ( #4174 ) );
#3337 = FILL_AREA_STYLE( '', ( #4175 ) );
#3338 = EDGE_CURVE( '', #4176, #4177, #4178, .T. );
#3339 = EDGE_CURVE( '', #3953, #4176, #4179, .T. );
#3340 = EDGE_CURVE( '', #3951, #4177, #4180, .T. );
#3341 = FILL_AREA_STYLE( '', ( #4181 ) );
#3342 = EDGE_CURVE( '', #4176, #4182, #4183, .T. );
#3343 = EDGE_CURVE( '', #3955, #4182, #4184, .T. );
#3344 = FILL_AREA_STYLE( '', ( #4185 ) );
#3345 = EDGE_CURVE( '', #3476, #4165, #4186, .T. );
#3346 = FILL_AREA_STYLE( '', ( #4187 ) );
#3347 = EDGE_CURVE( '', #4130, #4188, #4189, .T. );
#3348 = EDGE_CURVE( '', #4188, #4190, #4191, .T. );
#3349 = EDGE_CURVE( '', #4132, #4190, #4192, .T. );
#3350 = FILL_AREA_STYLE( '', ( #4193 ) );
#3351 = EDGE_CURVE( '', #4194, #4195, #4196, .T. );
#3352 = EDGE_CURVE( '', #4194, #4197, #4198, .T. );
#3353 = EDGE_CURVE( '', #4197, #4199, #4200, .T. );
#3354 = EDGE_CURVE( '', #4195, #4199, #4201, .T. );
#3355 = FILL_AREA_STYLE( '', ( #4202 ) );
#3356 = EDGE_CURVE( '', #4203, #4152, #4204, .T. );
#3357 = EDGE_CURVE( '', #4203, #3555, #4205, .T. );
#3358 = FILL_AREA_STYLE( '', ( #4206 ) );
#3359 = EDGE_CURVE( '', #4207, #4194, #4208, .T. );
#3360 = EDGE_CURVE( '', #4207, #4209, #4210, .T. );
#3361 = EDGE_CURVE( '', #4209, #4197, #4211, .T. );
#3362 = FILL_AREA_STYLE( '', ( #4212 ) );
#3363 = EDGE_CURVE( '', #3893, #3819, #4213, .T. );
#3364 = FILL_AREA_STYLE( '', ( #4214 ) );
#3365 = EDGE_CURVE( '', #4073, #4182, #4215, .T. );
#3366 = FILL_AREA_STYLE( '', ( #4216 ) );
#3367 = FILL_AREA_STYLE( '', ( #4217 ) );
#3368 = EDGE_CURVE( '', #4111, #4097, #4218, .T. );
#3369 = EDGE_CURVE( '', #4098, #4203, #4219, .T. );
#3370 = EDGE_CURVE( '', #4150, #3900, #4220, .T. );
#3371 = EDGE_CURVE( '', #4068, #3705, #4221, .T. );
#3372 = FILL_AREA_STYLE( '', ( #4222 ) );
#3373 = EDGE_CURVE( '', #3573, #3678, #4223, .T. );
#3374 = EDGE_CURVE( '', #4105, #4014, #4224, .T. );
#3375 = FILL_AREA_STYLE( '', ( #4225 ) );
#3376 = EDGE_CURVE( '', #4024, #3871, #4226, .T. );
#3377 = FILL_AREA_STYLE( '', ( #4227 ) );
#3378 = FILL_AREA_STYLE( '', ( #4228 ) );
#3379 = EDGE_CURVE( '', #3502, #4010, #4229, .T. );
#3380 = FILL_AREA_STYLE( '', ( #4230 ) );
#3381 = EDGE_CURVE( '', #3581, #3662, #4231, .T. );
#3382 = FILL_AREA_STYLE( '', ( #4232 ) );
#3383 = EDGE_CURVE( '', #4233, #3644, #4234, .T. );
#3384 = EDGE_CURVE( '', #4233, #3612, #4235, .T. );
#3385 = FILL_AREA_STYLE( '', ( #4236 ) );
#3386 = FILL_AREA_STYLE( '', ( #4237 ) );
#3387 = FILL_AREA_STYLE( '', ( #4238 ) );
#3388 = FILL_AREA_STYLE( '', ( #4239 ) );
#3389 = FILL_AREA_STYLE( '', ( #4240 ) );
#3390 = EDGE_CURVE( '', #4145, #4241, #4242, .T. );
#3391 = EDGE_CURVE( '', #4241, #4053, #4243, .T. );
#3392 = FILL_AREA_STYLE( '', ( #4244 ) );
#3393 = FILL_AREA_STYLE( '', ( #4245 ) );
#3394 = FILL_AREA_STYLE( '', ( #4246 ) );
#3395 = FILL_AREA_STYLE( '', ( #4247 ) );
#3396 = EDGE_CURVE( '', #3742, #3912, #4248, .T. );
#3397 = EDGE_CURVE( '', #4177, #4249, #4250, .T. );
#3398 = EDGE_CURVE( '', #4249, #3744, #4251, .T. );
#3399 = FILL_AREA_STYLE( '', ( #4252 ) );
#3400 = EDGE_CURVE( '', #3863, #4190, #4253, .T. );
#3401 = FILL_AREA_STYLE( '', ( #4254 ) );
#3402 = EDGE_CURVE( '', #4016, #4107, #4255, .T. );
#3403 = FILL_AREA_STYLE( '', ( #4256 ) );
#3404 = EDGE_CURVE( '', #4195, #3756, #4257, .T. );
#3405 = EDGE_CURVE( '', #4199, #3759, #4258, .T. );
#3406 = FILL_AREA_STYLE( '', ( #4259 ) );
#3407 = FILL_AREA_STYLE( '', ( #4260 ) );
#3408 = EDGE_CURVE( '', #4035, #4261, #4262, .T. );
#3409 = EDGE_CURVE( '', #4143, #4261, #4263, .T. );
#3410 = FILL_AREA_STYLE( '', ( #4264 ) );
#3411 = EDGE_CURVE( '', #3642, #3606, #4265, .T. );
#3412 = EDGE_CURVE( '', #3604, #4266, #4267, .T. );
#3413 = EDGE_CURVE( '', #4266, #4233, #4268, .T. );
#3414 = FILL_AREA_STYLE( '', ( #4269 ) );
#3415 = FILL_AREA_STYLE( '', ( #4270 ) );
#3416 = EDGE_CURVE( '', #4266, #3613, #4271, .T. );
#3417 = FILL_AREA_STYLE( '', ( #4272 ) );
#3418 = EDGE_CURVE( '', #3865, #4273, #4274, .T. );
#3419 = EDGE_CURVE( '', #3987, #4188, #4275, .T. );
#3420 = EDGE_CURVE( '', #4064, #3803, #4276, .T. );
#3421 = EDGE_CURVE( '', #3945, #4062, #4277, .T. );
#3422 = EDGE_CURVE( '', #4261, #4241, #4278, .T. );
#3423 = EDGE_CURVE( '', #3761, #4161, #4279, .T. );
#3424 = EDGE_CURVE( '', #4273, #4209, #4280, .T. );
#3425 = FILL_AREA_STYLE( '', ( #4281 ) );
#3426 = FILL_AREA_STYLE( '', ( #4282 ) );
#3427 = EDGE_CURVE( '', #3732, #3852, #4283, .T. );
#3428 = EDGE_CURVE( '', #3853, #4284, #4285, .T. );
#3429 = EDGE_CURVE( '', #4284, #4207, #4286, .T. );
#3430 = EDGE_CURVE( '', #3757, #4159, #4287, .T. );
#3431 = FILL_AREA_STYLE( '', ( #4288 ) );
#3432 = EDGE_CURVE( '', #3908, #3727, #4289, .T. );
#3433 = FILL_AREA_STYLE( '', ( #4290 ) );
#3434 = EDGE_CURVE( '', #3949, #4249, #4291, .T. );
#3435 = FILL_AREA_STYLE( '', ( #4292 ) );
#3436 = FILL_AREA_STYLE( '', ( #4293 ) );
#3437 = FILL_AREA_STYLE( '', ( #4294 ) );
#3438 = FILL_AREA_STYLE( '', ( #4295 ) );
#3439 = EDGE_CURVE( '', #3873, #4026, #4296, .T. );
#3440 = FILL_AREA_STYLE( '', ( #4297 ) );
#3441 = FILL_AREA_STYLE( '', ( #4298 ) );
#3442 = FILL_AREA_STYLE( '', ( #4299 ) );
#3443 = EDGE_CURVE( '', #4284, #4273, #4300, .T. );
#3444 = FILL_AREA_STYLE( '', ( #4301 ) );
#3445 = FILL_AREA_STYLE( '', ( #4302 ) );
#3446 = FILL_AREA_STYLE( '', ( #4303 ) );
#3447 = FILL_AREA_STYLE( '', ( #4304 ) );
#3448 = FILL_AREA_STYLE( '', ( #4305 ) );
#3449 = FILL_AREA_STYLE( '', ( #4306 ) );
#3450 = FILL_AREA_STYLE( '', ( #4307 ) );
#3451 = FILL_AREA_STYLE( '', ( #4308 ) );
#3452 = FILL_AREA_STYLE( '', ( #4309 ) );
#3453 = FILL_AREA_STYLE( '', ( #4310 ) );
#3454 = FILL_AREA_STYLE( '', ( #4311 ) );
#3455 = FILL_AREA_STYLE( '', ( #4312 ) );
#3456 = FILL_AREA_STYLE_COLOUR( '', #4313 );
#3457 = VERTEX_POINT( '', #4314 );
#3458 = VERTEX_POINT( '', #4315 );
#3459 = LINE( '', #4316, #4317 );
#3460 = VERTEX_POINT( '', #4318 );
#3461 = LINE( '', #4319, #4320 );
#3462 = VERTEX_POINT( '', #4321 );
#3463 = LINE( '', #4322, #4323 );
#3464 = LINE( '', #4324, #4325 );
#3465 = FILL_AREA_STYLE_COLOUR( '', #4326 );
#3466 = VERTEX_POINT( '', #4327 );
#3467 = VERTEX_POINT( '', #4328 );
#3468 = LINE( '', #4329, #4330 );
#3469 = VERTEX_POINT( '', #4331 );
#3470 = LINE( '', #4332, #4333 );
#3471 = VERTEX_POINT( '', #4334 );
#3472 = LINE( '', #4335, #4336 );
#3473 = LINE( '', #4337, #4338 );
#3474 = FILL_AREA_STYLE_COLOUR( '', #4339 );
#3475 = VERTEX_POINT( '', #4340 );
#3476 = VERTEX_POINT( '', #4341 );
#3477 = LINE( '', #4342, #4343 );
#3478 = VERTEX_POINT( '', #4344 );
#3479 = LINE( '', #4345, #4346 );
#3480 = VERTEX_POINT( '', #4347 );
#3481 = LINE( '', #4348, #4349 );
#3482 = LINE( '', #4350, #4351 );
#3483 = FILL_AREA_STYLE_COLOUR( '', #4352 );
#3484 = VERTEX_POINT( '', #4353 );
#3485 = VERTEX_POINT( '', #4354 );
#3486 = LINE( '', #4355, #4356 );
#3487 = VERTEX_POINT( '', #4357 );
#3488 = LINE( '', #4358, #4359 );
#3489 = VERTEX_POINT( '', #4360 );
#3490 = LINE( '', #4361, #4362 );
#3491 = LINE( '', #4363, #4364 );
#3492 = FILL_AREA_STYLE_COLOUR( '', #4365 );
#3493 = VERTEX_POINT( '', #4366 );
#3494 = VERTEX_POINT( '', #4367 );
#3495 = LINE( '', #4368, #4369 );
#3496 = LINE( '', #4370, #4371 );
#3497 = LINE( '', #4372, #4373 );
#3498 = FILL_AREA_STYLE_COLOUR( '', #4374 );
#3499 = VERTEX_POINT( '', #4375 );
#3500 = VERTEX_POINT( '', #4376 );
#3501 = LINE( '', #4377, #4378 );
#3502 = VERTEX_POINT( '', #4379 );
#3503 = LINE( '', #4380, #4381 );
#3504 = VERTEX_POINT( '', #4382 );
#3505 = LINE( '', #4383, #4384 );
#3506 = VERTEX_POINT( '', #4385 );
#3507 = LINE( '', #4386, #4387 );
#3508 = VERTEX_POINT( '', #4388 );
#3509 = LINE( '', #4389, #4390 );
#3510 = LINE( '', #4391, #4392 );
#3511 = FILL_AREA_STYLE_COLOUR( '', #4393 );
#3512 = VERTEX_POINT( '', #4394 );
#3513 = VERTEX_POINT( '', #4395 );
#3514 = LINE( '', #4396, #4397 );
#3515 = VERTEX_POINT( '', #4398 );
#3516 = LINE( '', #4399, #4400 );
#3517 = VERTEX_POINT( '', #4401 );
#3518 = LINE( '', #4402, #4403 );
#3519 = LINE( '', #4404, #4405 );
#3520 = FILL_AREA_STYLE_COLOUR( '', #4406 );
#3521 = VERTEX_POINT( '', #4407 );
#3522 = VERTEX_POINT( '', #4408 );
#3523 = LINE( '', #4409, #4410 );
#3524 = VERTEX_POINT( '', #4411 );
#3525 = LINE( '', #4412, #4413 );
#3526 = VERTEX_POINT( '', #4414 );
#3527 = LINE( '', #4415, #4416 );
#3528 = VERTEX_POINT( '', #4417 );
#3529 = LINE( '', #4418, #4419 );
#3530 = VERTEX_POINT( '', #4420 );
#3531 = LINE( '', #4421, #4422 );
#3532 = VERTEX_POINT( '', #4423 );
#3533 = LINE( '', #4424, #4425 );
#3534 = VERTEX_POINT( '', #4426 );
#3535 = LINE( '', #4427, #4428 );
#3536 = VERTEX_POINT( '', #4429 );
#3537 = LINE( '', #4430, #4431 );
#3538 = VERTEX_POINT( '', #4432 );
#3539 = LINE( '', #4433, #4434 );
#3540 = VERTEX_POINT( '', #4435 );
#3541 = LINE( '', #4436, #4437 );
#3542 = VERTEX_POINT( '', #4438 );
#3543 = LINE( '', #4439, #4440 );
#3544 = VERTEX_POINT( '', #4441 );
#3545 = LINE( '', #4442, #4443 );
#3546 = VERTEX_POINT( '', #4444 );
#3547 = LINE( '', #4445, #4446 );
#3548 = VERTEX_POINT( '', #4447 );
#3549 = LINE( '', #4448, #4449 );
#3550 = VERTEX_POINT( '', #4450 );
#3551 = LINE( '', #4451, #4452 );
#3552 = LINE( '', #4453, #4454 );
#3553 = VERTEX_POINT( '', #4455 );
#3554 = LINE( '', #4456, #4457 );
#3555 = VERTEX_POINT( '', #4458 );
#3556 = LINE( '', #4459, #4460 );
#3557 = LINE( '', #4461, #4462 );
#3558 = VERTEX_POINT( '', #4463 );
#3559 = VERTEX_POINT( '', #4464 );
#3560 = LINE( '', #4465, #4466 );
#3561 = VERTEX_POINT( '', #4467 );
#3562 = LINE( '', #4468, #4469 );
#3563 = VERTEX_POINT( '', #4470 );
#3564 = LINE( '', #4471, #4472 );
#3565 = VERTEX_POINT( '', #4473 );
#3566 = LINE( '', #4474, #4475 );
#3567 = VERTEX_POINT( '', #4476 );
#3568 = LINE( '', #4477, #4478 );
#3569 = VERTEX_POINT( '', #4479 );
#3570 = LINE( '', #4480, #4481 );
#3571 = VERTEX_POINT( '', #4482 );
#3572 = LINE( '', #4483, #4484 );
#3573 = VERTEX_POINT( '', #4485 );
#3574 = LINE( '', #4486, #4487 );
#3575 = VERTEX_POINT( '', #4488 );
#3576 = LINE( '', #4489, #4490 );
#3577 = VERTEX_POINT( '', #4491 );
#3578 = LINE( '', #4492, #4493 );
#3579 = VERTEX_POINT( '', #4494 );
#3580 = LINE( '', #4495, #4496 );
#3581 = VERTEX_POINT( '', #4497 );
#3582 = LINE( '', #4498, #4499 );
#3583 = VERTEX_POINT( '', #4500 );
#3584 = LINE( '', #4501, #4502 );
#3585 = VERTEX_POINT( '', #4503 );
#3586 = LINE( '', #4504, #4505 );
#3587 = VERTEX_POINT( '', #4506 );
#3588 = LINE( '', #4507, #4508 );
#3589 = VERTEX_POINT( '', #4509 );
#3590 = LINE( '', #4510, #4511 );
#3591 = VERTEX_POINT( '', #4512 );
#3592 = LINE( '', #4513, #4514 );
#3593 = VERTEX_POINT( '', #4515 );
#3594 = LINE( '', #4516, #4517 );
#3595 = VERTEX_POINT( '', #4518 );
#3596 = LINE( '', #4519, #4520 );
#3597 = VERTEX_POINT( '', #4521 );
#3598 = LINE( '', #4522, #4523 );
#3599 = LINE( '', #4524, #4525 );
#3600 = VERTEX_POINT( '', #4526 );
#3601 = LINE( '', #4527, #4528 );
#3602 = VERTEX_POINT( '', #4529 );
#3603 = LINE( '', #4530, #4531 );
#3604 = VERTEX_POINT( '', #4532 );
#3605 = LINE( '', #4533, #4534 );
#3606 = VERTEX_POINT( '', #4535 );
#3607 = LINE( '', #4536, #4537 );
#3608 = VERTEX_POINT( '', #4538 );
#3609 = LINE( '', #4539, #4540 );
#3610 = LINE( '', #4541, #4542 );
#3611 = FILL_AREA_STYLE_COLOUR( '', #4543 );
#3612 = VERTEX_POINT( '', #4544 );
#3613 = VERTEX_POINT( '', #4545 );
#3614 = LINE( '', #4546, #4547 );
#3615 = LINE( '', #4548, #4549 );
#3616 = VERTEX_POINT( '', #4550 );
#3617 = LINE( '', #4551, #4552 );
#3618 = VERTEX_POINT( '', #4553 );
#3619 = LINE( '', #4554, #4555 );
#3620 = LINE( '', #4556, #4557 );
#3621 = FILL_AREA_STYLE_COLOUR( '', #4558 );
#3622 = VERTEX_POINT( '', #4559 );
#3623 = VERTEX_POINT( '', #4560 );
#3624 = LINE( '', #4561, #4562 );
#3625 = VERTEX_POINT( '', #4563 );
#3626 = LINE( '', #4564, #4565 );
#3627 = VERTEX_POINT( '', #4566 );
#3628 = LINE( '', #4567, #4568 );
#3629 = LINE( '', #4569, #4570 );
#3630 = FILL_AREA_STYLE_COLOUR( '', #4571 );
#3631 = VERTEX_POINT( '', #4572 );
#3632 = LINE( '', #4573, #4574 );
#3633 = VERTEX_POINT( '', #4575 );
#3634 = LINE( '', #4576, #4577 );
#3635 = LINE( '', #4578, #4579 );
#3636 = FILL_AREA_STYLE_COLOUR( '', #4580 );
#3637 = VERTEX_POINT( '', #4581 );
#3638 = VERTEX_POINT( '', #4582 );
#3639 = LINE( '', #4583, #4584 );
#3640 = VERTEX_POINT( '', #4585 );
#3641 = LINE( '', #4586, #4587 );
#3642 = VERTEX_POINT( '', #4588 );
#3643 = LINE( '', #4589, #4590 );
#3644 = VERTEX_POINT( '', #4591 );
#3645 = LINE( '', #4592, #4593 );
#3646 = LINE( '', #4594, #4595 );
#3647 = VERTEX_POINT( '', #4596 );
#3648 = LINE( '', #4597, #4598 );
#3649 = LINE( '', #4599, #4600 );
#3650 = VERTEX_POINT( '', #4601 );
#3651 = LINE( '', #4602, #4603 );
#3652 = VERTEX_POINT( '', #4604 );
#3653 = LINE( '', #4605, #4606 );
#3654 = VERTEX_POINT( '', #4607 );
#3655 = LINE( '', #4608, #4609 );
#3656 = VERTEX_POINT( '', #4610 );
#3657 = LINE( '', #4611, #4612 );
#3658 = VERTEX_POINT( '', #4613 );
#3659 = LINE( '', #4614, #4615 );
#3660 = VERTEX_POINT( '', #4616 );
#3661 = LINE( '', #4617, #4618 );
#3662 = VERTEX_POINT( '', #4619 );
#3663 = LINE( '', #4620, #4621 );
#3664 = VERTEX_POINT( '', #4622 );
#3665 = LINE( '', #4623, #4624 );
#3666 = VERTEX_POINT( '', #4625 );
#3667 = LINE( '', #4626, #4627 );
#3668 = VERTEX_POINT( '', #4628 );
#3669 = LINE( '', #4629, #4630 );
#3670 = VERTEX_POINT( '', #4631 );
#3671 = LINE( '', #4632, #4633 );
#3672 = VERTEX_POINT( '', #4634 );
#3673 = LINE( '', #4635, #4636 );
#3674 = VERTEX_POINT( '', #4637 );
#3675 = LINE( '', #4638, #4639 );
#3676 = VERTEX_POINT( '', #4640 );
#3677 = LINE( '', #4641, #4642 );
#3678 = VERTEX_POINT( '', #4643 );
#3679 = LINE( '', #4644, #4645 );
#3680 = VERTEX_POINT( '', #4646 );
#3681 = LINE( '', #4647, #4648 );
#3682 = VERTEX_POINT( '', #4649 );
#3683 = LINE( '', #4650, #4651 );
#3684 = VERTEX_POINT( '', #4652 );
#3685 = LINE( '', #4653, #4654 );
#3686 = VERTEX_POINT( '', #4655 );
#3687 = LINE( '', #4656, #4657 );
#3688 = VERTEX_POINT( '', #4658 );
#3689 = LINE( '', #4659, #4660 );
#3690 = VERTEX_POINT( '', #4661 );
#3691 = LINE( '', #4662, #4663 );
#3692 = LINE( '', #4664, #4665 );
#3693 = FILL_AREA_STYLE_COLOUR( '', #4666 );
#3694 = VERTEX_POINT( '', #4667 );
#3695 = VERTEX_POINT( '', #4668 );
#3696 = LINE( '', #4669, #4670 );
#3697 = VERTEX_POINT( '', #4671 );
#3698 = LINE( '', #4672, #4673 );
#3699 = VERTEX_POINT( '', #4674 );
#3700 = LINE( '', #4675, #4676 );
#3701 = LINE( '', #4677, #4678 );
#3702 = FILL_AREA_STYLE_COLOUR( '', #4679 );
#3703 = VERTEX_POINT( '', #4680 );
#3704 = LINE( '', #4681, #4682 );
#3705 = VERTEX_POINT( '', #4683 );
#3706 = LINE( '', #4684, #4685 );
#3707 = LINE( '', #4686, #4687 );
#3708 = FILL_AREA_STYLE_COLOUR( '', #4688 );
#3709 = VERTEX_POINT( '', #4689 );
#3710 = VERTEX_POINT( '', #4690 );
#3711 = LINE( '', #4691, #4692 );
#3712 = VERTEX_POINT( '', #4693 );
#3713 = LINE( '', #4694, #4695 );
#3714 = VERTEX_POINT( '', #4696 );
#3715 = LINE( '', #4697, #4698 );
#3716 = LINE( '', #4699, #4700 );
#3717 = FILL_AREA_STYLE_COLOUR( '', #4701 );
#3718 = LINE( '', #4702, #4703 );
#3719 = LINE( '', #4704, #4705 );
#3720 = FILL_AREA_STYLE_COLOUR( '', #4706 );
#3721 = VERTEX_POINT( '', #4707 );
#3722 = LINE( '', #4708, #4709 );
#3723 = LINE( '', #4710, #4711 );
#3724 = FILL_AREA_STYLE_COLOUR( '', #4712 );
#3725 = VERTEX_POINT( '', #4713 );
#3726 = LINE( '', #4714, #4715 );
#3727 = VERTEX_POINT( '', #4716 );
#3728 = LINE( '', #4717, #4718 );
#3729 = LINE( '', #4719, #4720 );
#3730 = FILL_AREA_STYLE_COLOUR( '', #4721 );
#3731 = VERTEX_POINT( '', #4722 );
#3732 = VERTEX_POINT( '', #4723 );
#3733 = LINE( '', #4724, #4725 );
#3734 = VERTEX_POINT( '', #4726 );
#3735 = LINE( '', #4727, #4728 );
#3736 = VERTEX_POINT( '', #4729 );
#3737 = LINE( '', #4730, #4731 );
#3738 = VERTEX_POINT( '', #4732 );
#3739 = LINE( '', #4733, #4734 );
#3740 = VERTEX_POINT( '', #4735 );
#3741 = LINE( '', #4736, #4737 );
#3742 = VERTEX_POINT( '', #4738 );
#3743 = LINE( '', #4739, #4740 );
#3744 = VERTEX_POINT( '', #4741 );
#3745 = LINE( '', #4742, #4743 );
#3746 = VERTEX_POINT( '', #4744 );
#3747 = LINE( '', #4745, #4746 );
#3748 = VERTEX_POINT( '', #4747 );
#3749 = LINE( '', #4748, #4749 );
#3750 = VERTEX_POINT( '', #4750 );
#3751 = LINE( '', #4751, #4752 );
#3752 = VERTEX_POINT( '', #4753 );
#3753 = LINE( '', #4754, #4755 );
#3754 = LINE( '', #4756, #4757 );
#3755 = FILL_AREA_STYLE_COLOUR( '', #4758 );
#3756 = VERTEX_POINT( '', #4759 );
#3757 = VERTEX_POINT( '', #4760 );
#3758 = LINE( '', #4761, #4762 );
#3759 = VERTEX_POINT( '', #4763 );
#3760 = LINE( '', #4764, #4765 );
#3761 = VERTEX_POINT( '', #4766 );
#3762 = LINE( '', #4767, #4768 );
#3763 = LINE( '', #4769, #4770 );
#3764 = FILL_AREA_STYLE_COLOUR( '', #4771 );
#3765 = VERTEX_POINT( '', #4772 );
#3766 = VERTEX_POINT( '', #4773 );
#3767 = LINE( '', #4774, #4775 );
#3768 = VERTEX_POINT( '', #4776 );
#3769 = LINE( '', #4777, #4778 );
#3770 = VERTEX_POINT( '', #4779 );
#3771 = LINE( '', #4780, #4781 );
#3772 = LINE( '', #4782, #4783 );
#3773 = FILL_AREA_STYLE_COLOUR( '', #4784 );
#3774 = VERTEX_POINT( '', #4785 );
#3775 = LINE( '', #4786, #4787 );
#3776 = VERTEX_POINT( '', #4788 );
#3777 = LINE( '', #4789, #4790 );
#3778 = LINE( '', #4791, #4792 );
#3779 = FILL_AREA_STYLE_COLOUR( '', #4793 );
#3780 = VERTEX_POINT( '', #4794 );
#3781 = VERTEX_POINT( '', #4795 );
#3782 = LINE( '', #4796, #4797 );
#3783 = VERTEX_POINT( '', #4798 );
#3784 = LINE( '', #4799, #4800 );
#3785 = VERTEX_POINT( '', #4801 );
#3786 = LINE( '', #4802, #4803 );
#3787 = LINE( '', #4804, #4805 );
#3788 = FILL_AREA_STYLE_COLOUR( '', #4806 );
#3789 = VERTEX_POINT( '', #4807 );
#3790 = LINE( '', #4808, #4809 );
#3791 = LINE( '', #4810, #4811 );
#3792 = VERTEX_POINT( '', #4812 );
#3793 = LINE( '', #4813, #4814 );
#3794 = LINE( '', #4815, #4816 );
#3795 = LINE( '', #4817, #4818 );
#3796 = VERTEX_POINT( '', #4819 );
#3797 = LINE( '', #4820, #4821 );
#3798 = LINE( '', #4822, #4823 );
#3799 = FILL_AREA_STYLE_COLOUR( '', #4824 );
#3800 = VERTEX_POINT( '', #4825 );
#3801 = VERTEX_POINT( '', #4826 );
#3802 = LINE( '', #4827, #4828 );
#3803 = VERTEX_POINT( '', #4829 );
#3804 = LINE( '', #4830, #4831 );
#3805 = VERTEX_POINT( '', #4832 );
#3806 = LINE( '', #4833, #4834 );
#3807 = LINE( '', #4835, #4836 );
#3808 = FILL_AREA_STYLE_COLOUR( '', #4837 );
#3809 = VERTEX_POINT( '', #4838 );
#3810 = VERTEX_POINT( '', #4839 );
#3811 = LINE( '', #4840, #4841 );
#3812 = VERTEX_POINT( '', #4842 );
#3813 = CIRCLE( '', #4843, 0.0250000000000000 );
#3814 = VERTEX_POINT( '', #4844 );
#3815 = LINE( '', #4845, #4846 );
#3816 = CIRCLE( '', #4847, 0.0250000000000000 );
#3817 = FILL_AREA_STYLE_COLOUR( '', #4848 );
#3818 = VERTEX_POINT( '', #4849 );
#3819 = VERTEX_POINT( '', #4850 );
#3820 = LINE( '', #4851, #4852 );
#3821 = LINE( '', #4853, #4854 );
#3822 = VERTEX_POINT( '', #4855 );
#3823 = LINE( '', #4856, #4857 );
#3824 = VERTEX_POINT( '', #4858 );
#3825 = LINE( '', #4859, #4860 );
#3826 = VERTEX_POINT( '', #4861 );
#3827 = LINE( '', #4862, #4863 );
#3828 = VERTEX_POINT( '', #4864 );
#3829 = LINE( '', #4865, #4866 );
#3830 = VERTEX_POINT( '', #4867 );
#3831 = LINE( '', #4868, #4869 );
#3832 = VERTEX_POINT( '', #4870 );
#3833 = LINE( '', #4871, #4872 );
#3834 = VERTEX_POINT( '', #4873 );
#3835 = LINE( '', #4874, #4875 );
#3836 = VERTEX_POINT( '', #4876 );
#3837 = LINE( '', #4877, #4878 );
#3838 = LINE( '', #4879, #4880 );
#3839 = FILL_AREA_STYLE_COLOUR( '', #4881 );
#3840 = VERTEX_POINT( '', #4882 );
#3841 = LINE( '', #4883, #4884 );
#3842 = VERTEX_POINT( '', #4885 );
#3843 = LINE( '', #4886, #4887 );
#3844 = VERTEX_POINT( '', #4888 );
#3845 = LINE( '', #4889, #4890 );
#3846 = LINE( '', #4891, #4892 );
#3847 = LINE( '', #4893, #4894 );
#3848 = FILL_AREA_STYLE_COLOUR( '', #4895 );
#3849 = LINE( '', #4896, #4897 );
#3850 = LINE( '', #4898, #4899 );
#3851 = FILL_AREA_STYLE_COLOUR( '', #4900 );
#3852 = VERTEX_POINT( '', #4901 );
#3853 = VERTEX_POINT( '', #4902 );
#3854 = LINE( '', #4903, #4904 );
#3855 = LINE( '', #4905, #4906 );
#3856 = LINE( '', #4907, #4908 );
#3857 = VERTEX_POINT( '', #4909 );
#3858 = LINE( '', #4910, #4911 );
#3859 = VERTEX_POINT( '', #4912 );
#3860 = LINE( '', #4913, #4914 );
#3861 = VERTEX_POINT( '', #4915 );
#3862 = LINE( '', #4916, #4917 );
#3863 = VERTEX_POINT( '', #4918 );
#3864 = LINE( '', #4919, #4920 );
#3865 = VERTEX_POINT( '', #4921 );
#3866 = LINE( '', #4922, #4923 );
#3867 = LINE( '', #4924, #4925 );
#3868 = FILL_AREA_STYLE_COLOUR( '', #4926 );
#3869 = LINE( '', #4927, #4928 );
#3870 = LINE( '', #4929, #4930 );
#3871 = VERTEX_POINT( '', #4931 );
#3872 = LINE( '', #4932, #4933 );
#3873 = VERTEX_POINT( '', #4934 );
#3874 = LINE( '', #4935, #4936 );
#3875 = LINE( '', #4937, #4938 );
#3876 = FILL_AREA_STYLE_COLOUR( '', #4939 );
#3877 = LINE( '', #4940, #4941 );
#3878 = LINE( '', #4942, #4943 );
#3879 = FILL_AREA_STYLE_COLOUR( '', #4944 );
#3880 = VERTEX_POINT( '', #4945 );
#3881 = LINE( '', #4946, #4947 );
#3882 = LINE( '', #4948, #4949 );
#3883 = FILL_AREA_STYLE_COLOUR( '', #4950 );
#3884 = VERTEX_POINT( '', #4951 );
#3885 = VERTEX_POINT( '', #4952 );
#3886 = LINE( '', #4953, #4954 );
#3887 = VERTEX_POINT( '', #4955 );
#3888 = LINE( '', #4956, #4957 );
#3889 = VERTEX_POINT( '', #4958 );
#3890 = LINE( '', #4959, #4960 );
#3891 = LINE( '', #4961, #4962 );
#3892 = LINE( '', #4963, #4964 );
#3893 = VERTEX_POINT( '', #4965 );
#3894 = LINE( '', #4966, #4967 );
#3895 = LINE( '', #4968, #4969 );
#3896 = VERTEX_POINT( '', #4970 );
#3897 = LINE( '', #4971, #4972 );
#3898 = LINE( '', #4973, #4974 );
#3899 = FILL_AREA_STYLE_COLOUR( '', #4975 );
#3900 = VERTEX_POINT( '', #4976 );
#3901 = VERTEX_POINT( '', #4977 );
#3902 = LINE( '', #4978, #4979 );
#3903 = LINE( '', #4980, #4981 );
#3904 = LINE( '', #4982, #4983 );
#3905 = FILL_AREA_STYLE_COLOUR( '', #4984 );
#3906 = VERTEX_POINT( '', #4985 );
#3907 = LINE( '', #4986, #4987 );
#3908 = VERTEX_POINT( '', #4988 );
#3909 = LINE( '', #4989, #4990 );
#3910 = LINE( '', #4991, #4992 );
#3911 = FILL_AREA_STYLE_COLOUR( '', #4993 );
#3912 = VERTEX_POINT( '', #4994 );
#3913 = VERTEX_POINT( '', #4995 );
#3914 = LINE( '', #4996, #4997 );
#3915 = VERTEX_POINT( '', #4998 );
#3916 = LINE( '', #4999, #5000 );
#3917 = VERTEX_POINT( '', #5001 );
#3918 = LINE( '', #5002, #5003 );
#3919 = LINE( '', #5004, #5005 );
#3920 = FILL_AREA_STYLE_COLOUR( '', #5006 );
#3921 = LINE( '', #5007, #5008 );
#3922 = FILL_AREA_STYLE_COLOUR( '', #5009 );
#3923 = VERTEX_POINT( '', #5010 );
#3924 = VERTEX_POINT( '', #5011 );
#3925 = LINE( '', #5012, #5013 );
#3926 = VERTEX_POINT( '', #5014 );
#3927 = LINE( '', #5015, #5016 );
#3928 = VERTEX_POINT( '', #5017 );
#3929 = LINE( '', #5018, #5019 );
#3930 = LINE( '', #5020, #5021 );
#3931 = FILL_AREA_STYLE_COLOUR( '', #5022 );
#3932 = VERTEX_POINT( '', #5023 );
#3933 = LINE( '', #5024, #5025 );
#3934 = VERTEX_POINT( '', #5026 );
#3935 = LINE( '', #5027, #5028 );
#3936 = LINE( '', #5029, #5030 );
#3937 = FILL_AREA_STYLE_COLOUR( '', #5031 );
#3938 = LINE( '', #5032, #5033 );
#3939 = FILL_AREA_STYLE_COLOUR( '', #5034 );
#3940 = VERTEX_POINT( '', #5035 );
#3941 = VERTEX_POINT( '', #5036 );
#3942 = LINE( '', #5037, #5038 );
#3943 = VERTEX_POINT( '', #5039 );
#3944 = LINE( '', #5040, #5041 );
#3945 = VERTEX_POINT( '', #5042 );
#3946 = LINE( '', #5043, #5044 );
#3947 = LINE( '', #5045, #5046 );
#3948 = FILL_AREA_STYLE_COLOUR( '', #5047 );
#3949 = VERTEX_POINT( '', #5048 );
#3950 = CIRCLE( '', #5049, 0.0500000000000000 );
#3951 = VERTEX_POINT( '', #5050 );
#3952 = LINE( '', #5051, #5052 );
#3953 = VERTEX_POINT( '', #5053 );
#3954 = LINE( '', #5054, #5055 );
#3955 = VERTEX_POINT( '', #5056 );
#3956 = LINE( '', #5057, #5058 );
#3957 = VERTEX_POINT( '', #5059 );
#3958 = LINE( '', #5060, #5061 );
#3959 = VERTEX_POINT( '', #5062 );
#3960 = LINE( '', #5063, #5064 );
#3961 = CIRCLE( '', #5065, 0.0250000000000000 );
#3962 = VERTEX_POINT( '', #5066 );
#3963 = LINE( '', #5067, #5068 );
#3964 = VERTEX_POINT( '', #5069 );
#3965 = LINE( '', #5070, #5071 );
#3966 = VERTEX_POINT( '', #5072 );
#3967 = CIRCLE( '', #5073, 0.0500000000000000 );
#3968 = VERTEX_POINT( '', #5074 );
#3969 = LINE( '', #5075, #5076 );
#3970 = LINE( '', #5077, #5078 );
#3971 = LINE( '', #5079, #5080 );
#3972 = VERTEX_POINT( '', #5081 );
#3973 = LINE( '', #5082, #5083 );
#3974 = LINE( '', #5084, #5085 );
#3975 = FILL_AREA_STYLE_COLOUR( '', #5086 );
#3976 = VERTEX_POINT( '', #5087 );
#3977 = LINE( '', #5088, #5089 );
#3978 = VERTEX_POINT( '', #5090 );
#3979 = LINE( '', #5091, #5092 );
#3980 = LINE( '', #5093, #5094 );
#3981 = FILL_AREA_STYLE_COLOUR( '', #5095 );
#3982 = VERTEX_POINT( '', #5096 );
#3983 = VERTEX_POINT( '', #5097 );
#3984 = LINE( '', #5098, #5099 );
#3985 = VERTEX_POINT( '', #5100 );
#3986 = LINE( '', #5101, #5102 );
#3987 = VERTEX_POINT( '', #5103 );
#3988 = LINE( '', #5104, #5105 );
#3989 = LINE( '', #5106, #5107 );
#3990 = FILL_AREA_STYLE_COLOUR( '', #5108 );
#3991 = LINE( '', #5109, #5110 );
#3992 = LINE( '', #5111, #5112 );
#3993 = FILL_AREA_STYLE_COLOUR( '', #5113 );
#3994 = VERTEX_POINT( '', #5114 );
#3995 = LINE( '', #5115, #5116 );
#3996 = LINE( '', #5117, #5118 );
#3997 = LINE( '', #5119, #5120 );
#3998 = LINE( '', #5121, #5122 );
#3999 = FILL_AREA_STYLE_COLOUR( '', #5123 );
#4000 = VERTEX_POINT( '', #5124 );
#4001 = VERTEX_POINT( '', #5125 );
#4002 = LINE( '', #5126, #5127 );
#4003 = LINE( '', #5128, #5129 );
#4004 = LINE( '', #5130, #5131 );
#4005 = FILL_AREA_STYLE_COLOUR( '', #5132 );
#4006 = VERTEX_POINT( '', #5133 );
#4007 = LINE( '', #5134, #5135 );
#4008 = VERTEX_POINT( '', #5136 );
#4009 = LINE( '', #5137, #5138 );
#4010 = VERTEX_POINT( '', #5139 );
#4011 = LINE( '', #5140, #5141 );
#4012 = LINE( '', #5142, #5143 );
#4013 = FILL_AREA_STYLE_COLOUR( '', #5144 );
#4014 = VERTEX_POINT( '', #5145 );
#4015 = LINE( '', #5146, #5147 );
#4016 = VERTEX_POINT( '', #5148 );
#4017 = LINE( '', #5149, #5150 );
#4018 = LINE( '', #5151, #5152 );
#4019 = FILL_AREA_STYLE_COLOUR( '', #5153 );
#4020 = LINE( '', #5154, #5155 );
#4021 = LINE( '', #5156, #5157 );
#4022 = LINE( '', #5158, #5159 );
#4023 = FILL_AREA_STYLE_COLOUR( '', #5160 );
#4024 = VERTEX_POINT( '', #5161 );
#4025 = LINE( '', #5162, #5163 );
#4026 = VERTEX_POINT( '', #5164 );
#4027 = LINE( '', #5165, #5166 );
#4028 = LINE( '', #5167, #5168 );
#4029 = FILL_AREA_STYLE_COLOUR( '', #5169 );
#4030 = VERTEX_POINT( '', #5170 );
#4031 = VERTEX_POINT( '', #5171 );
#4032 = LINE( '', #5172, #5173 );
#4033 = VERTEX_POINT( '', #5174 );
#4034 = LINE( '', #5175, #5176 );
#4035 = VERTEX_POINT( '', #5177 );
#4036 = LINE( '', #5178, #5179 );
#4037 = LINE( '', #5180, #5181 );
#4038 = FILL_AREA_STYLE_COLOUR( '', #5182 );
#4039 = LINE( '', #5183, #5184 );
#4040 = FILL_AREA_STYLE_COLOUR( '', #5185 );
#4041 = CIRCLE( '', #5186, 0.0500000000000000 );
#4042 = CIRCLE( '', #5187, 0.0500000000000000 );
#4043 = FILL_AREA_STYLE_COLOUR( '', #5188 );
#4044 = LINE( '', #5189, #5190 );
#4045 = LINE( '', #5191, #5192 );
#4046 = FILL_AREA_STYLE_COLOUR( '', #5193 );
#4047 = LINE( '', #5194, #5195 );
#4048 = LINE( '', #5196, #5197 );
#4049 = FILL_AREA_STYLE_COLOUR( '', #5198 );
#4050 = VERTEX_POINT( '', #5199 );
#4051 = VERTEX_POINT( '', #5200 );
#4052 = LINE( '', #5201, #5202 );
#4053 = VERTEX_POINT( '', #5203 );
#4054 = LINE( '', #5204, #5205 );
#4055 = VERTEX_POINT( '', #5206 );
#4056 = LINE( '', #5207, #5208 );
#4057 = LINE( '', #5209, #5210 );
#4058 = FILL_AREA_STYLE_COLOUR( '', #5211 );
#4059 = VERTEX_POINT( '', #5212 );
#4060 = VERTEX_POINT( '', #5213 );
#4061 = LINE( '', #5214, #5215 );
#4062 = VERTEX_POINT( '', #5216 );
#4063 = LINE( '', #5217, #5218 );
#4064 = VERTEX_POINT( '', #5219 );
#4065 = LINE( '', #5220, #5221 );
#4066 = LINE( '', #5222, #5223 );
#4067 = FILL_AREA_STYLE_COLOUR( '', #5224 );
#4068 = VERTEX_POINT( '', #5225 );
#4069 = LINE( '', #5226, #5227 );
#4070 = LINE( '', #5228, #5229 );
#4071 = FILL_AREA_STYLE_COLOUR( '', #5230 );
#4072 = VERTEX_POINT( '', #5231 );
#4073 = VERTEX_POINT( '', #5232 );
#4074 = LINE( '', #5233, #5234 );
#4075 = LINE( '', #5235, #5236 );
#4076 = LINE( '', #5237, #5238 );
#4077 = FILL_AREA_STYLE_COLOUR( '', #5239 );
#4078 = LINE( '', #5240, #5241 );
#4079 = FILL_AREA_STYLE_COLOUR( '', #5242 );
#4080 = LINE( '', #5243, #5244 );
#4081 = LINE( '', #5245, #5246 );
#4082 = LINE( '', #5247, #5248 );
#4083 = FILL_AREA_STYLE_COLOUR( '', #5249 );
#4084 = LINE( '', #5250, #5251 );
#4085 = FILL_AREA_STYLE_COLOUR( '', #5252 );
#4086 = LINE( '', #5253, #5254 );
#4087 = LINE( '', #5255, #5256 );
#4088 = VERTEX_POINT( '', #5257 );
#4089 = LINE( '', #5258, #5259 );
#4090 = VERTEX_POINT( '', #5260 );
#4091 = LINE( '', #5261, #5262 );
#4092 = CIRCLE( '', #5263, 0.0500000000000000 );
#4093 = FILL_AREA_STYLE_COLOUR( '', #5264 );
#4094 = LINE( '', #5265, #5266 );
#4095 = FILL_AREA_STYLE_COLOUR( '', #5267 );
#4096 = FILL_AREA_STYLE_COLOUR( '', #5268 );
#4097 = VERTEX_POINT( '', #5269 );
#4098 = VERTEX_POINT( '', #5270 );
#4099 = LINE( '', #5271, #5272 );
#4100 = LINE( '', #5273, #5274 );
#4101 = LINE( '', #5275, #5276 );
#4102 = FILL_AREA_STYLE_COLOUR( '', #5277 );
#4103 = LINE( '', #5278, #5279 );
#4104 = FILL_AREA_STYLE_COLOUR( '', #5280 );
#4105 = VERTEX_POINT( '', #5281 );
#4106 = LINE( '', #5282, #5283 );
#4107 = VERTEX_POINT( '', #5284 );
#4108 = LINE( '', #5285, #5286 );
#4109 = LINE( '', #5287, #5288 );
#4110 = FILL_AREA_STYLE_COLOUR( '', #5289 );
#4111 = VERTEX_POINT( '', #5290 );
#4112 = LINE( '', #5291, #5292 );
#4113 = VERTEX_POINT( '', #5293 );
#4114 = LINE( '', #5294, #5295 );
#4115 = LINE( '', #5296, #5297 );
#4116 = FILL_AREA_STYLE_COLOUR( '', #5298 );
#4117 = LINE( '', #5299, #5300 );
#4118 = FILL_AREA_STYLE_COLOUR( '', #5301 );
#4119 = LINE( '', #5302, #5303 );
#4120 = LINE( '', #5304, #5305 );
#4121 = FILL_AREA_STYLE_COLOUR( '', #5306 );
#4122 = CIRCLE( '', #5307, 0.0250000000000000 );
#4123 = CIRCLE( '', #5308, 0.0250000000000000 );
#4124 = FILL_AREA_STYLE_COLOUR( '', #5309 );
#4125 = LINE( '', #5310, #5311 );
#4126 = FILL_AREA_STYLE_COLOUR( '', #5312 );
#4127 = LINE( '', #5313, #5314 );
#4128 = FILL_AREA_STYLE_COLOUR( '', #5315 );
#4129 = CIRCLE( '', #5316, 0.0500000000000000 );
#4130 = VERTEX_POINT( '', #5317 );
#4131 = LINE( '', #5318, #5319 );
#4132 = VERTEX_POINT( '', #5320 );
#4133 = LINE( '', #5321, #5322 );
#4134 = CIRCLE( '', #5323, 0.0250000000000000 );
#4135 = LINE( '', #5324, #5325 );
#4136 = FILL_AREA_STYLE_COLOUR( '', #5326 );
#4137 = LINE( '', #5327, #5328 );
#4138 = FILL_AREA_STYLE_COLOUR( '', #5329 );
#4139 = LINE( '', #5330, #5331 );
#4140 = FILL_AREA_STYLE_COLOUR( '', #5332 );
#4141 = CIRCLE( '', #5333, 0.0250000000000000 );
#4142 = FILL_AREA_STYLE_COLOUR( '', #5334 );
#4143 = VERTEX_POINT( '', #5335 );
#4144 = LINE( '', #5336, #5337 );
#4145 = VERTEX_POINT( '', #5338 );
#4146 = LINE( '', #5339, #5340 );
#4147 = LINE( '', #5341, #5342 );
#4148 = LINE( '', #5343, #5344 );
#4149 = FILL_AREA_STYLE_COLOUR( '', #5345 );
#4150 = VERTEX_POINT( '', #5346 );
#4151 = LINE( '', #5347, #5348 );
#4152 = VERTEX_POINT( '', #5349 );
#4153 = LINE( '', #5350, #5351 );
#4154 = LINE( '', #5352, #5353 );
#4155 = LINE( '', #5354, #5355 );
#4156 = FILL_AREA_STYLE_COLOUR( '', #5356 );
#4157 = LINE( '', #5357, #5358 );
#4158 = FILL_AREA_STYLE_COLOUR( '', #5359 );
#4159 = VERTEX_POINT( '', #5360 );
#4160 = LINE( '', #5361, #5362 );
#4161 = VERTEX_POINT( '', #5363 );
#4162 = LINE( '', #5364, #5365 );
#4163 = LINE( '', #5366, #5367 );
#4164 = FILL_AREA_STYLE_COLOUR( '', #5368 );
#4165 = VERTEX_POINT( '', #5369 );
#4166 = LINE( '', #5370, #5371 );
#4167 = LINE( '', #5372, #5373 );
#4168 = FILL_AREA_STYLE_COLOUR( '', #5374 );
#4169 = LINE( '', #5375, #5376 );
#4170 = LINE( '', #5377, #5378 );
#4171 = FILL_AREA_STYLE_COLOUR( '', #5379 );
#4172 = LINE( '', #5380, #5381 );
#4173 = FILL_AREA_STYLE_COLOUR( '', #5382 );
#4174 = FILL_AREA_STYLE_COLOUR( '', #5383 );
#4175 = FILL_AREA_STYLE_COLOUR( '', #5384 );
#4176 = VERTEX_POINT( '', #5385 );
#4177 = VERTEX_POINT( '', #5386 );
#4178 = LINE( '', #5387, #5388 );
#4179 = LINE( '', #5389, #5390 );
#4180 = LINE( '', #5391, #5392 );
#4181 = FILL_AREA_STYLE_COLOUR( '', #5393 );
#4182 = VERTEX_POINT( '', #5394 );
#4183 = LINE( '', #5395, #5396 );
#4184 = LINE( '', #5397, #5398 );
#4185 = FILL_AREA_STYLE_COLOUR( '', #5399 );
#4186 = LINE( '', #5400, #5401 );
#4187 = FILL_AREA_STYLE_COLOUR( '', #5402 );
#4188 = VERTEX_POINT( '', #5403 );
#4189 = LINE( '', #5404, #5405 );
#4190 = VERTEX_POINT( '', #5406 );
#4191 = LINE( '', #5407, #5408 );
#4192 = LINE( '', #5409, #5410 );
#4193 = FILL_AREA_STYLE_COLOUR( '', #5411 );
#4194 = VERTEX_POINT( '', #5412 );
#4195 = VERTEX_POINT( '', #5413 );
#4196 = LINE( '', #5414, #5415 );
#4197 = VERTEX_POINT( '', #5416 );
#4198 = LINE( '', #5417, #5418 );
#4199 = VERTEX_POINT( '', #5419 );
#4200 = LINE( '', #5420, #5421 );
#4201 = LINE( '', #5422, #5423 );
#4202 = FILL_AREA_STYLE_COLOUR( '', #5424 );
#4203 = VERTEX_POINT( '', #5425 );
#4204 = LINE( '', #5426, #5427 );
#4205 = LINE( '', #5428, #5429 );
#4206 = FILL_AREA_STYLE_COLOUR( '', #5430 );
#4207 = VERTEX_POINT( '', #5431 );
#4208 = LINE( '', #5432, #5433 );
#4209 = VERTEX_POINT( '', #5434 );
#4210 = LINE( '', #5435, #5436 );
#4211 = LINE( '', #5437, #5438 );
#4212 = FILL_AREA_STYLE_COLOUR( '', #5439 );
#4213 = LINE( '', #5440, #5441 );
#4214 = FILL_AREA_STYLE_COLOUR( '', #5442 );
#4215 = LINE( '', #5443, #5444 );
#4216 = FILL_AREA_STYLE_COLOUR( '', #5445 );
#4217 = FILL_AREA_STYLE_COLOUR( '', #5446 );
#4218 = LINE( '', #5447, #5448 );
#4219 = LINE( '', #5449, #5450 );
#4220 = LINE( '', #5451, #5452 );
#4221 = LINE( '', #5453, #5454 );
#4222 = FILL_AREA_STYLE_COLOUR( '', #5455 );
#4223 = LINE( '', #5456, #5457 );
#4224 = LINE( '', #5458, #5459 );
#4225 = FILL_AREA_STYLE_COLOUR( '', #5460 );
#4226 = LINE( '', #5461, #5462 );
#4227 = FILL_AREA_STYLE_COLOUR( '', #5463 );
#4228 = FILL_AREA_STYLE_COLOUR( '', #5464 );
#4229 = LINE( '', #5465, #5466 );
#4230 = FILL_AREA_STYLE_COLOUR( '', #5467 );
#4231 = LINE( '', #5468, #5469 );
#4232 = FILL_AREA_STYLE_COLOUR( '', #5470 );
#4233 = VERTEX_POINT( '', #5471 );
#4234 = LINE( '', #5472, #5473 );
#4235 = LINE( '', #5474, #5475 );
#4236 = FILL_AREA_STYLE_COLOUR( '', #5476 );
#4237 = FILL_AREA_STYLE_COLOUR( '', #5477 );
#4238 = FILL_AREA_STYLE_COLOUR( '', #5478 );
#4239 = FILL_AREA_STYLE_COLOUR( '', #5479 );
#4240 = FILL_AREA_STYLE_COLOUR( '', #5480 );
#4241 = VERTEX_POINT( '', #5481 );
#4242 = LINE( '', #5482, #5483 );
#4243 = LINE( '', #5484, #5485 );
#4244 = FILL_AREA_STYLE_COLOUR( '', #5486 );
#4245 = FILL_AREA_STYLE_COLOUR( '', #5487 );
#4246 = FILL_AREA_STYLE_COLOUR( '', #5488 );
#4247 = FILL_AREA_STYLE_COLOUR( '', #5489 );
#4248 = LINE( '', #5490, #5491 );
#4249 = VERTEX_POINT( '', #5492 );
#4250 = LINE( '', #5493, #5494 );
#4251 = CIRCLE( '', #5495, 0.0500000000000000 );
#4252 = FILL_AREA_STYLE_COLOUR( '', #5496 );
#4253 = CIRCLE( '', #5497, 0.0250000000000000 );
#4254 = FILL_AREA_STYLE_COLOUR( '', #5498 );
#4255 = LINE( '', #5499, #5500 );
#4256 = FILL_AREA_STYLE_COLOUR( '', #5501 );
#4257 = LINE( '', #5502, #5503 );
#4258 = LINE( '', #5504, #5505 );
#4259 = FILL_AREA_STYLE_COLOUR( '', #5506 );
#4260 = FILL_AREA_STYLE_COLOUR( '', #5507 );
#4261 = VERTEX_POINT( '', #5508 );
#4262 = LINE( '', #5509, #5510 );
#4263 = LINE( '', #5511, #5512 );
#4264 = FILL_AREA_STYLE_COLOUR( '', #5513 );
#4265 = LINE( '', #5514, #5515 );
#4266 = VERTEX_POINT( '', #5516 );
#4267 = LINE( '', #5517, #5518 );
#4268 = LINE( '', #5519, #5520 );
#4269 = FILL_AREA_STYLE_COLOUR( '', #5521 );
#4270 = FILL_AREA_STYLE_COLOUR( '', #5522 );
#4271 = LINE( '', #5523, #5524 );
#4272 = FILL_AREA_STYLE_COLOUR( '', #5525 );
#4273 = VERTEX_POINT( '', #5526 );
#4274 = LINE( '', #5527, #5528 );
#4275 = LINE( '', #5529, #5530 );
#4276 = CIRCLE( '', #5531, 0.0500000000000000 );
#4277 = LINE( '', #5532, #5533 );
#4278 = LINE( '', #5534, #5535 );
#4279 = LINE( '', #5536, #5537 );
#4280 = LINE( '', #5538, #5539 );
#4281 = FILL_AREA_STYLE_COLOUR( '', #5540 );
#4282 = FILL_AREA_STYLE_COLOUR( '', #5541 );
#4283 = LINE( '', #5542, #5543 );
#4284 = VERTEX_POINT( '', #5544 );
#4285 = LINE( '', #5545, #5546 );
#4286 = LINE( '', #5547, #5548 );
#4287 = LINE( '', #5549, #5550 );
#4288 = FILL_AREA_STYLE_COLOUR( '', #5551 );
#4289 = LINE( '', #5552, #5553 );
#4290 = FILL_AREA_STYLE_COLOUR( '', #5554 );
#4291 = LINE( '', #5555, #5556 );
#4292 = FILL_AREA_STYLE_COLOUR( '', #5557 );
#4293 = FILL_AREA_STYLE_COLOUR( '', #5558 );
#4294 = FILL_AREA_STYLE_COLOUR( '', #5559 );
#4295 = FILL_AREA_STYLE_COLOUR( '', #5560 );
#4296 = LINE( '', #5561, #5562 );
#4297 = FILL_AREA_STYLE_COLOUR( '', #5563 );
#4298 = FILL_AREA_STYLE_COLOUR( '', #5564 );
#4299 = FILL_AREA_STYLE_COLOUR( '', #5565 );
#4300 = LINE( '', #5566, #5567 );
#4301 = FILL_AREA_STYLE_COLOUR( '', #5568 );
#4302 = FILL_AREA_STYLE_COLOUR( '', #5569 );
#4303 = FILL_AREA_STYLE_COLOUR( '', #5570 );
#4304 = FILL_AREA_STYLE_COLOUR( '', #5571 );
#4305 = FILL_AREA_STYLE_COLOUR( '', #5572 );
#4306 = FILL_AREA_STYLE_COLOUR( '', #5573 );
#4307 = FILL_AREA_STYLE_COLOUR( '', #5574 );
#4308 = FILL_AREA_STYLE_COLOUR( '', #5575 );
#4309 = FILL_AREA_STYLE_COLOUR( '', #5576 );
#4310 = FILL_AREA_STYLE_COLOUR( '', #5577 );
#4311 = FILL_AREA_STYLE_COLOUR( '', #5578 );
#4312 = FILL_AREA_STYLE_COLOUR( '', #5579 );
#4313 = COLOUR_RGB( '', 1.00000000000000, 1.00000000000000, 0.000000000000000 );
#4314 = CARTESIAN_POINT( '', ( 0.0375000000000000, 0.305000000000000, -0.0562500000000000 ) );
#4315 = CARTESIAN_POINT( '', ( 0.0375000000000000, 0.298750000000000, -0.0625000000000000 ) );
#4316 = CARTESIAN_POINT( '', ( 0.0375000000000000, 0.298750000000000, -0.0625000000000000 ) );
#4317 = VECTOR( '', #5580, 39.3700787402000 );
#4318 = CARTESIAN_POINT( '', ( 0.0625000000000000, 0.305000000000000, -0.0562500000000000 ) );
#4319 = CARTESIAN_POINT( '', ( 0.0625000000000000, 0.305000000000000, -0.0562500000000000 ) );
#4320 = VECTOR( '', #5581, 39.3700787402000 );
#4321 = CARTESIAN_POINT( '', ( 0.0625000000000000, 0.298750000000000, -0.0625000000000000 ) );
#4322 = CARTESIAN_POINT( '', ( 0.0625000000000000, 0.298750000000000, -0.0625000000000000 ) );
#4323 = VECTOR( '', #5582, 39.3700787402000 );
#4324 = CARTESIAN_POINT( '', ( 0.0625000000000000, 0.298750000000000, -0.0625000000000000 ) );
#4325 = VECTOR( '', #5583, 39.3700787402000 );
#4326 = COLOUR_RGB( '', 0.689999997600000, 0.689999997600000, 0.689999997600000 );
#4327 = CARTESIAN_POINT( '', ( -0.0175000000000000, 0.0200000000000000, 0.125000000000000 ) );
#4328 = CARTESIAN_POINT( '', ( -0.0175000000000000, 0.000000000000000, 0.125000000000000 ) );
#4329 = CARTESIAN_POINT( '', ( -0.0175000000000000, -0.0200000000000000, 0.125000000000000 ) );
#4330 = VECTOR( '', #5584, 39.3700787402000 );
#4331 = CARTESIAN_POINT( '', ( -0.0175000000000000, 0.0200000000000000, 0.115000000000000 ) );
#4332 = CARTESIAN_POINT( '', ( -0.0175000000000000, 0.0200000000000000, 0.145000000000000 ) );
#4333 = VECTOR( '', #5585, 39.3700787402000 );
#4334 = CARTESIAN_POINT( '', ( -0.0175000000000000, 0.000000000000000, 0.115000000000000 ) );
#4335 = CARTESIAN_POINT( '', ( -0.0175000000000000, 0.000000000000000, 0.115000000000000 ) );
#4336 = VECTOR( '', #5586, 39.3700787402000 );
#4337 = CARTESIAN_POINT( '', ( -0.0175000000000000, 0.000000000000000, 0.145000000000000 ) );
#4338 = VECTOR( '', #5587, 39.3700787402000 );
#4339 = COLOUR_RGB( '', 0.689999997600000, 0.689999997600000, 0.689999997600000 );
#4340 = CARTESIAN_POINT( '', ( -0.0733333192033665, 0.200000000000000, 0.00510000000000001 ) );
#4341 = CARTESIAN_POINT( '', ( -0.0266666807966335, 0.200000000000000, 0.00510000000000001 ) );
#4342 = CARTESIAN_POINT( '', ( -0.00505000000000001, 0.200000000000000, 0.00510000000000001 ) );
#4343 = VECTOR( '', #5588, 39.3700787402000 );
#4344 = CARTESIAN_POINT( '', ( -0.0266666807966335, 0.200000000000000, -0.00500000000000000 ) );
#4345 = CARTESIAN_POINT( '', ( -0.0266666807966335, 0.200000000000000, 0.0500000000000000 ) );
#4346 = VECTOR( '', #5589, 39.3700787402000 );
#4347 = CARTESIAN_POINT( '', ( -0.0733333192033665, 0.200000000000000, -0.00500000000000000 ) );
#4348 = CARTESIAN_POINT( '', ( -0.0949500000000000, 0.200000000000000, -0.00500000000000000 ) );
#4349 = VECTOR( '', #5590, 39.3700787402000 );
#4350 = CARTESIAN_POINT( '', ( -0.0733333192033665, 0.200000000000000, 0.0500000000000000 ) );
#4351 = VECTOR( '', #5591, 39.3700787402000 );
#4352 = COLOUR_RGB( '', 1.00000000000000, 1.00000000000000, 0.000000000000000 );
#4353 = CARTESIAN_POINT( '', ( 0.0375000000000000, 0.305000000000000, 0.0437500000000000 ) );
#4354 = CARTESIAN_POINT( '', ( 0.0375000000000000, 0.298750000000000, 0.0375000000000000 ) );
#4355 = CARTESIAN_POINT( '', ( 0.0375000000000000, 0.298750000000000, 0.0375000000000000 ) );
#4356 = VECTOR( '', #5592, 39.3700787402000 );
#4357 = CARTESIAN_POINT( '', ( 0.0625000000000000, 0.305000000000000, 0.0437500000000000 ) );
#4358 = CARTESIAN_POINT( '', ( 0.0625000000000000, 0.305000000000000, 0.0437500000000000 ) );
#4359 = VECTOR( '', #5593, 39.3700787402000 );
#4360 = CARTESIAN_POINT( '', ( 0.0625000000000000, 0.298750000000000, 0.0375000000000000 ) );
#4361 = CARTESIAN_POINT( '', ( 0.0625000000000000, 0.298750000000000, 0.0375000000000000 ) );
#4362 = VECTOR( '', #5594, 39.3700787402000 );
#4363 = CARTESIAN_POINT( '', ( 0.0625000000000000, 0.298750000000000, 0.0375000000000000 ) );
#4364 = VECTOR( '', #5595, 39.3700787402000 );
#4365 = COLOUR_RGB( '', 0.689999997600000, 0.689999997600000, 0.689999997600000 );
#4366 = CARTESIAN_POINT( '', ( 0.0175000000000000, 0.000000000000000, 0.115000000000000 ) );
#4367 = CARTESIAN_POINT( '', ( 0.0175000000000000, 0.0200000000000000, 0.115000000000000 ) );
#4368 = CARTESIAN_POINT( '', ( 0.0175000000000000, 0.000000000000000, 0.115000000000000 ) );
#4369 = VECTOR( '', #5596, 39.3700787402000 );
#4370 = CARTESIAN_POINT( '', ( 0.130000000000000, 0.000000000000000, 0.115000000000000 ) );
#4371 = VECTOR( '', #5597, 39.3700787402000 );
#4372 = CARTESIAN_POINT( '', ( 0.130000000000000, 0.0200000000000000, 0.115000000000000 ) );
#4373 = VECTOR( '', #5598, 39.3700787402000 );
#4374 = COLOUR_RGB( '', 0.689999997600000, 0.689999997600000, 0.689999997600000 );
#4375 = CARTESIAN_POINT( '', ( 0.0500000000000000, 0.320000000000000, 0.130000000000000 ) );
#4376 = CARTESIAN_POINT( '', ( 0.0500000000000000, 0.245000000000000, 0.165000000000000 ) );
#4377 = CARTESIAN_POINT( '', ( 0.0500000000000000, 0.320000000000000, 0.130000000000000 ) );
#4378 = VECTOR( '', #5599, 39.3700787402000 );
#4379 = CARTESIAN_POINT( '', ( 0.0500000000000000, 0.222000000000000, 0.165000000000000 ) );
#4380 = CARTESIAN_POINT( '', ( 0.0500000000000000, 0.245000000000000, 0.165000000000000 ) );
#4381 = VECTOR( '', #5600, 39.3700787402000 );
#4382 = CARTESIAN_POINT( '', ( 0.0500000000000000, 0.233000000000000, 0.135000000000000 ) );
#4383 = CARTESIAN_POINT( '', ( 0.0500000000000000, 0.222000000000000, 0.165000000000000 ) );
#4384 = VECTOR( '', #5601, 39.3700787402000 );
#4385 = CARTESIAN_POINT( '', ( 0.0500000000000000, 0.233000000000000, 0.125000000000000 ) );
#4386 = CARTESIAN_POINT( '', ( 0.0500000000000000, 0.233000000000000, 0.135000000000000 ) );
#4387 = VECTOR( '', #5602, 39.3700787402000 );
#4388 = CARTESIAN_POINT( '', ( 0.0500000000000000, 0.320000000000000, 0.125000000000000 ) );
#4389 = CARTESIAN_POINT( '', ( 0.0500000000000000, 0.233000000000000, 0.125000000000000 ) );
#4390 = VECTOR( '', #5603, 39.3700787402000 );
#4391 = CARTESIAN_POINT( '', ( 0.0500000000000000, 0.320000000000000, 0.125000000000000 ) );
#4392 = VECTOR( '', #5604, 39.3700787402000 );
#4393 = COLOUR_RGB( '', 0.689999997600000, 0.689999997600000, 0.689999997600000 );
#4394 = CARTESIAN_POINT( '', ( 0.0863730402786399, 0.320000000000000, -0.00500000000000000 ) );
#4395 = CARTESIAN_POINT( '', ( 0.0770000000000000, 0.305000000000000, -0.00500000000000000 ) );
#4396 = CARTESIAN_POINT( '', ( -0.0398249579714234, 0.118040985904562, -0.00500000000000000 ) );
#4397 = VECTOR( '', #5605, 39.3700787402000 );
#4398 = CARTESIAN_POINT( '', ( 0.0770000000000000, 0.305000000000000, 0.00510000000000000 ) );
#4399 = CARTESIAN_POINT( '', ( 0.0770000000000000, 0.305000000000000, 0.0500000000000000 ) );
#4400 = VECTOR( '', #5606, 39.3700787402000 );
#4401 = CARTESIAN_POINT( '', ( 0.0863730402786399, 0.320000000000000, 0.00510000000000000 ) );
#4402 = CARTESIAN_POINT( '', ( -0.0145797410195924, 0.158441778285709, 0.00510000000000000 ) );
#4403 = VECTOR( '', #5607, 39.3700787402000 );
#4404 = CARTESIAN_POINT( '', ( 0.0863730402786399, 0.320000000000000, 0.0500000000000000 ) );
#4405 = VECTOR( '', #5608, 39.3700787402000 );
#4406 = COLOUR_RGB( '', 0.689999997600000, 0.689999997600000, 0.689999997600000 );
#4407 = CARTESIAN_POINT( '', ( 0.00504999999999999, 0.320000000000000, 0.100000000000000 ) );
#4408 = CARTESIAN_POINT( '', ( 0.00504999999999999, 0.320000000000000, 0.115000000000000 ) );
#4409 = CARTESIAN_POINT( '', ( 0.00504999999999999, 0.320000000000000, 0.00510000000000000 ) );
#4410 = VECTOR( '', #5609, 39.3700787402000 );
#4411 = CARTESIAN_POINT( '', ( -0.00505000000000001, 0.320000000000000, 0.100000000000000 ) );
#4412 = CARTESIAN_POINT( '', ( -0.0200000000000000, 0.320000000000000, 0.100000000000000 ) );
#4413 = VECTOR( '', #5610, 39.3700787402000 );
#4414 = CARTESIAN_POINT( '', ( -0.00505000000000001, 0.320000000000000, 0.115000000000000 ) );
#4415 = CARTESIAN_POINT( '', ( -0.00505000000000001, 0.320000000000000, 0.115000000000000 ) );
#4416 = VECTOR( '', #5611, 39.3700787402000 );
#4417 = CARTESIAN_POINT( '', ( -0.0949500000000000, 0.320000000000000, 0.115000000000000 ) );
#4418 = CARTESIAN_POINT( '', ( -0.0949500000000000, 0.320000000000000, 0.115000000000000 ) );
#4419 = VECTOR( '', #5612, 39.3700787402000 );
#4420 = CARTESIAN_POINT( '', ( -0.0949500000000000, 0.320000000000000, 0.00510000000000001 ) );
#4421 = CARTESIAN_POINT( '', ( -0.0949500000000000, 0.320000000000000, 0.00510000000000001 ) );
#4422 = VECTOR( '', #5613, 39.3700787402000 );
#4423 = CARTESIAN_POINT( '', ( -0.0863730402786401, 0.320000000000000, 0.00510000000000001 ) );
#4424 = CARTESIAN_POINT( '', ( -0.00505000000000001, 0.320000000000000, 0.00510000000000001 ) );
#4425 = VECTOR( '', #5614, 39.3700787402000 );
#4426 = CARTESIAN_POINT( '', ( -0.0863730402786401, 0.320000000000000, -0.00500000000000000 ) );
#4427 = CARTESIAN_POINT( '', ( -0.0863730402786401, 0.320000000000000, 0.0500000000000000 ) );
#4428 = VECTOR( '', #5615, 39.3700787402000 );
#4429 = CARTESIAN_POINT( '', ( -0.0949500000000000, 0.320000000000000, -0.00500000000000000 ) );
#4430 = CARTESIAN_POINT( '', ( -0.0949500000000000, 0.320000000000000, -0.00500000000000000 ) );
#4431 = VECTOR( '', #5616, 39.3700787402000 );
#4432 = CARTESIAN_POINT( '', ( -0.0949500000000000, 0.320000000000000, -0.114900000000000 ) );
#4433 = CARTESIAN_POINT( '', ( -0.0949500000000000, 0.320000000000000, -0.114900000000000 ) );
#4434 = VECTOR( '', #5617, 39.3700787402000 );
#4435 = CARTESIAN_POINT( '', ( -0.00505000000000001, 0.320000000000000, -0.114900000000000 ) );
#4436 = CARTESIAN_POINT( '', ( -0.00505000000000001, 0.320000000000000, -0.114900000000000 ) );
#4437 = VECTOR( '', #5618, 39.3700787402000 );
#4438 = CARTESIAN_POINT( '', ( -0.00505000000000001, 0.320000000000000, -0.0600000000000000 ) );
#4439 = CARTESIAN_POINT( '', ( -0.00505000000000001, 0.320000000000000, -0.00500000000000000 ) );
#4440 = VECTOR( '', #5619, 39.3700787402000 );
#4441 = CARTESIAN_POINT( '', ( 0.00504999999999999, 0.320000000000000, -0.0600000000000000 ) );
#4442 = CARTESIAN_POINT( '', ( 0.0200000000000000, 0.320000000000000, -0.0600000000000000 ) );
#4443 = VECTOR( '', #5620, 39.3700787402000 );
#4444 = CARTESIAN_POINT( '', ( 0.00504999999999999, 0.320000000000000, -0.114900000000000 ) );
#4445 = CARTESIAN_POINT( '', ( 0.00504999999999999, 0.320000000000000, -0.114900000000000 ) );
#4446 = VECTOR( '', #5621, 39.3700787402000 );
#4447 = CARTESIAN_POINT( '', ( 0.0949500000000000, 0.320000000000000, -0.114900000000000 ) );
#4448 = CARTESIAN_POINT( '', ( 0.0949500000000000, 0.320000000000000, -0.114900000000000 ) );
#4449 = VECTOR( '', #5622, 39.3700787402000 );
#4450 = CARTESIAN_POINT( '', ( 0.0949500000000000, 0.320000000000000, -0.00500000000000000 ) );
#4451 = CARTESIAN_POINT( '', ( 0.0949500000000000, 0.320000000000000, -0.00500000000000000 ) );
#4452 = VECTOR( '', #5623, 39.3700787402000 );
#4453 = CARTESIAN_POINT( '', ( 0.00504999999999999, 0.320000000000000, -0.00500000000000000 ) );
#4454 = VECTOR( '', #5624, 39.3700787402000 );
#4455 = CARTESIAN_POINT( '', ( 0.0949500000000000, 0.320000000000000, 0.00510000000000000 ) );
#4456 = CARTESIAN_POINT( '', ( 0.0949500000000000, 0.320000000000000, 0.00510000000000000 ) );
#4457 = VECTOR( '', #5625, 39.3700787402000 );
#4458 = CARTESIAN_POINT( '', ( 0.0949500000000000, 0.320000000000000, 0.115000000000000 ) );
#4459 = CARTESIAN_POINT( '', ( 0.0949500000000000, 0.320000000000000, 0.115000000000000 ) );
#4460 = VECTOR( '', #5626, 39.3700787402000 );
#4461 = CARTESIAN_POINT( '', ( 0.00504999999999999, 0.320000000000000, 0.115000000000000 ) );
#4462 = VECTOR( '', #5627, 39.3700787402000 );
#4463 = CARTESIAN_POINT( '', ( 0.130000000000000, 0.320000000000000, 0.0250000000000000 ) );
#4464 = CARTESIAN_POINT( '', ( 0.125000000000000, 0.320000000000000, 0.0250000000000000 ) );
#4465 = CARTESIAN_POINT( '', ( 0.135000000000000, 0.320000000000000, 0.0250000000000000 ) );
#4466 = VECTOR( '', #5628, 39.3700787402000 );
#4467 = CARTESIAN_POINT( '', ( 0.130000000000000, 0.320000000000000, -0.0250000000000000 ) );
#4468 = CARTESIAN_POINT( '', ( 0.130000000000000, 0.320000000000000, -0.145000000000000 ) );
#4469 = VECTOR( '', #5629, 39.3700787402000 );
#4470 = CARTESIAN_POINT( '', ( 0.125000000000000, 0.320000000000000, -0.0250000000000000 ) );
#4471 = CARTESIAN_POINT( '', ( 0.125000000000000, 0.320000000000000, -0.0250000000000000 ) );
#4472 = VECTOR( '', #5630, 39.3700787402000 );
#4473 = CARTESIAN_POINT( '', ( 0.125000000000000, 0.320000000000000, -0.0750000000000000 ) );
#4474 = CARTESIAN_POINT( '', ( 0.125000000000000, 0.320000000000000, -0.0750000000000000 ) );
#4475 = VECTOR( '', #5631, 39.3700787402000 );
#4476 = CARTESIAN_POINT( '', ( 0.130000000000000, 0.320000000000000, -0.0750000000000000 ) );
#4477 = CARTESIAN_POINT( '', ( 0.140000000000000, 0.320000000000000, -0.0750000000000000 ) );
#4478 = VECTOR( '', #5632, 39.3700787402000 );
#4479 = CARTESIAN_POINT( '', ( 0.130000000000000, 0.320000000000000, -0.145000000000000 ) );
#4480 = CARTESIAN_POINT( '', ( 0.130000000000000, 0.320000000000000, -0.145000000000000 ) );
#4481 = VECTOR( '', #5633, 39.3700787402000 );
#4482 = CARTESIAN_POINT( '', ( 0.107500000000000, 0.320000000000000, -0.145000000000000 ) );
#4483 = CARTESIAN_POINT( '', ( 0.130000000000000, 0.320000000000000, -0.145000000000000 ) );
#4484 = VECTOR( '', #5634, 39.3700787402000 );
#4485 = CARTESIAN_POINT( '', ( 0.107500000000000, 0.320000000000000, -0.125000000000000 ) );
#4486 = CARTESIAN_POINT( '', ( 0.107500000000000, 0.320000000000000, -0.145000000000000 ) );
#4487 = VECTOR( '', #5635, 39.3700787402000 );
#4488 = CARTESIAN_POINT( '', ( 0.0750000000000000, 0.320000000000000, -0.125000000000000 ) );
#4489 = CARTESIAN_POINT( '', ( 0.107500000000000, 0.320000000000000, -0.125000000000000 ) );
#4490 = VECTOR( '', #5636, 39.3700787402000 );
#4491 = CARTESIAN_POINT( '', ( 0.0750000000000000, 0.320000000000000, -0.145000000000000 ) );
#4492 = CARTESIAN_POINT( '', ( 0.0750000000000000, 0.320000000000000, -0.125000000000000 ) );
#4493 = VECTOR( '', #5637, 39.3700787402000 );
#4494 = CARTESIAN_POINT( '', ( -0.0750000000000000, 0.320000000000000, -0.145000000000000 ) );
#4495 = CARTESIAN_POINT( '', ( 0.130000000000000, 0.320000000000000, -0.145000000000000 ) );
#4496 = VECTOR( '', #5638, 39.3700787402000 );
#4497 = CARTESIAN_POINT( '', ( -0.0750000000000000, 0.320000000000000, -0.125000000000000 ) );
#4498 = CARTESIAN_POINT( '', ( -0.0750000000000000, 0.320000000000000, -0.145000000000000 ) );
#4499 = VECTOR( '', #5639, 39.3700787402000 );
#4500 = CARTESIAN_POINT( '', ( -0.107500000000000, 0.320000000000000, -0.125000000000000 ) );
#4501 = CARTESIAN_POINT( '', ( -0.0750000000000000, 0.320000000000000, -0.125000000000000 ) );
#4502 = VECTOR( '', #5640, 39.3700787402000 );
#4503 = CARTESIAN_POINT( '', ( -0.107500000000000, 0.320000000000000, -0.145000000000000 ) );
#4504 = CARTESIAN_POINT( '', ( -0.107500000000000, 0.320000000000000, -0.125000000000000 ) );
#4505 = VECTOR( '', #5641, 39.3700787402000 );
#4506 = CARTESIAN_POINT( '', ( -0.130000000000000, 0.320000000000000, -0.145000000000000 ) );
#4507 = CARTESIAN_POINT( '', ( 0.130000000000000, 0.320000000000000, -0.145000000000000 ) );
#4508 = VECTOR( '', #5642, 39.3700787402000 );
#4509 = CARTESIAN_POINT( '', ( -0.130000000000000, 0.320000000000000, 0.145000000000000 ) );
#4510 = CARTESIAN_POINT( '', ( -0.130000000000000, 0.320000000000000, -0.145000000000000 ) );
#4511 = VECTOR( '', #5643, 39.3700787402000 );
#4512 = CARTESIAN_POINT( '', ( -0.107500000000000, 0.320000000000000, 0.145000000000000 ) );
#4513 = CARTESIAN_POINT( '', ( 0.130000000000000, 0.320000000000000, 0.145000000000000 ) );
#4514 = VECTOR( '', #5644, 39.3700787402000 );
#4515 = CARTESIAN_POINT( '', ( -0.107500000000000, 0.320000000000000, 0.125000000000000 ) );
#4516 = CARTESIAN_POINT( '', ( -0.107500000000000, 0.320000000000000, 0.145000000000000 ) );
#4517 = VECTOR( '', #5645, 39.3700787402000 );
#4518 = CARTESIAN_POINT( '', ( -0.0500000000000000, 0.320000000000000, 0.125000000000000 ) );
#4519 = CARTESIAN_POINT( '', ( -0.107500000000000, 0.320000000000000, 0.125000000000000 ) );
#4520 = VECTOR( '', #5646, 39.3700787402000 );
#4521 = CARTESIAN_POINT( '', ( -0.0500000000000000, 0.320000000000000, 0.130000000000000 ) );
#4522 = CARTESIAN_POINT( '', ( -0.0500000000000000, 0.320000000000000, 0.125000000000000 ) );
#4523 = VECTOR( '', #5647, 39.3700787402000 );
#4524 = CARTESIAN_POINT( '', ( 0.0500000000000000, 0.320000000000000, 0.130000000000000 ) );
#4525 = VECTOR( '', #5648, 39.3700787402000 );
#4526 = CARTESIAN_POINT( '', ( 0.107500000000000, 0.320000000000000, 0.125000000000000 ) );
#4527 = CARTESIAN_POINT( '', ( -0.107500000000000, 0.320000000000000, 0.125000000000000 ) );
#4528 = VECTOR( '', #5649, 39.3700787402000 );
#4529 = CARTESIAN_POINT( '', ( 0.107500000000000, 0.320000000000000, 0.145000000000000 ) );
#4530 = CARTESIAN_POINT( '', ( 0.107500000000000, 0.320000000000000, 0.125000000000000 ) );
#4531 = VECTOR( '', #5650, 39.3700787402000 );
#4532 = CARTESIAN_POINT( '', ( 0.130000000000000, 0.320000000000000, 0.145000000000000 ) );
#4533 = CARTESIAN_POINT( '', ( 0.130000000000000, 0.320000000000000, 0.145000000000000 ) );
#4534 = VECTOR( '', #5651, 39.3700787402000 );
#4535 = CARTESIAN_POINT( '', ( 0.130000000000000, 0.320000000000000, 0.0750000000000000 ) );
#4536 = CARTESIAN_POINT( '', ( 0.130000000000000, 0.320000000000000, -0.145000000000000 ) );
#4537 = VECTOR( '', #5652, 39.3700787402000 );
#4538 = CARTESIAN_POINT( '', ( 0.125000000000000, 0.320000000000000, 0.0750000000000000 ) );
#4539 = CARTESIAN_POINT( '', ( 0.125000000000000, 0.320000000000000, 0.0750000000000000 ) );
#4540 = VECTOR( '', #5653, 39.3700787402000 );
#4541 = CARTESIAN_POINT( '', ( 0.125000000000000, 0.320000000000000, 0.0250000000000000 ) );
#4542 = VECTOR( '', #5654, 39.3700787402000 );
#4543 = COLOUR_RGB( '', 0.689999997600000, 0.689999997600000, 0.689999997600000 );
#4544 = CARTESIAN_POINT( '', ( 0.107500000000000, 0.000000000000000, 0.115000000000000 ) );
#4545 = CARTESIAN_POINT( '', ( 0.107500000000000, 0.000000000000000, 0.145000000000000 ) );
#4546 = CARTESIAN_POINT( '', ( 0.107500000000000, 0.000000000000000, 0.145000000000000 ) );
#4547 = VECTOR( '', #5655, 39.3700787402000 );
#4548 = CARTESIAN_POINT( '', ( 0.107500000000000, -0.0200000000000000, 0.145000000000000 ) );
#4549 = VECTOR( '', #5656, 39.3700787402000 );
#4550 = CARTESIAN_POINT( '', ( 0.107500000000000, 0.0200000000000000, 0.125000000000000 ) );
#4551 = CARTESIAN_POINT( '', ( 0.107500000000000, 0.320000000000000, 0.125000000000000 ) );
#4552 = VECTOR( '', #5657, 39.3700787402000 );
#4553 = CARTESIAN_POINT( '', ( 0.107500000000000, 0.0200000000000000, 0.115000000000000 ) );
#4554 = CARTESIAN_POINT( '', ( 0.107500000000000, 0.0200000000000000, 0.145000000000000 ) );
#4555 = VECTOR( '', #5658, 39.3700787402000 );
#4556 = CARTESIAN_POINT( '', ( 0.107500000000000, 0.000000000000000, 0.115000000000000 ) );
#4557 = VECTOR( '', #5659, 39.3700787402000 );
#4558 = COLOUR_RGB( '', 0.689999997600000, 0.689999997600000, 0.689999997600000 );
#4559 = CARTESIAN_POINT( '', ( 0.0230000000000000, 0.305000000000000, -0.00500000000000000 ) );
#4560 = CARTESIAN_POINT( '', ( 0.0136269597213601, 0.320000000000000, -0.00500000000000000 ) );
#4561 = CARTESIAN_POINT( '', ( 0.114579741019592, 0.158441778285709, -0.00500000000000000 ) );
#4562 = VECTOR( '', #5660, 39.3700787402000 );
#4563 = CARTESIAN_POINT( '', ( 0.0136269597213601, 0.320000000000000, 0.00510000000000000 ) );
#4564 = CARTESIAN_POINT( '', ( 0.0136269597213601, 0.320000000000000, 0.0500000000000000 ) );
#4565 = VECTOR( '', #5661, 39.3700787402000 );
#4566 = CARTESIAN_POINT( '', ( 0.0230000000000000, 0.305000000000000, 0.00510000000000000 ) );
#4567 = CARTESIAN_POINT( '', ( 0.139824957971423, 0.118040985904562, 0.00510000000000000 ) );
#4568 = VECTOR( '', #5662, 39.3700787402000 );
#4569 = CARTESIAN_POINT( '', ( 0.0230000000000000, 0.305000000000000, 0.0500000000000000 ) );
#4570 = VECTOR( '', #5663, 39.3700787402000 );
#4571 = COLOUR_RGB( '', 0.689999997600000, 0.689999997600000, 0.689999997600000 );
#4572 = CARTESIAN_POINT( '', ( -0.0770000000000000, 0.305000000000000, 0.00510000000000001 ) );
#4573 = CARTESIAN_POINT( '', ( 0.0398249579714242, 0.118040985904562, 0.00510000000000001 ) );
#4574 = VECTOR( '', #5664, 39.3700787402000 );
#4575 = CARTESIAN_POINT( '', ( -0.0770000000000000, 0.305000000000000, -0.00500000000000000 ) );
#4576 = CARTESIAN_POINT( '', ( -0.0770000000000000, 0.305000000000000, 0.0500000000000000 ) );
#4577 = VECTOR( '', #5665, 39.3700787402000 );
#4578 = CARTESIAN_POINT( '', ( 0.0145797410195928, 0.158441778285710, -0.00500000000000000 ) );
#4579 = VECTOR( '', #5666, 39.3700787402000 );
#4580 = COLOUR_RGB( '', 0.689999997600000, 0.689999997600000, 0.689999997600000 );
#4581 = CARTESIAN_POINT( '', ( 0.125000000000000, 0.0200000000000000, 0.0250000000000000 ) );
#4582 = CARTESIAN_POINT( '', ( 0.130000000000000, 0.0200000000000000, 0.0250000000000000 ) );
#4583 = CARTESIAN_POINT( '', ( 0.130000000000000, 0.0200000000000000, 0.0250000000000000 ) );
#4584 = VECTOR( '', #5667, 39.3700787402000 );
#4585 = CARTESIAN_POINT( '', ( 0.125000000000000, 0.0200000000000000, 0.0750000000000000 ) );
#4586 = CARTESIAN_POINT( '', ( 0.125000000000000, 0.0200000000000000, 0.115000000000000 ) );
#4587 = VECTOR( '', #5668, 39.3700787402000 );
#4588 = CARTESIAN_POINT( '', ( 0.130000000000000, 0.0200000000000000, 0.0750000000000000 ) );
#4589 = CARTESIAN_POINT( '', ( 0.130000000000000, 0.0200000000000000, 0.0750000000000000 ) );
#4590 = VECTOR( '', #5669, 39.3700787402000 );
#4591 = CARTESIAN_POINT( '', ( 0.130000000000000, 0.0200000000000000, 0.115000000000000 ) );
#4592 = CARTESIAN_POINT( '', ( 0.130000000000000, 0.0200000000000000, 0.115000000000000 ) );
#4593 = VECTOR( '', #5670, 39.3700787402000 );
#4594 = CARTESIAN_POINT( '', ( 0.130000000000000, 0.0200000000000000, 0.115000000000000 ) );
#4595 = VECTOR( '', #5671, 39.3700787402000 );
#4596 = CARTESIAN_POINT( '', ( 0.0175000000000000, 0.0200000000000000, 0.125000000000000 ) );
#4597 = CARTESIAN_POINT( '', ( 0.130000000000000, 0.0200000000000000, 0.125000000000000 ) );
#4598 = VECTOR( '', #5672, 39.3700787402000 );
#4599 = CARTESIAN_POINT( '', ( 0.0175000000000000, 0.0200000000000000, 0.145000000000000 ) );
#4600 = VECTOR( '', #5673, 39.3700787402000 );
#4601 = CARTESIAN_POINT( '', ( -0.107500000000000, 0.0200000000000000, 0.125000000000000 ) );
#4602 = CARTESIAN_POINT( '', ( 0.130000000000000, 0.0200000000000000, 0.125000000000000 ) );
#4603 = VECTOR( '', #5674, 39.3700787402000 );
#4604 = CARTESIAN_POINT( '', ( -0.107500000000000, 0.0200000000000000, 0.115000000000000 ) );
#4605 = CARTESIAN_POINT( '', ( -0.107500000000000, 0.0200000000000000, 0.145000000000000 ) );
#4606 = VECTOR( '', #5675, 39.3700787402000 );
#4607 = CARTESIAN_POINT( '', ( -0.130000000000000, 0.0200000000000000, 0.115000000000000 ) );
#4608 = CARTESIAN_POINT( '', ( 0.130000000000000, 0.0200000000000000, 0.115000000000000 ) );
#4609 = VECTOR( '', #5676, 39.3700787402000 );
#4610 = CARTESIAN_POINT( '', ( -0.130000000000000, 0.0200000000000000, -0.115000000000000 ) );
#4611 = CARTESIAN_POINT( '', ( -0.130000000000000, 0.0200000000000000, 0.115000000000000 ) );
#4612 = VECTOR( '', #5677, 39.3700787402000 );
#4613 = CARTESIAN_POINT( '', ( -0.107500000000000, 0.0200000000000000, -0.115000000000000 ) );
#4614 = CARTESIAN_POINT( '', ( 0.130000000000000, 0.0200000000000000, -0.115000000000000 ) );
#4615 = VECTOR( '', #5678, 39.3700787402000 );
#4616 = CARTESIAN_POINT( '', ( -0.107500000000000, 0.0200000000000000, -0.125000000000000 ) );
#4617 = CARTESIAN_POINT( '', ( -0.107500000000000, 0.0200000000000000, 0.145000000000000 ) );
#4618 = VECTOR( '', #5679, 39.3700787402000 );
#4619 = CARTESIAN_POINT( '', ( -0.0750000000000000, 0.0200000000000000, -0.125000000000000 ) );
#4620 = CARTESIAN_POINT( '', ( 0.130000000000000, 0.0200000000000000, -0.125000000000000 ) );
#4621 = VECTOR( '', #5680, 39.3700787402000 );
#4622 = CARTESIAN_POINT( '', ( -0.0750000000000000, 0.0200000000000000, -0.145000000000000 ) );
#4623 = CARTESIAN_POINT( '', ( -0.0750000000000000, 0.0200000000000000, 0.115000000000000 ) );
#4624 = VECTOR( '', #5681, 39.3700787402000 );
#4625 = CARTESIAN_POINT( '', ( -0.0175000000000000, 0.0200000000000000, -0.145000000000000 ) );
#4626 = CARTESIAN_POINT( '', ( -0.0175000000000000, 0.0200000000000000, -0.145000000000000 ) );
#4627 = VECTOR( '', #5682, 39.3700787402000 );
#4628 = CARTESIAN_POINT( '', ( -0.0175000000000000, 0.0200000000000000, -0.115000000000000 ) );
#4629 = CARTESIAN_POINT( '', ( -0.0175000000000000, 0.0200000000000000, 0.145000000000000 ) );
#4630 = VECTOR( '', #5683, 39.3700787402000 );
#4631 = CARTESIAN_POINT( '', ( 0.0175000000000000, 0.0200000000000000, -0.115000000000000 ) );
#4632 = CARTESIAN_POINT( '', ( 0.130000000000000, 0.0200000000000000, -0.115000000000000 ) );
#4633 = VECTOR( '', #5684, 39.3700787402000 );
#4634 = CARTESIAN_POINT( '', ( 0.0175000000000000, 0.0200000000000000, -0.145000000000000 ) );
#4635 = CARTESIAN_POINT( '', ( 0.0175000000000000, 0.0200000000000000, 0.145000000000000 ) );
#4636 = VECTOR( '', #5685, 39.3700787402000 );
#4637 = CARTESIAN_POINT( '', ( 0.0750000000000000, 0.0200000000000000, -0.145000000000000 ) );
#4638 = CARTESIAN_POINT( '', ( 0.107500000000000, 0.0200000000000000, -0.145000000000000 ) );
#4639 = VECTOR( '', #5686, 39.3700787402000 );
#4640 = CARTESIAN_POINT( '', ( 0.0750000000000000, 0.0200000000000000, -0.125000000000000 ) );
#4641 = CARTESIAN_POINT( '', ( 0.0750000000000000, 0.0200000000000000, 0.115000000000000 ) );
#4642 = VECTOR( '', #5687, 39.3700787402000 );
#4643 = CARTESIAN_POINT( '', ( 0.107500000000000, 0.0200000000000000, -0.125000000000000 ) );
#4644 = CARTESIAN_POINT( '', ( 0.130000000000000, 0.0200000000000000, -0.125000000000000 ) );
#4645 = VECTOR( '', #5688, 39.3700787402000 );
#4646 = CARTESIAN_POINT( '', ( 0.107500000000000, 0.0200000000000000, -0.115000000000000 ) );
#4647 = CARTESIAN_POINT( '', ( 0.107500000000000, 0.0200000000000000, 0.145000000000000 ) );
#4648 = VECTOR( '', #5689, 39.3700787402000 );
#4649 = CARTESIAN_POINT( '', ( 0.130000000000000, 0.0200000000000000, -0.115000000000000 ) );
#4650 = CARTESIAN_POINT( '', ( 0.130000000000000, 0.0200000000000000, -0.115000000000000 ) );
#4651 = VECTOR( '', #5690, 39.3700787402000 );
#4652 = CARTESIAN_POINT( '', ( 0.130000000000000, 0.0200000000000000, -0.0750000000000000 ) );
#4653 = CARTESIAN_POINT( '', ( 0.130000000000000, 0.0200000000000000, 0.115000000000000 ) );
#4654 = VECTOR( '', #5691, 39.3700787402000 );
#4655 = CARTESIAN_POINT( '', ( 0.125000000000000, 0.0200000000000000, -0.0750000000000000 ) );
#4656 = CARTESIAN_POINT( '', ( 0.130000000000000, 0.0200000000000000, -0.0750000000000000 ) );
#4657 = VECTOR( '', #5692, 39.3700787402000 );
#4658 = CARTESIAN_POINT( '', ( 0.125000000000000, 0.0200000000000000, -0.0250000000000000 ) );
#4659 = CARTESIAN_POINT( '', ( 0.125000000000000, 0.0200000000000000, 0.115000000000000 ) );
#4660 = VECTOR( '', #5693, 39.3700787402000 );
#4661 = CARTESIAN_POINT( '', ( 0.130000000000000, 0.0200000000000000, -0.0250000000000000 ) );
#4662 = CARTESIAN_POINT( '', ( 0.130000000000000, 0.0200000000000000, -0.0250000000000000 ) );
#4663 = VECTOR( '', #5694, 39.3700787402000 );
#4664 = CARTESIAN_POINT( '', ( 0.130000000000000, 0.0200000000000000, 0.115000000000000 ) );
#4665 = VECTOR( '', #5695, 39.3700787402000 );
#4666 = COLOUR_RGB( '', 1.00000000000000, 1.00000000000000, 0.000000000000000 );
#4667 = CARTESIAN_POINT( '', ( 0.0375000000000000, -0.0662500000000000, -0.230000000000000 ) );
#4668 = CARTESIAN_POINT( '', ( 0.0375000000000000, -0.0537500000000000, -0.230000000000000 ) );
#4669 = CARTESIAN_POINT( '', ( 0.0375000000000000, -0.200000000000000, -0.230000000000000 ) );
#4670 = VECTOR( '', #5696, 39.3700787402000 );
#4671 = CARTESIAN_POINT( '', ( 0.0625000000000000, -0.0537500000000000, -0.230000000000000 ) );
#4672 = CARTESIAN_POINT( '', ( 0.0625000000000000, -0.0537500000000000, -0.230000000000000 ) );
#4673 = VECTOR( '', #5697, 39.3700787402000 );
#4674 = CARTESIAN_POINT( '', ( 0.0625000000000000, -0.0662500000000000, -0.230000000000000 ) );
#4675 = CARTESIAN_POINT( '', ( 0.0625000000000000, -0.0662500000000000, -0.230000000000000 ) );
#4676 = VECTOR( '', #5698, 39.3700787402000 );
#4677 = CARTESIAN_POINT( '', ( 0.0625000000000000, -0.0662500000000000, -0.230000000000000 ) );
#4678 = VECTOR( '', #5699, 39.3700787402000 );
#4679 = COLOUR_RGB( '', 0.689999997600000, 0.689999997600000, 0.689999997600000 );
#4680 = CARTESIAN_POINT( '', ( -0.0949500000000000, 0.0900000000000000, 0.115000000000000 ) );
#4681 = CARTESIAN_POINT( '', ( -0.0949500000000000, 0.0900000000000000, 0.115000000000000 ) );
#4682 = VECTOR( '', #5700, 39.3700787402000 );
#4683 = CARTESIAN_POINT( '', ( -0.0949500000000000, 0.0900000000000000, 0.00510000000000001 ) );
#4684 = CARTESIAN_POINT( '', ( -0.0949500000000000, 0.0900000000000000, 0.00510000000000001 ) );
#4685 = VECTOR( '', #5701, 39.3700787402000 );
#4686 = CARTESIAN_POINT( '', ( -0.0949500000000000, 0.0900000000000000, 0.00510000000000001 ) );
#4687 = VECTOR( '', #5702, 39.3700787402000 );
#4688 = COLOUR_RGB( '', 1.00000000000000, 1.00000000000000, 0.000000000000000 );
#4689 = CARTESIAN_POINT( '', ( 0.0375000000000000, 0.298750000000000, -0.0375000000000000 ) );
#4690 = CARTESIAN_POINT( '', ( 0.0375000000000000, 0.305000000000000, -0.0437500000000000 ) );
#4691 = CARTESIAN_POINT( '', ( 0.0375000000000000, 0.305000000000000, -0.0437500000000000 ) );
#4692 = VECTOR( '', #5703, 39.3700787402000 );
#4693 = CARTESIAN_POINT( '', ( 0.0625000000000000, 0.298750000000000, -0.0375000000000000 ) );
#4694 = CARTESIAN_POINT( '', ( 0.0625000000000000, 0.298750000000000, -0.0375000000000000 ) );
#4695 = VECTOR( '', #5704, 39.3700787402000 );
#4696 = CARTESIAN_POINT( '', ( 0.0625000000000000, 0.305000000000000, -0.0437500000000000 ) );
#4697 = CARTESIAN_POINT( '', ( 0.0625000000000000, 0.305000000000000, -0.0437500000000000 ) );
#4698 = VECTOR( '', #5705, 39.3700787402000 );
#4699 = CARTESIAN_POINT( '', ( 0.0625000000000000, 0.305000000000000, -0.0437500000000000 ) );
#4700 = VECTOR( '', #5706, 39.3700787402000 );
#4701 = COLOUR_RGB( '', 0.689999997600000, 0.689999997600000, 0.689999997600000 );
#4702 = CARTESIAN_POINT( '', ( -0.0694135457806037, 0.0877523754541240, 0.00510000000000001 ) );
#4703 = VECTOR( '', #5707, 39.3700787402000 );
#4704 = CARTESIAN_POINT( '', ( -0.0695230417214246, 0.0908879289489224, -0.00500000000000000 ) );
#4705 = VECTOR( '', #5708, 39.3700787402000 );
#4706 = COLOUR_RGB( '', 0.689999997600000, 0.689999997600000, 0.689999997600000 );
#4707 = CARTESIAN_POINT( '', ( 0.0175000000000000, 0.000000000000000, 0.125000000000000 ) );
#4708 = CARTESIAN_POINT( '', ( 0.0175000000000000, 0.000000000000000, 0.145000000000000 ) );
#4709 = VECTOR( '', #5709, 39.3700787402000 );
#4710 = CARTESIAN_POINT( '', ( -0.107500000000000, 0.000000000000000, 0.125000000000000 ) );
#4711 = VECTOR( '', #5710, 39.3700787402000 );
#4712 = COLOUR_RGB( '', 0.689999997600000, 0.689999997600000, 0.689999997600000 );
#4713 = CARTESIAN_POINT( '', ( -0.107500000000000, 0.000000000000000, 0.115000000000000 ) );
#4714 = CARTESIAN_POINT( '', ( -0.107500000000000, 0.000000000000000, 0.115000000000000 ) );
#4715 = VECTOR( '', #5711, 39.3700787402000 );
#4716 = CARTESIAN_POINT( '', ( -0.130000000000000, 0.000000000000000, 0.115000000000000 ) );
#4717 = CARTESIAN_POINT( '', ( 0.130000000000000, 0.000000000000000, 0.115000000000000 ) );
#4718 = VECTOR( '', #5712, 39.3700787402000 );
#4719 = CARTESIAN_POINT( '', ( -0.130000000000000, 0.000000000000000, 0.115000000000000 ) );
#4720 = VECTOR( '', #5713, 39.3700787402000 );
#4721 = COLOUR_RGB( '', 1.00000000000000, 1.00000000000000, 0.000000000000000 );
#4722 = CARTESIAN_POINT( '', ( -0.0375000000000001, 0.298750000000000, 0.0625000000000000 ) );
#4723 = CARTESIAN_POINT( '', ( -0.0375000000000001, 0.0600000000000000, 0.0625000000000000 ) );
#4724 = CARTESIAN_POINT( '', ( -0.0375000000000001, 0.298750000000000, 0.0625000000000000 ) );
#4725 = VECTOR( '', #5714, 39.3700787402000 );
#4726 = CARTESIAN_POINT( '', ( -0.0625000000000000, 0.298750000000000, 0.0625000000000000 ) );
#4727 = CARTESIAN_POINT( '', ( 0.0625000000000000, 0.298750000000000, 0.0625000000000000 ) );
#4728 = VECTOR( '', #5715, 39.3700787402000 );
#4729 = CARTESIAN_POINT( '', ( -0.0625000000000000, -0.122500000000000, 0.0625000000000000 ) );
#4730 = CARTESIAN_POINT( '', ( -0.0625000000000000, 0.298750000000000, 0.0625000000000000 ) );
#4731 = VECTOR( '', #5716, 39.3700787402000 );
#4732 = CARTESIAN_POINT( '', ( -0.0375000000000000, -0.122500000000000, 0.0625000000000000 ) );
#4733 = CARTESIAN_POINT( '', ( 0.0625000000000000, -0.122500000000000, 0.0625000000000000 ) );
#4734 = VECTOR( '', #5717, 39.3700787402000 );
#4735 = CARTESIAN_POINT( '', ( -0.0375000000000000, 0.0400000000000000, 0.0625000000000000 ) );
#4736 = CARTESIAN_POINT( '', ( -0.0375000000000000, 0.298750000000000, 0.0625000000000000 ) );
#4737 = VECTOR( '', #5718, 39.3700787402000 );
#4738 = CARTESIAN_POINT( '', ( 0.0375000000000000, 0.0400000000000000, 0.0625000000000000 ) );
#4739 = CARTESIAN_POINT( '', ( 0.0625000000000000, 0.0400000000000000, 0.0625000000000000 ) );
#4740 = VECTOR( '', #5719, 39.3700787402000 );
#4741 = CARTESIAN_POINT( '', ( 0.0375000000000000, -0.122500000000000, 0.0625000000000000 ) );
#4742 = CARTESIAN_POINT( '', ( 0.0375000000000000, 0.298750000000000, 0.0625000000000000 ) );
#4743 = VECTOR( '', #5720, 39.3700787402000 );
#4744 = CARTESIAN_POINT( '', ( 0.0625000000000000, -0.122500000000000, 0.0625000000000000 ) );
#4745 = CARTESIAN_POINT( '', ( 0.0625000000000000, -0.122500000000000, 0.0625000000000000 ) );
#4746 = VECTOR( '', #5721, 39.3700787402000 );
#4747 = CARTESIAN_POINT( '', ( 0.0625000000000000, 0.298750000000000, 0.0625000000000000 ) );
#4748 = CARTESIAN_POINT( '', ( 0.0625000000000000, 0.298750000000000, 0.0625000000000000 ) );
#4749 = VECTOR( '', #5722, 39.3700787402000 );
#4750 = CARTESIAN_POINT( '', ( 0.0375000000000000, 0.298750000000000, 0.0625000000000000 ) );
#4751 = CARTESIAN_POINT( '', ( 0.0625000000000000, 0.298750000000000, 0.0625000000000000 ) );
#4752 = VECTOR( '', #5723, 39.3700787402000 );
#4753 = CARTESIAN_POINT( '', ( 0.0374999999999999, 0.0600000000000000, 0.0625000000000000 ) );
#4754 = CARTESIAN_POINT( '', ( 0.0375000000000000, 0.298750000000000, 0.0625000000000000 ) );
#4755 = VECTOR( '', #5724, 39.3700787402000 );
#4756 = CARTESIAN_POINT( '', ( 0.0625000000000000, 0.0600000000000000, 0.0625000000000000 ) );
#4757 = VECTOR( '', #5725, 39.3700787402000 );
#4758 = COLOUR_RGB( '', 1.00000000000000, 1.00000000000000, 0.000000000000000 );
#4759 = CARTESIAN_POINT( '', ( -0.0375000000000001, 0.0650000000000000, 0.0375000000000000 ) );
#4760 = CARTESIAN_POINT( '', ( -0.0375000000000001, 0.298750000000000, 0.0375000000000000 ) );
#4761 = CARTESIAN_POINT( '', ( -0.0375000000000001, 0.0650000000000000, 0.0375000000000000 ) );
#4762 = VECTOR( '', #5726, 39.3700787402000 );
#4763 = CARTESIAN_POINT( '', ( -0.0625000000000000, 0.0650000000000000, 0.0375000000000000 ) );
#4764 = CARTESIAN_POINT( '', ( 0.0625000000000000, 0.0650000000000000, 0.0375000000000000 ) );
#4765 = VECTOR( '', #5727, 39.3700787402000 );
#4766 = CARTESIAN_POINT( '', ( -0.0625000000000000, 0.298750000000000, 0.0375000000000000 ) );
#4767 = CARTESIAN_POINT( '', ( -0.0625000000000000, 0.0650000000000000, 0.0375000000000000 ) );
#4768 = VECTOR( '', #5728, 39.3700787402000 );
#4769 = CARTESIAN_POINT( '', ( 0.0625000000000000, 0.298750000000000, 0.0375000000000000 ) );
#4770 = VECTOR( '', #5729, 39.3700787402000 );
#4771 = COLOUR_RGB( '', 0.689999997600000, 0.689999997600000, 0.689999997600000 );
#4772 = CARTESIAN_POINT( '', ( 0.00504999999999999, 0.0900000000000000, -0.0200000000000000 ) );
#4773 = CARTESIAN_POINT( '', ( 0.00504999999999999, 0.0900000000000000, -0.00500000000000000 ) );
#4774 = CARTESIAN_POINT( '', ( 0.00504999999999999, 0.0900000000000000, -0.114900000000000 ) );
#4775 = VECTOR( '', #5730, 39.3700787402000 );
#4776 = CARTESIAN_POINT( '', ( 0.00504999999999999, 0.320000000000000, -0.0200000000000000 ) );
#4777 = CARTESIAN_POINT( '', ( 0.00504999999999999, 0.0900000000000000, -0.0200000000000000 ) );
#4778 = VECTOR( '', #5731, 39.3700787402000 );
#4779 = CARTESIAN_POINT( '', ( 0.00504999999999999, 0.320000000000000, -0.00500000000000000 ) );
#4780 = CARTESIAN_POINT( '', ( 0.00504999999999999, 0.320000000000000, -0.114900000000000 ) );
#4781 = VECTOR( '', #5732, 39.3700787402000 );
#4782 = CARTESIAN_POINT( '', ( 0.00504999999999999, 0.0900000000000000, -0.00500000000000000 ) );
#4783 = VECTOR( '', #5733, 39.3700787402000 );
#4784 = COLOUR_RGB( '', 1.00000000000000, 1.00000000000000, 0.000000000000000 );
#4785 = CARTESIAN_POINT( '', ( 0.0375000000000000, 0.0650000000000000, 0.0375000000000000 ) );
#4786 = CARTESIAN_POINT( '', ( 0.0375000000000000, 0.0650000000000000, 0.0375000000000000 ) );
#4787 = VECTOR( '', #5734, 39.3700787402000 );
#4788 = CARTESIAN_POINT( '', ( 0.0625000000000000, 0.0650000000000000, 0.0375000000000000 ) );
#4789 = CARTESIAN_POINT( '', ( 0.0625000000000000, 0.0650000000000000, 0.0375000000000000 ) );
#4790 = VECTOR( '', #5735, 39.3700787402000 );
#4791 = CARTESIAN_POINT( '', ( 0.0625000000000000, 0.0650000000000000, 0.0375000000000000 ) );
#4792 = VECTOR( '', #5736, 39.3700787402000 );
#4793 = COLOUR_RGB( '', 0.689999997600000, 0.689999997600000, 0.689999997600000 );
#4794 = CARTESIAN_POINT( '', ( -0.107500000000000, 0.000000000000000, -0.115000000000000 ) );
#4795 = CARTESIAN_POINT( '', ( -0.107500000000000, 0.000000000000000, -0.145000000000000 ) );
#4796 = CARTESIAN_POINT( '', ( -0.107500000000000, 0.000000000000000, -0.115000000000000 ) );
#4797 = VECTOR( '', #5737, 39.3700787402000 );
#4798 = CARTESIAN_POINT( '', ( -0.130000000000000, 0.000000000000000, -0.115000000000000 ) );
#4799 = CARTESIAN_POINT( '', ( 0.130000000000000, 0.000000000000000, -0.115000000000000 ) );
#4800 = VECTOR( '', #5738, 39.3700787402000 );
#4801 = CARTESIAN_POINT( '', ( -0.130000000000000, 0.000000000000000, -0.145000000000000 ) );
#4802 = CARTESIAN_POINT( '', ( -0.130000000000000, 0.000000000000000, -0.115000000000000 ) );
#4803 = VECTOR( '', #5739, 39.3700787402000 );
#4804 = CARTESIAN_POINT( '', ( 0.130000000000000, 0.000000000000000, -0.145000000000000 ) );
#4805 = VECTOR( '', #5740, 39.3700787402000 );
#4806 = COLOUR_RGB( '', 1.00000000000000, 1.00000000000000, 0.000000000000000 );
#4807 = CARTESIAN_POINT( '', ( 0.0375000000000000, 0.305000000000000, 0.0562500000000000 ) );
#4808 = CARTESIAN_POINT( '', ( 0.0375000000000000, 0.305000000000000, 0.0562500000000000 ) );
#4809 = VECTOR( '', #5741, 39.3700787402000 );
#4810 = CARTESIAN_POINT( '', ( 0.0375000000000000, 0.305000000000000, 0.0437500000000000 ) );
#4811 = VECTOR( '', #5742, 39.3700787402000 );
#4812 = CARTESIAN_POINT( '', ( 0.0375000000000000, 0.0650000000000000, -0.0375000000000000 ) );
#4813 = CARTESIAN_POINT( '', ( 0.0375000000000000, 0.0650000000000000, -0.0375000000000000 ) );
#4814 = VECTOR( '', #5743, 39.3700787402000 );
#4815 = CARTESIAN_POINT( '', ( 0.0375000000000000, 0.298750000000000, -0.0375000000000000 ) );
#4816 = VECTOR( '', #5744, 39.3700787402000 );
#4817 = CARTESIAN_POINT( '', ( 0.0375000000000000, 0.305000000000000, -0.0562500000000000 ) );
#4818 = VECTOR( '', #5745, 39.3700787402000 );
#4819 = CARTESIAN_POINT( '', ( 0.0374999999999999, 0.0600000000000000, -0.0625000000000000 ) );
#4820 = CARTESIAN_POINT( '', ( 0.0375000000000000, -0.0225000000000000, -0.0625000000000000 ) );
#4821 = VECTOR( '', #5746, 39.3700787402000 );
#4822 = CARTESIAN_POINT( '', ( 0.0374999999999999, 0.0600000000000000, 0.145000000000000 ) );
#4823 = VECTOR( '', #5747, 39.3700787402000 );
#4824 = COLOUR_RGB( '', 1.00000000000000, 1.00000000000000, 0.000000000000000 );
#4825 = CARTESIAN_POINT( '', ( -0.0375000000000000, -0.0725000000000000, -0.0875000000000000 ) );
#4826 = CARTESIAN_POINT( '', ( -0.0375000000000000, -0.0725000000000000, -0.223750000000000 ) );
#4827 = CARTESIAN_POINT( '', ( -0.0375000000000000, -0.0725000000000000, -0.0875000000000000 ) );
#4828 = VECTOR( '', #5748, 39.3700787402000 );
#4829 = CARTESIAN_POINT( '', ( -0.0625000000000000, -0.0725000000000000, -0.0875000000000000 ) );
#4830 = CARTESIAN_POINT( '', ( 0.0625000000000000, -0.0725000000000000, -0.0875000000000000 ) );
#4831 = VECTOR( '', #5749, 39.3700787402000 );
#4832 = CARTESIAN_POINT( '', ( -0.0625000000000000, -0.0725000000000000, -0.223750000000000 ) );
#4833 = CARTESIAN_POINT( '', ( -0.0625000000000000, -0.0725000000000000, -0.0875000000000000 ) );
#4834 = VECTOR( '', #5750, 39.3700787402000 );
#4835 = CARTESIAN_POINT( '', ( 0.0625000000000000, -0.0725000000000000, -0.223750000000000 ) );
#4836 = VECTOR( '', #5751, 39.3700787402000 );
#4837 = COLOUR_RGB( '', 1.00000000000000, 1.00000000000000, 0.000000000000000 );
#4838 = CARTESIAN_POINT( '', ( 0.0625000000000000, -0.0475000000000000, -0.0875000000000000 ) );
#4839 = CARTESIAN_POINT( '', ( 0.0375000000000000, -0.0475000000000000, -0.0875000000000000 ) );
#4840 = CARTESIAN_POINT( '', ( 0.0625000000000000, -0.0475000000000000, -0.0875000000000000 ) );
#4841 = VECTOR( '', #5752, 39.3700787402000 );
#4842 = CARTESIAN_POINT( '', ( 0.0375000000000000, -0.0225000000000000, -0.0625000000000000 ) );
#4843 = AXIS2_PLACEMENT_3D( '', #5753, #5754, #5755 );
#4844 = CARTESIAN_POINT( '', ( 0.0625000000000000, -0.0225000000000000, -0.0625000000000000 ) );
#4845 = CARTESIAN_POINT( '', ( 0.0625000000000000, -0.0225000000000000, -0.0625000000000000 ) );
#4846 = VECTOR( '', #5756, 39.3700787402000 );
#4847 = AXIS2_PLACEMENT_3D( '', #5757, #5758, #5759 );
#4848 = COLOUR_RGB( '', 0.689999997600000, 0.689999997600000, 0.689999997600000 );
#4849 = CARTESIAN_POINT( '', ( -0.00505000000000001, 0.0900000000000000, -0.00500000000000000 ) );
#4850 = CARTESIAN_POINT( '', ( -0.00505000000000001, 0.0900000000000000, -0.0200000000000000 ) );
#4851 = CARTESIAN_POINT( '', ( -0.00505000000000001, 0.0900000000000000, -0.00500000000000000 ) );
#4852 = VECTOR( '', #5760, 39.3700787402000 );
#4853 = CARTESIAN_POINT( '', ( -0.0200000000000000, 0.0900000000000000, -0.0200000000000000 ) );
#4854 = VECTOR( '', #5761, 39.3700787402000 );
#4855 = CARTESIAN_POINT( '', ( 0.0949500000000000, 0.0900000000000000, -0.00500000000000000 ) );
#4856 = CARTESIAN_POINT( '', ( 0.00504999999999999, 0.0900000000000000, -0.00500000000000000 ) );
#4857 = VECTOR( '', #5762, 39.3700787402000 );
#4858 = CARTESIAN_POINT( '', ( 0.0949500000000000, 0.0900000000000000, -0.114900000000000 ) );
#4859 = CARTESIAN_POINT( '', ( 0.0949500000000000, 0.0900000000000000, -0.00500000000000000 ) );
#4860 = VECTOR( '', #5763, 39.3700787402000 );
#4861 = CARTESIAN_POINT( '', ( 0.00504999999999999, 0.0900000000000000, -0.114900000000000 ) );
#4862 = CARTESIAN_POINT( '', ( 0.0949500000000000, 0.0900000000000000, -0.114900000000000 ) );
#4863 = VECTOR( '', #5764, 39.3700787402000 );
#4864 = CARTESIAN_POINT( '', ( 0.00504999999999999, 0.0900000000000000, -0.0600000000000000 ) );
#4865 = CARTESIAN_POINT( '', ( 0.00504999999999999, 0.0900000000000000, -0.114900000000000 ) );
#4866 = VECTOR( '', #5765, 39.3700787402000 );
#4867 = CARTESIAN_POINT( '', ( -0.00505000000000001, 0.0900000000000000, -0.0600000000000000 ) );
#4868 = CARTESIAN_POINT( '', ( 0.0200000000000000, 0.0900000000000000, -0.0600000000000000 ) );
#4869 = VECTOR( '', #5766, 39.3700787402000 );
#4870 = CARTESIAN_POINT( '', ( -0.00505000000000001, 0.0900000000000000, -0.114900000000000 ) );
#4871 = CARTESIAN_POINT( '', ( -0.00505000000000001, 0.0900000000000000, -0.00500000000000000 ) );
#4872 = VECTOR( '', #5767, 39.3700787402000 );
#4873 = CARTESIAN_POINT( '', ( -0.0949500000000000, 0.0900000000000000, -0.114900000000000 ) );
#4874 = CARTESIAN_POINT( '', ( -0.00505000000000001, 0.0900000000000000, -0.114900000000000 ) );
#4875 = VECTOR( '', #5768, 39.3700787402000 );
#4876 = CARTESIAN_POINT( '', ( -0.0949500000000000, 0.0900000000000000, -0.00500000000000000 ) );
#4877 = CARTESIAN_POINT( '', ( -0.0949500000000000, 0.0900000000000000, -0.114900000000000 ) );
#4878 = VECTOR( '', #5769, 39.3700787402000 );
#4879 = CARTESIAN_POINT( '', ( -0.0949500000000000, 0.0900000000000000, -0.00500000000000000 ) );
#4880 = VECTOR( '', #5770, 39.3700787402000 );
#4881 = COLOUR_RGB( '', 0.689999997600000, 0.689999997600000, 0.689999997600000 );
#4882 = CARTESIAN_POINT( '', ( -0.0230000000000000, 0.305000000000000, -0.00500000000000000 ) );
#4883 = CARTESIAN_POINT( '', ( -0.0305864542193962, 0.0877523754541240, -0.00500000000000000 ) );
#4884 = VECTOR( '', #5771, 39.3700787402000 );
#4885 = CARTESIAN_POINT( '', ( -0.0136269597213601, 0.320000000000000, -0.00500000000000000 ) );
#4886 = CARTESIAN_POINT( '', ( -0.139824957971423, 0.118040985904562, -0.00500000000000000 ) );
#4887 = VECTOR( '', #5772, 39.3700787402000 );
#4888 = CARTESIAN_POINT( '', ( -0.00505000000000001, 0.320000000000000, -0.00500000000000000 ) );
#4889 = CARTESIAN_POINT( '', ( -0.0949500000000000, 0.320000000000000, -0.00500000000000000 ) );
#4890 = VECTOR( '', #5773, 39.3700787402000 );
#4891 = CARTESIAN_POINT( '', ( -0.00505000000000001, 0.0900000000000000, -0.00500000000000000 ) );
#4892 = VECTOR( '', #5774, 39.3700787402000 );
#4893 = CARTESIAN_POINT( '', ( -0.0949500000000000, 0.0900000000000000, -0.00500000000000000 ) );
#4894 = VECTOR( '', #5775, 39.3700787402000 );
#4895 = COLOUR_RGB( '', 0.689999997600000, 0.689999997600000, 0.689999997600000 );
#4896 = CARTESIAN_POINT( '', ( -0.0949500000000000, 0.0900000000000000, -0.114900000000000 ) );
#4897 = VECTOR( '', #5776, 39.3700787402000 );
#4898 = CARTESIAN_POINT( '', ( -0.00505000000000001, 0.0900000000000000, -0.114900000000000 ) );
#4899 = VECTOR( '', #5777, 39.3700787402000 );
#4900 = COLOUR_RGB( '', 1.00000000000000, 1.00000000000000, 0.000000000000000 );
#4901 = CARTESIAN_POINT( '', ( -0.0375000000000001, 0.0600000000000000, -0.0625000000000000 ) );
#4902 = CARTESIAN_POINT( '', ( -0.0375000000000001, 0.298750000000000, -0.0625000000000000 ) );
#4903 = CARTESIAN_POINT( '', ( -0.0375000000000001, -0.0225000000000000, -0.0625000000000000 ) );
#4904 = VECTOR( '', #5778, 39.3700787402000 );
#4905 = CARTESIAN_POINT( '', ( 0.0625000000000000, 0.0600000000000000, -0.0625000000000000 ) );
#4906 = VECTOR( '', #5779, 39.3700787402000 );
#4907 = CARTESIAN_POINT( '', ( 0.0625000000000000, -0.0225000000000000, -0.0625000000000000 ) );
#4908 = VECTOR( '', #5780, 39.3700787402000 );
#4909 = CARTESIAN_POINT( '', ( 0.0375000000000000, 0.0400000000000000, -0.0625000000000000 ) );
#4910 = CARTESIAN_POINT( '', ( 0.0375000000000000, -0.0225000000000000, -0.0625000000000000 ) );
#4911 = VECTOR( '', #5781, 39.3700787402000 );
#4912 = CARTESIAN_POINT( '', ( -0.0375000000000000, 0.0400000000000000, -0.0625000000000000 ) );
#4913 = CARTESIAN_POINT( '', ( 0.0625000000000000, 0.0400000000000000, -0.0625000000000000 ) );
#4914 = VECTOR( '', #5782, 39.3700787402000 );
#4915 = CARTESIAN_POINT( '', ( -0.0375000000000000, -0.0225000000000000, -0.0625000000000000 ) );
#4916 = CARTESIAN_POINT( '', ( -0.0375000000000000, -0.0225000000000000, -0.0625000000000000 ) );
#4917 = VECTOR( '', #5783, 39.3700787402000 );
#4918 = CARTESIAN_POINT( '', ( -0.0625000000000000, -0.0225000000000000, -0.0625000000000000 ) );
#4919 = CARTESIAN_POINT( '', ( 0.0625000000000000, -0.0225000000000000, -0.0625000000000000 ) );
#4920 = VECTOR( '', #5784, 39.3700787402000 );
#4921 = CARTESIAN_POINT( '', ( -0.0625000000000000, 0.298750000000000, -0.0625000000000000 ) );
#4922 = CARTESIAN_POINT( '', ( -0.0625000000000000, -0.0225000000000000, -0.0625000000000000 ) );
#4923 = VECTOR( '', #5785, 39.3700787402000 );
#4924 = CARTESIAN_POINT( '', ( 0.0625000000000000, 0.298750000000000, -0.0625000000000000 ) );
#4925 = VECTOR( '', #5786, 39.3700787402000 );
#4926 = COLOUR_RGB( '', 0.689999997600000, 0.689999997600000, 0.689999997600000 );
#4927 = CARTESIAN_POINT( '', ( -0.0750000000000000, 0.320000000000000, -0.145000000000000 ) );
#4928 = VECTOR( '', #5787, 39.3700787402000 );
#4929 = CARTESIAN_POINT( '', ( 0.0750000000000000, 0.320000000000000, -0.145000000000000 ) );
#4930 = VECTOR( '', #5788, 39.3700787402000 );
#4931 = CARTESIAN_POINT( '', ( 0.0175000000000000, 0.000000000000000, -0.145000000000000 ) );
#4932 = CARTESIAN_POINT( '', ( 0.0175000000000000, 0.0200000000000000, -0.145000000000000 ) );
#4933 = VECTOR( '', #5789, 39.3700787402000 );
#4934 = CARTESIAN_POINT( '', ( -0.0175000000000000, 0.000000000000000, -0.145000000000000 ) );
#4935 = CARTESIAN_POINT( '', ( 0.130000000000000, 0.000000000000000, -0.145000000000000 ) );
#4936 = VECTOR( '', #5790, 39.3700787402000 );
#4937 = CARTESIAN_POINT( '', ( -0.0175000000000000, 0.000000000000000, -0.145000000000000 ) );
#4938 = VECTOR( '', #5791, 39.3700787402000 );
#4939 = COLOUR_RGB( '', 0.689999997600000, 0.689999997600000, 0.689999997600000 );
#4940 = CARTESIAN_POINT( '', ( 0.125000000000000, 0.320000000000000, -0.0750000000000000 ) );
#4941 = VECTOR( '', #5792, 39.3700787402000 );
#4942 = CARTESIAN_POINT( '', ( 0.125000000000000, 0.320000000000000, -0.0250000000000000 ) );
#4943 = VECTOR( '', #5793, 39.3700787402000 );
#4944 = COLOUR_RGB( '', 1.00000000000000, 1.00000000000000, 0.000000000000000 );
#4945 = CARTESIAN_POINT( '', ( 0.0625000000000000, 0.305000000000000, 0.0562500000000000 ) );
#4946 = CARTESIAN_POINT( '', ( 0.0625000000000000, 0.305000000000000, 0.0562500000000000 ) );
#4947 = VECTOR( '', #5794, 39.3700787402000 );
#4948 = CARTESIAN_POINT( '', ( 0.0625000000000000, 0.305000000000000, 0.0437500000000000 ) );
#4949 = VECTOR( '', #5795, 39.3700787402000 );
#4950 = COLOUR_RGB( '', 0.689999997600000, 0.689999997600000, 0.689999997600000 );
#4951 = CARTESIAN_POINT( '', ( -0.00505000000000001, 0.320000000000000, 0.0600000000000000 ) );
#4952 = CARTESIAN_POINT( '', ( -0.00505000000000001, 0.320000000000000, 0.00510000000000000 ) );
#4953 = CARTESIAN_POINT( '', ( -0.00505000000000001, 0.320000000000000, 0.115000000000000 ) );
#4954 = VECTOR( '', #5796, 39.3700787402000 );
#4955 = CARTESIAN_POINT( '', ( 0.00504999999999999, 0.320000000000000, 0.0600000000000000 ) );
#4956 = CARTESIAN_POINT( '', ( 0.0200000000000000, 0.320000000000000, 0.0600000000000000 ) );
#4957 = VECTOR( '', #5797, 39.3700787402000 );
#4958 = CARTESIAN_POINT( '', ( 0.00504999999999999, 0.320000000000000, 0.00510000000000000 ) );
#4959 = CARTESIAN_POINT( '', ( 0.00504999999999999, 0.320000000000000, 0.00510000000000000 ) );
#4960 = VECTOR( '', #5798, 39.3700787402000 );
#4961 = CARTESIAN_POINT( '', ( 0.0949500000000000, 0.320000000000000, 0.00510000000000000 ) );
#4962 = VECTOR( '', #5799, 39.3700787402000 );
#4963 = CARTESIAN_POINT( '', ( 0.00504999999999999, 0.320000000000000, -0.00500000000000000 ) );
#4964 = VECTOR( '', #5800, 39.3700787402000 );
#4965 = CARTESIAN_POINT( '', ( -0.00505000000000001, 0.320000000000000, -0.0200000000000000 ) );
#4966 = CARTESIAN_POINT( '', ( -0.0200000000000000, 0.320000000000000, -0.0200000000000000 ) );
#4967 = VECTOR( '', #5801, 39.3700787402000 );
#4968 = CARTESIAN_POINT( '', ( -0.00505000000000001, 0.320000000000000, -0.00500000000000000 ) );
#4969 = VECTOR( '', #5802, 39.3700787402000 );
#4970 = CARTESIAN_POINT( '', ( -0.0136269597213601, 0.320000000000000, 0.00510000000000001 ) );
#4971 = CARTESIAN_POINT( '', ( -0.0136269597213601, 0.320000000000000, 0.0500000000000000 ) );
#4972 = VECTOR( '', #5803, 39.3700787402000 );
#4973 = CARTESIAN_POINT( '', ( -0.00505000000000001, 0.320000000000000, 0.00510000000000001 ) );
#4974 = VECTOR( '', #5804, 39.3700787402000 );
#4975 = COLOUR_RGB( '', 0.689999997600000, 0.689999997600000, 0.689999997600000 );
#4976 = CARTESIAN_POINT( '', ( 0.00504999999999999, 0.0900000000000000, 0.0600000000000000 ) );
#4977 = CARTESIAN_POINT( '', ( -0.00505000000000001, 0.0900000000000000, 0.0600000000000000 ) );
#4978 = CARTESIAN_POINT( '', ( 0.0200000000000000, 0.0900000000000000, 0.0600000000000000 ) );
#4979 = VECTOR( '', #5805, 39.3700787402000 );
#4980 = CARTESIAN_POINT( '', ( 0.00504999999999999, 0.0900000000000000, 0.0600000000000000 ) );
#4981 = VECTOR( '', #5806, 39.3700787402000 );
#4982 = CARTESIAN_POINT( '', ( -0.00505000000000001, 0.0900000000000000, 0.0600000000000000 ) );
#4983 = VECTOR( '', #5807, 39.3700787402000 );
#4984 = COLOUR_RGB( '', 0.689999997600000, 0.689999997600000, 0.689999997600000 );
#4985 = CARTESIAN_POINT( '', ( -0.107500000000000, 0.000000000000000, 0.145000000000000 ) );
#4986 = CARTESIAN_POINT( '', ( -0.107500000000000, 0.0200000000000000, 0.145000000000000 ) );
#4987 = VECTOR( '', #5808, 39.3700787402000 );
#4988 = CARTESIAN_POINT( '', ( -0.130000000000000, 0.000000000000000, 0.145000000000000 ) );
#4989 = CARTESIAN_POINT( '', ( -0.130000000000000, 0.320000000000000, 0.145000000000000 ) );
#4990 = VECTOR( '', #5809, 39.3700787402000 );
#4991 = CARTESIAN_POINT( '', ( 0.130000000000000, 0.000000000000000, 0.145000000000000 ) );
#4992 = VECTOR( '', #5810, 39.3700787402000 );
#4993 = COLOUR_RGB( '', 1.00000000000000, 1.00000000000000, 0.000000000000000 );
#4994 = CARTESIAN_POINT( '', ( 0.0375000000000000, 0.0400000000000000, 0.0375000000000000 ) );
#4995 = CARTESIAN_POINT( '', ( 0.0375000000000000, -0.122500000000000, 0.0375000000000000 ) );
#4996 = CARTESIAN_POINT( '', ( 0.0375000000000000, -0.122500000000000, 0.0375000000000000 ) );
#4997 = VECTOR( '', #5811, 39.3700787402000 );
#4998 = CARTESIAN_POINT( '', ( 0.0625000000000000, 0.0400000000000000, 0.0375000000000000 ) );
#4999 = CARTESIAN_POINT( '', ( 0.0625000000000000, 0.0400000000000000, 0.0375000000000000 ) );
#5000 = VECTOR( '', #5812, 39.3700787402000 );
#5001 = CARTESIAN_POINT( '', ( 0.0625000000000000, -0.122500000000000, 0.0375000000000000 ) );
#5002 = CARTESIAN_POINT( '', ( 0.0625000000000000, -0.122500000000000, 0.0375000000000000 ) );
#5003 = VECTOR( '', #5813, 39.3700787402000 );
#5004 = CARTESIAN_POINT( '', ( 0.0625000000000000, -0.122500000000000, 0.0375000000000000 ) );
#5005 = VECTOR( '', #5814, 39.3700787402000 );
#5006 = COLOUR_RGB( '', 1.00000000000000, 1.00000000000000, 0.000000000000000 );
#5007 = CARTESIAN_POINT( '', ( 0.0625000000000000, 0.305000000000000, 0.0562500000000000 ) );
#5008 = VECTOR( '', #5815, 39.3700787402000 );
#5009 = COLOUR_RGB( '', 0.689999997600000, 0.689999997600000, 0.689999997600000 );
#5010 = CARTESIAN_POINT( '', ( 0.0733333192033665, 0.200000000000000, -0.00500000000000000 ) );
#5011 = CARTESIAN_POINT( '', ( 0.0266666807966335, 0.200000000000000, -0.00500000000000000 ) );
#5012 = CARTESIAN_POINT( '', ( 0.00504999999999999, 0.200000000000000, -0.00500000000000000 ) );
#5013 = VECTOR( '', #5816, 39.3700787402000 );
#5014 = CARTESIAN_POINT( '', ( 0.0266666807966335, 0.200000000000000, 0.00510000000000000 ) );
#5015 = CARTESIAN_POINT( '', ( 0.0266666807966335, 0.200000000000000, 0.0500000000000000 ) );
#5016 = VECTOR( '', #5817, 39.3700787402000 );
#5017 = CARTESIAN_POINT( '', ( 0.0733333192033665, 0.200000000000000, 0.00510000000000000 ) );
#5018 = CARTESIAN_POINT( '', ( 0.0949500000000000, 0.200000000000000, 0.00510000000000000 ) );
#5019 = VECTOR( '', #5818, 39.3700787402000 );
#5020 = CARTESIAN_POINT( '', ( 0.0733333192033665, 0.200000000000000, 0.0500000000000000 ) );
#5021 = VECTOR( '', #5819, 39.3700787402000 );
#5022 = COLOUR_RGB( '', 1.00000000000000, 1.00000000000000, 0.000000000000000 );
#5023 = CARTESIAN_POINT( '', ( 0.0375000000000000, -0.0475000000000000, -0.223750000000000 ) );
#5024 = CARTESIAN_POINT( '', ( 0.0375000000000000, -0.0475000000000000, -0.223750000000000 ) );
#5025 = VECTOR( '', #5820, 39.3700787402000 );
#5026 = CARTESIAN_POINT( '', ( 0.0625000000000000, -0.0475000000000000, -0.223750000000000 ) );
#5027 = CARTESIAN_POINT( '', ( 0.0625000000000000, -0.0475000000000000, -0.223750000000000 ) );
#5028 = VECTOR( '', #5821, 39.3700787402000 );
#5029 = CARTESIAN_POINT( '', ( 0.0625000000000000, -0.0475000000000000, -0.223750000000000 ) );
#5030 = VECTOR( '', #5822, 39.3700787402000 );
#5031 = COLOUR_RGB( '', 1.00000000000000, 1.00000000000000, 0.000000000000000 );
#5032 = CARTESIAN_POINT( '', ( 0.0625000000000000, 0.305000000000000, -0.0562500000000000 ) );
#5033 = VECTOR( '', #5823, 39.3700787402000 );
#5034 = COLOUR_RGB( '', 1.00000000000000, 1.00000000000000, 0.000000000000000 );
#5035 = CARTESIAN_POINT( '', ( -0.0375000000000000, -0.122500000000000, 0.0375000000000000 ) );
#5036 = CARTESIAN_POINT( '', ( -0.0375000000000000, 0.0400000000000000, 0.0375000000000000 ) );
#5037 = CARTESIAN_POINT( '', ( -0.0375000000000000, -0.122500000000000, 0.0375000000000000 ) );
#5038 = VECTOR( '', #5824, 39.3700787402000 );
#5039 = CARTESIAN_POINT( '', ( -0.0625000000000000, -0.122500000000000, 0.0375000000000000 ) );
#5040 = CARTESIAN_POINT( '', ( 0.0625000000000000, -0.122500000000000, 0.0375000000000000 ) );
#5041 = VECTOR( '', #5825, 39.3700787402000 );
#5042 = CARTESIAN_POINT( '', ( -0.0625000000000000, 0.0400000000000000, 0.0375000000000000 ) );
#5043 = CARTESIAN_POINT( '', ( -0.0625000000000000, -0.122500000000000, 0.0375000000000000 ) );
#5044 = VECTOR( '', #5826, 39.3700787402000 );
#5045 = CARTESIAN_POINT( '', ( 0.0625000000000000, 0.0400000000000000, 0.0375000000000000 ) );
#5046 = VECTOR( '', #5827, 39.3700787402000 );
#5047 = COLOUR_RGB( '', 1.00000000000000, 1.00000000000000, 0.000000000000000 );
#5048 = CARTESIAN_POINT( '', ( 0.0625000000000000, -0.172500000000000, 0.0125000000000000 ) );
#5049 = AXIS2_PLACEMENT_3D( '', #5828, #5829, #5830 );
#5050 = CARTESIAN_POINT( '', ( 0.0625000000000000, -0.172500000000000, -0.223750000000000 ) );
#5051 = CARTESIAN_POINT( '', ( 0.0625000000000000, -0.172500000000000, 0.0125000000000000 ) );
#5052 = VECTOR( '', #5831, 39.3700787402000 );
#5053 = CARTESIAN_POINT( '', ( 0.0625000000000000, -0.166250000000000, -0.230000000000000 ) );
#5054 = CARTESIAN_POINT( '', ( 0.0625000000000000, -0.172500000000000, -0.223750000000000 ) );
#5055 = VECTOR( '', #5832, 39.3700787402000 );
#5056 = CARTESIAN_POINT( '', ( 0.0625000000000000, -0.153750000000000, -0.230000000000000 ) );
#5057 = CARTESIAN_POINT( '', ( 0.0625000000000000, -0.166250000000000, -0.230000000000000 ) );
#5058 = VECTOR( '', #5833, 39.3700787402000 );
#5059 = CARTESIAN_POINT( '', ( 0.0625000000000000, -0.147500000000000, -0.223750000000000 ) );
#5060 = CARTESIAN_POINT( '', ( 0.0625000000000000, -0.153750000000000, -0.230000000000000 ) );
#5061 = VECTOR( '', #5834, 39.3700787402000 );
#5062 = CARTESIAN_POINT( '', ( 0.0625000000000000, -0.147500000000000, 0.0125000000000000 ) );
#5063 = CARTESIAN_POINT( '', ( 0.0625000000000000, -0.147500000000000, -0.223750000000000 ) );
#5064 = VECTOR( '', #5835, 39.3700787402000 );
#5065 = AXIS2_PLACEMENT_3D( '', #5836, #5837, #5838 );
#5066 = CARTESIAN_POINT( '', ( 0.0625000000000000, 0.0400000000000000, -0.0375000000000000 ) );
#5067 = CARTESIAN_POINT( '', ( 0.0625000000000000, 0.0400000000000000, 0.0375000000000000 ) );
#5068 = VECTOR( '', #5839, 39.3700787402000 );
#5069 = CARTESIAN_POINT( '', ( 0.0625000000000000, -0.0225000000000000, -0.0375000000000000 ) );
#5070 = CARTESIAN_POINT( '', ( 0.0625000000000000, 0.0400000000000000, -0.0375000000000000 ) );
#5071 = VECTOR( '', #5840, 39.3700787402000 );
#5072 = CARTESIAN_POINT( '', ( 0.0625000000000000, -0.0725000000000000, -0.0875000000000000 ) );
#5073 = AXIS2_PLACEMENT_3D( '', #5841, #5842, #5843 );
#5074 = CARTESIAN_POINT( '', ( 0.0625000000000000, -0.0725000000000000, -0.223750000000000 ) );
#5075 = CARTESIAN_POINT( '', ( 0.0625000000000000, -0.0725000000000000, -0.0875000000000000 ) );
#5076 = VECTOR( '', #5844, 39.3700787402000 );
#5077 = CARTESIAN_POINT( '', ( 0.0625000000000000, -0.0725000000000000, -0.223750000000000 ) );
#5078 = VECTOR( '', #5845, 39.3700787402000 );
#5079 = CARTESIAN_POINT( '', ( 0.0625000000000000, -0.0537500000000000, -0.230000000000000 ) );
#5080 = VECTOR( '', #5846, 39.3700787402000 );
#5081 = CARTESIAN_POINT( '', ( 0.0625000000000000, 0.0650000000000000, -0.0375000000000000 ) );
#5082 = CARTESIAN_POINT( '', ( 0.0625000000000000, 0.298750000000000, -0.0375000000000000 ) );
#5083 = VECTOR( '', #5847, 39.3700787402000 );
#5084 = CARTESIAN_POINT( '', ( 0.0625000000000000, 0.0650000000000000, -0.0375000000000000 ) );
#5085 = VECTOR( '', #5848, 39.3700787402000 );
#5086 = COLOUR_RGB( '', 1.00000000000000, 1.00000000000000, 0.000000000000000 );
#5087 = CARTESIAN_POINT( '', ( -0.0375000000000001, 0.305000000000000, 0.0562500000000000 ) );
#5088 = CARTESIAN_POINT( '', ( -0.0375000000000001, 0.305000000000000, 0.0562500000000000 ) );
#5089 = VECTOR( '', #5849, 39.3700787402000 );
#5090 = CARTESIAN_POINT( '', ( -0.0625000000000000, 0.305000000000000, 0.0562500000000000 ) );
#5091 = CARTESIAN_POINT( '', ( 0.0625000000000000, 0.305000000000000, 0.0562500000000000 ) );
#5092 = VECTOR( '', #5850, 39.3700787402000 );
#5093 = CARTESIAN_POINT( '', ( -0.0625000000000000, 0.305000000000000, 0.0562500000000000 ) );
#5094 = VECTOR( '', #5851, 39.3700787402000 );
#5095 = COLOUR_RGB( '', 1.00000000000000, 1.00000000000000, 0.000000000000000 );
#5096 = CARTESIAN_POINT( '', ( -0.0375000000000000, -0.0537500000000000, -0.230000000000000 ) );
#5097 = CARTESIAN_POINT( '', ( -0.0375000000000000, -0.0662499999999999, -0.230000000000000 ) );
#5098 = CARTESIAN_POINT( '', ( -0.0375000000000000, 0.0400000000000000, -0.230000000000000 ) );
#5099 = VECTOR( '', #5852, 39.3700787402000 );
#5100 = CARTESIAN_POINT( '', ( -0.0625000000000000, -0.0662500000000000, -0.230000000000000 ) );
#5101 = CARTESIAN_POINT( '', ( 0.0625000000000000, -0.0662500000000000, -0.230000000000000 ) );
#5102 = VECTOR( '', #5853, 39.3700787402000 );
#5103 = CARTESIAN_POINT( '', ( -0.0625000000000000, -0.0537500000000000, -0.230000000000000 ) );
#5104 = CARTESIAN_POINT( '', ( -0.0625000000000000, -0.0662500000000000, -0.230000000000000 ) );
#5105 = VECTOR( '', #5854, 39.3700787402000 );
#5106 = CARTESIAN_POINT( '', ( 0.0625000000000000, -0.0537500000000000, -0.230000000000000 ) );
#5107 = VECTOR( '', #5855, 39.3700787402000 );
#5108 = COLOUR_RGB( '', 0.689999997600000, 0.689999997600000, 0.689999997600000 );
#5109 = CARTESIAN_POINT( '', ( 0.130000000000000, 0.000000000000000, 0.0250000000000000 ) );
#5110 = VECTOR( '', #5856, 39.3700787402000 );
#5111 = CARTESIAN_POINT( '', ( 0.130000000000000, 0.000000000000000, -0.0250000000000000 ) );
#5112 = VECTOR( '', #5857, 39.3700787402000 );
#5113 = COLOUR_RGB( '', 0.689999997600000, 0.689999997600000, 0.689999997600000 );
#5114 = CARTESIAN_POINT( '', ( -0.0500000000000000, 0.233000000000000, 0.125000000000000 ) );
#5115 = CARTESIAN_POINT( '', ( 0.0500000000000000, 0.233000000000000, 0.125000000000000 ) );
#5116 = VECTOR( '', #5858, 39.3700787402000 );
#5117 = CARTESIAN_POINT( '', ( -0.0500000000000000, 0.233000000000000, 0.125000000000000 ) );
#5118 = VECTOR( '', #5859, 39.3700787402000 );
#5119 = CARTESIAN_POINT( '', ( -0.107500000000000, 0.320000000000000, 0.125000000000000 ) );
#5120 = VECTOR( '', #5860, 39.3700787402000 );
#5121 = CARTESIAN_POINT( '', ( 0.0175000000000000, 0.0200000000000000, 0.125000000000000 ) );
#5122 = VECTOR( '', #5861, 39.3700787402000 );
#5123 = COLOUR_RGB( '', 1.00000000000000, 1.00000000000000, 0.000000000000000 );
#5124 = CARTESIAN_POINT( '', ( 0.0375000000000000, -0.0225000000000000, -0.0375000000000000 ) );
#5125 = CARTESIAN_POINT( '', ( 0.0375000000000000, 0.0400000000000000, -0.0375000000000000 ) );
#5126 = CARTESIAN_POINT( '', ( 0.0375000000000000, 0.0400000000000000, -0.0375000000000000 ) );
#5127 = VECTOR( '', #5862, 39.3700787402000 );
#5128 = CARTESIAN_POINT( '', ( 0.0625000000000000, -0.0225000000000000, -0.0375000000000000 ) );
#5129 = VECTOR( '', #5863, 39.3700787402000 );
#5130 = CARTESIAN_POINT( '', ( 0.0625000000000000, 0.0400000000000000, -0.0375000000000000 ) );
#5131 = VECTOR( '', #5864, 39.3700787402000 );
#5132 = COLOUR_RGB( '', 0.689999997600000, 0.689999997600000, 0.689999997600000 );
#5133 = CARTESIAN_POINT( '', ( -0.0500000000000000, 0.245000000000000, 0.165000000000000 ) );
#5134 = CARTESIAN_POINT( '', ( -0.0500000000000000, 0.320000000000000, 0.130000000000000 ) );
#5135 = VECTOR( '', #5865, 39.3700787402000 );
#5136 = CARTESIAN_POINT( '', ( -0.0500000000000000, 0.233000000000000, 0.135000000000000 ) );
#5137 = CARTESIAN_POINT( '', ( -0.0500000000000000, 0.233000000000000, 0.135000000000000 ) );
#5138 = VECTOR( '', #5866, 39.3700787402000 );
#5139 = CARTESIAN_POINT( '', ( -0.0500000000000000, 0.222000000000000, 0.165000000000000 ) );
#5140 = CARTESIAN_POINT( '', ( -0.0500000000000000, 0.222000000000000, 0.165000000000000 ) );
#5141 = VECTOR( '', #5867, 39.3700787402000 );
#5142 = CARTESIAN_POINT( '', ( -0.0500000000000000, 0.245000000000000, 0.165000000000000 ) );
#5143 = VECTOR( '', #5868, 39.3700787402000 );
#5144 = COLOUR_RGB( '', 0.689999997600000, 0.689999997600000, 0.689999997600000 );
#5145 = CARTESIAN_POINT( '', ( 0.107500000000000, 0.000000000000000, -0.115000000000000 ) );
#5146 = CARTESIAN_POINT( '', ( 0.107500000000000, 0.0200000000000000, -0.115000000000000 ) );
#5147 = VECTOR( '', #5869, 39.3700787402000 );
#5148 = CARTESIAN_POINT( '', ( 0.130000000000000, 0.000000000000000, -0.115000000000000 ) );
#5149 = CARTESIAN_POINT( '', ( 0.130000000000000, 0.000000000000000, -0.115000000000000 ) );
#5150 = VECTOR( '', #5870, 39.3700787402000 );
#5151 = CARTESIAN_POINT( '', ( 0.130000000000000, 0.0200000000000000, -0.115000000000000 ) );
#5152 = VECTOR( '', #5871, 39.3700787402000 );
#5153 = COLOUR_RGB( '', 0.689999997600000, 0.689999997600000, 0.689999997600000 );
#5154 = CARTESIAN_POINT( '', ( 0.0304769582785755, 0.0908879289489224, -0.00500000000000000 ) );
#5155 = VECTOR( '', #5872, 39.3700787402000 );
#5156 = CARTESIAN_POINT( '', ( 0.0694135457806037, 0.0877523754541240, -0.00500000000000000 ) );
#5157 = VECTOR( '', #5873, 39.3700787402000 );
#5158 = CARTESIAN_POINT( '', ( 0.0949500000000000, 0.0900000000000000, -0.00500000000000000 ) );
#5159 = VECTOR( '', #5874, 39.3700787402000 );
#5160 = COLOUR_RGB( '', 0.689999997600000, 0.689999997600000, 0.689999997600000 );
#5161 = CARTESIAN_POINT( '', ( 0.0175000000000000, 0.000000000000000, -0.115000000000000 ) );
#5162 = CARTESIAN_POINT( '', ( 0.0175000000000000, 0.0200000000000000, -0.115000000000000 ) );
#5163 = VECTOR( '', #5875, 39.3700787402000 );
#5164 = CARTESIAN_POINT( '', ( -0.0175000000000000, 0.000000000000000, -0.115000000000000 ) );
#5165 = CARTESIAN_POINT( '', ( -0.0175000000000000, 0.0200000000000000, -0.115000000000000 ) );
#5166 = VECTOR( '', #5876, 39.3700787402000 );
#5167 = CARTESIAN_POINT( '', ( 0.130000000000000, 0.000000000000000, -0.115000000000000 ) );
#5168 = VECTOR( '', #5877, 39.3700787402000 );
#5169 = COLOUR_RGB( '', 1.00000000000000, 1.00000000000000, 0.000000000000000 );
#5170 = CARTESIAN_POINT( '', ( -0.0375000000000000, -0.172500000000000, 0.0125000000000000 ) );
#5171 = CARTESIAN_POINT( '', ( -0.0375000000000000, -0.172500000000000, -0.223750000000000 ) );
#5172 = CARTESIAN_POINT( '', ( -0.0375000000000000, -0.172500000000000, 0.0125000000000000 ) );
#5173 = VECTOR( '', #5878, 39.3700787402000 );
#5174 = CARTESIAN_POINT( '', ( -0.0625000000000000, -0.172500000000000, 0.0125000000000000 ) );
#5175 = CARTESIAN_POINT( '', ( 0.0625000000000000, -0.172500000000000, 0.0125000000000000 ) );
#5176 = VECTOR( '', #5879, 39.3700787402000 );
#5177 = CARTESIAN_POINT( '', ( -0.0625000000000000, -0.172500000000000, -0.223750000000000 ) );
#5178 = CARTESIAN_POINT( '', ( -0.0625000000000000, -0.172500000000000, 0.0125000000000000 ) );
#5179 = VECTOR( '', #5880, 39.3700787402000 );
#5180 = CARTESIAN_POINT( '', ( 0.0625000000000000, -0.172500000000000, -0.223750000000000 ) );
#5181 = VECTOR( '', #5881, 39.3700787402000 );
#5182 = COLOUR_RGB( '', 0.689999997600000, 0.689999997600000, 0.689999997600000 );
#5183 = CARTESIAN_POINT( '', ( 0.0500000000000000, 0.233000000000000, 0.135000000000000 ) );
#5184 = VECTOR( '', #5882, 39.3700787402000 );
#5185 = COLOUR_RGB( '', 1.00000000000000, 1.00000000000000, 0.000000000000000 );
#5186 = AXIS2_PLACEMENT_3D( '', #5883, #5884, #5885 );
#5187 = AXIS2_PLACEMENT_3D( '', #5886, #5887, #5888 );
#5188 = COLOUR_RGB( '', 0.689999997600000, 0.689999997600000, 0.689999997600000 );
#5189 = CARTESIAN_POINT( '', ( -0.00505000000000001, 0.0900000000000000, -0.0600000000000000 ) );
#5190 = VECTOR( '', #5889, 39.3700787402000 );
#5191 = CARTESIAN_POINT( '', ( 0.00504999999999999, 0.0900000000000000, -0.0600000000000000 ) );
#5192 = VECTOR( '', #5890, 39.3700787402000 );
#5193 = COLOUR_RGB( '', 1.00000000000000, 1.00000000000000, 0.000000000000000 );
#5194 = CARTESIAN_POINT( '', ( -0.0375000000000000, -0.0725000000000000, -0.223750000000000 ) );
#5195 = VECTOR( '', #5891, 39.3700787402000 );
#5196 = CARTESIAN_POINT( '', ( -0.0625000000000000, -0.0725000000000000, -0.223750000000000 ) );
#5197 = VECTOR( '', #5892, 39.3700787402000 );
#5198 = COLOUR_RGB( '', 1.00000000000000, 1.00000000000000, 0.000000000000000 );
#5199 = CARTESIAN_POINT( '', ( -0.0375000000000000, -0.147500000000000, -0.223750000000000 ) );
#5200 = CARTESIAN_POINT( '', ( -0.0375000000000000, -0.147500000000000, 0.0125000000000000 ) );
#5201 = CARTESIAN_POINT( '', ( -0.0375000000000000, -0.147500000000000, -0.223750000000000 ) );
#5202 = VECTOR( '', #5893, 39.3700787402000 );
#5203 = CARTESIAN_POINT( '', ( -0.0625000000000000, -0.147500000000000, -0.223750000000000 ) );
#5204 = CARTESIAN_POINT( '', ( 0.0625000000000000, -0.147500000000000, -0.223750000000000 ) );
#5205 = VECTOR( '', #5894, 39.3700787402000 );
#5206 = CARTESIAN_POINT( '', ( -0.0625000000000000, -0.147500000000000, 0.0125000000000000 ) );
#5207 = CARTESIAN_POINT( '', ( -0.0625000000000000, -0.147500000000000, -0.223750000000000 ) );
#5208 = VECTOR( '', #5895, 39.3700787402000 );
#5209 = CARTESIAN_POINT( '', ( 0.0625000000000000, -0.147500000000000, 0.0125000000000000 ) );
#5210 = VECTOR( '', #5896, 39.3700787402000 );
#5211 = COLOUR_RGB( '', 1.00000000000000, 1.00000000000000, 0.000000000000000 );
#5212 = CARTESIAN_POINT( '', ( -0.0375000000000000, 0.0400000000000000, -0.0375000000000000 ) );
#5213 = CARTESIAN_POINT( '', ( -0.0375000000000000, -0.0225000000000000, -0.0375000000000000 ) );
#5214 = CARTESIAN_POINT( '', ( -0.0375000000000000, 0.0400000000000000, -0.0375000000000000 ) );
#5215 = VECTOR( '', #5897, 39.3700787402000 );
#5216 = CARTESIAN_POINT( '', ( -0.0625000000000000, 0.0400000000000000, -0.0375000000000000 ) );
#5217 = CARTESIAN_POINT( '', ( 0.0625000000000000, 0.0400000000000000, -0.0375000000000000 ) );
#5218 = VECTOR( '', #5898, 39.3700787402000 );
#5219 = CARTESIAN_POINT( '', ( -0.0625000000000000, -0.0225000000000000, -0.0375000000000000 ) );
#5220 = CARTESIAN_POINT( '', ( -0.0625000000000000, 0.0400000000000000, -0.0375000000000000 ) );
#5221 = VECTOR( '', #5899, 39.3700787402000 );
#5222 = CARTESIAN_POINT( '', ( 0.0625000000000000, -0.0225000000000000, -0.0375000000000000 ) );
#5223 = VECTOR( '', #5900, 39.3700787402000 );
#5224 = COLOUR_RGB( '', 0.689999997600000, 0.689999997600000, 0.689999997600000 );
#5225 = CARTESIAN_POINT( '', ( -0.00505000000000001, 0.0900000000000000, 0.00510000000000000 ) );
#5226 = CARTESIAN_POINT( '', ( -0.00505000000000001, 0.0900000000000000, 0.115000000000000 ) );
#5227 = VECTOR( '', #5901, 39.3700787402000 );
#5228 = CARTESIAN_POINT( '', ( -0.00505000000000001, 0.0900000000000000, 0.00510000000000000 ) );
#5229 = VECTOR( '', #5902, 39.3700787402000 );
#5230 = COLOUR_RGB( '', 1.00000000000000, 1.00000000000000, 0.000000000000000 );
#5231 = CARTESIAN_POINT( '', ( 0.0375000000000000, -0.147500000000000, 0.0125000000000000 ) );
#5232 = CARTESIAN_POINT( '', ( 0.0375000000000000, -0.147500000000000, -0.223750000000000 ) );
#5233 = CARTESIAN_POINT( '', ( 0.0375000000000000, -0.147500000000000, -0.223750000000000 ) );
#5234 = VECTOR( '', #5903, 39.3700787402000 );
#5235 = CARTESIAN_POINT( '', ( 0.0625000000000000, -0.147500000000000, 0.0125000000000000 ) );
#5236 = VECTOR( '', #5904, 39.3700787402000 );
#5237 = CARTESIAN_POINT( '', ( 0.0625000000000000, -0.147500000000000, -0.223750000000000 ) );
#5238 = VECTOR( '', #5905, 39.3700787402000 );
#5239 = COLOUR_RGB( '', 0.689999997600000, 0.689999997600000, 0.689999997600000 );
#5240 = CARTESIAN_POINT( '', ( 0.0500000000000000, 0.245000000000000, 0.165000000000000 ) );
#5241 = VECTOR( '', #5906, 39.3700787402000 );
#5242 = COLOUR_RGB( '', 0.689999997600000, 0.689999997600000, 0.689999997600000 );
#5243 = CARTESIAN_POINT( '', ( -0.107500000000000, 0.0200000000000000, -0.145000000000000 ) );
#5244 = VECTOR( '', #5907, 39.3700787402000 );
#5245 = CARTESIAN_POINT( '', ( -0.107500000000000, 0.320000000000000, -0.125000000000000 ) );
#5246 = VECTOR( '', #5908, 39.3700787402000 );
#5247 = CARTESIAN_POINT( '', ( -0.107500000000000, 0.0200000000000000, -0.115000000000000 ) );
#5248 = VECTOR( '', #5909, 39.3700787402000 );
#5249 = COLOUR_RGB( '', 0.689999997600000, 0.689999997600000, 0.689999997600000 );
#5250 = CARTESIAN_POINT( '', ( 0.00504999999999999, 0.0900000000000000, -0.114900000000000 ) );
#5251 = VECTOR( '', #5910, 39.3700787402000 );
#5252 = COLOUR_RGB( '', 1.00000000000000, 1.00000000000000, 0.000000000000000 );
#5253 = CARTESIAN_POINT( '', ( 0.0375000000000000, 0.0400000000000000, 0.145000000000000 ) );
#5254 = VECTOR( '', #5911, 39.3700787402000 );
#5255 = CARTESIAN_POINT( '', ( 0.0375000000000000, -0.0537500000000000, -0.230000000000000 ) );
#5256 = VECTOR( '', #5912, 39.3700787402000 );
#5257 = CARTESIAN_POINT( '', ( 0.0375000000000000, -0.0725000000000000, -0.223750000000000 ) );
#5258 = CARTESIAN_POINT( '', ( 0.0375000000000000, -0.0725000000000000, -0.223750000000000 ) );
#5259 = VECTOR( '', #5913, 39.3700787402000 );
#5260 = CARTESIAN_POINT( '', ( 0.0375000000000000, -0.0725000000000000, -0.0875000000000000 ) );
#5261 = CARTESIAN_POINT( '', ( 0.0375000000000000, -0.0725000000000000, -0.0875000000000000 ) );
#5262 = VECTOR( '', #5914, 39.3700787402000 );
#5263 = AXIS2_PLACEMENT_3D( '', #5915, #5916, #5917 );
#5264 = COLOUR_RGB( '', 0.689999997600000, 0.689999997600000, 0.689999997600000 );
#5265 = CARTESIAN_POINT( '', ( -0.130000000000000, 0.000000000000000, -0.145000000000000 ) );
#5266 = VECTOR( '', #5918, 39.3700787402000 );
#5267 = COLOUR_RGB( '', 0.689999997600000, 0.689999997600000, 0.689999997600000 );
#5268 = COLOUR_RGB( '', 0.689999997600000, 0.689999997600000, 0.689999997600000 );
#5269 = CARTESIAN_POINT( '', ( 0.00504999999999999, 0.0900000000000000, 0.100000000000000 ) );
#5270 = CARTESIAN_POINT( '', ( 0.00504999999999999, 0.0900000000000000, 0.115000000000000 ) );
#5271 = CARTESIAN_POINT( '', ( 0.00504999999999999, 0.0900000000000000, 0.00510000000000000 ) );
#5272 = VECTOR( '', #5919, 39.3700787402000 );
#5273 = CARTESIAN_POINT( '', ( 0.00504999999999999, 0.0900000000000000, 0.100000000000000 ) );
#5274 = VECTOR( '', #5920, 39.3700787402000 );
#5275 = CARTESIAN_POINT( '', ( 0.00504999999999999, 0.0900000000000000, 0.115000000000000 ) );
#5276 = VECTOR( '', #5921, 39.3700787402000 );
#5277 = COLOUR_RGB( '', 0.689999997600000, 0.689999997600000, 0.689999997600000 );
#5278 = CARTESIAN_POINT( '', ( 0.0305864542193964, 0.0877523754541240, 0.00510000000000000 ) );
#5279 = VECTOR( '', #5922, 39.3700787402000 );
#5280 = COLOUR_RGB( '', 0.689999997600000, 0.689999997600000, 0.689999997600000 );
#5281 = CARTESIAN_POINT( '', ( 0.107500000000000, 0.000000000000000, -0.145000000000000 ) );
#5282 = CARTESIAN_POINT( '', ( 0.107500000000000, -0.0200000000000000, -0.145000000000000 ) );
#5283 = VECTOR( '', #5923, 39.3700787402000 );
#5284 = CARTESIAN_POINT( '', ( 0.130000000000000, 0.000000000000000, -0.145000000000000 ) );
#5285 = CARTESIAN_POINT( '', ( 0.130000000000000, 0.000000000000000, -0.145000000000000 ) );
#5286 = VECTOR( '', #5924, 39.3700787402000 );
#5287 = CARTESIAN_POINT( '', ( 0.130000000000000, 0.000000000000000, -0.145000000000000 ) );
#5288 = VECTOR( '', #5925, 39.3700787402000 );
#5289 = COLOUR_RGB( '', 0.689999997600000, 0.689999997600000, 0.689999997600000 );
#5290 = CARTESIAN_POINT( '', ( -0.00505000000000001, 0.0900000000000000, 0.100000000000000 ) );
#5291 = CARTESIAN_POINT( '', ( -0.00505000000000001, 0.0900000000000000, 0.100000000000000 ) );
#5292 = VECTOR( '', #5926, 39.3700787402000 );
#5293 = CARTESIAN_POINT( '', ( -0.00505000000000001, 0.0900000000000000, 0.115000000000000 ) );
#5294 = CARTESIAN_POINT( '', ( -0.00505000000000001, 0.0900000000000000, 0.115000000000000 ) );
#5295 = VECTOR( '', #5927, 39.3700787402000 );
#5296 = CARTESIAN_POINT( '', ( -0.00505000000000001, 0.0900000000000000, 0.115000000000000 ) );
#5297 = VECTOR( '', #5928, 39.3700787402000 );
#5298 = COLOUR_RGB( '', 0.689999997600000, 0.689999997600000, 0.689999997600000 );
#5299 = CARTESIAN_POINT( '', ( 0.130000000000000, 0.000000000000000, -0.0750000000000000 ) );
#5300 = VECTOR( '', #5929, 39.3700787402000 );
#5301 = COLOUR_RGB( '', 1.00000000000000, 1.00000000000000, 0.000000000000000 );
#5302 = CARTESIAN_POINT( '', ( 0.0625000000000000, -0.0725000000000000, -0.223750000000000 ) );
#5303 = VECTOR( '', #5930, 39.3700787402000 );
#5304 = CARTESIAN_POINT( '', ( 0.0625000000000000, -0.0725000000000000, -0.0875000000000000 ) );
#5305 = VECTOR( '', #5931, 39.3700787402000 );
#5306 = COLOUR_RGB( '', 1.00000000000000, 1.00000000000000, 0.000000000000000 );
#5307 = AXIS2_PLACEMENT_3D( '', #5932, #5933, #5934 );
#5308 = AXIS2_PLACEMENT_3D( '', #5935, #5936, #5937 );
#5309 = COLOUR_RGB( '', 0.689999997600000, 0.689999997600000, 0.689999997600000 );
#5310 = CARTESIAN_POINT( '', ( -0.107500000000000, 0.000000000000000, 0.145000000000000 ) );
#5311 = VECTOR( '', #5938, 39.3700787402000 );
#5312 = COLOUR_RGB( '', 1.00000000000000, 1.00000000000000, 0.000000000000000 );
#5313 = CARTESIAN_POINT( '', ( 0.0625000000000000, 0.0650000000000000, -0.0375000000000000 ) );
#5314 = VECTOR( '', #5939, 39.3700787402000 );
#5315 = COLOUR_RGB( '', 1.00000000000000, 1.00000000000000, 0.000000000000000 );
#5316 = AXIS2_PLACEMENT_3D( '', #5940, #5941, #5942 );
#5317 = CARTESIAN_POINT( '', ( -0.0375000000000000, -0.0475000000000000, -0.223750000000000 ) );
#5318 = CARTESIAN_POINT( '', ( -0.0375000000000000, -0.0537500000000000, -0.230000000000000 ) );
#5319 = VECTOR( '', #5943, 39.3700787402000 );
#5320 = CARTESIAN_POINT( '', ( -0.0375000000000000, -0.0475000000000000, -0.0875000000000000 ) );
#5321 = CARTESIAN_POINT( '', ( -0.0375000000000000, -0.0475000000000000, -0.223750000000000 ) );
#5322 = VECTOR( '', #5944, 39.3700787402000 );
#5323 = AXIS2_PLACEMENT_3D( '', #5945, #5946, #5947 );
#5324 = CARTESIAN_POINT( '', ( -0.0375000000000000, 0.0400000000000000, 0.145000000000000 ) );
#5325 = VECTOR( '', #5948, 39.3700787402000 );
#5326 = COLOUR_RGB( '', 0.689999997600000, 0.689999997600000, 0.689999997600000 );
#5327 = CARTESIAN_POINT( '', ( 0.0750000000000000, 0.320000000000000, -0.125000000000000 ) );
#5328 = VECTOR( '', #5949, 39.3700787402000 );
#5329 = COLOUR_RGB( '', 0.689999997600000, 0.689999997600000, 0.689999997600000 );
#5330 = CARTESIAN_POINT( '', ( -0.0949500000000000, 0.0900000000000000, 0.115000000000000 ) );
#5331 = VECTOR( '', #5950, 39.3700787402000 );
#5332 = COLOUR_RGB( '', 1.00000000000000, 1.00000000000000, 0.000000000000000 );
#5333 = AXIS2_PLACEMENT_3D( '', #5951, #5952, #5953 );
#5334 = COLOUR_RGB( '', 1.00000000000000, 1.00000000000000, 0.000000000000000 );
#5335 = CARTESIAN_POINT( '', ( -0.0375000000000000, -0.166250000000000, -0.230000000000000 ) );
#5336 = CARTESIAN_POINT( '', ( -0.0375000000000000, -0.172500000000000, -0.223750000000000 ) );
#5337 = VECTOR( '', #5954, 39.3700787402000 );
#5338 = CARTESIAN_POINT( '', ( -0.0375000000000000, -0.153750000000000, -0.230000000000000 ) );
#5339 = CARTESIAN_POINT( '', ( -0.0375000000000000, 0.0400000000000000, -0.230000000000000 ) );
#5340 = VECTOR( '', #5955, 39.3700787402000 );
#5341 = CARTESIAN_POINT( '', ( -0.0375000000000000, -0.153750000000000, -0.230000000000000 ) );
#5342 = VECTOR( '', #5956, 39.3700787402000 );
#5343 = CARTESIAN_POINT( '', ( -0.0375000000000000, 0.0400000000000000, 0.145000000000000 ) );
#5344 = VECTOR( '', #5957, 39.3700787402000 );
#5345 = COLOUR_RGB( '', 0.689999997600000, 0.689999997600000, 0.689999997600000 );
#5346 = CARTESIAN_POINT( '', ( 0.00504999999999999, 0.0900000000000000, 0.00510000000000000 ) );
#5347 = CARTESIAN_POINT( '', ( 0.00504999999999999, 0.0900000000000000, 0.00510000000000000 ) );
#5348 = VECTOR( '', #5958, 39.3700787402000 );
#5349 = CARTESIAN_POINT( '', ( 0.0949500000000000, 0.0900000000000000, 0.00510000000000000 ) );
#5350 = CARTESIAN_POINT( '', ( 0.0949500000000000, 0.0900000000000000, 0.00510000000000000 ) );
#5351 = VECTOR( '', #5959, 39.3700787402000 );
#5352 = CARTESIAN_POINT( '', ( 0.0949500000000000, 0.0900000000000000, 0.00510000000000000 ) );
#5353 = VECTOR( '', #5960, 39.3700787402000 );
#5354 = CARTESIAN_POINT( '', ( 0.0695230417214246, 0.0908879289489224, 0.00510000000000000 ) );
#5355 = VECTOR( '', #5961, 39.3700787402000 );
#5356 = COLOUR_RGB( '', 0.689999997600000, 0.689999997600000, 0.689999997600000 );
#5357 = CARTESIAN_POINT( '', ( -0.130000000000000, 0.0200000000000000, -0.115000000000000 ) );
#5358 = VECTOR( '', #5962, 39.3700787402000 );
#5359 = COLOUR_RGB( '', 1.00000000000000, 1.00000000000000, 0.000000000000000 );
#5360 = CARTESIAN_POINT( '', ( -0.0375000000000001, 0.305000000000000, 0.0437500000000000 ) );
#5361 = CARTESIAN_POINT( '', ( -0.0375000000000001, 0.305000000000000, 0.0437500000000000 ) );
#5362 = VECTOR( '', #5963, 39.3700787402000 );
#5363 = CARTESIAN_POINT( '', ( -0.0625000000000000, 0.305000000000000, 0.0437500000000000 ) );
#5364 = CARTESIAN_POINT( '', ( 0.0625000000000000, 0.305000000000000, 0.0437500000000000 ) );
#5365 = VECTOR( '', #5964, 39.3700787402000 );
#5366 = CARTESIAN_POINT( '', ( -0.0625000000000000, 0.305000000000000, 0.0437500000000000 ) );
#5367 = VECTOR( '', #5965, 39.3700787402000 );
#5368 = COLOUR_RGB( '', 0.689999997600000, 0.689999997600000, 0.689999997600000 );
#5369 = CARTESIAN_POINT( '', ( -0.0230000000000000, 0.305000000000000, 0.00510000000000001 ) );
#5370 = CARTESIAN_POINT( '', ( -0.114579741019592, 0.158441778285709, 0.00510000000000001 ) );
#5371 = VECTOR( '', #5966, 39.3700787402000 );
#5372 = CARTESIAN_POINT( '', ( -0.0230000000000000, 0.305000000000000, 0.0500000000000000 ) );
#5373 = VECTOR( '', #5967, 39.3700787402000 );
#5374 = COLOUR_RGB( '', 0.689999997600000, 0.689999997600000, 0.689999997600000 );
#5375 = CARTESIAN_POINT( '', ( 0.125000000000000, 0.320000000000000, 0.0250000000000000 ) );
#5376 = VECTOR( '', #5968, 39.3700787402000 );
#5377 = CARTESIAN_POINT( '', ( 0.125000000000000, 0.320000000000000, 0.0750000000000000 ) );
#5378 = VECTOR( '', #5969, 39.3700787402000 );
#5379 = COLOUR_RGB( '', 0.689999997600000, 0.689999997600000, 0.689999997600000 );
#5380 = CARTESIAN_POINT( '', ( 0.0949500000000000, 0.0900000000000000, -0.114900000000000 ) );
#5381 = VECTOR( '', #5970, 39.3700787402000 );
#5382 = COLOUR_RGB( '', 0.689999997600000, 0.689999997600000, 0.689999997600000 );
#5383 = COLOUR_RGB( '', 0.689999997600000, 0.689999997600000, 0.689999997600000 );
#5384 = COLOUR_RGB( '', 1.00000000000000, 1.00000000000000, 0.000000000000000 );
#5385 = CARTESIAN_POINT( '', ( 0.0375000000000000, -0.166250000000000, -0.230000000000000 ) );
#5386 = CARTESIAN_POINT( '', ( 0.0375000000000000, -0.172500000000000, -0.223750000000000 ) );
#5387 = CARTESIAN_POINT( '', ( 0.0375000000000000, -0.172500000000000, -0.223750000000000 ) );
#5388 = VECTOR( '', #5971, 39.3700787402000 );
#5389 = CARTESIAN_POINT( '', ( 0.0625000000000000, -0.166250000000000, -0.230000000000000 ) );
#5390 = VECTOR( '', #5972, 39.3700787402000 );
#5391 = CARTESIAN_POINT( '', ( 0.0625000000000000, -0.172500000000000, -0.223750000000000 ) );
#5392 = VECTOR( '', #5973, 39.3700787402000 );
#5393 = COLOUR_RGB( '', 1.00000000000000, 1.00000000000000, 0.000000000000000 );
#5394 = CARTESIAN_POINT( '', ( 0.0375000000000000, -0.153750000000000, -0.230000000000000 ) );
#5395 = CARTESIAN_POINT( '', ( 0.0375000000000000, -0.200000000000000, -0.230000000000000 ) );
#5396 = VECTOR( '', #5974, 39.3700787402000 );
#5397 = CARTESIAN_POINT( '', ( 0.0625000000000000, -0.153750000000000, -0.230000000000000 ) );
#5398 = VECTOR( '', #5975, 39.3700787402000 );
#5399 = COLOUR_RGB( '', 0.689999997600000, 0.689999997600000, 0.689999997600000 );
#5400 = CARTESIAN_POINT( '', ( -0.0304769582785753, 0.0908879289489224, 0.00510000000000001 ) );
#5401 = VECTOR( '', #5976, 39.3700787402000 );
#5402 = COLOUR_RGB( '', 1.00000000000000, 1.00000000000000, 0.000000000000000 );
#5403 = CARTESIAN_POINT( '', ( -0.0625000000000000, -0.0475000000000000, -0.223750000000000 ) );
#5404 = CARTESIAN_POINT( '', ( 0.0625000000000000, -0.0475000000000000, -0.223750000000000 ) );
#5405 = VECTOR( '', #5977, 39.3700787402000 );
#5406 = CARTESIAN_POINT( '', ( -0.0625000000000000, -0.0475000000000000, -0.0875000000000000 ) );
#5407 = CARTESIAN_POINT( '', ( -0.0625000000000000, -0.0475000000000000, -0.223750000000000 ) );
#5408 = VECTOR( '', #5978, 39.3700787402000 );
#5409 = CARTESIAN_POINT( '', ( 0.0625000000000000, -0.0475000000000000, -0.0875000000000000 ) );
#5410 = VECTOR( '', #5979, 39.3700787402000 );
#5411 = COLOUR_RGB( '', 1.00000000000000, 1.00000000000000, 0.000000000000000 );
#5412 = CARTESIAN_POINT( '', ( -0.0375000000000001, 0.298750000000000, -0.0375000000000000 ) );
#5413 = CARTESIAN_POINT( '', ( -0.0375000000000001, 0.0650000000000000, -0.0375000000000000 ) );
#5414 = CARTESIAN_POINT( '', ( -0.0375000000000001, 0.298750000000000, -0.0375000000000000 ) );
#5415 = VECTOR( '', #5980, 39.3700787402000 );
#5416 = CARTESIAN_POINT( '', ( -0.0625000000000000, 0.298750000000000, -0.0375000000000000 ) );
#5417 = CARTESIAN_POINT( '', ( 0.0625000000000000, 0.298750000000000, -0.0375000000000000 ) );
#5418 = VECTOR( '', #5981, 39.3700787402000 );
#5419 = CARTESIAN_POINT( '', ( -0.0625000000000000, 0.0650000000000000, -0.0375000000000000 ) );
#5420 = CARTESIAN_POINT( '', ( -0.0625000000000000, 0.298750000000000, -0.0375000000000000 ) );
#5421 = VECTOR( '', #5982, 39.3700787402000 );
#5422 = CARTESIAN_POINT( '', ( 0.0625000000000000, 0.0650000000000000, -0.0375000000000000 ) );
#5423 = VECTOR( '', #5983, 39.3700787402000 );
#5424 = COLOUR_RGB( '', 0.689999997600000, 0.689999997600000, 0.689999997600000 );
#5425 = CARTESIAN_POINT( '', ( 0.0949500000000000, 0.0900000000000000, 0.115000000000000 ) );
#5426 = CARTESIAN_POINT( '', ( 0.0949500000000000, 0.0900000000000000, 0.115000000000000 ) );
#5427 = VECTOR( '', #5984, 39.3700787402000 );
#5428 = CARTESIAN_POINT( '', ( 0.0949500000000000, 0.0900000000000000, 0.115000000000000 ) );
#5429 = VECTOR( '', #5985, 39.3700787402000 );
#5430 = COLOUR_RGB( '', 1.00000000000000, 1.00000000000000, 0.000000000000000 );
#5431 = CARTESIAN_POINT( '', ( -0.0375000000000001, 0.305000000000000, -0.0437500000000000 ) );
#5432 = CARTESIAN_POINT( '', ( -0.0375000000000001, 0.305000000000000, -0.0437500000000000 ) );
#5433 = VECTOR( '', #5986, 39.3700787402000 );
#5434 = CARTESIAN_POINT( '', ( -0.0625000000000000, 0.305000000000000, -0.0437500000000000 ) );
#5435 = CARTESIAN_POINT( '', ( 0.0625000000000000, 0.305000000000000, -0.0437500000000000 ) );
#5436 = VECTOR( '', #5987, 39.3700787402000 );
#5437 = CARTESIAN_POINT( '', ( -0.0625000000000000, 0.305000000000000, -0.0437500000000000 ) );
#5438 = VECTOR( '', #5988, 39.3700787402000 );
#5439 = COLOUR_RGB( '', 0.689999997600000, 0.689999997600000, 0.689999997600000 );
#5440 = CARTESIAN_POINT( '', ( -0.00505000000000001, 0.0900000000000000, -0.0200000000000000 ) );
#5441 = VECTOR( '', #5989, 39.3700787402000 );
#5442 = COLOUR_RGB( '', 1.00000000000000, 1.00000000000000, 0.000000000000000 );
#5443 = CARTESIAN_POINT( '', ( 0.0375000000000000, -0.153750000000000, -0.230000000000000 ) );
#5444 = VECTOR( '', #5990, 39.3700787402000 );
#5445 = COLOUR_RGB( '', 0.689999997600000, 0.689999997600000, 0.689999997600000 );
#5446 = COLOUR_RGB( '', 0.689999997600000, 0.689999997600000, 0.689999997600000 );
#5447 = CARTESIAN_POINT( '', ( -0.0200000000000000, 0.0900000000000000, 0.100000000000000 ) );
#5448 = VECTOR( '', #5991, 39.3700787402000 );
#5449 = CARTESIAN_POINT( '', ( 0.00504999999999999, 0.0900000000000000, 0.115000000000000 ) );
#5450 = VECTOR( '', #5992, 39.3700787402000 );
#5451 = CARTESIAN_POINT( '', ( 0.00504999999999999, 0.0900000000000000, 0.00510000000000000 ) );
#5452 = VECTOR( '', #5993, 39.3700787402000 );
#5453 = CARTESIAN_POINT( '', ( -0.00505000000000001, 0.0900000000000000, 0.00510000000000001 ) );
#5454 = VECTOR( '', #5994, 39.3700787402000 );
#5455 = COLOUR_RGB( '', 0.689999997600000, 0.689999997600000, 0.689999997600000 );
#5456 = CARTESIAN_POINT( '', ( 0.107500000000000, 0.320000000000000, -0.125000000000000 ) );
#5457 = VECTOR( '', #5995, 39.3700787402000 );
#5458 = CARTESIAN_POINT( '', ( 0.107500000000000, 0.000000000000000, -0.115000000000000 ) );
#5459 = VECTOR( '', #5996, 39.3700787402000 );
#5460 = COLOUR_RGB( '', 0.689999997600000, 0.689999997600000, 0.689999997600000 );
#5461 = CARTESIAN_POINT( '', ( 0.0175000000000000, 0.000000000000000, -0.115000000000000 ) );
#5462 = VECTOR( '', #5997, 39.3700787402000 );
#5463 = COLOUR_RGB( '', 0.689999997600000, 0.689999997600000, 0.689999997600000 );
#5464 = COLOUR_RGB( '', 0.689999997600000, 0.689999997600000, 0.689999997600000 );
#5465 = CARTESIAN_POINT( '', ( 0.0500000000000000, 0.222000000000000, 0.165000000000000 ) );
#5466 = VECTOR( '', #5998, 39.3700787402000 );
#5467 = COLOUR_RGB( '', 0.689999997600000, 0.689999997600000, 0.689999997600000 );
#5468 = CARTESIAN_POINT( '', ( -0.0750000000000000, 0.320000000000000, -0.125000000000000 ) );
#5469 = VECTOR( '', #5999, 39.3700787402000 );
#5470 = COLOUR_RGB( '', 0.689999997600000, 0.689999997600000, 0.689999997600000 );
#5471 = CARTESIAN_POINT( '', ( 0.130000000000000, 0.000000000000000, 0.115000000000000 ) );
#5472 = CARTESIAN_POINT( '', ( 0.130000000000000, 0.000000000000000, 0.115000000000000 ) );
#5473 = VECTOR( '', #6000, 39.3700787402000 );
#5474 = CARTESIAN_POINT( '', ( 0.130000000000000, 0.000000000000000, 0.115000000000000 ) );
#5475 = VECTOR( '', #6001, 39.3700787402000 );
#5476 = COLOUR_RGB( '', 0.689999997600000, 0.689999997600000, 0.689999997600000 );
#5477 = COLOUR_RGB( '', 0.689999997600000, 0.689999997600000, 0.689999997600000 );
#5478 = COLOUR_RGB( '', 0.689999997600000, 0.689999997600000, 0.689999997600000 );
#5479 = COLOUR_RGB( '', 1.00000000000000, 1.00000000000000, 0.000000000000000 );
#5480 = COLOUR_RGB( '', 1.00000000000000, 1.00000000000000, 0.000000000000000 );
#5481 = CARTESIAN_POINT( '', ( -0.0625000000000000, -0.153750000000000, -0.230000000000000 ) );
#5482 = CARTESIAN_POINT( '', ( 0.0625000000000000, -0.153750000000000, -0.230000000000000 ) );
#5483 = VECTOR( '', #6002, 39.3700787402000 );
#5484 = CARTESIAN_POINT( '', ( -0.0625000000000000, -0.153750000000000, -0.230000000000000 ) );
#5485 = VECTOR( '', #6003, 39.3700787402000 );
#5486 = COLOUR_RGB( '', 1.00000000000000, 1.00000000000000, 0.000000000000000 );
#5487 = COLOUR_RGB( '', 0.689999997600000, 0.689999997600000, 0.689999997600000 );
#5488 = COLOUR_RGB( '', 0.689999997600000, 0.689999997600000, 0.689999997600000 );
#5489 = COLOUR_RGB( '', 1.00000000000000, 1.00000000000000, 0.000000000000000 );
#5490 = CARTESIAN_POINT( '', ( 0.0375000000000000, 0.0400000000000000, 0.145000000000000 ) );
#5491 = VECTOR( '', #6004, 39.3700787402000 );
#5492 = CARTESIAN_POINT( '', ( 0.0375000000000000, -0.172500000000000, 0.0125000000000000 ) );
#5493 = CARTESIAN_POINT( '', ( 0.0375000000000000, -0.172500000000000, 0.0125000000000000 ) );
#5494 = VECTOR( '', #6005, 39.3700787402000 );
#5495 = AXIS2_PLACEMENT_3D( '', #6006, #6007, #6008 );
#5496 = COLOUR_RGB( '', 1.00000000000000, 1.00000000000000, 0.000000000000000 );
#5497 = AXIS2_PLACEMENT_3D( '', #6009, #6010, #6011 );
#5498 = COLOUR_RGB( '', 0.689999997600000, 0.689999997600000, 0.689999997600000 );
#5499 = CARTESIAN_POINT( '', ( 0.130000000000000, 0.000000000000000, -0.115000000000000 ) );
#5500 = VECTOR( '', #6012, 39.3700787402000 );
#5501 = COLOUR_RGB( '', 1.00000000000000, 1.00000000000000, 0.000000000000000 );
#5502 = CARTESIAN_POINT( '', ( -0.0375000000000001, 0.0650000000000000, -0.0375000000000000 ) );
#5503 = VECTOR( '', #6013, 39.3700787402000 );
#5504 = CARTESIAN_POINT( '', ( -0.0625000000000000, 0.0650000000000000, -0.0375000000000000 ) );
#5505 = VECTOR( '', #6014, 39.3700787402000 );
#5506 = COLOUR_RGB( '', 0.689999997600000, 0.689999997600000, 0.689999997600000 );
#5507 = COLOUR_RGB( '', 1.00000000000000, 1.00000000000000, 0.000000000000000 );
#5508 = CARTESIAN_POINT( '', ( -0.0625000000000000, -0.166250000000000, -0.230000000000000 ) );
#5509 = CARTESIAN_POINT( '', ( -0.0625000000000000, -0.172500000000000, -0.223750000000000 ) );
#5510 = VECTOR( '', #6015, 39.3700787402000 );
#5511 = CARTESIAN_POINT( '', ( 0.0625000000000000, -0.166250000000000, -0.230000000000000 ) );
#5512 = VECTOR( '', #6016, 39.3700787402000 );
#5513 = COLOUR_RGB( '', 0.689999997600000, 0.689999997600000, 0.689999997600000 );
#5514 = CARTESIAN_POINT( '', ( 0.130000000000000, 0.000000000000000, 0.0750000000000000 ) );
#5515 = VECTOR( '', #6017, 39.3700787402000 );
#5516 = CARTESIAN_POINT( '', ( 0.130000000000000, 0.000000000000000, 0.145000000000000 ) );
#5517 = CARTESIAN_POINT( '', ( 0.130000000000000, 0.320000000000000, 0.145000000000000 ) );
#5518 = VECTOR( '', #6018, 39.3700787402000 );
#5519 = CARTESIAN_POINT( '', ( 0.130000000000000, 0.000000000000000, 0.145000000000000 ) );
#5520 = VECTOR( '', #6019, 39.3700787402000 );
#5521 = COLOUR_RGB( '', 0.689999997600000, 0.689999997600000, 0.689999997600000 );
#5522 = COLOUR_RGB( '', 0.689999997600000, 0.689999997600000, 0.689999997600000 );
#5523 = CARTESIAN_POINT( '', ( 0.130000000000000, 0.000000000000000, 0.145000000000000 ) );
#5524 = VECTOR( '', #6020, 39.3700787402000 );
#5525 = COLOUR_RGB( '', 1.00000000000000, 1.00000000000000, 0.000000000000000 );
#5526 = CARTESIAN_POINT( '', ( -0.0625000000000000, 0.305000000000000, -0.0562500000000000 ) );
#5527 = CARTESIAN_POINT( '', ( -0.0625000000000000, 0.298750000000000, -0.0625000000000000 ) );
#5528 = VECTOR( '', #6021, 39.3700787402000 );
#5529 = CARTESIAN_POINT( '', ( -0.0625000000000000, -0.0537500000000000, -0.230000000000000 ) );
#5530 = VECTOR( '', #6022, 39.3700787402000 );
#5531 = AXIS2_PLACEMENT_3D( '', #6023, #6024, #6025 );
#5532 = CARTESIAN_POINT( '', ( -0.0625000000000000, 0.0400000000000000, 0.0375000000000000 ) );
#5533 = VECTOR( '', #6026, 39.3700787402000 );
#5534 = CARTESIAN_POINT( '', ( -0.0625000000000000, -0.166250000000000, -0.230000000000000 ) );
#5535 = VECTOR( '', #6027, 39.3700787402000 );
#5536 = CARTESIAN_POINT( '', ( -0.0625000000000000, 0.298750000000000, 0.0375000000000000 ) );
#5537 = VECTOR( '', #6028, 39.3700787402000 );
#5538 = CARTESIAN_POINT( '', ( -0.0625000000000000, 0.305000000000000, -0.0562500000000000 ) );
#5539 = VECTOR( '', #6029, 39.3700787402000 );
#5540 = COLOUR_RGB( '', 0.689999997600000, 0.689999997600000, 0.689999997600000 );
#5541 = COLOUR_RGB( '', 1.00000000000000, 1.00000000000000, 0.000000000000000 );
#5542 = CARTESIAN_POINT( '', ( -0.0375000000000001, 0.0600000000000000, 0.145000000000000 ) );
#5543 = VECTOR( '', #6030, 39.3700787402000 );
#5544 = CARTESIAN_POINT( '', ( -0.0375000000000001, 0.305000000000000, -0.0562500000000000 ) );
#5545 = CARTESIAN_POINT( '', ( -0.0375000000000001, 0.298750000000000, -0.0625000000000000 ) );
#5546 = VECTOR( '', #6031, 39.3700787402000 );
#5547 = CARTESIAN_POINT( '', ( -0.0375000000000001, 0.305000000000000, -0.0562500000000000 ) );
#5548 = VECTOR( '', #6032, 39.3700787402000 );
#5549 = CARTESIAN_POINT( '', ( -0.0375000000000001, 0.298750000000000, 0.0375000000000000 ) );
#5550 = VECTOR( '', #6033, 39.3700787402000 );
#5551 = COLOUR_RGB( '', 0.689999997600000, 0.689999997600000, 0.689999997600000 );
#5552 = CARTESIAN_POINT( '', ( -0.130000000000000, 0.000000000000000, 0.145000000000000 ) );
#5553 = VECTOR( '', #6034, 39.3700787402000 );
#5554 = COLOUR_RGB( '', 1.00000000000000, 1.00000000000000, 0.000000000000000 );
#5555 = CARTESIAN_POINT( '', ( 0.0625000000000000, -0.172500000000000, 0.0125000000000000 ) );
#5556 = VECTOR( '', #6035, 39.3700787402000 );
#5557 = COLOUR_RGB( '', 1.00000000000000, 1.00000000000000, 0.000000000000000 );
#5558 = COLOUR_RGB( '', 1.00000000000000, 1.00000000000000, 0.000000000000000 );
#5559 = COLOUR_RGB( '', 0.689999997600000, 0.689999997600000, 0.689999997600000 );
#5560 = COLOUR_RGB( '', 0.689999997600000, 0.689999997600000, 0.689999997600000 );
#5561 = CARTESIAN_POINT( '', ( -0.0175000000000000, 0.000000000000000, -0.115000000000000 ) );
#5562 = VECTOR( '', #6036, 39.3700787402000 );
#5563 = COLOUR_RGB( '', 1.00000000000000, 1.00000000000000, 0.000000000000000 );
#5564 = COLOUR_RGB( '', 1.00000000000000, 1.00000000000000, 0.000000000000000 );
#5565 = COLOUR_RGB( '', 1.00000000000000, 1.00000000000000, 0.000000000000000 );
#5566 = CARTESIAN_POINT( '', ( 0.0625000000000000, 0.305000000000000, -0.0562500000000000 ) );
#5567 = VECTOR( '', #6037, 39.3700787402000 );
#5568 = COLOUR_RGB( '', 1.00000000000000, 1.00000000000000, 0.000000000000000 );
#5569 = COLOUR_RGB( '', 0.689999997600000, 0.689999997600000, 0.689999997600000 );
#5570 = COLOUR_RGB( '', 0.689999997600000, 0.689999997600000, 0.689999997600000 );
#5571 = COLOUR_RGB( '', 1.00000000000000, 1.00000000000000, 0.000000000000000 );
#5572 = COLOUR_RGB( '', 1.00000000000000, 1.00000000000000, 0.000000000000000 );
#5573 = COLOUR_RGB( '', 0.689999997600000, 0.689999997600000, 0.689999997600000 );
#5574 = COLOUR_RGB( '', 0.689999997600000, 0.689999997600000, 0.689999997600000 );
#5575 = COLOUR_RGB( '', 0.689999997600000, 0.689999997600000, 0.689999997600000 );
#5576 = COLOUR_RGB( '', 1.00000000000000, 1.00000000000000, 0.000000000000000 );
#5577 = COLOUR_RGB( '', 0.689999997600000, 0.689999997600000, 0.689999997600000 );
#5578 = COLOUR_RGB( '', 1.00000000000000, 1.00000000000000, 0.000000000000000 );
#5579 = COLOUR_RGB( '', 1.00000000000000, 1.00000000000000, 0.000000000000000 );
#5580 = DIRECTION( '', ( 0.000000000000000, -0.707106781186545, -0.707106781186549 ) );
#5581 = DIRECTION( '', ( -1.00000000000000, -0.000000000000000, -0.000000000000000 ) );
#5582 = DIRECTION( '', ( 0.000000000000000, 0.707106781186545, 0.707106781186549 ) );
#5583 = DIRECTION( '', ( -1.00000000000000, -0.000000000000000, -0.000000000000000 ) );
#5584 = DIRECTION( '', ( 0.000000000000000, -1.00000000000000, 0.000000000000000 ) );
#5585 = DIRECTION( '', ( -0.000000000000000, -0.000000000000000, -1.00000000000000 ) );
#5586 = DIRECTION( '', ( 0.000000000000000, -1.00000000000000, 0.000000000000000 ) );
#5587 = DIRECTION( '', ( 0.000000000000000, 0.000000000000000, 1.00000000000000 ) );
#5588 = DIRECTION( '', ( 1.00000000000000, -0.000000000000000, 0.000000000000000 ) );
#5589 = DIRECTION( '', ( -0.000000000000000, -0.000000000000000, -1.00000000000000 ) );
#5590 = DIRECTION( '', ( -1.00000000000000, 0.000000000000000, 0.000000000000000 ) );
#5591 = DIRECTION( '', ( -0.000000000000000, -0.000000000000000, -1.00000000000000 ) );
#5592 = DIRECTION( '', ( 0.000000000000000, -0.707106781186546, -0.707106781186549 ) );
#5593 = DIRECTION( '', ( -1.00000000000000, -0.000000000000000, -0.000000000000000 ) );
#5594 = DIRECTION( '', ( 0.000000000000000, 0.707106781186546, 0.707106781186549 ) );
#5595 = DIRECTION( '', ( -1.00000000000000, -0.000000000000000, -0.000000000000000 ) );
#5596 = DIRECTION( '', ( -0.000000000000000, 1.00000000000000, 0.000000000000000 ) );
#5597 = DIRECTION( '', ( -1.00000000000000, -0.000000000000000, -0.000000000000000 ) );
#5598 = DIRECTION( '', ( -1.00000000000000, -0.000000000000000, -0.000000000000000 ) );
#5599 = DIRECTION( '', ( 0.000000000000000, -0.906183139995265, 0.422885465331124 ) );
#5600 = DIRECTION( '', ( 0.000000000000000, -1.00000000000000, 0.000000000000000 ) );
#5601 = DIRECTION( '', ( 0.000000000000000, 0.344254649158423, -0.938876315886609 ) );
#5602 = DIRECTION( '', ( 0.000000000000000, 0.000000000000000, -1.00000000000000 ) );
#5603 = DIRECTION( '', ( 0.000000000000000, 1.00000000000000, 0.000000000000000 ) );
#5604 = DIRECTION( '', ( 0.000000000000000, 0.000000000000000, 1.00000000000000 ) );
#5605 = DIRECTION( '', ( -0.529919264233205, -0.848048096156426, 0.000000000000000 ) );
#5606 = DIRECTION( '', ( -0.000000000000000, -0.000000000000000, -1.00000000000000 ) );
#5607 = DIRECTION( '', ( 0.529919264233205, 0.848048096156426, 0.000000000000000 ) );
#5608 = DIRECTION( '', ( -0.000000000000000, -0.000000000000000, -1.00000000000000 ) );
#5609 = DIRECTION( '', ( 0.000000000000000, 0.000000000000000, 1.00000000000000 ) );
#5610 = DIRECTION( '', ( 1.00000000000000, 0.000000000000000, 0.000000000000000 ) );
#5611 = DIRECTION( '', ( 0.000000000000000, 0.000000000000000, -1.00000000000000 ) );
#5612 = DIRECTION( '', ( 1.00000000000000, 0.000000000000000, 0.000000000000000 ) );
#5613 = DIRECTION( '', ( 0.000000000000000, 0.000000000000000, 1.00000000000000 ) );
#5614 = DIRECTION( '', ( -1.00000000000000, 0.000000000000000, 0.000000000000000 ) );
#5615 = DIRECTION( '', ( -0.000000000000000, -0.000000000000000, -1.00000000000000 ) );
#5616 = DIRECTION( '', ( 1.00000000000000, 0.000000000000000, 0.000000000000000 ) );
#5617 = DIRECTION( '', ( 0.000000000000000, 0.000000000000000, 1.00000000000000 ) );
#5618 = DIRECTION( '', ( -1.00000000000000, 0.000000000000000, 0.000000000000000 ) );
#5619 = DIRECTION( '', ( 0.000000000000000, 0.000000000000000, -1.00000000000000 ) );
#5620 = DIRECTION( '', ( -1.00000000000000, 0.000000000000000, 0.000000000000000 ) );
#5621 = DIRECTION( '', ( 0.000000000000000, 0.000000000000000, 1.00000000000000 ) );
#5622 = DIRECTION( '', ( -1.00000000000000, 0.000000000000000, 0.000000000000000 ) );
#5623 = DIRECTION( '', ( 0.000000000000000, 0.000000000000000, -1.00000000000000 ) );
#5624 = DIRECTION( '', ( 1.00000000000000, 0.000000000000000, 0.000000000000000 ) );
#5625 = DIRECTION( '', ( -1.00000000000000, 0.000000000000000, 0.000000000000000 ) );
#5626 = DIRECTION( '', ( 0.000000000000000, 0.000000000000000, -1.00000000000000 ) );
#5627 = DIRECTION( '', ( 1.00000000000000, 0.000000000000000, 0.000000000000000 ) );
#5628 = DIRECTION( '', ( -1.00000000000000, 0.000000000000000, 0.000000000000000 ) );
#5629 = DIRECTION( '', ( 0.000000000000000, 0.000000000000000, 1.00000000000000 ) );
#5630 = DIRECTION( '', ( 1.00000000000000, 0.000000000000000, 0.000000000000000 ) );
#5631 = DIRECTION( '', ( 0.000000000000000, 0.000000000000000, 1.00000000000000 ) );
#5632 = DIRECTION( '', ( -1.00000000000000, 0.000000000000000, 0.000000000000000 ) );
#5633 = DIRECTION( '', ( 0.000000000000000, 0.000000000000000, 1.00000000000000 ) );
#5634 = DIRECTION( '', ( -1.00000000000000, -0.000000000000000, -0.000000000000000 ) );
#5635 = DIRECTION( '', ( 0.000000000000000, 0.000000000000000, 1.00000000000000 ) );
#5636 = DIRECTION( '', ( -1.00000000000000, 0.000000000000000, 0.000000000000000 ) );
#5637 = DIRECTION( '', ( 0.000000000000000, 0.000000000000000, -1.00000000000000 ) );
#5638 = DIRECTION( '', ( -1.00000000000000, -0.000000000000000, -0.000000000000000 ) );
#5639 = DIRECTION( '', ( 0.000000000000000, 0.000000000000000, 1.00000000000000 ) );
#5640 = DIRECTION( '', ( -1.00000000000000, 0.000000000000000, 0.000000000000000 ) );
#5641 = DIRECTION( '', ( 0.000000000000000, 0.000000000000000, -1.00000000000000 ) );
#5642 = DIRECTION( '', ( -1.00000000000000, -0.000000000000000, -0.000000000000000 ) );
#5643 = DIRECTION( '', ( 0.000000000000000, 0.000000000000000, 1.00000000000000 ) );
#5644 = DIRECTION( '', ( -1.00000000000000, -0.000000000000000, -0.000000000000000 ) );
#5645 = DIRECTION( '', ( 0.000000000000000, 0.000000000000000, -1.00000000000000 ) );
#5646 = DIRECTION( '', ( 1.00000000000000, 0.000000000000000, 0.000000000000000 ) );
#5647 = DIRECTION( '', ( 0.000000000000000, 0.000000000000000, 1.00000000000000 ) );
#5648 = DIRECTION( '', ( -1.00000000000000, -0.000000000000000, -0.000000000000000 ) );
#5649 = DIRECTION( '', ( 1.00000000000000, 0.000000000000000, 0.000000000000000 ) );
#5650 = DIRECTION( '', ( 0.000000000000000, 0.000000000000000, 1.00000000000000 ) );
#5651 = DIRECTION( '', ( -1.00000000000000, -0.000000000000000, -0.000000000000000 ) );
#5652 = DIRECTION( '', ( 0.000000000000000, 0.000000000000000, 1.00000000000000 ) );
#5653 = DIRECTION( '', ( 1.00000000000000, 0.000000000000000, 0.000000000000000 ) );
#5654 = DIRECTION( '', ( 0.000000000000000, 0.000000000000000, 1.00000000000000 ) );
#5655 = DIRECTION( '', ( 0.000000000000000, 0.000000000000000, 1.00000000000000 ) );
#5656 = DIRECTION( '', ( 0.000000000000000, 1.00000000000000, 0.000000000000000 ) );
#5657 = DIRECTION( '', ( -0.000000000000000, -1.00000000000000, -0.000000000000000 ) );
#5658 = DIRECTION( '', ( -0.000000000000000, -0.000000000000000, -1.00000000000000 ) );
#5659 = DIRECTION( '', ( 0.000000000000000, -1.00000000000000, 0.000000000000000 ) );
#5660 = DIRECTION( '', ( -0.529919264233205, 0.848048096156426, 0.000000000000000 ) );
#5661 = DIRECTION( '', ( -0.000000000000000, -0.000000000000000, -1.00000000000000 ) );
#5662 = DIRECTION( '', ( 0.529919264233205, -0.848048096156426, 0.000000000000000 ) );
#5663 = DIRECTION( '', ( -0.000000000000000, -0.000000000000000, -1.00000000000000 ) );
#5664 = DIRECTION( '', ( 0.529919264233209, -0.848048096156423, 0.000000000000000 ) );
#5665 = DIRECTION( '', ( -0.000000000000000, -0.000000000000000, -1.00000000000000 ) );
#5666 = DIRECTION( '', ( -0.529919264233209, 0.848048096156423, 0.000000000000000 ) );
#5667 = DIRECTION( '', ( 1.00000000000000, 0.000000000000000, 0.000000000000000 ) );
#5668 = DIRECTION( '', ( 0.000000000000000, 0.000000000000000, -1.00000000000000 ) );
#5669 = DIRECTION( '', ( -1.00000000000000, 0.000000000000000, 0.000000000000000 ) );
#5670 = DIRECTION( '', ( 0.000000000000000, 0.000000000000000, -1.00000000000000 ) );
#5671 = DIRECTION( '', ( -1.00000000000000, -0.000000000000000, -0.000000000000000 ) );
#5672 = DIRECTION( '', ( -1.00000000000000, 0.000000000000000, 0.000000000000000 ) );
#5673 = DIRECTION( '', ( -0.000000000000000, -0.000000000000000, -1.00000000000000 ) );
#5674 = DIRECTION( '', ( -1.00000000000000, 0.000000000000000, 0.000000000000000 ) );
#5675 = DIRECTION( '', ( -0.000000000000000, -0.000000000000000, -1.00000000000000 ) );
#5676 = DIRECTION( '', ( -1.00000000000000, -0.000000000000000, -0.000000000000000 ) );
#5677 = DIRECTION( '', ( 0.000000000000000, 0.000000000000000, -1.00000000000000 ) );
#5678 = DIRECTION( '', ( -1.00000000000000, -0.000000000000000, -0.000000000000000 ) );
#5679 = DIRECTION( '', ( -0.000000000000000, -0.000000000000000, -1.00000000000000 ) );
#5680 = DIRECTION( '', ( 1.00000000000000, 0.000000000000000, 0.000000000000000 ) );
#5681 = DIRECTION( '', ( 0.000000000000000, 0.000000000000000, -1.00000000000000 ) );
#5682 = DIRECTION( '', ( -1.00000000000000, 0.000000000000000, 0.000000000000000 ) );
#5683 = DIRECTION( '', ( -0.000000000000000, -0.000000000000000, -1.00000000000000 ) );
#5684 = DIRECTION( '', ( -1.00000000000000, -0.000000000000000, -0.000000000000000 ) );
#5685 = DIRECTION( '', ( -0.000000000000000, -0.000000000000000, -1.00000000000000 ) );
#5686 = DIRECTION( '', ( -1.00000000000000, 0.000000000000000, 0.000000000000000 ) );
#5687 = DIRECTION( '', ( 0.000000000000000, 0.000000000000000, 1.00000000000000 ) );
#5688 = DIRECTION( '', ( 1.00000000000000, 0.000000000000000, 0.000000000000000 ) );
#5689 = DIRECTION( '', ( -0.000000000000000, -0.000000000000000, -1.00000000000000 ) );
#5690 = DIRECTION( '', ( -1.00000000000000, -0.000000000000000, -0.000000000000000 ) );
#5691 = DIRECTION( '', ( 0.000000000000000, 0.000000000000000, -1.00000000000000 ) );
#5692 = DIRECTION( '', ( 1.00000000000000, 0.000000000000000, 0.000000000000000 ) );
#5693 = DIRECTION( '', ( 0.000000000000000, 0.000000000000000, -1.00000000000000 ) );
#5694 = DIRECTION( '', ( -1.00000000000000, 0.000000000000000, 0.000000000000000 ) );
#5695 = DIRECTION( '', ( 0.000000000000000, 0.000000000000000, -1.00000000000000 ) );
#5696 = DIRECTION( '', ( 0.000000000000000, 1.00000000000000, 0.000000000000000 ) );
#5697 = DIRECTION( '', ( -1.00000000000000, -0.000000000000000, -0.000000000000000 ) );
#5698 = DIRECTION( '', ( 0.000000000000000, 1.00000000000000, 0.000000000000000 ) );
#5699 = DIRECTION( '', ( -1.00000000000000, -0.000000000000000, -0.000000000000000 ) );
#5700 = DIRECTION( '', ( 0.000000000000000, 1.00000000000000, 0.000000000000000 ) );
#5701 = DIRECTION( '', ( 0.000000000000000, 0.000000000000000, 1.00000000000000 ) );
#5702 = DIRECTION( '', ( 0.000000000000000, 1.00000000000000, 0.000000000000000 ) );
#5703 = DIRECTION( '', ( 0.000000000000000, 0.707106781186546, -0.707106781186549 ) );
#5704 = DIRECTION( '', ( -1.00000000000000, -0.000000000000000, -0.000000000000000 ) );
#5705 = DIRECTION( '', ( 0.000000000000000, -0.707106781186546, 0.707106781186549 ) );
#5706 = DIRECTION( '', ( -1.00000000000000, -0.000000000000000, -0.000000000000000 ) );
#5707 = DIRECTION( '', ( 0.0348994967025012, -0.999390827019096, 0.000000000000000 ) );
#5708 = DIRECTION( '', ( -0.0348994967025012, 0.999390827019096, 0.000000000000000 ) );
#5709 = DIRECTION( '', ( 0.000000000000000, 0.000000000000000, -1.00000000000000 ) );
#5710 = DIRECTION( '', ( 1.00000000000000, 0.000000000000000, 0.000000000000000 ) );
#5711 = DIRECTION( '', ( -0.000000000000000, 1.00000000000000, 0.000000000000000 ) );
#5712 = DIRECTION( '', ( -1.00000000000000, -0.000000000000000, -0.000000000000000 ) );
#5713 = DIRECTION( '', ( 0.000000000000000, 1.00000000000000, 0.000000000000000 ) );
#5714 = DIRECTION( '', ( 0.000000000000000, -1.00000000000000, 0.000000000000000 ) );
#5715 = DIRECTION( '', ( -1.00000000000000, -0.000000000000000, -0.000000000000000 ) );
#5716 = DIRECTION( '', ( 0.000000000000000, -1.00000000000000, 0.000000000000000 ) );
#5717 = DIRECTION( '', ( -1.00000000000000, -0.000000000000000, -0.000000000000000 ) );
#5718 = DIRECTION( '', ( 0.000000000000000, -1.00000000000000, 0.000000000000000 ) );
#5719 = DIRECTION( '', ( -1.00000000000000, 0.000000000000000, 0.000000000000000 ) );
#5720 = DIRECTION( '', ( 0.000000000000000, 1.00000000000000, 0.000000000000000 ) );
#5721 = DIRECTION( '', ( -1.00000000000000, -0.000000000000000, -0.000000000000000 ) );
#5722 = DIRECTION( '', ( 0.000000000000000, -1.00000000000000, 0.000000000000000 ) );
#5723 = DIRECTION( '', ( -1.00000000000000, -0.000000000000000, -0.000000000000000 ) );
#5724 = DIRECTION( '', ( 0.000000000000000, 1.00000000000000, 0.000000000000000 ) );
#5725 = DIRECTION( '', ( 1.00000000000000, -0.000000000000000, 0.000000000000000 ) );
#5726 = DIRECTION( '', ( -0.000000000000000, 1.00000000000000, 0.000000000000000 ) );
#5727 = DIRECTION( '', ( -1.00000000000000, -0.000000000000000, -0.000000000000000 ) );
#5728 = DIRECTION( '', ( 0.000000000000000, 1.00000000000000, 0.000000000000000 ) );
#5729 = DIRECTION( '', ( -1.00000000000000, -0.000000000000000, -0.000000000000000 ) );
#5730 = DIRECTION( '', ( 0.000000000000000, 0.000000000000000, 1.00000000000000 ) );
#5731 = DIRECTION( '', ( 0.000000000000000, 1.00000000000000, 0.000000000000000 ) );
#5732 = DIRECTION( '', ( 0.000000000000000, 0.000000000000000, 1.00000000000000 ) );
#5733 = DIRECTION( '', ( 0.000000000000000, 1.00000000000000, 0.000000000000000 ) );
#5734 = DIRECTION( '', ( 0.000000000000000, -1.00000000000000, 0.000000000000000 ) );
#5735 = DIRECTION( '', ( 0.000000000000000, 1.00000000000000, 0.000000000000000 ) );
#5736 = DIRECTION( '', ( -1.00000000000000, -0.000000000000000, -0.000000000000000 ) );
#5737 = DIRECTION( '', ( 0.000000000000000, 0.000000000000000, -1.00000000000000 ) );
#5738 = DIRECTION( '', ( -1.00000000000000, -0.000000000000000, -0.000000000000000 ) );
#5739 = DIRECTION( '', ( 0.000000000000000, 0.000000000000000, -1.00000000000000 ) );
#5740 = DIRECTION( '', ( -1.00000000000000, -0.000000000000000, -0.000000000000000 ) );
#5741 = DIRECTION( '', ( 0.000000000000000, 0.707106781186545, -0.707106781186549 ) );
#5742 = DIRECTION( '', ( 0.000000000000000, 0.000000000000000, -1.00000000000000 ) );
#5743 = DIRECTION( '', ( 0.000000000000000, -3.41480999208033E-16, -1.00000000000000 ) );
#5744 = DIRECTION( '', ( 0.000000000000000, 1.00000000000000, 0.000000000000000 ) );
#5745 = DIRECTION( '', ( 0.000000000000000, 0.000000000000000, -1.00000000000000 ) );
#5746 = DIRECTION( '', ( 0.000000000000000, -1.00000000000000, 0.000000000000000 ) );
#5747 = DIRECTION( '', ( -0.000000000000000, -0.000000000000000, -1.00000000000000 ) );
#5748 = DIRECTION( '', ( 0.000000000000000, 1.25314128149737E-16, -1.00000000000000 ) );
#5749 = DIRECTION( '', ( -1.00000000000000, -0.000000000000000, -0.000000000000000 ) );
#5750 = DIRECTION( '', ( 0.000000000000000, 1.25314128149737E-16, -1.00000000000000 ) );
#5751 = DIRECTION( '', ( -1.00000000000000, -0.000000000000000, -0.000000000000000 ) );
#5752 = DIRECTION( '', ( -1.00000000000000, -0.000000000000000, -0.000000000000000 ) );
#5753 = CARTESIAN_POINT( '', ( 0.0375000000000000, -0.0225000000000000, -0.0875000000000000 ) );
#5754 = DIRECTION( '', ( -1.00000000000000, 0.000000000000000, 0.000000000000000 ) );
#5755 = DIRECTION( '', ( 0.000000000000000, 0.000000000000000, 1.00000000000000 ) );
#5756 = DIRECTION( '', ( -1.00000000000000, -0.000000000000000, -0.000000000000000 ) );
#5757 = CARTESIAN_POINT( '', ( 0.0625000000000000, -0.0225000000000000, -0.0875000000000000 ) );
#5758 = DIRECTION( '', ( 1.00000000000000, 0.000000000000000, 0.000000000000000 ) );
#5759 = DIRECTION( '', ( 0.000000000000000, 0.000000000000000, -1.00000000000000 ) );
#5760 = DIRECTION( '', ( 0.000000000000000, 0.000000000000000, -1.00000000000000 ) );
#5761 = DIRECTION( '', ( 1.00000000000000, 0.000000000000000, 1.06712812252510E-16 ) );
#5762 = DIRECTION( '', ( 1.00000000000000, 0.000000000000000, 0.000000000000000 ) );
#5763 = DIRECTION( '', ( 0.000000000000000, 0.000000000000000, -1.00000000000000 ) );
#5764 = DIRECTION( '', ( -1.00000000000000, 0.000000000000000, 0.000000000000000 ) );
#5765 = DIRECTION( '', ( 0.000000000000000, 0.000000000000000, 1.00000000000000 ) );
#5766 = DIRECTION( '', ( -1.00000000000000, 0.000000000000000, 0.000000000000000 ) );
#5767 = DIRECTION( '', ( 0.000000000000000, 0.000000000000000, -1.00000000000000 ) );
#5768 = DIRECTION( '', ( -1.00000000000000, 0.000000000000000, 0.000000000000000 ) );
#5769 = DIRECTION( '', ( 0.000000000000000, 0.000000000000000, 1.00000000000000 ) );
#5770 = DIRECTION( '', ( 1.00000000000000, 0.000000000000000, 0.000000000000000 ) );
#5771 = DIRECTION( '', ( -0.0348994967025008, -0.999390827019096, 0.000000000000000 ) );
#5772 = DIRECTION( '', ( -0.529919264233205, -0.848048096156426, 0.000000000000000 ) );
#5773 = DIRECTION( '', ( 1.00000000000000, 0.000000000000000, 0.000000000000000 ) );
#5774 = DIRECTION( '', ( 0.000000000000000, 1.00000000000000, 0.000000000000000 ) );
#5775 = DIRECTION( '', ( 0.000000000000000, 1.00000000000000, 0.000000000000000 ) );
#5776 = DIRECTION( '', ( 0.000000000000000, 1.00000000000000, 0.000000000000000 ) );
#5777 = DIRECTION( '', ( 0.000000000000000, 1.00000000000000, 0.000000000000000 ) );
#5778 = DIRECTION( '', ( -0.000000000000000, 1.00000000000000, 0.000000000000000 ) );
#5779 = DIRECTION( '', ( -1.00000000000000, 0.000000000000000, 0.000000000000000 ) );
#5780 = DIRECTION( '', ( 0.000000000000000, 1.00000000000000, 0.000000000000000 ) );
#5781 = DIRECTION( '', ( 0.000000000000000, -1.00000000000000, 0.000000000000000 ) );
#5782 = DIRECTION( '', ( 1.00000000000000, 0.000000000000000, -0.000000000000000 ) );
#5783 = DIRECTION( '', ( -0.000000000000000, 1.00000000000000, 0.000000000000000 ) );
#5784 = DIRECTION( '', ( -1.00000000000000, -0.000000000000000, -0.000000000000000 ) );
#5785 = DIRECTION( '', ( 0.000000000000000, 1.00000000000000, 0.000000000000000 ) );
#5786 = DIRECTION( '', ( -1.00000000000000, -0.000000000000000, -0.000000000000000 ) );
#5787 = DIRECTION( '', ( -0.000000000000000, -1.00000000000000, -0.000000000000000 ) );
#5788 = DIRECTION( '', ( -0.000000000000000, -1.00000000000000, -0.000000000000000 ) );
#5789 = DIRECTION( '', ( 0.000000000000000, -1.00000000000000, 0.000000000000000 ) );
#5790 = DIRECTION( '', ( -1.00000000000000, -0.000000000000000, -0.000000000000000 ) );
#5791 = DIRECTION( '', ( 0.000000000000000, -1.00000000000000, 0.000000000000000 ) );
#5792 = DIRECTION( '', ( -0.000000000000000, -1.00000000000000, -0.000000000000000 ) );
#5793 = DIRECTION( '', ( -0.000000000000000, -1.00000000000000, -0.000000000000000 ) );
#5794 = DIRECTION( '', ( -1.00000000000000, -0.000000000000000, -0.000000000000000 ) );
#5795 = DIRECTION( '', ( 0.000000000000000, 0.000000000000000, 1.00000000000000 ) );
#5796 = DIRECTION( '', ( 0.000000000000000, 0.000000000000000, -1.00000000000000 ) );
#5797 = DIRECTION( '', ( -1.00000000000000, 0.000000000000000, 0.000000000000000 ) );
#5798 = DIRECTION( '', ( 0.000000000000000, 0.000000000000000, 1.00000000000000 ) );
#5799 = DIRECTION( '', ( -1.00000000000000, 0.000000000000000, 0.000000000000000 ) );
#5800 = DIRECTION( '', ( 1.00000000000000, 0.000000000000000, 0.000000000000000 ) );
#5801 = DIRECTION( '', ( 1.00000000000000, 0.000000000000000, 1.06712812252510E-16 ) );
#5802 = DIRECTION( '', ( 0.000000000000000, 0.000000000000000, -1.00000000000000 ) );
#5803 = DIRECTION( '', ( -0.000000000000000, -0.000000000000000, -1.00000000000000 ) );
#5804 = DIRECTION( '', ( -1.00000000000000, 0.000000000000000, 0.000000000000000 ) );
#5805 = DIRECTION( '', ( -1.00000000000000, 0.000000000000000, 0.000000000000000 ) );
#5806 = DIRECTION( '', ( 0.000000000000000, -1.00000000000000, 0.000000000000000 ) );
#5807 = DIRECTION( '', ( 0.000000000000000, 1.00000000000000, 0.000000000000000 ) );
#5808 = DIRECTION( '', ( 0.000000000000000, -1.00000000000000, 0.000000000000000 ) );
#5809 = DIRECTION( '', ( 0.000000000000000, -1.00000000000000, 0.000000000000000 ) );
#5810 = DIRECTION( '', ( -1.00000000000000, -0.000000000000000, -0.000000000000000 ) );
#5811 = DIRECTION( '', ( 0.000000000000000, -1.00000000000000, 0.000000000000000 ) );
#5812 = DIRECTION( '', ( -1.00000000000000, -0.000000000000000, -0.000000000000000 ) );
#5813 = DIRECTION( '', ( 0.000000000000000, 1.00000000000000, 0.000000000000000 ) );
#5814 = DIRECTION( '', ( -1.00000000000000, -0.000000000000000, -0.000000000000000 ) );
#5815 = DIRECTION( '', ( 0.000000000000000, -0.707106781186545, 0.707106781186549 ) );
#5816 = DIRECTION( '', ( -1.00000000000000, 0.000000000000000, 0.000000000000000 ) );
#5817 = DIRECTION( '', ( -0.000000000000000, -0.000000000000000, -1.00000000000000 ) );
#5818 = DIRECTION( '', ( 1.00000000000000, -0.000000000000000, 0.000000000000000 ) );
#5819 = DIRECTION( '', ( -0.000000000000000, -0.000000000000000, -1.00000000000000 ) );
#5820 = DIRECTION( '', ( 0.000000000000000, 1.25314128149737E-16, -1.00000000000000 ) );
#5821 = DIRECTION( '', ( 0.000000000000000, -1.25314128149737E-16, 1.00000000000000 ) );
#5822 = DIRECTION( '', ( -1.00000000000000, -0.000000000000000, -0.000000000000000 ) );
#5823 = DIRECTION( '', ( 0.000000000000000, 0.000000000000000, 1.00000000000000 ) );
#5824 = DIRECTION( '', ( -0.000000000000000, 1.00000000000000, 0.000000000000000 ) );
#5825 = DIRECTION( '', ( -1.00000000000000, -0.000000000000000, -0.000000000000000 ) );
#5826 = DIRECTION( '', ( 0.000000000000000, 1.00000000000000, 0.000000000000000 ) );
#5827 = DIRECTION( '', ( -1.00000000000000, -0.000000000000000, -0.000000000000000 ) );
#5828 = CARTESIAN_POINT( '', ( 0.0625000000000000, -0.122500000000000, 0.0125000000000000 ) );
#5829 = DIRECTION( '', ( 1.00000000000000, 0.000000000000000, 0.000000000000000 ) );
#5830 = DIRECTION( '', ( 0.000000000000000, 0.000000000000000, -1.00000000000000 ) );
#5831 = DIRECTION( '', ( 0.000000000000000, 0.000000000000000, -1.00000000000000 ) );
#5832 = DIRECTION( '', ( 0.000000000000000, 0.707106781186546, -0.707106781186549 ) );
#5833 = DIRECTION( '', ( 0.000000000000000, 1.00000000000000, 0.000000000000000 ) );
#5834 = DIRECTION( '', ( 0.000000000000000, 0.707106781186547, 0.707106781186547 ) );
#5835 = DIRECTION( '', ( 0.000000000000000, -7.22711109434991E-17, 1.00000000000000 ) );
#5836 = CARTESIAN_POINT( '', ( 0.0625000000000000, -0.122500000000000, 0.0125000000000000 ) );
#5837 = DIRECTION( '', ( 1.00000000000000, 0.000000000000000, 0.000000000000000 ) );
#5838 = DIRECTION( '', ( 0.000000000000000, 0.000000000000000, -1.00000000000000 ) );
#5839 = DIRECTION( '', ( 0.000000000000000, -1.13826999736011E-16, -1.00000000000000 ) );
#5840 = DIRECTION( '', ( 0.000000000000000, -1.00000000000000, 0.000000000000000 ) );
#5841 = CARTESIAN_POINT( '', ( 0.0625000000000000, -0.0225000000000000, -0.0875000000000000 ) );
#5842 = DIRECTION( '', ( 1.00000000000000, 0.000000000000000, 0.000000000000000 ) );
#5843 = DIRECTION( '', ( 0.000000000000000, 0.000000000000000, -1.00000000000000 ) );
#5844 = DIRECTION( '', ( 0.000000000000000, 1.25314128149737E-16, -1.00000000000000 ) );
#5845 = DIRECTION( '', ( 0.000000000000000, 0.707106781186548, -0.707106781186547 ) );
#5846 = DIRECTION( '', ( 0.000000000000000, 0.707106781186547, 0.707106781186547 ) );
#5847 = DIRECTION( '', ( 0.000000000000000, -1.00000000000000, 0.000000000000000 ) );
#5848 = DIRECTION( '', ( 0.000000000000000, 3.41480999208033E-16, 1.00000000000000 ) );
#5849 = DIRECTION( '', ( 0.000000000000000, -0.707106781186545, 0.707106781186549 ) );
#5850 = DIRECTION( '', ( -1.00000000000000, -0.000000000000000, -0.000000000000000 ) );
#5851 = DIRECTION( '', ( 0.000000000000000, -0.707106781186545, 0.707106781186549 ) );
#5852 = DIRECTION( '', ( 0.000000000000000, -1.00000000000000, 0.000000000000000 ) );
#5853 = DIRECTION( '', ( -1.00000000000000, -0.000000000000000, -0.000000000000000 ) );
#5854 = DIRECTION( '', ( 0.000000000000000, 1.00000000000000, 0.000000000000000 ) );
#5855 = DIRECTION( '', ( -1.00000000000000, -0.000000000000000, -0.000000000000000 ) );
#5856 = DIRECTION( '', ( 0.000000000000000, -1.00000000000000, 0.000000000000000 ) );
#5857 = DIRECTION( '', ( 0.000000000000000, 1.00000000000000, 0.000000000000000 ) );
#5858 = DIRECTION( '', ( -1.00000000000000, -0.000000000000000, -0.000000000000000 ) );
#5859 = DIRECTION( '', ( 0.000000000000000, 1.00000000000000, 0.000000000000000 ) );
#5860 = DIRECTION( '', ( -0.000000000000000, -1.00000000000000, -0.000000000000000 ) );
#5861 = DIRECTION( '', ( 0.000000000000000, 1.00000000000000, 0.000000000000000 ) );
#5862 = DIRECTION( '', ( 0.000000000000000, 1.00000000000000, 0.000000000000000 ) );
#5863 = DIRECTION( '', ( -1.00000000000000, -0.000000000000000, -0.000000000000000 ) );
#5864 = DIRECTION( '', ( -1.00000000000000, -0.000000000000000, -0.000000000000000 ) );
#5865 = DIRECTION( '', ( 0.000000000000000, -0.906183139995265, 0.422885465331124 ) );
#5866 = DIRECTION( '', ( 0.000000000000000, 0.000000000000000, -1.00000000000000 ) );
#5867 = DIRECTION( '', ( 0.000000000000000, 0.344254649158423, -0.938876315886609 ) );
#5868 = DIRECTION( '', ( 0.000000000000000, -1.00000000000000, 0.000000000000000 ) );
#5869 = DIRECTION( '', ( 0.000000000000000, 1.00000000000000, 0.000000000000000 ) );
#5870 = DIRECTION( '', ( -1.00000000000000, -0.000000000000000, -0.000000000000000 ) );
#5871 = DIRECTION( '', ( 0.000000000000000, -1.00000000000000, 0.000000000000000 ) );
#5872 = DIRECTION( '', ( -0.0348994967025013, 0.999390827019096, 0.000000000000000 ) );
#5873 = DIRECTION( '', ( -0.0348994967025009, -0.999390827019096, 0.000000000000000 ) );
#5874 = DIRECTION( '', ( 0.000000000000000, 1.00000000000000, 0.000000000000000 ) );
#5875 = DIRECTION( '', ( 0.000000000000000, -1.00000000000000, 0.000000000000000 ) );
#5876 = DIRECTION( '', ( 0.000000000000000, 1.00000000000000, 0.000000000000000 ) );
#5877 = DIRECTION( '', ( -1.00000000000000, -0.000000000000000, -0.000000000000000 ) );
#5878 = DIRECTION( '', ( 0.000000000000000, 0.000000000000000, -1.00000000000000 ) );
#5879 = DIRECTION( '', ( -1.00000000000000, -0.000000000000000, -0.000000000000000 ) );
#5880 = DIRECTION( '', ( 0.000000000000000, 0.000000000000000, -1.00000000000000 ) );
#5881 = DIRECTION( '', ( -1.00000000000000, -0.000000000000000, -0.000000000000000 ) );
#5882 = DIRECTION( '', ( -1.00000000000000, -0.000000000000000, -0.000000000000000 ) );
#5883 = CARTESIAN_POINT( '', ( -0.0375000000000000, -0.122500000000000, 0.0125000000000000 ) );
#5884 = DIRECTION( '', ( 1.00000000000000, 0.000000000000000, -0.000000000000000 ) );
#5885 = DIRECTION( '', ( -0.000000000000000, 0.000000000000000, -1.00000000000000 ) );
#5886 = CARTESIAN_POINT( '', ( -0.0625000000000000, -0.122500000000000, 0.0125000000000000 ) );
#5887 = DIRECTION( '', ( 1.00000000000000, 0.000000000000000, 0.000000000000000 ) );
#5888 = DIRECTION( '', ( 0.000000000000000, 0.000000000000000, -1.00000000000000 ) );
#5889 = DIRECTION( '', ( 0.000000000000000, 1.00000000000000, 0.000000000000000 ) );
#5890 = DIRECTION( '', ( 0.000000000000000, -1.00000000000000, 0.000000000000000 ) );
#5891 = DIRECTION( '', ( 0.000000000000000, 0.707106781186548, -0.707106781186547 ) );
#5892 = DIRECTION( '', ( 0.000000000000000, 0.707106781186548, -0.707106781186547 ) );
#5893 = DIRECTION( '', ( 0.000000000000000, -7.22711109434991E-17, 1.00000000000000 ) );
#5894 = DIRECTION( '', ( -1.00000000000000, -0.000000000000000, -0.000000000000000 ) );
#5895 = DIRECTION( '', ( 0.000000000000000, -7.22711109434991E-17, 1.00000000000000 ) );
#5896 = DIRECTION( '', ( -1.00000000000000, -0.000000000000000, -0.000000000000000 ) );
#5897 = DIRECTION( '', ( 0.000000000000000, -1.00000000000000, 0.000000000000000 ) );
#5898 = DIRECTION( '', ( -1.00000000000000, -0.000000000000000, -0.000000000000000 ) );
#5899 = DIRECTION( '', ( 0.000000000000000, -1.00000000000000, 0.000000000000000 ) );
#5900 = DIRECTION( '', ( -1.00000000000000, -0.000000000000000, -0.000000000000000 ) );
#5901 = DIRECTION( '', ( 0.000000000000000, 0.000000000000000, -1.00000000000000 ) );
#5902 = DIRECTION( '', ( 0.000000000000000, 1.00000000000000, 0.000000000000000 ) );
#5903 = DIRECTION( '', ( 0.000000000000000, 7.22711109434991E-17, -1.00000000000000 ) );
#5904 = DIRECTION( '', ( -1.00000000000000, -0.000000000000000, -0.000000000000000 ) );
#5905 = DIRECTION( '', ( -1.00000000000000, -0.000000000000000, -0.000000000000000 ) );
#5906 = DIRECTION( '', ( -1.00000000000000, -0.000000000000000, -0.000000000000000 ) );
#5907 = DIRECTION( '', ( 0.000000000000000, -1.00000000000000, 0.000000000000000 ) );
#5908 = DIRECTION( '', ( -0.000000000000000, -1.00000000000000, -0.000000000000000 ) );
#5909 = DIRECTION( '', ( 0.000000000000000, -1.00000000000000, 0.000000000000000 ) );
#5910 = DIRECTION( '', ( 0.000000000000000, 1.00000000000000, 0.000000000000000 ) );
#5911 = DIRECTION( '', ( -0.000000000000000, -0.000000000000000, -1.00000000000000 ) );
#5912 = DIRECTION( '', ( 0.000000000000000, -0.707106781186547, -0.707106781186547 ) );
#5913 = DIRECTION( '', ( 0.000000000000000, -0.707106781186548, 0.707106781186547 ) );
#5914 = DIRECTION( '', ( 0.000000000000000, -1.25314128149737E-16, 1.00000000000000 ) );
#5915 = CARTESIAN_POINT( '', ( 0.0375000000000000, -0.0225000000000000, -0.0875000000000000 ) );
#5916 = DIRECTION( '', ( -1.00000000000000, 0.000000000000000, 0.000000000000000 ) );
#5917 = DIRECTION( '', ( 0.000000000000000, 0.000000000000000, 1.00000000000000 ) );
#5918 = DIRECTION( '', ( 0.000000000000000, 1.00000000000000, 0.000000000000000 ) );
#5919 = DIRECTION( '', ( 0.000000000000000, 0.000000000000000, 1.00000000000000 ) );
#5920 = DIRECTION( '', ( 0.000000000000000, 1.00000000000000, -0.000000000000000 ) );
#5921 = DIRECTION( '', ( 0.000000000000000, 1.00000000000000, 0.000000000000000 ) );
#5922 = DIRECTION( '', ( 0.0348994967025013, -0.999390827019096, 0.000000000000000 ) );
#5923 = DIRECTION( '', ( 0.000000000000000, 1.00000000000000, 0.000000000000000 ) );
#5924 = DIRECTION( '', ( 0.000000000000000, 1.00000000000000, 0.000000000000000 ) );
#5925 = DIRECTION( '', ( -1.00000000000000, -0.000000000000000, -0.000000000000000 ) );
#5926 = DIRECTION( '', ( -0.000000000000000, -1.00000000000000, 0.000000000000000 ) );
#5927 = DIRECTION( '', ( 0.000000000000000, 0.000000000000000, -1.00000000000000 ) );
#5928 = DIRECTION( '', ( 0.000000000000000, 1.00000000000000, 0.000000000000000 ) );
#5929 = DIRECTION( '', ( 0.000000000000000, -1.00000000000000, 0.000000000000000 ) );
#5930 = DIRECTION( '', ( -1.00000000000000, -0.000000000000000, -0.000000000000000 ) );
#5931 = DIRECTION( '', ( -1.00000000000000, -0.000000000000000, -0.000000000000000 ) );
#5932 = CARTESIAN_POINT( '', ( -0.0375000000000000, -0.122500000000000, 0.0125000000000000 ) );
#5933 = DIRECTION( '', ( 1.00000000000000, 0.000000000000000, -0.000000000000000 ) );
#5934 = DIRECTION( '', ( -0.000000000000000, 0.000000000000000, -1.00000000000000 ) );
#5935 = CARTESIAN_POINT( '', ( -0.0625000000000000, -0.122500000000000, 0.0125000000000000 ) );
#5936 = DIRECTION( '', ( 1.00000000000000, 0.000000000000000, 0.000000000000000 ) );
#5937 = DIRECTION( '', ( 0.000000000000000, 0.000000000000000, -1.00000000000000 ) );
#5938 = DIRECTION( '', ( 0.000000000000000, 0.000000000000000, -1.00000000000000 ) );
#5939 = DIRECTION( '', ( -1.00000000000000, -0.000000000000000, -0.000000000000000 ) );
#5940 = CARTESIAN_POINT( '', ( -0.0375000000000000, -0.0225000000000000, -0.0875000000000000 ) );
#5941 = DIRECTION( '', ( 1.00000000000000, 0.000000000000000, -0.000000000000000 ) );
#5942 = DIRECTION( '', ( -0.000000000000000, 0.000000000000000, -1.00000000000000 ) );
#5943 = DIRECTION( '', ( 0.000000000000000, 0.707106781186547, 0.707106781186547 ) );
#5944 = DIRECTION( '', ( 0.000000000000000, -1.25314128149737E-16, 1.00000000000000 ) );
#5945 = CARTESIAN_POINT( '', ( -0.0375000000000000, -0.0225000000000000, -0.0875000000000000 ) );
#5946 = DIRECTION( '', ( 1.00000000000000, 0.000000000000000, -0.000000000000000 ) );
#5947 = DIRECTION( '', ( -0.000000000000000, 0.000000000000000, -1.00000000000000 ) );
#5948 = DIRECTION( '', ( -0.000000000000000, -0.000000000000000, -1.00000000000000 ) );
#5949 = DIRECTION( '', ( -0.000000000000000, -1.00000000000000, -0.000000000000000 ) );
#5950 = DIRECTION( '', ( 1.00000000000000, 0.000000000000000, 0.000000000000000 ) );
#5951 = CARTESIAN_POINT( '', ( 0.0375000000000000, -0.122500000000000, 0.0125000000000000 ) );
#5952 = DIRECTION( '', ( -1.00000000000000, 0.000000000000000, 0.000000000000000 ) );
#5953 = DIRECTION( '', ( 0.000000000000000, 0.000000000000000, 1.00000000000000 ) );
#5954 = DIRECTION( '', ( 0.000000000000000, 0.707106781186545, -0.707106781186549 ) );
#5955 = DIRECTION( '', ( 0.000000000000000, -1.00000000000000, 0.000000000000000 ) );
#5956 = DIRECTION( '', ( 0.000000000000000, 0.707106781186547, 0.707106781186547 ) );
#5957 = DIRECTION( '', ( -0.000000000000000, -0.000000000000000, -1.00000000000000 ) );
#5958 = DIRECTION( '', ( 0.000000000000000, 1.00000000000000, 0.000000000000000 ) );
#5959 = DIRECTION( '', ( -1.00000000000000, 0.000000000000000, 0.000000000000000 ) );
#5960 = DIRECTION( '', ( 0.000000000000000, 1.00000000000000, 0.000000000000000 ) );
#5961 = DIRECTION( '', ( 0.0348994967025009, 0.999390827019096, 0.000000000000000 ) );
#5962 = DIRECTION( '', ( 0.000000000000000, -1.00000000000000, 0.000000000000000 ) );
#5963 = DIRECTION( '', ( 0.000000000000000, 0.000000000000000, 1.00000000000000 ) );
#5964 = DIRECTION( '', ( -1.00000000000000, -0.000000000000000, -0.000000000000000 ) );
#5965 = DIRECTION( '', ( 0.000000000000000, 0.000000000000000, 1.00000000000000 ) );
#5966 = DIRECTION( '', ( 0.529919264233205, 0.848048096156426, 0.000000000000000 ) );
#5967 = DIRECTION( '', ( -0.000000000000000, -0.000000000000000, -1.00000000000000 ) );
#5968 = DIRECTION( '', ( -0.000000000000000, -1.00000000000000, -0.000000000000000 ) );
#5969 = DIRECTION( '', ( -0.000000000000000, -1.00000000000000, -0.000000000000000 ) );
#5970 = DIRECTION( '', ( 0.000000000000000, 1.00000000000000, 0.000000000000000 ) );
#5971 = DIRECTION( '', ( 0.000000000000000, -0.707106781186545, 0.707106781186549 ) );
#5972 = DIRECTION( '', ( -1.00000000000000, -0.000000000000000, -0.000000000000000 ) );
#5973 = DIRECTION( '', ( -1.00000000000000, -0.000000000000000, -0.000000000000000 ) );
#5974 = DIRECTION( '', ( 0.000000000000000, 1.00000000000000, 0.000000000000000 ) );
#5975 = DIRECTION( '', ( -1.00000000000000, -0.000000000000000, -0.000000000000000 ) );
#5976 = DIRECTION( '', ( 0.0348994967025008, 0.999390827019096, 0.000000000000000 ) );
#5977 = DIRECTION( '', ( -1.00000000000000, -0.000000000000000, -0.000000000000000 ) );
#5978 = DIRECTION( '', ( 0.000000000000000, -1.25314128149737E-16, 1.00000000000000 ) );
#5979 = DIRECTION( '', ( -1.00000000000000, -0.000000000000000, -0.000000000000000 ) );
#5980 = DIRECTION( '', ( 0.000000000000000, -1.00000000000000, 0.000000000000000 ) );
#5981 = DIRECTION( '', ( -1.00000000000000, -0.000000000000000, -0.000000000000000 ) );
#5982 = DIRECTION( '', ( 0.000000000000000, -1.00000000000000, 0.000000000000000 ) );
#5983 = DIRECTION( '', ( -1.00000000000000, -0.000000000000000, -0.000000000000000 ) );
#5984 = DIRECTION( '', ( 0.000000000000000, 0.000000000000000, -1.00000000000000 ) );
#5985 = DIRECTION( '', ( 0.000000000000000, 1.00000000000000, 0.000000000000000 ) );
#5986 = DIRECTION( '', ( 0.000000000000000, -0.707106781186546, 0.707106781186549 ) );
#5987 = DIRECTION( '', ( -1.00000000000000, -0.000000000000000, -0.000000000000000 ) );
#5988 = DIRECTION( '', ( 0.000000000000000, -0.707106781186546, 0.707106781186549 ) );
#5989 = DIRECTION( '', ( 0.000000000000000, -1.00000000000000, 0.000000000000000 ) );
#5990 = DIRECTION( '', ( 0.000000000000000, -0.707106781186547, -0.707106781186547 ) );
#5991 = DIRECTION( '', ( 1.00000000000000, 0.000000000000000, 0.000000000000000 ) );
#5992 = DIRECTION( '', ( 1.00000000000000, 0.000000000000000, 0.000000000000000 ) );
#5993 = DIRECTION( '', ( 0.000000000000000, 0.000000000000000, 1.00000000000000 ) );
#5994 = DIRECTION( '', ( -1.00000000000000, 0.000000000000000, 0.000000000000000 ) );
#5995 = DIRECTION( '', ( -0.000000000000000, -1.00000000000000, -0.000000000000000 ) );
#5996 = DIRECTION( '', ( 0.000000000000000, 0.000000000000000, 1.00000000000000 ) );
#5997 = DIRECTION( '', ( 0.000000000000000, 0.000000000000000, -1.00000000000000 ) );
#5998 = DIRECTION( '', ( -1.00000000000000, -0.000000000000000, -0.000000000000000 ) );
#5999 = DIRECTION( '', ( -0.000000000000000, -1.00000000000000, -0.000000000000000 ) );
#6000 = DIRECTION( '', ( 0.000000000000000, 1.00000000000000, 0.000000000000000 ) );
#6001 = DIRECTION( '', ( -1.00000000000000, -0.000000000000000, -0.000000000000000 ) );
#6002 = DIRECTION( '', ( -1.00000000000000, -0.000000000000000, -0.000000000000000 ) );
#6003 = DIRECTION( '', ( 0.000000000000000, 0.707106781186547, 0.707106781186547 ) );
#6004 = DIRECTION( '', ( -0.000000000000000, -0.000000000000000, -1.00000000000000 ) );
#6005 = DIRECTION( '', ( 0.000000000000000, 0.000000000000000, 1.00000000000000 ) );
#6006 = CARTESIAN_POINT( '', ( 0.0375000000000000, -0.122500000000000, 0.0125000000000000 ) );
#6007 = DIRECTION( '', ( -1.00000000000000, 0.000000000000000, 0.000000000000000 ) );
#6008 = DIRECTION( '', ( 0.000000000000000, 0.000000000000000, 1.00000000000000 ) );
#6009 = CARTESIAN_POINT( '', ( -0.0625000000000000, -0.0225000000000000, -0.0875000000000000 ) );
#6010 = DIRECTION( '', ( 1.00000000000000, 0.000000000000000, 0.000000000000000 ) );
#6011 = DIRECTION( '', ( 0.000000000000000, 0.000000000000000, -1.00000000000000 ) );
#6012 = DIRECTION( '', ( 0.000000000000000, 0.000000000000000, -1.00000000000000 ) );
#6013 = DIRECTION( '', ( 0.000000000000000, 3.41480999208033E-16, 1.00000000000000 ) );
#6014 = DIRECTION( '', ( 0.000000000000000, 3.41480999208033E-16, 1.00000000000000 ) );
#6015 = DIRECTION( '', ( 0.000000000000000, 0.707106781186546, -0.707106781186549 ) );
#6016 = DIRECTION( '', ( -1.00000000000000, -0.000000000000000, -0.000000000000000 ) );
#6017 = DIRECTION( '', ( 0.000000000000000, 1.00000000000000, 0.000000000000000 ) );
#6018 = DIRECTION( '', ( 0.000000000000000, -1.00000000000000, 0.000000000000000 ) );
#6019 = DIRECTION( '', ( 0.000000000000000, 0.000000000000000, -1.00000000000000 ) );
#6020 = DIRECTION( '', ( -1.00000000000000, -0.000000000000000, -0.000000000000000 ) );
#6021 = DIRECTION( '', ( 0.000000000000000, 0.707106781186545, 0.707106781186549 ) );
#6022 = DIRECTION( '', ( 0.000000000000000, 0.707106781186547, 0.707106781186547 ) );
#6023 = CARTESIAN_POINT( '', ( -0.0625000000000000, -0.0225000000000000, -0.0875000000000000 ) );
#6024 = DIRECTION( '', ( 1.00000000000000, 0.000000000000000, 0.000000000000000 ) );
#6025 = DIRECTION( '', ( 0.000000000000000, 0.000000000000000, -1.00000000000000 ) );
#6026 = DIRECTION( '', ( 0.000000000000000, -1.13826999736011E-16, -1.00000000000000 ) );
#6027 = DIRECTION( '', ( 0.000000000000000, 1.00000000000000, 0.000000000000000 ) );
#6028 = DIRECTION( '', ( 0.000000000000000, 0.707106781186546, 0.707106781186549 ) );
#6029 = DIRECTION( '', ( 0.000000000000000, 0.000000000000000, 1.00000000000000 ) );
#6030 = DIRECTION( '', ( -0.000000000000000, -0.000000000000000, -1.00000000000000 ) );
#6031 = DIRECTION( '', ( 0.000000000000000, 0.707106781186545, 0.707106781186549 ) );
#6032 = DIRECTION( '', ( 0.000000000000000, 0.000000000000000, 1.00000000000000 ) );
#6033 = DIRECTION( '', ( 0.000000000000000, 0.707106781186546, 0.707106781186549 ) );
#6034 = DIRECTION( '', ( 0.000000000000000, 0.000000000000000, -1.00000000000000 ) );
#6035 = DIRECTION( '', ( -1.00000000000000, -0.000000000000000, -0.000000000000000 ) );
#6036 = DIRECTION( '', ( 0.000000000000000, 0.000000000000000, 1.00000000000000 ) );
#6037 = DIRECTION( '', ( -1.00000000000000, -0.000000000000000, -0.000000000000000 ) );
ENDSEC;
END-ISO-10303-21;
