ISO-10303-21;
HEADER;
FILE_DESCRIPTION( ( 'STEP AP214' ), '1' );
FILE_NAME( 'p:/temp/worker_3/temp/exporttempdir_5616_614_Si0mh/format_0/IPD1-04-D-K.stp', '2019-10-22T20:42:45', ( '' ), ( '' ), ' ', 'PARTsolutions', ' ' );
FILE_SCHEMA( ( 'AUTOMOTIVE_DESIGN { 1 0 10303 214 1 1 1 1 }' ) );
ENDSEC;
DATA;
#1 = MECHANICAL_DESIGN_GEOMETRIC_PRESENTATION_REPRESENTATION( ' ', ( #10, #11, #12, #13, #14, #15, #16, #17, #18, #19, #20, #21, #22, #23, #24, #25, #26, #27, #28, #29, #30, #31, #32, #33, #34, #35, #36, #37, #38, #39, #40, #41, #42, #43, #44, #45, #46, #47, #48, #49, #50, #51, #52, #53, #54, #55, #56, #57, #58, #59, #60, #61, #62, #63, #64, #65, #66, #67, #68, #69, #70, #71, #72, #73, #74, #75, #76, #77, #78, #79, #80, #81, #82, #83, #84, #85, #86, #87, #88, #89, #90, #91, #92, #93, #94, #95, #96, #97, #98, #99, #100, #101, #102, #103, #104, #105, #106, #107, #108, #109, #110, #111, #112, #113, #114, #115, #116, #117, #118, #119, #120, #121, #122, #123, #124, #125, #126, #127, #128, #129, #130, #131, #132, #133, #134, #135, #136, #137, #138, #139, #140, #141, #142, #143, #144, #145, #146, #147, #148, #149, #150, #151, #152, #153, #154, #155, #156, #157, #158, #159, #160, #161, #162, #163, #164, #165, #166, #167, #168, #169, #170, #171, #172, #173, #174, #175, #176, #177, #178, #179, #180, #181, #182, #183, #184, #185, #186, #187, #188, #189, #190, #191, #192, #193, #194, #195, #196, #197, #198, #199, #200, #201, #202, #203, #204, #205, #206, #207, #208, #209, #210, #211, #212, #213, #214, #215, #216, #217, #218, #219, #220, #221, #222, #223, #224, #225, #226, #227, #228, #229, #230, #231, #232, #233, #234, #235, #236, #237, #238, #239, #240, #241, #242, #243, #244, #245, #246, #247, #248, #249, #250, #251, #252, #253, #254, #255, #256, #257, #258, #259, #260, #261, #262, #263, #264, #265, #266, #267, #268, #269, #270, #271, #272, #273, #274, #275, #276, #277, #278, #279, #280, #281, #282, #283, #284, #285, #286, #287, #288, #289, #290, #291, #292, #293, #294, #295, #296, #297, #298, #299, #300, #301, #302, #303, #304, #305, #306, #307, #308, #309, #310, #311, #312, #313, #314, #315, #316, #317, #318, #319, #320, #321, #322, #323, #324, #325, #326, #327, #328, #329, #330, #331, #332, #333, #334, #335, #336, #337, #338, #339, #340, #341, #342, #343, #344, #345, #346, #347, #348, #349, #350, #351, #352, #353, #354, #355, #356, #357, #358, #359, #360, #361, #362, #363, #364, #365, #366, #367, #368, #369, #370, #371, #372, #373, #374 ), #6 );
#2 = PRODUCT_DEFINITION_CONTEXT( '', #375, 'design' );
#3 = APPLICATION_PROTOCOL_DEFINITION( 'international standard', 'automotive_design', 2001, #375 );
#4 = PRODUCT_CATEGORY_RELATIONSHIP( 'NONE', 'NONE', #376, #377 );
#5 = SHAPE_DEFINITION_REPRESENTATION( #378, #379 );
#6 =  ( GEOMETRIC_REPRESENTATION_CONTEXT( 3 )GLOBAL_UNCERTAINTY_ASSIGNED_CONTEXT( ( #382 ) )GLOBAL_UNIT_ASSIGNED_CONTEXT( ( #384, #385, #386 ) )REPRESENTATION_CONTEXT( 'NONE', 'WORKSPACE' ) );
#10 = STYLED_ITEM( '', ( #388 ), #389 );
#11 = STYLED_ITEM( '', ( #390 ), #391 );
#12 = STYLED_ITEM( '', ( #392 ), #393 );
#13 = STYLED_ITEM( '', ( #394 ), #395 );
#14 = STYLED_ITEM( '', ( #396 ), #397 );
#15 = STYLED_ITEM( '', ( #398 ), #399 );
#16 = STYLED_ITEM( '', ( #400 ), #401 );
#17 = STYLED_ITEM( '', ( #402 ), #403 );
#18 = STYLED_ITEM( '', ( #404 ), #405 );
#19 = STYLED_ITEM( '', ( #406 ), #407 );
#20 = STYLED_ITEM( '', ( #408 ), #409 );
#21 = STYLED_ITEM( '', ( #410 ), #411 );
#22 = STYLED_ITEM( '', ( #412 ), #413 );
#23 = STYLED_ITEM( '', ( #414 ), #415 );
#24 = STYLED_ITEM( '', ( #416 ), #417 );
#25 = STYLED_ITEM( '', ( #418 ), #419 );
#26 = STYLED_ITEM( '', ( #420 ), #421 );
#27 = STYLED_ITEM( '', ( #422 ), #423 );
#28 = STYLED_ITEM( '', ( #424 ), #425 );
#29 = STYLED_ITEM( '', ( #426 ), #427 );
#30 = STYLED_ITEM( '', ( #428 ), #429 );
#31 = STYLED_ITEM( '', ( #430 ), #431 );
#32 = STYLED_ITEM( '', ( #432 ), #433 );
#33 = STYLED_ITEM( '', ( #434 ), #435 );
#34 = STYLED_ITEM( '', ( #436 ), #437 );
#35 = STYLED_ITEM( '', ( #438 ), #439 );
#36 = STYLED_ITEM( '', ( #440 ), #441 );
#37 = STYLED_ITEM( '', ( #442 ), #443 );
#38 = STYLED_ITEM( '', ( #444 ), #445 );
#39 = STYLED_ITEM( '', ( #446 ), #447 );
#40 = STYLED_ITEM( '', ( #448 ), #449 );
#41 = STYLED_ITEM( '', ( #450 ), #451 );
#42 = STYLED_ITEM( '', ( #452 ), #453 );
#43 = STYLED_ITEM( '', ( #454 ), #455 );
#44 = STYLED_ITEM( '', ( #456 ), #457 );
#45 = STYLED_ITEM( '', ( #458 ), #459 );
#46 = STYLED_ITEM( '', ( #460 ), #461 );
#47 = STYLED_ITEM( '', ( #462 ), #463 );
#48 = STYLED_ITEM( '', ( #464 ), #465 );
#49 = STYLED_ITEM( '', ( #466 ), #467 );
#50 = STYLED_ITEM( '', ( #468 ), #469 );
#51 = STYLED_ITEM( '', ( #470 ), #471 );
#52 = STYLED_ITEM( '', ( #472 ), #473 );
#53 = STYLED_ITEM( '', ( #474 ), #475 );
#54 = STYLED_ITEM( '', ( #476 ), #477 );
#55 = STYLED_ITEM( '', ( #478 ), #479 );
#56 = STYLED_ITEM( '', ( #480 ), #481 );
#57 = STYLED_ITEM( '', ( #482 ), #483 );
#58 = STYLED_ITEM( '', ( #484 ), #485 );
#59 = STYLED_ITEM( '', ( #486 ), #487 );
#60 = STYLED_ITEM( '', ( #488 ), #489 );
#61 = STYLED_ITEM( '', ( #490 ), #491 );
#62 = STYLED_ITEM( '', ( #492 ), #493 );
#63 = STYLED_ITEM( '', ( #494 ), #495 );
#64 = STYLED_ITEM( '', ( #496 ), #497 );
#65 = STYLED_ITEM( '', ( #498 ), #499 );
#66 = STYLED_ITEM( '', ( #500 ), #501 );
#67 = STYLED_ITEM( '', ( #502 ), #503 );
#68 = STYLED_ITEM( '', ( #504 ), #505 );
#69 = STYLED_ITEM( '', ( #506 ), #507 );
#70 = STYLED_ITEM( '', ( #508 ), #509 );
#71 = STYLED_ITEM( '', ( #510 ), #511 );
#72 = STYLED_ITEM( '', ( #512 ), #513 );
#73 = STYLED_ITEM( '', ( #514 ), #515 );
#74 = STYLED_ITEM( '', ( #516 ), #517 );
#75 = STYLED_ITEM( '', ( #518 ), #519 );
#76 = STYLED_ITEM( '', ( #520 ), #521 );
#77 = STYLED_ITEM( '', ( #522 ), #523 );
#78 = STYLED_ITEM( '', ( #524 ), #525 );
#79 = STYLED_ITEM( '', ( #526 ), #527 );
#80 = STYLED_ITEM( '', ( #528 ), #529 );
#81 = STYLED_ITEM( '', ( #530 ), #531 );
#82 = STYLED_ITEM( '', ( #532 ), #533 );
#83 = STYLED_ITEM( '', ( #534 ), #535 );
#84 = STYLED_ITEM( '', ( #536 ), #537 );
#85 = STYLED_ITEM( '', ( #538 ), #539 );
#86 = STYLED_ITEM( '', ( #540 ), #541 );
#87 = STYLED_ITEM( '', ( #542 ), #543 );
#88 = STYLED_ITEM( '', ( #544 ), #545 );
#89 = STYLED_ITEM( '', ( #546 ), #547 );
#90 = STYLED_ITEM( '', ( #548 ), #549 );
#91 = STYLED_ITEM( '', ( #550 ), #551 );
#92 = STYLED_ITEM( '', ( #552 ), #553 );
#93 = STYLED_ITEM( '', ( #554 ), #555 );
#94 = STYLED_ITEM( '', ( #556 ), #557 );
#95 = STYLED_ITEM( '', ( #558 ), #559 );
#96 = STYLED_ITEM( '', ( #560 ), #561 );
#97 = STYLED_ITEM( '', ( #562 ), #563 );
#98 = STYLED_ITEM( '', ( #564 ), #565 );
#99 = STYLED_ITEM( '', ( #566 ), #567 );
#100 = STYLED_ITEM( '', ( #568 ), #569 );
#101 = STYLED_ITEM( '', ( #570 ), #571 );
#102 = STYLED_ITEM( '', ( #572 ), #573 );
#103 = STYLED_ITEM( '', ( #574 ), #575 );
#104 = STYLED_ITEM( '', ( #576 ), #577 );
#105 = STYLED_ITEM( '', ( #578 ), #579 );
#106 = STYLED_ITEM( '', ( #580 ), #581 );
#107 = STYLED_ITEM( '', ( #582 ), #583 );
#108 = STYLED_ITEM( '', ( #584 ), #585 );
#109 = STYLED_ITEM( '', ( #586 ), #587 );
#110 = STYLED_ITEM( '', ( #588 ), #589 );
#111 = STYLED_ITEM( '', ( #590 ), #591 );
#112 = STYLED_ITEM( '', ( #592 ), #593 );
#113 = STYLED_ITEM( '', ( #594 ), #595 );
#114 = STYLED_ITEM( '', ( #596 ), #597 );
#115 = STYLED_ITEM( '', ( #598 ), #599 );
#116 = STYLED_ITEM( '', ( #600 ), #601 );
#117 = STYLED_ITEM( '', ( #602 ), #603 );
#118 = STYLED_ITEM( '', ( #604 ), #605 );
#119 = STYLED_ITEM( '', ( #606 ), #607 );
#120 = STYLED_ITEM( '', ( #608 ), #609 );
#121 = STYLED_ITEM( '', ( #610 ), #611 );
#122 = STYLED_ITEM( '', ( #612 ), #613 );
#123 = STYLED_ITEM( '', ( #614 ), #615 );
#124 = STYLED_ITEM( '', ( #616 ), #617 );
#125 = STYLED_ITEM( '', ( #618 ), #619 );
#126 = STYLED_ITEM( '', ( #620 ), #621 );
#127 = STYLED_ITEM( '', ( #622 ), #623 );
#128 = STYLED_ITEM( '', ( #624 ), #625 );
#129 = STYLED_ITEM( '', ( #626 ), #627 );
#130 = STYLED_ITEM( '', ( #628 ), #629 );
#131 = STYLED_ITEM( '', ( #630 ), #631 );
#132 = STYLED_ITEM( '', ( #632 ), #633 );
#133 = STYLED_ITEM( '', ( #634 ), #635 );
#134 = STYLED_ITEM( '', ( #636 ), #637 );
#135 = STYLED_ITEM( '', ( #638 ), #639 );
#136 = STYLED_ITEM( '', ( #640 ), #641 );
#137 = STYLED_ITEM( '', ( #642 ), #643 );
#138 = STYLED_ITEM( '', ( #644 ), #645 );
#139 = STYLED_ITEM( '', ( #646 ), #647 );
#140 = STYLED_ITEM( '', ( #648 ), #649 );
#141 = STYLED_ITEM( '', ( #650 ), #651 );
#142 = STYLED_ITEM( '', ( #652 ), #653 );
#143 = STYLED_ITEM( '', ( #654 ), #655 );
#144 = STYLED_ITEM( '', ( #656 ), #657 );
#145 = STYLED_ITEM( '', ( #658 ), #659 );
#146 = STYLED_ITEM( '', ( #660 ), #661 );
#147 = STYLED_ITEM( '', ( #662 ), #663 );
#148 = STYLED_ITEM( '', ( #664 ), #665 );
#149 = STYLED_ITEM( '', ( #666 ), #667 );
#150 = STYLED_ITEM( '', ( #668 ), #669 );
#151 = STYLED_ITEM( '', ( #670 ), #671 );
#152 = STYLED_ITEM( '', ( #672 ), #673 );
#153 = STYLED_ITEM( '', ( #674 ), #675 );
#154 = STYLED_ITEM( '', ( #676 ), #677 );
#155 = STYLED_ITEM( '', ( #678 ), #679 );
#156 = STYLED_ITEM( '', ( #680 ), #681 );
#157 = STYLED_ITEM( '', ( #682 ), #683 );
#158 = STYLED_ITEM( '', ( #684 ), #685 );
#159 = STYLED_ITEM( '', ( #686 ), #687 );
#160 = STYLED_ITEM( '', ( #688 ), #689 );
#161 = STYLED_ITEM( '', ( #690 ), #691 );
#162 = STYLED_ITEM( '', ( #692 ), #693 );
#163 = STYLED_ITEM( '', ( #694 ), #695 );
#164 = STYLED_ITEM( '', ( #696 ), #697 );
#165 = STYLED_ITEM( '', ( #698 ), #699 );
#166 = STYLED_ITEM( '', ( #700 ), #701 );
#167 = STYLED_ITEM( '', ( #702 ), #703 );
#168 = STYLED_ITEM( '', ( #704 ), #705 );
#169 = STYLED_ITEM( '', ( #706 ), #707 );
#170 = STYLED_ITEM( '', ( #708 ), #709 );
#171 = STYLED_ITEM( '', ( #710 ), #711 );
#172 = STYLED_ITEM( '', ( #712 ), #713 );
#173 = STYLED_ITEM( '', ( #714 ), #715 );
#174 = STYLED_ITEM( '', ( #716 ), #717 );
#175 = STYLED_ITEM( '', ( #718 ), #719 );
#176 = STYLED_ITEM( '', ( #720 ), #721 );
#177 = STYLED_ITEM( '', ( #722 ), #723 );
#178 = STYLED_ITEM( '', ( #724 ), #725 );
#179 = STYLED_ITEM( '', ( #726 ), #727 );
#180 = STYLED_ITEM( '', ( #728 ), #729 );
#181 = STYLED_ITEM( '', ( #730 ), #731 );
#182 = STYLED_ITEM( '', ( #732 ), #733 );
#183 = STYLED_ITEM( '', ( #734 ), #735 );
#184 = STYLED_ITEM( '', ( #736 ), #737 );
#185 = STYLED_ITEM( '', ( #738 ), #739 );
#186 = STYLED_ITEM( '', ( #740 ), #741 );
#187 = STYLED_ITEM( '', ( #742 ), #743 );
#188 = STYLED_ITEM( '', ( #744 ), #745 );
#189 = STYLED_ITEM( '', ( #746 ), #747 );
#190 = STYLED_ITEM( '', ( #748 ), #749 );
#191 = STYLED_ITEM( '', ( #750 ), #751 );
#192 = STYLED_ITEM( '', ( #752 ), #753 );
#193 = STYLED_ITEM( '', ( #754 ), #755 );
#194 = STYLED_ITEM( '', ( #756 ), #757 );
#195 = STYLED_ITEM( '', ( #758 ), #759 );
#196 = STYLED_ITEM( '', ( #760 ), #761 );
#197 = STYLED_ITEM( '', ( #762 ), #763 );
#198 = STYLED_ITEM( '', ( #764 ), #765 );
#199 = STYLED_ITEM( '', ( #766 ), #767 );
#200 = STYLED_ITEM( '', ( #768 ), #769 );
#201 = STYLED_ITEM( '', ( #770 ), #771 );
#202 = STYLED_ITEM( '', ( #772 ), #773 );
#203 = STYLED_ITEM( '', ( #774 ), #775 );
#204 = STYLED_ITEM( '', ( #776 ), #777 );
#205 = STYLED_ITEM( '', ( #778 ), #779 );
#206 = STYLED_ITEM( '', ( #780 ), #781 );
#207 = STYLED_ITEM( '', ( #782 ), #783 );
#208 = STYLED_ITEM( '', ( #784 ), #785 );
#209 = STYLED_ITEM( '', ( #786 ), #787 );
#210 = STYLED_ITEM( '', ( #788 ), #789 );
#211 = STYLED_ITEM( '', ( #790 ), #791 );
#212 = STYLED_ITEM( '', ( #792 ), #793 );
#213 = STYLED_ITEM( '', ( #794 ), #795 );
#214 = STYLED_ITEM( '', ( #796 ), #797 );
#215 = STYLED_ITEM( '', ( #798 ), #799 );
#216 = STYLED_ITEM( '', ( #800 ), #801 );
#217 = STYLED_ITEM( '', ( #802 ), #803 );
#218 = STYLED_ITEM( '', ( #804 ), #805 );
#219 = STYLED_ITEM( '', ( #806 ), #807 );
#220 = STYLED_ITEM( '', ( #808 ), #809 );
#221 = STYLED_ITEM( '', ( #810 ), #811 );
#222 = STYLED_ITEM( '', ( #812 ), #813 );
#223 = STYLED_ITEM( '', ( #814 ), #815 );
#224 = STYLED_ITEM( '', ( #816 ), #817 );
#225 = STYLED_ITEM( '', ( #818 ), #819 );
#226 = STYLED_ITEM( '', ( #820 ), #821 );
#227 = STYLED_ITEM( '', ( #822 ), #823 );
#228 = STYLED_ITEM( '', ( #824 ), #825 );
#229 = STYLED_ITEM( '', ( #826 ), #827 );
#230 = STYLED_ITEM( '', ( #828 ), #829 );
#231 = STYLED_ITEM( '', ( #830 ), #831 );
#232 = STYLED_ITEM( '', ( #832 ), #833 );
#233 = STYLED_ITEM( '', ( #834 ), #835 );
#234 = STYLED_ITEM( '', ( #836 ), #837 );
#235 = STYLED_ITEM( '', ( #838 ), #839 );
#236 = STYLED_ITEM( '', ( #840 ), #841 );
#237 = STYLED_ITEM( '', ( #842 ), #843 );
#238 = STYLED_ITEM( '', ( #844 ), #845 );
#239 = STYLED_ITEM( '', ( #846 ), #847 );
#240 = STYLED_ITEM( '', ( #848 ), #849 );
#241 = STYLED_ITEM( '', ( #850 ), #851 );
#242 = STYLED_ITEM( '', ( #852 ), #853 );
#243 = STYLED_ITEM( '', ( #854 ), #855 );
#244 = STYLED_ITEM( '', ( #856 ), #857 );
#245 = STYLED_ITEM( '', ( #858 ), #859 );
#246 = STYLED_ITEM( '', ( #860 ), #861 );
#247 = STYLED_ITEM( '', ( #862 ), #863 );
#248 = STYLED_ITEM( '', ( #864 ), #865 );
#249 = STYLED_ITEM( '', ( #866 ), #867 );
#250 = STYLED_ITEM( '', ( #868 ), #869 );
#251 = STYLED_ITEM( '', ( #870 ), #871 );
#252 = STYLED_ITEM( '', ( #872 ), #873 );
#253 = STYLED_ITEM( '', ( #874 ), #875 );
#254 = STYLED_ITEM( '', ( #876 ), #877 );
#255 = STYLED_ITEM( '', ( #878 ), #879 );
#256 = STYLED_ITEM( '', ( #880 ), #881 );
#257 = STYLED_ITEM( '', ( #882 ), #883 );
#258 = STYLED_ITEM( '', ( #884 ), #885 );
#259 = STYLED_ITEM( '', ( #886 ), #887 );
#260 = STYLED_ITEM( '', ( #888 ), #889 );
#261 = STYLED_ITEM( '', ( #890 ), #891 );
#262 = STYLED_ITEM( '', ( #892 ), #893 );
#263 = STYLED_ITEM( '', ( #894 ), #895 );
#264 = STYLED_ITEM( '', ( #896 ), #897 );
#265 = STYLED_ITEM( '', ( #898 ), #899 );
#266 = STYLED_ITEM( '', ( #900 ), #901 );
#267 = STYLED_ITEM( '', ( #902 ), #903 );
#268 = STYLED_ITEM( '', ( #904 ), #905 );
#269 = STYLED_ITEM( '', ( #906 ), #907 );
#270 = STYLED_ITEM( '', ( #908 ), #909 );
#271 = STYLED_ITEM( '', ( #910 ), #911 );
#272 = STYLED_ITEM( '', ( #912 ), #913 );
#273 = STYLED_ITEM( '', ( #914 ), #915 );
#274 = STYLED_ITEM( '', ( #916 ), #917 );
#275 = STYLED_ITEM( '', ( #918 ), #919 );
#276 = STYLED_ITEM( '', ( #920 ), #921 );
#277 = STYLED_ITEM( '', ( #922 ), #923 );
#278 = STYLED_ITEM( '', ( #924 ), #925 );
#279 = STYLED_ITEM( '', ( #926 ), #927 );
#280 = STYLED_ITEM( '', ( #928 ), #929 );
#281 = STYLED_ITEM( '', ( #930 ), #931 );
#282 = STYLED_ITEM( '', ( #932 ), #933 );
#283 = STYLED_ITEM( '', ( #934 ), #935 );
#284 = STYLED_ITEM( '', ( #936 ), #937 );
#285 = STYLED_ITEM( '', ( #938 ), #939 );
#286 = STYLED_ITEM( '', ( #940 ), #941 );
#287 = STYLED_ITEM( '', ( #942 ), #943 );
#288 = STYLED_ITEM( '', ( #944 ), #945 );
#289 = STYLED_ITEM( '', ( #946 ), #947 );
#290 = STYLED_ITEM( '', ( #948 ), #949 );
#291 = STYLED_ITEM( '', ( #950 ), #951 );
#292 = STYLED_ITEM( '', ( #952 ), #953 );
#293 = STYLED_ITEM( '', ( #954 ), #955 );
#294 = STYLED_ITEM( '', ( #956 ), #957 );
#295 = STYLED_ITEM( '', ( #958 ), #959 );
#296 = STYLED_ITEM( '', ( #960 ), #961 );
#297 = STYLED_ITEM( '', ( #962 ), #963 );
#298 = STYLED_ITEM( '', ( #964 ), #965 );
#299 = STYLED_ITEM( '', ( #966 ), #967 );
#300 = STYLED_ITEM( '', ( #968 ), #969 );
#301 = STYLED_ITEM( '', ( #970 ), #971 );
#302 = STYLED_ITEM( '', ( #972 ), #973 );
#303 = STYLED_ITEM( '', ( #974 ), #975 );
#304 = STYLED_ITEM( '', ( #976 ), #977 );
#305 = STYLED_ITEM( '', ( #978 ), #979 );
#306 = STYLED_ITEM( '', ( #980 ), #981 );
#307 = STYLED_ITEM( '', ( #982 ), #983 );
#308 = STYLED_ITEM( '', ( #984 ), #985 );
#309 = STYLED_ITEM( '', ( #986 ), #987 );
#310 = STYLED_ITEM( '', ( #988 ), #989 );
#311 = STYLED_ITEM( '', ( #990 ), #991 );
#312 = STYLED_ITEM( '', ( #992 ), #993 );
#313 = STYLED_ITEM( '', ( #994 ), #995 );
#314 = STYLED_ITEM( '', ( #996 ), #997 );
#315 = STYLED_ITEM( '', ( #998 ), #999 );
#316 = STYLED_ITEM( '', ( #1000 ), #1001 );
#317 = STYLED_ITEM( '', ( #1002 ), #1003 );
#318 = STYLED_ITEM( '', ( #1004 ), #1005 );
#319 = STYLED_ITEM( '', ( #1006 ), #1007 );
#320 = STYLED_ITEM( '', ( #1008 ), #1009 );
#321 = STYLED_ITEM( '', ( #1010 ), #1011 );
#322 = STYLED_ITEM( '', ( #1012 ), #1013 );
#323 = STYLED_ITEM( '', ( #1014 ), #1015 );
#324 = STYLED_ITEM( '', ( #1016 ), #1017 );
#325 = STYLED_ITEM( '', ( #1018 ), #1019 );
#326 = STYLED_ITEM( '', ( #1020 ), #1021 );
#327 = STYLED_ITEM( '', ( #1022 ), #1023 );
#328 = STYLED_ITEM( '', ( #1024 ), #1025 );
#329 = STYLED_ITEM( '', ( #1026 ), #1027 );
#330 = STYLED_ITEM( '', ( #1028 ), #1029 );
#331 = STYLED_ITEM( '', ( #1030 ), #1031 );
#332 = STYLED_ITEM( '', ( #1032 ), #1033 );
#333 = STYLED_ITEM( '', ( #1034 ), #1035 );
#334 = STYLED_ITEM( '', ( #1036 ), #1037 );
#335 = STYLED_ITEM( '', ( #1038 ), #1039 );
#336 = STYLED_ITEM( '', ( #1040 ), #1041 );
#337 = STYLED_ITEM( '', ( #1042 ), #1043 );
#338 = STYLED_ITEM( '', ( #1044 ), #1045 );
#339 = STYLED_ITEM( '', ( #1046 ), #1047 );
#340 = STYLED_ITEM( '', ( #1048 ), #1049 );
#341 = STYLED_ITEM( '', ( #1050 ), #1051 );
#342 = STYLED_ITEM( '', ( #1052 ), #1053 );
#343 = STYLED_ITEM( '', ( #1054 ), #1055 );
#344 = STYLED_ITEM( '', ( #1056 ), #1057 );
#345 = STYLED_ITEM( '', ( #1058 ), #1059 );
#346 = STYLED_ITEM( '', ( #1060 ), #1061 );
#347 = STYLED_ITEM( '', ( #1062 ), #1063 );
#348 = STYLED_ITEM( '', ( #1064 ), #1065 );
#349 = STYLED_ITEM( '', ( #1066 ), #1067 );
#350 = STYLED_ITEM( '', ( #1068 ), #1069 );
#351 = STYLED_ITEM( '', ( #1070 ), #1071 );
#352 = STYLED_ITEM( '', ( #1072 ), #1073 );
#353 = STYLED_ITEM( '', ( #1074 ), #1075 );
#354 = STYLED_ITEM( '', ( #1076 ), #1077 );
#355 = STYLED_ITEM( '', ( #1078 ), #1079 );
#356 = STYLED_ITEM( '', ( #1080 ), #1081 );
#357 = STYLED_ITEM( '', ( #1082 ), #1083 );
#358 = STYLED_ITEM( '', ( #1084 ), #1085 );
#359 = STYLED_ITEM( '', ( #1086 ), #1087 );
#360 = STYLED_ITEM( '', ( #1088 ), #1089 );
#361 = STYLED_ITEM( '', ( #1090 ), #1091 );
#362 = STYLED_ITEM( '', ( #1092 ), #1093 );
#363 = STYLED_ITEM( '', ( #1094 ), #1095 );
#364 = STYLED_ITEM( '', ( #1096 ), #1097 );
#365 = STYLED_ITEM( '', ( #1098 ), #1099 );
#366 = STYLED_ITEM( '', ( #1100 ), #1101 );
#367 = STYLED_ITEM( '', ( #1102 ), #1103 );
#368 = STYLED_ITEM( '', ( #1104 ), #1105 );
#369 = STYLED_ITEM( '', ( #1106 ), #1107 );
#370 = STYLED_ITEM( '', ( #1108 ), #1109 );
#371 = STYLED_ITEM( '', ( #1110 ), #1111 );
#372 = STYLED_ITEM( '', ( #1112 ), #1113 );
#373 = STYLED_ITEM( '', ( #1114 ), #1115 );
#374 = STYLED_ITEM( '', ( #1116 ), #1117 );
#375 = APPLICATION_CONTEXT( 'core data for automotive mechanical design processes' );
#376 = PRODUCT_CATEGORY( 'part', 'NONE' );
#377 = PRODUCT_RELATED_PRODUCT_CATEGORY( 'detail', ' ', ( #1118 ) );
#378 = PRODUCT_DEFINITION_SHAPE( 'NONE', 'NONE', #1119 );
#379 = ADVANCED_BREP_SHAPE_REPRESENTATION( '_IPD1-04-D-K', ( #1120, #1121 ), #6 );
#382 = UNCERTAINTY_MEASURE_WITH_UNIT( LENGTH_MEASURE( 3.93701000000000E-05 ), #384, '', '' );
#384 =  ( CONVERSION_BASED_UNIT( 'INCH', #1124 )LENGTH_UNIT(  )NAMED_UNIT( #1127 ) );
#385 =  ( NAMED_UNIT( #1129 )PLANE_ANGLE_UNIT(  )SI_UNIT( $, .RADIAN. ) );
#386 =  ( NAMED_UNIT( #1129 )SI_UNIT( $, .STERADIAN. )SOLID_ANGLE_UNIT(  ) );
#388 = PRESENTATION_STYLE_ASSIGNMENT( ( #1135 ) );
#389 = ADVANCED_FACE( '', ( #1136 ), #1137, .T. );
#390 = PRESENTATION_STYLE_ASSIGNMENT( ( #1138 ) );
#391 = ADVANCED_FACE( '', ( #1139 ), #1140, .T. );
#392 = PRESENTATION_STYLE_ASSIGNMENT( ( #1141 ) );
#393 = ADVANCED_FACE( '', ( #1142 ), #1143, .F. );
#394 = PRESENTATION_STYLE_ASSIGNMENT( ( #1144 ) );
#395 = ADVANCED_FACE( '', ( #1145 ), #1146, .T. );
#396 = PRESENTATION_STYLE_ASSIGNMENT( ( #1147 ) );
#397 = ADVANCED_FACE( '', ( #1148 ), #1149, .F. );
#398 = PRESENTATION_STYLE_ASSIGNMENT( ( #1150 ) );
#399 = ADVANCED_FACE( '', ( #1151 ), #1152, .F. );
#400 = PRESENTATION_STYLE_ASSIGNMENT( ( #1153 ) );
#401 = ADVANCED_FACE( '', ( #1154 ), #1155, .T. );
#402 = PRESENTATION_STYLE_ASSIGNMENT( ( #1156 ) );
#403 = ADVANCED_FACE( '', ( #1157 ), #1158, .T. );
#404 = PRESENTATION_STYLE_ASSIGNMENT( ( #1159 ) );
#405 = ADVANCED_FACE( '', ( #1160 ), #1161, .F. );
#406 = PRESENTATION_STYLE_ASSIGNMENT( ( #1162 ) );
#407 = ADVANCED_FACE( '', ( #1163 ), #1164, .F. );
#408 = PRESENTATION_STYLE_ASSIGNMENT( ( #1165 ) );
#409 = ADVANCED_FACE( '', ( #1166 ), #1167, .F. );
#410 = PRESENTATION_STYLE_ASSIGNMENT( ( #1168 ) );
#411 = ADVANCED_FACE( '', ( #1169, #1170, #1171 ), #1172, .F. );
#412 = PRESENTATION_STYLE_ASSIGNMENT( ( #1173 ) );
#413 = ADVANCED_FACE( '', ( #1174 ), #1175, .T. );
#414 = PRESENTATION_STYLE_ASSIGNMENT( ( #1176 ) );
#415 = ADVANCED_FACE( '', ( #1177 ), #1178, .T. );
#416 = PRESENTATION_STYLE_ASSIGNMENT( ( #1179 ) );
#417 = ADVANCED_FACE( '', ( #1180 ), #1181, .T. );
#418 = PRESENTATION_STYLE_ASSIGNMENT( ( #1182 ) );
#419 = ADVANCED_FACE( '', ( #1183 ), #1184, .T. );
#420 = PRESENTATION_STYLE_ASSIGNMENT( ( #1185 ) );
#421 = ADVANCED_FACE( '', ( #1186 ), #1187, .T. );
#422 = PRESENTATION_STYLE_ASSIGNMENT( ( #1188 ) );
#423 = ADVANCED_FACE( '', ( #1189 ), #1190, .T. );
#424 = PRESENTATION_STYLE_ASSIGNMENT( ( #1191 ) );
#425 = ADVANCED_FACE( '', ( #1192 ), #1193, .T. );
#426 = PRESENTATION_STYLE_ASSIGNMENT( ( #1194 ) );
#427 = ADVANCED_FACE( '', ( #1195 ), #1196, .T. );
#428 = PRESENTATION_STYLE_ASSIGNMENT( ( #1197 ) );
#429 = ADVANCED_FACE( '', ( #1198 ), #1199, .F. );
#430 = PRESENTATION_STYLE_ASSIGNMENT( ( #1200 ) );
#431 = ADVANCED_FACE( '', ( #1201 ), #1202, .T. );
#432 = PRESENTATION_STYLE_ASSIGNMENT( ( #1203 ) );
#433 = ADVANCED_FACE( '', ( #1204 ), #1205, .T. );
#434 = PRESENTATION_STYLE_ASSIGNMENT( ( #1206 ) );
#435 = ADVANCED_FACE( '', ( #1207 ), #1208, .T. );
#436 = PRESENTATION_STYLE_ASSIGNMENT( ( #1209 ) );
#437 = ADVANCED_FACE( '', ( #1210 ), #1211, .F. );
#438 = PRESENTATION_STYLE_ASSIGNMENT( ( #1212 ) );
#439 = ADVANCED_FACE( '', ( #1213 ), #1214, .F. );
#440 = PRESENTATION_STYLE_ASSIGNMENT( ( #1215 ) );
#441 = ADVANCED_FACE( '', ( #1216 ), #1217, .F. );
#442 = PRESENTATION_STYLE_ASSIGNMENT( ( #1218 ) );
#443 = ADVANCED_FACE( '', ( #1219 ), #1220, .F. );
#444 = PRESENTATION_STYLE_ASSIGNMENT( ( #1221 ) );
#445 = ADVANCED_FACE( '', ( #1222 ), #1223, .T. );
#446 = PRESENTATION_STYLE_ASSIGNMENT( ( #1224 ) );
#447 = ADVANCED_FACE( '', ( #1225, #1226 ), #1227, .F. );
#448 = PRESENTATION_STYLE_ASSIGNMENT( ( #1228 ) );
#449 = ADVANCED_FACE( '', ( #1229, #1230 ), #1231, .F. );
#450 = PRESENTATION_STYLE_ASSIGNMENT( ( #1232 ) );
#451 = ADVANCED_FACE( '', ( #1233 ), #1234, .T. );
#452 = PRESENTATION_STYLE_ASSIGNMENT( ( #1235 ) );
#453 = ADVANCED_FACE( '', ( #1236 ), #1237, .T. );
#454 = PRESENTATION_STYLE_ASSIGNMENT( ( #1238 ) );
#455 = ADVANCED_FACE( '', ( #1239 ), #1240, .T. );
#456 = PRESENTATION_STYLE_ASSIGNMENT( ( #1241 ) );
#457 = ADVANCED_FACE( '', ( #1242 ), #1243, .F. );
#458 = PRESENTATION_STYLE_ASSIGNMENT( ( #1244 ) );
#459 = ADVANCED_FACE( '', ( #1245 ), #1246, .T. );
#460 = PRESENTATION_STYLE_ASSIGNMENT( ( #1247 ) );
#461 = ADVANCED_FACE( '', ( #1248 ), #1249, .T. );
#462 = PRESENTATION_STYLE_ASSIGNMENT( ( #1250 ) );
#463 = ADVANCED_FACE( '', ( #1251 ), #1252, .F. );
#464 = PRESENTATION_STYLE_ASSIGNMENT( ( #1253 ) );
#465 = ADVANCED_FACE( '', ( #1254 ), #1255, .T. );
#466 = PRESENTATION_STYLE_ASSIGNMENT( ( #1256 ) );
#467 = ADVANCED_FACE( '', ( #1257 ), #1258, .F. );
#468 = PRESENTATION_STYLE_ASSIGNMENT( ( #1259 ) );
#469 = ADVANCED_FACE( '', ( #1260 ), #1261, .T. );
#470 = PRESENTATION_STYLE_ASSIGNMENT( ( #1262 ) );
#471 = ADVANCED_FACE( '', ( #1263 ), #1264, .F. );
#472 = PRESENTATION_STYLE_ASSIGNMENT( ( #1265 ) );
#473 = ADVANCED_FACE( '', ( #1266 ), #1267, .T. );
#474 = PRESENTATION_STYLE_ASSIGNMENT( ( #1268 ) );
#475 = ADVANCED_FACE( '', ( #1269 ), #1270, .F. );
#476 = PRESENTATION_STYLE_ASSIGNMENT( ( #1271 ) );
#477 = ADVANCED_FACE( '', ( #1272 ), #1273, .F. );
#478 = PRESENTATION_STYLE_ASSIGNMENT( ( #1274 ) );
#479 = ADVANCED_FACE( '', ( #1275 ), #1276, .F. );
#480 = PRESENTATION_STYLE_ASSIGNMENT( ( #1277 ) );
#481 = ADVANCED_FACE( '', ( #1278 ), #1279, .T. );
#482 = PRESENTATION_STYLE_ASSIGNMENT( ( #1280 ) );
#483 = ADVANCED_FACE( '', ( #1281 ), #1282, .F. );
#484 = PRESENTATION_STYLE_ASSIGNMENT( ( #1283 ) );
#485 = ADVANCED_FACE( '', ( #1284 ), #1285, .F. );
#486 = PRESENTATION_STYLE_ASSIGNMENT( ( #1286 ) );
#487 = ADVANCED_FACE( '', ( #1287 ), #1288, .T. );
#488 = PRESENTATION_STYLE_ASSIGNMENT( ( #1289 ) );
#489 = ADVANCED_FACE( '', ( #1290 ), #1291, .F. );
#490 = PRESENTATION_STYLE_ASSIGNMENT( ( #1292 ) );
#491 = ADVANCED_FACE( '', ( #1293 ), #1294, .T. );
#492 = PRESENTATION_STYLE_ASSIGNMENT( ( #1295 ) );
#493 = ADVANCED_FACE( '', ( #1296 ), #1297, .F. );
#494 = PRESENTATION_STYLE_ASSIGNMENT( ( #1298 ) );
#495 = ADVANCED_FACE( '', ( #1299, #1300 ), #1301, .F. );
#496 = PRESENTATION_STYLE_ASSIGNMENT( ( #1302 ) );
#497 = ADVANCED_FACE( '', ( #1303, #1304 ), #1305, .F. );
#498 = PRESENTATION_STYLE_ASSIGNMENT( ( #1306 ) );
#499 = ADVANCED_FACE( '', ( #1307 ), #1308, .T. );
#500 = PRESENTATION_STYLE_ASSIGNMENT( ( #1309 ) );
#501 = ADVANCED_FACE( '', ( #1310 ), #1311, .T. );
#502 = PRESENTATION_STYLE_ASSIGNMENT( ( #1312 ) );
#503 = ADVANCED_FACE( '', ( #1313 ), #1314, .F. );
#504 = PRESENTATION_STYLE_ASSIGNMENT( ( #1315 ) );
#505 = ADVANCED_FACE( '', ( #1316 ), #1317, .F. );
#506 = PRESENTATION_STYLE_ASSIGNMENT( ( #1318 ) );
#507 = ADVANCED_FACE( '', ( #1319 ), #1320, .T. );
#508 = PRESENTATION_STYLE_ASSIGNMENT( ( #1321 ) );
#509 = ADVANCED_FACE( '', ( #1322 ), #1323, .T. );
#510 = PRESENTATION_STYLE_ASSIGNMENT( ( #1324 ) );
#511 = ADVANCED_FACE( '', ( #1325 ), #1326, .T. );
#512 = PRESENTATION_STYLE_ASSIGNMENT( ( #1327 ) );
#513 = ADVANCED_FACE( '', ( #1328 ), #1329, .T. );
#514 = PRESENTATION_STYLE_ASSIGNMENT( ( #1330 ) );
#515 = ADVANCED_FACE( '', ( #1331 ), #1332, .F. );
#516 = PRESENTATION_STYLE_ASSIGNMENT( ( #1333 ) );
#517 = ADVANCED_FACE( '', ( #1334 ), #1335, .F. );
#518 = PRESENTATION_STYLE_ASSIGNMENT( ( #1336 ) );
#519 = ADVANCED_FACE( '', ( #1337 ), #1338, .F. );
#520 = PRESENTATION_STYLE_ASSIGNMENT( ( #1339 ) );
#521 = ADVANCED_FACE( '', ( #1340 ), #1341, .T. );
#522 = PRESENTATION_STYLE_ASSIGNMENT( ( #1342 ) );
#523 = ADVANCED_FACE( '', ( #1343 ), #1344, .T. );
#524 = PRESENTATION_STYLE_ASSIGNMENT( ( #1345 ) );
#525 = ADVANCED_FACE( '', ( #1346 ), #1347, .F. );
#526 = PRESENTATION_STYLE_ASSIGNMENT( ( #1348 ) );
#527 = ADVANCED_FACE( '', ( #1349 ), #1350, .T. );
#528 = PRESENTATION_STYLE_ASSIGNMENT( ( #1351 ) );
#529 = ADVANCED_FACE( '', ( #1352 ), #1353, .T. );
#530 = PRESENTATION_STYLE_ASSIGNMENT( ( #1354 ) );
#531 = ADVANCED_FACE( '', ( #1355 ), #1356, .T. );
#532 = PRESENTATION_STYLE_ASSIGNMENT( ( #1357 ) );
#533 = ADVANCED_FACE( '', ( #1358 ), #1359, .T. );
#534 = PRESENTATION_STYLE_ASSIGNMENT( ( #1360 ) );
#535 = ADVANCED_FACE( '', ( #1361, #1362 ), #1363, .F. );
#536 = PRESENTATION_STYLE_ASSIGNMENT( ( #1364 ) );
#537 = ADVANCED_FACE( '', ( #1365 ), #1366, .F. );
#538 = PRESENTATION_STYLE_ASSIGNMENT( ( #1367 ) );
#539 = ADVANCED_FACE( '', ( #1368 ), #1369, .T. );
#540 = PRESENTATION_STYLE_ASSIGNMENT( ( #1370 ) );
#541 = ADVANCED_FACE( '', ( #1371 ), #1372, .T. );
#542 = PRESENTATION_STYLE_ASSIGNMENT( ( #1373 ) );
#543 = ADVANCED_FACE( '', ( #1374 ), #1375, .T. );
#544 = PRESENTATION_STYLE_ASSIGNMENT( ( #1376 ) );
#545 = ADVANCED_FACE( '', ( #1377 ), #1378, .T. );
#546 = PRESENTATION_STYLE_ASSIGNMENT( ( #1379 ) );
#547 = ADVANCED_FACE( '', ( #1380 ), #1381, .T. );
#548 = PRESENTATION_STYLE_ASSIGNMENT( ( #1382 ) );
#549 = ADVANCED_FACE( '', ( #1383 ), #1384, .F. );
#550 = PRESENTATION_STYLE_ASSIGNMENT( ( #1385 ) );
#551 = ADVANCED_FACE( '', ( #1386 ), #1387, .F. );
#552 = PRESENTATION_STYLE_ASSIGNMENT( ( #1388 ) );
#553 = ADVANCED_FACE( '', ( #1389 ), #1390, .T. );
#554 = PRESENTATION_STYLE_ASSIGNMENT( ( #1391 ) );
#555 = ADVANCED_FACE( '', ( #1392 ), #1393, .T. );
#556 = PRESENTATION_STYLE_ASSIGNMENT( ( #1394 ) );
#557 = ADVANCED_FACE( '', ( #1395, #1396 ), #1397, .T. );
#558 = PRESENTATION_STYLE_ASSIGNMENT( ( #1398 ) );
#559 = ADVANCED_FACE( '', ( #1399 ), #1400, .T. );
#560 = PRESENTATION_STYLE_ASSIGNMENT( ( #1401 ) );
#561 = ADVANCED_FACE( '', ( #1402 ), #1403, .F. );
#562 = PRESENTATION_STYLE_ASSIGNMENT( ( #1404 ) );
#563 = ADVANCED_FACE( '', ( #1405, #1406, #1407 ), #1408, .F. );
#564 = PRESENTATION_STYLE_ASSIGNMENT( ( #1409 ) );
#565 = ADVANCED_FACE( '', ( #1410 ), #1411, .F. );
#566 = PRESENTATION_STYLE_ASSIGNMENT( ( #1412 ) );
#567 = ADVANCED_FACE( '', ( #1413 ), #1414, .F. );
#568 = PRESENTATION_STYLE_ASSIGNMENT( ( #1415 ) );
#569 = ADVANCED_FACE( '', ( #1416 ), #1417, .T. );
#570 = PRESENTATION_STYLE_ASSIGNMENT( ( #1418 ) );
#571 = ADVANCED_FACE( '', ( #1419, #1420 ), #1421, .T. );
#572 = PRESENTATION_STYLE_ASSIGNMENT( ( #1422 ) );
#573 = ADVANCED_FACE( '', ( #1423 ), #1424, .T. );
#574 = PRESENTATION_STYLE_ASSIGNMENT( ( #1425 ) );
#575 = ADVANCED_FACE( '', ( #1426 ), #1427, .F. );
#576 = PRESENTATION_STYLE_ASSIGNMENT( ( #1428 ) );
#577 = ADVANCED_FACE( '', ( #1429 ), #1430, .F. );
#578 = PRESENTATION_STYLE_ASSIGNMENT( ( #1431 ) );
#579 = ADVANCED_FACE( '', ( #1432 ), #1433, .T. );
#580 = PRESENTATION_STYLE_ASSIGNMENT( ( #1434 ) );
#581 = ADVANCED_FACE( '', ( #1435 ), #1436, .T. );
#582 = PRESENTATION_STYLE_ASSIGNMENT( ( #1437 ) );
#583 = ADVANCED_FACE( '', ( #1438 ), #1439, .F. );
#584 = PRESENTATION_STYLE_ASSIGNMENT( ( #1440 ) );
#585 = ADVANCED_FACE( '', ( #1441 ), #1442, .T. );
#586 = PRESENTATION_STYLE_ASSIGNMENT( ( #1443 ) );
#587 = ADVANCED_FACE( '', ( #1444 ), #1445, .T. );
#588 = PRESENTATION_STYLE_ASSIGNMENT( ( #1446 ) );
#589 = ADVANCED_FACE( '', ( #1447 ), #1448, .T. );
#590 = PRESENTATION_STYLE_ASSIGNMENT( ( #1449 ) );
#591 = ADVANCED_FACE( '', ( #1450 ), #1451, .T. );
#592 = PRESENTATION_STYLE_ASSIGNMENT( ( #1452 ) );
#593 = ADVANCED_FACE( '', ( #1453 ), #1454, .F. );
#594 = PRESENTATION_STYLE_ASSIGNMENT( ( #1455 ) );
#595 = ADVANCED_FACE( '', ( #1456 ), #1457, .T. );
#596 = PRESENTATION_STYLE_ASSIGNMENT( ( #1458 ) );
#597 = ADVANCED_FACE( '', ( #1459 ), #1460, .T. );
#598 = PRESENTATION_STYLE_ASSIGNMENT( ( #1461 ) );
#599 = ADVANCED_FACE( '', ( #1462 ), #1463, .F. );
#600 = PRESENTATION_STYLE_ASSIGNMENT( ( #1464 ) );
#601 = ADVANCED_FACE( '', ( #1465 ), #1466, .T. );
#602 = PRESENTATION_STYLE_ASSIGNMENT( ( #1467 ) );
#603 = ADVANCED_FACE( '', ( #1468 ), #1469, .T. );
#604 = PRESENTATION_STYLE_ASSIGNMENT( ( #1470 ) );
#605 = ADVANCED_FACE( '', ( #1471 ), #1472, .T. );
#606 = PRESENTATION_STYLE_ASSIGNMENT( ( #1473 ) );
#607 = ADVANCED_FACE( '', ( #1474 ), #1475, .T. );
#608 = PRESENTATION_STYLE_ASSIGNMENT( ( #1476 ) );
#609 = ADVANCED_FACE( '', ( #1477 ), #1478, .F. );
#610 = PRESENTATION_STYLE_ASSIGNMENT( ( #1479 ) );
#611 = ADVANCED_FACE( '', ( #1480 ), #1481, .F. );
#612 = PRESENTATION_STYLE_ASSIGNMENT( ( #1482 ) );
#613 = ADVANCED_FACE( '', ( #1483 ), #1484, .T. );
#614 = PRESENTATION_STYLE_ASSIGNMENT( ( #1485 ) );
#615 = ADVANCED_FACE( '', ( #1486 ), #1487, .T. );
#616 = PRESENTATION_STYLE_ASSIGNMENT( ( #1488 ) );
#617 = ADVANCED_FACE( '', ( #1489, #1490 ), #1491, .F. );
#618 = PRESENTATION_STYLE_ASSIGNMENT( ( #1492 ) );
#619 = ADVANCED_FACE( '', ( #1493 ), #1494, .T. );
#620 = PRESENTATION_STYLE_ASSIGNMENT( ( #1495 ) );
#621 = ADVANCED_FACE( '', ( #1496 ), #1497, .F. );
#622 = PRESENTATION_STYLE_ASSIGNMENT( ( #1498 ) );
#623 = ADVANCED_FACE( '', ( #1499, #1500 ), #1501, .F. );
#624 = PRESENTATION_STYLE_ASSIGNMENT( ( #1502 ) );
#625 = ADVANCED_FACE( '', ( #1503 ), #1504, .F. );
#626 = PRESENTATION_STYLE_ASSIGNMENT( ( #1505 ) );
#627 = ADVANCED_FACE( '', ( #1506 ), #1507, .T. );
#628 = PRESENTATION_STYLE_ASSIGNMENT( ( #1508 ) );
#629 = ADVANCED_FACE( '', ( #1509 ), #1510, .F. );
#630 = PRESENTATION_STYLE_ASSIGNMENT( ( #1511 ) );
#631 = ADVANCED_FACE( '', ( #1512 ), #1513, .T. );
#632 = PRESENTATION_STYLE_ASSIGNMENT( ( #1514 ) );
#633 = ADVANCED_FACE( '', ( #1515 ), #1516, .F. );
#634 = PRESENTATION_STYLE_ASSIGNMENT( ( #1517 ) );
#635 = ADVANCED_FACE( '', ( #1518, #1519 ), #1520, .T. );
#636 = PRESENTATION_STYLE_ASSIGNMENT( ( #1521 ) );
#637 = ADVANCED_FACE( '', ( #1522 ), #1523, .F. );
#638 = PRESENTATION_STYLE_ASSIGNMENT( ( #1524 ) );
#639 = ADVANCED_FACE( '', ( #1525, #1526 ), #1527, .T. );
#640 = PRESENTATION_STYLE_ASSIGNMENT( ( #1528 ) );
#641 = ADVANCED_FACE( '', ( #1529 ), #1530, .F. );
#642 = PRESENTATION_STYLE_ASSIGNMENT( ( #1531 ) );
#643 = ADVANCED_FACE( '', ( #1532 ), #1533, .T. );
#644 = PRESENTATION_STYLE_ASSIGNMENT( ( #1534 ) );
#645 = ADVANCED_FACE( '', ( #1535 ), #1536, .T. );
#646 = PRESENTATION_STYLE_ASSIGNMENT( ( #1537 ) );
#647 = ADVANCED_FACE( '', ( #1538 ), #1539, .T. );
#648 = PRESENTATION_STYLE_ASSIGNMENT( ( #1540 ) );
#649 = ADVANCED_FACE( '', ( #1541 ), #1542, .F. );
#650 = PRESENTATION_STYLE_ASSIGNMENT( ( #1543 ) );
#651 = ADVANCED_FACE( '', ( #1544 ), #1545, .F. );
#652 = PRESENTATION_STYLE_ASSIGNMENT( ( #1546 ) );
#653 = ADVANCED_FACE( '', ( #1547 ), #1548, .T. );
#654 = PRESENTATION_STYLE_ASSIGNMENT( ( #1549 ) );
#655 = ADVANCED_FACE( '', ( #1550 ), #1551, .F. );
#656 = PRESENTATION_STYLE_ASSIGNMENT( ( #1552 ) );
#657 = ADVANCED_FACE( '', ( #1553 ), #1554, .T. );
#658 = PRESENTATION_STYLE_ASSIGNMENT( ( #1555 ) );
#659 = ADVANCED_FACE( '', ( #1556, #1557 ), #1558, .F. );
#660 = PRESENTATION_STYLE_ASSIGNMENT( ( #1559 ) );
#661 = ADVANCED_FACE( '', ( #1560 ), #1561, .T. );
#662 = PRESENTATION_STYLE_ASSIGNMENT( ( #1562 ) );
#663 = ADVANCED_FACE( '', ( #1563, #1564 ), #1565, .T. );
#664 = PRESENTATION_STYLE_ASSIGNMENT( ( #1566 ) );
#665 = ADVANCED_FACE( '', ( #1567 ), #1568, .T. );
#666 = PRESENTATION_STYLE_ASSIGNMENT( ( #1569 ) );
#667 = ADVANCED_FACE( '', ( #1570 ), #1571, .F. );
#668 = PRESENTATION_STYLE_ASSIGNMENT( ( #1572 ) );
#669 = ADVANCED_FACE( '', ( #1573 ), #1574, .T. );
#670 = PRESENTATION_STYLE_ASSIGNMENT( ( #1575 ) );
#671 = ADVANCED_FACE( '', ( #1576 ), #1577, .F. );
#672 = PRESENTATION_STYLE_ASSIGNMENT( ( #1578 ) );
#673 = ADVANCED_FACE( '', ( #1579 ), #1580, .T. );
#674 = PRESENTATION_STYLE_ASSIGNMENT( ( #1581 ) );
#675 = ADVANCED_FACE( '', ( #1582 ), #1583, .T. );
#676 = PRESENTATION_STYLE_ASSIGNMENT( ( #1584 ) );
#677 = ADVANCED_FACE( '', ( #1585 ), #1586, .T. );
#678 = PRESENTATION_STYLE_ASSIGNMENT( ( #1587 ) );
#679 = ADVANCED_FACE( '', ( #1588 ), #1589, .F. );
#680 = PRESENTATION_STYLE_ASSIGNMENT( ( #1590 ) );
#681 = ADVANCED_FACE( '', ( #1591 ), #1592, .T. );
#682 = PRESENTATION_STYLE_ASSIGNMENT( ( #1593 ) );
#683 = ADVANCED_FACE( '', ( #1594 ), #1595, .F. );
#684 = PRESENTATION_STYLE_ASSIGNMENT( ( #1596 ) );
#685 = ADVANCED_FACE( '', ( #1597 ), #1598, .F. );
#686 = PRESENTATION_STYLE_ASSIGNMENT( ( #1599 ) );
#687 = ADVANCED_FACE( '', ( #1600, #1601 ), #1602, .F. );
#688 = PRESENTATION_STYLE_ASSIGNMENT( ( #1603 ) );
#689 = ADVANCED_FACE( '', ( #1604 ), #1605, .T. );
#690 = PRESENTATION_STYLE_ASSIGNMENT( ( #1606 ) );
#691 = ADVANCED_FACE( '', ( #1607 ), #1608, .T. );
#692 = PRESENTATION_STYLE_ASSIGNMENT( ( #1609 ) );
#693 = ADVANCED_FACE( '', ( #1610 ), #1611, .F. );
#694 = PRESENTATION_STYLE_ASSIGNMENT( ( #1612 ) );
#695 = ADVANCED_FACE( '', ( #1613 ), #1614, .T. );
#696 = PRESENTATION_STYLE_ASSIGNMENT( ( #1615 ) );
#697 = ADVANCED_FACE( '', ( #1616 ), #1617, .F. );
#698 = PRESENTATION_STYLE_ASSIGNMENT( ( #1618 ) );
#699 = ADVANCED_FACE( '', ( #1619, #1620 ), #1621, .F. );
#700 = PRESENTATION_STYLE_ASSIGNMENT( ( #1622 ) );
#701 = ADVANCED_FACE( '', ( #1623 ), #1624, .T. );
#702 = PRESENTATION_STYLE_ASSIGNMENT( ( #1625 ) );
#703 = ADVANCED_FACE( '', ( #1626 ), #1627, .F. );
#704 = PRESENTATION_STYLE_ASSIGNMENT( ( #1628 ) );
#705 = ADVANCED_FACE( '', ( #1629 ), #1630, .T. );
#706 = PRESENTATION_STYLE_ASSIGNMENT( ( #1631 ) );
#707 = ADVANCED_FACE( '', ( #1632, #1633 ), #1634, .F. );
#708 = PRESENTATION_STYLE_ASSIGNMENT( ( #1635 ) );
#709 = ADVANCED_FACE( '', ( #1636 ), #1637, .F. );
#710 = PRESENTATION_STYLE_ASSIGNMENT( ( #1638 ) );
#711 = ADVANCED_FACE( '', ( #1639, #1640 ), #1641, .F. );
#712 = PRESENTATION_STYLE_ASSIGNMENT( ( #1642 ) );
#713 = ADVANCED_FACE( '', ( #1643 ), #1644, .T. );
#714 = PRESENTATION_STYLE_ASSIGNMENT( ( #1645 ) );
#715 = ADVANCED_FACE( '', ( #1646 ), #1647, .T. );
#716 = PRESENTATION_STYLE_ASSIGNMENT( ( #1648 ) );
#717 = ADVANCED_FACE( '', ( #1649 ), #1650, .F. );
#718 = PRESENTATION_STYLE_ASSIGNMENT( ( #1651 ) );
#719 = ADVANCED_FACE( '', ( #1652 ), #1653, .T. );
#720 = PRESENTATION_STYLE_ASSIGNMENT( ( #1654 ) );
#721 = ADVANCED_FACE( '', ( #1655 ), #1656, .F. );
#722 = PRESENTATION_STYLE_ASSIGNMENT( ( #1657 ) );
#723 = ADVANCED_FACE( '', ( #1658 ), #1659, .F. );
#724 = PRESENTATION_STYLE_ASSIGNMENT( ( #1660 ) );
#725 = ADVANCED_FACE( '', ( #1661 ), #1662, .T. );
#726 = PRESENTATION_STYLE_ASSIGNMENT( ( #1663 ) );
#727 = ADVANCED_FACE( '', ( #1664 ), #1665, .T. );
#728 = PRESENTATION_STYLE_ASSIGNMENT( ( #1666 ) );
#729 = ADVANCED_FACE( '', ( #1667 ), #1668, .T. );
#730 = PRESENTATION_STYLE_ASSIGNMENT( ( #1669 ) );
#731 = ADVANCED_FACE( '', ( #1670, #1671 ), #1672, .T. );
#732 = PRESENTATION_STYLE_ASSIGNMENT( ( #1673 ) );
#733 = ADVANCED_FACE( '', ( #1674 ), #1675, .F. );
#734 = PRESENTATION_STYLE_ASSIGNMENT( ( #1676 ) );
#735 = ADVANCED_FACE( '', ( #1677, #1678 ), #1679, .F. );
#736 = PRESENTATION_STYLE_ASSIGNMENT( ( #1680 ) );
#737 = ADVANCED_FACE( '', ( #1681 ), #1682, .F. );
#738 = PRESENTATION_STYLE_ASSIGNMENT( ( #1683 ) );
#739 = ADVANCED_FACE( '', ( #1684 ), #1685, .F. );
#740 = PRESENTATION_STYLE_ASSIGNMENT( ( #1686 ) );
#741 = ADVANCED_FACE( '', ( #1687 ), #1688, .T. );
#742 = PRESENTATION_STYLE_ASSIGNMENT( ( #1689 ) );
#743 = ADVANCED_FACE( '', ( #1690 ), #1691, .F. );
#744 = PRESENTATION_STYLE_ASSIGNMENT( ( #1692 ) );
#745 = ADVANCED_FACE( '', ( #1693 ), #1694, .T. );
#746 = PRESENTATION_STYLE_ASSIGNMENT( ( #1695 ) );
#747 = ADVANCED_FACE( '', ( #1696 ), #1697, .T. );
#748 = PRESENTATION_STYLE_ASSIGNMENT( ( #1698 ) );
#749 = ADVANCED_FACE( '', ( #1699, #1700, #1701 ), #1702, .F. );
#750 = PRESENTATION_STYLE_ASSIGNMENT( ( #1703 ) );
#751 = ADVANCED_FACE( '', ( #1704 ), #1705, .T. );
#752 = PRESENTATION_STYLE_ASSIGNMENT( ( #1706 ) );
#753 = ADVANCED_FACE( '', ( #1707 ), #1708, .T. );
#754 = PRESENTATION_STYLE_ASSIGNMENT( ( #1709 ) );
#755 = ADVANCED_FACE( '', ( #1710 ), #1711, .T. );
#756 = PRESENTATION_STYLE_ASSIGNMENT( ( #1712 ) );
#757 = ADVANCED_FACE( '', ( #1713 ), #1714, .T. );
#758 = PRESENTATION_STYLE_ASSIGNMENT( ( #1715 ) );
#759 = ADVANCED_FACE( '', ( #1716 ), #1717, .T. );
#760 = PRESENTATION_STYLE_ASSIGNMENT( ( #1718 ) );
#761 = ADVANCED_FACE( '', ( #1719 ), #1720, .F. );
#762 = PRESENTATION_STYLE_ASSIGNMENT( ( #1721 ) );
#763 = ADVANCED_FACE( '', ( #1722 ), #1723, .T. );
#764 = PRESENTATION_STYLE_ASSIGNMENT( ( #1724 ) );
#765 = ADVANCED_FACE( '', ( #1725 ), #1726, .T. );
#766 = PRESENTATION_STYLE_ASSIGNMENT( ( #1727 ) );
#767 = ADVANCED_FACE( '', ( #1728 ), #1729, .T. );
#768 = PRESENTATION_STYLE_ASSIGNMENT( ( #1730 ) );
#769 = ADVANCED_FACE( '', ( #1731, #1732 ), #1733, .T. );
#770 = PRESENTATION_STYLE_ASSIGNMENT( ( #1734 ) );
#771 = ADVANCED_FACE( '', ( #1735 ), #1736, .F. );
#772 = PRESENTATION_STYLE_ASSIGNMENT( ( #1737 ) );
#773 = ADVANCED_FACE( '', ( #1738 ), #1739, .T. );
#774 = PRESENTATION_STYLE_ASSIGNMENT( ( #1740 ) );
#775 = ADVANCED_FACE( '', ( #1741 ), #1742, .F. );
#776 = PRESENTATION_STYLE_ASSIGNMENT( ( #1743 ) );
#777 = ADVANCED_FACE( '', ( #1744 ), #1745, .T. );
#778 = PRESENTATION_STYLE_ASSIGNMENT( ( #1746 ) );
#779 = ADVANCED_FACE( '', ( #1747 ), #1748, .F. );
#780 = PRESENTATION_STYLE_ASSIGNMENT( ( #1749 ) );
#781 = ADVANCED_FACE( '', ( #1750 ), #1751, .F. );
#782 = PRESENTATION_STYLE_ASSIGNMENT( ( #1752 ) );
#783 = ADVANCED_FACE( '', ( #1753 ), #1754, .T. );
#784 = PRESENTATION_STYLE_ASSIGNMENT( ( #1755 ) );
#785 = ADVANCED_FACE( '', ( #1756 ), #1757, .T. );
#786 = PRESENTATION_STYLE_ASSIGNMENT( ( #1758 ) );
#787 = ADVANCED_FACE( '', ( #1759 ), #1760, .T. );
#788 = PRESENTATION_STYLE_ASSIGNMENT( ( #1761 ) );
#789 = ADVANCED_FACE( '', ( #1762 ), #1763, .T. );
#790 = PRESENTATION_STYLE_ASSIGNMENT( ( #1764 ) );
#791 = ADVANCED_FACE( '', ( #1765 ), #1766, .T. );
#792 = PRESENTATION_STYLE_ASSIGNMENT( ( #1767 ) );
#793 = ADVANCED_FACE( '', ( #1768 ), #1769, .F. );
#794 = PRESENTATION_STYLE_ASSIGNMENT( ( #1770 ) );
#795 = ADVANCED_FACE( '', ( #1771 ), #1772, .F. );
#796 = PRESENTATION_STYLE_ASSIGNMENT( ( #1773 ) );
#797 = ADVANCED_FACE( '', ( #1774 ), #1775, .T. );
#798 = PRESENTATION_STYLE_ASSIGNMENT( ( #1776 ) );
#799 = ADVANCED_FACE( '', ( #1777 ), #1778, .T. );
#800 = PRESENTATION_STYLE_ASSIGNMENT( ( #1779 ) );
#801 = ADVANCED_FACE( '', ( #1780 ), #1781, .T. );
#802 = PRESENTATION_STYLE_ASSIGNMENT( ( #1782 ) );
#803 = ADVANCED_FACE( '', ( #1783 ), #1784, .T. );
#804 = PRESENTATION_STYLE_ASSIGNMENT( ( #1785 ) );
#805 = ADVANCED_FACE( '', ( #1786 ), #1787, .T. );
#806 = PRESENTATION_STYLE_ASSIGNMENT( ( #1788 ) );
#807 = ADVANCED_FACE( '', ( #1789 ), #1790, .F. );
#808 = PRESENTATION_STYLE_ASSIGNMENT( ( #1791 ) );
#809 = ADVANCED_FACE( '', ( #1792 ), #1793, .T. );
#810 = PRESENTATION_STYLE_ASSIGNMENT( ( #1794 ) );
#811 = ADVANCED_FACE( '', ( #1795 ), #1796, .F. );
#812 = PRESENTATION_STYLE_ASSIGNMENT( ( #1797 ) );
#813 = ADVANCED_FACE( '', ( #1798 ), #1799, .T. );
#814 = PRESENTATION_STYLE_ASSIGNMENT( ( #1800 ) );
#815 = ADVANCED_FACE( '', ( #1801 ), #1802, .F. );
#816 = PRESENTATION_STYLE_ASSIGNMENT( ( #1803 ) );
#817 = ADVANCED_FACE( '', ( #1804 ), #1805, .F. );
#818 = PRESENTATION_STYLE_ASSIGNMENT( ( #1806 ) );
#819 = ADVANCED_FACE( '', ( #1807 ), #1808, .F. );
#820 = PRESENTATION_STYLE_ASSIGNMENT( ( #1809 ) );
#821 = ADVANCED_FACE( '', ( #1810, #1811 ), #1812, .F. );
#822 = PRESENTATION_STYLE_ASSIGNMENT( ( #1813 ) );
#823 = ADVANCED_FACE( '', ( #1814 ), #1815, .F. );
#824 = PRESENTATION_STYLE_ASSIGNMENT( ( #1816 ) );
#825 = ADVANCED_FACE( '', ( #1817 ), #1818, .T. );
#826 = PRESENTATION_STYLE_ASSIGNMENT( ( #1819 ) );
#827 = ADVANCED_FACE( '', ( #1820 ), #1821, .T. );
#828 = PRESENTATION_STYLE_ASSIGNMENT( ( #1822 ) );
#829 = ADVANCED_FACE( '', ( #1823 ), #1824, .F. );
#830 = PRESENTATION_STYLE_ASSIGNMENT( ( #1825 ) );
#831 = ADVANCED_FACE( '', ( #1826 ), #1827, .F. );
#832 = PRESENTATION_STYLE_ASSIGNMENT( ( #1828 ) );
#833 = ADVANCED_FACE( '', ( #1829 ), #1830, .T. );
#834 = PRESENTATION_STYLE_ASSIGNMENT( ( #1831 ) );
#835 = ADVANCED_FACE( '', ( #1832 ), #1833, .T. );
#836 = PRESENTATION_STYLE_ASSIGNMENT( ( #1834 ) );
#837 = ADVANCED_FACE( '', ( #1835 ), #1836, .T. );
#838 = PRESENTATION_STYLE_ASSIGNMENT( ( #1837 ) );
#839 = ADVANCED_FACE( '', ( #1838 ), #1839, .F. );
#840 = PRESENTATION_STYLE_ASSIGNMENT( ( #1840 ) );
#841 = ADVANCED_FACE( '', ( #1841 ), #1842, .T. );
#842 = PRESENTATION_STYLE_ASSIGNMENT( ( #1843 ) );
#843 = ADVANCED_FACE( '', ( #1844 ), #1845, .T. );
#844 = PRESENTATION_STYLE_ASSIGNMENT( ( #1846 ) );
#845 = ADVANCED_FACE( '', ( #1847 ), #1848, .F. );
#846 = PRESENTATION_STYLE_ASSIGNMENT( ( #1849 ) );
#847 = ADVANCED_FACE( '', ( #1850 ), #1851, .T. );
#848 = PRESENTATION_STYLE_ASSIGNMENT( ( #1852 ) );
#849 = ADVANCED_FACE( '', ( #1853 ), #1854, .F. );
#850 = PRESENTATION_STYLE_ASSIGNMENT( ( #1855 ) );
#851 = ADVANCED_FACE( '', ( #1856, #1857 ), #1858, .F. );
#852 = PRESENTATION_STYLE_ASSIGNMENT( ( #1859 ) );
#853 = ADVANCED_FACE( '', ( #1860 ), #1861, .F. );
#854 = PRESENTATION_STYLE_ASSIGNMENT( ( #1862 ) );
#855 = ADVANCED_FACE( '', ( #1863 ), #1864, .T. );
#856 = PRESENTATION_STYLE_ASSIGNMENT( ( #1865 ) );
#857 = ADVANCED_FACE( '', ( #1866 ), #1867, .F. );
#858 = PRESENTATION_STYLE_ASSIGNMENT( ( #1868 ) );
#859 = ADVANCED_FACE( '', ( #1869 ), #1870, .F. );
#860 = PRESENTATION_STYLE_ASSIGNMENT( ( #1871 ) );
#861 = ADVANCED_FACE( '', ( #1872 ), #1873, .T. );
#862 = PRESENTATION_STYLE_ASSIGNMENT( ( #1874 ) );
#863 = ADVANCED_FACE( '', ( #1875 ), #1876, .F. );
#864 = PRESENTATION_STYLE_ASSIGNMENT( ( #1877 ) );
#865 = ADVANCED_FACE( '', ( #1878, #1879 ), #1880, .F. );
#866 = PRESENTATION_STYLE_ASSIGNMENT( ( #1881 ) );
#867 = ADVANCED_FACE( '', ( #1882 ), #1883, .T. );
#868 = PRESENTATION_STYLE_ASSIGNMENT( ( #1884 ) );
#869 = ADVANCED_FACE( '', ( #1885 ), #1886, .T. );
#870 = PRESENTATION_STYLE_ASSIGNMENT( ( #1887 ) );
#871 = ADVANCED_FACE( '', ( #1888 ), #1889, .T. );
#872 = PRESENTATION_STYLE_ASSIGNMENT( ( #1890 ) );
#873 = ADVANCED_FACE( '', ( #1891 ), #1892, .F. );
#874 = PRESENTATION_STYLE_ASSIGNMENT( ( #1893 ) );
#875 = ADVANCED_FACE( '', ( #1894 ), #1895, .T. );
#876 = PRESENTATION_STYLE_ASSIGNMENT( ( #1896 ) );
#877 = ADVANCED_FACE( '', ( #1897 ), #1898, .T. );
#878 = PRESENTATION_STYLE_ASSIGNMENT( ( #1899 ) );
#879 = ADVANCED_FACE( '', ( #1900, #1901 ), #1902, .F. );
#880 = PRESENTATION_STYLE_ASSIGNMENT( ( #1903 ) );
#881 = ADVANCED_FACE( '', ( #1904 ), #1905, .T. );
#882 = PRESENTATION_STYLE_ASSIGNMENT( ( #1906 ) );
#883 = ADVANCED_FACE( '', ( #1907 ), #1908, .T. );
#884 = PRESENTATION_STYLE_ASSIGNMENT( ( #1909 ) );
#885 = ADVANCED_FACE( '', ( #1910 ), #1911, .T. );
#886 = PRESENTATION_STYLE_ASSIGNMENT( ( #1912 ) );
#887 = ADVANCED_FACE( '', ( #1913 ), #1914, .T. );
#888 = PRESENTATION_STYLE_ASSIGNMENT( ( #1915 ) );
#889 = ADVANCED_FACE( '', ( #1916 ), #1917, .F. );
#890 = PRESENTATION_STYLE_ASSIGNMENT( ( #1918 ) );
#891 = ADVANCED_FACE( '', ( #1919, #1920, #1921, #1922, #1923, #1924, #1925, #1926, #1927 ), #1928, .F. );
#892 = PRESENTATION_STYLE_ASSIGNMENT( ( #1929 ) );
#893 = ADVANCED_FACE( '', ( #1930 ), #1931, .F. );
#894 = PRESENTATION_STYLE_ASSIGNMENT( ( #1932 ) );
#895 = ADVANCED_FACE( '', ( #1933 ), #1934, .T. );
#896 = PRESENTATION_STYLE_ASSIGNMENT( ( #1935 ) );
#897 = ADVANCED_FACE( '', ( #1936 ), #1937, .T. );
#898 = PRESENTATION_STYLE_ASSIGNMENT( ( #1938 ) );
#899 = ADVANCED_FACE( '', ( #1939, #1940 ), #1941, .T. );
#900 = PRESENTATION_STYLE_ASSIGNMENT( ( #1942 ) );
#901 = ADVANCED_FACE( '', ( #1943 ), #1944, .T. );
#902 = PRESENTATION_STYLE_ASSIGNMENT( ( #1945 ) );
#903 = ADVANCED_FACE( '', ( #1946 ), #1947, .F. );
#904 = PRESENTATION_STYLE_ASSIGNMENT( ( #1948 ) );
#905 = ADVANCED_FACE( '', ( #1949 ), #1950, .T. );
#906 = PRESENTATION_STYLE_ASSIGNMENT( ( #1951 ) );
#907 = ADVANCED_FACE( '', ( #1952 ), #1953, .T. );
#908 = PRESENTATION_STYLE_ASSIGNMENT( ( #1954 ) );
#909 = ADVANCED_FACE( '', ( #1955 ), #1956, .F. );
#910 = PRESENTATION_STYLE_ASSIGNMENT( ( #1957 ) );
#911 = ADVANCED_FACE( '', ( #1958 ), #1959, .F. );
#912 = PRESENTATION_STYLE_ASSIGNMENT( ( #1960 ) );
#913 = ADVANCED_FACE( '', ( #1961 ), #1962, .F. );
#914 = PRESENTATION_STYLE_ASSIGNMENT( ( #1963 ) );
#915 = ADVANCED_FACE( '', ( #1964 ), #1965, .F. );
#916 = PRESENTATION_STYLE_ASSIGNMENT( ( #1966 ) );
#917 = ADVANCED_FACE( '', ( #1967 ), #1968, .T. );
#918 = PRESENTATION_STYLE_ASSIGNMENT( ( #1969 ) );
#919 = ADVANCED_FACE( '', ( #1970 ), #1971, .T. );
#920 = PRESENTATION_STYLE_ASSIGNMENT( ( #1972 ) );
#921 = ADVANCED_FACE( '', ( #1973 ), #1974, .T. );
#922 = PRESENTATION_STYLE_ASSIGNMENT( ( #1975 ) );
#923 = ADVANCED_FACE( '', ( #1976 ), #1977, .T. );
#924 = PRESENTATION_STYLE_ASSIGNMENT( ( #1978 ) );
#925 = ADVANCED_FACE( '', ( #1979 ), #1980, .F. );
#926 = PRESENTATION_STYLE_ASSIGNMENT( ( #1981 ) );
#927 = ADVANCED_FACE( '', ( #1982 ), #1983, .T. );
#928 = PRESENTATION_STYLE_ASSIGNMENT( ( #1984 ) );
#929 = ADVANCED_FACE( '', ( #1985 ), #1986, .F. );
#930 = PRESENTATION_STYLE_ASSIGNMENT( ( #1987 ) );
#931 = ADVANCED_FACE( '', ( #1988 ), #1989, .T. );
#932 = PRESENTATION_STYLE_ASSIGNMENT( ( #1990 ) );
#933 = ADVANCED_FACE( '', ( #1991 ), #1992, .F. );
#934 = PRESENTATION_STYLE_ASSIGNMENT( ( #1993 ) );
#935 = ADVANCED_FACE( '', ( #1994 ), #1995, .F. );
#936 = PRESENTATION_STYLE_ASSIGNMENT( ( #1996 ) );
#937 = ADVANCED_FACE( '', ( #1997 ), #1998, .T. );
#938 = PRESENTATION_STYLE_ASSIGNMENT( ( #1999 ) );
#939 = ADVANCED_FACE( '', ( #2000 ), #2001, .F. );
#940 = PRESENTATION_STYLE_ASSIGNMENT( ( #2002 ) );
#941 = ADVANCED_FACE( '', ( #2003 ), #2004, .F. );
#942 = PRESENTATION_STYLE_ASSIGNMENT( ( #2005 ) );
#943 = ADVANCED_FACE( '', ( #2006 ), #2007, .T. );
#944 = PRESENTATION_STYLE_ASSIGNMENT( ( #2008 ) );
#945 = ADVANCED_FACE( '', ( #2009 ), #2010, .T. );
#946 = PRESENTATION_STYLE_ASSIGNMENT( ( #2011 ) );
#947 = ADVANCED_FACE( '', ( #2012 ), #2013, .T. );
#948 = PRESENTATION_STYLE_ASSIGNMENT( ( #2014 ) );
#949 = ADVANCED_FACE( '', ( #2015 ), #2016, .T. );
#950 = PRESENTATION_STYLE_ASSIGNMENT( ( #2017 ) );
#951 = ADVANCED_FACE( '', ( #2018 ), #2019, .T. );
#952 = PRESENTATION_STYLE_ASSIGNMENT( ( #2020 ) );
#953 = ADVANCED_FACE( '', ( #2021 ), #2022, .F. );
#954 = PRESENTATION_STYLE_ASSIGNMENT( ( #2023 ) );
#955 = ADVANCED_FACE( '', ( #2024 ), #2025, .F. );
#956 = PRESENTATION_STYLE_ASSIGNMENT( ( #2026 ) );
#957 = ADVANCED_FACE( '', ( #2027 ), #2028, .F. );
#958 = PRESENTATION_STYLE_ASSIGNMENT( ( #2029 ) );
#959 = ADVANCED_FACE( '', ( #2030 ), #2031, .F. );
#960 = PRESENTATION_STYLE_ASSIGNMENT( ( #2032 ) );
#961 = ADVANCED_FACE( '', ( #2033 ), #2034, .F. );
#962 = PRESENTATION_STYLE_ASSIGNMENT( ( #2035 ) );
#963 = ADVANCED_FACE( '', ( #2036 ), #2037, .T. );
#964 = PRESENTATION_STYLE_ASSIGNMENT( ( #2038 ) );
#965 = ADVANCED_FACE( '', ( #2039 ), #2040, .T. );
#966 = PRESENTATION_STYLE_ASSIGNMENT( ( #2041 ) );
#967 = ADVANCED_FACE( '', ( #2042 ), #2043, .T. );
#968 = PRESENTATION_STYLE_ASSIGNMENT( ( #2044 ) );
#969 = ADVANCED_FACE( '', ( #2045 ), #2046, .T. );
#970 = PRESENTATION_STYLE_ASSIGNMENT( ( #2047 ) );
#971 = ADVANCED_FACE( '', ( #2048 ), #2049, .T. );
#972 = PRESENTATION_STYLE_ASSIGNMENT( ( #2050 ) );
#973 = ADVANCED_FACE( '', ( #2051 ), #2052, .F. );
#974 = PRESENTATION_STYLE_ASSIGNMENT( ( #2053 ) );
#975 = ADVANCED_FACE( '', ( #2054 ), #2055, .T. );
#976 = PRESENTATION_STYLE_ASSIGNMENT( ( #2056 ) );
#977 = ADVANCED_FACE( '', ( #2057 ), #2058, .T. );
#978 = PRESENTATION_STYLE_ASSIGNMENT( ( #2059 ) );
#979 = ADVANCED_FACE( '', ( #2060 ), #2061, .T. );
#980 = PRESENTATION_STYLE_ASSIGNMENT( ( #2062 ) );
#981 = ADVANCED_FACE( '', ( #2063 ), #2064, .T. );
#982 = PRESENTATION_STYLE_ASSIGNMENT( ( #2065 ) );
#983 = ADVANCED_FACE( '', ( #2066 ), #2067, .F. );
#984 = PRESENTATION_STYLE_ASSIGNMENT( ( #2068 ) );
#985 = ADVANCED_FACE( '', ( #2069 ), #2070, .F. );
#986 = PRESENTATION_STYLE_ASSIGNMENT( ( #2071 ) );
#987 = ADVANCED_FACE( '', ( #2072 ), #2073, .T. );
#988 = PRESENTATION_STYLE_ASSIGNMENT( ( #2074 ) );
#989 = ADVANCED_FACE( '', ( #2075 ), #2076, .T. );
#990 = PRESENTATION_STYLE_ASSIGNMENT( ( #2077 ) );
#991 = ADVANCED_FACE( '', ( #2078 ), #2079, .F. );
#992 = PRESENTATION_STYLE_ASSIGNMENT( ( #2080 ) );
#993 = ADVANCED_FACE( '', ( #2081 ), #2082, .F. );
#994 = PRESENTATION_STYLE_ASSIGNMENT( ( #2083 ) );
#995 = ADVANCED_FACE( '', ( #2084 ), #2085, .T. );
#996 = PRESENTATION_STYLE_ASSIGNMENT( ( #2086 ) );
#997 = ADVANCED_FACE( '', ( #2087 ), #2088, .T. );
#998 = PRESENTATION_STYLE_ASSIGNMENT( ( #2089 ) );
#999 = ADVANCED_FACE( '', ( #2090 ), #2091, .T. );
#1000 = PRESENTATION_STYLE_ASSIGNMENT( ( #2092 ) );
#1001 = ADVANCED_FACE( '', ( #2093 ), #2094, .T. );
#1002 = PRESENTATION_STYLE_ASSIGNMENT( ( #2095 ) );
#1003 = ADVANCED_FACE( '', ( #2096 ), #2097, .F. );
#1004 = PRESENTATION_STYLE_ASSIGNMENT( ( #2098 ) );
#1005 = ADVANCED_FACE( '', ( #2099 ), #2100, .F. );
#1006 = PRESENTATION_STYLE_ASSIGNMENT( ( #2101 ) );
#1007 = ADVANCED_FACE( '', ( #2102, #2103 ), #2104, .F. );
#1008 = PRESENTATION_STYLE_ASSIGNMENT( ( #2105 ) );
#1009 = ADVANCED_FACE( '', ( #2106 ), #2107, .F. );
#1010 = PRESENTATION_STYLE_ASSIGNMENT( ( #2108 ) );
#1011 = ADVANCED_FACE( '', ( #2109 ), #2110, .F. );
#1012 = PRESENTATION_STYLE_ASSIGNMENT( ( #2111 ) );
#1013 = ADVANCED_FACE( '', ( #2112 ), #2113, .F. );
#1014 = PRESENTATION_STYLE_ASSIGNMENT( ( #2114 ) );
#1015 = ADVANCED_FACE( '', ( #2115 ), #2116, .T. );
#1016 = PRESENTATION_STYLE_ASSIGNMENT( ( #2117 ) );
#1017 = ADVANCED_FACE( '', ( #2118 ), #2119, .F. );
#1018 = PRESENTATION_STYLE_ASSIGNMENT( ( #2120 ) );
#1019 = ADVANCED_FACE( '', ( #2121 ), #2122, .F. );
#1020 = PRESENTATION_STYLE_ASSIGNMENT( ( #2123 ) );
#1021 = ADVANCED_FACE( '', ( #2124 ), #2125, .T. );
#1022 = PRESENTATION_STYLE_ASSIGNMENT( ( #2126 ) );
#1023 = ADVANCED_FACE( '', ( #2127 ), #2128, .T. );
#1024 = PRESENTATION_STYLE_ASSIGNMENT( ( #2129 ) );
#1025 = ADVANCED_FACE( '', ( #2130 ), #2131, .T. );
#1026 = PRESENTATION_STYLE_ASSIGNMENT( ( #2132 ) );
#1027 = ADVANCED_FACE( '', ( #2133 ), #2134, .F. );
#1028 = PRESENTATION_STYLE_ASSIGNMENT( ( #2135 ) );
#1029 = ADVANCED_FACE( '', ( #2136 ), #2137, .T. );
#1030 = PRESENTATION_STYLE_ASSIGNMENT( ( #2138 ) );
#1031 = ADVANCED_FACE( '', ( #2139 ), #2140, .T. );
#1032 = PRESENTATION_STYLE_ASSIGNMENT( ( #2141 ) );
#1033 = ADVANCED_FACE( '', ( #2142 ), #2143, .T. );
#1034 = PRESENTATION_STYLE_ASSIGNMENT( ( #2144 ) );
#1035 = ADVANCED_FACE( '', ( #2145 ), #2146, .F. );
#1036 = PRESENTATION_STYLE_ASSIGNMENT( ( #2147 ) );
#1037 = ADVANCED_FACE( '', ( #2148 ), #2149, .F. );
#1038 = PRESENTATION_STYLE_ASSIGNMENT( ( #2150 ) );
#1039 = ADVANCED_FACE( '', ( #2151 ), #2152, .T. );
#1040 = PRESENTATION_STYLE_ASSIGNMENT( ( #2153 ) );
#1041 = ADVANCED_FACE( '', ( #2154 ), #2155, .F. );
#1042 = PRESENTATION_STYLE_ASSIGNMENT( ( #2156 ) );
#1043 = ADVANCED_FACE( '', ( #2157 ), #2158, .T. );
#1044 = PRESENTATION_STYLE_ASSIGNMENT( ( #2159 ) );
#1045 = ADVANCED_FACE( '', ( #2160 ), #2161, .T. );
#1046 = PRESENTATION_STYLE_ASSIGNMENT( ( #2162 ) );
#1047 = ADVANCED_FACE( '', ( #2163 ), #2164, .F. );
#1048 = PRESENTATION_STYLE_ASSIGNMENT( ( #2165 ) );
#1049 = ADVANCED_FACE( '', ( #2166 ), #2167, .T. );
#1050 = PRESENTATION_STYLE_ASSIGNMENT( ( #2168 ) );
#1051 = ADVANCED_FACE( '', ( #2169 ), #2170, .T. );
#1052 = PRESENTATION_STYLE_ASSIGNMENT( ( #2171 ) );
#1053 = ADVANCED_FACE( '', ( #2172 ), #2173, .T. );
#1054 = PRESENTATION_STYLE_ASSIGNMENT( ( #2174 ) );
#1055 = ADVANCED_FACE( '', ( #2175 ), #2176, .F. );
#1056 = PRESENTATION_STYLE_ASSIGNMENT( ( #2177 ) );
#1057 = ADVANCED_FACE( '', ( #2178 ), #2179, .T. );
#1058 = PRESENTATION_STYLE_ASSIGNMENT( ( #2180 ) );
#1059 = ADVANCED_FACE( '', ( #2181 ), #2182, .F. );
#1060 = PRESENTATION_STYLE_ASSIGNMENT( ( #2183 ) );
#1061 = ADVANCED_FACE( '', ( #2184 ), #2185, .T. );
#1062 = PRESENTATION_STYLE_ASSIGNMENT( ( #2186 ) );
#1063 = ADVANCED_FACE( '', ( #2187, #2188 ), #2189, .F. );
#1064 = PRESENTATION_STYLE_ASSIGNMENT( ( #2190 ) );
#1065 = ADVANCED_FACE( '', ( #2191 ), #2192, .T. );
#1066 = PRESENTATION_STYLE_ASSIGNMENT( ( #2193 ) );
#1067 = ADVANCED_FACE( '', ( #2194 ), #2195, .T. );
#1068 = PRESENTATION_STYLE_ASSIGNMENT( ( #2196 ) );
#1069 = ADVANCED_FACE( '', ( #2197 ), #2198, .T. );
#1070 = PRESENTATION_STYLE_ASSIGNMENT( ( #2199 ) );
#1071 = ADVANCED_FACE( '', ( #2200 ), #2201, .T. );
#1072 = PRESENTATION_STYLE_ASSIGNMENT( ( #2202 ) );
#1073 = ADVANCED_FACE( '', ( #2203 ), #2204, .F. );
#1074 = PRESENTATION_STYLE_ASSIGNMENT( ( #2205 ) );
#1075 = ADVANCED_FACE( '', ( #2206 ), #2207, .T. );
#1076 = PRESENTATION_STYLE_ASSIGNMENT( ( #2208 ) );
#1077 = ADVANCED_FACE( '', ( #2209 ), #2210, .T. );
#1078 = PRESENTATION_STYLE_ASSIGNMENT( ( #2211 ) );
#1079 = ADVANCED_FACE( '', ( #2212, #2213 ), #2214, .F. );
#1080 = PRESENTATION_STYLE_ASSIGNMENT( ( #2215 ) );
#1081 = ADVANCED_FACE( '', ( #2216 ), #2217, .F. );
#1082 = PRESENTATION_STYLE_ASSIGNMENT( ( #2218 ) );
#1083 = ADVANCED_FACE( '', ( #2219 ), #2220, .F. );
#1084 = PRESENTATION_STYLE_ASSIGNMENT( ( #2221 ) );
#1085 = ADVANCED_FACE( '', ( #2222 ), #2223, .T. );
#1086 = PRESENTATION_STYLE_ASSIGNMENT( ( #2224 ) );
#1087 = ADVANCED_FACE( '', ( #2225 ), #2226, .T. );
#1088 = PRESENTATION_STYLE_ASSIGNMENT( ( #2227 ) );
#1089 = ADVANCED_FACE( '', ( #2228 ), #2229, .F. );
#1090 = PRESENTATION_STYLE_ASSIGNMENT( ( #2230 ) );
#1091 = ADVANCED_FACE( '', ( #2231 ), #2232, .F. );
#1092 = PRESENTATION_STYLE_ASSIGNMENT( ( #2233 ) );
#1093 = ADVANCED_FACE( '', ( #2234 ), #2235, .T. );
#1094 = PRESENTATION_STYLE_ASSIGNMENT( ( #2236 ) );
#1095 = ADVANCED_FACE( '', ( #2237 ), #2238, .T. );
#1096 = PRESENTATION_STYLE_ASSIGNMENT( ( #2239 ) );
#1097 = ADVANCED_FACE( '', ( #2240 ), #2241, .T. );
#1098 = PRESENTATION_STYLE_ASSIGNMENT( ( #2242 ) );
#1099 = ADVANCED_FACE( '', ( #2243 ), #2244, .F. );
#1100 = PRESENTATION_STYLE_ASSIGNMENT( ( #2245 ) );
#1101 = ADVANCED_FACE( '', ( #2246 ), #2247, .F. );
#1102 = PRESENTATION_STYLE_ASSIGNMENT( ( #2248 ) );
#1103 = ADVANCED_FACE( '', ( #2249 ), #2250, .F. );
#1104 = PRESENTATION_STYLE_ASSIGNMENT( ( #2251 ) );
#1105 = ADVANCED_FACE( '', ( #2252 ), #2253, .T. );
#1106 = PRESENTATION_STYLE_ASSIGNMENT( ( #2254 ) );
#1107 = ADVANCED_FACE( '', ( #2255 ), #2256, .T. );
#1108 = PRESENTATION_STYLE_ASSIGNMENT( ( #2257 ) );
#1109 = ADVANCED_FACE( '', ( #2258 ), #2259, .F. );
#1110 = PRESENTATION_STYLE_ASSIGNMENT( ( #2260 ) );
#1111 = ADVANCED_FACE( '', ( #2261 ), #2262, .F. );
#1112 = PRESENTATION_STYLE_ASSIGNMENT( ( #2263 ) );
#1113 = ADVANCED_FACE( '', ( #2264 ), #2265, .T. );
#1114 = PRESENTATION_STYLE_ASSIGNMENT( ( #2266 ) );
#1115 = ADVANCED_FACE( '', ( #2267 ), #2268, .T. );
#1116 = PRESENTATION_STYLE_ASSIGNMENT( ( #2269 ) );
#1117 = ADVANCED_FACE( '', ( #2270 ), #2271, .F. );
#1118 = PRODUCT( '_IPD1-04-D-K', '_IPD1-04-D-K', 'PART-_IPD1-04-D-K-DESC', ( #2272 ) );
#1119 = PRODUCT_DEFINITION( 'NONE', 'NONE', #2273, #2 );
#1120 = MANIFOLD_SOLID_BREP( '_IPD1-04-D-K', #2274 );
#1121 = AXIS2_PLACEMENT_3D( '', #2275, #2276, #2277 );
#1124 = LENGTH_MEASURE_WITH_UNIT( LENGTH_MEASURE( 25.4000000000000 ), #2278 );
#1127 = DIMENSIONAL_EXPONENTS( 1.00000000000000, 0.000000000000000, 0.000000000000000, 0.000000000000000, 0.000000000000000, 0.000000000000000, 0.000000000000000 );
#1129 = DIMENSIONAL_EXPONENTS( 0.000000000000000, 0.000000000000000, 0.000000000000000, 0.000000000000000, 0.000000000000000, 0.000000000000000, 0.000000000000000 );
#1135 = SURFACE_STYLE_USAGE( .BOTH., #2279 );
#1136 = FACE_OUTER_BOUND( '', #2280, .T. );
#1137 = PLANE( '', #2281 );
#1138 = SURFACE_STYLE_USAGE( .BOTH., #2282 );
#1139 = FACE_OUTER_BOUND( '', #2283, .T. );
#1140 = PLANE( '', #2284 );
#1141 = SURFACE_STYLE_USAGE( .BOTH., #2285 );
#1142 = FACE_OUTER_BOUND( '', #2286, .T. );
#1143 = PLANE( '', #2287 );
#1144 = SURFACE_STYLE_USAGE( .BOTH., #2288 );
#1145 = FACE_OUTER_BOUND( '', #2289, .T. );
#1146 = PLANE( '', #2290 );
#1147 = SURFACE_STYLE_USAGE( .BOTH., #2291 );
#1148 = FACE_OUTER_BOUND( '', #2292, .T. );
#1149 = PLANE( '', #2293 );
#1150 = SURFACE_STYLE_USAGE( .BOTH., #2294 );
#1151 = FACE_OUTER_BOUND( '', #2295, .T. );
#1152 = PLANE( '', #2296 );
#1153 = SURFACE_STYLE_USAGE( .BOTH., #2297 );
#1154 = FACE_OUTER_BOUND( '', #2298, .T. );
#1155 = PLANE( '', #2299 );
#1156 = SURFACE_STYLE_USAGE( .BOTH., #2300 );
#1157 = FACE_OUTER_BOUND( '', #2301, .T. );
#1158 = PLANE( '', #2302 );
#1159 = SURFACE_STYLE_USAGE( .BOTH., #2303 );
#1160 = FACE_OUTER_BOUND( '', #2304, .T. );
#1161 = PLANE( '', #2305 );
#1162 = SURFACE_STYLE_USAGE( .BOTH., #2306 );
#1163 = FACE_OUTER_BOUND( '', #2307, .T. );
#1164 = PLANE( '', #2308 );
#1165 = SURFACE_STYLE_USAGE( .BOTH., #2309 );
#1166 = FACE_OUTER_BOUND( '', #2310, .T. );
#1167 = PLANE( '', #2311 );
#1168 = SURFACE_STYLE_USAGE( .BOTH., #2312 );
#1169 = FACE_OUTER_BOUND( '', #2313, .T. );
#1170 = FACE_BOUND( '', #2314, .T. );
#1171 = FACE_BOUND( '', #2315, .T. );
#1172 = PLANE( '', #2316 );
#1173 = SURFACE_STYLE_USAGE( .BOTH., #2317 );
#1174 = FACE_OUTER_BOUND( '', #2318, .T. );
#1175 = PLANE( '', #2319 );
#1176 = SURFACE_STYLE_USAGE( .BOTH., #2320 );
#1177 = FACE_OUTER_BOUND( '', #2321, .T. );
#1178 = PLANE( '', #2322 );
#1179 = SURFACE_STYLE_USAGE( .BOTH., #2323 );
#1180 = FACE_OUTER_BOUND( '', #2324, .T. );
#1181 = PLANE( '', #2325 );
#1182 = SURFACE_STYLE_USAGE( .BOTH., #2326 );
#1183 = FACE_OUTER_BOUND( '', #2327, .T. );
#1184 = PLANE( '', #2328 );
#1185 = SURFACE_STYLE_USAGE( .BOTH., #2329 );
#1186 = FACE_OUTER_BOUND( '', #2330, .T. );
#1187 = PLANE( '', #2331 );
#1188 = SURFACE_STYLE_USAGE( .BOTH., #2332 );
#1189 = FACE_OUTER_BOUND( '', #2333, .T. );
#1190 = PLANE( '', #2334 );
#1191 = SURFACE_STYLE_USAGE( .BOTH., #2335 );
#1192 = FACE_OUTER_BOUND( '', #2336, .T. );
#1193 = PLANE( '', #2337 );
#1194 = SURFACE_STYLE_USAGE( .BOTH., #2338 );
#1195 = FACE_OUTER_BOUND( '', #2339, .T. );
#1196 = PLANE( '', #2340 );
#1197 = SURFACE_STYLE_USAGE( .BOTH., #2341 );
#1198 = FACE_OUTER_BOUND( '', #2342, .T. );
#1199 = PLANE( '', #2343 );
#1200 = SURFACE_STYLE_USAGE( .BOTH., #2344 );
#1201 = FACE_OUTER_BOUND( '', #2345, .T. );
#1202 = PLANE( '', #2346 );
#1203 = SURFACE_STYLE_USAGE( .BOTH., #2347 );
#1204 = FACE_OUTER_BOUND( '', #2348, .T. );
#1205 = PLANE( '', #2349 );
#1206 = SURFACE_STYLE_USAGE( .BOTH., #2350 );
#1207 = FACE_OUTER_BOUND( '', #2351, .T. );
#1208 = PLANE( '', #2352 );
#1209 = SURFACE_STYLE_USAGE( .BOTH., #2353 );
#1210 = FACE_OUTER_BOUND( '', #2354, .T. );
#1211 = PLANE( '', #2355 );
#1212 = SURFACE_STYLE_USAGE( .BOTH., #2356 );
#1213 = FACE_OUTER_BOUND( '', #2357, .T. );
#1214 = PLANE( '', #2358 );
#1215 = SURFACE_STYLE_USAGE( .BOTH., #2359 );
#1216 = FACE_OUTER_BOUND( '', #2360, .T. );
#1217 = PLANE( '', #2361 );
#1218 = SURFACE_STYLE_USAGE( .BOTH., #2362 );
#1219 = FACE_OUTER_BOUND( '', #2363, .T. );
#1220 = PLANE( '', #2364 );
#1221 = SURFACE_STYLE_USAGE( .BOTH., #2365 );
#1222 = FACE_OUTER_BOUND( '', #2366, .T. );
#1223 = PLANE( '', #2367 );
#1224 = SURFACE_STYLE_USAGE( .BOTH., #2368 );
#1225 = FACE_OUTER_BOUND( '', #2369, .T. );
#1226 = FACE_BOUND( '', #2370, .T. );
#1227 = PLANE( '', #2371 );
#1228 = SURFACE_STYLE_USAGE( .BOTH., #2372 );
#1229 = FACE_OUTER_BOUND( '', #2373, .T. );
#1230 = FACE_BOUND( '', #2374, .T. );
#1231 = PLANE( '', #2375 );
#1232 = SURFACE_STYLE_USAGE( .BOTH., #2376 );
#1233 = FACE_OUTER_BOUND( '', #2377, .T. );
#1234 = PLANE( '', #2378 );
#1235 = SURFACE_STYLE_USAGE( .BOTH., #2379 );
#1236 = FACE_OUTER_BOUND( '', #2380, .T. );
#1237 = PLANE( '', #2381 );
#1238 = SURFACE_STYLE_USAGE( .BOTH., #2382 );
#1239 = FACE_OUTER_BOUND( '', #2383, .T. );
#1240 = PLANE( '', #2384 );
#1241 = SURFACE_STYLE_USAGE( .BOTH., #2385 );
#1242 = FACE_OUTER_BOUND( '', #2386, .T. );
#1243 = PLANE( '', #2387 );
#1244 = SURFACE_STYLE_USAGE( .BOTH., #2388 );
#1245 = FACE_OUTER_BOUND( '', #2389, .T. );
#1246 = PLANE( '', #2390 );
#1247 = SURFACE_STYLE_USAGE( .BOTH., #2391 );
#1248 = FACE_OUTER_BOUND( '', #2392, .T. );
#1249 = PLANE( '', #2393 );
#1250 = SURFACE_STYLE_USAGE( .BOTH., #2394 );
#1251 = FACE_OUTER_BOUND( '', #2395, .T. );
#1252 = PLANE( '', #2396 );
#1253 = SURFACE_STYLE_USAGE( .BOTH., #2397 );
#1254 = FACE_OUTER_BOUND( '', #2398, .T. );
#1255 = PLANE( '', #2399 );
#1256 = SURFACE_STYLE_USAGE( .BOTH., #2400 );
#1257 = FACE_OUTER_BOUND( '', #2401, .T. );
#1258 = PLANE( '', #2402 );
#1259 = SURFACE_STYLE_USAGE( .BOTH., #2403 );
#1260 = FACE_OUTER_BOUND( '', #2404, .T. );
#1261 = PLANE( '', #2405 );
#1262 = SURFACE_STYLE_USAGE( .BOTH., #2406 );
#1263 = FACE_OUTER_BOUND( '', #2407, .T. );
#1264 = PLANE( '', #2408 );
#1265 = SURFACE_STYLE_USAGE( .BOTH., #2409 );
#1266 = FACE_OUTER_BOUND( '', #2410, .T. );
#1267 = PLANE( '', #2411 );
#1268 = SURFACE_STYLE_USAGE( .BOTH., #2412 );
#1269 = FACE_OUTER_BOUND( '', #2413, .T. );
#1270 = PLANE( '', #2414 );
#1271 = SURFACE_STYLE_USAGE( .BOTH., #2415 );
#1272 = FACE_OUTER_BOUND( '', #2416, .T. );
#1273 = PLANE( '', #2417 );
#1274 = SURFACE_STYLE_USAGE( .BOTH., #2418 );
#1275 = FACE_OUTER_BOUND( '', #2419, .T. );
#1276 = PLANE( '', #2420 );
#1277 = SURFACE_STYLE_USAGE( .BOTH., #2421 );
#1278 = FACE_OUTER_BOUND( '', #2422, .T. );
#1279 = PLANE( '', #2423 );
#1280 = SURFACE_STYLE_USAGE( .BOTH., #2424 );
#1281 = FACE_OUTER_BOUND( '', #2425, .T. );
#1282 = PLANE( '', #2426 );
#1283 = SURFACE_STYLE_USAGE( .BOTH., #2427 );
#1284 = FACE_OUTER_BOUND( '', #2428, .T. );
#1285 = PLANE( '', #2429 );
#1286 = SURFACE_STYLE_USAGE( .BOTH., #2430 );
#1287 = FACE_OUTER_BOUND( '', #2431, .T. );
#1288 = PLANE( '', #2432 );
#1289 = SURFACE_STYLE_USAGE( .BOTH., #2433 );
#1290 = FACE_OUTER_BOUND( '', #2434, .T. );
#1291 = PLANE( '', #2435 );
#1292 = SURFACE_STYLE_USAGE( .BOTH., #2436 );
#1293 = FACE_OUTER_BOUND( '', #2437, .T. );
#1294 = PLANE( '', #2438 );
#1295 = SURFACE_STYLE_USAGE( .BOTH., #2439 );
#1296 = FACE_OUTER_BOUND( '', #2440, .T. );
#1297 = PLANE( '', #2441 );
#1298 = SURFACE_STYLE_USAGE( .BOTH., #2442 );
#1299 = FACE_BOUND( '', #2443, .T. );
#1300 = FACE_OUTER_BOUND( '', #2444, .T. );
#1301 = PLANE( '', #2445 );
#1302 = SURFACE_STYLE_USAGE( .BOTH., #2446 );
#1303 = FACE_OUTER_BOUND( '', #2447, .T. );
#1304 = FACE_BOUND( '', #2448, .T. );
#1305 = PLANE( '', #2449 );
#1306 = SURFACE_STYLE_USAGE( .BOTH., #2450 );
#1307 = FACE_OUTER_BOUND( '', #2451, .T. );
#1308 = PLANE( '', #2452 );
#1309 = SURFACE_STYLE_USAGE( .BOTH., #2453 );
#1310 = FACE_OUTER_BOUND( '', #2454, .T. );
#1311 = PLANE( '', #2455 );
#1312 = SURFACE_STYLE_USAGE( .BOTH., #2456 );
#1313 = FACE_OUTER_BOUND( '', #2457, .T. );
#1314 = CYLINDRICAL_SURFACE( '', #2458, 0.0250000000000000 );
#1315 = SURFACE_STYLE_USAGE( .BOTH., #2459 );
#1316 = FACE_OUTER_BOUND( '', #2460, .T. );
#1317 = PLANE( '', #2461 );
#1318 = SURFACE_STYLE_USAGE( .BOTH., #2462 );
#1319 = FACE_OUTER_BOUND( '', #2463, .T. );
#1320 = PLANE( '', #2464 );
#1321 = SURFACE_STYLE_USAGE( .BOTH., #2465 );
#1322 = FACE_OUTER_BOUND( '', #2466, .T. );
#1323 = PLANE( '', #2467 );
#1324 = SURFACE_STYLE_USAGE( .BOTH., #2468 );
#1325 = FACE_OUTER_BOUND( '', #2469, .T. );
#1326 = PLANE( '', #2470 );
#1327 = SURFACE_STYLE_USAGE( .BOTH., #2471 );
#1328 = FACE_OUTER_BOUND( '', #2472, .T. );
#1329 = PLANE( '', #2473 );
#1330 = SURFACE_STYLE_USAGE( .BOTH., #2474 );
#1331 = FACE_OUTER_BOUND( '', #2475, .T. );
#1332 = CYLINDRICAL_SURFACE( '', #2476, 0.0250000000000000 );
#1333 = SURFACE_STYLE_USAGE( .BOTH., #2477 );
#1334 = FACE_OUTER_BOUND( '', #2478, .T. );
#1335 = PLANE( '', #2479 );
#1336 = SURFACE_STYLE_USAGE( .BOTH., #2480 );
#1337 = FACE_OUTER_BOUND( '', #2481, .T. );
#1338 = PLANE( '', #2482 );
#1339 = SURFACE_STYLE_USAGE( .BOTH., #2483 );
#1340 = FACE_OUTER_BOUND( '', #2484, .T. );
#1341 = PLANE( '', #2485 );
#1342 = SURFACE_STYLE_USAGE( .BOTH., #2486 );
#1343 = FACE_OUTER_BOUND( '', #2487, .T. );
#1344 = PLANE( '', #2488 );
#1345 = SURFACE_STYLE_USAGE( .BOTH., #2489 );
#1346 = FACE_OUTER_BOUND( '', #2490, .T. );
#1347 = PLANE( '', #2491 );
#1348 = SURFACE_STYLE_USAGE( .BOTH., #2492 );
#1349 = FACE_OUTER_BOUND( '', #2493, .T. );
#1350 = PLANE( '', #2494 );
#1351 = SURFACE_STYLE_USAGE( .BOTH., #2495 );
#1352 = FACE_OUTER_BOUND( '', #2496, .T. );
#1353 = PLANE( '', #2497 );
#1354 = SURFACE_STYLE_USAGE( .BOTH., #2498 );
#1355 = FACE_OUTER_BOUND( '', #2499, .T. );
#1356 = PLANE( '', #2500 );
#1357 = SURFACE_STYLE_USAGE( .BOTH., #2501 );
#1358 = FACE_OUTER_BOUND( '', #2502, .T. );
#1359 = PLANE( '', #2503 );
#1360 = SURFACE_STYLE_USAGE( .BOTH., #2504 );
#1361 = FACE_OUTER_BOUND( '', #2505, .T. );
#1362 = FACE_BOUND( '', #2506, .T. );
#1363 = PLANE( '', #2507 );
#1364 = SURFACE_STYLE_USAGE( .BOTH., #2508 );
#1365 = FACE_OUTER_BOUND( '', #2509, .T. );
#1366 = PLANE( '', #2510 );
#1367 = SURFACE_STYLE_USAGE( .BOTH., #2511 );
#1368 = FACE_OUTER_BOUND( '', #2512, .T. );
#1369 = PLANE( '', #2513 );
#1370 = SURFACE_STYLE_USAGE( .BOTH., #2514 );
#1371 = FACE_OUTER_BOUND( '', #2515, .T. );
#1372 = PLANE( '', #2516 );
#1373 = SURFACE_STYLE_USAGE( .BOTH., #2517 );
#1374 = FACE_OUTER_BOUND( '', #2518, .T. );
#1375 = PLANE( '', #2519 );
#1376 = SURFACE_STYLE_USAGE( .BOTH., #2520 );
#1377 = FACE_OUTER_BOUND( '', #2521, .T. );
#1378 = PLANE( '', #2522 );
#1379 = SURFACE_STYLE_USAGE( .BOTH., #2523 );
#1380 = FACE_OUTER_BOUND( '', #2524, .T. );
#1381 = PLANE( '', #2525 );
#1382 = SURFACE_STYLE_USAGE( .BOTH., #2526 );
#1383 = FACE_OUTER_BOUND( '', #2527, .T. );
#1384 = PLANE( '', #2528 );
#1385 = SURFACE_STYLE_USAGE( .BOTH., #2529 );
#1386 = FACE_OUTER_BOUND( '', #2530, .T. );
#1387 = PLANE( '', #2531 );
#1388 = SURFACE_STYLE_USAGE( .BOTH., #2532 );
#1389 = FACE_OUTER_BOUND( '', #2533, .T. );
#1390 = PLANE( '', #2534 );
#1391 = SURFACE_STYLE_USAGE( .BOTH., #2535 );
#1392 = FACE_OUTER_BOUND( '', #2536, .T. );
#1393 = PLANE( '', #2537 );
#1394 = SURFACE_STYLE_USAGE( .BOTH., #2538 );
#1395 = FACE_OUTER_BOUND( '', #2539, .T. );
#1396 = FACE_BOUND( '', #2540, .T. );
#1397 = PLANE( '', #2541 );
#1398 = SURFACE_STYLE_USAGE( .BOTH., #2542 );
#1399 = FACE_OUTER_BOUND( '', #2543, .T. );
#1400 = PLANE( '', #2544 );
#1401 = SURFACE_STYLE_USAGE( .BOTH., #2545 );
#1402 = FACE_OUTER_BOUND( '', #2546, .T. );
#1403 = PLANE( '', #2547 );
#1404 = SURFACE_STYLE_USAGE( .BOTH., #2548 );
#1405 = FACE_BOUND( '', #2549, .T. );
#1406 = FACE_BOUND( '', #2550, .T. );
#1407 = FACE_OUTER_BOUND( '', #2551, .T. );
#1408 = PLANE( '', #2552 );
#1409 = SURFACE_STYLE_USAGE( .BOTH., #2553 );
#1410 = FACE_OUTER_BOUND( '', #2554, .T. );
#1411 = PLANE( '', #2555 );
#1412 = SURFACE_STYLE_USAGE( .BOTH., #2556 );
#1413 = FACE_OUTER_BOUND( '', #2557, .T. );
#1414 = PLANE( '', #2558 );
#1415 = SURFACE_STYLE_USAGE( .BOTH., #2559 );
#1416 = FACE_OUTER_BOUND( '', #2560, .T. );
#1417 = PLANE( '', #2561 );
#1418 = SURFACE_STYLE_USAGE( .BOTH., #2562 );
#1419 = FACE_OUTER_BOUND( '', #2563, .T. );
#1420 = FACE_BOUND( '', #2564, .T. );
#1421 = PLANE( '', #2565 );
#1422 = SURFACE_STYLE_USAGE( .BOTH., #2566 );
#1423 = FACE_OUTER_BOUND( '', #2567, .T. );
#1424 = PLANE( '', #2568 );
#1425 = SURFACE_STYLE_USAGE( .BOTH., #2569 );
#1426 = FACE_OUTER_BOUND( '', #2570, .T. );
#1427 = PLANE( '', #2571 );
#1428 = SURFACE_STYLE_USAGE( .BOTH., #2572 );
#1429 = FACE_OUTER_BOUND( '', #2573, .T. );
#1430 = PLANE( '', #2574 );
#1431 = SURFACE_STYLE_USAGE( .BOTH., #2575 );
#1432 = FACE_OUTER_BOUND( '', #2576, .T. );
#1433 = PLANE( '', #2577 );
#1434 = SURFACE_STYLE_USAGE( .BOTH., #2578 );
#1435 = FACE_OUTER_BOUND( '', #2579, .T. );
#1436 = PLANE( '', #2580 );
#1437 = SURFACE_STYLE_USAGE( .BOTH., #2581 );
#1438 = FACE_OUTER_BOUND( '', #2582, .T. );
#1439 = PLANE( '', #2583 );
#1440 = SURFACE_STYLE_USAGE( .BOTH., #2584 );
#1441 = FACE_OUTER_BOUND( '', #2585, .T. );
#1442 = PLANE( '', #2586 );
#1443 = SURFACE_STYLE_USAGE( .BOTH., #2587 );
#1444 = FACE_OUTER_BOUND( '', #2588, .T. );
#1445 = PLANE( '', #2589 );
#1446 = SURFACE_STYLE_USAGE( .BOTH., #2590 );
#1447 = FACE_OUTER_BOUND( '', #2591, .T. );
#1448 = PLANE( '', #2592 );
#1449 = SURFACE_STYLE_USAGE( .BOTH., #2593 );
#1450 = FACE_OUTER_BOUND( '', #2594, .T. );
#1451 = PLANE( '', #2595 );
#1452 = SURFACE_STYLE_USAGE( .BOTH., #2596 );
#1453 = FACE_OUTER_BOUND( '', #2597, .T. );
#1454 = PLANE( '', #2598 );
#1455 = SURFACE_STYLE_USAGE( .BOTH., #2599 );
#1456 = FACE_OUTER_BOUND( '', #2600, .T. );
#1457 = PLANE( '', #2601 );
#1458 = SURFACE_STYLE_USAGE( .BOTH., #2602 );
#1459 = FACE_OUTER_BOUND( '', #2603, .T. );
#1460 = PLANE( '', #2604 );
#1461 = SURFACE_STYLE_USAGE( .BOTH., #2605 );
#1462 = FACE_OUTER_BOUND( '', #2606, .T. );
#1463 = PLANE( '', #2607 );
#1464 = SURFACE_STYLE_USAGE( .BOTH., #2608 );
#1465 = FACE_OUTER_BOUND( '', #2609, .T. );
#1466 = PLANE( '', #2610 );
#1467 = SURFACE_STYLE_USAGE( .BOTH., #2611 );
#1468 = FACE_OUTER_BOUND( '', #2612, .T. );
#1469 = PLANE( '', #2613 );
#1470 = SURFACE_STYLE_USAGE( .BOTH., #2614 );
#1471 = FACE_OUTER_BOUND( '', #2615, .T. );
#1472 = PLANE( '', #2616 );
#1473 = SURFACE_STYLE_USAGE( .BOTH., #2617 );
#1474 = FACE_OUTER_BOUND( '', #2618, .T. );
#1475 = PLANE( '', #2619 );
#1476 = SURFACE_STYLE_USAGE( .BOTH., #2620 );
#1477 = FACE_OUTER_BOUND( '', #2621, .T. );
#1478 = PLANE( '', #2622 );
#1479 = SURFACE_STYLE_USAGE( .BOTH., #2623 );
#1480 = FACE_OUTER_BOUND( '', #2624, .T. );
#1481 = PLANE( '', #2625 );
#1482 = SURFACE_STYLE_USAGE( .BOTH., #2626 );
#1483 = FACE_OUTER_BOUND( '', #2627, .T. );
#1484 = PLANE( '', #2628 );
#1485 = SURFACE_STYLE_USAGE( .BOTH., #2629 );
#1486 = FACE_OUTER_BOUND( '', #2630, .T. );
#1487 = PLANE( '', #2631 );
#1488 = SURFACE_STYLE_USAGE( .BOTH., #2632 );
#1489 = FACE_OUTER_BOUND( '', #2633, .T. );
#1490 = FACE_BOUND( '', #2634, .T. );
#1491 = PLANE( '', #2635 );
#1492 = SURFACE_STYLE_USAGE( .BOTH., #2636 );
#1493 = FACE_OUTER_BOUND( '', #2637, .T. );
#1494 = PLANE( '', #2638 );
#1495 = SURFACE_STYLE_USAGE( .BOTH., #2639 );
#1496 = FACE_OUTER_BOUND( '', #2640, .T. );
#1497 = PLANE( '', #2641 );
#1498 = SURFACE_STYLE_USAGE( .BOTH., #2642 );
#1499 = FACE_OUTER_BOUND( '', #2643, .T. );
#1500 = FACE_BOUND( '', #2644, .T. );
#1501 = PLANE( '', #2645 );
#1502 = SURFACE_STYLE_USAGE( .BOTH., #2646 );
#1503 = FACE_OUTER_BOUND( '', #2647, .T. );
#1504 = PLANE( '', #2648 );
#1505 = SURFACE_STYLE_USAGE( .BOTH., #2649 );
#1506 = FACE_OUTER_BOUND( '', #2650, .T. );
#1507 = PLANE( '', #2651 );
#1508 = SURFACE_STYLE_USAGE( .BOTH., #2652 );
#1509 = FACE_OUTER_BOUND( '', #2653, .T. );
#1510 = PLANE( '', #2654 );
#1511 = SURFACE_STYLE_USAGE( .BOTH., #2655 );
#1512 = FACE_OUTER_BOUND( '', #2656, .T. );
#1513 = PLANE( '', #2657 );
#1514 = SURFACE_STYLE_USAGE( .BOTH., #2658 );
#1515 = FACE_OUTER_BOUND( '', #2659, .T. );
#1516 = PLANE( '', #2660 );
#1517 = SURFACE_STYLE_USAGE( .BOTH., #2661 );
#1518 = FACE_OUTER_BOUND( '', #2662, .T. );
#1519 = FACE_BOUND( '', #2663, .T. );
#1520 = PLANE( '', #2664 );
#1521 = SURFACE_STYLE_USAGE( .BOTH., #2665 );
#1522 = FACE_OUTER_BOUND( '', #2666, .T. );
#1523 = PLANE( '', #2667 );
#1524 = SURFACE_STYLE_USAGE( .BOTH., #2668 );
#1525 = FACE_OUTER_BOUND( '', #2669, .T. );
#1526 = FACE_BOUND( '', #2670, .T. );
#1527 = PLANE( '', #2671 );
#1528 = SURFACE_STYLE_USAGE( .BOTH., #2672 );
#1529 = FACE_OUTER_BOUND( '', #2673, .T. );
#1530 = PLANE( '', #2674 );
#1531 = SURFACE_STYLE_USAGE( .BOTH., #2675 );
#1532 = FACE_OUTER_BOUND( '', #2676, .T. );
#1533 = PLANE( '', #2677 );
#1534 = SURFACE_STYLE_USAGE( .BOTH., #2678 );
#1535 = FACE_OUTER_BOUND( '', #2679, .T. );
#1536 = PLANE( '', #2680 );
#1537 = SURFACE_STYLE_USAGE( .BOTH., #2681 );
#1538 = FACE_OUTER_BOUND( '', #2682, .T. );
#1539 = PLANE( '', #2683 );
#1540 = SURFACE_STYLE_USAGE( .BOTH., #2684 );
#1541 = FACE_OUTER_BOUND( '', #2685, .T. );
#1542 = PLANE( '', #2686 );
#1543 = SURFACE_STYLE_USAGE( .BOTH., #2687 );
#1544 = FACE_OUTER_BOUND( '', #2688, .T. );
#1545 = PLANE( '', #2689 );
#1546 = SURFACE_STYLE_USAGE( .BOTH., #2690 );
#1547 = FACE_OUTER_BOUND( '', #2691, .T. );
#1548 = PLANE( '', #2692 );
#1549 = SURFACE_STYLE_USAGE( .BOTH., #2693 );
#1550 = FACE_OUTER_BOUND( '', #2694, .T. );
#1551 = PLANE( '', #2695 );
#1552 = SURFACE_STYLE_USAGE( .BOTH., #2696 );
#1553 = FACE_OUTER_BOUND( '', #2697, .T. );
#1554 = PLANE( '', #2698 );
#1555 = SURFACE_STYLE_USAGE( .BOTH., #2699 );
#1556 = FACE_BOUND( '', #2700, .T. );
#1557 = FACE_OUTER_BOUND( '', #2701, .T. );
#1558 = PLANE( '', #2702 );
#1559 = SURFACE_STYLE_USAGE( .BOTH., #2703 );
#1560 = FACE_OUTER_BOUND( '', #2704, .T. );
#1561 = PLANE( '', #2705 );
#1562 = SURFACE_STYLE_USAGE( .BOTH., #2706 );
#1563 = FACE_OUTER_BOUND( '', #2707, .T. );
#1564 = FACE_BOUND( '', #2708, .T. );
#1565 = PLANE( '', #2709 );
#1566 = SURFACE_STYLE_USAGE( .BOTH., #2710 );
#1567 = FACE_OUTER_BOUND( '', #2711, .T. );
#1568 = PLANE( '', #2712 );
#1569 = SURFACE_STYLE_USAGE( .BOTH., #2713 );
#1570 = FACE_OUTER_BOUND( '', #2714, .T. );
#1571 = PLANE( '', #2715 );
#1572 = SURFACE_STYLE_USAGE( .BOTH., #2716 );
#1573 = FACE_OUTER_BOUND( '', #2717, .T. );
#1574 = PLANE( '', #2718 );
#1575 = SURFACE_STYLE_USAGE( .BOTH., #2719 );
#1576 = FACE_OUTER_BOUND( '', #2720, .T. );
#1577 = PLANE( '', #2721 );
#1578 = SURFACE_STYLE_USAGE( .BOTH., #2722 );
#1579 = FACE_OUTER_BOUND( '', #2723, .T. );
#1580 = PLANE( '', #2724 );
#1581 = SURFACE_STYLE_USAGE( .BOTH., #2725 );
#1582 = FACE_OUTER_BOUND( '', #2726, .T. );
#1583 = PLANE( '', #2727 );
#1584 = SURFACE_STYLE_USAGE( .BOTH., #2728 );
#1585 = FACE_OUTER_BOUND( '', #2729, .T. );
#1586 = PLANE( '', #2730 );
#1587 = SURFACE_STYLE_USAGE( .BOTH., #2731 );
#1588 = FACE_OUTER_BOUND( '', #2732, .T. );
#1589 = PLANE( '', #2733 );
#1590 = SURFACE_STYLE_USAGE( .BOTH., #2734 );
#1591 = FACE_OUTER_BOUND( '', #2735, .T. );
#1592 = PLANE( '', #2736 );
#1593 = SURFACE_STYLE_USAGE( .BOTH., #2737 );
#1594 = FACE_OUTER_BOUND( '', #2738, .T. );
#1595 = PLANE( '', #2739 );
#1596 = SURFACE_STYLE_USAGE( .BOTH., #2740 );
#1597 = FACE_OUTER_BOUND( '', #2741, .T. );
#1598 = PLANE( '', #2742 );
#1599 = SURFACE_STYLE_USAGE( .BOTH., #2743 );
#1600 = FACE_OUTER_BOUND( '', #2744, .T. );
#1601 = FACE_BOUND( '', #2745, .T. );
#1602 = PLANE( '', #2746 );
#1603 = SURFACE_STYLE_USAGE( .BOTH., #2747 );
#1604 = FACE_OUTER_BOUND( '', #2748, .T. );
#1605 = PLANE( '', #2749 );
#1606 = SURFACE_STYLE_USAGE( .BOTH., #2750 );
#1607 = FACE_OUTER_BOUND( '', #2751, .T. );
#1608 = PLANE( '', #2752 );
#1609 = SURFACE_STYLE_USAGE( .BOTH., #2753 );
#1610 = FACE_OUTER_BOUND( '', #2754, .T. );
#1611 = PLANE( '', #2755 );
#1612 = SURFACE_STYLE_USAGE( .BOTH., #2756 );
#1613 = FACE_OUTER_BOUND( '', #2757, .T. );
#1614 = PLANE( '', #2758 );
#1615 = SURFACE_STYLE_USAGE( .BOTH., #2759 );
#1616 = FACE_OUTER_BOUND( '', #2760, .T. );
#1617 = PLANE( '', #2761 );
#1618 = SURFACE_STYLE_USAGE( .BOTH., #2762 );
#1619 = FACE_BOUND( '', #2763, .T. );
#1620 = FACE_OUTER_BOUND( '', #2764, .T. );
#1621 = PLANE( '', #2765 );
#1622 = SURFACE_STYLE_USAGE( .BOTH., #2766 );
#1623 = FACE_OUTER_BOUND( '', #2767, .T. );
#1624 = PLANE( '', #2768 );
#1625 = SURFACE_STYLE_USAGE( .BOTH., #2769 );
#1626 = FACE_OUTER_BOUND( '', #2770, .T. );
#1627 = PLANE( '', #2771 );
#1628 = SURFACE_STYLE_USAGE( .BOTH., #2772 );
#1629 = FACE_OUTER_BOUND( '', #2773, .T. );
#1630 = PLANE( '', #2774 );
#1631 = SURFACE_STYLE_USAGE( .BOTH., #2775 );
#1632 = FACE_BOUND( '', #2776, .T. );
#1633 = FACE_OUTER_BOUND( '', #2777, .T. );
#1634 = PLANE( '', #2778 );
#1635 = SURFACE_STYLE_USAGE( .BOTH., #2779 );
#1636 = FACE_OUTER_BOUND( '', #2780, .T. );
#1637 = PLANE( '', #2781 );
#1638 = SURFACE_STYLE_USAGE( .BOTH., #2782 );
#1639 = FACE_BOUND( '', #2783, .T. );
#1640 = FACE_OUTER_BOUND( '', #2784, .T. );
#1641 = PLANE( '', #2785 );
#1642 = SURFACE_STYLE_USAGE( .BOTH., #2786 );
#1643 = FACE_OUTER_BOUND( '', #2787, .T. );
#1644 = PLANE( '', #2788 );
#1645 = SURFACE_STYLE_USAGE( .BOTH., #2789 );
#1646 = FACE_OUTER_BOUND( '', #2790, .T. );
#1647 = PLANE( '', #2791 );
#1648 = SURFACE_STYLE_USAGE( .BOTH., #2792 );
#1649 = FACE_OUTER_BOUND( '', #2793, .T. );
#1650 = PLANE( '', #2794 );
#1651 = SURFACE_STYLE_USAGE( .BOTH., #2795 );
#1652 = FACE_OUTER_BOUND( '', #2796, .T. );
#1653 = PLANE( '', #2797 );
#1654 = SURFACE_STYLE_USAGE( .BOTH., #2798 );
#1655 = FACE_OUTER_BOUND( '', #2799, .T. );
#1656 = PLANE( '', #2800 );
#1657 = SURFACE_STYLE_USAGE( .BOTH., #2801 );
#1658 = FACE_OUTER_BOUND( '', #2802, .T. );
#1659 = PLANE( '', #2803 );
#1660 = SURFACE_STYLE_USAGE( .BOTH., #2804 );
#1661 = FACE_OUTER_BOUND( '', #2805, .T. );
#1662 = PLANE( '', #2806 );
#1663 = SURFACE_STYLE_USAGE( .BOTH., #2807 );
#1664 = FACE_OUTER_BOUND( '', #2808, .T. );
#1665 = PLANE( '', #2809 );
#1666 = SURFACE_STYLE_USAGE( .BOTH., #2810 );
#1667 = FACE_OUTER_BOUND( '', #2811, .T. );
#1668 = PLANE( '', #2812 );
#1669 = SURFACE_STYLE_USAGE( .BOTH., #2813 );
#1670 = FACE_OUTER_BOUND( '', #2814, .T. );
#1671 = FACE_BOUND( '', #2815, .T. );
#1672 = PLANE( '', #2816 );
#1673 = SURFACE_STYLE_USAGE( .BOTH., #2817 );
#1674 = FACE_OUTER_BOUND( '', #2818, .T. );
#1675 = PLANE( '', #2819 );
#1676 = SURFACE_STYLE_USAGE( .BOTH., #2820 );
#1677 = FACE_OUTER_BOUND( '', #2821, .T. );
#1678 = FACE_BOUND( '', #2822, .T. );
#1679 = PLANE( '', #2823 );
#1680 = SURFACE_STYLE_USAGE( .BOTH., #2824 );
#1681 = FACE_OUTER_BOUND( '', #2825, .T. );
#1682 = PLANE( '', #2826 );
#1683 = SURFACE_STYLE_USAGE( .BOTH., #2827 );
#1684 = FACE_OUTER_BOUND( '', #2828, .T. );
#1685 = PLANE( '', #2829 );
#1686 = SURFACE_STYLE_USAGE( .BOTH., #2830 );
#1687 = FACE_OUTER_BOUND( '', #2831, .T. );
#1688 = PLANE( '', #2832 );
#1689 = SURFACE_STYLE_USAGE( .BOTH., #2833 );
#1690 = FACE_OUTER_BOUND( '', #2834, .T. );
#1691 = PLANE( '', #2835 );
#1692 = SURFACE_STYLE_USAGE( .BOTH., #2836 );
#1693 = FACE_OUTER_BOUND( '', #2837, .T. );
#1694 = PLANE( '', #2838 );
#1695 = SURFACE_STYLE_USAGE( .BOTH., #2839 );
#1696 = FACE_OUTER_BOUND( '', #2840, .T. );
#1697 = PLANE( '', #2841 );
#1698 = SURFACE_STYLE_USAGE( .BOTH., #2842 );
#1699 = FACE_BOUND( '', #2843, .T. );
#1700 = FACE_BOUND( '', #2844, .T. );
#1701 = FACE_OUTER_BOUND( '', #2845, .T. );
#1702 = PLANE( '', #2846 );
#1703 = SURFACE_STYLE_USAGE( .BOTH., #2847 );
#1704 = FACE_OUTER_BOUND( '', #2848, .T. );
#1705 = PLANE( '', #2849 );
#1706 = SURFACE_STYLE_USAGE( .BOTH., #2850 );
#1707 = FACE_OUTER_BOUND( '', #2851, .T. );
#1708 = PLANE( '', #2852 );
#1709 = SURFACE_STYLE_USAGE( .BOTH., #2853 );
#1710 = FACE_OUTER_BOUND( '', #2854, .T. );
#1711 = PLANE( '', #2855 );
#1712 = SURFACE_STYLE_USAGE( .BOTH., #2856 );
#1713 = FACE_OUTER_BOUND( '', #2857, .T. );
#1714 = PLANE( '', #2858 );
#1715 = SURFACE_STYLE_USAGE( .BOTH., #2859 );
#1716 = FACE_OUTER_BOUND( '', #2860, .T. );
#1717 = PLANE( '', #2861 );
#1718 = SURFACE_STYLE_USAGE( .BOTH., #2862 );
#1719 = FACE_OUTER_BOUND( '', #2863, .T. );
#1720 = PLANE( '', #2864 );
#1721 = SURFACE_STYLE_USAGE( .BOTH., #2865 );
#1722 = FACE_OUTER_BOUND( '', #2866, .T. );
#1723 = PLANE( '', #2867 );
#1724 = SURFACE_STYLE_USAGE( .BOTH., #2868 );
#1725 = FACE_OUTER_BOUND( '', #2869, .T. );
#1726 = PLANE( '', #2870 );
#1727 = SURFACE_STYLE_USAGE( .BOTH., #2871 );
#1728 = FACE_OUTER_BOUND( '', #2872, .T. );
#1729 = PLANE( '', #2873 );
#1730 = SURFACE_STYLE_USAGE( .BOTH., #2874 );
#1731 = FACE_OUTER_BOUND( '', #2875, .T. );
#1732 = FACE_BOUND( '', #2876, .T. );
#1733 = PLANE( '', #2877 );
#1734 = SURFACE_STYLE_USAGE( .BOTH., #2878 );
#1735 = FACE_OUTER_BOUND( '', #2879, .T. );
#1736 = PLANE( '', #2880 );
#1737 = SURFACE_STYLE_USAGE( .BOTH., #2881 );
#1738 = FACE_OUTER_BOUND( '', #2882, .T. );
#1739 = PLANE( '', #2883 );
#1740 = SURFACE_STYLE_USAGE( .BOTH., #2884 );
#1741 = FACE_OUTER_BOUND( '', #2885, .T. );
#1742 = PLANE( '', #2886 );
#1743 = SURFACE_STYLE_USAGE( .BOTH., #2887 );
#1744 = FACE_OUTER_BOUND( '', #2888, .T. );
#1745 = PLANE( '', #2889 );
#1746 = SURFACE_STYLE_USAGE( .BOTH., #2890 );
#1747 = FACE_OUTER_BOUND( '', #2891, .T. );
#1748 = PLANE( '', #2892 );
#1749 = SURFACE_STYLE_USAGE( .BOTH., #2893 );
#1750 = FACE_OUTER_BOUND( '', #2894, .T. );
#1751 = PLANE( '', #2895 );
#1752 = SURFACE_STYLE_USAGE( .BOTH., #2896 );
#1753 = FACE_OUTER_BOUND( '', #2897, .T. );
#1754 = PLANE( '', #2898 );
#1755 = SURFACE_STYLE_USAGE( .BOTH., #2899 );
#1756 = FACE_OUTER_BOUND( '', #2900, .T. );
#1757 = PLANE( '', #2901 );
#1758 = SURFACE_STYLE_USAGE( .BOTH., #2902 );
#1759 = FACE_OUTER_BOUND( '', #2903, .T. );
#1760 = PLANE( '', #2904 );
#1761 = SURFACE_STYLE_USAGE( .BOTH., #2905 );
#1762 = FACE_OUTER_BOUND( '', #2906, .T. );
#1763 = PLANE( '', #2907 );
#1764 = SURFACE_STYLE_USAGE( .BOTH., #2908 );
#1765 = FACE_OUTER_BOUND( '', #2909, .T. );
#1766 = PLANE( '', #2910 );
#1767 = SURFACE_STYLE_USAGE( .BOTH., #2911 );
#1768 = FACE_OUTER_BOUND( '', #2912, .T. );
#1769 = PLANE( '', #2913 );
#1770 = SURFACE_STYLE_USAGE( .BOTH., #2914 );
#1771 = FACE_OUTER_BOUND( '', #2915, .T. );
#1772 = PLANE( '', #2916 );
#1773 = SURFACE_STYLE_USAGE( .BOTH., #2917 );
#1774 = FACE_OUTER_BOUND( '', #2918, .T. );
#1775 = PLANE( '', #2919 );
#1776 = SURFACE_STYLE_USAGE( .BOTH., #2920 );
#1777 = FACE_OUTER_BOUND( '', #2921, .T. );
#1778 = PLANE( '', #2922 );
#1779 = SURFACE_STYLE_USAGE( .BOTH., #2923 );
#1780 = FACE_OUTER_BOUND( '', #2924, .T. );
#1781 = PLANE( '', #2925 );
#1782 = SURFACE_STYLE_USAGE( .BOTH., #2926 );
#1783 = FACE_OUTER_BOUND( '', #2927, .T. );
#1784 = PLANE( '', #2928 );
#1785 = SURFACE_STYLE_USAGE( .BOTH., #2929 );
#1786 = FACE_OUTER_BOUND( '', #2930, .T. );
#1787 = PLANE( '', #2931 );
#1788 = SURFACE_STYLE_USAGE( .BOTH., #2932 );
#1789 = FACE_OUTER_BOUND( '', #2933, .T. );
#1790 = PLANE( '', #2934 );
#1791 = SURFACE_STYLE_USAGE( .BOTH., #2935 );
#1792 = FACE_OUTER_BOUND( '', #2936, .T. );
#1793 = PLANE( '', #2937 );
#1794 = SURFACE_STYLE_USAGE( .BOTH., #2938 );
#1795 = FACE_OUTER_BOUND( '', #2939, .T. );
#1796 = PLANE( '', #2940 );
#1797 = SURFACE_STYLE_USAGE( .BOTH., #2941 );
#1798 = FACE_OUTER_BOUND( '', #2942, .T. );
#1799 = PLANE( '', #2943 );
#1800 = SURFACE_STYLE_USAGE( .BOTH., #2944 );
#1801 = FACE_OUTER_BOUND( '', #2945, .T. );
#1802 = PLANE( '', #2946 );
#1803 = SURFACE_STYLE_USAGE( .BOTH., #2947 );
#1804 = FACE_OUTER_BOUND( '', #2948, .T. );
#1805 = PLANE( '', #2949 );
#1806 = SURFACE_STYLE_USAGE( .BOTH., #2950 );
#1807 = FACE_OUTER_BOUND( '', #2951, .T. );
#1808 = PLANE( '', #2952 );
#1809 = SURFACE_STYLE_USAGE( .BOTH., #2953 );
#1810 = FACE_BOUND( '', #2954, .T. );
#1811 = FACE_OUTER_BOUND( '', #2955, .T. );
#1812 = PLANE( '', #2956 );
#1813 = SURFACE_STYLE_USAGE( .BOTH., #2957 );
#1814 = FACE_OUTER_BOUND( '', #2958, .T. );
#1815 = PLANE( '', #2959 );
#1816 = SURFACE_STYLE_USAGE( .BOTH., #2960 );
#1817 = FACE_OUTER_BOUND( '', #2961, .T. );
#1818 = PLANE( '', #2962 );
#1819 = SURFACE_STYLE_USAGE( .BOTH., #2963 );
#1820 = FACE_OUTER_BOUND( '', #2964, .T. );
#1821 = PLANE( '', #2965 );
#1822 = SURFACE_STYLE_USAGE( .BOTH., #2966 );
#1823 = FACE_OUTER_BOUND( '', #2967, .T. );
#1824 = PLANE( '', #2968 );
#1825 = SURFACE_STYLE_USAGE( .BOTH., #2969 );
#1826 = FACE_OUTER_BOUND( '', #2970, .T. );
#1827 = PLANE( '', #2971 );
#1828 = SURFACE_STYLE_USAGE( .BOTH., #2972 );
#1829 = FACE_OUTER_BOUND( '', #2973, .T. );
#1830 = PLANE( '', #2974 );
#1831 = SURFACE_STYLE_USAGE( .BOTH., #2975 );
#1832 = FACE_OUTER_BOUND( '', #2976, .T. );
#1833 = PLANE( '', #2977 );
#1834 = SURFACE_STYLE_USAGE( .BOTH., #2978 );
#1835 = FACE_OUTER_BOUND( '', #2979, .T. );
#1836 = PLANE( '', #2980 );
#1837 = SURFACE_STYLE_USAGE( .BOTH., #2981 );
#1838 = FACE_OUTER_BOUND( '', #2982, .T. );
#1839 = PLANE( '', #2983 );
#1840 = SURFACE_STYLE_USAGE( .BOTH., #2984 );
#1841 = FACE_OUTER_BOUND( '', #2985, .T. );
#1842 = PLANE( '', #2986 );
#1843 = SURFACE_STYLE_USAGE( .BOTH., #2987 );
#1844 = FACE_OUTER_BOUND( '', #2988, .T. );
#1845 = PLANE( '', #2989 );
#1846 = SURFACE_STYLE_USAGE( .BOTH., #2990 );
#1847 = FACE_OUTER_BOUND( '', #2991, .T. );
#1848 = PLANE( '', #2992 );
#1849 = SURFACE_STYLE_USAGE( .BOTH., #2993 );
#1850 = FACE_OUTER_BOUND( '', #2994, .T. );
#1851 = PLANE( '', #2995 );
#1852 = SURFACE_STYLE_USAGE( .BOTH., #2996 );
#1853 = FACE_OUTER_BOUND( '', #2997, .T. );
#1854 = PLANE( '', #2998 );
#1855 = SURFACE_STYLE_USAGE( .BOTH., #2999 );
#1856 = FACE_BOUND( '', #3000, .T. );
#1857 = FACE_OUTER_BOUND( '', #3001, .T. );
#1858 = PLANE( '', #3002 );
#1859 = SURFACE_STYLE_USAGE( .BOTH., #3003 );
#1860 = FACE_OUTER_BOUND( '', #3004, .T. );
#1861 = PLANE( '', #3005 );
#1862 = SURFACE_STYLE_USAGE( .BOTH., #3006 );
#1863 = FACE_OUTER_BOUND( '', #3007, .T. );
#1864 = PLANE( '', #3008 );
#1865 = SURFACE_STYLE_USAGE( .BOTH., #3009 );
#1866 = FACE_OUTER_BOUND( '', #3010, .T. );
#1867 = PLANE( '', #3011 );
#1868 = SURFACE_STYLE_USAGE( .BOTH., #3012 );
#1869 = FACE_OUTER_BOUND( '', #3013, .T. );
#1870 = PLANE( '', #3014 );
#1871 = SURFACE_STYLE_USAGE( .BOTH., #3015 );
#1872 = FACE_OUTER_BOUND( '', #3016, .T. );
#1873 = PLANE( '', #3017 );
#1874 = SURFACE_STYLE_USAGE( .BOTH., #3018 );
#1875 = FACE_OUTER_BOUND( '', #3019, .T. );
#1876 = PLANE( '', #3020 );
#1877 = SURFACE_STYLE_USAGE( .BOTH., #3021 );
#1878 = FACE_OUTER_BOUND( '', #3022, .T. );
#1879 = FACE_BOUND( '', #3023, .T. );
#1880 = PLANE( '', #3024 );
#1881 = SURFACE_STYLE_USAGE( .BOTH., #3025 );
#1882 = FACE_OUTER_BOUND( '', #3026, .T. );
#1883 = PLANE( '', #3027 );
#1884 = SURFACE_STYLE_USAGE( .BOTH., #3028 );
#1885 = FACE_OUTER_BOUND( '', #3029, .T. );
#1886 = PLANE( '', #3030 );
#1887 = SURFACE_STYLE_USAGE( .BOTH., #3031 );
#1888 = FACE_OUTER_BOUND( '', #3032, .T. );
#1889 = PLANE( '', #3033 );
#1890 = SURFACE_STYLE_USAGE( .BOTH., #3034 );
#1891 = FACE_OUTER_BOUND( '', #3035, .T. );
#1892 = PLANE( '', #3036 );
#1893 = SURFACE_STYLE_USAGE( .BOTH., #3037 );
#1894 = FACE_OUTER_BOUND( '', #3038, .T. );
#1895 = PLANE( '', #3039 );
#1896 = SURFACE_STYLE_USAGE( .BOTH., #3040 );
#1897 = FACE_OUTER_BOUND( '', #3041, .T. );
#1898 = PLANE( '', #3042 );
#1899 = SURFACE_STYLE_USAGE( .BOTH., #3043 );
#1900 = FACE_OUTER_BOUND( '', #3044, .T. );
#1901 = FACE_BOUND( '', #3045, .T. );
#1902 = PLANE( '', #3046 );
#1903 = SURFACE_STYLE_USAGE( .BOTH., #3047 );
#1904 = FACE_OUTER_BOUND( '', #3048, .T. );
#1905 = PLANE( '', #3049 );
#1906 = SURFACE_STYLE_USAGE( .BOTH., #3050 );
#1907 = FACE_OUTER_BOUND( '', #3051, .T. );
#1908 = PLANE( '', #3052 );
#1909 = SURFACE_STYLE_USAGE( .BOTH., #3053 );
#1910 = FACE_OUTER_BOUND( '', #3054, .T. );
#1911 = PLANE( '', #3055 );
#1912 = SURFACE_STYLE_USAGE( .BOTH., #3056 );
#1913 = FACE_OUTER_BOUND( '', #3057, .T. );
#1914 = PLANE( '', #3058 );
#1915 = SURFACE_STYLE_USAGE( .BOTH., #3059 );
#1916 = FACE_OUTER_BOUND( '', #3060, .T. );
#1917 = PLANE( '', #3061 );
#1918 = SURFACE_STYLE_USAGE( .BOTH., #3062 );
#1919 = FACE_BOUND( '', #3063, .T. );
#1920 = FACE_BOUND( '', #3064, .T. );
#1921 = FACE_BOUND( '', #3065, .T. );
#1922 = FACE_BOUND( '', #3066, .T. );
#1923 = FACE_BOUND( '', #3067, .T. );
#1924 = FACE_BOUND( '', #3068, .T. );
#1925 = FACE_BOUND( '', #3069, .T. );
#1926 = FACE_BOUND( '', #3070, .T. );
#1927 = FACE_OUTER_BOUND( '', #3071, .T. );
#1928 = PLANE( '', #3072 );
#1929 = SURFACE_STYLE_USAGE( .BOTH., #3073 );
#1930 = FACE_OUTER_BOUND( '', #3074, .T. );
#1931 = PLANE( '', #3075 );
#1932 = SURFACE_STYLE_USAGE( .BOTH., #3076 );
#1933 = FACE_OUTER_BOUND( '', #3077, .T. );
#1934 = PLANE( '', #3078 );
#1935 = SURFACE_STYLE_USAGE( .BOTH., #3079 );
#1936 = FACE_OUTER_BOUND( '', #3080, .T. );
#1937 = PLANE( '', #3081 );
#1938 = SURFACE_STYLE_USAGE( .BOTH., #3082 );
#1939 = FACE_OUTER_BOUND( '', #3083, .T. );
#1940 = FACE_BOUND( '', #3084, .T. );
#1941 = PLANE( '', #3085 );
#1942 = SURFACE_STYLE_USAGE( .BOTH., #3086 );
#1943 = FACE_OUTER_BOUND( '', #3087, .T. );
#1944 = PLANE( '', #3088 );
#1945 = SURFACE_STYLE_USAGE( .BOTH., #3089 );
#1946 = FACE_OUTER_BOUND( '', #3090, .T. );
#1947 = PLANE( '', #3091 );
#1948 = SURFACE_STYLE_USAGE( .BOTH., #3092 );
#1949 = FACE_OUTER_BOUND( '', #3093, .T. );
#1950 = PLANE( '', #3094 );
#1951 = SURFACE_STYLE_USAGE( .BOTH., #3095 );
#1952 = FACE_OUTER_BOUND( '', #3096, .T. );
#1953 = PLANE( '', #3097 );
#1954 = SURFACE_STYLE_USAGE( .BOTH., #3098 );
#1955 = FACE_OUTER_BOUND( '', #3099, .T. );
#1956 = CYLINDRICAL_SURFACE( '', #3100, 0.0250000000000000 );
#1957 = SURFACE_STYLE_USAGE( .BOTH., #3101 );
#1958 = FACE_OUTER_BOUND( '', #3102, .T. );
#1959 = PLANE( '', #3103 );
#1960 = SURFACE_STYLE_USAGE( .BOTH., #3104 );
#1961 = FACE_OUTER_BOUND( '', #3105, .T. );
#1962 = PLANE( '', #3106 );
#1963 = SURFACE_STYLE_USAGE( .BOTH., #3107 );
#1964 = FACE_OUTER_BOUND( '', #3108, .T. );
#1965 = PLANE( '', #3109 );
#1966 = SURFACE_STYLE_USAGE( .BOTH., #3110 );
#1967 = FACE_OUTER_BOUND( '', #3111, .T. );
#1968 = PLANE( '', #3112 );
#1969 = SURFACE_STYLE_USAGE( .BOTH., #3113 );
#1970 = FACE_OUTER_BOUND( '', #3114, .T. );
#1971 = PLANE( '', #3115 );
#1972 = SURFACE_STYLE_USAGE( .BOTH., #3116 );
#1973 = FACE_OUTER_BOUND( '', #3117, .T. );
#1974 = PLANE( '', #3118 );
#1975 = SURFACE_STYLE_USAGE( .BOTH., #3119 );
#1976 = FACE_OUTER_BOUND( '', #3120, .T. );
#1977 = PLANE( '', #3121 );
#1978 = SURFACE_STYLE_USAGE( .BOTH., #3122 );
#1979 = FACE_OUTER_BOUND( '', #3123, .T. );
#1980 = PLANE( '', #3124 );
#1981 = SURFACE_STYLE_USAGE( .BOTH., #3125 );
#1982 = FACE_OUTER_BOUND( '', #3126, .T. );
#1983 = PLANE( '', #3127 );
#1984 = SURFACE_STYLE_USAGE( .BOTH., #3128 );
#1985 = FACE_OUTER_BOUND( '', #3129, .T. );
#1986 = PLANE( '', #3130 );
#1987 = SURFACE_STYLE_USAGE( .BOTH., #3131 );
#1988 = FACE_OUTER_BOUND( '', #3132, .T. );
#1989 = PLANE( '', #3133 );
#1990 = SURFACE_STYLE_USAGE( .BOTH., #3134 );
#1991 = FACE_OUTER_BOUND( '', #3135, .T. );
#1992 = PLANE( '', #3136 );
#1993 = SURFACE_STYLE_USAGE( .BOTH., #3137 );
#1994 = FACE_OUTER_BOUND( '', #3138, .T. );
#1995 = PLANE( '', #3139 );
#1996 = SURFACE_STYLE_USAGE( .BOTH., #3140 );
#1997 = FACE_OUTER_BOUND( '', #3141, .T. );
#1998 = PLANE( '', #3142 );
#1999 = SURFACE_STYLE_USAGE( .BOTH., #3143 );
#2000 = FACE_OUTER_BOUND( '', #3144, .T. );
#2001 = PLANE( '', #3145 );
#2002 = SURFACE_STYLE_USAGE( .BOTH., #3146 );
#2003 = FACE_OUTER_BOUND( '', #3147, .T. );
#2004 = PLANE( '', #3148 );
#2005 = SURFACE_STYLE_USAGE( .BOTH., #3149 );
#2006 = FACE_OUTER_BOUND( '', #3150, .T. );
#2007 = PLANE( '', #3151 );
#2008 = SURFACE_STYLE_USAGE( .BOTH., #3152 );
#2009 = FACE_OUTER_BOUND( '', #3153, .T. );
#2010 = PLANE( '', #3154 );
#2011 = SURFACE_STYLE_USAGE( .BOTH., #3155 );
#2012 = FACE_OUTER_BOUND( '', #3156, .T. );
#2013 = PLANE( '', #3157 );
#2014 = SURFACE_STYLE_USAGE( .BOTH., #3158 );
#2015 = FACE_OUTER_BOUND( '', #3159, .T. );
#2016 = PLANE( '', #3160 );
#2017 = SURFACE_STYLE_USAGE( .BOTH., #3161 );
#2018 = FACE_OUTER_BOUND( '', #3162, .T. );
#2019 = PLANE( '', #3163 );
#2020 = SURFACE_STYLE_USAGE( .BOTH., #3164 );
#2021 = FACE_OUTER_BOUND( '', #3165, .T. );
#2022 = PLANE( '', #3166 );
#2023 = SURFACE_STYLE_USAGE( .BOTH., #3167 );
#2024 = FACE_OUTER_BOUND( '', #3168, .T. );
#2025 = PLANE( '', #3169 );
#2026 = SURFACE_STYLE_USAGE( .BOTH., #3170 );
#2027 = FACE_OUTER_BOUND( '', #3171, .T. );
#2028 = PLANE( '', #3172 );
#2029 = SURFACE_STYLE_USAGE( .BOTH., #3173 );
#2030 = FACE_OUTER_BOUND( '', #3174, .T. );
#2031 = PLANE( '', #3175 );
#2032 = SURFACE_STYLE_USAGE( .BOTH., #3176 );
#2033 = FACE_OUTER_BOUND( '', #3177, .T. );
#2034 = PLANE( '', #3178 );
#2035 = SURFACE_STYLE_USAGE( .BOTH., #3179 );
#2036 = FACE_OUTER_BOUND( '', #3180, .T. );
#2037 = PLANE( '', #3181 );
#2038 = SURFACE_STYLE_USAGE( .BOTH., #3182 );
#2039 = FACE_OUTER_BOUND( '', #3183, .T. );
#2040 = PLANE( '', #3184 );
#2041 = SURFACE_STYLE_USAGE( .BOTH., #3185 );
#2042 = FACE_OUTER_BOUND( '', #3186, .T. );
#2043 = PLANE( '', #3187 );
#2044 = SURFACE_STYLE_USAGE( .BOTH., #3188 );
#2045 = FACE_OUTER_BOUND( '', #3189, .T. );
#2046 = PLANE( '', #3190 );
#2047 = SURFACE_STYLE_USAGE( .BOTH., #3191 );
#2048 = FACE_OUTER_BOUND( '', #3192, .T. );
#2049 = PLANE( '', #3193 );
#2050 = SURFACE_STYLE_USAGE( .BOTH., #3194 );
#2051 = FACE_OUTER_BOUND( '', #3195, .T. );
#2052 = PLANE( '', #3196 );
#2053 = SURFACE_STYLE_USAGE( .BOTH., #3197 );
#2054 = FACE_OUTER_BOUND( '', #3198, .T. );
#2055 = PLANE( '', #3199 );
#2056 = SURFACE_STYLE_USAGE( .BOTH., #3200 );
#2057 = FACE_OUTER_BOUND( '', #3201, .T. );
#2058 = PLANE( '', #3202 );
#2059 = SURFACE_STYLE_USAGE( .BOTH., #3203 );
#2060 = FACE_OUTER_BOUND( '', #3204, .T. );
#2061 = PLANE( '', #3205 );
#2062 = SURFACE_STYLE_USAGE( .BOTH., #3206 );
#2063 = FACE_OUTER_BOUND( '', #3207, .T. );
#2064 = PLANE( '', #3208 );
#2065 = SURFACE_STYLE_USAGE( .BOTH., #3209 );
#2066 = FACE_OUTER_BOUND( '', #3210, .T. );
#2067 = PLANE( '', #3211 );
#2068 = SURFACE_STYLE_USAGE( .BOTH., #3212 );
#2069 = FACE_OUTER_BOUND( '', #3213, .T. );
#2070 = PLANE( '', #3214 );
#2071 = SURFACE_STYLE_USAGE( .BOTH., #3215 );
#2072 = FACE_OUTER_BOUND( '', #3216, .T. );
#2073 = PLANE( '', #3217 );
#2074 = SURFACE_STYLE_USAGE( .BOTH., #3218 );
#2075 = FACE_OUTER_BOUND( '', #3219, .T. );
#2076 = PLANE( '', #3220 );
#2077 = SURFACE_STYLE_USAGE( .BOTH., #3221 );
#2078 = FACE_OUTER_BOUND( '', #3222, .T. );
#2079 = CYLINDRICAL_SURFACE( '', #3223, 0.0250000000000000 );
#2080 = SURFACE_STYLE_USAGE( .BOTH., #3224 );
#2081 = FACE_OUTER_BOUND( '', #3225, .T. );
#2082 = PLANE( '', #3226 );
#2083 = SURFACE_STYLE_USAGE( .BOTH., #3227 );
#2084 = FACE_OUTER_BOUND( '', #3228, .T. );
#2085 = PLANE( '', #3229 );
#2086 = SURFACE_STYLE_USAGE( .BOTH., #3230 );
#2087 = FACE_OUTER_BOUND( '', #3231, .T. );
#2088 = PLANE( '', #3232 );
#2089 = SURFACE_STYLE_USAGE( .BOTH., #3233 );
#2090 = FACE_OUTER_BOUND( '', #3234, .T. );
#2091 = PLANE( '', #3235 );
#2092 = SURFACE_STYLE_USAGE( .BOTH., #3236 );
#2093 = FACE_OUTER_BOUND( '', #3237, .T. );
#2094 = PLANE( '', #3238 );
#2095 = SURFACE_STYLE_USAGE( .BOTH., #3239 );
#2096 = FACE_OUTER_BOUND( '', #3240, .T. );
#2097 = PLANE( '', #3241 );
#2098 = SURFACE_STYLE_USAGE( .BOTH., #3242 );
#2099 = FACE_OUTER_BOUND( '', #3243, .T. );
#2100 = PLANE( '', #3244 );
#2101 = SURFACE_STYLE_USAGE( .BOTH., #3245 );
#2102 = FACE_OUTER_BOUND( '', #3246, .T. );
#2103 = FACE_BOUND( '', #3247, .T. );
#2104 = PLANE( '', #3248 );
#2105 = SURFACE_STYLE_USAGE( .BOTH., #3249 );
#2106 = FACE_OUTER_BOUND( '', #3250, .T. );
#2107 = CYLINDRICAL_SURFACE( '', #3251, 0.0250000000000000 );
#2108 = SURFACE_STYLE_USAGE( .BOTH., #3252 );
#2109 = FACE_OUTER_BOUND( '', #3253, .T. );
#2110 = PLANE( '', #3254 );
#2111 = SURFACE_STYLE_USAGE( .BOTH., #3255 );
#2112 = FACE_OUTER_BOUND( '', #3256, .T. );
#2113 = PLANE( '', #3257 );
#2114 = SURFACE_STYLE_USAGE( .BOTH., #3258 );
#2115 = FACE_OUTER_BOUND( '', #3259, .T. );
#2116 = PLANE( '', #3260 );
#2117 = SURFACE_STYLE_USAGE( .BOTH., #3261 );
#2118 = FACE_OUTER_BOUND( '', #3262, .T. );
#2119 = PLANE( '', #3263 );
#2120 = SURFACE_STYLE_USAGE( .BOTH., #3264 );
#2121 = FACE_OUTER_BOUND( '', #3265, .T. );
#2122 = PLANE( '', #3266 );
#2123 = SURFACE_STYLE_USAGE( .BOTH., #3267 );
#2124 = FACE_OUTER_BOUND( '', #3268, .T. );
#2125 = PLANE( '', #3269 );
#2126 = SURFACE_STYLE_USAGE( .BOTH., #3270 );
#2127 = FACE_OUTER_BOUND( '', #3271, .T. );
#2128 = PLANE( '', #3272 );
#2129 = SURFACE_STYLE_USAGE( .BOTH., #3273 );
#2130 = FACE_OUTER_BOUND( '', #3274, .T. );
#2131 = PLANE( '', #3275 );
#2132 = SURFACE_STYLE_USAGE( .BOTH., #3276 );
#2133 = FACE_OUTER_BOUND( '', #3277, .T. );
#2134 = PLANE( '', #3278 );
#2135 = SURFACE_STYLE_USAGE( .BOTH., #3279 );
#2136 = FACE_OUTER_BOUND( '', #3280, .T. );
#2137 = PLANE( '', #3281 );
#2138 = SURFACE_STYLE_USAGE( .BOTH., #3282 );
#2139 = FACE_OUTER_BOUND( '', #3283, .T. );
#2140 = PLANE( '', #3284 );
#2141 = SURFACE_STYLE_USAGE( .BOTH., #3285 );
#2142 = FACE_OUTER_BOUND( '', #3286, .T. );
#2143 = PLANE( '', #3287 );
#2144 = SURFACE_STYLE_USAGE( .BOTH., #3288 );
#2145 = FACE_OUTER_BOUND( '', #3289, .T. );
#2146 = PLANE( '', #3290 );
#2147 = SURFACE_STYLE_USAGE( .BOTH., #3291 );
#2148 = FACE_OUTER_BOUND( '', #3292, .T. );
#2149 = PLANE( '', #3293 );
#2150 = SURFACE_STYLE_USAGE( .BOTH., #3294 );
#2151 = FACE_OUTER_BOUND( '', #3295, .T. );
#2152 = PLANE( '', #3296 );
#2153 = SURFACE_STYLE_USAGE( .BOTH., #3297 );
#2154 = FACE_OUTER_BOUND( '', #3298, .T. );
#2155 = PLANE( '', #3299 );
#2156 = SURFACE_STYLE_USAGE( .BOTH., #3300 );
#2157 = FACE_OUTER_BOUND( '', #3301, .T. );
#2158 = PLANE( '', #3302 );
#2159 = SURFACE_STYLE_USAGE( .BOTH., #3303 );
#2160 = FACE_OUTER_BOUND( '', #3304, .T. );
#2161 = PLANE( '', #3305 );
#2162 = SURFACE_STYLE_USAGE( .BOTH., #3306 );
#2163 = FACE_OUTER_BOUND( '', #3307, .T. );
#2164 = PLANE( '', #3308 );
#2165 = SURFACE_STYLE_USAGE( .BOTH., #3309 );
#2166 = FACE_OUTER_BOUND( '', #3310, .T. );
#2167 = PLANE( '', #3311 );
#2168 = SURFACE_STYLE_USAGE( .BOTH., #3312 );
#2169 = FACE_OUTER_BOUND( '', #3313, .T. );
#2170 = PLANE( '', #3314 );
#2171 = SURFACE_STYLE_USAGE( .BOTH., #3315 );
#2172 = FACE_OUTER_BOUND( '', #3316, .T. );
#2173 = PLANE( '', #3317 );
#2174 = SURFACE_STYLE_USAGE( .BOTH., #3318 );
#2175 = FACE_OUTER_BOUND( '', #3319, .T. );
#2176 = PLANE( '', #3320 );
#2177 = SURFACE_STYLE_USAGE( .BOTH., #3321 );
#2178 = FACE_OUTER_BOUND( '', #3322, .T. );
#2179 = PLANE( '', #3323 );
#2180 = SURFACE_STYLE_USAGE( .BOTH., #3324 );
#2181 = FACE_OUTER_BOUND( '', #3325, .T. );
#2182 = PLANE( '', #3326 );
#2183 = SURFACE_STYLE_USAGE( .BOTH., #3327 );
#2184 = FACE_OUTER_BOUND( '', #3328, .T. );
#2185 = PLANE( '', #3329 );
#2186 = SURFACE_STYLE_USAGE( .BOTH., #3330 );
#2187 = FACE_OUTER_BOUND( '', #3331, .T. );
#2188 = FACE_BOUND( '', #3332, .T. );
#2189 = PLANE( '', #3333 );
#2190 = SURFACE_STYLE_USAGE( .BOTH., #3334 );
#2191 = FACE_OUTER_BOUND( '', #3335, .T. );
#2192 = PLANE( '', #3336 );
#2193 = SURFACE_STYLE_USAGE( .BOTH., #3337 );
#2194 = FACE_OUTER_BOUND( '', #3338, .T. );
#2195 = PLANE( '', #3339 );
#2196 = SURFACE_STYLE_USAGE( .BOTH., #3340 );
#2197 = FACE_OUTER_BOUND( '', #3341, .T. );
#2198 = PLANE( '', #3342 );
#2199 = SURFACE_STYLE_USAGE( .BOTH., #3343 );
#2200 = FACE_OUTER_BOUND( '', #3344, .T. );
#2201 = PLANE( '', #3345 );
#2202 = SURFACE_STYLE_USAGE( .BOTH., #3346 );
#2203 = FACE_OUTER_BOUND( '', #3347, .T. );
#2204 = PLANE( '', #3348 );
#2205 = SURFACE_STYLE_USAGE( .BOTH., #3349 );
#2206 = FACE_OUTER_BOUND( '', #3350, .T. );
#2207 = PLANE( '', #3351 );
#2208 = SURFACE_STYLE_USAGE( .BOTH., #3352 );
#2209 = FACE_OUTER_BOUND( '', #3353, .T. );
#2210 = PLANE( '', #3354 );
#2211 = SURFACE_STYLE_USAGE( .BOTH., #3355 );
#2212 = FACE_BOUND( '', #3356, .T. );
#2213 = FACE_OUTER_BOUND( '', #3357, .T. );
#2214 = PLANE( '', #3358 );
#2215 = SURFACE_STYLE_USAGE( .BOTH., #3359 );
#2216 = FACE_OUTER_BOUND( '', #3360, .T. );
#2217 = CYLINDRICAL_SURFACE( '', #3361, 0.0250000000000000 );
#2218 = SURFACE_STYLE_USAGE( .BOTH., #3362 );
#2219 = FACE_OUTER_BOUND( '', #3363, .T. );
#2220 = PLANE( '', #3364 );
#2221 = SURFACE_STYLE_USAGE( .BOTH., #3365 );
#2222 = FACE_OUTER_BOUND( '', #3366, .T. );
#2223 = PLANE( '', #3367 );
#2224 = SURFACE_STYLE_USAGE( .BOTH., #3368 );
#2225 = FACE_OUTER_BOUND( '', #3369, .T. );
#2226 = PLANE( '', #3370 );
#2227 = SURFACE_STYLE_USAGE( .BOTH., #3371 );
#2228 = FACE_OUTER_BOUND( '', #3372, .T. );
#2229 = PLANE( '', #3373 );
#2230 = SURFACE_STYLE_USAGE( .BOTH., #3374 );
#2231 = FACE_OUTER_BOUND( '', #3375, .T. );
#2232 = PLANE( '', #3376 );
#2233 = SURFACE_STYLE_USAGE( .BOTH., #3377 );
#2234 = FACE_OUTER_BOUND( '', #3378, .T. );
#2235 = PLANE( '', #3379 );
#2236 = SURFACE_STYLE_USAGE( .BOTH., #3380 );
#2237 = FACE_OUTER_BOUND( '', #3381, .T. );
#2238 = PLANE( '', #3382 );
#2239 = SURFACE_STYLE_USAGE( .BOTH., #3383 );
#2240 = FACE_OUTER_BOUND( '', #3384, .T. );
#2241 = PLANE( '', #3385 );
#2242 = SURFACE_STYLE_USAGE( .BOTH., #3386 );
#2243 = FACE_OUTER_BOUND( '', #3387, .T. );
#2244 = PLANE( '', #3388 );
#2245 = SURFACE_STYLE_USAGE( .BOTH., #3389 );
#2246 = FACE_OUTER_BOUND( '', #3390, .T. );
#2247 = PLANE( '', #3391 );
#2248 = SURFACE_STYLE_USAGE( .BOTH., #3392 );
#2249 = FACE_OUTER_BOUND( '', #3393, .T. );
#2250 = CYLINDRICAL_SURFACE( '', #3394, 0.0250000000000000 );
#2251 = SURFACE_STYLE_USAGE( .BOTH., #3395 );
#2252 = FACE_OUTER_BOUND( '', #3396, .T. );
#2253 = PLANE( '', #3397 );
#2254 = SURFACE_STYLE_USAGE( .BOTH., #3398 );
#2255 = FACE_OUTER_BOUND( '', #3399, .T. );
#2256 = PLANE( '', #3400 );
#2257 = SURFACE_STYLE_USAGE( .BOTH., #3401 );
#2258 = FACE_OUTER_BOUND( '', #3402, .T. );
#2259 = PLANE( '', #3403 );
#2260 = SURFACE_STYLE_USAGE( .BOTH., #3404 );
#2261 = FACE_OUTER_BOUND( '', #3405, .T. );
#2262 = PLANE( '', #3406 );
#2263 = SURFACE_STYLE_USAGE( .BOTH., #3407 );
#2264 = FACE_OUTER_BOUND( '', #3408, .T. );
#2265 = PLANE( '', #3409 );
#2266 = SURFACE_STYLE_USAGE( .BOTH., #3410 );
#2267 = FACE_OUTER_BOUND( '', #3411, .T. );
#2268 = PLANE( '', #3412 );
#2269 = SURFACE_STYLE_USAGE( .BOTH., #3413 );
#2270 = FACE_OUTER_BOUND( '', #3414, .T. );
#2271 = CYLINDRICAL_SURFACE( '', #3415, 0.0250000000000000 );
#2272 = PRODUCT_CONTEXT( '', #375, 'mechanical' );
#2273 = PRODUCT_DEFINITION_FORMATION_WITH_SPECIFIED_SOURCE( ' ', 'NONE', #1118, .NOT_KNOWN. );
#2274 = CLOSED_SHELL( '', ( #913, #915, #395, #411, #457, #549, #583, #567, #891, #467, #889, #717, #405, #687, #1037, #817, #595, #877, #987, #501, #787, #677, #615, #825, #997, #715, #581, #753, #665, #1115, #1031, #681, #1067, #801, #589, #435, #675, #1053, #1065, #765, #643, #431, #995, #763, #631, #833, #389, #809, #447, #897, #427, #591, #871, #535, #531, #827, #745, #835, #617, #921, #465, #1015, #843, #879, #601, #917, #559, #757, #623, #459, #491, #783, #803, #449, #965, #1069, #777, #1061, #805, #669, #931, #943, #497, #883, #523, #719, #543, #851, #1079, #495, #707, #711, #699, #821, #659, #1039, #603, #869, #705, #423, #1077, #691, #799, #545, #767, #657, #945, #695, #661, #481, #539, #1097, #747, #759, #975, #1045, #755, #613, #999, #977, #949, #1113, #867, #967, #837, #461, #585, #471, #641, #441, #1059, #407, #1017, #1019, #565, #1047, #733, #397, #925, #439, #985, #633, #795, #859, #519, #933, #1003, #863, #475, #409, #893, #1041, #703, #525, #697, #1055, #839, #779, #443, #911, #437, #723, #737, #819, #849, #823, #935, #797, #713, #937, #841, #391, #1051, #587, #619, #905, #1105, #989, #547, #513, #979, #727, #927, #749, #537, #649, #1063, #1091, #621, #971, #831, #1071, #861, #429, #469, #511, #721, #939, #1073, #561, #483, #683, #685, #393, #1083, #493, #873, #807, #811, #973, #991, #887, #1081, #881, #605, #1103, #597, #1013, #829, #551, #1117, #741, #709, #515, #761, #845, #813, #527, #901, #947, #421, #789, #1085, #729, #1075, #445, #791, #573, #487, #689, #645, #923, #1001, #415, #1087, #919, #1093, #403, #855, #473, #451, #529, #1107, #635, #963, #769, #981, #731, #725, #663, #639, #1021, #899, #969, #557, #569, #571, #509, #533, #577, #693, #599, #847, #593, #477, #1005, #1023, #463, #853, #611, #951, #1011, #903, #1101, #553, #1027, #775, #505, #895, #399, #667, #793, #499, #941, #983, #953, #563, #671, #625, #955, #1007, #865, #735, #815, #929, #961, #627, #1025, #521, #907, #541, #453, #507, #701, #1095, #1029, #455, #555, #433, #1043, #647, #425, #743, #579, #1109, #751, #637, #739, #479, #1049, #1099, #413, #517, #485, #957, #651, #857, #489, #419, #875, #885, #781, #655, #1089, #575, #629, #609, #679, #771, #959, #993, #909, #1009, #503, #401, #417, #773, #607, #785, #673, #653, #1035, #1111, #1033, #1057 ) );
#2275 = CARTESIAN_POINT( '', ( 0.000000000000000, 0.000000000000000, 0.000000000000000 ) );
#2276 = DIRECTION( '', ( 0.000000000000000, 0.000000000000000, 1.00000000000000 ) );
#2277 = DIRECTION( '', ( 1.00000000000000, 0.000000000000000, 0.000000000000000 ) );
#2278 =  ( LENGTH_UNIT(  )NAMED_UNIT( #1127 )SI_UNIT( .MILLI., .METRE. ) );
#2279 = SURFACE_SIDE_STYLE( '', ( #3417 ) );
#2280 = EDGE_LOOP( '', ( #3418, #3419, #3420, #3421, #3422 ) );
#2281 = AXIS2_PLACEMENT_3D( '', #3423, #3424, #3425 );
#2282 = SURFACE_SIDE_STYLE( '', ( #3426 ) );
#2283 = EDGE_LOOP( '', ( #3427, #3428, #3429, #3430 ) );
#2284 = AXIS2_PLACEMENT_3D( '', #3431, #3432, #3433 );
#2285 = SURFACE_SIDE_STYLE( '', ( #3434 ) );
#2286 = EDGE_LOOP( '', ( #3435, #3436, #3437, #3438 ) );
#2287 = AXIS2_PLACEMENT_3D( '', #3439, #3440, #3441 );
#2288 = SURFACE_SIDE_STYLE( '', ( #3442 ) );
#2289 = EDGE_LOOP( '', ( #3443, #3444, #3445, #3446 ) );
#2290 = AXIS2_PLACEMENT_3D( '', #3447, #3448, #3449 );
#2291 = SURFACE_SIDE_STYLE( '', ( #3450 ) );
#2292 = EDGE_LOOP( '', ( #3451, #3452, #3453, #3454 ) );
#2293 = AXIS2_PLACEMENT_3D( '', #3455, #3456, #3457 );
#2294 = SURFACE_SIDE_STYLE( '', ( #3458 ) );
#2295 = EDGE_LOOP( '', ( #3459, #3460, #3461, #3462, #3463, #3464 ) );
#2296 = AXIS2_PLACEMENT_3D( '', #3465, #3466, #3467 );
#2297 = SURFACE_SIDE_STYLE( '', ( #3468 ) );
#2298 = EDGE_LOOP( '', ( #3469, #3470, #3471, #3472 ) );
#2299 = AXIS2_PLACEMENT_3D( '', #3473, #3474, #3475 );
#2300 = SURFACE_SIDE_STYLE( '', ( #3476 ) );
#2301 = EDGE_LOOP( '', ( #3477, #3478, #3479, #3480, #3481, #3482, #3483, #3484 ) );
#2302 = AXIS2_PLACEMENT_3D( '', #3485, #3486, #3487 );
#2303 = SURFACE_SIDE_STYLE( '', ( #3488 ) );
#2304 = EDGE_LOOP( '', ( #3489, #3490, #3491, #3492 ) );
#2305 = AXIS2_PLACEMENT_3D( '', #3493, #3494, #3495 );
#2306 = SURFACE_SIDE_STYLE( '', ( #3496 ) );
#2307 = EDGE_LOOP( '', ( #3497, #3498, #3499, #3500 ) );
#2308 = AXIS2_PLACEMENT_3D( '', #3501, #3502, #3503 );
#2309 = SURFACE_SIDE_STYLE( '', ( #3504 ) );
#2310 = EDGE_LOOP( '', ( #3505, #3506, #3507, #3508 ) );
#2311 = AXIS2_PLACEMENT_3D( '', #3509, #3510, #3511 );
#2312 = SURFACE_SIDE_STYLE( '', ( #3512 ) );
#2313 = EDGE_LOOP( '', ( #3513, #3514, #3515, #3516, #3517, #3518, #3519, #3520, #3521, #3522, #3523, #3524, #3525, #3526, #3527, #3528, #3529, #3530, #3531, #3532, #3533, #3534, #3535, #3536, #3537, #3538, #3539, #3540, #3541, #3542, #3543, #3544, #3545, #3546, #3547, #3548 ) );
#2314 = EDGE_LOOP( '', ( #3549, #3550, #3551, #3552, #3553, #3554, #3555, #3556, #3557, #3558, #3559, #3560, #3561, #3562, #3563, #3564, #3565, #3566, #3567, #3568, #3569, #3570, #3571, #3572, #3573, #3574, #3575, #3576 ) );
#2315 = EDGE_LOOP( '', ( #3577, #3578, #3579, #3580, #3581, #3582, #3583, #3584, #3585, #3586, #3587, #3588, #3589, #3590, #3591, #3592, #3593, #3594, #3595, #3596, #3597, #3598, #3599, #3600, #3601, #3602, #3603, #3604 ) );
#2316 = AXIS2_PLACEMENT_3D( '', #3605, #3606, #3607 );
#2317 = SURFACE_SIDE_STYLE( '', ( #3608 ) );
#2318 = EDGE_LOOP( '', ( #3609, #3610, #3611, #3612 ) );
#2319 = AXIS2_PLACEMENT_3D( '', #3613, #3614, #3615 );
#2320 = SURFACE_SIDE_STYLE( '', ( #3616 ) );
#2321 = EDGE_LOOP( '', ( #3617, #3618, #3619, #3620 ) );
#2322 = AXIS2_PLACEMENT_3D( '', #3621, #3622, #3623 );
#2323 = SURFACE_SIDE_STYLE( '', ( #3624 ) );
#2324 = EDGE_LOOP( '', ( #3625, #3626, #3627, #3628 ) );
#2325 = AXIS2_PLACEMENT_3D( '', #3629, #3630, #3631 );
#2326 = SURFACE_SIDE_STYLE( '', ( #3632 ) );
#2327 = EDGE_LOOP( '', ( #3633, #3634, #3635, #3636 ) );
#2328 = AXIS2_PLACEMENT_3D( '', #3637, #3638, #3639 );
#2329 = SURFACE_SIDE_STYLE( '', ( #3640 ) );
#2330 = EDGE_LOOP( '', ( #3641, #3642, #3643, #3644 ) );
#2331 = AXIS2_PLACEMENT_3D( '', #3645, #3646, #3647 );
#2332 = SURFACE_SIDE_STYLE( '', ( #3648 ) );
#2333 = EDGE_LOOP( '', ( #3649, #3650, #3651, #3652 ) );
#2334 = AXIS2_PLACEMENT_3D( '', #3653, #3654, #3655 );
#2335 = SURFACE_SIDE_STYLE( '', ( #3656 ) );
#2336 = EDGE_LOOP( '', ( #3657, #3658, #3659, #3660, #3661 ) );
#2337 = AXIS2_PLACEMENT_3D( '', #3662, #3663, #3664 );
#2338 = SURFACE_SIDE_STYLE( '', ( #3665 ) );
#2339 = EDGE_LOOP( '', ( #3666, #3667, #3668, #3669 ) );
#2340 = AXIS2_PLACEMENT_3D( '', #3670, #3671, #3672 );
#2341 = SURFACE_SIDE_STYLE( '', ( #3673 ) );
#2342 = EDGE_LOOP( '', ( #3674, #3675, #3676, #3677, #3678, #3679, #3680 ) );
#2343 = AXIS2_PLACEMENT_3D( '', #3681, #3682, #3683 );
#2344 = SURFACE_SIDE_STYLE( '', ( #3684 ) );
#2345 = EDGE_LOOP( '', ( #3685, #3686, #3687, #3688 ) );
#2346 = AXIS2_PLACEMENT_3D( '', #3689, #3690, #3691 );
#2347 = SURFACE_SIDE_STYLE( '', ( #3692 ) );
#2348 = EDGE_LOOP( '', ( #3693, #3694, #3695, #3696 ) );
#2349 = AXIS2_PLACEMENT_3D( '', #3697, #3698, #3699 );
#2350 = SURFACE_SIDE_STYLE( '', ( #3700 ) );
#2351 = EDGE_LOOP( '', ( #3701, #3702, #3703, #3704 ) );
#2352 = AXIS2_PLACEMENT_3D( '', #3705, #3706, #3707 );
#2353 = SURFACE_SIDE_STYLE( '', ( #3708 ) );
#2354 = EDGE_LOOP( '', ( #3709, #3710, #3711, #3712 ) );
#2355 = AXIS2_PLACEMENT_3D( '', #3713, #3714, #3715 );
#2356 = SURFACE_SIDE_STYLE( '', ( #3716 ) );
#2357 = EDGE_LOOP( '', ( #3717, #3718, #3719, #3720 ) );
#2358 = AXIS2_PLACEMENT_3D( '', #3721, #3722, #3723 );
#2359 = SURFACE_SIDE_STYLE( '', ( #3724 ) );
#2360 = EDGE_LOOP( '', ( #3725, #3726, #3727, #3728 ) );
#2361 = AXIS2_PLACEMENT_3D( '', #3729, #3730, #3731 );
#2362 = SURFACE_SIDE_STYLE( '', ( #3732 ) );
#2363 = EDGE_LOOP( '', ( #3733, #3734, #3735, #3736 ) );
#2364 = AXIS2_PLACEMENT_3D( '', #3737, #3738, #3739 );
#2365 = SURFACE_SIDE_STYLE( '', ( #3740 ) );
#2366 = EDGE_LOOP( '', ( #3741, #3742, #3743, #3744 ) );
#2367 = AXIS2_PLACEMENT_3D( '', #3745, #3746, #3747 );
#2368 = SURFACE_SIDE_STYLE( '', ( #3748 ) );
#2369 = EDGE_LOOP( '', ( #3749, #3750, #3751, #3752 ) );
#2370 = EDGE_LOOP( '', ( #3753, #3754, #3755, #3756 ) );
#2371 = AXIS2_PLACEMENT_3D( '', #3757, #3758, #3759 );
#2372 = SURFACE_SIDE_STYLE( '', ( #3760 ) );
#2373 = EDGE_LOOP( '', ( #3761, #3762, #3763, #3764 ) );
#2374 = EDGE_LOOP( '', ( #3765, #3766, #3767, #3768 ) );
#2375 = AXIS2_PLACEMENT_3D( '', #3769, #3770, #3771 );
#2376 = SURFACE_SIDE_STYLE( '', ( #3772 ) );
#2377 = EDGE_LOOP( '', ( #3773, #3774, #3775, #3776 ) );
#2378 = AXIS2_PLACEMENT_3D( '', #3777, #3778, #3779 );
#2379 = SURFACE_SIDE_STYLE( '', ( #3780 ) );
#2380 = EDGE_LOOP( '', ( #3781, #3782, #3783, #3784 ) );
#2381 = AXIS2_PLACEMENT_3D( '', #3785, #3786, #3787 );
#2382 = SURFACE_SIDE_STYLE( '', ( #3788 ) );
#2383 = EDGE_LOOP( '', ( #3789, #3790, #3791, #3792, #3793 ) );
#2384 = AXIS2_PLACEMENT_3D( '', #3794, #3795, #3796 );
#2385 = SURFACE_SIDE_STYLE( '', ( #3797 ) );
#2386 = EDGE_LOOP( '', ( #3798, #3799, #3800, #3801, #3802, #3803, #3804, #3805, #3806, #3807 ) );
#2387 = AXIS2_PLACEMENT_3D( '', #3808, #3809, #3810 );
#2388 = SURFACE_SIDE_STYLE( '', ( #3811 ) );
#2389 = EDGE_LOOP( '', ( #3812, #3813, #3814, #3815 ) );
#2390 = AXIS2_PLACEMENT_3D( '', #3816, #3817, #3818 );
#2391 = SURFACE_SIDE_STYLE( '', ( #3819 ) );
#2392 = EDGE_LOOP( '', ( #3820, #3821, #3822, #3823 ) );
#2393 = AXIS2_PLACEMENT_3D( '', #3824, #3825, #3826 );
#2394 = SURFACE_SIDE_STYLE( '', ( #3827 ) );
#2395 = EDGE_LOOP( '', ( #3828, #3829, #3830, #3831 ) );
#2396 = AXIS2_PLACEMENT_3D( '', #3832, #3833, #3834 );
#2397 = SURFACE_SIDE_STYLE( '', ( #3835 ) );
#2398 = EDGE_LOOP( '', ( #3836, #3837, #3838, #3839 ) );
#2399 = AXIS2_PLACEMENT_3D( '', #3840, #3841, #3842 );
#2400 = SURFACE_SIDE_STYLE( '', ( #3843 ) );
#2401 = EDGE_LOOP( '', ( #3844, #3845, #3846, #3847 ) );
#2402 = AXIS2_PLACEMENT_3D( '', #3848, #3849, #3850 );
#2403 = SURFACE_SIDE_STYLE( '', ( #3851 ) );
#2404 = EDGE_LOOP( '', ( #3852, #3853, #3854, #3855 ) );
#2405 = AXIS2_PLACEMENT_3D( '', #3856, #3857, #3858 );
#2406 = SURFACE_SIDE_STYLE( '', ( #3859 ) );
#2407 = EDGE_LOOP( '', ( #3860, #3861, #3862, #3863 ) );
#2408 = AXIS2_PLACEMENT_3D( '', #3864, #3865, #3866 );
#2409 = SURFACE_SIDE_STYLE( '', ( #3867 ) );
#2410 = EDGE_LOOP( '', ( #3868, #3869, #3870, #3871 ) );
#2411 = AXIS2_PLACEMENT_3D( '', #3872, #3873, #3874 );
#2412 = SURFACE_SIDE_STYLE( '', ( #3875 ) );
#2413 = EDGE_LOOP( '', ( #3876, #3877, #3878, #3879 ) );
#2414 = AXIS2_PLACEMENT_3D( '', #3880, #3881, #3882 );
#2415 = SURFACE_SIDE_STYLE( '', ( #3883 ) );
#2416 = EDGE_LOOP( '', ( #3884, #3885, #3886, #3887 ) );
#2417 = AXIS2_PLACEMENT_3D( '', #3888, #3889, #3890 );
#2418 = SURFACE_SIDE_STYLE( '', ( #3891 ) );
#2419 = EDGE_LOOP( '', ( #3892, #3893, #3894, #3895, #3896, #3897, #3898 ) );
#2420 = AXIS2_PLACEMENT_3D( '', #3899, #3900, #3901 );
#2421 = SURFACE_SIDE_STYLE( '', ( #3902 ) );
#2422 = EDGE_LOOP( '', ( #3903, #3904, #3905, #3906 ) );
#2423 = AXIS2_PLACEMENT_3D( '', #3907, #3908, #3909 );
#2424 = SURFACE_SIDE_STYLE( '', ( #3910 ) );
#2425 = EDGE_LOOP( '', ( #3911, #3912, #3913, #3914, #3915, #3916, #3917, #3918, #3919, #3920, #3921, #3922 ) );
#2426 = AXIS2_PLACEMENT_3D( '', #3923, #3924, #3925 );
#2427 = SURFACE_SIDE_STYLE( '', ( #3926 ) );
#2428 = EDGE_LOOP( '', ( #3927, #3928, #3929, #3930, #3931, #3932, #3933, #3934, #3935, #3936 ) );
#2429 = AXIS2_PLACEMENT_3D( '', #3937, #3938, #3939 );
#2430 = SURFACE_SIDE_STYLE( '', ( #3940 ) );
#2431 = EDGE_LOOP( '', ( #3941, #3942, #3943, #3944 ) );
#2432 = AXIS2_PLACEMENT_3D( '', #3945, #3946, #3947 );
#2433 = SURFACE_SIDE_STYLE( '', ( #3948 ) );
#2434 = EDGE_LOOP( '', ( #3949, #3950, #3951, #3952, #3953, #3954, #3955, #3956, #3957, #3958 ) );
#2435 = AXIS2_PLACEMENT_3D( '', #3959, #3960, #3961 );
#2436 = SURFACE_SIDE_STYLE( '', ( #3962 ) );
#2437 = EDGE_LOOP( '', ( #3963, #3964, #3965, #3966 ) );
#2438 = AXIS2_PLACEMENT_3D( '', #3967, #3968, #3969 );
#2439 = SURFACE_SIDE_STYLE( '', ( #3970 ) );
#2440 = EDGE_LOOP( '', ( #3971, #3972, #3973, #3974 ) );
#2441 = AXIS2_PLACEMENT_3D( '', #3975, #3976, #3977 );
#2442 = SURFACE_SIDE_STYLE( '', ( #3978 ) );
#2443 = EDGE_LOOP( '', ( #3979, #3980, #3981, #3982 ) );
#2444 = EDGE_LOOP( '', ( #3983, #3984, #3985, #3986 ) );
#2445 = AXIS2_PLACEMENT_3D( '', #3987, #3988, #3989 );
#2446 = SURFACE_SIDE_STYLE( '', ( #3990 ) );
#2447 = EDGE_LOOP( '', ( #3991, #3992, #3993, #3994 ) );
#2448 = EDGE_LOOP( '', ( #3995, #3996, #3997, #3998 ) );
#2449 = AXIS2_PLACEMENT_3D( '', #3999, #4000, #4001 );
#2450 = SURFACE_SIDE_STYLE( '', ( #4002 ) );
#2451 = EDGE_LOOP( '', ( #4003, #4004, #4005, #4006 ) );
#2452 = AXIS2_PLACEMENT_3D( '', #4007, #4008, #4009 );
#2453 = SURFACE_SIDE_STYLE( '', ( #4010 ) );
#2454 = EDGE_LOOP( '', ( #4011, #4012, #4013, #4014 ) );
#2455 = AXIS2_PLACEMENT_3D( '', #4015, #4016, #4017 );
#2456 = SURFACE_SIDE_STYLE( '', ( #4018 ) );
#2457 = EDGE_LOOP( '', ( #4019, #4020, #4021, #4022 ) );
#2458 = AXIS2_PLACEMENT_3D( '', #4023, #4024, #4025 );
#2459 = SURFACE_SIDE_STYLE( '', ( #4026 ) );
#2460 = EDGE_LOOP( '', ( #4027, #4028, #4029, #4030, #4031, #4032 ) );
#2461 = AXIS2_PLACEMENT_3D( '', #4033, #4034, #4035 );
#2462 = SURFACE_SIDE_STYLE( '', ( #4036 ) );
#2463 = EDGE_LOOP( '', ( #4037, #4038, #4039, #4040, #4041 ) );
#2464 = AXIS2_PLACEMENT_3D( '', #4042, #4043, #4044 );
#2465 = SURFACE_SIDE_STYLE( '', ( #4045 ) );
#2466 = EDGE_LOOP( '', ( #4046, #4047, #4048, #4049, #4050, #4051, #4052, #4053 ) );
#2467 = AXIS2_PLACEMENT_3D( '', #4054, #4055, #4056 );
#2468 = SURFACE_SIDE_STYLE( '', ( #4057 ) );
#2469 = EDGE_LOOP( '', ( #4058, #4059, #4060, #4061 ) );
#2470 = AXIS2_PLACEMENT_3D( '', #4062, #4063, #4064 );
#2471 = SURFACE_SIDE_STYLE( '', ( #4065 ) );
#2472 = EDGE_LOOP( '', ( #4066, #4067, #4068, #4069 ) );
#2473 = AXIS2_PLACEMENT_3D( '', #4070, #4071, #4072 );
#2474 = SURFACE_SIDE_STYLE( '', ( #4073 ) );
#2475 = EDGE_LOOP( '', ( #4074, #4075, #4076, #4077 ) );
#2476 = AXIS2_PLACEMENT_3D( '', #4078, #4079, #4080 );
#2477 = SURFACE_SIDE_STYLE( '', ( #4081 ) );
#2478 = EDGE_LOOP( '', ( #4082, #4083, #4084, #4085, #4086 ) );
#2479 = AXIS2_PLACEMENT_3D( '', #4087, #4088, #4089 );
#2480 = SURFACE_SIDE_STYLE( '', ( #4090 ) );
#2481 = EDGE_LOOP( '', ( #4091, #4092, #4093, #4094 ) );
#2482 = AXIS2_PLACEMENT_3D( '', #4095, #4096, #4097 );
#2483 = SURFACE_SIDE_STYLE( '', ( #4098 ) );
#2484 = EDGE_LOOP( '', ( #4099, #4100, #4101, #4102, #4103 ) );
#2485 = AXIS2_PLACEMENT_3D( '', #4104, #4105, #4106 );
#2486 = SURFACE_SIDE_STYLE( '', ( #4107 ) );
#2487 = EDGE_LOOP( '', ( #4108, #4109, #4110, #4111 ) );
#2488 = AXIS2_PLACEMENT_3D( '', #4112, #4113, #4114 );
#2489 = SURFACE_SIDE_STYLE( '', ( #4115 ) );
#2490 = EDGE_LOOP( '', ( #4116, #4117, #4118, #4119 ) );
#2491 = AXIS2_PLACEMENT_3D( '', #4120, #4121, #4122 );
#2492 = SURFACE_SIDE_STYLE( '', ( #4123 ) );
#2493 = EDGE_LOOP( '', ( #4124, #4125, #4126, #4127 ) );
#2494 = AXIS2_PLACEMENT_3D( '', #4128, #4129, #4130 );
#2495 = SURFACE_SIDE_STYLE( '', ( #4131 ) );
#2496 = EDGE_LOOP( '', ( #4132, #4133, #4134, #4135 ) );
#2497 = AXIS2_PLACEMENT_3D( '', #4136, #4137, #4138 );
#2498 = SURFACE_SIDE_STYLE( '', ( #4139 ) );
#2499 = EDGE_LOOP( '', ( #4140, #4141, #4142, #4143 ) );
#2500 = AXIS2_PLACEMENT_3D( '', #4144, #4145, #4146 );
#2501 = SURFACE_SIDE_STYLE( '', ( #4147 ) );
#2502 = EDGE_LOOP( '', ( #4148, #4149, #4150, #4151 ) );
#2503 = AXIS2_PLACEMENT_3D( '', #4152, #4153, #4154 );
#2504 = SURFACE_SIDE_STYLE( '', ( #4155 ) );
#2505 = EDGE_LOOP( '', ( #4156, #4157, #4158, #4159 ) );
#2506 = EDGE_LOOP( '', ( #4160, #4161, #4162, #4163 ) );
#2507 = AXIS2_PLACEMENT_3D( '', #4164, #4165, #4166 );
#2508 = SURFACE_SIDE_STYLE( '', ( #4167 ) );
#2509 = EDGE_LOOP( '', ( #4168, #4169, #4170, #4171, #4172, #4173, #4174, #4175, #4176, #4177 ) );
#2510 = AXIS2_PLACEMENT_3D( '', #4178, #4179, #4180 );
#2511 = SURFACE_SIDE_STYLE( '', ( #4181 ) );
#2512 = EDGE_LOOP( '', ( #4182, #4183, #4184, #4185 ) );
#2513 = AXIS2_PLACEMENT_3D( '', #4186, #4187, #4188 );
#2514 = SURFACE_SIDE_STYLE( '', ( #4189 ) );
#2515 = EDGE_LOOP( '', ( #4190, #4191, #4192, #4193 ) );
#2516 = AXIS2_PLACEMENT_3D( '', #4194, #4195, #4196 );
#2517 = SURFACE_SIDE_STYLE( '', ( #4197 ) );
#2518 = EDGE_LOOP( '', ( #4198, #4199, #4200, #4201 ) );
#2519 = AXIS2_PLACEMENT_3D( '', #4202, #4203, #4204 );
#2520 = SURFACE_SIDE_STYLE( '', ( #4205 ) );
#2521 = EDGE_LOOP( '', ( #4206, #4207, #4208, #4209 ) );
#2522 = AXIS2_PLACEMENT_3D( '', #4210, #4211, #4212 );
#2523 = SURFACE_SIDE_STYLE( '', ( #4213 ) );
#2524 = EDGE_LOOP( '', ( #4214, #4215, #4216, #4217 ) );
#2525 = AXIS2_PLACEMENT_3D( '', #4218, #4219, #4220 );
#2526 = SURFACE_SIDE_STYLE( '', ( #4221 ) );
#2527 = EDGE_LOOP( '', ( #4222, #4223, #4224, #4225 ) );
#2528 = AXIS2_PLACEMENT_3D( '', #4226, #4227, #4228 );
#2529 = SURFACE_SIDE_STYLE( '', ( #4229 ) );
#2530 = EDGE_LOOP( '', ( #4230, #4231, #4232, #4233, #4234, #4235, #4236, #4237, #4238 ) );
#2531 = AXIS2_PLACEMENT_3D( '', #4239, #4240, #4241 );
#2532 = SURFACE_SIDE_STYLE( '', ( #4242 ) );
#2533 = EDGE_LOOP( '', ( #4243, #4244, #4245, #4246 ) );
#2534 = AXIS2_PLACEMENT_3D( '', #4247, #4248, #4249 );
#2535 = SURFACE_SIDE_STYLE( '', ( #4250 ) );
#2536 = EDGE_LOOP( '', ( #4251, #4252, #4253, #4254, #4255 ) );
#2537 = AXIS2_PLACEMENT_3D( '', #4256, #4257, #4258 );
#2538 = SURFACE_SIDE_STYLE( '', ( #4259 ) );
#2539 = EDGE_LOOP( '', ( #4260, #4261, #4262, #4263, #4264, #4265, #4266, #4267 ) );
#2540 = EDGE_LOOP( '', ( #4268, #4269, #4270, #4271 ) );
#2541 = AXIS2_PLACEMENT_3D( '', #4272, #4273, #4274 );
#2542 = SURFACE_SIDE_STYLE( '', ( #4275 ) );
#2543 = EDGE_LOOP( '', ( #4276, #4277, #4278, #4279 ) );
#2544 = AXIS2_PLACEMENT_3D( '', #4280, #4281, #4282 );
#2545 = SURFACE_SIDE_STYLE( '', ( #4283 ) );
#2546 = EDGE_LOOP( '', ( #4284, #4285, #4286, #4287, #4288 ) );
#2547 = AXIS2_PLACEMENT_3D( '', #4289, #4290, #4291 );
#2548 = SURFACE_SIDE_STYLE( '', ( #4292 ) );
#2549 = EDGE_LOOP( '', ( #4293, #4294, #4295, #4296 ) );
#2550 = EDGE_LOOP( '', ( #4297, #4298, #4299, #4300 ) );
#2551 = EDGE_LOOP( '', ( #4301, #4302, #4303, #4304, #4305, #4306, #4307, #4308, #4309, #4310, #4311, #4312, #4313, #4314, #4315, #4316, #4317, #4318, #4319, #4320 ) );
#2552 = AXIS2_PLACEMENT_3D( '', #4321, #4322, #4323 );
#2553 = SURFACE_SIDE_STYLE( '', ( #4324 ) );
#2554 = EDGE_LOOP( '', ( #4325, #4326, #4327, #4328 ) );
#2555 = AXIS2_PLACEMENT_3D( '', #4329, #4330, #4331 );
#2556 = SURFACE_SIDE_STYLE( '', ( #4332 ) );
#2557 = EDGE_LOOP( '', ( #4333, #4334, #4335, #4336 ) );
#2558 = AXIS2_PLACEMENT_3D( '', #4337, #4338, #4339 );
#2559 = SURFACE_SIDE_STYLE( '', ( #4340 ) );
#2560 = EDGE_LOOP( '', ( #4341, #4342, #4343, #4344, #4345, #4346, #4347, #4348 ) );
#2561 = AXIS2_PLACEMENT_3D( '', #4349, #4350, #4351 );
#2562 = SURFACE_SIDE_STYLE( '', ( #4352 ) );
#2563 = EDGE_LOOP( '', ( #4353, #4354, #4355, #4356, #4357, #4358, #4359, #4360 ) );
#2564 = EDGE_LOOP( '', ( #4361, #4362, #4363, #4364 ) );
#2565 = AXIS2_PLACEMENT_3D( '', #4365, #4366, #4367 );
#2566 = SURFACE_SIDE_STYLE( '', ( #4368 ) );
#2567 = EDGE_LOOP( '', ( #4369, #4370, #4371, #4372 ) );
#2568 = AXIS2_PLACEMENT_3D( '', #4373, #4374, #4375 );
#2569 = SURFACE_SIDE_STYLE( '', ( #4376 ) );
#2570 = EDGE_LOOP( '', ( #4377, #4378, #4379, #4380 ) );
#2571 = AXIS2_PLACEMENT_3D( '', #4381, #4382, #4383 );
#2572 = SURFACE_SIDE_STYLE( '', ( #4384 ) );
#2573 = EDGE_LOOP( '', ( #4385, #4386, #4387, #4388, #4389, #4390 ) );
#2574 = AXIS2_PLACEMENT_3D( '', #4391, #4392, #4393 );
#2575 = SURFACE_SIDE_STYLE( '', ( #4394 ) );
#2576 = EDGE_LOOP( '', ( #4395, #4396, #4397, #4398 ) );
#2577 = AXIS2_PLACEMENT_3D( '', #4399, #4400, #4401 );
#2578 = SURFACE_SIDE_STYLE( '', ( #4402 ) );
#2579 = EDGE_LOOP( '', ( #4403, #4404, #4405, #4406, #4407 ) );
#2580 = AXIS2_PLACEMENT_3D( '', #4408, #4409, #4410 );
#2581 = SURFACE_SIDE_STYLE( '', ( #4411 ) );
#2582 = EDGE_LOOP( '', ( #4412, #4413, #4414, #4415, #4416, #4417, #4418, #4419, #4420, #4421, #4422, #4423, #4424, #4425, #4426, #4427, #4428, #4429, #4430, #4431 ) );
#2583 = AXIS2_PLACEMENT_3D( '', #4432, #4433, #4434 );
#2584 = SURFACE_SIDE_STYLE( '', ( #4435 ) );
#2585 = EDGE_LOOP( '', ( #4436, #4437, #4438, #4439 ) );
#2586 = AXIS2_PLACEMENT_3D( '', #4440, #4441, #4442 );
#2587 = SURFACE_SIDE_STYLE( '', ( #4443 ) );
#2588 = EDGE_LOOP( '', ( #4444, #4445, #4446, #4447 ) );
#2589 = AXIS2_PLACEMENT_3D( '', #4448, #4449, #4450 );
#2590 = SURFACE_SIDE_STYLE( '', ( #4451 ) );
#2591 = EDGE_LOOP( '', ( #4452, #4453, #4454, #4455, #4456 ) );
#2592 = AXIS2_PLACEMENT_3D( '', #4457, #4458, #4459 );
#2593 = SURFACE_SIDE_STYLE( '', ( #4460 ) );
#2594 = EDGE_LOOP( '', ( #4461, #4462, #4463, #4464 ) );
#2595 = AXIS2_PLACEMENT_3D( '', #4465, #4466, #4467 );
#2596 = SURFACE_SIDE_STYLE( '', ( #4468 ) );
#2597 = EDGE_LOOP( '', ( #4469, #4470, #4471, #4472, #4473, #4474 ) );
#2598 = AXIS2_PLACEMENT_3D( '', #4475, #4476, #4477 );
#2599 = SURFACE_SIDE_STYLE( '', ( #4478 ) );
#2600 = EDGE_LOOP( '', ( #4479, #4480, #4481, #4482, #4483 ) );
#2601 = AXIS2_PLACEMENT_3D( '', #4484, #4485, #4486 );
#2602 = SURFACE_SIDE_STYLE( '', ( #4487 ) );
#2603 = EDGE_LOOP( '', ( #4488, #4489, #4490, #4491 ) );
#2604 = AXIS2_PLACEMENT_3D( '', #4492, #4493, #4494 );
#2605 = SURFACE_SIDE_STYLE( '', ( #4495 ) );
#2606 = EDGE_LOOP( '', ( #4496, #4497, #4498, #4499, #4500, #4501 ) );
#2607 = AXIS2_PLACEMENT_3D( '', #4502, #4503, #4504 );
#2608 = SURFACE_SIDE_STYLE( '', ( #4505 ) );
#2609 = EDGE_LOOP( '', ( #4506, #4507, #4508, #4509 ) );
#2610 = AXIS2_PLACEMENT_3D( '', #4510, #4511, #4512 );
#2611 = SURFACE_SIDE_STYLE( '', ( #4513 ) );
#2612 = EDGE_LOOP( '', ( #4514, #4515, #4516, #4517 ) );
#2613 = AXIS2_PLACEMENT_3D( '', #4518, #4519, #4520 );
#2614 = SURFACE_SIDE_STYLE( '', ( #4521 ) );
#2615 = EDGE_LOOP( '', ( #4522, #4523, #4524, #4525 ) );
#2616 = AXIS2_PLACEMENT_3D( '', #4526, #4527, #4528 );
#2617 = SURFACE_SIDE_STYLE( '', ( #4529 ) );
#2618 = EDGE_LOOP( '', ( #4530, #4531, #4532, #4533 ) );
#2619 = AXIS2_PLACEMENT_3D( '', #4534, #4535, #4536 );
#2620 = SURFACE_SIDE_STYLE( '', ( #4537 ) );
#2621 = EDGE_LOOP( '', ( #4538, #4539, #4540, #4541 ) );
#2622 = AXIS2_PLACEMENT_3D( '', #4542, #4543, #4544 );
#2623 = SURFACE_SIDE_STYLE( '', ( #4545 ) );
#2624 = EDGE_LOOP( '', ( #4546, #4547, #4548, #4549, #4550, #4551 ) );
#2625 = AXIS2_PLACEMENT_3D( '', #4552, #4553, #4554 );
#2626 = SURFACE_SIDE_STYLE( '', ( #4555 ) );
#2627 = EDGE_LOOP( '', ( #4556, #4557, #4558, #4559 ) );
#2628 = AXIS2_PLACEMENT_3D( '', #4560, #4561, #4562 );
#2629 = SURFACE_SIDE_STYLE( '', ( #4563 ) );
#2630 = EDGE_LOOP( '', ( #4564, #4565, #4566, #4567, #4568 ) );
#2631 = AXIS2_PLACEMENT_3D( '', #4569, #4570, #4571 );
#2632 = SURFACE_SIDE_STYLE( '', ( #4572 ) );
#2633 = EDGE_LOOP( '', ( #4573, #4574, #4575, #4576 ) );
#2634 = EDGE_LOOP( '', ( #4577, #4578, #4579, #4580 ) );
#2635 = AXIS2_PLACEMENT_3D( '', #4581, #4582, #4583 );
#2636 = SURFACE_SIDE_STYLE( '', ( #4584 ) );
#2637 = EDGE_LOOP( '', ( #4585, #4586, #4587, #4588 ) );
#2638 = AXIS2_PLACEMENT_3D( '', #4589, #4590, #4591 );
#2639 = SURFACE_SIDE_STYLE( '', ( #4592 ) );
#2640 = EDGE_LOOP( '', ( #4593, #4594, #4595, #4596, #4597, #4598, #4599, #4600, #4601, #4602 ) );
#2641 = AXIS2_PLACEMENT_3D( '', #4603, #4604, #4605 );
#2642 = SURFACE_SIDE_STYLE( '', ( #4606 ) );
#2643 = EDGE_LOOP( '', ( #4607, #4608, #4609, #4610 ) );
#2644 = EDGE_LOOP( '', ( #4611, #4612, #4613, #4614 ) );
#2645 = AXIS2_PLACEMENT_3D( '', #4615, #4616, #4617 );
#2646 = SURFACE_SIDE_STYLE( '', ( #4618 ) );
#2647 = EDGE_LOOP( '', ( #4619, #4620, #4621, #4622, #4623, #4624, #4625, #4626, #4627, #4628 ) );
#2648 = AXIS2_PLACEMENT_3D( '', #4629, #4630, #4631 );
#2649 = SURFACE_SIDE_STYLE( '', ( #4632 ) );
#2650 = EDGE_LOOP( '', ( #4633, #4634, #4635, #4636 ) );
#2651 = AXIS2_PLACEMENT_3D( '', #4637, #4638, #4639 );
#2652 = SURFACE_SIDE_STYLE( '', ( #4640 ) );
#2653 = EDGE_LOOP( '', ( #4641, #4642, #4643, #4644 ) );
#2654 = AXIS2_PLACEMENT_3D( '', #4645, #4646, #4647 );
#2655 = SURFACE_SIDE_STYLE( '', ( #4648 ) );
#2656 = EDGE_LOOP( '', ( #4649, #4650, #4651, #4652, #4653 ) );
#2657 = AXIS2_PLACEMENT_3D( '', #4654, #4655, #4656 );
#2658 = SURFACE_SIDE_STYLE( '', ( #4657 ) );
#2659 = EDGE_LOOP( '', ( #4658, #4659, #4660, #4661 ) );
#2660 = AXIS2_PLACEMENT_3D( '', #4662, #4663, #4664 );
#2661 = SURFACE_SIDE_STYLE( '', ( #4665 ) );
#2662 = EDGE_LOOP( '', ( #4666, #4667, #4668, #4669, #4670, #4671, #4672, #4673 ) );
#2663 = EDGE_LOOP( '', ( #4674, #4675, #4676, #4677 ) );
#2664 = AXIS2_PLACEMENT_3D( '', #4678, #4679, #4680 );
#2665 = SURFACE_SIDE_STYLE( '', ( #4681 ) );
#2666 = EDGE_LOOP( '', ( #4682, #4683, #4684, #4685 ) );
#2667 = AXIS2_PLACEMENT_3D( '', #4686, #4687, #4688 );
#2668 = SURFACE_SIDE_STYLE( '', ( #4689 ) );
#2669 = EDGE_LOOP( '', ( #4690, #4691, #4692, #4693, #4694, #4695, #4696, #4697 ) );
#2670 = EDGE_LOOP( '', ( #4698, #4699, #4700, #4701 ) );
#2671 = AXIS2_PLACEMENT_3D( '', #4702, #4703, #4704 );
#2672 = SURFACE_SIDE_STYLE( '', ( #4705 ) );
#2673 = EDGE_LOOP( '', ( #4706, #4707, #4708, #4709 ) );
#2674 = AXIS2_PLACEMENT_3D( '', #4710, #4711, #4712 );
#2675 = SURFACE_SIDE_STYLE( '', ( #4713 ) );
#2676 = EDGE_LOOP( '', ( #4714, #4715, #4716, #4717, #4718 ) );
#2677 = AXIS2_PLACEMENT_3D( '', #4719, #4720, #4721 );
#2678 = SURFACE_SIDE_STYLE( '', ( #4722 ) );
#2679 = EDGE_LOOP( '', ( #4723, #4724, #4725, #4726 ) );
#2680 = AXIS2_PLACEMENT_3D( '', #4727, #4728, #4729 );
#2681 = SURFACE_SIDE_STYLE( '', ( #4730 ) );
#2682 = EDGE_LOOP( '', ( #4731, #4732, #4733, #4734, #4735 ) );
#2683 = AXIS2_PLACEMENT_3D( '', #4736, #4737, #4738 );
#2684 = SURFACE_SIDE_STYLE( '', ( #4739 ) );
#2685 = EDGE_LOOP( '', ( #4740, #4741, #4742, #4743, #4744, #4745, #4746, #4747, #4748, #4749 ) );
#2686 = AXIS2_PLACEMENT_3D( '', #4750, #4751, #4752 );
#2687 = SURFACE_SIDE_STYLE( '', ( #4753 ) );
#2688 = EDGE_LOOP( '', ( #4754, #4755, #4756, #4757, #4758, #4759, #4760, #4761, #4762, #4763 ) );
#2689 = AXIS2_PLACEMENT_3D( '', #4764, #4765, #4766 );
#2690 = SURFACE_SIDE_STYLE( '', ( #4767 ) );
#2691 = EDGE_LOOP( '', ( #4768, #4769, #4770, #4771 ) );
#2692 = AXIS2_PLACEMENT_3D( '', #4772, #4773, #4774 );
#2693 = SURFACE_SIDE_STYLE( '', ( #4775 ) );
#2694 = EDGE_LOOP( '', ( #4776, #4777, #4778, #4779 ) );
#2695 = AXIS2_PLACEMENT_3D( '', #4780, #4781, #4782 );
#2696 = SURFACE_SIDE_STYLE( '', ( #4783 ) );
#2697 = EDGE_LOOP( '', ( #4784, #4785, #4786, #4787 ) );
#2698 = AXIS2_PLACEMENT_3D( '', #4788, #4789, #4790 );
#2699 = SURFACE_SIDE_STYLE( '', ( #4791 ) );
#2700 = EDGE_LOOP( '', ( #4792, #4793, #4794, #4795 ) );
#2701 = EDGE_LOOP( '', ( #4796, #4797, #4798, #4799 ) );
#2702 = AXIS2_PLACEMENT_3D( '', #4800, #4801, #4802 );
#2703 = SURFACE_SIDE_STYLE( '', ( #4803 ) );
#2704 = EDGE_LOOP( '', ( #4804, #4805, #4806, #4807 ) );
#2705 = AXIS2_PLACEMENT_3D( '', #4808, #4809, #4810 );
#2706 = SURFACE_SIDE_STYLE( '', ( #4811 ) );
#2707 = EDGE_LOOP( '', ( #4812, #4813, #4814, #4815, #4816, #4817, #4818, #4819 ) );
#2708 = EDGE_LOOP( '', ( #4820, #4821, #4822, #4823 ) );
#2709 = AXIS2_PLACEMENT_3D( '', #4824, #4825, #4826 );
#2710 = SURFACE_SIDE_STYLE( '', ( #4827 ) );
#2711 = EDGE_LOOP( '', ( #4828, #4829, #4830, #4831, #4832 ) );
#2712 = AXIS2_PLACEMENT_3D( '', #4833, #4834, #4835 );
#2713 = SURFACE_SIDE_STYLE( '', ( #4836 ) );
#2714 = EDGE_LOOP( '', ( #4837, #4838, #4839, #4840 ) );
#2715 = AXIS2_PLACEMENT_3D( '', #4841, #4842, #4843 );
#2716 = SURFACE_SIDE_STYLE( '', ( #4844 ) );
#2717 = EDGE_LOOP( '', ( #4845, #4846, #4847, #4848 ) );
#2718 = AXIS2_PLACEMENT_3D( '', #4849, #4850, #4851 );
#2719 = SURFACE_SIDE_STYLE( '', ( #4852 ) );
#2720 = EDGE_LOOP( '', ( #4853, #4854, #4855, #4856, #4857, #4858, #4859, #4860, #4861, #4862 ) );
#2721 = AXIS2_PLACEMENT_3D( '', #4863, #4864, #4865 );
#2722 = SURFACE_SIDE_STYLE( '', ( #4866 ) );
#2723 = EDGE_LOOP( '', ( #4867, #4868, #4869, #4870 ) );
#2724 = AXIS2_PLACEMENT_3D( '', #4871, #4872, #4873 );
#2725 = SURFACE_SIDE_STYLE( '', ( #4874 ) );
#2726 = EDGE_LOOP( '', ( #4875, #4876, #4877, #4878, #4879 ) );
#2727 = AXIS2_PLACEMENT_3D( '', #4880, #4881, #4882 );
#2728 = SURFACE_SIDE_STYLE( '', ( #4883 ) );
#2729 = EDGE_LOOP( '', ( #4884, #4885, #4886, #4887 ) );
#2730 = AXIS2_PLACEMENT_3D( '', #4888, #4889, #4890 );
#2731 = SURFACE_SIDE_STYLE( '', ( #4891 ) );
#2732 = EDGE_LOOP( '', ( #4892, #4893, #4894, #4895 ) );
#2733 = AXIS2_PLACEMENT_3D( '', #4896, #4897, #4898 );
#2734 = SURFACE_SIDE_STYLE( '', ( #4899 ) );
#2735 = EDGE_LOOP( '', ( #4900, #4901, #4902, #4903 ) );
#2736 = AXIS2_PLACEMENT_3D( '', #4904, #4905, #4906 );
#2737 = SURFACE_SIDE_STYLE( '', ( #4907 ) );
#2738 = EDGE_LOOP( '', ( #4908, #4909, #4910, #4911 ) );
#2739 = AXIS2_PLACEMENT_3D( '', #4912, #4913, #4914 );
#2740 = SURFACE_SIDE_STYLE( '', ( #4915 ) );
#2741 = EDGE_LOOP( '', ( #4916, #4917, #4918, #4919 ) );
#2742 = AXIS2_PLACEMENT_3D( '', #4920, #4921, #4922 );
#2743 = SURFACE_SIDE_STYLE( '', ( #4923 ) );
#2744 = EDGE_LOOP( '', ( #4924, #4925, #4926, #4927 ) );
#2745 = EDGE_LOOP( '', ( #4928, #4929, #4930, #4931 ) );
#2746 = AXIS2_PLACEMENT_3D( '', #4932, #4933, #4934 );
#2747 = SURFACE_SIDE_STYLE( '', ( #4935 ) );
#2748 = EDGE_LOOP( '', ( #4936, #4937, #4938, #4939 ) );
#2749 = AXIS2_PLACEMENT_3D( '', #4940, #4941, #4942 );
#2750 = SURFACE_SIDE_STYLE( '', ( #4943 ) );
#2751 = EDGE_LOOP( '', ( #4944, #4945, #4946, #4947 ) );
#2752 = AXIS2_PLACEMENT_3D( '', #4948, #4949, #4950 );
#2753 = SURFACE_SIDE_STYLE( '', ( #4951 ) );
#2754 = EDGE_LOOP( '', ( #4952, #4953, #4954, #4955 ) );
#2755 = AXIS2_PLACEMENT_3D( '', #4956, #4957, #4958 );
#2756 = SURFACE_SIDE_STYLE( '', ( #4959 ) );
#2757 = EDGE_LOOP( '', ( #4960, #4961, #4962, #4963 ) );
#2758 = AXIS2_PLACEMENT_3D( '', #4964, #4965, #4966 );
#2759 = SURFACE_SIDE_STYLE( '', ( #4967 ) );
#2760 = EDGE_LOOP( '', ( #4968, #4969, #4970, #4971 ) );
#2761 = AXIS2_PLACEMENT_3D( '', #4972, #4973, #4974 );
#2762 = SURFACE_SIDE_STYLE( '', ( #4975 ) );
#2763 = EDGE_LOOP( '', ( #4976, #4977, #4978, #4979 ) );
#2764 = EDGE_LOOP( '', ( #4980, #4981, #4982, #4983 ) );
#2765 = AXIS2_PLACEMENT_3D( '', #4984, #4985, #4986 );
#2766 = SURFACE_SIDE_STYLE( '', ( #4987 ) );
#2767 = EDGE_LOOP( '', ( #4988, #4989, #4990, #4991, #4992 ) );
#2768 = AXIS2_PLACEMENT_3D( '', #4993, #4994, #4995 );
#2769 = SURFACE_SIDE_STYLE( '', ( #4996 ) );
#2770 = EDGE_LOOP( '', ( #4997, #4998, #4999, #5000 ) );
#2771 = AXIS2_PLACEMENT_3D( '', #5001, #5002, #5003 );
#2772 = SURFACE_SIDE_STYLE( '', ( #5004 ) );
#2773 = EDGE_LOOP( '', ( #5005, #5006, #5007, #5008 ) );
#2774 = AXIS2_PLACEMENT_3D( '', #5009, #5010, #5011 );
#2775 = SURFACE_SIDE_STYLE( '', ( #5012 ) );
#2776 = EDGE_LOOP( '', ( #5013, #5014, #5015, #5016 ) );
#2777 = EDGE_LOOP( '', ( #5017, #5018, #5019, #5020 ) );
#2778 = AXIS2_PLACEMENT_3D( '', #5021, #5022, #5023 );
#2779 = SURFACE_SIDE_STYLE( '', ( #5024 ) );
#2780 = EDGE_LOOP( '', ( #5025, #5026, #5027, #5028 ) );
#2781 = AXIS2_PLACEMENT_3D( '', #5029, #5030, #5031 );
#2782 = SURFACE_SIDE_STYLE( '', ( #5032 ) );
#2783 = EDGE_LOOP( '', ( #5033, #5034, #5035, #5036 ) );
#2784 = EDGE_LOOP( '', ( #5037, #5038, #5039, #5040 ) );
#2785 = AXIS2_PLACEMENT_3D( '', #5041, #5042, #5043 );
#2786 = SURFACE_SIDE_STYLE( '', ( #5044 ) );
#2787 = EDGE_LOOP( '', ( #5045, #5046, #5047, #5048 ) );
#2788 = AXIS2_PLACEMENT_3D( '', #5049, #5050, #5051 );
#2789 = SURFACE_SIDE_STYLE( '', ( #5052 ) );
#2790 = EDGE_LOOP( '', ( #5053, #5054, #5055, #5056 ) );
#2791 = AXIS2_PLACEMENT_3D( '', #5057, #5058, #5059 );
#2792 = SURFACE_SIDE_STYLE( '', ( #5060 ) );
#2793 = EDGE_LOOP( '', ( #5061, #5062, #5063, #5064, #5065, #5066, #5067, #5068 ) );
#2794 = AXIS2_PLACEMENT_3D( '', #5069, #5070, #5071 );
#2795 = SURFACE_SIDE_STYLE( '', ( #5072 ) );
#2796 = EDGE_LOOP( '', ( #5073, #5074, #5075, #5076 ) );
#2797 = AXIS2_PLACEMENT_3D( '', #5077, #5078, #5079 );
#2798 = SURFACE_SIDE_STYLE( '', ( #5080 ) );
#2799 = EDGE_LOOP( '', ( #5081, #5082, #5083, #5084 ) );
#2800 = AXIS2_PLACEMENT_3D( '', #5085, #5086, #5087 );
#2801 = SURFACE_SIDE_STYLE( '', ( #5088 ) );
#2802 = EDGE_LOOP( '', ( #5089, #5090, #5091, #5092, #5093, #5094 ) );
#2803 = AXIS2_PLACEMENT_3D( '', #5095, #5096, #5097 );
#2804 = SURFACE_SIDE_STYLE( '', ( #5098 ) );
#2805 = EDGE_LOOP( '', ( #5099, #5100, #5101, #5102, #5103, #5104, #5105, #5106 ) );
#2806 = AXIS2_PLACEMENT_3D( '', #5107, #5108, #5109 );
#2807 = SURFACE_SIDE_STYLE( '', ( #5110 ) );
#2808 = EDGE_LOOP( '', ( #5111, #5112, #5113, #5114 ) );
#2809 = AXIS2_PLACEMENT_3D( '', #5115, #5116, #5117 );
#2810 = SURFACE_SIDE_STYLE( '', ( #5118 ) );
#2811 = EDGE_LOOP( '', ( #5119, #5120, #5121, #5122 ) );
#2812 = AXIS2_PLACEMENT_3D( '', #5123, #5124, #5125 );
#2813 = SURFACE_SIDE_STYLE( '', ( #5126 ) );
#2814 = EDGE_LOOP( '', ( #5127, #5128, #5129, #5130, #5131, #5132, #5133, #5134 ) );
#2815 = EDGE_LOOP( '', ( #5135, #5136, #5137, #5138 ) );
#2816 = AXIS2_PLACEMENT_3D( '', #5139, #5140, #5141 );
#2817 = SURFACE_SIDE_STYLE( '', ( #5142 ) );
#2818 = EDGE_LOOP( '', ( #5143, #5144, #5145, #5146 ) );
#2819 = AXIS2_PLACEMENT_3D( '', #5147, #5148, #5149 );
#2820 = SURFACE_SIDE_STYLE( '', ( #5150 ) );
#2821 = EDGE_LOOP( '', ( #5151, #5152, #5153, #5154, #5155, #5156, #5157, #5158 ) );
#2822 = EDGE_LOOP( '', ( #5159, #5160, #5161, #5162 ) );
#2823 = AXIS2_PLACEMENT_3D( '', #5163, #5164, #5165 );
#2824 = SURFACE_SIDE_STYLE( '', ( #5166 ) );
#2825 = EDGE_LOOP( '', ( #5167, #5168, #5169, #5170, #5171, #5172 ) );
#2826 = AXIS2_PLACEMENT_3D( '', #5173, #5174, #5175 );
#2827 = SURFACE_SIDE_STYLE( '', ( #5176 ) );
#2828 = EDGE_LOOP( '', ( #5177, #5178, #5179, #5180 ) );
#2829 = AXIS2_PLACEMENT_3D( '', #5181, #5182, #5183 );
#2830 = SURFACE_SIDE_STYLE( '', ( #5184 ) );
#2831 = EDGE_LOOP( '', ( #5185, #5186, #5187, #5188 ) );
#2832 = AXIS2_PLACEMENT_3D( '', #5189, #5190, #5191 );
#2833 = SURFACE_SIDE_STYLE( '', ( #5192 ) );
#2834 = EDGE_LOOP( '', ( #5193, #5194, #5195, #5196 ) );
#2835 = AXIS2_PLACEMENT_3D( '', #5197, #5198, #5199 );
#2836 = SURFACE_SIDE_STYLE( '', ( #5200 ) );
#2837 = EDGE_LOOP( '', ( #5201, #5202, #5203, #5204 ) );
#2838 = AXIS2_PLACEMENT_3D( '', #5205, #5206, #5207 );
#2839 = SURFACE_SIDE_STYLE( '', ( #5208 ) );
#2840 = EDGE_LOOP( '', ( #5209, #5210, #5211, #5212 ) );
#2841 = AXIS2_PLACEMENT_3D( '', #5213, #5214, #5215 );
#2842 = SURFACE_SIDE_STYLE( '', ( #5216 ) );
#2843 = EDGE_LOOP( '', ( #5217, #5218, #5219, #5220 ) );
#2844 = EDGE_LOOP( '', ( #5221, #5222, #5223, #5224 ) );
#2845 = EDGE_LOOP( '', ( #5225, #5226, #5227, #5228, #5229, #5230, #5231, #5232, #5233, #5234, #5235, #5236, #5237, #5238, #5239, #5240, #5241, #5242, #5243, #5244 ) );
#2846 = AXIS2_PLACEMENT_3D( '', #5245, #5246, #5247 );
#2847 = SURFACE_SIDE_STYLE( '', ( #5248 ) );
#2848 = EDGE_LOOP( '', ( #5249, #5250, #5251, #5252 ) );
#2849 = AXIS2_PLACEMENT_3D( '', #5253, #5254, #5255 );
#2850 = SURFACE_SIDE_STYLE( '', ( #5256 ) );
#2851 = EDGE_LOOP( '', ( #5257, #5258, #5259, #5260 ) );
#2852 = AXIS2_PLACEMENT_3D( '', #5261, #5262, #5263 );
#2853 = SURFACE_SIDE_STYLE( '', ( #5264 ) );
#2854 = EDGE_LOOP( '', ( #5265, #5266, #5267, #5268 ) );
#2855 = AXIS2_PLACEMENT_3D( '', #5269, #5270, #5271 );
#2856 = SURFACE_SIDE_STYLE( '', ( #5272 ) );
#2857 = EDGE_LOOP( '', ( #5273, #5274, #5275, #5276 ) );
#2858 = AXIS2_PLACEMENT_3D( '', #5277, #5278, #5279 );
#2859 = SURFACE_SIDE_STYLE( '', ( #5280 ) );
#2860 = EDGE_LOOP( '', ( #5281, #5282, #5283, #5284 ) );
#2861 = AXIS2_PLACEMENT_3D( '', #5285, #5286, #5287 );
#2862 = SURFACE_SIDE_STYLE( '', ( #5288 ) );
#2863 = EDGE_LOOP( '', ( #5289, #5290, #5291, #5292, #5293, #5294, #5295, #5296, #5297 ) );
#2864 = AXIS2_PLACEMENT_3D( '', #5298, #5299, #5300 );
#2865 = SURFACE_SIDE_STYLE( '', ( #5301 ) );
#2866 = EDGE_LOOP( '', ( #5302, #5303, #5304, #5305 ) );
#2867 = AXIS2_PLACEMENT_3D( '', #5306, #5307, #5308 );
#2868 = SURFACE_SIDE_STYLE( '', ( #5309 ) );
#2869 = EDGE_LOOP( '', ( #5310, #5311, #5312, #5313 ) );
#2870 = AXIS2_PLACEMENT_3D( '', #5314, #5315, #5316 );
#2871 = SURFACE_SIDE_STYLE( '', ( #5317 ) );
#2872 = EDGE_LOOP( '', ( #5318, #5319, #5320, #5321 ) );
#2873 = AXIS2_PLACEMENT_3D( '', #5322, #5323, #5324 );
#2874 = SURFACE_SIDE_STYLE( '', ( #5325 ) );
#2875 = EDGE_LOOP( '', ( #5326, #5327, #5328, #5329, #5330, #5331, #5332, #5333 ) );
#2876 = EDGE_LOOP( '', ( #5334, #5335, #5336, #5337 ) );
#2877 = AXIS2_PLACEMENT_3D( '', #5338, #5339, #5340 );
#2878 = SURFACE_SIDE_STYLE( '', ( #5341 ) );
#2879 = EDGE_LOOP( '', ( #5342, #5343, #5344, #5345 ) );
#2880 = AXIS2_PLACEMENT_3D( '', #5346, #5347, #5348 );
#2881 = SURFACE_SIDE_STYLE( '', ( #5349 ) );
#2882 = EDGE_LOOP( '', ( #5350, #5351, #5352, #5353 ) );
#2883 = AXIS2_PLACEMENT_3D( '', #5354, #5355, #5356 );
#2884 = SURFACE_SIDE_STYLE( '', ( #5357 ) );
#2885 = EDGE_LOOP( '', ( #5358, #5359, #5360, #5361 ) );
#2886 = AXIS2_PLACEMENT_3D( '', #5362, #5363, #5364 );
#2887 = SURFACE_SIDE_STYLE( '', ( #5365 ) );
#2888 = EDGE_LOOP( '', ( #5366, #5367, #5368, #5369 ) );
#2889 = AXIS2_PLACEMENT_3D( '', #5370, #5371, #5372 );
#2890 = SURFACE_SIDE_STYLE( '', ( #5373 ) );
#2891 = EDGE_LOOP( '', ( #5374, #5375, #5376, #5377 ) );
#2892 = AXIS2_PLACEMENT_3D( '', #5378, #5379, #5380 );
#2893 = SURFACE_SIDE_STYLE( '', ( #5381 ) );
#2894 = EDGE_LOOP( '', ( #5382, #5383, #5384, #5385, #5386, #5387, #5388, #5389 ) );
#2895 = AXIS2_PLACEMENT_3D( '', #5390, #5391, #5392 );
#2896 = SURFACE_SIDE_STYLE( '', ( #5393 ) );
#2897 = EDGE_LOOP( '', ( #5394, #5395, #5396, #5397 ) );
#2898 = AXIS2_PLACEMENT_3D( '', #5398, #5399, #5400 );
#2899 = SURFACE_SIDE_STYLE( '', ( #5401 ) );
#2900 = EDGE_LOOP( '', ( #5402, #5403, #5404, #5405 ) );
#2901 = AXIS2_PLACEMENT_3D( '', #5406, #5407, #5408 );
#2902 = SURFACE_SIDE_STYLE( '', ( #5409 ) );
#2903 = EDGE_LOOP( '', ( #5410, #5411, #5412, #5413, #5414 ) );
#2904 = AXIS2_PLACEMENT_3D( '', #5415, #5416, #5417 );
#2905 = SURFACE_SIDE_STYLE( '', ( #5418 ) );
#2906 = EDGE_LOOP( '', ( #5419, #5420, #5421, #5422 ) );
#2907 = AXIS2_PLACEMENT_3D( '', #5423, #5424, #5425 );
#2908 = SURFACE_SIDE_STYLE( '', ( #5426 ) );
#2909 = EDGE_LOOP( '', ( #5427, #5428, #5429, #5430 ) );
#2910 = AXIS2_PLACEMENT_3D( '', #5431, #5432, #5433 );
#2911 = SURFACE_SIDE_STYLE( '', ( #5434 ) );
#2912 = EDGE_LOOP( '', ( #5435, #5436, #5437, #5438, #5439, #5440 ) );
#2913 = AXIS2_PLACEMENT_3D( '', #5441, #5442, #5443 );
#2914 = SURFACE_SIDE_STYLE( '', ( #5444 ) );
#2915 = EDGE_LOOP( '', ( #5445, #5446, #5447, #5448 ) );
#2916 = AXIS2_PLACEMENT_3D( '', #5449, #5450, #5451 );
#2917 = SURFACE_SIDE_STYLE( '', ( #5452 ) );
#2918 = EDGE_LOOP( '', ( #5453, #5454, #5455, #5456 ) );
#2919 = AXIS2_PLACEMENT_3D( '', #5457, #5458, #5459 );
#2920 = SURFACE_SIDE_STYLE( '', ( #5460 ) );
#2921 = EDGE_LOOP( '', ( #5461, #5462, #5463, #5464 ) );
#2922 = AXIS2_PLACEMENT_3D( '', #5465, #5466, #5467 );
#2923 = SURFACE_SIDE_STYLE( '', ( #5468 ) );
#2924 = EDGE_LOOP( '', ( #5469, #5470, #5471, #5472 ) );
#2925 = AXIS2_PLACEMENT_3D( '', #5473, #5474, #5475 );
#2926 = SURFACE_SIDE_STYLE( '', ( #5476 ) );
#2927 = EDGE_LOOP( '', ( #5477, #5478, #5479, #5480 ) );
#2928 = AXIS2_PLACEMENT_3D( '', #5481, #5482, #5483 );
#2929 = SURFACE_SIDE_STYLE( '', ( #5484 ) );
#2930 = EDGE_LOOP( '', ( #5485, #5486, #5487, #5488 ) );
#2931 = AXIS2_PLACEMENT_3D( '', #5489, #5490, #5491 );
#2932 = SURFACE_SIDE_STYLE( '', ( #5492 ) );
#2933 = EDGE_LOOP( '', ( #5493, #5494, #5495, #5496, #5497, #5498, #5499, #5500, #5501, #5502, #5503, #5504 ) );
#2934 = AXIS2_PLACEMENT_3D( '', #5505, #5506, #5507 );
#2935 = SURFACE_SIDE_STYLE( '', ( #5508 ) );
#2936 = EDGE_LOOP( '', ( #5509, #5510, #5511, #5512 ) );
#2937 = AXIS2_PLACEMENT_3D( '', #5513, #5514, #5515 );
#2938 = SURFACE_SIDE_STYLE( '', ( #5516 ) );
#2939 = EDGE_LOOP( '', ( #5517, #5518, #5519, #5520 ) );
#2940 = AXIS2_PLACEMENT_3D( '', #5521, #5522, #5523 );
#2941 = SURFACE_SIDE_STYLE( '', ( #5524 ) );
#2942 = EDGE_LOOP( '', ( #5525, #5526, #5527, #5528 ) );
#2943 = AXIS2_PLACEMENT_3D( '', #5529, #5530, #5531 );
#2944 = SURFACE_SIDE_STYLE( '', ( #5532 ) );
#2945 = EDGE_LOOP( '', ( #5533, #5534, #5535, #5536, #5537, #5538, #5539, #5540, #5541, #5542 ) );
#2946 = AXIS2_PLACEMENT_3D( '', #5543, #5544, #5545 );
#2947 = SURFACE_SIDE_STYLE( '', ( #5546 ) );
#2948 = EDGE_LOOP( '', ( #5547, #5548, #5549, #5550, #5551, #5552 ) );
#2949 = AXIS2_PLACEMENT_3D( '', #5553, #5554, #5555 );
#2950 = SURFACE_SIDE_STYLE( '', ( #5556 ) );
#2951 = EDGE_LOOP( '', ( #5557, #5558, #5559, #5560 ) );
#2952 = AXIS2_PLACEMENT_3D( '', #5561, #5562, #5563 );
#2953 = SURFACE_SIDE_STYLE( '', ( #5564 ) );
#2954 = EDGE_LOOP( '', ( #5565, #5566, #5567, #5568 ) );
#2955 = EDGE_LOOP( '', ( #5569, #5570, #5571, #5572 ) );
#2956 = AXIS2_PLACEMENT_3D( '', #5573, #5574, #5575 );
#2957 = SURFACE_SIDE_STYLE( '', ( #5576 ) );
#2958 = EDGE_LOOP( '', ( #5577, #5578, #5579, #5580, #5581, #5582 ) );
#2959 = AXIS2_PLACEMENT_3D( '', #5583, #5584, #5585 );
#2960 = SURFACE_SIDE_STYLE( '', ( #5586 ) );
#2961 = EDGE_LOOP( '', ( #5587, #5588, #5589, #5590 ) );
#2962 = AXIS2_PLACEMENT_3D( '', #5591, #5592, #5593 );
#2963 = SURFACE_SIDE_STYLE( '', ( #5594 ) );
#2964 = EDGE_LOOP( '', ( #5595, #5596, #5597, #5598 ) );
#2965 = AXIS2_PLACEMENT_3D( '', #5599, #5600, #5601 );
#2966 = SURFACE_SIDE_STYLE( '', ( #5602 ) );
#2967 = EDGE_LOOP( '', ( #5603, #5604, #5605, #5606, #5607, #5608, #5609, #5610, #5611, #5612, #5613, #5614, #5615, #5616, #5617 ) );
#2968 = AXIS2_PLACEMENT_3D( '', #5618, #5619, #5620 );
#2969 = SURFACE_SIDE_STYLE( '', ( #5621 ) );
#2970 = EDGE_LOOP( '', ( #5622, #5623, #5624, #5625, #5626, #5627, #5628, #5629 ) );
#2971 = AXIS2_PLACEMENT_3D( '', #5630, #5631, #5632 );
#2972 = SURFACE_SIDE_STYLE( '', ( #5633 ) );
#2973 = EDGE_LOOP( '', ( #5634, #5635, #5636, #5637 ) );
#2974 = AXIS2_PLACEMENT_3D( '', #5638, #5639, #5640 );
#2975 = SURFACE_SIDE_STYLE( '', ( #5641 ) );
#2976 = EDGE_LOOP( '', ( #5642, #5643, #5644, #5645 ) );
#2977 = AXIS2_PLACEMENT_3D( '', #5646, #5647, #5648 );
#2978 = SURFACE_SIDE_STYLE( '', ( #5649 ) );
#2979 = EDGE_LOOP( '', ( #5650, #5651, #5652, #5653 ) );
#2980 = AXIS2_PLACEMENT_3D( '', #5654, #5655, #5656 );
#2981 = SURFACE_SIDE_STYLE( '', ( #5657 ) );
#2982 = EDGE_LOOP( '', ( #5658, #5659, #5660, #5661 ) );
#2983 = AXIS2_PLACEMENT_3D( '', #5662, #5663, #5664 );
#2984 = SURFACE_SIDE_STYLE( '', ( #5665 ) );
#2985 = EDGE_LOOP( '', ( #5666, #5667, #5668, #5669 ) );
#2986 = AXIS2_PLACEMENT_3D( '', #5670, #5671, #5672 );
#2987 = SURFACE_SIDE_STYLE( '', ( #5673 ) );
#2988 = EDGE_LOOP( '', ( #5674, #5675, #5676, #5677 ) );
#2989 = AXIS2_PLACEMENT_3D( '', #5678, #5679, #5680 );
#2990 = SURFACE_SIDE_STYLE( '', ( #5681 ) );
#2991 = EDGE_LOOP( '', ( #5682, #5683, #5684, #5685, #5686, #5687, #5688, #5689, #5690, #5691, #5692, #5693, #5694, #5695, #5696 ) );
#2992 = AXIS2_PLACEMENT_3D( '', #5697, #5698, #5699 );
#2993 = SURFACE_SIDE_STYLE( '', ( #5700 ) );
#2994 = EDGE_LOOP( '', ( #5701, #5702, #5703, #5704 ) );
#2995 = AXIS2_PLACEMENT_3D( '', #5705, #5706, #5707 );
#2996 = SURFACE_SIDE_STYLE( '', ( #5708 ) );
#2997 = EDGE_LOOP( '', ( #5709, #5710, #5711, #5712 ) );
#2998 = AXIS2_PLACEMENT_3D( '', #5713, #5714, #5715 );
#2999 = SURFACE_SIDE_STYLE( '', ( #5716 ) );
#3000 = EDGE_LOOP( '', ( #5717, #5718, #5719, #5720 ) );
#3001 = EDGE_LOOP( '', ( #5721, #5722, #5723, #5724 ) );
#3002 = AXIS2_PLACEMENT_3D( '', #5725, #5726, #5727 );
#3003 = SURFACE_SIDE_STYLE( '', ( #5728 ) );
#3004 = EDGE_LOOP( '', ( #5729, #5730, #5731, #5732, #5733, #5734 ) );
#3005 = AXIS2_PLACEMENT_3D( '', #5735, #5736, #5737 );
#3006 = SURFACE_SIDE_STYLE( '', ( #5738 ) );
#3007 = EDGE_LOOP( '', ( #5739, #5740, #5741, #5742 ) );
#3008 = AXIS2_PLACEMENT_3D( '', #5743, #5744, #5745 );
#3009 = SURFACE_SIDE_STYLE( '', ( #5746 ) );
#3010 = EDGE_LOOP( '', ( #5747, #5748, #5749, #5750, #5751, #5752, #5753, #5754, #5755, #5756 ) );
#3011 = AXIS2_PLACEMENT_3D( '', #5757, #5758, #5759 );
#3012 = SURFACE_SIDE_STYLE( '', ( #5760 ) );
#3013 = EDGE_LOOP( '', ( #5761, #5762, #5763, #5764 ) );
#3014 = AXIS2_PLACEMENT_3D( '', #5765, #5766, #5767 );
#3015 = SURFACE_SIDE_STYLE( '', ( #5768 ) );
#3016 = EDGE_LOOP( '', ( #5769, #5770, #5771, #5772 ) );
#3017 = AXIS2_PLACEMENT_3D( '', #5773, #5774, #5775 );
#3018 = SURFACE_SIDE_STYLE( '', ( #5776 ) );
#3019 = EDGE_LOOP( '', ( #5777, #5778, #5779, #5780 ) );
#3020 = AXIS2_PLACEMENT_3D( '', #5781, #5782, #5783 );
#3021 = SURFACE_SIDE_STYLE( '', ( #5784 ) );
#3022 = EDGE_LOOP( '', ( #5785, #5786, #5787, #5788, #5789, #5790, #5791, #5792 ) );
#3023 = EDGE_LOOP( '', ( #5793, #5794, #5795, #5796 ) );
#3024 = AXIS2_PLACEMENT_3D( '', #5797, #5798, #5799 );
#3025 = SURFACE_SIDE_STYLE( '', ( #5800 ) );
#3026 = EDGE_LOOP( '', ( #5801, #5802, #5803, #5804 ) );
#3027 = AXIS2_PLACEMENT_3D( '', #5805, #5806, #5807 );
#3028 = SURFACE_SIDE_STYLE( '', ( #5808 ) );
#3029 = EDGE_LOOP( '', ( #5809, #5810, #5811, #5812 ) );
#3030 = AXIS2_PLACEMENT_3D( '', #5813, #5814, #5815 );
#3031 = SURFACE_SIDE_STYLE( '', ( #5816 ) );
#3032 = EDGE_LOOP( '', ( #5817, #5818, #5819, #5820 ) );
#3033 = AXIS2_PLACEMENT_3D( '', #5821, #5822, #5823 );
#3034 = SURFACE_SIDE_STYLE( '', ( #5824 ) );
#3035 = EDGE_LOOP( '', ( #5825, #5826, #5827, #5828 ) );
#3036 = AXIS2_PLACEMENT_3D( '', #5829, #5830, #5831 );
#3037 = SURFACE_SIDE_STYLE( '', ( #5832 ) );
#3038 = EDGE_LOOP( '', ( #5833, #5834, #5835, #5836 ) );
#3039 = AXIS2_PLACEMENT_3D( '', #5837, #5838, #5839 );
#3040 = SURFACE_SIDE_STYLE( '', ( #5840 ) );
#3041 = EDGE_LOOP( '', ( #5841, #5842, #5843, #5844 ) );
#3042 = AXIS2_PLACEMENT_3D( '', #5845, #5846, #5847 );
#3043 = SURFACE_SIDE_STYLE( '', ( #5848 ) );
#3044 = EDGE_LOOP( '', ( #5849, #5850, #5851, #5852 ) );
#3045 = EDGE_LOOP( '', ( #5853, #5854, #5855, #5856 ) );
#3046 = AXIS2_PLACEMENT_3D( '', #5857, #5858, #5859 );
#3047 = SURFACE_SIDE_STYLE( '', ( #5860 ) );
#3048 = EDGE_LOOP( '', ( #5861, #5862, #5863, #5864, #5865, #5866, #5867, #5868, #5869, #5870, #5871, #5872 ) );
#3049 = AXIS2_PLACEMENT_3D( '', #5873, #5874, #5875 );
#3050 = SURFACE_SIDE_STYLE( '', ( #5876 ) );
#3051 = EDGE_LOOP( '', ( #5877, #5878, #5879, #5880 ) );
#3052 = AXIS2_PLACEMENT_3D( '', #5881, #5882, #5883 );
#3053 = SURFACE_SIDE_STYLE( '', ( #5884 ) );
#3054 = EDGE_LOOP( '', ( #5885, #5886, #5887, #5888 ) );
#3055 = AXIS2_PLACEMENT_3D( '', #5889, #5890, #5891 );
#3056 = SURFACE_SIDE_STYLE( '', ( #5892 ) );
#3057 = EDGE_LOOP( '', ( #5893, #5894, #5895, #5896 ) );
#3058 = AXIS2_PLACEMENT_3D( '', #5897, #5898, #5899 );
#3059 = SURFACE_SIDE_STYLE( '', ( #5900 ) );
#3060 = EDGE_LOOP( '', ( #5901, #5902, #5903, #5904 ) );
#3061 = AXIS2_PLACEMENT_3D( '', #5905, #5906, #5907 );
#3062 = SURFACE_SIDE_STYLE( '', ( #5908 ) );
#3063 = EDGE_LOOP( '', ( #5909, #5910, #5911, #5912 ) );
#3064 = EDGE_LOOP( '', ( #5913, #5914, #5915, #5916 ) );
#3065 = EDGE_LOOP( '', ( #5917, #5918, #5919, #5920 ) );
#3066 = EDGE_LOOP( '', ( #5921, #5922, #5923, #5924 ) );
#3067 = EDGE_LOOP( '', ( #5925, #5926, #5927, #5928 ) );
#3068 = EDGE_LOOP( '', ( #5929, #5930, #5931, #5932 ) );
#3069 = EDGE_LOOP( '', ( #5933, #5934, #5935, #5936 ) );
#3070 = EDGE_LOOP( '', ( #5937, #5938, #5939, #5940 ) );
#3071 = EDGE_LOOP( '', ( #5941, #5942, #5943, #5944, #5945, #5946, #5947, #5948 ) );
#3072 = AXIS2_PLACEMENT_3D( '', #5949, #5950, #5951 );
#3073 = SURFACE_SIDE_STYLE( '', ( #5952 ) );
#3074 = EDGE_LOOP( '', ( #5953, #5954, #5955, #5956 ) );
#3075 = AXIS2_PLACEMENT_3D( '', #5957, #5958, #5959 );
#3076 = SURFACE_SIDE_STYLE( '', ( #5960 ) );
#3077 = EDGE_LOOP( '', ( #5961, #5962, #5963, #5964 ) );
#3078 = AXIS2_PLACEMENT_3D( '', #5965, #5966, #5967 );
#3079 = SURFACE_SIDE_STYLE( '', ( #5968 ) );
#3080 = EDGE_LOOP( '', ( #5969, #5970, #5971, #5972 ) );
#3081 = AXIS2_PLACEMENT_3D( '', #5973, #5974, #5975 );
#3082 = SURFACE_SIDE_STYLE( '', ( #5976 ) );
#3083 = EDGE_LOOP( '', ( #5977, #5978, #5979, #5980, #5981, #5982, #5983, #5984 ) );
#3084 = EDGE_LOOP( '', ( #5985, #5986, #5987, #5988 ) );
#3085 = AXIS2_PLACEMENT_3D( '', #5989, #5990, #5991 );
#3086 = SURFACE_SIDE_STYLE( '', ( #5992 ) );
#3087 = EDGE_LOOP( '', ( #5993, #5994, #5995, #5996 ) );
#3088 = AXIS2_PLACEMENT_3D( '', #5997, #5998, #5999 );
#3089 = SURFACE_SIDE_STYLE( '', ( #6000 ) );
#3090 = EDGE_LOOP( '', ( #6001, #6002, #6003, #6004, #6005, #6006 ) );
#3091 = AXIS2_PLACEMENT_3D( '', #6007, #6008, #6009 );
#3092 = SURFACE_SIDE_STYLE( '', ( #6010 ) );
#3093 = EDGE_LOOP( '', ( #6011, #6012, #6013, #6014 ) );
#3094 = AXIS2_PLACEMENT_3D( '', #6015, #6016, #6017 );
#3095 = SURFACE_SIDE_STYLE( '', ( #6018 ) );
#3096 = EDGE_LOOP( '', ( #6019, #6020, #6021, #6022, #6023 ) );
#3097 = AXIS2_PLACEMENT_3D( '', #6024, #6025, #6026 );
#3098 = SURFACE_SIDE_STYLE( '', ( #6027 ) );
#3099 = EDGE_LOOP( '', ( #6028, #6029, #6030, #6031 ) );
#3100 = AXIS2_PLACEMENT_3D( '', #6032, #6033, #6034 );
#3101 = SURFACE_SIDE_STYLE( '', ( #6035 ) );
#3102 = EDGE_LOOP( '', ( #6036, #6037, #6038, #6039 ) );
#3103 = AXIS2_PLACEMENT_3D( '', #6040, #6041, #6042 );
#3104 = SURFACE_SIDE_STYLE( '', ( #6043 ) );
#3105 = EDGE_LOOP( '', ( #6044, #6045, #6046, #6047 ) );
#3106 = AXIS2_PLACEMENT_3D( '', #6048, #6049, #6050 );
#3107 = SURFACE_SIDE_STYLE( '', ( #6051 ) );
#3108 = EDGE_LOOP( '', ( #6052, #6053, #6054, #6055 ) );
#3109 = AXIS2_PLACEMENT_3D( '', #6056, #6057, #6058 );
#3110 = SURFACE_SIDE_STYLE( '', ( #6059 ) );
#3111 = EDGE_LOOP( '', ( #6060, #6061, #6062, #6063 ) );
#3112 = AXIS2_PLACEMENT_3D( '', #6064, #6065, #6066 );
#3113 = SURFACE_SIDE_STYLE( '', ( #6067 ) );
#3114 = EDGE_LOOP( '', ( #6068, #6069, #6070, #6071 ) );
#3115 = AXIS2_PLACEMENT_3D( '', #6072, #6073, #6074 );
#3116 = SURFACE_SIDE_STYLE( '', ( #6075 ) );
#3117 = EDGE_LOOP( '', ( #6076, #6077, #6078, #6079 ) );
#3118 = AXIS2_PLACEMENT_3D( '', #6080, #6081, #6082 );
#3119 = SURFACE_SIDE_STYLE( '', ( #6083 ) );
#3120 = EDGE_LOOP( '', ( #6084, #6085, #6086, #6087 ) );
#3121 = AXIS2_PLACEMENT_3D( '', #6088, #6089, #6090 );
#3122 = SURFACE_SIDE_STYLE( '', ( #6091 ) );
#3123 = EDGE_LOOP( '', ( #6092, #6093, #6094, #6095 ) );
#3124 = AXIS2_PLACEMENT_3D( '', #6096, #6097, #6098 );
#3125 = SURFACE_SIDE_STYLE( '', ( #6099 ) );
#3126 = EDGE_LOOP( '', ( #6100, #6101, #6102, #6103 ) );
#3127 = AXIS2_PLACEMENT_3D( '', #6104, #6105, #6106 );
#3128 = SURFACE_SIDE_STYLE( '', ( #6107 ) );
#3129 = EDGE_LOOP( '', ( #6108, #6109, #6110, #6111, #6112, #6113, #6114, #6115, #6116, #6117 ) );
#3130 = AXIS2_PLACEMENT_3D( '', #6118, #6119, #6120 );
#3131 = SURFACE_SIDE_STYLE( '', ( #6121 ) );
#3132 = EDGE_LOOP( '', ( #6122, #6123, #6124, #6125 ) );
#3133 = AXIS2_PLACEMENT_3D( '', #6126, #6127, #6128 );
#3134 = SURFACE_SIDE_STYLE( '', ( #6129 ) );
#3135 = EDGE_LOOP( '', ( #6130, #6131, #6132, #6133 ) );
#3136 = AXIS2_PLACEMENT_3D( '', #6134, #6135, #6136 );
#3137 = SURFACE_SIDE_STYLE( '', ( #6137 ) );
#3138 = EDGE_LOOP( '', ( #6138, #6139, #6140, #6141, #6142, #6143 ) );
#3139 = AXIS2_PLACEMENT_3D( '', #6144, #6145, #6146 );
#3140 = SURFACE_SIDE_STYLE( '', ( #6147 ) );
#3141 = EDGE_LOOP( '', ( #6148, #6149, #6150, #6151 ) );
#3142 = AXIS2_PLACEMENT_3D( '', #6152, #6153, #6154 );
#3143 = SURFACE_SIDE_STYLE( '', ( #6155 ) );
#3144 = EDGE_LOOP( '', ( #6156, #6157, #6158, #6159 ) );
#3145 = AXIS2_PLACEMENT_3D( '', #6160, #6161, #6162 );
#3146 = SURFACE_SIDE_STYLE( '', ( #6163 ) );
#3147 = EDGE_LOOP( '', ( #6164, #6165, #6166, #6167 ) );
#3148 = AXIS2_PLACEMENT_3D( '', #6168, #6169, #6170 );
#3149 = SURFACE_SIDE_STYLE( '', ( #6171 ) );
#3150 = EDGE_LOOP( '', ( #6172, #6173, #6174, #6175 ) );
#3151 = AXIS2_PLACEMENT_3D( '', #6176, #6177, #6178 );
#3152 = SURFACE_SIDE_STYLE( '', ( #6179 ) );
#3153 = EDGE_LOOP( '', ( #6180, #6181, #6182, #6183 ) );
#3154 = AXIS2_PLACEMENT_3D( '', #6184, #6185, #6186 );
#3155 = SURFACE_SIDE_STYLE( '', ( #6187 ) );
#3156 = EDGE_LOOP( '', ( #6188, #6189, #6190, #6191 ) );
#3157 = AXIS2_PLACEMENT_3D( '', #6192, #6193, #6194 );
#3158 = SURFACE_SIDE_STYLE( '', ( #6195 ) );
#3159 = EDGE_LOOP( '', ( #6196, #6197, #6198, #6199 ) );
#3160 = AXIS2_PLACEMENT_3D( '', #6200, #6201, #6202 );
#3161 = SURFACE_SIDE_STYLE( '', ( #6203 ) );
#3162 = EDGE_LOOP( '', ( #6204, #6205, #6206, #6207 ) );
#3163 = AXIS2_PLACEMENT_3D( '', #6208, #6209, #6210 );
#3164 = SURFACE_SIDE_STYLE( '', ( #6211 ) );
#3165 = EDGE_LOOP( '', ( #6212, #6213, #6214, #6215, #6216, #6217 ) );
#3166 = AXIS2_PLACEMENT_3D( '', #6218, #6219, #6220 );
#3167 = SURFACE_SIDE_STYLE( '', ( #6221 ) );
#3168 = EDGE_LOOP( '', ( #6222, #6223, #6224, #6225, #6226, #6227, #6228, #6229, #6230, #6231 ) );
#3169 = AXIS2_PLACEMENT_3D( '', #6232, #6233, #6234 );
#3170 = SURFACE_SIDE_STYLE( '', ( #6235 ) );
#3171 = EDGE_LOOP( '', ( #6236, #6237, #6238, #6239, #6240, #6241, #6242, #6243, #6244, #6245 ) );
#3172 = AXIS2_PLACEMENT_3D( '', #6246, #6247, #6248 );
#3173 = SURFACE_SIDE_STYLE( '', ( #6249 ) );
#3174 = EDGE_LOOP( '', ( #6250, #6251, #6252, #6253, #6254, #6255, #6256, #6257, #6258, #6259, #6260, #6261, #6262, #6263, #6264, #6265, #6266, #6267, #6268, #6269, #6270, #6271, #6272, #6273, #6274, #6275, #6276, #6277, #6278, #6279, #6280, #6281 ) );
#3175 = AXIS2_PLACEMENT_3D( '', #6282, #6283, #6284 );
#3176 = SURFACE_SIDE_STYLE( '', ( #6285 ) );
#3177 = EDGE_LOOP( '', ( #6286, #6287, #6288, #6289, #6290, #6291, #6292, #6293, #6294, #6295 ) );
#3178 = AXIS2_PLACEMENT_3D( '', #6296, #6297, #6298 );
#3179 = SURFACE_SIDE_STYLE( '', ( #6299 ) );
#3180 = EDGE_LOOP( '', ( #6300, #6301, #6302, #6303, #6304, #6305, #6306, #6307 ) );
#3181 = AXIS2_PLACEMENT_3D( '', #6308, #6309, #6310 );
#3182 = SURFACE_SIDE_STYLE( '', ( #6311 ) );
#3183 = EDGE_LOOP( '', ( #6312, #6313, #6314, #6315 ) );
#3184 = AXIS2_PLACEMENT_3D( '', #6316, #6317, #6318 );
#3185 = SURFACE_SIDE_STYLE( '', ( #6319 ) );
#3186 = EDGE_LOOP( '', ( #6320, #6321, #6322, #6323 ) );
#3187 = AXIS2_PLACEMENT_3D( '', #6324, #6325, #6326 );
#3188 = SURFACE_SIDE_STYLE( '', ( #6327 ) );
#3189 = EDGE_LOOP( '', ( #6328, #6329, #6330, #6331, #6332, #6333, #6334, #6335 ) );
#3190 = AXIS2_PLACEMENT_3D( '', #6336, #6337, #6338 );
#3191 = SURFACE_SIDE_STYLE( '', ( #6339 ) );
#3192 = EDGE_LOOP( '', ( #6340, #6341, #6342, #6343, #6344, #6345, #6346, #6347 ) );
#3193 = AXIS2_PLACEMENT_3D( '', #6348, #6349, #6350 );
#3194 = SURFACE_SIDE_STYLE( '', ( #6351 ) );
#3195 = EDGE_LOOP( '', ( #6352, #6353, #6354, #6355, #6356, #6357 ) );
#3196 = AXIS2_PLACEMENT_3D( '', #6358, #6359, #6360 );
#3197 = SURFACE_SIDE_STYLE( '', ( #6361 ) );
#3198 = EDGE_LOOP( '', ( #6362, #6363, #6364, #6365 ) );
#3199 = AXIS2_PLACEMENT_3D( '', #6366, #6367, #6368 );
#3200 = SURFACE_SIDE_STYLE( '', ( #6369 ) );
#3201 = EDGE_LOOP( '', ( #6370, #6371, #6372, #6373 ) );
#3202 = AXIS2_PLACEMENT_3D( '', #6374, #6375, #6376 );
#3203 = SURFACE_SIDE_STYLE( '', ( #6377 ) );
#3204 = EDGE_LOOP( '', ( #6378, #6379, #6380, #6381 ) );
#3205 = AXIS2_PLACEMENT_3D( '', #6382, #6383, #6384 );
#3206 = SURFACE_SIDE_STYLE( '', ( #6385 ) );
#3207 = EDGE_LOOP( '', ( #6386, #6387, #6388, #6389, #6390, #6391, #6392, #6393 ) );
#3208 = AXIS2_PLACEMENT_3D( '', #6394, #6395, #6396 );
#3209 = SURFACE_SIDE_STYLE( '', ( #6397 ) );
#3210 = EDGE_LOOP( '', ( #6398, #6399, #6400, #6401, #6402, #6403 ) );
#3211 = AXIS2_PLACEMENT_3D( '', #6404, #6405, #6406 );
#3212 = SURFACE_SIDE_STYLE( '', ( #6407 ) );
#3213 = EDGE_LOOP( '', ( #6408, #6409, #6410, #6411 ) );
#3214 = AXIS2_PLACEMENT_3D( '', #6412, #6413, #6414 );
#3215 = SURFACE_SIDE_STYLE( '', ( #6415 ) );
#3216 = EDGE_LOOP( '', ( #6416, #6417, #6418, #6419, #6420 ) );
#3217 = AXIS2_PLACEMENT_3D( '', #6421, #6422, #6423 );
#3218 = SURFACE_SIDE_STYLE( '', ( #6424 ) );
#3219 = EDGE_LOOP( '', ( #6425, #6426, #6427, #6428 ) );
#3220 = AXIS2_PLACEMENT_3D( '', #6429, #6430, #6431 );
#3221 = SURFACE_SIDE_STYLE( '', ( #6432 ) );
#3222 = EDGE_LOOP( '', ( #6433, #6434, #6435, #6436 ) );
#3223 = AXIS2_PLACEMENT_3D( '', #6437, #6438, #6439 );
#3224 = SURFACE_SIDE_STYLE( '', ( #6440 ) );
#3225 = EDGE_LOOP( '', ( #6441, #6442, #6443, #6444 ) );
#3226 = AXIS2_PLACEMENT_3D( '', #6445, #6446, #6447 );
#3227 = SURFACE_SIDE_STYLE( '', ( #6448 ) );
#3228 = EDGE_LOOP( '', ( #6449, #6450, #6451, #6452, #6453 ) );
#3229 = AXIS2_PLACEMENT_3D( '', #6454, #6455, #6456 );
#3230 = SURFACE_SIDE_STYLE( '', ( #6457 ) );
#3231 = EDGE_LOOP( '', ( #6458, #6459, #6460, #6461, #6462 ) );
#3232 = AXIS2_PLACEMENT_3D( '', #6463, #6464, #6465 );
#3233 = SURFACE_SIDE_STYLE( '', ( #6466 ) );
#3234 = EDGE_LOOP( '', ( #6467, #6468, #6469, #6470 ) );
#3235 = AXIS2_PLACEMENT_3D( '', #6471, #6472, #6473 );
#3236 = SURFACE_SIDE_STYLE( '', ( #6474 ) );
#3237 = EDGE_LOOP( '', ( #6475, #6476, #6477, #6478 ) );
#3238 = AXIS2_PLACEMENT_3D( '', #6479, #6480, #6481 );
#3239 = SURFACE_SIDE_STYLE( '', ( #6482 ) );
#3240 = EDGE_LOOP( '', ( #6483, #6484, #6485, #6486 ) );
#3241 = AXIS2_PLACEMENT_3D( '', #6487, #6488, #6489 );
#3242 = SURFACE_SIDE_STYLE( '', ( #6490 ) );
#3243 = EDGE_LOOP( '', ( #6491, #6492, #6493, #6494, #6495, #6496 ) );
#3244 = AXIS2_PLACEMENT_3D( '', #6497, #6498, #6499 );
#3245 = SURFACE_SIDE_STYLE( '', ( #6500 ) );
#3246 = EDGE_LOOP( '', ( #6501, #6502, #6503, #6504, #6505, #6506, #6507, #6508 ) );
#3247 = EDGE_LOOP( '', ( #6509, #6510, #6511, #6512 ) );
#3248 = AXIS2_PLACEMENT_3D( '', #6513, #6514, #6515 );
#3249 = SURFACE_SIDE_STYLE( '', ( #6516 ) );
#3250 = EDGE_LOOP( '', ( #6517, #6518, #6519, #6520 ) );
#3251 = AXIS2_PLACEMENT_3D( '', #6521, #6522, #6523 );
#3252 = SURFACE_SIDE_STYLE( '', ( #6524 ) );
#3253 = EDGE_LOOP( '', ( #6525, #6526, #6527, #6528 ) );
#3254 = AXIS2_PLACEMENT_3D( '', #6529, #6530, #6531 );
#3255 = SURFACE_SIDE_STYLE( '', ( #6532 ) );
#3256 = EDGE_LOOP( '', ( #6533, #6534, #6535, #6536 ) );
#3257 = AXIS2_PLACEMENT_3D( '', #6537, #6538, #6539 );
#3258 = SURFACE_SIDE_STYLE( '', ( #6540 ) );
#3259 = EDGE_LOOP( '', ( #6541, #6542, #6543, #6544 ) );
#3260 = AXIS2_PLACEMENT_3D( '', #6545, #6546, #6547 );
#3261 = SURFACE_SIDE_STYLE( '', ( #6548 ) );
#3262 = EDGE_LOOP( '', ( #6549, #6550, #6551, #6552 ) );
#3263 = AXIS2_PLACEMENT_3D( '', #6553, #6554, #6555 );
#3264 = SURFACE_SIDE_STYLE( '', ( #6556 ) );
#3265 = EDGE_LOOP( '', ( #6557, #6558, #6559, #6560 ) );
#3266 = AXIS2_PLACEMENT_3D( '', #6561, #6562, #6563 );
#3267 = SURFACE_SIDE_STYLE( '', ( #6564 ) );
#3268 = EDGE_LOOP( '', ( #6565, #6566, #6567, #6568, #6569, #6570, #6571, #6572 ) );
#3269 = AXIS2_PLACEMENT_3D( '', #6573, #6574, #6575 );
#3270 = SURFACE_SIDE_STYLE( '', ( #6576 ) );
#3271 = EDGE_LOOP( '', ( #6577, #6578, #6579, #6580 ) );
#3272 = AXIS2_PLACEMENT_3D( '', #6581, #6582, #6583 );
#3273 = SURFACE_SIDE_STYLE( '', ( #6584 ) );
#3274 = EDGE_LOOP( '', ( #6585, #6586, #6587, #6588 ) );
#3275 = AXIS2_PLACEMENT_3D( '', #6589, #6590, #6591 );
#3276 = SURFACE_SIDE_STYLE( '', ( #6592 ) );
#3277 = EDGE_LOOP( '', ( #6593, #6594, #6595, #6596, #6597, #6598 ) );
#3278 = AXIS2_PLACEMENT_3D( '', #6599, #6600, #6601 );
#3279 = SURFACE_SIDE_STYLE( '', ( #6602 ) );
#3280 = EDGE_LOOP( '', ( #6603, #6604, #6605, #6606 ) );
#3281 = AXIS2_PLACEMENT_3D( '', #6607, #6608, #6609 );
#3282 = SURFACE_SIDE_STYLE( '', ( #6610 ) );
#3283 = EDGE_LOOP( '', ( #6611, #6612, #6613, #6614, #6615 ) );
#3284 = AXIS2_PLACEMENT_3D( '', #6616, #6617, #6618 );
#3285 = SURFACE_SIDE_STYLE( '', ( #6619 ) );
#3286 = EDGE_LOOP( '', ( #6620, #6621, #6622, #6623 ) );
#3287 = AXIS2_PLACEMENT_3D( '', #6624, #6625, #6626 );
#3288 = SURFACE_SIDE_STYLE( '', ( #6627 ) );
#3289 = EDGE_LOOP( '', ( #6628, #6629, #6630, #6631 ) );
#3290 = AXIS2_PLACEMENT_3D( '', #6632, #6633, #6634 );
#3291 = SURFACE_SIDE_STYLE( '', ( #6635 ) );
#3292 = EDGE_LOOP( '', ( #6636, #6637, #6638, #6639, #6640, #6641 ) );
#3293 = AXIS2_PLACEMENT_3D( '', #6642, #6643, #6644 );
#3294 = SURFACE_SIDE_STYLE( '', ( #6645 ) );
#3295 = EDGE_LOOP( '', ( #6646, #6647, #6648, #6649 ) );
#3296 = AXIS2_PLACEMENT_3D( '', #6650, #6651, #6652 );
#3297 = SURFACE_SIDE_STYLE( '', ( #6653 ) );
#3298 = EDGE_LOOP( '', ( #6654, #6655, #6656, #6657 ) );
#3299 = AXIS2_PLACEMENT_3D( '', #6658, #6659, #6660 );
#3300 = SURFACE_SIDE_STYLE( '', ( #6661 ) );
#3301 = EDGE_LOOP( '', ( #6662, #6663, #6664, #6665 ) );
#3302 = AXIS2_PLACEMENT_3D( '', #6666, #6667, #6668 );
#3303 = SURFACE_SIDE_STYLE( '', ( #6669 ) );
#3304 = EDGE_LOOP( '', ( #6670, #6671, #6672, #6673 ) );
#3305 = AXIS2_PLACEMENT_3D( '', #6674, #6675, #6676 );
#3306 = SURFACE_SIDE_STYLE( '', ( #6677 ) );
#3307 = EDGE_LOOP( '', ( #6678, #6679, #6680, #6681 ) );
#3308 = AXIS2_PLACEMENT_3D( '', #6682, #6683, #6684 );
#3309 = SURFACE_SIDE_STYLE( '', ( #6685 ) );
#3310 = EDGE_LOOP( '', ( #6686, #6687, #6688, #6689 ) );
#3311 = AXIS2_PLACEMENT_3D( '', #6690, #6691, #6692 );
#3312 = SURFACE_SIDE_STYLE( '', ( #6693 ) );
#3313 = EDGE_LOOP( '', ( #6694, #6695, #6696, #6697 ) );
#3314 = AXIS2_PLACEMENT_3D( '', #6698, #6699, #6700 );
#3315 = SURFACE_SIDE_STYLE( '', ( #6701 ) );
#3316 = EDGE_LOOP( '', ( #6702, #6703, #6704, #6705 ) );
#3317 = AXIS2_PLACEMENT_3D( '', #6706, #6707, #6708 );
#3318 = SURFACE_SIDE_STYLE( '', ( #6709 ) );
#3319 = EDGE_LOOP( '', ( #6710, #6711, #6712, #6713 ) );
#3320 = AXIS2_PLACEMENT_3D( '', #6714, #6715, #6716 );
#3321 = SURFACE_SIDE_STYLE( '', ( #6717 ) );
#3322 = EDGE_LOOP( '', ( #6718, #6719, #6720, #6721 ) );
#3323 = AXIS2_PLACEMENT_3D( '', #6722, #6723, #6724 );
#3324 = SURFACE_SIDE_STYLE( '', ( #6725 ) );
#3325 = EDGE_LOOP( '', ( #6726, #6727, #6728, #6729 ) );
#3326 = AXIS2_PLACEMENT_3D( '', #6730, #6731, #6732 );
#3327 = SURFACE_SIDE_STYLE( '', ( #6733 ) );
#3328 = EDGE_LOOP( '', ( #6734, #6735, #6736, #6737 ) );
#3329 = AXIS2_PLACEMENT_3D( '', #6738, #6739, #6740 );
#3330 = SURFACE_SIDE_STYLE( '', ( #6741 ) );
#3331 = EDGE_LOOP( '', ( #6742, #6743, #6744, #6745, #6746, #6747, #6748, #6749 ) );
#3332 = EDGE_LOOP( '', ( #6750, #6751, #6752, #6753 ) );
#3333 = AXIS2_PLACEMENT_3D( '', #6754, #6755, #6756 );
#3334 = SURFACE_SIDE_STYLE( '', ( #6757 ) );
#3335 = EDGE_LOOP( '', ( #6758, #6759, #6760, #6761, #6762 ) );
#3336 = AXIS2_PLACEMENT_3D( '', #6763, #6764, #6765 );
#3337 = SURFACE_SIDE_STYLE( '', ( #6766 ) );
#3338 = EDGE_LOOP( '', ( #6767, #6768, #6769, #6770, #6771 ) );
#3339 = AXIS2_PLACEMENT_3D( '', #6772, #6773, #6774 );
#3340 = SURFACE_SIDE_STYLE( '', ( #6775 ) );
#3341 = EDGE_LOOP( '', ( #6776, #6777, #6778, #6779 ) );
#3342 = AXIS2_PLACEMENT_3D( '', #6780, #6781, #6782 );
#3343 = SURFACE_SIDE_STYLE( '', ( #6783 ) );
#3344 = EDGE_LOOP( '', ( #6784, #6785, #6786, #6787 ) );
#3345 = AXIS2_PLACEMENT_3D( '', #6788, #6789, #6790 );
#3346 = SURFACE_SIDE_STYLE( '', ( #6791 ) );
#3347 = EDGE_LOOP( '', ( #6792, #6793, #6794, #6795 ) );
#3348 = AXIS2_PLACEMENT_3D( '', #6796, #6797, #6798 );
#3349 = SURFACE_SIDE_STYLE( '', ( #6799 ) );
#3350 = EDGE_LOOP( '', ( #6800, #6801, #6802, #6803 ) );
#3351 = AXIS2_PLACEMENT_3D( '', #6804, #6805, #6806 );
#3352 = SURFACE_SIDE_STYLE( '', ( #6807 ) );
#3353 = EDGE_LOOP( '', ( #6808, #6809, #6810, #6811 ) );
#3354 = AXIS2_PLACEMENT_3D( '', #6812, #6813, #6814 );
#3355 = SURFACE_SIDE_STYLE( '', ( #6815 ) );
#3356 = EDGE_LOOP( '', ( #6816, #6817, #6818, #6819 ) );
#3357 = EDGE_LOOP( '', ( #6820, #6821, #6822, #6823 ) );
#3358 = AXIS2_PLACEMENT_3D( '', #6824, #6825, #6826 );
#3359 = SURFACE_SIDE_STYLE( '', ( #6827 ) );
#3360 = EDGE_LOOP( '', ( #6828, #6829, #6830, #6831 ) );
#3361 = AXIS2_PLACEMENT_3D( '', #6832, #6833, #6834 );
#3362 = SURFACE_SIDE_STYLE( '', ( #6835 ) );
#3363 = EDGE_LOOP( '', ( #6836, #6837, #6838, #6839 ) );
#3364 = AXIS2_PLACEMENT_3D( '', #6840, #6841, #6842 );
#3365 = SURFACE_SIDE_STYLE( '', ( #6843 ) );
#3366 = EDGE_LOOP( '', ( #6844, #6845, #6846, #6847 ) );
#3367 = AXIS2_PLACEMENT_3D( '', #6848, #6849, #6850 );
#3368 = SURFACE_SIDE_STYLE( '', ( #6851 ) );
#3369 = EDGE_LOOP( '', ( #6852, #6853, #6854, #6855, #6856, #6857, #6858, #6859 ) );
#3370 = AXIS2_PLACEMENT_3D( '', #6860, #6861, #6862 );
#3371 = SURFACE_SIDE_STYLE( '', ( #6863 ) );
#3372 = EDGE_LOOP( '', ( #6864, #6865, #6866, #6867 ) );
#3373 = AXIS2_PLACEMENT_3D( '', #6868, #6869, #6870 );
#3374 = SURFACE_SIDE_STYLE( '', ( #6871 ) );
#3375 = EDGE_LOOP( '', ( #6872, #6873, #6874, #6875, #6876, #6877, #6878, #6879, #6880, #6881 ) );
#3376 = AXIS2_PLACEMENT_3D( '', #6882, #6883, #6884 );
#3377 = SURFACE_SIDE_STYLE( '', ( #6885 ) );
#3378 = EDGE_LOOP( '', ( #6886, #6887, #6888, #6889 ) );
#3379 = AXIS2_PLACEMENT_3D( '', #6890, #6891, #6892 );
#3380 = SURFACE_SIDE_STYLE( '', ( #6893 ) );
#3381 = EDGE_LOOP( '', ( #6894, #6895, #6896, #6897 ) );
#3382 = AXIS2_PLACEMENT_3D( '', #6898, #6899, #6900 );
#3383 = SURFACE_SIDE_STYLE( '', ( #6901 ) );
#3384 = EDGE_LOOP( '', ( #6902, #6903, #6904, #6905 ) );
#3385 = AXIS2_PLACEMENT_3D( '', #6906, #6907, #6908 );
#3386 = SURFACE_SIDE_STYLE( '', ( #6909 ) );
#3387 = EDGE_LOOP( '', ( #6910, #6911, #6912, #6913 ) );
#3388 = AXIS2_PLACEMENT_3D( '', #6914, #6915, #6916 );
#3389 = SURFACE_SIDE_STYLE( '', ( #6917 ) );
#3390 = EDGE_LOOP( '', ( #6918, #6919, #6920, #6921, #6922, #6923 ) );
#3391 = AXIS2_PLACEMENT_3D( '', #6924, #6925, #6926 );
#3392 = SURFACE_SIDE_STYLE( '', ( #6927 ) );
#3393 = EDGE_LOOP( '', ( #6928, #6929, #6930, #6931 ) );
#3394 = AXIS2_PLACEMENT_3D( '', #6932, #6933, #6934 );
#3395 = SURFACE_SIDE_STYLE( '', ( #6935 ) );
#3396 = EDGE_LOOP( '', ( #6936, #6937, #6938, #6939 ) );
#3397 = AXIS2_PLACEMENT_3D( '', #6940, #6941, #6942 );
#3398 = SURFACE_SIDE_STYLE( '', ( #6943 ) );
#3399 = EDGE_LOOP( '', ( #6944, #6945, #6946, #6947, #6948, #6949, #6950, #6951 ) );
#3400 = AXIS2_PLACEMENT_3D( '', #6952, #6953, #6954 );
#3401 = SURFACE_SIDE_STYLE( '', ( #6955 ) );
#3402 = EDGE_LOOP( '', ( #6956, #6957, #6958, #6959 ) );
#3403 = AXIS2_PLACEMENT_3D( '', #6960, #6961, #6962 );
#3404 = SURFACE_SIDE_STYLE( '', ( #6963 ) );
#3405 = EDGE_LOOP( '', ( #6964, #6965, #6966, #6967 ) );
#3406 = AXIS2_PLACEMENT_3D( '', #6968, #6969, #6970 );
#3407 = SURFACE_SIDE_STYLE( '', ( #6971 ) );
#3408 = EDGE_LOOP( '', ( #6972, #6973, #6974, #6975 ) );
#3409 = AXIS2_PLACEMENT_3D( '', #6976, #6977, #6978 );
#3410 = SURFACE_SIDE_STYLE( '', ( #6979 ) );
#3411 = EDGE_LOOP( '', ( #6980, #6981, #6982, #6983 ) );
#3412 = AXIS2_PLACEMENT_3D( '', #6984, #6985, #6986 );
#3413 = SURFACE_SIDE_STYLE( '', ( #6987 ) );
#3414 = EDGE_LOOP( '', ( #6988, #6989, #6990, #6991 ) );
#3415 = AXIS2_PLACEMENT_3D( '', #6992, #6993, #6994 );
#3417 = SURFACE_STYLE_FILL_AREA( #6995 );
#3418 = ORIENTED_EDGE( '', *, *, #6996, .T. );
#3419 = ORIENTED_EDGE( '', *, *, #6997, .F. );
#3420 = ORIENTED_EDGE( '', *, *, #6998, .T. );
#3421 = ORIENTED_EDGE( '', *, *, #6999, .T. );
#3422 = ORIENTED_EDGE( '', *, *, #7000, .T. );
#3423 = CARTESIAN_POINT( '', ( -0.179500000000000, 0.350000000000000, 0.0217500000000000 ) );
#3424 = DIRECTION( '', ( 1.00000000000000, 0.000000000000000, 0.000000000000000 ) );
#3425 = DIRECTION( '', ( 0.000000000000000, 0.000000000000000, -1.00000000000000 ) );
#3426 = SURFACE_STYLE_FILL_AREA( #7001 );
#3427 = ORIENTED_EDGE( '', *, *, #7002, .T. );
#3428 = ORIENTED_EDGE( '', *, *, #7003, .T. );
#3429 = ORIENTED_EDGE( '', *, *, #7004, .T. );
#3430 = ORIENTED_EDGE( '', *, *, #7005, .F. );
#3431 = CARTESIAN_POINT( '', ( 0.0870500000000000, 0.485000000000000, 0.125000000000000 ) );
#3432 = DIRECTION( '', ( 0.999891236496823, 0.0147483957383282, -0.000000000000000 ) );
#3433 = DIRECTION( '', ( -0.0147483957383282, 0.999891236496823, 0.000000000000000 ) );
#3434 = SURFACE_STYLE_FILL_AREA( #7006 );
#3435 = ORIENTED_EDGE( '', *, *, #7007, .T. );
#3436 = ORIENTED_EDGE( '', *, *, #7008, .T. );
#3437 = ORIENTED_EDGE( '', *, *, #7009, .F. );
#3438 = ORIENTED_EDGE( '', *, *, #7010, .T. );
#3439 = CARTESIAN_POINT( '', ( 0.0790000000000000, 0.390000000000000, 0.144000000000000 ) );
#3440 = DIRECTION( '', ( -0.000000000000000, 1.00000000000000, 0.000000000000000 ) );
#3441 = DIRECTION( '', ( 0.000000000000000, -0.000000000000000, 1.00000000000000 ) );
#3442 = SURFACE_STYLE_FILL_AREA( #7011 );
#3443 = ORIENTED_EDGE( '', *, *, #7012, .F. );
#3444 = ORIENTED_EDGE( '', *, *, #7013, .T. );
#3445 = ORIENTED_EDGE( '', *, *, #7014, .F. );
#3446 = ORIENTED_EDGE( '', *, *, #7015, .T. );
#3447 = CARTESIAN_POINT( '', ( 0.200000000000000, 0.385000000000000, 0.000000000000000 ) );
#3448 = DIRECTION( '', ( 0.000000000000000, 1.00000000000000, -0.000000000000000 ) );
#3449 = DIRECTION( '', ( 0.000000000000000, 0.000000000000000, 1.00000000000000 ) );
#3450 = SURFACE_STYLE_FILL_AREA( #7016 );
#3451 = ORIENTED_EDGE( '', *, *, #7017, .F. );
#3452 = ORIENTED_EDGE( '', *, *, #7018, .T. );
#3453 = ORIENTED_EDGE( '', *, *, #7019, .T. );
#3454 = ORIENTED_EDGE( '', *, *, #7020, .F. );
#3455 = CARTESIAN_POINT( '', ( 0.0345000000000000, 0.455000000000000, 0.0345000000000000 ) );
#3456 = DIRECTION( '', ( -1.00000000000000, 0.000000000000000, 0.000000000000000 ) );
#3457 = DIRECTION( '', ( 0.000000000000000, 0.000000000000000, 1.00000000000000 ) );
#3458 = SURFACE_STYLE_FILL_AREA( #7021 );
#3459 = ORIENTED_EDGE( '', *, *, #7022, .F. );
#3460 = ORIENTED_EDGE( '', *, *, #7023, .T. );
#3461 = ORIENTED_EDGE( '', *, *, #7024, .T. );
#3462 = ORIENTED_EDGE( '', *, *, #7025, .F. );
#3463 = ORIENTED_EDGE( '', *, *, #7026, .F. );
#3464 = ORIENTED_EDGE( '', *, *, #7027, .F. );
#3465 = CARTESIAN_POINT( '', ( -0.0300000000000000, 0.362000000000000, -0.0805000000000000 ) );
#3466 = DIRECTION( '', ( 1.00000000000000, -0.000000000000000, 0.000000000000000 ) );
#3467 = DIRECTION( '', ( 0.000000000000000, 0.000000000000000, -1.00000000000000 ) );
#3468 = SURFACE_STYLE_FILL_AREA( #7028 );
#3469 = ORIENTED_EDGE( '', *, *, #7029, .T. );
#3470 = ORIENTED_EDGE( '', *, *, #7030, .T. );
#3471 = ORIENTED_EDGE( '', *, *, #7031, .T. );
#3472 = ORIENTED_EDGE( '', *, *, #7032, .F. );
#3473 = CARTESIAN_POINT( '', ( -0.0129500000000000, 0.485000000000000, 0.125000000000000 ) );
#3474 = DIRECTION( '', ( 0.999891236496823, 0.0147483957383282, -0.000000000000000 ) );
#3475 = DIRECTION( '', ( -0.0147483957383282, 0.999891236496823, 0.000000000000000 ) );
#3476 = SURFACE_STYLE_FILL_AREA( #7033 );
#3477 = ORIENTED_EDGE( '', *, *, #7034, .F. );
#3478 = ORIENTED_EDGE( '', *, *, #7035, .T. );
#3479 = ORIENTED_EDGE( '', *, *, #7036, .T. );
#3480 = ORIENTED_EDGE( '', *, *, #7037, .F. );
#3481 = ORIENTED_EDGE( '', *, *, #7038, .T. );
#3482 = ORIENTED_EDGE( '', *, *, #7039, .T. );
#3483 = ORIENTED_EDGE( '', *, *, #7040, .T. );
#3484 = ORIENTED_EDGE( '', *, *, #7041, .F. );
#3485 = CARTESIAN_POINT( '', ( -0.0750000000000000, 0.0500000000000000, 0.117000000000000 ) );
#3486 = DIRECTION( '', ( 0.000000000000000, 0.000000000000000, 1.00000000000000 ) );
#3487 = DIRECTION( '', ( 1.00000000000000, 0.000000000000000, -0.000000000000000 ) );
#3488 = SURFACE_STYLE_FILL_AREA( #7042 );
#3489 = ORIENTED_EDGE( '', *, *, #7043, .F. );
#3490 = ORIENTED_EDGE( '', *, *, #7044, .T. );
#3491 = ORIENTED_EDGE( '', *, *, #7045, .T. );
#3492 = ORIENTED_EDGE( '', *, *, #7046, .F. );
#3493 = CARTESIAN_POINT( '', ( -0.130000000000000, 0.362000000000000, 0.0805000000000000 ) );
#3494 = DIRECTION( '', ( 0.000000000000000, 0.000000000000000, -1.00000000000000 ) );
#3495 = DIRECTION( '', ( -1.00000000000000, 0.000000000000000, 0.000000000000000 ) );
#3496 = SURFACE_STYLE_FILL_AREA( #7047 );
#3497 = ORIENTED_EDGE( '', *, *, #7048, .F. );
#3498 = ORIENTED_EDGE( '', *, *, #7049, .T. );
#3499 = ORIENTED_EDGE( '', *, *, #7050, .T. );
#3500 = ORIENTED_EDGE( '', *, *, #7051, .F. );
#3501 = CARTESIAN_POINT( '', ( 0.165500000000000, 0.455000000000000, -0.0345000000000000 ) );
#3502 = DIRECTION( '', ( 1.00000000000000, -0.000000000000000, 0.000000000000000 ) );
#3503 = DIRECTION( '', ( 0.000000000000000, 0.000000000000000, -1.00000000000000 ) );
#3504 = SURFACE_STYLE_FILL_AREA( #7052 );
#3505 = ORIENTED_EDGE( '', *, *, #7053, .F. );
#3506 = ORIENTED_EDGE( '', *, *, #7054, .T. );
#3507 = ORIENTED_EDGE( '', *, *, #7055, .T. );
#3508 = ORIENTED_EDGE( '', *, *, #7056, .F. );
#3509 = CARTESIAN_POINT( '', ( -0.0655000000000000, 0.455000000000000, -0.0655000000000000 ) );
#3510 = DIRECTION( '', ( -1.00000000000000, 0.000000000000000, 0.000000000000000 ) );
#3511 = DIRECTION( '', ( 0.000000000000000, 0.000000000000000, 1.00000000000000 ) );
#3512 = SURFACE_STYLE_FILL_AREA( #7057 );
#3513 = ORIENTED_EDGE( '', *, *, #7058, .F. );
#3514 = ORIENTED_EDGE( '', *, *, #7059, .T. );
#3515 = ORIENTED_EDGE( '', *, *, #7060, .T. );
#3516 = ORIENTED_EDGE( '', *, *, #7061, .F. );
#3517 = ORIENTED_EDGE( '', *, *, #7062, .F. );
#3518 = ORIENTED_EDGE( '', *, *, #7063, .F. );
#3519 = ORIENTED_EDGE( '', *, *, #7064, .F. );
#3520 = ORIENTED_EDGE( '', *, *, #7065, .F. );
#3521 = ORIENTED_EDGE( '', *, *, #7066, .F. );
#3522 = ORIENTED_EDGE( '', *, *, #7040, .F. );
#3523 = ORIENTED_EDGE( '', *, *, #7067, .F. );
#3524 = ORIENTED_EDGE( '', *, *, #7068, .F. );
#3525 = ORIENTED_EDGE( '', *, *, #7069, .F. );
#3526 = ORIENTED_EDGE( '', *, *, #7070, .F. );
#3527 = ORIENTED_EDGE( '', *, *, #7071, .F. );
#3528 = ORIENTED_EDGE( '', *, *, #7072, .F. );
#3529 = ORIENTED_EDGE( '', *, *, #7073, .F. );
#3530 = ORIENTED_EDGE( '', *, *, #7074, .F. );
#3531 = ORIENTED_EDGE( '', *, *, #7075, .F. );
#3532 = ORIENTED_EDGE( '', *, *, #7076, .F. );
#3533 = ORIENTED_EDGE( '', *, *, #7077, .F. );
#3534 = ORIENTED_EDGE( '', *, *, #7078, .T. );
#3535 = ORIENTED_EDGE( '', *, *, #7079, .F. );
#3536 = ORIENTED_EDGE( '', *, *, #7080, .F. );
#3537 = ORIENTED_EDGE( '', *, *, #7081, .F. );
#3538 = ORIENTED_EDGE( '', *, *, #7082, .T. );
#3539 = ORIENTED_EDGE( '', *, *, #7083, .F. );
#3540 = ORIENTED_EDGE( '', *, *, #7084, .F. );
#3541 = ORIENTED_EDGE( '', *, *, #7085, .F. );
#3542 = ORIENTED_EDGE( '', *, *, #7086, .T. );
#3543 = ORIENTED_EDGE( '', *, *, #7087, .F. );
#3544 = ORIENTED_EDGE( '', *, *, #7088, .F. );
#3545 = ORIENTED_EDGE( '', *, *, #7089, .F. );
#3546 = ORIENTED_EDGE( '', *, *, #7090, .T. );
#3547 = ORIENTED_EDGE( '', *, *, #7091, .F. );
#3548 = ORIENTED_EDGE( '', *, *, #7092, .F. );
#3549 = ORIENTED_EDGE( '', *, *, #7093, .F. );
#3550 = ORIENTED_EDGE( '', *, *, #7094, .T. );
#3551 = ORIENTED_EDGE( '', *, *, #7095, .T. );
#3552 = ORIENTED_EDGE( '', *, *, #7096, .T. );
#3553 = ORIENTED_EDGE( '', *, *, #7097, .F. );
#3554 = ORIENTED_EDGE( '', *, *, #7098, .T. );
#3555 = ORIENTED_EDGE( '', *, *, #7099, .F. );
#3556 = ORIENTED_EDGE( '', *, *, #7100, .F. );
#3557 = ORIENTED_EDGE( '', *, *, #7101, .F. );
#3558 = ORIENTED_EDGE( '', *, *, #7102, .T. );
#3559 = ORIENTED_EDGE( '', *, *, #7103, .T. );
#3560 = ORIENTED_EDGE( '', *, *, #7104, .F. );
#3561 = ORIENTED_EDGE( '', *, *, #7105, .F. );
#3562 = ORIENTED_EDGE( '', *, *, #7106, .T. );
#3563 = ORIENTED_EDGE( '', *, *, #7107, .T. );
#3564 = ORIENTED_EDGE( '', *, *, #7108, .F. );
#3565 = ORIENTED_EDGE( '', *, *, #7109, .F. );
#3566 = ORIENTED_EDGE( '', *, *, #7110, .F. );
#3567 = ORIENTED_EDGE( '', *, *, #7111, .T. );
#3568 = ORIENTED_EDGE( '', *, *, #7112, .F. );
#3569 = ORIENTED_EDGE( '', *, *, #7030, .F. );
#3570 = ORIENTED_EDGE( '', *, *, #7113, .T. );
#3571 = ORIENTED_EDGE( '', *, *, #7114, .F. );
#3572 = ORIENTED_EDGE( '', *, *, #7115, .F. );
#3573 = ORIENTED_EDGE( '', *, *, #7116, .F. );
#3574 = ORIENTED_EDGE( '', *, *, #7117, .T. );
#3575 = ORIENTED_EDGE( '', *, *, #7118, .T. );
#3576 = ORIENTED_EDGE( '', *, *, #7119, .F. );
#3577 = ORIENTED_EDGE( '', *, *, #7120, .F. );
#3578 = ORIENTED_EDGE( '', *, *, #7121, .T. );
#3579 = ORIENTED_EDGE( '', *, *, #7122, .T. );
#3580 = ORIENTED_EDGE( '', *, *, #7123, .T. );
#3581 = ORIENTED_EDGE( '', *, *, #7124, .F. );
#3582 = ORIENTED_EDGE( '', *, *, #7125, .T. );
#3583 = ORIENTED_EDGE( '', *, *, #7126, .F. );
#3584 = ORIENTED_EDGE( '', *, *, #7127, .F. );
#3585 = ORIENTED_EDGE( '', *, *, #7003, .F. );
#3586 = ORIENTED_EDGE( '', *, *, #7128, .T. );
#3587 = ORIENTED_EDGE( '', *, *, #7129, .T. );
#3588 = ORIENTED_EDGE( '', *, *, #7130, .F. );
#3589 = ORIENTED_EDGE( '', *, *, #7131, .F. );
#3590 = ORIENTED_EDGE( '', *, *, #7132, .T. );
#3591 = ORIENTED_EDGE( '', *, *, #7133, .T. );
#3592 = ORIENTED_EDGE( '', *, *, #7134, .F. );
#3593 = ORIENTED_EDGE( '', *, *, #7135, .F. );
#3594 = ORIENTED_EDGE( '', *, *, #7136, .F. );
#3595 = ORIENTED_EDGE( '', *, *, #7137, .T. );
#3596 = ORIENTED_EDGE( '', *, *, #7138, .F. );
#3597 = ORIENTED_EDGE( '', *, *, #7139, .F. );
#3598 = ORIENTED_EDGE( '', *, *, #7140, .T. );
#3599 = ORIENTED_EDGE( '', *, *, #7141, .F. );
#3600 = ORIENTED_EDGE( '', *, *, #7142, .F. );
#3601 = ORIENTED_EDGE( '', *, *, #7143, .F. );
#3602 = ORIENTED_EDGE( '', *, *, #7144, .T. );
#3603 = ORIENTED_EDGE( '', *, *, #7145, .T. );
#3604 = ORIENTED_EDGE( '', *, *, #7146, .F. );
#3605 = CARTESIAN_POINT( '', ( 0.229000000000000, 0.285000000000000, -0.125000000000000 ) );
#3606 = DIRECTION( '', ( 0.000000000000000, -1.00000000000000, 0.000000000000000 ) );
#3607 = DIRECTION( '', ( 0.000000000000000, 0.000000000000000, -1.00000000000000 ) );
#3608 = SURFACE_STYLE_FILL_AREA( #7147 );
#3609 = ORIENTED_EDGE( '', *, *, #7148, .F. );
#3610 = ORIENTED_EDGE( '', *, *, #7149, .T. );
#3611 = ORIENTED_EDGE( '', *, *, #7150, .F. );
#3612 = ORIENTED_EDGE( '', *, *, #7151, .T. );
#3613 = CARTESIAN_POINT( '', ( 0.112500000000000, 0.235000000000000, 0.168000000000000 ) );
#3614 = DIRECTION( '', ( -0.000000000000000, 1.00000000000000, 0.000000000000000 ) );
#3615 = DIRECTION( '', ( 0.000000000000000, -0.000000000000000, 1.00000000000000 ) );
#3616 = SURFACE_STYLE_FILL_AREA( #7152 );
#3617 = ORIENTED_EDGE( '', *, *, #7153, .F. );
#3618 = ORIENTED_EDGE( '', *, *, #7154, .T. );
#3619 = ORIENTED_EDGE( '', *, *, #7071, .T. );
#3620 = ORIENTED_EDGE( '', *, *, #7155, .F. );
#3621 = CARTESIAN_POINT( '', ( 0.0750000000000000, 0.0500000000000000, 0.117000000000000 ) );
#3622 = DIRECTION( '', ( -1.00000000000000, 0.000000000000000, 0.000000000000000 ) );
#3623 = DIRECTION( '', ( 0.000000000000000, 0.000000000000000, 1.00000000000000 ) );
#3624 = SURFACE_STYLE_FILL_AREA( #7156 );
#3625 = ORIENTED_EDGE( '', *, *, #7157, .T. );
#3626 = ORIENTED_EDGE( '', *, *, #7032, .T. );
#3627 = ORIENTED_EDGE( '', *, *, #7158, .T. );
#3628 = ORIENTED_EDGE( '', *, *, #7159, .T. );
#3629 = CARTESIAN_POINT( '', ( -0.0189500000000000, 0.505000000000000, 0.125000000000000 ) );
#3630 = DIRECTION( '', ( 0.957826285221152, 0.287347885566345, -0.000000000000000 ) );
#3631 = DIRECTION( '', ( -0.287347885566345, 0.957826285221152, 0.000000000000000 ) );
#3632 = SURFACE_STYLE_FILL_AREA( #7160 );
#3633 = ORIENTED_EDGE( '', *, *, #7161, .T. );
#3634 = ORIENTED_EDGE( '', *, *, #7162, .T. );
#3635 = ORIENTED_EDGE( '', *, *, #7163, .T. );
#3636 = ORIENTED_EDGE( '', *, *, #7164, .F. );
#3637 = CARTESIAN_POINT( '', ( 0.112500000000000, 0.205000000000000, 0.150000000000000 ) );
#3638 = DIRECTION( '', ( 0.000000000000000, -1.00000000000000, 0.000000000000000 ) );
#3639 = DIRECTION( '', ( 0.000000000000000, 0.000000000000000, -1.00000000000000 ) );
#3640 = SURFACE_STYLE_FILL_AREA( #7165 );
#3641 = ORIENTED_EDGE( '', *, *, #7091, .T. );
#3642 = ORIENTED_EDGE( '', *, *, #7166, .F. );
#3643 = ORIENTED_EDGE( '', *, *, #7167, .T. );
#3644 = ORIENTED_EDGE( '', *, *, #7168, .T. );
#3645 = CARTESIAN_POINT( '', ( -0.125000000000000, 0.0500000000000000, -0.125000000000000 ) );
#3646 = DIRECTION( '', ( -1.00000000000000, 0.000000000000000, 0.000000000000000 ) );
#3647 = DIRECTION( '', ( 0.000000000000000, 0.000000000000000, 1.00000000000000 ) );
#3648 = SURFACE_STYLE_FILL_AREA( #7169 );
#3649 = ORIENTED_EDGE( '', *, *, #7170, .F. );
#3650 = ORIENTED_EDGE( '', *, *, #7171, .F. );
#3651 = ORIENTED_EDGE( '', *, *, #7172, .T. );
#3652 = ORIENTED_EDGE( '', *, *, #7173, .T. );
#3653 = CARTESIAN_POINT( '', ( 0.192500000000000, 0.100000000000000, -0.0137500000000000 ) );
#3654 = DIRECTION( '', ( -1.00000000000000, 0.000000000000000, 0.000000000000000 ) );
#3655 = DIRECTION( '', ( 0.000000000000000, 0.000000000000000, 1.00000000000000 ) );
#3656 = SURFACE_STYLE_FILL_AREA( #7174 );
#3657 = ORIENTED_EDGE( '', *, *, #7175, .F. );
#3658 = ORIENTED_EDGE( '', *, *, #7176, .T. );
#3659 = ORIENTED_EDGE( '', *, *, #7177, .T. );
#3660 = ORIENTED_EDGE( '', *, *, #7178, .T. );
#3661 = ORIENTED_EDGE( '', *, *, #7179, .T. );
#3662 = CARTESIAN_POINT( '', ( -0.0870500000000000, 0.485000000000000, 0.125000000000000 ) );
#3663 = DIRECTION( '', ( -0.957826285221152, 0.287347885566345, 0.000000000000000 ) );
#3664 = DIRECTION( '', ( -0.287347885566345, -0.957826285221152, 0.000000000000000 ) );
#3665 = SURFACE_STYLE_FILL_AREA( #7180 );
#3666 = ORIENTED_EDGE( '', *, *, #7181, .F. );
#3667 = ORIENTED_EDGE( '', *, *, #7182, .F. );
#3668 = ORIENTED_EDGE( '', *, *, #7183, .T. );
#3669 = ORIENTED_EDGE( '', *, *, #7184, .T. );
#3670 = CARTESIAN_POINT( '', ( 0.0125000000000000, 0.255000000000000, -0.0187500000000000 ) );
#3671 = DIRECTION( '', ( 0.000000000000000, 0.000000000000000, -1.00000000000000 ) );
#3672 = DIRECTION( '', ( -1.00000000000000, 0.000000000000000, 0.000000000000000 ) );
#3673 = SURFACE_STYLE_FILL_AREA( #7185 );
#3674 = ORIENTED_EDGE( '', *, *, #7186, .F. );
#3675 = ORIENTED_EDGE( '', *, *, #7187, .F. );
#3676 = ORIENTED_EDGE( '', *, *, #7188, .F. );
#3677 = ORIENTED_EDGE( '', *, *, #7010, .F. );
#3678 = ORIENTED_EDGE( '', *, *, #7189, .F. );
#3679 = ORIENTED_EDGE( '', *, *, #7190, .F. );
#3680 = ORIENTED_EDGE( '', *, *, #7191, .F. );
#3681 = CARTESIAN_POINT( '', ( 0.0350000000000000, 0.355000000000000, 0.117000000000000 ) );
#3682 = DIRECTION( '', ( -1.00000000000000, 0.000000000000000, 0.000000000000000 ) );
#3683 = DIRECTION( '', ( 0.000000000000000, 0.000000000000000, 1.00000000000000 ) );
#3684 = SURFACE_STYLE_FILL_AREA( #7192 );
#3685 = ORIENTED_EDGE( '', *, *, #7193, .T. );
#3686 = ORIENTED_EDGE( '', *, *, #7194, .F. );
#3687 = ORIENTED_EDGE( '', *, *, #7195, .T. );
#3688 = ORIENTED_EDGE( '', *, *, #7196, .T. );
#3689 = CARTESIAN_POINT( '', ( -0.0795000000000000, 0.350000000000000, 0.0952500000000000 ) );
#3690 = DIRECTION( '', ( 0.000000000000000, 0.000000000000000, -1.00000000000000 ) );
#3691 = DIRECTION( '', ( -1.00000000000000, 0.000000000000000, 0.000000000000000 ) );
#3692 = SURFACE_STYLE_FILL_AREA( #7197 );
#3693 = ORIENTED_EDGE( '', *, *, #7111, .F. );
#3694 = ORIENTED_EDGE( '', *, *, #7198, .T. );
#3695 = ORIENTED_EDGE( '', *, *, #7175, .T. );
#3696 = ORIENTED_EDGE( '', *, *, #7199, .T. );
#3697 = CARTESIAN_POINT( '', ( -0.0900000000000000, 0.285000000000000, 0.125000000000000 ) );
#3698 = DIRECTION( '', ( -0.999891236496823, 0.0147483957383282, 0.000000000000000 ) );
#3699 = DIRECTION( '', ( -0.0147483957383282, -0.999891236496823, 0.000000000000000 ) );
#3700 = SURFACE_STYLE_FILL_AREA( #7200 );
#3701 = ORIENTED_EDGE( '', *, *, #7201, .T. );
#3702 = ORIENTED_EDGE( '', *, *, #7202, .F. );
#3703 = ORIENTED_EDGE( '', *, *, #7203, .T. );
#3704 = ORIENTED_EDGE( '', *, *, #7204, .T. );
#3705 = CARTESIAN_POINT( '', ( -0.120500000000000, 0.350000000000000, -0.0952500000000000 ) );
#3706 = DIRECTION( '', ( 0.000000000000000, -0.000000000000000, 1.00000000000000 ) );
#3707 = DIRECTION( '', ( 1.00000000000000, 0.000000000000000, -0.000000000000000 ) );
#3708 = SURFACE_STYLE_FILL_AREA( #7205 );
#3709 = ORIENTED_EDGE( '', *, *, #7177, .F. );
#3710 = ORIENTED_EDGE( '', *, *, #7206, .T. );
#3711 = ORIENTED_EDGE( '', *, *, #7207, .F. );
#3712 = ORIENTED_EDGE( '', *, *, #7208, .F. );
#3713 = CARTESIAN_POINT( '', ( -0.0750000000000000, 0.486011574286637, -0.0486630904373475 ) );
#3714 = DIRECTION( '', ( 0.000000000000000, -0.292371704722737, 0.956304755963035 ) );
#3715 = DIRECTION( '', ( 0.000000000000000, -0.956304755963035, -0.292371704722737 ) );
#3716 = SURFACE_STYLE_FILL_AREA( #7209 );
#3717 = ORIENTED_EDGE( '', *, *, #7210, .F. );
#3718 = ORIENTED_EDGE( '', *, *, #7211, .T. );
#3719 = ORIENTED_EDGE( '', *, *, #7212, .T. );
#3720 = ORIENTED_EDGE( '', *, *, #7213, .F. );
#3721 = CARTESIAN_POINT( '', ( 0.165500000000000, 0.455000000000000, 0.0655000000000000 ) );
#3722 = DIRECTION( '', ( 1.00000000000000, -0.000000000000000, 0.000000000000000 ) );
#3723 = DIRECTION( '', ( 0.000000000000000, 0.000000000000000, -1.00000000000000 ) );
#3724 = SURFACE_STYLE_FILL_AREA( #7214 );
#3725 = ORIENTED_EDGE( '', *, *, #7215, .F. );
#3726 = ORIENTED_EDGE( '', *, *, #7216, .T. );
#3727 = ORIENTED_EDGE( '', *, *, #7217, .T. );
#3728 = ORIENTED_EDGE( '', *, *, #7218, .F. );
#3729 = CARTESIAN_POINT( '', ( 0.0345000000000000, 0.455000000000000, -0.0655000000000000 ) );
#3730 = DIRECTION( '', ( -1.00000000000000, 0.000000000000000, 0.000000000000000 ) );
#3731 = DIRECTION( '', ( 0.000000000000000, 0.000000000000000, 1.00000000000000 ) );
#3732 = SURFACE_STYLE_FILL_AREA( #7219 );
#3733 = ORIENTED_EDGE( '', *, *, #7220, .F. );
#3734 = ORIENTED_EDGE( '', *, *, #7221, .T. );
#3735 = ORIENTED_EDGE( '', *, *, #7222, .T. );
#3736 = ORIENTED_EDGE( '', *, *, #7223, .F. );
#3737 = CARTESIAN_POINT( '', ( -0.134500000000000, 0.455000000000000, 0.0345000000000000 ) );
#3738 = DIRECTION( '', ( 0.000000000000000, 0.000000000000000, -1.00000000000000 ) );
#3739 = DIRECTION( '', ( -1.00000000000000, 0.000000000000000, 0.000000000000000 ) );
#3740 = SURFACE_STYLE_FILL_AREA( #7224 );
#3741 = ORIENTED_EDGE( '', *, *, #7084, .T. );
#3742 = ORIENTED_EDGE( '', *, *, #7225, .F. );
#3743 = ORIENTED_EDGE( '', *, *, #7226, .T. );
#3744 = ORIENTED_EDGE( '', *, *, #7227, .T. );
#3745 = CARTESIAN_POINT( '', ( 0.0750000000000000, 0.0500000000000000, -0.117000000000000 ) );
#3746 = DIRECTION( '', ( 0.000000000000000, 0.000000000000000, -1.00000000000000 ) );
#3747 = DIRECTION( '', ( -1.00000000000000, 0.000000000000000, 0.000000000000000 ) );
#3748 = SURFACE_STYLE_FILL_AREA( #7228 );
#3749 = ORIENTED_EDGE( '', *, *, #7229, .F. );
#3750 = ORIENTED_EDGE( '', *, *, #7230, .F. );
#3751 = ORIENTED_EDGE( '', *, *, #7183, .F. );
#3752 = ORIENTED_EDGE( '', *, *, #7231, .F. );
#3753 = ORIENTED_EDGE( '', *, *, #7232, .F. );
#3754 = ORIENTED_EDGE( '', *, *, #7233, .F. );
#3755 = ORIENTED_EDGE( '', *, *, #7234, .F. );
#3756 = ORIENTED_EDGE( '', *, *, #7235, .F. );
#3757 = CARTESIAN_POINT( '', ( 0.200000000000000, 0.255000000000000, -0.117000000000000 ) );
#3758 = DIRECTION( '', ( 0.000000000000000, 1.00000000000000, -0.000000000000000 ) );
#3759 = DIRECTION( '', ( 0.000000000000000, 0.000000000000000, 1.00000000000000 ) );
#3760 = SURFACE_STYLE_FILL_AREA( #7236 );
#3761 = ORIENTED_EDGE( '', *, *, #7237, .F. );
#3762 = ORIENTED_EDGE( '', *, *, #7238, .F. );
#3763 = ORIENTED_EDGE( '', *, *, #7239, .F. );
#3764 = ORIENTED_EDGE( '', *, *, #7240, .F. );
#3765 = ORIENTED_EDGE( '', *, *, #7241, .F. );
#3766 = ORIENTED_EDGE( '', *, *, #7242, .F. );
#3767 = ORIENTED_EDGE( '', *, *, #7243, .F. );
#3768 = ORIENTED_EDGE( '', *, *, #7244, .F. );
#3769 = CARTESIAN_POINT( '', ( 0.100000000000000, 0.255000000000000, -0.117000000000000 ) );
#3770 = DIRECTION( '', ( 0.000000000000000, 1.00000000000000, -0.000000000000000 ) );
#3771 = DIRECTION( '', ( 0.000000000000000, 0.000000000000000, 1.00000000000000 ) );
#3772 = SURFACE_STYLE_FILL_AREA( #7245 );
#3773 = ORIENTED_EDGE( '', *, *, #7063, .T. );
#3774 = ORIENTED_EDGE( '', *, *, #7246, .F. );
#3775 = ORIENTED_EDGE( '', *, *, #7247, .T. );
#3776 = ORIENTED_EDGE( '', *, *, #7248, .T. );
#3777 = CARTESIAN_POINT( '', ( -0.175000000000000, 0.0500000000000000, 0.117000000000000 ) );
#3778 = DIRECTION( '', ( 0.000000000000000, 0.000000000000000, 1.00000000000000 ) );
#3779 = DIRECTION( '', ( 1.00000000000000, 0.000000000000000, -0.000000000000000 ) );
#3780 = SURFACE_STYLE_FILL_AREA( #7249 );
#3781 = ORIENTED_EDGE( '', *, *, #7250, .T. );
#3782 = ORIENTED_EDGE( '', *, *, #7251, .T. );
#3783 = ORIENTED_EDGE( '', *, *, #7122, .F. );
#3784 = ORIENTED_EDGE( '', *, *, #7252, .T. );
#3785 = CARTESIAN_POINT( '', ( 0.110000000000000, 0.285000000000000, 0.125000000000000 ) );
#3786 = DIRECTION( '', ( -0.999891236496823, 0.0147483957383281, 0.000000000000000 ) );
#3787 = DIRECTION( '', ( -0.0147483957383281, -0.999891236496823, 0.000000000000000 ) );
#3788 = SURFACE_STYLE_FILL_AREA( #7253 );
#3789 = ORIENTED_EDGE( '', *, *, #7254, .T. );
#3790 = ORIENTED_EDGE( '', *, *, #7255, .T. );
#3791 = ORIENTED_EDGE( '', *, *, #7256, .T. );
#3792 = ORIENTED_EDGE( '', *, *, #7257, .T. );
#3793 = ORIENTED_EDGE( '', *, *, #7258, .T. );
#3794 = CARTESIAN_POINT( '', ( -0.118950000000000, 0.505000000000000, 0.125000000000000 ) );
#3795 = DIRECTION( '', ( 0.957826285221152, 0.287347885566345, -0.000000000000000 ) );
#3796 = DIRECTION( '', ( -0.287347885566345, 0.957826285221152, 0.000000000000000 ) );
#3797 = SURFACE_STYLE_FILL_AREA( #7259 );
#3798 = ORIENTED_EDGE( '', *, *, #7260, .F. );
#3799 = ORIENTED_EDGE( '', *, *, #7146, .T. );
#3800 = ORIENTED_EDGE( '', *, *, #7261, .F. );
#3801 = ORIENTED_EDGE( '', *, *, #7262, .F. );
#3802 = ORIENTED_EDGE( '', *, *, #7263, .F. );
#3803 = ORIENTED_EDGE( '', *, *, #7264, .F. );
#3804 = ORIENTED_EDGE( '', *, *, #7265, .F. );
#3805 = ORIENTED_EDGE( '', *, *, #7142, .T. );
#3806 = ORIENTED_EDGE( '', *, *, #7266, .F. );
#3807 = ORIENTED_EDGE( '', *, *, #7267, .T. );
#3808 = CARTESIAN_POINT( '', ( 0.200000000000000, 0.285000000000000, 0.0100000000000000 ) );
#3809 = DIRECTION( '', ( 0.000000000000000, -0.0143167143562177, 0.999897510592982 ) );
#3810 = DIRECTION( '', ( 0.000000000000000, -0.999897510592982, -0.0143167143562177 ) );
#3811 = SURFACE_STYLE_FILL_AREA( #7268 );
#3812 = ORIENTED_EDGE( '', *, *, #7269, .F. );
#3813 = ORIENTED_EDGE( '', *, *, #7270, .F. );
#3814 = ORIENTED_EDGE( '', *, *, #7271, .T. );
#3815 = ORIENTED_EDGE( '', *, *, #7272, .T. );
#3816 = CARTESIAN_POINT( '', ( -0.112500000000000, 0.255000000000000, -0.0187500000000000 ) );
#3817 = DIRECTION( '', ( -1.00000000000000, 0.000000000000000, 0.000000000000000 ) );
#3818 = DIRECTION( '', ( 0.000000000000000, 0.000000000000000, 1.00000000000000 ) );
#3819 = SURFACE_STYLE_FILL_AREA( #7273 );
#3820 = ORIENTED_EDGE( '', *, *, #7274, .F. );
#3821 = ORIENTED_EDGE( '', *, *, #7275, .F. );
#3822 = ORIENTED_EDGE( '', *, *, #7276, .T. );
#3823 = ORIENTED_EDGE( '', *, *, #7277, .T. );
#3824 = CARTESIAN_POINT( '', ( -0.192500000000000, 0.100000000000000, 0.0137500000000000 ) );
#3825 = DIRECTION( '', ( 1.00000000000000, 0.000000000000000, 0.000000000000000 ) );
#3826 = DIRECTION( '', ( 0.000000000000000, 0.000000000000000, -1.00000000000000 ) );
#3827 = SURFACE_STYLE_FILL_AREA( #7278 );
#3828 = ORIENTED_EDGE( '', *, *, #7279, .F. );
#3829 = ORIENTED_EDGE( '', *, *, #7280, .T. );
#3830 = ORIENTED_EDGE( '', *, *, #7281, .T. );
#3831 = ORIENTED_EDGE( '', *, *, #7282, .F. );
#3832 = CARTESIAN_POINT( '', ( 0.0700000000000000, 0.362000000000000, 0.0805000000000000 ) );
#3833 = DIRECTION( '', ( 0.000000000000000, 0.000000000000000, -1.00000000000000 ) );
#3834 = DIRECTION( '', ( -1.00000000000000, 0.000000000000000, 0.000000000000000 ) );
#3835 = SURFACE_STYLE_FILL_AREA( #7283 );
#3836 = ORIENTED_EDGE( '', *, *, #7284, .F. );
#3837 = ORIENTED_EDGE( '', *, *, #7285, .F. );
#3838 = ORIENTED_EDGE( '', *, *, #7286, .T. );
#3839 = ORIENTED_EDGE( '', *, *, #7287, .T. );
#3840 = CARTESIAN_POINT( '', ( 0.0125000000000000, 0.255000000000000, 0.0982500000000000 ) );
#3841 = DIRECTION( '', ( 0.000000000000000, 0.000000000000000, -1.00000000000000 ) );
#3842 = DIRECTION( '', ( -1.00000000000000, 0.000000000000000, 0.000000000000000 ) );
#3843 = SURFACE_STYLE_FILL_AREA( #7288 );
#3844 = ORIENTED_EDGE( '', *, *, #7289, .F. );
#3845 = ORIENTED_EDGE( '', *, *, #7290, .T. );
#3846 = ORIENTED_EDGE( '', *, *, #7291, .T. );
#3847 = ORIENTED_EDGE( '', *, *, #7292, .F. );
#3848 = CARTESIAN_POINT( '', ( 0.229000000000000, 0.0500000000000000, 0.176500000000000 ) );
#3849 = DIRECTION( '', ( 0.000000000000000, 0.000000000000000, -1.00000000000000 ) );
#3850 = DIRECTION( '', ( -1.00000000000000, 0.000000000000000, 0.000000000000000 ) );
#3851 = SURFACE_STYLE_FILL_AREA( #7293 );
#3852 = ORIENTED_EDGE( '', *, *, #7294, .T. );
#3853 = ORIENTED_EDGE( '', *, *, #7295, .T. );
#3854 = ORIENTED_EDGE( '', *, *, #7296, .F. );
#3855 = ORIENTED_EDGE( '', *, *, #7297, .F. );
#3856 = CARTESIAN_POINT( '', ( -0.0470000000000000, 0.575000000000000, 0.225000000000000 ) );
#3857 = DIRECTION( '', ( 1.00000000000000, 0.000000000000000, 0.000000000000000 ) );
#3858 = DIRECTION( '', ( 0.000000000000000, 0.000000000000000, -1.00000000000000 ) );
#3859 = SURFACE_STYLE_FILL_AREA( #7298 );
#3860 = ORIENTED_EDGE( '', *, *, #7299, .F. );
#3861 = ORIENTED_EDGE( '', *, *, #7300, .T. );
#3862 = ORIENTED_EDGE( '', *, *, #7301, .T. );
#3863 = ORIENTED_EDGE( '', *, *, #7302, .F. );
#3864 = CARTESIAN_POINT( '', ( 0.0655000000000000, 0.455000000000000, -0.0345000000000000 ) );
#3865 = DIRECTION( '', ( 1.00000000000000, -0.000000000000000, 0.000000000000000 ) );
#3866 = DIRECTION( '', ( 0.000000000000000, 0.000000000000000, -1.00000000000000 ) );
#3867 = SURFACE_STYLE_FILL_AREA( #7303 );
#3868 = ORIENTED_EDGE( '', *, *, #7064, .T. );
#3869 = ORIENTED_EDGE( '', *, *, #7248, .F. );
#3870 = ORIENTED_EDGE( '', *, *, #7304, .T. );
#3871 = ORIENTED_EDGE( '', *, *, #7305, .T. );
#3872 = CARTESIAN_POINT( '', ( -0.125000000000000, 0.0500000000000000, 0.117000000000000 ) );
#3873 = DIRECTION( '', ( -1.00000000000000, 0.000000000000000, 0.000000000000000 ) );
#3874 = DIRECTION( '', ( 0.000000000000000, 0.000000000000000, 1.00000000000000 ) );
#3875 = SURFACE_STYLE_FILL_AREA( #7306 );
#3876 = ORIENTED_EDGE( '', *, *, #7307, .F. );
#3877 = ORIENTED_EDGE( '', *, *, #7056, .T. );
#3878 = ORIENTED_EDGE( '', *, *, #7308, .T. );
#3879 = ORIENTED_EDGE( '', *, *, #7309, .F. );
#3880 = CARTESIAN_POINT( '', ( -0.0655000000000000, 0.455000000000000, -0.0345000000000000 ) );
#3881 = DIRECTION( '', ( 0.000000000000000, 0.000000000000000, 1.00000000000000 ) );
#3882 = DIRECTION( '', ( 1.00000000000000, 0.000000000000000, -0.000000000000000 ) );
#3883 = SURFACE_STYLE_FILL_AREA( #7310 );
#3884 = ORIENTED_EDGE( '', *, *, #7311, .F. );
#3885 = ORIENTED_EDGE( '', *, *, #7312, .T. );
#3886 = ORIENTED_EDGE( '', *, *, #7313, .T. );
#3887 = ORIENTED_EDGE( '', *, *, #7314, .F. );
#3888 = CARTESIAN_POINT( '', ( 0.130000000000000, 0.362000000000000, -0.0805000000000000 ) );
#3889 = DIRECTION( '', ( 0.000000000000000, 0.000000000000000, 1.00000000000000 ) );
#3890 = DIRECTION( '', ( 1.00000000000000, 0.000000000000000, -0.000000000000000 ) );
#3891 = SURFACE_STYLE_FILL_AREA( #7315 );
#3892 = ORIENTED_EDGE( '', *, *, #7316, .F. );
#3893 = ORIENTED_EDGE( '', *, *, #7317, .F. );
#3894 = ORIENTED_EDGE( '', *, *, #7008, .F. );
#3895 = ORIENTED_EDGE( '', *, *, #7318, .F. );
#3896 = ORIENTED_EDGE( '', *, *, #7319, .F. );
#3897 = ORIENTED_EDGE( '', *, *, #7320, .T. );
#3898 = ORIENTED_EDGE( '', *, *, #7321, .F. );
#3899 = CARTESIAN_POINT( '', ( -0.0350000000000000, 0.355000000000000, 0.193000000000000 ) );
#3900 = DIRECTION( '', ( 1.00000000000000, -0.000000000000000, 0.000000000000000 ) );
#3901 = DIRECTION( '', ( 0.000000000000000, 0.000000000000000, -1.00000000000000 ) );
#3902 = SURFACE_STYLE_FILL_AREA( #7322 );
#3903 = ORIENTED_EDGE( '', *, *, #7323, .F. );
#3904 = ORIENTED_EDGE( '', *, *, #7324, .F. );
#3905 = ORIENTED_EDGE( '', *, *, #7325, .T. );
#3906 = ORIENTED_EDGE( '', *, *, #7326, .T. );
#3907 = CARTESIAN_POINT( '', ( 0.107500000000000, 0.100000000000000, 0.0137500000000000 ) );
#3908 = DIRECTION( '', ( 1.00000000000000, 0.000000000000000, 0.000000000000000 ) );
#3909 = DIRECTION( '', ( 0.000000000000000, 0.000000000000000, -1.00000000000000 ) );
#3910 = SURFACE_STYLE_FILL_AREA( #7327 );
#3911 = ORIENTED_EDGE( '', *, *, #7321, .T. );
#3912 = ORIENTED_EDGE( '', *, *, #7328, .T. );
#3913 = ORIENTED_EDGE( '', *, *, #7329, .T. );
#3914 = ORIENTED_EDGE( '', *, *, #7330, .F. );
#3915 = ORIENTED_EDGE( '', *, *, #7294, .F. );
#3916 = ORIENTED_EDGE( '', *, *, #7331, .F. );
#3917 = ORIENTED_EDGE( '', *, *, #7332, .F. );
#3918 = ORIENTED_EDGE( '', *, *, #7333, .F. );
#3919 = ORIENTED_EDGE( '', *, *, #7334, .F. );
#3920 = ORIENTED_EDGE( '', *, *, #7335, .T. );
#3921 = ORIENTED_EDGE( '', *, *, #7191, .T. );
#3922 = ORIENTED_EDGE( '', *, *, #7336, .T. );
#3923 = CARTESIAN_POINT( '', ( 0.0790000000000000, 0.485000000000000, 0.174000000000000 ) );
#3924 = DIRECTION( '', ( 0.000000000000000, -1.00000000000000, 0.000000000000000 ) );
#3925 = DIRECTION( '', ( 0.000000000000000, 0.000000000000000, -1.00000000000000 ) );
#3926 = SURFACE_STYLE_FILL_AREA( #7337 );
#3927 = ORIENTED_EDGE( '', *, *, #7338, .F. );
#3928 = ORIENTED_EDGE( '', *, *, #7339, .T. );
#3929 = ORIENTED_EDGE( '', *, *, #7340, .F. );
#3930 = ORIENTED_EDGE( '', *, *, #7113, .F. );
#3931 = ORIENTED_EDGE( '', *, *, #7029, .F. );
#3932 = ORIENTED_EDGE( '', *, *, #7157, .F. );
#3933 = ORIENTED_EDGE( '', *, *, #7341, .T. );
#3934 = ORIENTED_EDGE( '', *, *, #7342, .F. );
#3935 = ORIENTED_EDGE( '', *, *, #7343, .F. );
#3936 = ORIENTED_EDGE( '', *, *, #7094, .F. );
#3937 = CARTESIAN_POINT( '', ( 0.200000000000000, 0.505000000000000, -0.0131500000000000 ) );
#3938 = DIRECTION( '', ( 0.000000000000000, -0.0143167143562177, -0.999897510592982 ) );
#3939 = DIRECTION( '', ( 0.000000000000000, 0.999897510592982, -0.0143167143562177 ) );
#3940 = SURFACE_STYLE_FILL_AREA( #7344 );
#3941 = ORIENTED_EDGE( '', *, *, #7080, .T. );
#3942 = ORIENTED_EDGE( '', *, *, #7345, .F. );
#3943 = ORIENTED_EDGE( '', *, *, #7346, .T. );
#3944 = ORIENTED_EDGE( '', *, *, #7347, .T. );
#3945 = CARTESIAN_POINT( '', ( 0.175000000000000, 0.0500000000000000, -0.117000000000000 ) );
#3946 = DIRECTION( '', ( 0.000000000000000, 0.000000000000000, -1.00000000000000 ) );
#3947 = DIRECTION( '', ( -1.00000000000000, 0.000000000000000, 0.000000000000000 ) );
#3948 = SURFACE_STYLE_FILL_AREA( #7348 );
#3949 = ORIENTED_EDGE( '', *, *, #7349, .F. );
#3950 = ORIENTED_EDGE( '', *, *, #7350, .T. );
#3951 = ORIENTED_EDGE( '', *, *, #7351, .F. );
#3952 = ORIENTED_EDGE( '', *, *, #7140, .F. );
#3953 = ORIENTED_EDGE( '', *, *, #7352, .F. );
#3954 = ORIENTED_EDGE( '', *, *, #7353, .F. );
#3955 = ORIENTED_EDGE( '', *, *, #7354, .T. );
#3956 = ORIENTED_EDGE( '', *, *, #7355, .F. );
#3957 = ORIENTED_EDGE( '', *, *, #7252, .F. );
#3958 = ORIENTED_EDGE( '', *, *, #7121, .F. );
#3959 = CARTESIAN_POINT( '', ( 0.200000000000000, 0.505000000000000, -0.0131500000000000 ) );
#3960 = DIRECTION( '', ( 0.000000000000000, -0.0143167143562177, -0.999897510592982 ) );
#3961 = DIRECTION( '', ( 0.000000000000000, 0.999897510592982, -0.0143167143562177 ) );
#3962 = SURFACE_STYLE_FILL_AREA( #7356 );
#3963 = ORIENTED_EDGE( '', *, *, #7357, .F. );
#3964 = ORIENTED_EDGE( '', *, *, #7358, .F. );
#3965 = ORIENTED_EDGE( '', *, *, #7359, .T. );
#3966 = ORIENTED_EDGE( '', *, *, #7270, .T. );
#3967 = CARTESIAN_POINT( '', ( -0.187500000000000, 0.255000000000000, -0.0187500000000000 ) );
#3968 = DIRECTION( '', ( 0.000000000000000, 0.000000000000000, -1.00000000000000 ) );
#3969 = DIRECTION( '', ( -1.00000000000000, 0.000000000000000, 0.000000000000000 ) );
#3970 = SURFACE_STYLE_FILL_AREA( #7360 );
#3971 = ORIENTED_EDGE( '', *, *, #7361, .T. );
#3972 = ORIENTED_EDGE( '', *, *, #7319, .T. );
#3973 = ORIENTED_EDGE( '', *, *, #7362, .F. );
#3974 = ORIENTED_EDGE( '', *, *, #7187, .T. );
#3975 = CARTESIAN_POINT( '', ( 0.0790000000000000, 0.405000000000000, 0.193000000000000 ) );
#3976 = DIRECTION( '', ( -0.000000000000000, 1.00000000000000, 0.000000000000000 ) );
#3977 = DIRECTION( '', ( 0.000000000000000, -0.000000000000000, 1.00000000000000 ) );
#3978 = SURFACE_STYLE_FILL_AREA( #7363 );
#3979 = ORIENTED_EDGE( '', *, *, #7364, .T. );
#3980 = ORIENTED_EDGE( '', *, *, #7365, .T. );
#3981 = ORIENTED_EDGE( '', *, *, #7366, .T. );
#3982 = ORIENTED_EDGE( '', *, *, #7284, .T. );
#3983 = ORIENTED_EDGE( '', *, *, #7367, .F. );
#3984 = ORIENTED_EDGE( '', *, *, #7368, .F. );
#3985 = ORIENTED_EDGE( '', *, *, #7369, .F. );
#3986 = ORIENTED_EDGE( '', *, *, #7370, .F. );
#3987 = CARTESIAN_POINT( '', ( 0.200000000000000, 0.118700000000000, -6.40276873515062E-18 ) );
#3988 = DIRECTION( '', ( 0.000000000000000, 1.00000000000000, -0.000000000000000 ) );
#3989 = DIRECTION( '', ( 0.000000000000000, 0.000000000000000, 1.00000000000000 ) );
#3990 = SURFACE_STYLE_FILL_AREA( #7371 );
#3991 = ORIENTED_EDGE( '', *, *, #7372, .F. );
#3992 = ORIENTED_EDGE( '', *, *, #7373, .F. );
#3993 = ORIENTED_EDGE( '', *, *, #7374, .F. );
#3994 = ORIENTED_EDGE( '', *, *, #7375, .F. );
#3995 = ORIENTED_EDGE( '', *, *, #7376, .F. );
#3996 = ORIENTED_EDGE( '', *, *, #6996, .F. );
#3997 = ORIENTED_EDGE( '', *, *, #7377, .F. );
#3998 = ORIENTED_EDGE( '', *, *, #7378, .F. );
#3999 = CARTESIAN_POINT( '', ( 0.000000000000000, 0.255000000000000, 0.000000000000000 ) );
#4000 = DIRECTION( '', ( 0.000000000000000, 1.00000000000000, -0.000000000000000 ) );
#4001 = DIRECTION( '', ( 0.000000000000000, 0.000000000000000, 1.00000000000000 ) );
#4002 = SURFACE_STYLE_FILL_AREA( #7379 );
#4003 = ORIENTED_EDGE( '', *, *, #7380, .T. );
#4004 = ORIENTED_EDGE( '', *, *, #7381, .T. );
#4005 = ORIENTED_EDGE( '', *, *, #7382, .T. );
#4006 = ORIENTED_EDGE( '', *, *, #7383, .T. );
#4007 = CARTESIAN_POINT( '', ( 0.100000000000000, 0.362000000000000, 0.000000000000000 ) );
#4008 = DIRECTION( '', ( 0.000000000000000, 1.00000000000000, 0.000000000000000 ) );
#4009 = DIRECTION( '', ( 0.000000000000000, -0.000000000000000, 1.00000000000000 ) );
#4010 = SURFACE_STYLE_FILL_AREA( #7384 );
#4011 = ORIENTED_EDGE( '', *, *, #7232, .T. );
#4012 = ORIENTED_EDGE( '', *, *, #7385, .F. );
#4013 = ORIENTED_EDGE( '', *, *, #7386, .T. );
#4014 = ORIENTED_EDGE( '', *, *, #7387, .T. );
#4015 = CARTESIAN_POINT( '', ( 0.0795000000000000, 0.350000000000000, -0.0952500000000000 ) );
#4016 = DIRECTION( '', ( 0.000000000000000, -0.000000000000000, 1.00000000000000 ) );
#4017 = DIRECTION( '', ( 1.00000000000000, 0.000000000000000, -0.000000000000000 ) );
#4018 = SURFACE_STYLE_FILL_AREA( #7388 );
#4019 = ORIENTED_EDGE( '', *, *, #7389, .F. );
#4020 = ORIENTED_EDGE( '', *, *, #7390, .T. );
#4021 = ORIENTED_EDGE( '', *, *, #7391, .T. );
#4022 = ORIENTED_EDGE( '', *, *, #7392, .F. );
#4023 = CARTESIAN_POINT( '', ( 0.112500000000000, 0.260000000000000, 0.150000000000000 ) );
#4024 = DIRECTION( '', ( 1.00000000000000, -0.000000000000000, -0.000000000000000 ) );
#4025 = DIRECTION( '', ( 0.000000000000000, 0.000000000000000, 1.00000000000000 ) );
#4026 = SURFACE_STYLE_FILL_AREA( #7393 );
#4027 = ORIENTED_EDGE( '', *, *, #7394, .F. );
#4028 = ORIENTED_EDGE( '', *, *, #7395, .F. );
#4029 = ORIENTED_EDGE( '', *, *, #7396, .F. );
#4030 = ORIENTED_EDGE( '', *, *, #7397, .F. );
#4031 = ORIENTED_EDGE( '', *, *, #7398, .F. );
#4032 = ORIENTED_EDGE( '', *, *, #7399, .F. );
#4033 = CARTESIAN_POINT( '', ( -0.170000000000000, 0.362000000000000, -0.111500000000000 ) );
#4034 = DIRECTION( '', ( -1.00000000000000, 0.000000000000000, 0.000000000000000 ) );
#4035 = DIRECTION( '', ( 0.000000000000000, 0.000000000000000, 1.00000000000000 ) );
#4036 = SURFACE_STYLE_FILL_AREA( #7400 );
#4037 = ORIENTED_EDGE( '', *, *, #7401, .T. );
#4038 = ORIENTED_EDGE( '', *, *, #7402, .T. );
#4039 = ORIENTED_EDGE( '', *, *, #7250, .F. );
#4040 = ORIENTED_EDGE( '', *, *, #7355, .T. );
#4041 = ORIENTED_EDGE( '', *, *, #7403, .T. );
#4042 = CARTESIAN_POINT( '', ( 0.112950000000000, 0.485000000000000, 0.125000000000000 ) );
#4043 = DIRECTION( '', ( -0.957826285221151, 0.287347885566345, 0.000000000000000 ) );
#4044 = DIRECTION( '', ( -0.287347885566345, -0.957826285221151, 0.000000000000000 ) );
#4045 = SURFACE_STYLE_FILL_AREA( #7404 );
#4046 = ORIENTED_EDGE( '', *, *, #7405, .T. );
#4047 = ORIENTED_EDGE( '', *, *, #7406, .F. );
#4048 = ORIENTED_EDGE( '', *, *, #7407, .T. );
#4049 = ORIENTED_EDGE( '', *, *, #7408, .F. );
#4050 = ORIENTED_EDGE( '', *, *, #7409, .T. );
#4051 = ORIENTED_EDGE( '', *, *, #7410, .F. );
#4052 = ORIENTED_EDGE( '', *, *, #6999, .F. );
#4053 = ORIENTED_EDGE( '', *, *, #7411, .F. );
#4054 = CARTESIAN_POINT( '', ( -0.120500000000000, 0.480000000000000, 0.0907500000000000 ) );
#4055 = DIRECTION( '', ( 0.000000000000000, -0.0345946647267853, -0.999401425440469 ) );
#4056 = DIRECTION( '', ( 0.000000000000000, 0.999401425440469, -0.0345946647267853 ) );
#4057 = SURFACE_STYLE_FILL_AREA( #7412 );
#4058 = ORIENTED_EDGE( '', *, *, #7331, .T. );
#4059 = ORIENTED_EDGE( '', *, *, #7297, .T. );
#4060 = ORIENTED_EDGE( '', *, *, #7413, .F. );
#4061 = ORIENTED_EDGE( '', *, *, #7414, .F. );
#4062 = CARTESIAN_POINT( '', ( 0.0470000000000000, 0.575000000000000, 0.225000000000000 ) );
#4063 = DIRECTION( '', ( 0.000000000000000, -0.000000000000000, 1.00000000000000 ) );
#4064 = DIRECTION( '', ( 1.00000000000000, 0.000000000000000, -0.000000000000000 ) );
#4065 = SURFACE_STYLE_FILL_AREA( #7415 );
#4066 = ORIENTED_EDGE( '', *, *, #7416, .T. );
#4067 = ORIENTED_EDGE( '', *, *, #7101, .T. );
#4068 = ORIENTED_EDGE( '', *, *, #7417, .T. );
#4069 = ORIENTED_EDGE( '', *, *, #7418, .F. );
#4070 = CARTESIAN_POINT( '', ( -0.112950000000000, 0.485000000000000, 0.125000000000000 ) );
#4071 = DIRECTION( '', ( 0.999891236496823, 0.0147483957383282, -0.000000000000000 ) );
#4072 = DIRECTION( '', ( -0.0147483957383282, 0.999891236496823, 0.000000000000000 ) );
#4073 = SURFACE_STYLE_FILL_AREA( #7419 );
#4074 = ORIENTED_EDGE( '', *, *, #7420, .T. );
#4075 = ORIENTED_EDGE( '', *, *, #7421, .T. );
#4076 = ORIENTED_EDGE( '', *, *, #7422, .F. );
#4077 = ORIENTED_EDGE( '', *, *, #7423, .T. );
#4078 = CARTESIAN_POINT( '', ( 0.104000000000000, 0.280000000000000, 0.150000000000000 ) );
#4079 = DIRECTION( '', ( -0.000000000000000, 1.00000000000000, 0.000000000000000 ) );
#4080 = DIRECTION( '', ( 0.000000000000000, 0.000000000000000, -1.00000000000000 ) );
#4081 = SURFACE_STYLE_FILL_AREA( #7424 );
#4082 = ORIENTED_EDGE( '', *, *, #7425, .F. );
#4083 = ORIENTED_EDGE( '', *, *, #7426, .F. );
#4084 = ORIENTED_EDGE( '', *, *, #7427, .F. );
#4085 = ORIENTED_EDGE( '', *, *, #7428, .F. );
#4086 = ORIENTED_EDGE( '', *, *, #7333, .T. );
#4087 = CARTESIAN_POINT( '', ( 0.0790000000000000, 0.485000000000000, 0.245000000000000 ) );
#4088 = DIRECTION( '', ( 0.000000000000000, 0.000000000000000, -1.00000000000000 ) );
#4089 = DIRECTION( '', ( -1.00000000000000, 0.000000000000000, 0.000000000000000 ) );
#4090 = SURFACE_STYLE_FILL_AREA( #7429 );
#4091 = ORIENTED_EDGE( '', *, *, #7430, .F. );
#4092 = ORIENTED_EDGE( '', *, *, #7431, .T. );
#4093 = ORIENTED_EDGE( '', *, *, #7432, .T. );
#4094 = ORIENTED_EDGE( '', *, *, #7433, .F. );
#4095 = CARTESIAN_POINT( '', ( -0.165500000000000, 0.455000000000000, -0.0345000000000000 ) );
#4096 = DIRECTION( '', ( 0.000000000000000, 0.000000000000000, 1.00000000000000 ) );
#4097 = DIRECTION( '', ( 1.00000000000000, 0.000000000000000, -0.000000000000000 ) );
#4098 = SURFACE_STYLE_FILL_AREA( #7434 );
#4099 = ORIENTED_EDGE( '', *, *, #7435, .T. );
#4100 = ORIENTED_EDGE( '', *, *, #7436, .T. );
#4101 = ORIENTED_EDGE( '', *, *, #7437, .T. );
#4102 = ORIENTED_EDGE( '', *, *, #7438, .T. );
#4103 = ORIENTED_EDGE( '', *, *, #7439, .T. );
#4104 = CARTESIAN_POINT( '', ( 0.0810500000000000, 0.505000000000000, 0.125000000000000 ) );
#4105 = DIRECTION( '', ( 0.957826285221152, 0.287347885566345, -0.000000000000000 ) );
#4106 = DIRECTION( '', ( -0.287347885566345, 0.957826285221152, 0.000000000000000 ) );
#4107 = SURFACE_STYLE_FILL_AREA( #7440 );
#4108 = ORIENTED_EDGE( '', *, *, #7441, .F. );
#4109 = ORIENTED_EDGE( '', *, *, #7442, .F. );
#4110 = ORIENTED_EDGE( '', *, *, #7374, .T. );
#4111 = ORIENTED_EDGE( '', *, *, #7443, .T. );
#4112 = CARTESIAN_POINT( '', ( -0.187500000000000, 0.255000000000000, 0.0982500000000000 ) );
#4113 = DIRECTION( '', ( 0.000000000000000, 0.000000000000000, -1.00000000000000 ) );
#4114 = DIRECTION( '', ( -1.00000000000000, 0.000000000000000, 0.000000000000000 ) );
#4115 = SURFACE_STYLE_FILL_AREA( #7444 );
#4116 = ORIENTED_EDGE( '', *, *, #7445, .F. );
#4117 = ORIENTED_EDGE( '', *, *, #7446, .T. );
#4118 = ORIENTED_EDGE( '', *, *, #7447, .T. );
#4119 = ORIENTED_EDGE( '', *, *, #7448, .F. );
#4120 = CARTESIAN_POINT( '', ( -0.0655000000000000, 0.455000000000000, 0.0345000000000000 ) );
#4121 = DIRECTION( '', ( -1.00000000000000, 0.000000000000000, 0.000000000000000 ) );
#4122 = DIRECTION( '', ( 0.000000000000000, 0.000000000000000, 1.00000000000000 ) );
#4123 = SURFACE_STYLE_FILL_AREA( #7449 );
#4124 = ORIENTED_EDGE( '', *, *, #7450, .T. );
#4125 = ORIENTED_EDGE( '', *, *, #7289, .T. );
#4126 = ORIENTED_EDGE( '', *, *, #7451, .F. );
#4127 = ORIENTED_EDGE( '', *, *, #7452, .F. );
#4128 = CARTESIAN_POINT( '', ( -0.128500000000000, 0.100000000000000, 0.125000000000000 ) );
#4129 = DIRECTION( '', ( 1.00000000000000, 0.000000000000000, 0.000000000000000 ) );
#4130 = DIRECTION( '', ( 0.000000000000000, 0.000000000000000, -1.00000000000000 ) );
#4131 = SURFACE_STYLE_FILL_AREA( #7453 );
#4132 = ORIENTED_EDGE( '', *, *, #7062, .T. );
#4133 = ORIENTED_EDGE( '', *, *, #7454, .F. );
#4134 = ORIENTED_EDGE( '', *, *, #7455, .T. );
#4135 = ORIENTED_EDGE( '', *, *, #7246, .T. );
#4136 = CARTESIAN_POINT( '', ( -0.175000000000000, 0.0500000000000000, 0.125000000000000 ) );
#4137 = DIRECTION( '', ( 1.00000000000000, -0.000000000000000, 0.000000000000000 ) );
#4138 = DIRECTION( '', ( 0.000000000000000, 0.000000000000000, -1.00000000000000 ) );
#4139 = SURFACE_STYLE_FILL_AREA( #7456 );
#4140 = ORIENTED_EDGE( '', *, *, #7457, .F. );
#4141 = ORIENTED_EDGE( '', *, *, #7458, .F. );
#4142 = ORIENTED_EDGE( '', *, *, #7459, .T. );
#4143 = ORIENTED_EDGE( '', *, *, #7460, .T. );
#4144 = CARTESIAN_POINT( '', ( 0.187500000000000, 0.255000000000000, -0.0187500000000000 ) );
#4145 = DIRECTION( '', ( -1.00000000000000, 0.000000000000000, 0.000000000000000 ) );
#4146 = DIRECTION( '', ( 0.000000000000000, 0.000000000000000, 1.00000000000000 ) );
#4147 = SURFACE_STYLE_FILL_AREA( #7461 );
#4148 = ORIENTED_EDGE( '', *, *, #7462, .T. );
#4149 = ORIENTED_EDGE( '', *, *, #7463, .T. );
#4150 = ORIENTED_EDGE( '', *, *, #7464, .T. );
#4151 = ORIENTED_EDGE( '', *, *, #7465, .T. );
#4152 = CARTESIAN_POINT( '', ( 0.200000000000000, 0.362000000000000, -0.192000000000000 ) );
#4153 = DIRECTION( '', ( 0.000000000000000, 1.00000000000000, 0.000000000000000 ) );
#4154 = DIRECTION( '', ( 0.000000000000000, -0.000000000000000, 1.00000000000000 ) );
#4155 = SURFACE_STYLE_FILL_AREA( #7466 );
#4156 = ORIENTED_EDGE( '', *, *, #7467, .F. );
#4157 = ORIENTED_EDGE( '', *, *, #7459, .F. );
#4158 = ORIENTED_EDGE( '', *, *, #7468, .F. );
#4159 = ORIENTED_EDGE( '', *, *, #7469, .F. );
#4160 = ORIENTED_EDGE( '', *, *, #7470, .F. );
#4161 = ORIENTED_EDGE( '', *, *, #7471, .F. );
#4162 = ORIENTED_EDGE( '', *, *, #7472, .F. );
#4163 = ORIENTED_EDGE( '', *, *, #7473, .F. );
#4164 = CARTESIAN_POINT( '', ( 0.300000000000000, 0.255000000000000, -0.117000000000000 ) );
#4165 = DIRECTION( '', ( 0.000000000000000, 1.00000000000000, -0.000000000000000 ) );
#4166 = DIRECTION( '', ( 0.000000000000000, 0.000000000000000, 1.00000000000000 ) );
#4167 = SURFACE_STYLE_FILL_AREA( #7474 );
#4168 = ORIENTED_EDGE( '', *, *, #7475, .F. );
#4169 = ORIENTED_EDGE( '', *, *, #7397, .T. );
#4170 = ORIENTED_EDGE( '', *, *, #7476, .F. );
#4171 = ORIENTED_EDGE( '', *, *, #7477, .T. );
#4172 = ORIENTED_EDGE( '', *, *, #7478, .F. );
#4173 = ORIENTED_EDGE( '', *, *, #7479, .F. );
#4174 = ORIENTED_EDGE( '', *, *, #7480, .F. );
#4175 = ORIENTED_EDGE( '', *, *, #7108, .T. );
#4176 = ORIENTED_EDGE( '', *, *, #7481, .F. );
#4177 = ORIENTED_EDGE( '', *, *, #7482, .F. );
#4178 = CARTESIAN_POINT( '', ( 0.200000000000000, 0.285000000000000, -0.110000000000000 ) );
#4179 = DIRECTION( '', ( 0.000000000000000, -0.0143167143562177, 0.999897510592982 ) );
#4180 = DIRECTION( '', ( 0.000000000000000, -0.999897510592982, -0.0143167143562177 ) );
#4181 = SURFACE_STYLE_FILL_AREA( #7483 );
#4182 = ORIENTED_EDGE( '', *, *, #7484, .F. );
#4183 = ORIENTED_EDGE( '', *, *, #7485, .F. );
#4184 = ORIENTED_EDGE( '', *, *, #7486, .T. );
#4185 = ORIENTED_EDGE( '', *, *, #7324, .T. );
#4186 = CARTESIAN_POINT( '', ( 0.192500000000000, 0.100000000000000, 0.0137500000000000 ) );
#4187 = DIRECTION( '', ( 0.000000000000000, -0.000000000000000, 1.00000000000000 ) );
#4188 = DIRECTION( '', ( 1.00000000000000, 0.000000000000000, -0.000000000000000 ) );
#4189 = SURFACE_STYLE_FILL_AREA( #7487 );
#4190 = ORIENTED_EDGE( '', *, *, #7137, .F. );
#4191 = ORIENTED_EDGE( '', *, *, #7488, .T. );
#4192 = ORIENTED_EDGE( '', *, *, #7489, .T. );
#4193 = ORIENTED_EDGE( '', *, *, #7490, .T. );
#4194 = CARTESIAN_POINT( '', ( 0.110000000000000, 0.285000000000000, 0.125000000000000 ) );
#4195 = DIRECTION( '', ( -0.999891236496823, 0.0147483957383281, 0.000000000000000 ) );
#4196 = DIRECTION( '', ( -0.0147483957383281, -0.999891236496823, 0.000000000000000 ) );
#4197 = SURFACE_STYLE_FILL_AREA( #7491 );
#4198 = ORIENTED_EDGE( '', *, *, #7492, .F. );
#4199 = ORIENTED_EDGE( '', *, *, #7493, .F. );
#4200 = ORIENTED_EDGE( '', *, *, #7372, .T. );
#4201 = ORIENTED_EDGE( '', *, *, #7494, .T. );
#4202 = CARTESIAN_POINT( '', ( -0.112500000000000, 0.255000000000000, 0.0187500000000000 ) );
#4203 = DIRECTION( '', ( 0.000000000000000, -0.000000000000000, 1.00000000000000 ) );
#4204 = DIRECTION( '', ( 1.00000000000000, 0.000000000000000, -0.000000000000000 ) );
#4205 = SURFACE_STYLE_FILL_AREA( #7495 );
#4206 = ORIENTED_EDGE( '', *, *, #7496, .F. );
#4207 = ORIENTED_EDGE( '', *, *, #7497, .F. );
#4208 = ORIENTED_EDGE( '', *, *, #7368, .T. );
#4209 = ORIENTED_EDGE( '', *, *, #7498, .T. );
#4210 = CARTESIAN_POINT( '', ( 0.0925000000000000, 0.100000000000000, 0.103250000000000 ) );
#4211 = DIRECTION( '', ( -1.00000000000000, 0.000000000000000, 0.000000000000000 ) );
#4212 = DIRECTION( '', ( 0.000000000000000, 0.000000000000000, 1.00000000000000 ) );
#4213 = SURFACE_STYLE_FILL_AREA( #7499 );
#4214 = ORIENTED_EDGE( '', *, *, #7500, .T. );
#4215 = ORIENTED_EDGE( '', *, *, #7501, .T. );
#4216 = ORIENTED_EDGE( '', *, *, #7502, .T. );
#4217 = ORIENTED_EDGE( '', *, *, #7118, .F. );
#4218 = CARTESIAN_POINT( '', ( -0.0900000000000000, 0.285000000000000, 0.125000000000000 ) );
#4219 = DIRECTION( '', ( -0.999891236496823, 0.0147483957383282, 0.000000000000000 ) );
#4220 = DIRECTION( '', ( -0.0147483957383282, -0.999891236496823, 0.000000000000000 ) );
#4221 = SURFACE_STYLE_FILL_AREA( #7503 );
#4222 = ORIENTED_EDGE( '', *, *, #7504, .F. );
#4223 = ORIENTED_EDGE( '', *, *, #7505, .T. );
#4224 = ORIENTED_EDGE( '', *, *, #7506, .T. );
#4225 = ORIENTED_EDGE( '', *, *, #7059, .F. );
#4226 = CARTESIAN_POINT( '', ( 0.229000000000000, 0.0500000000000000, -0.125000000000000 ) );
#4227 = DIRECTION( '', ( 0.000000000000000, 0.000000000000000, 1.00000000000000 ) );
#4228 = DIRECTION( '', ( 1.00000000000000, 0.000000000000000, -0.000000000000000 ) );
#4229 = SURFACE_STYLE_FILL_AREA( #7507 );
#4230 = ORIENTED_EDGE( '', *, *, #7329, .F. );
#4231 = ORIENTED_EDGE( '', *, *, #7508, .F. );
#4232 = ORIENTED_EDGE( '', *, *, #7509, .F. );
#4233 = ORIENTED_EDGE( '', *, *, #7510, .F. );
#4234 = ORIENTED_EDGE( '', *, *, #7511, .T. );
#4235 = ORIENTED_EDGE( '', *, *, #7512, .F. );
#4236 = ORIENTED_EDGE( '', *, *, #7513, .F. );
#4237 = ORIENTED_EDGE( '', *, *, #7514, .F. );
#4238 = ORIENTED_EDGE( '', *, *, #7515, .F. );
#4239 = CARTESIAN_POINT( '', ( -0.0790000000000000, 0.280000000000000, 0.150000000000000 ) );
#4240 = DIRECTION( '', ( 1.00000000000000, 0.000000000000000, 0.000000000000000 ) );
#4241 = DIRECTION( '', ( 0.000000000000000, 0.000000000000000, -1.00000000000000 ) );
#4242 = SURFACE_STYLE_FILL_AREA( #7516 );
#4243 = ORIENTED_EDGE( '', *, *, #7396, .T. );
#4244 = ORIENTED_EDGE( '', *, *, #7517, .T. );
#4245 = ORIENTED_EDGE( '', *, *, #7518, .T. );
#4246 = ORIENTED_EDGE( '', *, *, #7476, .T. );
#4247 = CARTESIAN_POINT( '', ( 0.000000000000000, 0.362000000000000, -0.192000000000000 ) );
#4248 = DIRECTION( '', ( 0.000000000000000, 1.00000000000000, 0.000000000000000 ) );
#4249 = DIRECTION( '', ( 0.000000000000000, -0.000000000000000, 1.00000000000000 ) );
#4250 = SURFACE_STYLE_FILL_AREA( #7519 );
#4251 = ORIENTED_EDGE( '', *, *, #7207, .T. );
#4252 = ORIENTED_EDGE( '', *, *, #7520, .T. );
#4253 = ORIENTED_EDGE( '', *, *, #7521, .T. );
#4254 = ORIENTED_EDGE( '', *, *, #7479, .T. );
#4255 = ORIENTED_EDGE( '', *, *, #7522, .T. );
#4256 = CARTESIAN_POINT( '', ( -0.118950000000000, 0.505000000000000, 0.125000000000000 ) );
#4257 = DIRECTION( '', ( 0.957826285221152, 0.287347885566345, -0.000000000000000 ) );
#4258 = DIRECTION( '', ( -0.287347885566345, 0.957826285221152, 0.000000000000000 ) );
#4259 = SURFACE_STYLE_FILL_AREA( #7523 );
#4260 = ORIENTED_EDGE( '', *, *, #7524, .T. );
#4261 = ORIENTED_EDGE( '', *, *, #7525, .T. );
#4262 = ORIENTED_EDGE( '', *, *, #7526, .F. );
#4263 = ORIENTED_EDGE( '', *, *, #7527, .F. );
#4264 = ORIENTED_EDGE( '', *, *, #7528, .T. );
#4265 = ORIENTED_EDGE( '', *, *, #7529, .T. );
#4266 = ORIENTED_EDGE( '', *, *, #7530, .T. );
#4267 = ORIENTED_EDGE( '', *, *, #7531, .T. );
#4268 = ORIENTED_EDGE( '', *, *, #7532, .T. );
#4269 = ORIENTED_EDGE( '', *, *, #7533, .T. );
#4270 = ORIENTED_EDGE( '', *, *, #7534, .T. );
#4271 = ORIENTED_EDGE( '', *, *, #7210, .T. );
#4272 = CARTESIAN_POINT( '', ( 0.179500000000000, 0.480000000000000, 0.0217500000000000 ) );
#4273 = DIRECTION( '', ( 0.000000000000000, -1.00000000000000, 0.000000000000000 ) );
#4274 = DIRECTION( '', ( 0.000000000000000, 0.000000000000000, -1.00000000000000 ) );
#4275 = SURFACE_STYLE_FILL_AREA( #7535 );
#4276 = ORIENTED_EDGE( '', *, *, #7536, .F. );
#4277 = ORIENTED_EDGE( '', *, *, #7537, .F. );
#4278 = ORIENTED_EDGE( '', *, *, #7538, .T. );
#4279 = ORIENTED_EDGE( '', *, *, #7539, .T. );
#4280 = CARTESIAN_POINT( '', ( 0.112500000000000, 0.255000000000000, 0.0187500000000000 ) );
#4281 = DIRECTION( '', ( 1.00000000000000, 0.000000000000000, 0.000000000000000 ) );
#4282 = DIRECTION( '', ( 0.000000000000000, 0.000000000000000, -1.00000000000000 ) );
#4283 = SURFACE_STYLE_FILL_AREA( #7540 );
#4284 = ORIENTED_EDGE( '', *, *, #7295, .F. );
#4285 = ORIENTED_EDGE( '', *, *, #7330, .T. );
#4286 = ORIENTED_EDGE( '', *, *, #7515, .T. );
#4287 = ORIENTED_EDGE( '', *, *, #7541, .F. );
#4288 = ORIENTED_EDGE( '', *, *, #7542, .T. );
#4289 = CARTESIAN_POINT( '', ( 0.0790000000000000, 0.485000000000000, 0.245000000000000 ) );
#4290 = DIRECTION( '', ( 0.000000000000000, 0.000000000000000, -1.00000000000000 ) );
#4291 = DIRECTION( '', ( -1.00000000000000, 0.000000000000000, 0.000000000000000 ) );
#4292 = SURFACE_STYLE_FILL_AREA( #7543 );
#4293 = ORIENTED_EDGE( '', *, *, #7217, .F. );
#4294 = ORIENTED_EDGE( '', *, *, #7544, .F. );
#4295 = ORIENTED_EDGE( '', *, *, #7301, .F. );
#4296 = ORIENTED_EDGE( '', *, *, #7545, .F. );
#4297 = ORIENTED_EDGE( '', *, *, #7546, .F. );
#4298 = ORIENTED_EDGE( '', *, *, #7547, .F. );
#4299 = ORIENTED_EDGE( '', *, *, #7050, .F. );
#4300 = ORIENTED_EDGE( '', *, *, #7548, .F. );
#4301 = ORIENTED_EDGE( '', *, *, #7549, .F. );
#4302 = ORIENTED_EDGE( '', *, *, #7550, .T. );
#4303 = ORIENTED_EDGE( '', *, *, #7551, .T. );
#4304 = ORIENTED_EDGE( '', *, *, #7552, .F. );
#4305 = ORIENTED_EDGE( '', *, *, #7553, .F. );
#4306 = ORIENTED_EDGE( '', *, *, #7438, .F. );
#4307 = ORIENTED_EDGE( '', *, *, #7554, .F. );
#4308 = ORIENTED_EDGE( '', *, *, #7403, .F. );
#4309 = ORIENTED_EDGE( '', *, *, #7354, .F. );
#4310 = ORIENTED_EDGE( '', *, *, #7555, .F. );
#4311 = ORIENTED_EDGE( '', *, *, #7556, .T. );
#4312 = ORIENTED_EDGE( '', *, *, #7557, .F. );
#4313 = ORIENTED_EDGE( '', *, *, #7313, .F. );
#4314 = ORIENTED_EDGE( '', *, *, #7558, .T. );
#4315 = ORIENTED_EDGE( '', *, *, #7559, .T. );
#4316 = ORIENTED_EDGE( '', *, *, #7560, .F. );
#4317 = ORIENTED_EDGE( '', *, *, #7561, .T. );
#4318 = ORIENTED_EDGE( '', *, *, #7562, .F. );
#4319 = ORIENTED_EDGE( '', *, *, #7563, .T. );
#4320 = ORIENTED_EDGE( '', *, *, #7564, .F. );
#4321 = CARTESIAN_POINT( '', ( 0.200000000000000, 0.505000000000000, -0.106850000000000 ) );
#4322 = DIRECTION( '', ( 0.000000000000000, -1.00000000000000, 0.000000000000000 ) );
#4323 = DIRECTION( '', ( 0.000000000000000, 0.000000000000000, -1.00000000000000 ) );
#4324 = SURFACE_STYLE_FILL_AREA( #7565 );
#4325 = ORIENTED_EDGE( '', *, *, #7566, .F. );
#4326 = ORIENTED_EDGE( '', *, *, #7051, .T. );
#4327 = ORIENTED_EDGE( '', *, *, #7547, .T. );
#4328 = ORIENTED_EDGE( '', *, *, #7567, .F. );
#4329 = CARTESIAN_POINT( '', ( 0.165500000000000, 0.455000000000000, -0.0655000000000000 ) );
#4330 = DIRECTION( '', ( 0.000000000000000, 0.000000000000000, -1.00000000000000 ) );
#4331 = DIRECTION( '', ( -1.00000000000000, 0.000000000000000, 0.000000000000000 ) );
#4332 = SURFACE_STYLE_FILL_AREA( #7568 );
#4333 = ORIENTED_EDGE( '', *, *, #7569, .T. );
#4334 = ORIENTED_EDGE( '', *, *, #7570, .F. );
#4335 = ORIENTED_EDGE( '', *, *, #7571, .F. );
#4336 = ORIENTED_EDGE( '', *, *, #7572, .T. );
#4337 = CARTESIAN_POINT( '', ( 0.229000000000000, 0.000000000000000, -0.176500000000000 ) );
#4338 = DIRECTION( '', ( 0.000000000000000, 0.000000000000000, 1.00000000000000 ) );
#4339 = DIRECTION( '', ( 1.00000000000000, 0.000000000000000, -0.000000000000000 ) );
#4340 = SURFACE_STYLE_FILL_AREA( #7573 );
#4341 = ORIENTED_EDGE( '', *, *, #7574, .T. );
#4342 = ORIENTED_EDGE( '', *, *, #7575, .F. );
#4343 = ORIENTED_EDGE( '', *, *, #7576, .T. );
#4344 = ORIENTED_EDGE( '', *, *, #7529, .F. );
#4345 = ORIENTED_EDGE( '', *, *, #7577, .T. );
#4346 = ORIENTED_EDGE( '', *, *, #7578, .F. );
#4347 = ORIENTED_EDGE( '', *, *, #7579, .F. );
#4348 = ORIENTED_EDGE( '', *, *, #7525, .F. );
#4349 = CARTESIAN_POINT( '', ( 0.179500000000000, 0.480000000000000, 0.0907500000000000 ) );
#4350 = DIRECTION( '', ( 0.000000000000000, -0.0345946647267853, -0.999401425440469 ) );
#4351 = DIRECTION( '', ( 0.000000000000000, 0.999401425440469, -0.0345946647267853 ) );
#4352 = SURFACE_STYLE_FILL_AREA( #7580 );
#4353 = ORIENTED_EDGE( '', *, *, #7581, .T. );
#4354 = ORIENTED_EDGE( '', *, *, #7411, .T. );
#4355 = ORIENTED_EDGE( '', *, *, #6998, .F. );
#4356 = ORIENTED_EDGE( '', *, *, #7582, .F. );
#4357 = ORIENTED_EDGE( '', *, *, #7583, .T. );
#4358 = ORIENTED_EDGE( '', *, *, #7408, .T. );
#4359 = ORIENTED_EDGE( '', *, *, #7584, .T. );
#4360 = ORIENTED_EDGE( '', *, *, #7043, .T. );
#4361 = ORIENTED_EDGE( '', *, *, #7220, .T. );
#4362 = ORIENTED_EDGE( '', *, *, #7585, .T. );
#4363 = ORIENTED_EDGE( '', *, *, #7586, .T. );
#4364 = ORIENTED_EDGE( '', *, *, #7587, .T. );
#4365 = CARTESIAN_POINT( '', ( -0.120500000000000, 0.480000000000000, 0.0217500000000000 ) );
#4366 = DIRECTION( '', ( 0.000000000000000, -1.00000000000000, 0.000000000000000 ) );
#4367 = DIRECTION( '', ( 0.000000000000000, 0.000000000000000, -1.00000000000000 ) );
#4368 = SURFACE_STYLE_FILL_AREA( #7588 );
#4369 = ORIENTED_EDGE( '', *, *, #7081, .T. );
#4370 = ORIENTED_EDGE( '', *, *, #7347, .F. );
#4371 = ORIENTED_EDGE( '', *, *, #7589, .T. );
#4372 = ORIENTED_EDGE( '', *, *, #7590, .T. );
#4373 = CARTESIAN_POINT( '', ( 0.125000000000000, 0.0500000000000000, -0.117000000000000 ) );
#4374 = DIRECTION( '', ( 1.00000000000000, -0.000000000000000, 0.000000000000000 ) );
#4375 = DIRECTION( '', ( 0.000000000000000, 0.000000000000000, -1.00000000000000 ) );
#4376 = SURFACE_STYLE_FILL_AREA( #7591 );
#4377 = ORIENTED_EDGE( '', *, *, #7166, .T. );
#4378 = ORIENTED_EDGE( '', *, *, #7090, .F. );
#4379 = ORIENTED_EDGE( '', *, *, #7592, .F. );
#4380 = ORIENTED_EDGE( '', *, *, #7593, .T. );
#4381 = CARTESIAN_POINT( '', ( 0.229000000000000, 0.0500000000000000, -0.125000000000000 ) );
#4382 = DIRECTION( '', ( 0.000000000000000, 0.000000000000000, 1.00000000000000 ) );
#4383 = DIRECTION( '', ( 1.00000000000000, 0.000000000000000, -0.000000000000000 ) );
#4384 = SURFACE_STYLE_FILL_AREA( #7594 );
#4385 = ORIENTED_EDGE( '', *, *, #7595, .F. );
#4386 = ORIENTED_EDGE( '', *, *, #7596, .T. );
#4387 = ORIENTED_EDGE( '', *, *, #7564, .T. );
#4388 = ORIENTED_EDGE( '', *, *, #7597, .F. );
#4389 = ORIENTED_EDGE( '', *, *, #7464, .F. );
#4390 = ORIENTED_EDGE( '', *, *, #7598, .F. );
#4391 = CARTESIAN_POINT( '', ( 0.0700000000000000, 0.362000000000000, -0.0805000000000000 ) );
#4392 = DIRECTION( '', ( 1.00000000000000, -0.000000000000000, 0.000000000000000 ) );
#4393 = DIRECTION( '', ( 0.000000000000000, 0.000000000000000, -1.00000000000000 ) );
#4394 = SURFACE_STYLE_FILL_AREA( #7599 );
#4395 = ORIENTED_EDGE( '', *, *, #7600, .F. );
#4396 = ORIENTED_EDGE( '', *, *, #7601, .T. );
#4397 = ORIENTED_EDGE( '', *, *, #7339, .F. );
#4398 = ORIENTED_EDGE( '', *, *, #7602, .T. );
#4399 = CARTESIAN_POINT( '', ( 0.100000000000000, 0.385000000000000, 0.000000000000000 ) );
#4400 = DIRECTION( '', ( 0.000000000000000, 1.00000000000000, -0.000000000000000 ) );
#4401 = DIRECTION( '', ( 0.000000000000000, 0.000000000000000, 1.00000000000000 ) );
#4402 = SURFACE_STYLE_FILL_AREA( #7603 );
#4403 = ORIENTED_EDGE( '', *, *, #7604, .T. );
#4404 = ORIENTED_EDGE( '', *, *, #7605, .F. );
#4405 = ORIENTED_EDGE( '', *, *, #7606, .T. );
#4406 = ORIENTED_EDGE( '', *, *, #7607, .T. );
#4407 = ORIENTED_EDGE( '', *, *, #7608, .T. );
#4408 = CARTESIAN_POINT( '', ( 0.0205000000000000, 0.350000000000000, 0.0217500000000000 ) );
#4409 = DIRECTION( '', ( 1.00000000000000, 0.000000000000000, 0.000000000000000 ) );
#4410 = DIRECTION( '', ( 0.000000000000000, 0.000000000000000, -1.00000000000000 ) );
#4411 = SURFACE_STYLE_FILL_AREA( #7609 );
#4412 = ORIENTED_EDGE( '', *, *, #7610, .T. );
#4413 = ORIENTED_EDGE( '', *, *, #7505, .F. );
#4414 = ORIENTED_EDGE( '', *, *, #7611, .F. );
#4415 = ORIENTED_EDGE( '', *, *, #7612, .F. );
#4416 = ORIENTED_EDGE( '', *, *, #7167, .F. );
#4417 = ORIENTED_EDGE( '', *, *, #7593, .F. );
#4418 = ORIENTED_EDGE( '', *, *, #7613, .F. );
#4419 = ORIENTED_EDGE( '', *, *, #7614, .F. );
#4420 = ORIENTED_EDGE( '', *, *, #7615, .F. );
#4421 = ORIENTED_EDGE( '', *, *, #7616, .F. );
#4422 = ORIENTED_EDGE( '', *, *, #7617, .F. );
#4423 = ORIENTED_EDGE( '', *, *, #7226, .F. );
#4424 = ORIENTED_EDGE( '', *, *, #7618, .F. );
#4425 = ORIENTED_EDGE( '', *, *, #7619, .F. );
#4426 = ORIENTED_EDGE( '', *, *, #7589, .F. );
#4427 = ORIENTED_EDGE( '', *, *, #7346, .F. );
#4428 = ORIENTED_EDGE( '', *, *, #7620, .F. );
#4429 = ORIENTED_EDGE( '', *, *, #7621, .F. );
#4430 = ORIENTED_EDGE( '', *, *, #7622, .F. );
#4431 = ORIENTED_EDGE( '', *, *, #7570, .T. );
#4432 = CARTESIAN_POINT( '', ( 0.229000000000000, 0.0500000000000000, -0.176500000000000 ) );
#4433 = DIRECTION( '', ( 0.000000000000000, -1.00000000000000, 0.000000000000000 ) );
#4434 = DIRECTION( '', ( 0.000000000000000, 0.000000000000000, -1.00000000000000 ) );
#4435 = SURFACE_STYLE_FILL_AREA( #7623 );
#4436 = ORIENTED_EDGE( '', *, *, #7624, .F. );
#4437 = ORIENTED_EDGE( '', *, *, #7625, .F. );
#4438 = ORIENTED_EDGE( '', *, *, #7626, .T. );
#4439 = ORIENTED_EDGE( '', *, *, #7275, .T. );
#4440 = CARTESIAN_POINT( '', ( -0.107500000000000, 0.100000000000000, 0.0137500000000000 ) );
#4441 = DIRECTION( '', ( 0.000000000000000, -0.000000000000000, 1.00000000000000 ) );
#4442 = DIRECTION( '', ( 1.00000000000000, 0.000000000000000, -0.000000000000000 ) );
#4443 = SURFACE_STYLE_FILL_AREA( #7627 );
#4444 = ORIENTED_EDGE( '', *, *, #7628, .T. );
#4445 = ORIENTED_EDGE( '', *, *, #7629, .T. );
#4446 = ORIENTED_EDGE( '', *, *, #7630, .T. );
#4447 = ORIENTED_EDGE( '', *, *, #7631, .F. );
#4448 = CARTESIAN_POINT( '', ( 0.0129500000000000, 0.485000000000000, 0.125000000000000 ) );
#4449 = DIRECTION( '', ( -0.957826285221152, 0.287347885566345, 0.000000000000000 ) );
#4450 = DIRECTION( '', ( -0.287347885566345, -0.957826285221152, 0.000000000000000 ) );
#4451 = SURFACE_STYLE_FILL_AREA( #7632 );
#4452 = ORIENTED_EDGE( '', *, *, #7633, .T. );
#4453 = ORIENTED_EDGE( '', *, *, #7204, .F. );
#4454 = ORIENTED_EDGE( '', *, *, #7634, .T. );
#4455 = ORIENTED_EDGE( '', *, *, #7635, .T. );
#4456 = ORIENTED_EDGE( '', *, *, #7636, .T. );
#4457 = CARTESIAN_POINT( '', ( -0.179500000000000, 0.350000000000000, -0.0952500000000000 ) );
#4458 = DIRECTION( '', ( 1.00000000000000, 0.000000000000000, 0.000000000000000 ) );
#4459 = DIRECTION( '', ( 0.000000000000000, 0.000000000000000, -1.00000000000000 ) );
#4460 = SURFACE_STYLE_FILL_AREA( #7637 );
#4461 = ORIENTED_EDGE( '', *, *, #7638, .F. );
#4462 = ORIENTED_EDGE( '', *, *, #7639, .F. );
#4463 = ORIENTED_EDGE( '', *, *, #7231, .T. );
#4464 = ORIENTED_EDGE( '', *, *, #7182, .T. );
#4465 = CARTESIAN_POINT( '', ( 0.0125000000000000, 0.255000000000000, -0.0982500000000000 ) );
#4466 = DIRECTION( '', ( 1.00000000000000, 0.000000000000000, 0.000000000000000 ) );
#4467 = DIRECTION( '', ( 0.000000000000000, 0.000000000000000, -1.00000000000000 ) );
#4468 = SURFACE_STYLE_FILL_AREA( #7640 );
#4469 = ORIENTED_EDGE( '', *, *, #7641, .F. );
#4470 = ORIENTED_EDGE( '', *, *, #7314, .T. );
#4471 = ORIENTED_EDGE( '', *, *, #7557, .T. );
#4472 = ORIENTED_EDGE( '', *, *, #7642, .F. );
#4473 = ORIENTED_EDGE( '', *, *, #7643, .F. );
#4474 = ORIENTED_EDGE( '', *, *, #7644, .F. );
#4475 = CARTESIAN_POINT( '', ( 0.170000000000000, 0.362000000000000, -0.0805000000000000 ) );
#4476 = DIRECTION( '', ( 1.00000000000000, -0.000000000000000, 0.000000000000000 ) );
#4477 = DIRECTION( '', ( 0.000000000000000, 0.000000000000000, -1.00000000000000 ) );
#4478 = SURFACE_STYLE_FILL_AREA( #7645 );
#4479 = ORIENTED_EDGE( '', *, *, #7235, .T. );
#4480 = ORIENTED_EDGE( '', *, *, #7646, .F. );
#4481 = ORIENTED_EDGE( '', *, *, #7647, .F. );
#4482 = ORIENTED_EDGE( '', *, *, #7648, .F. );
#4483 = ORIENTED_EDGE( '', *, *, #7385, .T. );
#4484 = CARTESIAN_POINT( '', ( 0.0795000000000000, 0.350000000000000, -0.0217500000000000 ) );
#4485 = DIRECTION( '', ( -1.00000000000000, 0.000000000000000, 0.000000000000000 ) );
#4486 = DIRECTION( '', ( 0.000000000000000, 0.000000000000000, 1.00000000000000 ) );
#4487 = SURFACE_STYLE_FILL_AREA( #7649 );
#4488 = ORIENTED_EDGE( '', *, *, #7650, .T. );
#4489 = ORIENTED_EDGE( '', *, *, #7651, .T. );
#4490 = ORIENTED_EDGE( '', *, *, #7652, .T. );
#4491 = ORIENTED_EDGE( '', *, *, #7034, .T. );
#4492 = CARTESIAN_POINT( '', ( -0.104000000000000, 0.280000000000000, 0.150000000000000 ) );
#4493 = DIRECTION( '', ( 0.000000000000000, 1.00000000000000, 0.000000000000000 ) );
#4494 = DIRECTION( '', ( 0.000000000000000, -0.000000000000000, 1.00000000000000 ) );
#4495 = SURFACE_STYLE_FILL_AREA( #7653 );
#4496 = ORIENTED_EDGE( '', *, *, #7654, .F. );
#4497 = ORIENTED_EDGE( '', *, *, #7655, .F. );
#4498 = ORIENTED_EDGE( '', *, *, #7462, .F. );
#4499 = ORIENTED_EDGE( '', *, *, #7656, .F. );
#4500 = ORIENTED_EDGE( '', *, *, #7550, .F. );
#4501 = ORIENTED_EDGE( '', *, *, #7657, .F. );
#4502 = CARTESIAN_POINT( '', ( 0.0300000000000000, 0.362000000000000, -0.111500000000000 ) );
#4503 = DIRECTION( '', ( -1.00000000000000, 0.000000000000000, 0.000000000000000 ) );
#4504 = DIRECTION( '', ( 0.000000000000000, 0.000000000000000, 1.00000000000000 ) );
#4505 = SURFACE_STYLE_FILL_AREA( #7658 );
#4506 = ORIENTED_EDGE( '', *, *, #7659, .F. );
#4507 = ORIENTED_EDGE( '', *, *, #7660, .F. );
#4508 = ORIENTED_EDGE( '', *, *, #7661, .T. );
#4509 = ORIENTED_EDGE( '', *, *, #7662, .T. );
#4510 = CARTESIAN_POINT( '', ( 0.187500000000000, 0.255000000000000, 0.0982500000000000 ) );
#4511 = DIRECTION( '', ( -1.00000000000000, 0.000000000000000, 0.000000000000000 ) );
#4512 = DIRECTION( '', ( 0.000000000000000, 0.000000000000000, 1.00000000000000 ) );
#4513 = SURFACE_STYLE_FILL_AREA( #7663 );
#4514 = ORIENTED_EDGE( '', *, *, #7664, .F. );
#4515 = ORIENTED_EDGE( '', *, *, #7665, .F. );
#4516 = ORIENTED_EDGE( '', *, *, #7666, .T. );
#4517 = ORIENTED_EDGE( '', *, *, #7667, .T. );
#4518 = CARTESIAN_POINT( '', ( 0.00749999999999999, 0.100000000000000, -0.0137500000000000 ) );
#4519 = DIRECTION( '', ( 0.000000000000000, 0.000000000000000, -1.00000000000000 ) );
#4520 = DIRECTION( '', ( -1.00000000000000, 0.000000000000000, 0.000000000000000 ) );
#4521 = SURFACE_STYLE_FILL_AREA( #7668 );
#4522 = ORIENTED_EDGE( '', *, *, #7669, .T. );
#4523 = ORIENTED_EDGE( '', *, *, #7670, .T. );
#4524 = ORIENTED_EDGE( '', *, *, #7512, .T. );
#4525 = ORIENTED_EDGE( '', *, *, #7671, .F. );
#4526 = CARTESIAN_POINT( '', ( 0.112500000000000, 0.205000000000000, 0.150000000000000 ) );
#4527 = DIRECTION( '', ( 0.000000000000000, -1.00000000000000, 0.000000000000000 ) );
#4528 = DIRECTION( '', ( 0.000000000000000, 0.000000000000000, -1.00000000000000 ) );
#4529 = SURFACE_STYLE_FILL_AREA( #7672 );
#4530 = ORIENTED_EDGE( '', *, *, #7673, .T. );
#4531 = ORIENTED_EDGE( '', *, *, #7552, .T. );
#4532 = ORIENTED_EDGE( '', *, *, #7674, .T. );
#4533 = ORIENTED_EDGE( '', *, *, #7675, .F. );
#4534 = CARTESIAN_POINT( '', ( 0.0129500000000000, 0.485000000000000, 0.125000000000000 ) );
#4535 = DIRECTION( '', ( -0.957826285221152, 0.287347885566345, 0.000000000000000 ) );
#4536 = DIRECTION( '', ( -0.287347885566345, -0.957826285221152, 0.000000000000000 ) );
#4537 = SURFACE_STYLE_FILL_AREA( #7676 );
#4538 = ORIENTED_EDGE( '', *, *, #7677, .T. );
#4539 = ORIENTED_EDGE( '', *, *, #7082, .F. );
#4540 = ORIENTED_EDGE( '', *, *, #7590, .F. );
#4541 = ORIENTED_EDGE( '', *, *, #7619, .T. );
#4542 = CARTESIAN_POINT( '', ( 0.229000000000000, 0.0500000000000000, -0.125000000000000 ) );
#4543 = DIRECTION( '', ( 0.000000000000000, 0.000000000000000, 1.00000000000000 ) );
#4544 = DIRECTION( '', ( 1.00000000000000, 0.000000000000000, -0.000000000000000 ) );
#4545 = SURFACE_STYLE_FILL_AREA( #7678 );
#4546 = ORIENTED_EDGE( '', *, *, #7679, .F. );
#4547 = ORIENTED_EDGE( '', *, *, #7680, .F. );
#4548 = ORIENTED_EDGE( '', *, *, #7282, .T. );
#4549 = ORIENTED_EDGE( '', *, *, #7681, .T. );
#4550 = ORIENTED_EDGE( '', *, *, #7682, .F. );
#4551 = ORIENTED_EDGE( '', *, *, #7683, .F. );
#4552 = CARTESIAN_POINT( '', ( 0.0300000000000000, 0.362000000000000, 0.0805000000000000 ) );
#4553 = DIRECTION( '', ( -1.00000000000000, 0.000000000000000, 0.000000000000000 ) );
#4554 = DIRECTION( '', ( 0.000000000000000, 0.000000000000000, 1.00000000000000 ) );
#4555 = SURFACE_STYLE_FILL_AREA( #7684 );
#4556 = ORIENTED_EDGE( '', *, *, #7685, .F. );
#4557 = ORIENTED_EDGE( '', *, *, #7686, .F. );
#4558 = ORIENTED_EDGE( '', *, *, #7687, .T. );
#4559 = ORIENTED_EDGE( '', *, *, #7688, .T. );
#4560 = CARTESIAN_POINT( '', ( -0.0925000000000000, 0.100000000000000, -0.103250000000000 ) );
#4561 = DIRECTION( '', ( 1.00000000000000, 0.000000000000000, 0.000000000000000 ) );
#4562 = DIRECTION( '', ( 0.000000000000000, 0.000000000000000, -1.00000000000000 ) );
#4563 = SURFACE_STYLE_FILL_AREA( #7689 );
#4564 = ORIENTED_EDGE( '', *, *, #7471, .T. );
#4565 = ORIENTED_EDGE( '', *, *, #7690, .F. );
#4566 = ORIENTED_EDGE( '', *, *, #7691, .T. );
#4567 = ORIENTED_EDGE( '', *, *, #7692, .T. );
#4568 = ORIENTED_EDGE( '', *, *, #7693, .T. );
#4569 = CARTESIAN_POINT( '', ( 0.120500000000000, 0.350000000000000, -0.0952500000000000 ) );
#4570 = DIRECTION( '', ( 1.00000000000000, 0.000000000000000, 0.000000000000000 ) );
#4571 = DIRECTION( '', ( 0.000000000000000, 0.000000000000000, -1.00000000000000 ) );
#4572 = SURFACE_STYLE_FILL_AREA( #7694 );
#4573 = ORIENTED_EDGE( '', *, *, #7695, .F. );
#4574 = ORIENTED_EDGE( '', *, *, #7696, .F. );
#4575 = ORIENTED_EDGE( '', *, *, #7286, .F. );
#4576 = ORIENTED_EDGE( '', *, *, #7697, .F. );
#4577 = ORIENTED_EDGE( '', *, *, #7698, .F. );
#4578 = ORIENTED_EDGE( '', *, *, #7604, .F. );
#4579 = ORIENTED_EDGE( '', *, *, #7699, .F. );
#4580 = ORIENTED_EDGE( '', *, *, #7700, .F. );
#4581 = CARTESIAN_POINT( '', ( 0.200000000000000, 0.255000000000000, 0.000000000000000 ) );
#4582 = DIRECTION( '', ( 0.000000000000000, 1.00000000000000, -0.000000000000000 ) );
#4583 = DIRECTION( '', ( 0.000000000000000, 0.000000000000000, 1.00000000000000 ) );
#4584 = SURFACE_STYLE_FILL_AREA( #7701 );
#4585 = ORIENTED_EDGE( '', *, *, #7702, .T. );
#4586 = ORIENTED_EDGE( '', *, *, #7631, .T. );
#4587 = ORIENTED_EDGE( '', *, *, #7703, .T. );
#4588 = ORIENTED_EDGE( '', *, *, #7129, .F. );
#4589 = CARTESIAN_POINT( '', ( 0.00999999999999998, 0.285000000000000, 0.125000000000000 ) );
#4590 = DIRECTION( '', ( -0.999891236496823, 0.0147483957383282, 0.000000000000000 ) );
#4591 = DIRECTION( '', ( -0.0147483957383282, -0.999891236496823, 0.000000000000000 ) );
#4592 = SURFACE_STYLE_FILL_AREA( #7704 );
#4593 = ORIENTED_EDGE( '', *, *, #7705, .F. );
#4594 = ORIENTED_EDGE( '', *, *, #7706, .T. );
#4595 = ORIENTED_EDGE( '', *, *, #7707, .T. );
#4596 = ORIENTED_EDGE( '', *, *, #7708, .F. );
#4597 = ORIENTED_EDGE( '', *, *, #7709, .F. );
#4598 = ORIENTED_EDGE( '', *, *, #7102, .F. );
#4599 = ORIENTED_EDGE( '', *, *, #7416, .F. );
#4600 = ORIENTED_EDGE( '', *, *, #7710, .F. );
#4601 = ORIENTED_EDGE( '', *, *, #7711, .T. );
#4602 = ORIENTED_EDGE( '', *, *, #7712, .T. );
#4603 = CARTESIAN_POINT( '', ( 0.200000000000000, 0.505000000000000, 0.106850000000000 ) );
#4604 = DIRECTION( '', ( 0.000000000000000, -0.0143167143562177, -0.999897510592982 ) );
#4605 = DIRECTION( '', ( 0.000000000000000, 0.999897510592982, -0.0143167143562177 ) );
#4606 = SURFACE_STYLE_FILL_AREA( #7713 );
#4607 = ORIENTED_EDGE( '', *, *, #7714, .F. );
#4608 = ORIENTED_EDGE( '', *, *, #7271, .F. );
#4609 = ORIENTED_EDGE( '', *, *, #7359, .F. );
#4610 = ORIENTED_EDGE( '', *, *, #7715, .F. );
#4611 = ORIENTED_EDGE( '', *, *, #7201, .F. );
#4612 = ORIENTED_EDGE( '', *, *, #7633, .F. );
#4613 = ORIENTED_EDGE( '', *, *, #7716, .F. );
#4614 = ORIENTED_EDGE( '', *, *, #7717, .F. );
#4615 = CARTESIAN_POINT( '', ( 0.000000000000000, 0.255000000000000, -0.117000000000000 ) );
#4616 = DIRECTION( '', ( 0.000000000000000, 1.00000000000000, -0.000000000000000 ) );
#4617 = DIRECTION( '', ( 0.000000000000000, 0.000000000000000, 1.00000000000000 ) );
#4618 = SURFACE_STYLE_FILL_AREA( #7718 );
#4619 = ORIENTED_EDGE( '', *, *, #7551, .F. );
#4620 = ORIENTED_EDGE( '', *, *, #7656, .T. );
#4621 = ORIENTED_EDGE( '', *, *, #7465, .F. );
#4622 = ORIENTED_EDGE( '', *, *, #7597, .T. );
#4623 = ORIENTED_EDGE( '', *, *, #7563, .F. );
#4624 = ORIENTED_EDGE( '', *, *, #7719, .F. );
#4625 = ORIENTED_EDGE( '', *, *, #7720, .F. );
#4626 = ORIENTED_EDGE( '', *, *, #7134, .T. );
#4627 = ORIENTED_EDGE( '', *, *, #7721, .F. );
#4628 = ORIENTED_EDGE( '', *, *, #7674, .F. );
#4629 = CARTESIAN_POINT( '', ( 0.200000000000000, 0.285000000000000, -0.110000000000000 ) );
#4630 = DIRECTION( '', ( 0.000000000000000, -0.0143167143562177, 0.999897510592982 ) );
#4631 = DIRECTION( '', ( 0.000000000000000, -0.999897510592982, -0.0143167143562177 ) );
#4632 = SURFACE_STYLE_FILL_AREA( #7722 );
#4633 = ORIENTED_EDGE( '', *, *, #7723, .F. );
#4634 = ORIENTED_EDGE( '', *, *, #7724, .T. );
#4635 = ORIENTED_EDGE( '', *, *, #7135, .T. );
#4636 = ORIENTED_EDGE( '', *, *, #7720, .T. );
#4637 = CARTESIAN_POINT( '', ( 0.0870500000000000, 0.485000000000000, 0.125000000000000 ) );
#4638 = DIRECTION( '', ( 0.999891236496823, 0.0147483957383282, -0.000000000000000 ) );
#4639 = DIRECTION( '', ( -0.0147483957383282, 0.999891236496823, 0.000000000000000 ) );
#4640 = SURFACE_STYLE_FILL_AREA( #7725 );
#4641 = ORIENTED_EDGE( '', *, *, #7726, .T. );
#4642 = ORIENTED_EDGE( '', *, *, #7086, .F. );
#4643 = ORIENTED_EDGE( '', *, *, #7727, .F. );
#4644 = ORIENTED_EDGE( '', *, *, #7616, .T. );
#4645 = CARTESIAN_POINT( '', ( 0.229000000000000, 0.0500000000000000, -0.125000000000000 ) );
#4646 = DIRECTION( '', ( 0.000000000000000, 0.000000000000000, 1.00000000000000 ) );
#4647 = DIRECTION( '', ( 1.00000000000000, 0.000000000000000, -0.000000000000000 ) );
#4648 = SURFACE_STYLE_FILL_AREA( #7728 );
#4649 = ORIENTED_EDGE( '', *, *, #7378, .T. );
#4650 = ORIENTED_EDGE( '', *, *, #7729, .F. );
#4651 = ORIENTED_EDGE( '', *, *, #7409, .F. );
#4652 = ORIENTED_EDGE( '', *, *, #7583, .F. );
#4653 = ORIENTED_EDGE( '', *, *, #7730, .T. );
#4654 = CARTESIAN_POINT( '', ( -0.120500000000000, 0.350000000000000, 0.0952500000000000 ) );
#4655 = DIRECTION( '', ( -1.00000000000000, 0.000000000000000, 0.000000000000000 ) );
#4656 = DIRECTION( '', ( 0.000000000000000, 0.000000000000000, 1.00000000000000 ) );
#4657 = SURFACE_STYLE_FILL_AREA( #7731 );
#4658 = ORIENTED_EDGE( '', *, *, #7533, .F. );
#4659 = ORIENTED_EDGE( '', *, *, #7732, .T. );
#4660 = ORIENTED_EDGE( '', *, *, #7733, .T. );
#4661 = ORIENTED_EDGE( '', *, *, #7734, .F. );
#4662 = CARTESIAN_POINT( '', ( 0.134500000000000, 0.455000000000000, 0.0345000000000000 ) );
#4663 = DIRECTION( '', ( -1.00000000000000, 0.000000000000000, 0.000000000000000 ) );
#4664 = DIRECTION( '', ( 0.000000000000000, 0.000000000000000, 1.00000000000000 ) );
#4665 = SURFACE_STYLE_FILL_AREA( #7735 );
#4666 = ORIENTED_EDGE( '', *, *, #7736, .T. );
#4667 = ORIENTED_EDGE( '', *, *, #7737, .T. );
#4668 = ORIENTED_EDGE( '', *, *, #7022, .T. );
#4669 = ORIENTED_EDGE( '', *, *, #7738, .F. );
#4670 = ORIENTED_EDGE( '', *, *, #7739, .T. );
#4671 = ORIENTED_EDGE( '', *, *, #7740, .T. );
#4672 = ORIENTED_EDGE( '', *, *, #7741, .F. );
#4673 = ORIENTED_EDGE( '', *, *, #7742, .F. );
#4674 = ORIENTED_EDGE( '', *, *, #7743, .T. );
#4675 = ORIENTED_EDGE( '', *, *, #7053, .T. );
#4676 = ORIENTED_EDGE( '', *, *, #7307, .T. );
#4677 = ORIENTED_EDGE( '', *, *, #7744, .T. );
#4678 = CARTESIAN_POINT( '', ( -0.0205000000000000, 0.480000000000000, -0.0907500000000000 ) );
#4679 = DIRECTION( '', ( 0.000000000000000, -1.00000000000000, 0.000000000000000 ) );
#4680 = DIRECTION( '', ( 0.000000000000000, 0.000000000000000, -1.00000000000000 ) );
#4681 = SURFACE_STYLE_FILL_AREA( #7745 );
#4682 = ORIENTED_EDGE( '', *, *, #7746, .F. );
#4683 = ORIENTED_EDGE( '', *, *, #7747, .T. );
#4684 = ORIENTED_EDGE( '', *, *, #7099, .T. );
#4685 = ORIENTED_EDGE( '', *, *, #7748, .T. );
#4686 = CARTESIAN_POINT( '', ( -0.135000000000000, 0.385000000000000, 0.0185000000000000 ) );
#4687 = DIRECTION( '', ( -1.00000000000000, 0.000000000000000, 0.000000000000000 ) );
#4688 = DIRECTION( '', ( 0.000000000000000, 0.000000000000000, 1.00000000000000 ) );
#4689 = SURFACE_STYLE_FILL_AREA( #7749 );
#4690 = ORIENTED_EDGE( '', *, *, #7750, .T. );
#4691 = ORIENTED_EDGE( '', *, *, #7751, .T. );
#4692 = ORIENTED_EDGE( '', *, *, #7752, .F. );
#4693 = ORIENTED_EDGE( '', *, *, #7753, .F. );
#4694 = ORIENTED_EDGE( '', *, *, #7754, .T. );
#4695 = ORIENTED_EDGE( '', *, *, #7755, .T. );
#4696 = ORIENTED_EDGE( '', *, *, #7756, .T. );
#4697 = ORIENTED_EDGE( '', *, *, #7757, .T. );
#4698 = ORIENTED_EDGE( '', *, *, #7758, .T. );
#4699 = ORIENTED_EDGE( '', *, *, #7445, .T. );
#4700 = ORIENTED_EDGE( '', *, *, #7759, .T. );
#4701 = ORIENTED_EDGE( '', *, *, #7760, .T. );
#4702 = CARTESIAN_POINT( '', ( -0.0205000000000000, 0.480000000000000, 0.0217500000000000 ) );
#4703 = DIRECTION( '', ( 0.000000000000000, -1.00000000000000, 0.000000000000000 ) );
#4704 = DIRECTION( '', ( 0.000000000000000, 0.000000000000000, -1.00000000000000 ) );
#4705 = SURFACE_STYLE_FILL_AREA( #7761 );
#4706 = ORIENTED_EDGE( '', *, *, #7762, .F. );
#4707 = ORIENTED_EDGE( '', *, *, #7218, .T. );
#4708 = ORIENTED_EDGE( '', *, *, #7545, .T. );
#4709 = ORIENTED_EDGE( '', *, *, #7300, .F. );
#4710 = CARTESIAN_POINT( '', ( 0.0345000000000000, 0.455000000000000, -0.0345000000000000 ) );
#4711 = DIRECTION( '', ( 0.000000000000000, 0.000000000000000, 1.00000000000000 ) );
#4712 = DIRECTION( '', ( 1.00000000000000, 0.000000000000000, -0.000000000000000 ) );
#4713 = SURFACE_STYLE_FILL_AREA( #7763 );
#4714 = ORIENTED_EDGE( '', *, *, #7764, .T. );
#4715 = ORIENTED_EDGE( '', *, *, #7196, .F. );
#4716 = ORIENTED_EDGE( '', *, *, #7765, .F. );
#4717 = ORIENTED_EDGE( '', *, *, #7754, .F. );
#4718 = ORIENTED_EDGE( '', *, *, #7766, .T. );
#4719 = CARTESIAN_POINT( '', ( -0.0205000000000000, 0.350000000000000, 0.0952500000000000 ) );
#4720 = DIRECTION( '', ( -1.00000000000000, 0.000000000000000, 0.000000000000000 ) );
#4721 = DIRECTION( '', ( 0.000000000000000, 0.000000000000000, 1.00000000000000 ) );
#4722 = SURFACE_STYLE_FILL_AREA( #7767 );
#4723 = ORIENTED_EDGE( '', *, *, #7075, .T. );
#4724 = ORIENTED_EDGE( '', *, *, #7768, .F. );
#4725 = ORIENTED_EDGE( '', *, *, #7769, .T. );
#4726 = ORIENTED_EDGE( '', *, *, #7770, .T. );
#4727 = CARTESIAN_POINT( '', ( 0.175000000000000, 0.0500000000000000, 0.117000000000000 ) );
#4728 = DIRECTION( '', ( -1.00000000000000, 0.000000000000000, 4.26851249010039E-15 ) );
#4729 = DIRECTION( '', ( 4.26851249010039E-15, 0.000000000000000, 1.00000000000000 ) );
#4730 = SURFACE_STYLE_FILL_AREA( #7771 );
#4731 = ORIENTED_EDGE( '', *, *, #7772, .T. );
#4732 = ORIENTED_EDGE( '', *, *, #7773, .T. );
#4733 = ORIENTED_EDGE( '', *, *, #7774, .F. );
#4734 = ORIENTED_EDGE( '', *, *, #7342, .T. );
#4735 = ORIENTED_EDGE( '', *, *, #7775, .T. );
#4736 = CARTESIAN_POINT( '', ( -0.0870500000000000, 0.485000000000000, 0.125000000000000 ) );
#4737 = DIRECTION( '', ( -0.957826285221152, 0.287347885566345, 0.000000000000000 ) );
#4738 = DIRECTION( '', ( -0.287347885566345, -0.957826285221152, 0.000000000000000 ) );
#4739 = SURFACE_STYLE_FILL_AREA( #7776 );
#4740 = ORIENTED_EDGE( '', *, *, #7777, .F. );
#4741 = ORIENTED_EDGE( '', *, *, #7778, .T. );
#4742 = ORIENTED_EDGE( '', *, *, #7748, .F. );
#4743 = ORIENTED_EDGE( '', *, *, #7098, .F. );
#4744 = ORIENTED_EDGE( '', *, *, #7779, .F. );
#4745 = ORIENTED_EDGE( '', *, *, #7258, .F. );
#4746 = ORIENTED_EDGE( '', *, *, #7780, .T. );
#4747 = ORIENTED_EDGE( '', *, *, #7781, .F. );
#4748 = ORIENTED_EDGE( '', *, *, #7782, .F. );
#4749 = ORIENTED_EDGE( '', *, *, #7106, .F. );
#4750 = CARTESIAN_POINT( '', ( 0.200000000000000, 0.505000000000000, -0.0131500000000000 ) );
#4751 = DIRECTION( '', ( 0.000000000000000, -0.0143167143562177, -0.999897510592982 ) );
#4752 = DIRECTION( '', ( 0.000000000000000, 0.999897510592982, -0.0143167143562177 ) );
#4753 = SURFACE_STYLE_FILL_AREA( #7783 );
#4754 = ORIENTED_EDGE( '', *, *, #7784, .F. );
#4755 = ORIENTED_EDGE( '', *, *, #7014, .T. );
#4756 = ORIENTED_EDGE( '', *, *, #7785, .F. );
#4757 = ORIENTED_EDGE( '', *, *, #7125, .F. );
#4758 = ORIENTED_EDGE( '', *, *, #7786, .F. );
#4759 = ORIENTED_EDGE( '', *, *, #7439, .F. );
#4760 = ORIENTED_EDGE( '', *, *, #7553, .T. );
#4761 = ORIENTED_EDGE( '', *, *, #7673, .F. );
#4762 = ORIENTED_EDGE( '', *, *, #7787, .F. );
#4763 = ORIENTED_EDGE( '', *, *, #7132, .F. );
#4764 = CARTESIAN_POINT( '', ( 0.200000000000000, 0.505000000000000, -0.0131500000000000 ) );
#4765 = DIRECTION( '', ( 0.000000000000000, -0.0143167143562177, -0.999897510592982 ) );
#4766 = DIRECTION( '', ( 0.000000000000000, 0.999897510592982, -0.0143167143562177 ) );
#4767 = SURFACE_STYLE_FILL_AREA( #7788 );
#4768 = ORIENTED_EDGE( '', *, *, #7782, .T. );
#4769 = ORIENTED_EDGE( '', *, *, #7789, .T. );
#4770 = ORIENTED_EDGE( '', *, *, #7481, .T. );
#4771 = ORIENTED_EDGE( '', *, *, #7107, .F. );
#4772 = CARTESIAN_POINT( '', ( -0.190000000000000, 0.285000000000000, 0.125000000000000 ) );
#4773 = DIRECTION( '', ( -0.999891236496823, 0.0147483957383281, 0.000000000000000 ) );
#4774 = DIRECTION( '', ( -0.0147483957383281, -0.999891236496823, 0.000000000000000 ) );
#4775 = SURFACE_STYLE_FILL_AREA( #7790 );
#4776 = ORIENTED_EDGE( '', *, *, #7791, .F. );
#4777 = ORIENTED_EDGE( '', *, *, #7792, .F. );
#4778 = ORIENTED_EDGE( '', *, *, #7793, .F. );
#4779 = ORIENTED_EDGE( '', *, *, #7794, .F. );
#4780 = CARTESIAN_POINT( '', ( 0.229000000000000, 0.0500000000000000, 0.125000000000000 ) );
#4781 = DIRECTION( '', ( 0.000000000000000, -1.00000000000000, 4.97302426031116E-16 ) );
#4782 = DIRECTION( '', ( 0.000000000000000, -4.97302426031116E-16, -1.00000000000000 ) );
#4783 = SURFACE_STYLE_FILL_AREA( #7795 );
#4784 = ORIENTED_EDGE( '', *, *, #7796, .F. );
#4785 = ORIENTED_EDGE( '', *, *, #7797, .F. );
#4786 = ORIENTED_EDGE( '', *, *, #7370, .T. );
#4787 = ORIENTED_EDGE( '', *, *, #7798, .T. );
#4788 = CARTESIAN_POINT( '', ( 0.00749999999999999, 0.100000000000000, 0.0137500000000000 ) );
#4789 = DIRECTION( '', ( 1.00000000000000, 0.000000000000000, 0.000000000000000 ) );
#4790 = DIRECTION( '', ( 0.000000000000000, 0.000000000000000, -1.00000000000000 ) );
#4791 = SURFACE_STYLE_FILL_AREA( #7799 );
#4792 = ORIENTED_EDGE( '', *, *, #7800, .T. );
#4793 = ORIENTED_EDGE( '', *, *, #7492, .T. );
#4794 = ORIENTED_EDGE( '', *, *, #7801, .T. );
#4795 = ORIENTED_EDGE( '', *, *, #7441, .T. );
#4796 = ORIENTED_EDGE( '', *, *, #7626, .F. );
#4797 = ORIENTED_EDGE( '', *, *, #7802, .F. );
#4798 = ORIENTED_EDGE( '', *, *, #7803, .F. );
#4799 = ORIENTED_EDGE( '', *, *, #7276, .F. );
#4800 = CARTESIAN_POINT( '', ( 0.000000000000000, 0.118700000000000, 0.000000000000000 ) );
#4801 = DIRECTION( '', ( 0.000000000000000, 1.00000000000000, -0.000000000000000 ) );
#4802 = DIRECTION( '', ( 0.000000000000000, 0.000000000000000, 1.00000000000000 ) );
#4803 = SURFACE_STYLE_FILL_AREA( #7804 );
#4804 = ORIENTED_EDGE( '', *, *, #7805, .F. );
#4805 = ORIENTED_EDGE( '', *, *, #7326, .F. );
#4806 = ORIENTED_EDGE( '', *, *, #7806, .T. );
#4807 = ORIENTED_EDGE( '', *, *, #7807, .T. );
#4808 = CARTESIAN_POINT( '', ( 0.107500000000000, 0.100000000000000, 0.103250000000000 ) );
#4809 = DIRECTION( '', ( 0.000000000000000, 0.000000000000000, -1.00000000000000 ) );
#4810 = DIRECTION( '', ( -1.00000000000000, 0.000000000000000, 0.000000000000000 ) );
#4811 = SURFACE_STYLE_FILL_AREA( #7808 );
#4812 = ORIENTED_EDGE( '', *, *, #7394, .T. );
#4813 = ORIENTED_EDGE( '', *, *, #7809, .T. );
#4814 = ORIENTED_EDGE( '', *, *, #7810, .T. );
#4815 = ORIENTED_EDGE( '', *, *, #7811, .F. );
#4816 = ORIENTED_EDGE( '', *, *, #7812, .T. );
#4817 = ORIENTED_EDGE( '', *, *, #7813, .T. );
#4818 = ORIENTED_EDGE( '', *, *, #7635, .F. );
#4819 = ORIENTED_EDGE( '', *, *, #7814, .F. );
#4820 = ORIENTED_EDGE( '', *, *, #7815, .T. );
#4821 = ORIENTED_EDGE( '', *, *, #7816, .T. );
#4822 = ORIENTED_EDGE( '', *, *, #7430, .T. );
#4823 = ORIENTED_EDGE( '', *, *, #7817, .T. );
#4824 = CARTESIAN_POINT( '', ( -0.120500000000000, 0.480000000000000, -0.0907500000000000 ) );
#4825 = DIRECTION( '', ( 0.000000000000000, -1.00000000000000, 0.000000000000000 ) );
#4826 = DIRECTION( '', ( 0.000000000000000, 0.000000000000000, -1.00000000000000 ) );
#4827 = SURFACE_STYLE_FILL_AREA( #7818 );
#4828 = ORIENTED_EDGE( '', *, *, #7819, .T. );
#4829 = ORIENTED_EDGE( '', *, *, #7820, .F. );
#4830 = ORIENTED_EDGE( '', *, *, #7577, .F. );
#4831 = ORIENTED_EDGE( '', *, *, #7528, .F. );
#4832 = ORIENTED_EDGE( '', *, *, #7821, .T. );
#4833 = CARTESIAN_POINT( '', ( 0.179500000000000, 0.350000000000000, 0.0952500000000000 ) );
#4834 = DIRECTION( '', ( -1.00000000000000, 0.000000000000000, 0.000000000000000 ) );
#4835 = DIRECTION( '', ( 0.000000000000000, 0.000000000000000, 1.00000000000000 ) );
#4836 = SURFACE_STYLE_FILL_AREA( #7822 );
#4837 = ORIENTED_EDGE( '', *, *, #7737, .F. );
#4838 = ORIENTED_EDGE( '', *, *, #7823, .T. );
#4839 = ORIENTED_EDGE( '', *, *, #7824, .T. );
#4840 = ORIENTED_EDGE( '', *, *, #7023, .F. );
#4841 = CARTESIAN_POINT( '', ( -0.0700000000000000, 0.362000000000000, -0.0805000000000000 ) );
#4842 = DIRECTION( '', ( 0.000000000000000, 0.000000000000000, 1.00000000000000 ) );
#4843 = DIRECTION( '', ( 1.00000000000000, 0.000000000000000, -0.000000000000000 ) );
#4844 = SURFACE_STYLE_FILL_AREA( #7825 );
#4845 = ORIENTED_EDGE( '', *, *, #7826, .F. );
#4846 = ORIENTED_EDGE( '', *, *, #7827, .F. );
#4847 = ORIENTED_EDGE( '', *, *, #7828, .T. );
#4848 = ORIENTED_EDGE( '', *, *, #7829, .T. );
#4849 = CARTESIAN_POINT( '', ( -0.0875000000000000, 0.255000000000000, 0.0982500000000000 ) );
#4850 = DIRECTION( '', ( 0.000000000000000, 0.000000000000000, -1.00000000000000 ) );
#4851 = DIRECTION( '', ( -1.00000000000000, 0.000000000000000, 0.000000000000000 ) );
#4852 = SURFACE_STYLE_FILL_AREA( #7830 );
#4853 = ORIENTED_EDGE( '', *, *, #7559, .F. );
#4854 = ORIENTED_EDGE( '', *, *, #7831, .T. );
#4855 = ORIENTED_EDGE( '', *, *, #7832, .F. );
#4856 = ORIENTED_EDGE( '', *, *, #7642, .T. );
#4857 = ORIENTED_EDGE( '', *, *, #7556, .F. );
#4858 = ORIENTED_EDGE( '', *, *, #7833, .F. );
#4859 = ORIENTED_EDGE( '', *, *, #7834, .F. );
#4860 = ORIENTED_EDGE( '', *, *, #7138, .T. );
#4861 = ORIENTED_EDGE( '', *, *, #7490, .F. );
#4862 = ORIENTED_EDGE( '', *, *, #7835, .F. );
#4863 = CARTESIAN_POINT( '', ( 0.200000000000000, 0.285000000000000, -0.110000000000000 ) );
#4864 = DIRECTION( '', ( 0.000000000000000, -0.0143167143562177, 0.999897510592982 ) );
#4865 = DIRECTION( '', ( 0.000000000000000, -0.999897510592982, -0.0143167143562177 ) );
#4866 = SURFACE_STYLE_FILL_AREA( #7836 );
#4867 = ORIENTED_EDGE( '', *, *, #7353, .T. );
#4868 = ORIENTED_EDGE( '', *, *, #7837, .T. );
#4869 = ORIENTED_EDGE( '', *, *, #7833, .T. );
#4870 = ORIENTED_EDGE( '', *, *, #7555, .T. );
#4871 = CARTESIAN_POINT( '', ( 0.181050000000000, 0.505000000000000, 0.125000000000000 ) );
#4872 = DIRECTION( '', ( 0.957826285221151, 0.287347885566345, -0.000000000000000 ) );
#4873 = DIRECTION( '', ( -0.287347885566345, 0.957826285221151, 0.000000000000000 ) );
#4874 = SURFACE_STYLE_FILL_AREA( #7838 );
#4875 = ORIENTED_EDGE( '', *, *, #7244, .T. );
#4876 = ORIENTED_EDGE( '', *, *, #7839, .F. );
#4877 = ORIENTED_EDGE( '', *, *, #7739, .F. );
#4878 = ORIENTED_EDGE( '', *, *, #7840, .F. );
#4879 = ORIENTED_EDGE( '', *, *, #7841, .T. );
#4880 = CARTESIAN_POINT( '', ( -0.0205000000000000, 0.350000000000000, -0.0217500000000000 ) );
#4881 = DIRECTION( '', ( -1.00000000000000, 0.000000000000000, 0.000000000000000 ) );
#4882 = DIRECTION( '', ( 0.000000000000000, 0.000000000000000, 1.00000000000000 ) );
#4883 = SURFACE_STYLE_FILL_AREA( #7842 );
#4884 = ORIENTED_EDGE( '', *, *, #7472, .T. );
#4885 = ORIENTED_EDGE( '', *, *, #7693, .F. );
#4886 = ORIENTED_EDGE( '', *, *, #7843, .F. );
#4887 = ORIENTED_EDGE( '', *, *, #7844, .T. );
#4888 = CARTESIAN_POINT( '', ( 0.120500000000000, 0.350000000000000, -0.0217500000000000 ) );
#4889 = DIRECTION( '', ( 0.000000000000000, 0.000000000000000, -1.00000000000000 ) );
#4890 = DIRECTION( '', ( -1.00000000000000, 0.000000000000000, 0.000000000000000 ) );
#4891 = SURFACE_STYLE_FILL_AREA( #7845 );
#4892 = ORIENTED_EDGE( '', *, *, #7846, .T. );
#4893 = ORIENTED_EDGE( '', *, *, #7078, .F. );
#4894 = ORIENTED_EDGE( '', *, *, #7847, .F. );
#4895 = ORIENTED_EDGE( '', *, *, #7621, .T. );
#4896 = CARTESIAN_POINT( '', ( 0.229000000000000, 0.0500000000000000, -0.125000000000000 ) );
#4897 = DIRECTION( '', ( 0.000000000000000, 0.000000000000000, 1.00000000000000 ) );
#4898 = DIRECTION( '', ( 1.00000000000000, 0.000000000000000, -0.000000000000000 ) );
#4899 = SURFACE_STYLE_FILL_AREA( #7848 );
#4900 = ORIENTED_EDGE( '', *, *, #7849, .T. );
#4901 = ORIENTED_EDGE( '', *, *, #7821, .F. );
#4902 = ORIENTED_EDGE( '', *, *, #7527, .T. );
#4903 = ORIENTED_EDGE( '', *, *, #7850, .T. );
#4904 = CARTESIAN_POINT( '', ( 0.179500000000000, 0.350000000000000, 0.0217500000000000 ) );
#4905 = DIRECTION( '', ( 0.000000000000000, -0.000000000000000, 1.00000000000000 ) );
#4906 = DIRECTION( '', ( 1.00000000000000, 0.000000000000000, -0.000000000000000 ) );
#4907 = SURFACE_STYLE_FILL_AREA( #7851 );
#4908 = ORIENTED_EDGE( '', *, *, #7852, .T. );
#4909 = ORIENTED_EDGE( '', *, *, #7316, .T. );
#4910 = ORIENTED_EDGE( '', *, *, #7336, .F. );
#4911 = ORIENTED_EDGE( '', *, *, #7190, .T. );
#4912 = CARTESIAN_POINT( '', ( 0.0790000000000000, 0.433110366102054, 0.139000000000000 ) );
#4913 = DIRECTION( '', ( 0.000000000000000, -0.559192903470747, 0.829037572555042 ) );
#4914 = DIRECTION( '', ( 0.000000000000000, -0.829037572555042, -0.559192903470747 ) );
#4915 = SURFACE_STYLE_FILL_AREA( #7853 );
#4916 = ORIENTED_EDGE( '', *, *, #7009, .T. );
#4917 = ORIENTED_EDGE( '', *, *, #7317, .T. );
#4918 = ORIENTED_EDGE( '', *, *, #7852, .F. );
#4919 = ORIENTED_EDGE( '', *, *, #7189, .T. );
#4920 = CARTESIAN_POINT( '', ( 0.0790000000000000, 0.390000000000000, 0.139000000000000 ) );
#4921 = DIRECTION( '', ( 0.000000000000000, 0.000000000000000, 1.00000000000000 ) );
#4922 = DIRECTION( '', ( 1.00000000000000, 0.000000000000000, -0.000000000000000 ) );
#4923 = SURFACE_STYLE_FILL_AREA( #7854 );
#4924 = ORIENTED_EDGE( '', *, *, #7855, .F. );
#4925 = ORIENTED_EDGE( '', *, *, #7856, .F. );
#4926 = ORIENTED_EDGE( '', *, *, #7828, .F. );
#4927 = ORIENTED_EDGE( '', *, *, #7857, .F. );
#4928 = ORIENTED_EDGE( '', *, *, #7858, .F. );
#4929 = ORIENTED_EDGE( '', *, *, #7859, .F. );
#4930 = ORIENTED_EDGE( '', *, *, #7193, .F. );
#4931 = ORIENTED_EDGE( '', *, *, #7764, .F. );
#4932 = CARTESIAN_POINT( '', ( 0.100000000000000, 0.255000000000000, 0.000000000000000 ) );
#4933 = DIRECTION( '', ( 0.000000000000000, 1.00000000000000, -0.000000000000000 ) );
#4934 = DIRECTION( '', ( 0.000000000000000, 0.000000000000000, 1.00000000000000 ) );
#4935 = SURFACE_STYLE_FILL_AREA( #7860 );
#4936 = ORIENTED_EDGE( '', *, *, #7079, .T. );
#4937 = ORIENTED_EDGE( '', *, *, #7846, .F. );
#4938 = ORIENTED_EDGE( '', *, *, #7620, .T. );
#4939 = ORIENTED_EDGE( '', *, *, #7345, .T. );
#4940 = CARTESIAN_POINT( '', ( 0.175000000000000, 0.0500000000000000, -0.125000000000000 ) );
#4941 = DIRECTION( '', ( -1.00000000000000, 0.000000000000000, 0.000000000000000 ) );
#4942 = DIRECTION( '', ( 0.000000000000000, 0.000000000000000, 1.00000000000000 ) );
#4943 = SURFACE_STYLE_FILL_AREA( #7861 );
#4944 = ORIENTED_EDGE( '', *, *, #7862, .F. );
#4945 = ORIENTED_EDGE( '', *, *, #7863, .F. );
#4946 = ORIENTED_EDGE( '', *, *, #7864, .T. );
#4947 = ORIENTED_EDGE( '', *, *, #7865, .T. );
#4948 = CARTESIAN_POINT( '', ( 0.107500000000000, 0.100000000000000, -0.103250000000000 ) );
#4949 = DIRECTION( '', ( 1.00000000000000, 0.000000000000000, 0.000000000000000 ) );
#4950 = DIRECTION( '', ( 0.000000000000000, 0.000000000000000, -1.00000000000000 ) );
#4951 = SURFACE_STYLE_FILL_AREA( #7866 );
#4952 = ORIENTED_EDGE( '', *, *, #7867, .F. );
#4953 = ORIENTED_EDGE( '', *, *, #7657, .T. );
#4954 = ORIENTED_EDGE( '', *, *, #7549, .T. );
#4955 = ORIENTED_EDGE( '', *, *, #7596, .F. );
#4956 = CARTESIAN_POINT( '', ( 0.0300000000000000, 0.362000000000000, -0.0805000000000000 ) );
#4957 = DIRECTION( '', ( 0.000000000000000, 0.000000000000000, 1.00000000000000 ) );
#4958 = DIRECTION( '', ( 1.00000000000000, 0.000000000000000, -0.000000000000000 ) );
#4959 = SURFACE_STYLE_FILL_AREA( #7868 );
#4960 = ORIENTED_EDGE( '', *, *, #7869, .F. );
#4961 = ORIENTED_EDGE( '', *, *, #7807, .F. );
#4962 = ORIENTED_EDGE( '', *, *, #7870, .T. );
#4963 = ORIENTED_EDGE( '', *, *, #7485, .T. );
#4964 = CARTESIAN_POINT( '', ( 0.192500000000000, 0.100000000000000, 0.103250000000000 ) );
#4965 = DIRECTION( '', ( -1.00000000000000, 0.000000000000000, 0.000000000000000 ) );
#4966 = DIRECTION( '', ( 0.000000000000000, 0.000000000000000, 1.00000000000000 ) );
#4967 = SURFACE_STYLE_FILL_AREA( #7871 );
#4968 = ORIENTED_EDGE( '', *, *, #7758, .F. );
#4969 = ORIENTED_EDGE( '', *, *, #7872, .T. );
#4970 = ORIENTED_EDGE( '', *, *, #7873, .T. );
#4971 = ORIENTED_EDGE( '', *, *, #7446, .F. );
#4972 = CARTESIAN_POINT( '', ( -0.0345000000000000, 0.455000000000000, 0.0345000000000000 ) );
#4973 = DIRECTION( '', ( 0.000000000000000, 0.000000000000000, -1.00000000000000 ) );
#4974 = DIRECTION( '', ( -1.00000000000000, 0.000000000000000, 0.000000000000000 ) );
#4975 = SURFACE_STYLE_FILL_AREA( #7874 );
#4976 = ORIENTED_EDGE( '', *, *, #7875, .T. );
#4977 = ORIENTED_EDGE( '', *, *, #7876, .T. );
#4978 = ORIENTED_EDGE( '', *, *, #7877, .T. );
#4979 = ORIENTED_EDGE( '', *, *, #7878, .T. );
#4980 = ORIENTED_EDGE( '', *, *, #7879, .F. );
#4981 = ORIENTED_EDGE( '', *, *, #7880, .F. );
#4982 = ORIENTED_EDGE( '', *, *, #7881, .F. );
#4983 = ORIENTED_EDGE( '', *, *, #7687, .F. );
#4984 = CARTESIAN_POINT( '', ( 0.100000000000000, 0.118700000000000, -0.117000000000000 ) );
#4985 = DIRECTION( '', ( 0.000000000000000, 1.00000000000000, -0.000000000000000 ) );
#4986 = DIRECTION( '', ( 0.000000000000000, 0.000000000000000, 1.00000000000000 ) );
#4987 = SURFACE_STYLE_FILL_AREA( #7882 );
#4988 = ORIENTED_EDGE( '', *, *, #7489, .F. );
#4989 = ORIENTED_EDGE( '', *, *, #7883, .T. );
#4990 = ORIENTED_EDGE( '', *, *, #7884, .T. );
#4991 = ORIENTED_EDGE( '', *, *, #7560, .T. );
#4992 = ORIENTED_EDGE( '', *, *, #7835, .T. );
#4993 = CARTESIAN_POINT( '', ( 0.112950000000000, 0.485000000000000, 0.125000000000000 ) );
#4994 = DIRECTION( '', ( -0.957826285221151, 0.287347885566345, 0.000000000000000 ) );
#4995 = DIRECTION( '', ( -0.287347885566345, -0.957826285221151, 0.000000000000000 ) );
#4996 = SURFACE_STYLE_FILL_AREA( #7885 );
#4997 = ORIENTED_EDGE( '', *, *, #7759, .F. );
#4998 = ORIENTED_EDGE( '', *, *, #7448, .T. );
#4999 = ORIENTED_EDGE( '', *, *, #7886, .T. );
#5000 = ORIENTED_EDGE( '', *, *, #7887, .F. );
#5001 = CARTESIAN_POINT( '', ( -0.0655000000000000, 0.455000000000000, 0.0655000000000000 ) );
#5002 = DIRECTION( '', ( 0.000000000000000, 0.000000000000000, 1.00000000000000 ) );
#5003 = DIRECTION( '', ( 1.00000000000000, 0.000000000000000, -0.000000000000000 ) );
#5004 = SURFACE_STYLE_FILL_AREA( #7888 );
#5005 = ORIENTED_EDGE( '', *, *, #7889, .F. );
#5006 = ORIENTED_EDGE( '', *, *, #7890, .F. );
#5007 = ORIENTED_EDGE( '', *, *, #7891, .T. );
#5008 = ORIENTED_EDGE( '', *, *, #7892, .T. );
#5009 = CARTESIAN_POINT( '', ( 0.0925000000000000, 0.100000000000000, -0.103250000000000 ) );
#5010 = DIRECTION( '', ( 0.000000000000000, -0.000000000000000, 1.00000000000000 ) );
#5011 = DIRECTION( '', ( 1.00000000000000, 0.000000000000000, -0.000000000000000 ) );
#5012 = SURFACE_STYLE_FILL_AREA( #7893 );
#5013 = ORIENTED_EDGE( '', *, *, #7659, .T. );
#5014 = ORIENTED_EDGE( '', *, *, #7894, .T. );
#5015 = ORIENTED_EDGE( '', *, *, #7536, .T. );
#5016 = ORIENTED_EDGE( '', *, *, #7895, .T. );
#5017 = ORIENTED_EDGE( '', *, *, #7486, .F. );
#5018 = ORIENTED_EDGE( '', *, *, #7870, .F. );
#5019 = ORIENTED_EDGE( '', *, *, #7806, .F. );
#5020 = ORIENTED_EDGE( '', *, *, #7325, .F. );
#5021 = CARTESIAN_POINT( '', ( 0.300000000000000, 0.118700000000000, -6.40276873515062E-18 ) );
#5022 = DIRECTION( '', ( 0.000000000000000, 1.00000000000000, -0.000000000000000 ) );
#5023 = DIRECTION( '', ( 0.000000000000000, 0.000000000000000, 1.00000000000000 ) );
#5024 = SURFACE_STYLE_FILL_AREA( #7896 );
#5025 = ORIENTED_EDGE( '', *, *, #7897, .F. );
#5026 = ORIENTED_EDGE( '', *, *, #7898, .F. );
#5027 = ORIENTED_EDGE( '', *, *, #7899, .F. );
#5028 = ORIENTED_EDGE( '', *, *, #7900, .F. );
#5029 = CARTESIAN_POINT( '', ( 0.104000000000000, 0.170000000000000, 0.150000000000000 ) );
#5030 = DIRECTION( '', ( 0.000000000000000, 1.00000000000000, 0.000000000000000 ) );
#5031 = DIRECTION( '', ( 0.000000000000000, -0.000000000000000, 1.00000000000000 ) );
#5032 = SURFACE_STYLE_FILL_AREA( #7901 );
#5033 = ORIENTED_EDGE( '', *, *, #7269, .T. );
#5034 = ORIENTED_EDGE( '', *, *, #7902, .T. );
#5035 = ORIENTED_EDGE( '', *, *, #7903, .T. );
#5036 = ORIENTED_EDGE( '', *, *, #7357, .T. );
#5037 = ORIENTED_EDGE( '', *, *, #7904, .F. );
#5038 = ORIENTED_EDGE( '', *, *, #7905, .F. );
#5039 = ORIENTED_EDGE( '', *, *, #7906, .F. );
#5040 = ORIENTED_EDGE( '', *, *, #7907, .F. );
#5041 = CARTESIAN_POINT( '', ( 0.000000000000000, 0.118700000000000, -0.117000000000000 ) );
#5042 = DIRECTION( '', ( 0.000000000000000, 1.00000000000000, -0.000000000000000 ) );
#5043 = DIRECTION( '', ( 0.000000000000000, 0.000000000000000, 1.00000000000000 ) );
#5044 = SURFACE_STYLE_FILL_AREA( #7908 );
#5045 = ORIENTED_EDGE( '', *, *, #7909, .T. );
#5046 = ORIENTED_EDGE( '', *, *, #7910, .T. );
#5047 = ORIENTED_EDGE( '', *, *, #7264, .T. );
#5048 = ORIENTED_EDGE( '', *, *, #7911, .F. );
#5049 = CARTESIAN_POINT( '', ( 0.181050000000000, 0.505000000000000, 0.125000000000000 ) );
#5050 = DIRECTION( '', ( 0.957826285221151, 0.287347885566345, -0.000000000000000 ) );
#5051 = DIRECTION( '', ( -0.287347885566345, 0.957826285221151, 0.000000000000000 ) );
#5052 = SURFACE_STYLE_FILL_AREA( #7912 );
#5053 = ORIENTED_EDGE( '', *, *, #7699, .T. );
#5054 = ORIENTED_EDGE( '', *, *, #7608, .F. );
#5055 = ORIENTED_EDGE( '', *, *, #7913, .T. );
#5056 = ORIENTED_EDGE( '', *, *, #7914, .T. );
#5057 = CARTESIAN_POINT( '', ( 0.0205000000000000, 0.350000000000000, 0.0952500000000000 ) );
#5058 = DIRECTION( '', ( 0.000000000000000, 0.000000000000000, -1.00000000000000 ) );
#5059 = DIRECTION( '', ( -1.00000000000000, 0.000000000000000, 0.000000000000000 ) );
#5060 = SURFACE_STYLE_FILL_AREA( #7915 );
#5061 = ORIENTED_EDGE( '', *, *, #7450, .F. );
#5062 = ORIENTED_EDGE( '', *, *, #7916, .F. );
#5063 = ORIENTED_EDGE( '', *, *, #7304, .F. );
#5064 = ORIENTED_EDGE( '', *, *, #7247, .F. );
#5065 = ORIENTED_EDGE( '', *, *, #7455, .F. );
#5066 = ORIENTED_EDGE( '', *, *, #7917, .T. );
#5067 = ORIENTED_EDGE( '', *, *, #7918, .T. );
#5068 = ORIENTED_EDGE( '', *, *, #7290, .F. );
#5069 = CARTESIAN_POINT( '', ( 0.229000000000000, 0.0500000000000000, 0.125000000000000 ) );
#5070 = DIRECTION( '', ( 0.000000000000000, -1.00000000000000, 4.97302426031116E-16 ) );
#5071 = DIRECTION( '', ( 0.000000000000000, -4.97302426031116E-16, -1.00000000000000 ) );
#5072 = SURFACE_STYLE_FILL_AREA( #7919 );
#5073 = ORIENTED_EDGE( '', *, *, #7801, .F. );
#5074 = ORIENTED_EDGE( '', *, *, #7494, .F. );
#5075 = ORIENTED_EDGE( '', *, *, #7375, .T. );
#5076 = ORIENTED_EDGE( '', *, *, #7442, .T. );
#5077 = CARTESIAN_POINT( '', ( -0.187500000000000, 0.255000000000000, 0.0187500000000000 ) );
#5078 = DIRECTION( '', ( 1.00000000000000, 0.000000000000000, 0.000000000000000 ) );
#5079 = DIRECTION( '', ( 0.000000000000000, 0.000000000000000, -1.00000000000000 ) );
#5080 = SURFACE_STYLE_FILL_AREA( #7920 );
#5081 = ORIENTED_EDGE( '', *, *, #7921, .T. );
#5082 = ORIENTED_EDGE( '', *, *, #7922, .T. );
#5083 = ORIENTED_EDGE( '', *, *, #7542, .F. );
#5084 = ORIENTED_EDGE( '', *, *, #7923, .F. );
#5085 = CARTESIAN_POINT( '', ( -0.0470000000000000, 0.0250000000000000, 0.275000000000000 ) );
#5086 = DIRECTION( '', ( 1.00000000000000, -0.000000000000000, 0.000000000000000 ) );
#5087 = DIRECTION( '', ( 0.000000000000000, 0.000000000000000, -1.00000000000000 ) );
#5088 = SURFACE_STYLE_FILL_AREA( #7924 );
#5089 = ORIENTED_EDGE( '', *, *, #7176, .F. );
#5090 = ORIENTED_EDGE( '', *, *, #7198, .F. );
#5091 = ORIENTED_EDGE( '', *, *, #7110, .T. );
#5092 = ORIENTED_EDGE( '', *, *, #7925, .F. );
#5093 = ORIENTED_EDGE( '', *, *, #7520, .F. );
#5094 = ORIENTED_EDGE( '', *, *, #7206, .F. );
#5095 = CARTESIAN_POINT( '', ( -0.0750000000000000, 0.285000000000000, -0.0556825692881845 ) );
#5096 = DIRECTION( '', ( 0.000000000000000, -0.0348994967025010, 0.999390827019096 ) );
#5097 = DIRECTION( '', ( 0.000000000000000, -0.999390827019096, -0.0348994967025010 ) );
#5098 = SURFACE_STYLE_FILL_AREA( #7926 );
#5099 = ORIENTED_EDGE( '', *, *, #7395, .T. );
#5100 = ORIENTED_EDGE( '', *, *, #7814, .T. );
#5101 = ORIENTED_EDGE( '', *, *, #7634, .F. );
#5102 = ORIENTED_EDGE( '', *, *, #7203, .F. );
#5103 = ORIENTED_EDGE( '', *, *, #7927, .T. );
#5104 = ORIENTED_EDGE( '', *, *, #7811, .T. );
#5105 = ORIENTED_EDGE( '', *, *, #7928, .T. );
#5106 = ORIENTED_EDGE( '', *, *, #7517, .F. );
#5107 = CARTESIAN_POINT( '', ( -0.120500000000000, 0.350000000000000, -0.0952500000000000 ) );
#5108 = DIRECTION( '', ( 0.000000000000000, -0.0345946647267854, 0.999401425440469 ) );
#5109 = DIRECTION( '', ( 0.000000000000000, -0.999401425440469, -0.0345946647267854 ) );
#5110 = SURFACE_STYLE_FILL_AREA( #7929 );
#5111 = ORIENTED_EDGE( '', *, *, #7708, .T. );
#5112 = ORIENTED_EDGE( '', *, *, #7930, .T. );
#5113 = ORIENTED_EDGE( '', *, *, #7931, .T. );
#5114 = ORIENTED_EDGE( '', *, *, #7932, .F. );
#5115 = CARTESIAN_POINT( '', ( -0.187050000000000, 0.485000000000000, 0.125000000000000 ) );
#5116 = DIRECTION( '', ( -0.957826285221151, 0.287347885566345, 0.000000000000000 ) );
#5117 = DIRECTION( '', ( -0.287347885566345, -0.957826285221151, 0.000000000000000 ) );
#5118 = SURFACE_STYLE_FILL_AREA( #7933 );
#5119 = ORIENTED_EDGE( '', *, *, #7087, .T. );
#5120 = ORIENTED_EDGE( '', *, *, #7726, .F. );
#5121 = ORIENTED_EDGE( '', *, *, #7615, .T. );
#5122 = ORIENTED_EDGE( '', *, *, #7934, .T. );
#5123 = CARTESIAN_POINT( '', ( -0.0250000000000000, 0.0500000000000000, -0.125000000000000 ) );
#5124 = DIRECTION( '', ( -1.00000000000000, 0.000000000000000, 4.26851249010041E-15 ) );
#5125 = DIRECTION( '', ( 4.26851249010041E-15, 0.000000000000000, 1.00000000000000 ) );
#5126 = SURFACE_STYLE_FILL_AREA( #7935 );
#5127 = ORIENTED_EDGE( '', *, *, #7936, .T. );
#5128 = ORIENTED_EDGE( '', *, *, #7311, .T. );
#5129 = ORIENTED_EDGE( '', *, *, #7641, .T. );
#5130 = ORIENTED_EDGE( '', *, *, #7937, .F. );
#5131 = ORIENTED_EDGE( '', *, *, #7938, .T. );
#5132 = ORIENTED_EDGE( '', *, *, #7843, .T. );
#5133 = ORIENTED_EDGE( '', *, *, #7692, .F. );
#5134 = ORIENTED_EDGE( '', *, *, #7939, .F. );
#5135 = ORIENTED_EDGE( '', *, *, #7566, .T. );
#5136 = ORIENTED_EDGE( '', *, *, #7940, .T. );
#5137 = ORIENTED_EDGE( '', *, *, #7941, .T. );
#5138 = ORIENTED_EDGE( '', *, *, #7048, .T. );
#5139 = CARTESIAN_POINT( '', ( 0.179500000000000, 0.480000000000000, -0.0907500000000000 ) );
#5140 = DIRECTION( '', ( 0.000000000000000, -1.00000000000000, 0.000000000000000 ) );
#5141 = DIRECTION( '', ( 0.000000000000000, 0.000000000000000, -1.00000000000000 ) );
#5142 = SURFACE_STYLE_FILL_AREA( #7942 );
#5143 = ORIENTED_EDGE( '', *, *, #7943, .F. );
#5144 = ORIENTED_EDGE( '', *, *, #7020, .T. );
#5145 = ORIENTED_EDGE( '', *, *, #7944, .T. );
#5146 = ORIENTED_EDGE( '', *, *, #7945, .F. );
#5147 = CARTESIAN_POINT( '', ( 0.0345000000000000, 0.455000000000000, 0.0655000000000000 ) );
#5148 = DIRECTION( '', ( 0.000000000000000, 0.000000000000000, 1.00000000000000 ) );
#5149 = DIRECTION( '', ( 1.00000000000000, 0.000000000000000, -0.000000000000000 ) );
#5150 = SURFACE_STYLE_FILL_AREA( #7946 );
#5151 = ORIENTED_EDGE( '', *, *, #7947, .F. );
#5152 = ORIENTED_EDGE( '', *, *, #7948, .F. );
#5153 = ORIENTED_EDGE( '', *, *, #7949, .F. );
#5154 = ORIENTED_EDGE( '', *, *, #7950, .T. );
#5155 = ORIENTED_EDGE( '', *, *, #7951, .F. );
#5156 = ORIENTED_EDGE( '', *, *, #7952, .T. );
#5157 = ORIENTED_EDGE( '', *, *, #7953, .T. );
#5158 = ORIENTED_EDGE( '', *, *, #7954, .F. );
#5159 = ORIENTED_EDGE( '', *, *, #7447, .F. );
#5160 = ORIENTED_EDGE( '', *, *, #7873, .F. );
#5161 = ORIENTED_EDGE( '', *, *, #7955, .F. );
#5162 = ORIENTED_EDGE( '', *, *, #7886, .F. );
#5163 = CARTESIAN_POINT( '', ( 0.200000000000000, 0.505000000000000, 0.0131500000000000 ) );
#5164 = DIRECTION( '', ( 0.000000000000000, -1.00000000000000, 0.000000000000000 ) );
#5165 = DIRECTION( '', ( 0.000000000000000, 0.000000000000000, -1.00000000000000 ) );
#5166 = SURFACE_STYLE_FILL_AREA( #7956 );
#5167 = ORIENTED_EDGE( '', *, *, #7773, .F. );
#5168 = ORIENTED_EDGE( '', *, *, #7957, .T. );
#5169 = ORIENTED_EDGE( '', *, *, #7255, .F. );
#5170 = ORIENTED_EDGE( '', *, *, #7958, .F. );
#5171 = ORIENTED_EDGE( '', *, *, #7096, .F. );
#5172 = ORIENTED_EDGE( '', *, *, #7959, .F. );
#5173 = CARTESIAN_POINT( '', ( -0.0750000000000000, 0.486011574286637, -0.0323369095626525 ) );
#5174 = DIRECTION( '', ( 0.000000000000000, -0.0348994967025010, -0.999390827019096 ) );
#5175 = DIRECTION( '', ( 0.000000000000000, 0.999390827019096, -0.0348994967025010 ) );
#5176 = SURFACE_STYLE_FILL_AREA( #7960 );
#5177 = ORIENTED_EDGE( '', *, *, #7105, .T. );
#5178 = ORIENTED_EDGE( '', *, *, #7961, .T. );
#5179 = ORIENTED_EDGE( '', *, *, #7962, .F. );
#5180 = ORIENTED_EDGE( '', *, *, #7777, .T. );
#5181 = CARTESIAN_POINT( '', ( -0.165000000000000, 0.385000000000000, -0.0165000000000000 ) );
#5182 = DIRECTION( '', ( 1.00000000000000, 0.000000000000000, 0.000000000000000 ) );
#5183 = DIRECTION( '', ( 0.000000000000000, 0.000000000000000, -1.00000000000000 ) );
#5184 = SURFACE_STYLE_FILL_AREA( #7963 );
#5185 = ORIENTED_EDGE( '', *, *, #7964, .T. );
#5186 = ORIENTED_EDGE( '', *, *, #7965, .T. );
#5187 = ORIENTED_EDGE( '', *, *, #7153, .T. );
#5188 = ORIENTED_EDGE( '', *, *, #7966, .T. );
#5189 = CARTESIAN_POINT( '', ( 0.104000000000000, 0.280000000000000, 0.150000000000000 ) );
#5190 = DIRECTION( '', ( 0.000000000000000, 1.00000000000000, 0.000000000000000 ) );
#5191 = DIRECTION( '', ( 0.000000000000000, -0.000000000000000, 1.00000000000000 ) );
#5192 = SURFACE_STYLE_FILL_AREA( #7967 );
#5193 = ORIENTED_EDGE( '', *, *, #7601, .F. );
#5194 = ORIENTED_EDGE( '', *, *, #7968, .T. );
#5195 = ORIENTED_EDGE( '', *, *, #7114, .T. );
#5196 = ORIENTED_EDGE( '', *, *, #7340, .T. );
#5197 = CARTESIAN_POINT( '', ( -0.0350000000000000, 0.385000000000000, 0.0185000000000000 ) );
#5198 = DIRECTION( '', ( -1.00000000000000, 0.000000000000000, 0.000000000000000 ) );
#5199 = DIRECTION( '', ( 0.000000000000000, 0.000000000000000, 1.00000000000000 ) );
#5200 = SURFACE_STYLE_FILL_AREA( #7969 );
#5201 = ORIENTED_EDGE( '', *, *, #7970, .F. );
#5202 = ORIENTED_EDGE( '', *, *, #7971, .F. );
#5203 = ORIENTED_EDGE( '', *, *, #7469, .T. );
#5204 = ORIENTED_EDGE( '', *, *, #7972, .T. );
#5205 = CARTESIAN_POINT( '', ( 0.112500000000000, 0.255000000000000, -0.0982500000000000 ) );
#5206 = DIRECTION( '', ( 1.00000000000000, 0.000000000000000, 0.000000000000000 ) );
#5207 = DIRECTION( '', ( 0.000000000000000, 0.000000000000000, -1.00000000000000 ) );
#5208 = SURFACE_STYLE_FILL_AREA( #7973 );
#5209 = ORIENTED_EDGE( '', *, *, #7974, .F. );
#5210 = ORIENTED_EDGE( '', *, *, #7975, .F. );
#5211 = ORIENTED_EDGE( '', *, *, #7906, .T. );
#5212 = ORIENTED_EDGE( '', *, *, #7976, .T. );
#5213 = CARTESIAN_POINT( '', ( -0.192500000000000, 0.100000000000000, -0.0137500000000000 ) );
#5214 = DIRECTION( '', ( 0.000000000000000, 0.000000000000000, -1.00000000000000 ) );
#5215 = DIRECTION( '', ( -1.00000000000000, 0.000000000000000, 0.000000000000000 ) );
#5216 = SURFACE_STYLE_FILL_AREA( #7977 );
#5217 = ORIENTED_EDGE( '', *, *, #7978, .F. );
#5218 = ORIENTED_EDGE( '', *, *, #7979, .F. );
#5219 = ORIENTED_EDGE( '', *, *, #7980, .F. );
#5220 = ORIENTED_EDGE( '', *, *, #7432, .F. );
#5221 = ORIENTED_EDGE( '', *, *, #7055, .F. );
#5222 = ORIENTED_EDGE( '', *, *, #7981, .F. );
#5223 = ORIENTED_EDGE( '', *, *, #7982, .F. );
#5224 = ORIENTED_EDGE( '', *, *, #7308, .F. );
#5225 = ORIENTED_EDGE( '', *, *, #7983, .F. );
#5226 = ORIENTED_EDGE( '', *, *, #7398, .T. );
#5227 = ORIENTED_EDGE( '', *, *, #7475, .T. );
#5228 = ORIENTED_EDGE( '', *, *, #7984, .F. );
#5229 = ORIENTED_EDGE( '', *, *, #7780, .F. );
#5230 = ORIENTED_EDGE( '', *, *, #7257, .F. );
#5231 = ORIENTED_EDGE( '', *, *, #7985, .F. );
#5232 = ORIENTED_EDGE( '', *, *, #7775, .F. );
#5233 = ORIENTED_EDGE( '', *, *, #7341, .F. );
#5234 = ORIENTED_EDGE( '', *, *, #7159, .F. );
#5235 = ORIENTED_EDGE( '', *, *, #7986, .T. );
#5236 = ORIENTED_EDGE( '', *, *, #7024, .F. );
#5237 = ORIENTED_EDGE( '', *, *, #7824, .F. );
#5238 = ORIENTED_EDGE( '', *, *, #7987, .T. );
#5239 = ORIENTED_EDGE( '', *, *, #7988, .T. );
#5240 = ORIENTED_EDGE( '', *, *, #7178, .F. );
#5241 = ORIENTED_EDGE( '', *, *, #7208, .T. );
#5242 = ORIENTED_EDGE( '', *, *, #7522, .F. );
#5243 = ORIENTED_EDGE( '', *, *, #7478, .T. );
#5244 = ORIENTED_EDGE( '', *, *, #7989, .F. );
#5245 = CARTESIAN_POINT( '', ( 0.200000000000000, 0.505000000000000, -0.106850000000000 ) );
#5246 = DIRECTION( '', ( 0.000000000000000, -1.00000000000000, 0.000000000000000 ) );
#5247 = DIRECTION( '', ( 0.000000000000000, 0.000000000000000, -1.00000000000000 ) );
#5248 = SURFACE_STYLE_FILL_AREA( #7990 );
#5249 = ORIENTED_EDGE( '', *, *, #7991, .F. );
#5250 = ORIENTED_EDGE( '', *, *, #7746, .T. );
#5251 = ORIENTED_EDGE( '', *, *, #7778, .F. );
#5252 = ORIENTED_EDGE( '', *, *, #7962, .T. );
#5253 = CARTESIAN_POINT( '', ( 0.000000000000000, 0.385000000000000, 0.000000000000000 ) );
#5254 = DIRECTION( '', ( 0.000000000000000, 1.00000000000000, -0.000000000000000 ) );
#5255 = DIRECTION( '', ( 0.000000000000000, 0.000000000000000, 1.00000000000000 ) );
#5256 = SURFACE_STYLE_FILL_AREA( #7992 );
#5257 = ORIENTED_EDGE( '', *, *, #7698, .T. );
#5258 = ORIENTED_EDGE( '', *, *, #7993, .F. );
#5259 = ORIENTED_EDGE( '', *, *, #7994, .T. );
#5260 = ORIENTED_EDGE( '', *, *, #7605, .T. );
#5261 = CARTESIAN_POINT( '', ( 0.0795000000000000, 0.350000000000000, 0.0217500000000000 ) );
#5262 = DIRECTION( '', ( 0.000000000000000, -0.000000000000000, 1.00000000000000 ) );
#5263 = DIRECTION( '', ( 1.00000000000000, 0.000000000000000, -0.000000000000000 ) );
#5264 = SURFACE_STYLE_FILL_AREA( #7995 );
#5265 = ORIENTED_EDGE( '', *, *, #7996, .F. );
#5266 = ORIENTED_EDGE( '', *, *, #7688, .F. );
#5267 = ORIENTED_EDGE( '', *, *, #7881, .T. );
#5268 = ORIENTED_EDGE( '', *, *, #7997, .T. );
#5269 = CARTESIAN_POINT( '', ( -0.0925000000000000, 0.100000000000000, -0.0137500000000000 ) );
#5270 = DIRECTION( '', ( 0.000000000000000, 0.000000000000000, -1.00000000000000 ) );
#5271 = DIRECTION( '', ( -1.00000000000000, 0.000000000000000, 0.000000000000000 ) );
#5272 = SURFACE_STYLE_FILL_AREA( #7998 );
#5273 = ORIENTED_EDGE( '', *, *, #7894, .F. );
#5274 = ORIENTED_EDGE( '', *, *, #7662, .F. );
#5275 = ORIENTED_EDGE( '', *, *, #7999, .T. );
#5276 = ORIENTED_EDGE( '', *, *, #7537, .T. );
#5277 = CARTESIAN_POINT( '', ( 0.187500000000000, 0.255000000000000, 0.0187500000000000 ) );
#5278 = DIRECTION( '', ( 0.000000000000000, -0.000000000000000, 1.00000000000000 ) );
#5279 = DIRECTION( '', ( 1.00000000000000, 0.000000000000000, -0.000000000000000 ) );
#5280 = SURFACE_STYLE_FILL_AREA( #8000 );
#5281 = ORIENTED_EDGE( '', *, *, #8001, .F. );
#5282 = ORIENTED_EDGE( '', *, *, #8002, .F. );
#5283 = ORIENTED_EDGE( '', *, *, #7907, .T. );
#5284 = ORIENTED_EDGE( '', *, *, #7975, .T. );
#5285 = CARTESIAN_POINT( '', ( -0.192500000000000, 0.100000000000000, -0.103250000000000 ) );
#5286 = DIRECTION( '', ( 1.00000000000000, 0.000000000000000, 0.000000000000000 ) );
#5287 = DIRECTION( '', ( 0.000000000000000, 0.000000000000000, -1.00000000000000 ) );
#5288 = SURFACE_STYLE_FILL_AREA( #8003 );
#5289 = ORIENTED_EDGE( '', *, *, #8004, .F. );
#5290 = ORIENTED_EDGE( '', *, *, #7334, .T. );
#5291 = ORIENTED_EDGE( '', *, *, #7428, .T. );
#5292 = ORIENTED_EDGE( '', *, *, #8005, .T. );
#5293 = ORIENTED_EDGE( '', *, *, #8006, .T. );
#5294 = ORIENTED_EDGE( '', *, *, #7161, .F. );
#5295 = ORIENTED_EDGE( '', *, *, #7420, .F. );
#5296 = ORIENTED_EDGE( '', *, *, #8007, .F. );
#5297 = ORIENTED_EDGE( '', *, *, #8008, .F. );
#5298 = CARTESIAN_POINT( '', ( 0.0790000000000000, 0.280000000000000, 0.203000000000000 ) );
#5299 = DIRECTION( '', ( -1.00000000000000, 0.000000000000000, 0.000000000000000 ) );
#5300 = DIRECTION( '', ( 0.000000000000000, 0.000000000000000, 1.00000000000000 ) );
#5301 = SURFACE_STYLE_FILL_AREA( #8009 );
#5302 = ORIENTED_EDGE( '', *, *, #7858, .T. );
#5303 = ORIENTED_EDGE( '', *, *, #7766, .F. );
#5304 = ORIENTED_EDGE( '', *, *, #7753, .T. );
#5305 = ORIENTED_EDGE( '', *, *, #8010, .T. );
#5306 = CARTESIAN_POINT( '', ( -0.0205000000000000, 0.350000000000000, 0.0217500000000000 ) );
#5307 = DIRECTION( '', ( 0.000000000000000, -0.000000000000000, 1.00000000000000 ) );
#5308 = DIRECTION( '', ( 1.00000000000000, 0.000000000000000, -0.000000000000000 ) );
#5309 = SURFACE_STYLE_FILL_AREA( #8011 );
#5310 = ORIENTED_EDGE( '', *, *, #7241, .T. );
#5311 = ORIENTED_EDGE( '', *, *, #7841, .F. );
#5312 = ORIENTED_EDGE( '', *, *, #8012, .T. );
#5313 = ORIENTED_EDGE( '', *, *, #8013, .T. );
#5314 = CARTESIAN_POINT( '', ( -0.0205000000000000, 0.350000000000000, -0.0952500000000000 ) );
#5315 = DIRECTION( '', ( 0.000000000000000, -0.000000000000000, 1.00000000000000 ) );
#5316 = DIRECTION( '', ( 1.00000000000000, 0.000000000000000, -0.000000000000000 ) );
#5317 = SURFACE_STYLE_FILL_AREA( #8014 );
#5318 = ORIENTED_EDGE( '', *, *, #8015, .F. );
#5319 = ORIENTED_EDGE( '', *, *, #7798, .F. );
#5320 = ORIENTED_EDGE( '', *, *, #7369, .T. );
#5321 = ORIENTED_EDGE( '', *, *, #7497, .T. );
#5322 = CARTESIAN_POINT( '', ( 0.00749999999999999, 0.100000000000000, 0.103250000000000 ) );
#5323 = DIRECTION( '', ( 0.000000000000000, 0.000000000000000, -1.00000000000000 ) );
#5324 = DIRECTION( '', ( -1.00000000000000, 0.000000000000000, 0.000000000000000 ) );
#5325 = SURFACE_STYLE_FILL_AREA( #8016 );
#5326 = ORIENTED_EDGE( '', *, *, #7654, .T. );
#5327 = ORIENTED_EDGE( '', *, *, #7867, .T. );
#5328 = ORIENTED_EDGE( '', *, *, #7595, .T. );
#5329 = ORIENTED_EDGE( '', *, *, #8017, .F. );
#5330 = ORIENTED_EDGE( '', *, *, #7647, .T. );
#5331 = ORIENTED_EDGE( '', *, *, #8018, .T. );
#5332 = ORIENTED_EDGE( '', *, *, #8019, .F. );
#5333 = ORIENTED_EDGE( '', *, *, #8020, .F. );
#5334 = ORIENTED_EDGE( '', *, *, #8021, .T. );
#5335 = ORIENTED_EDGE( '', *, *, #7215, .T. );
#5336 = ORIENTED_EDGE( '', *, *, #7762, .T. );
#5337 = ORIENTED_EDGE( '', *, *, #7299, .T. );
#5338 = CARTESIAN_POINT( '', ( 0.0795000000000000, 0.480000000000000, -0.0907500000000000 ) );
#5339 = DIRECTION( '', ( 0.000000000000000, -1.00000000000000, 0.000000000000000 ) );
#5340 = DIRECTION( '', ( 0.000000000000000, 0.000000000000000, -1.00000000000000 ) );
#5341 = SURFACE_STYLE_FILL_AREA( #8022 );
#5342 = ORIENTED_EDGE( '', *, *, #7770, .F. );
#5343 = ORIENTED_EDGE( '', *, *, #8023, .F. );
#5344 = ORIENTED_EDGE( '', *, *, #8024, .F. );
#5345 = ORIENTED_EDGE( '', *, *, #7076, .T. );
#5346 = CARTESIAN_POINT( '', ( 0.229000000000000, 0.285000000000000, 0.125000000000000 ) );
#5347 = DIRECTION( '', ( 0.000000000000000, 0.000000000000000, -1.00000000000000 ) );
#5348 = DIRECTION( '', ( -1.00000000000000, 0.000000000000000, 0.000000000000000 ) );
#5349 = SURFACE_STYLE_FILL_AREA( #8025 );
#5350 = ORIENTED_EDGE( '', *, *, #7787, .T. );
#5351 = ORIENTED_EDGE( '', *, *, #7675, .T. );
#5352 = ORIENTED_EDGE( '', *, *, #7721, .T. );
#5353 = ORIENTED_EDGE( '', *, *, #7133, .F. );
#5354 = CARTESIAN_POINT( '', ( 0.00999999999999998, 0.285000000000000, 0.125000000000000 ) );
#5355 = DIRECTION( '', ( -0.999891236496823, 0.0147483957383282, 0.000000000000000 ) );
#5356 = DIRECTION( '', ( -0.0147483957383282, -0.999891236496823, 0.000000000000000 ) );
#5357 = SURFACE_STYLE_FILL_AREA( #8026 );
#5358 = ORIENTED_EDGE( '', *, *, #7809, .F. );
#5359 = ORIENTED_EDGE( '', *, *, #7399, .T. );
#5360 = ORIENTED_EDGE( '', *, *, #7983, .T. );
#5361 = ORIENTED_EDGE( '', *, *, #8027, .F. );
#5362 = CARTESIAN_POINT( '', ( -0.170000000000000, 0.362000000000000, -0.0805000000000000 ) );
#5363 = DIRECTION( '', ( 0.000000000000000, 0.000000000000000, 1.00000000000000 ) );
#5364 = DIRECTION( '', ( 1.00000000000000, 0.000000000000000, -0.000000000000000 ) );
#5365 = SURFACE_STYLE_FILL_AREA( #8028 );
#5366 = ORIENTED_EDGE( '', *, *, #7877, .F. );
#5367 = ORIENTED_EDGE( '', *, *, #8029, .F. );
#5368 = ORIENTED_EDGE( '', *, *, #7240, .T. );
#5369 = ORIENTED_EDGE( '', *, *, #8030, .T. );
#5370 = CARTESIAN_POINT( '', ( -0.0875000000000000, 0.255000000000000, -0.0982500000000000 ) );
#5371 = DIRECTION( '', ( 1.00000000000000, 0.000000000000000, 0.000000000000000 ) );
#5372 = DIRECTION( '', ( 0.000000000000000, 0.000000000000000, -1.00000000000000 ) );
#5373 = SURFACE_STYLE_FILL_AREA( #8031 );
#5374 = ORIENTED_EDGE( '', *, *, #7585, .F. );
#5375 = ORIENTED_EDGE( '', *, *, #7223, .T. );
#5376 = ORIENTED_EDGE( '', *, *, #8032, .T. );
#5377 = ORIENTED_EDGE( '', *, *, #8033, .F. );
#5378 = CARTESIAN_POINT( '', ( -0.165500000000000, 0.455000000000000, 0.0345000000000000 ) );
#5379 = DIRECTION( '', ( -1.00000000000000, 0.000000000000000, 0.000000000000000 ) );
#5380 = DIRECTION( '', ( 0.000000000000000, 0.000000000000000, 1.00000000000000 ) );
#5381 = SURFACE_STYLE_FILL_AREA( #8034 );
#5382 = ORIENTED_EDGE( '', *, *, #8035, .F. );
#5383 = ORIENTED_EDGE( '', *, *, #8036, .F. );
#5384 = ORIENTED_EDGE( '', *, *, #8037, .F. );
#5385 = ORIENTED_EDGE( '', *, *, #8023, .T. );
#5386 = ORIENTED_EDGE( '', *, *, #7769, .F. );
#5387 = ORIENTED_EDGE( '', *, *, #8038, .F. );
#5388 = ORIENTED_EDGE( '', *, *, #8039, .F. );
#5389 = ORIENTED_EDGE( '', *, *, #8040, .F. );
#5390 = CARTESIAN_POINT( '', ( 0.229000000000000, 0.0500000000000000, 0.125000000000000 ) );
#5391 = DIRECTION( '', ( 0.000000000000000, -1.00000000000000, 4.97302426031116E-16 ) );
#5392 = DIRECTION( '', ( 0.000000000000000, -4.97302426031116E-16, -1.00000000000000 ) );
#5393 = SURFACE_STYLE_FILL_AREA( #8041 );
#5394 = ORIENTED_EDGE( '', *, *, #7903, .F. );
#5395 = ORIENTED_EDGE( '', *, *, #8042, .F. );
#5396 = ORIENTED_EDGE( '', *, *, #7715, .T. );
#5397 = ORIENTED_EDGE( '', *, *, #7358, .T. );
#5398 = CARTESIAN_POINT( '', ( -0.187500000000000, 0.255000000000000, -0.0982500000000000 ) );
#5399 = DIRECTION( '', ( 1.00000000000000, 0.000000000000000, 0.000000000000000 ) );
#5400 = DIRECTION( '', ( 0.000000000000000, 0.000000000000000, -1.00000000000000 ) );
#5401 = SURFACE_STYLE_FILL_AREA( #8043 );
#5402 = ORIENTED_EDGE( '', *, *, #7352, .T. );
#5403 = ORIENTED_EDGE( '', *, *, #7139, .T. );
#5404 = ORIENTED_EDGE( '', *, *, #7834, .T. );
#5405 = ORIENTED_EDGE( '', *, *, #7837, .F. );
#5406 = CARTESIAN_POINT( '', ( 0.187050000000000, 0.485000000000000, 0.125000000000000 ) );
#5407 = DIRECTION( '', ( 0.999891236496823, 0.0147483957383281, -0.000000000000000 ) );
#5408 = DIRECTION( '', ( -0.0147483957383281, 0.999891236496823, 0.000000000000000 ) );
#5409 = SURFACE_STYLE_FILL_AREA( #8044 );
#5410 = ORIENTED_EDGE( '', *, *, #7473, .T. );
#5411 = ORIENTED_EDGE( '', *, *, #7844, .F. );
#5412 = ORIENTED_EDGE( '', *, *, #7938, .F. );
#5413 = ORIENTED_EDGE( '', *, *, #8045, .F. );
#5414 = ORIENTED_EDGE( '', *, *, #8046, .T. );
#5415 = CARTESIAN_POINT( '', ( 0.179500000000000, 0.350000000000000, -0.0217500000000000 ) );
#5416 = DIRECTION( '', ( -1.00000000000000, 0.000000000000000, 0.000000000000000 ) );
#5417 = DIRECTION( '', ( 0.000000000000000, 0.000000000000000, 1.00000000000000 ) );
#5418 = SURFACE_STYLE_FILL_AREA( #8047 );
#5419 = ORIENTED_EDGE( '', *, *, #7089, .T. );
#5420 = ORIENTED_EDGE( '', *, *, #8048, .F. );
#5421 = ORIENTED_EDGE( '', *, *, #7613, .T. );
#5422 = ORIENTED_EDGE( '', *, *, #7592, .T. );
#5423 = CARTESIAN_POINT( '', ( -0.0750000000000000, 0.0500000000000000, -0.117000000000000 ) );
#5424 = DIRECTION( '', ( 1.00000000000000, -0.000000000000000, 0.000000000000000 ) );
#5425 = DIRECTION( '', ( 0.000000000000000, 0.000000000000000, -1.00000000000000 ) );
#5426 = SURFACE_STYLE_FILL_AREA( #8049 );
#5427 = ORIENTED_EDGE( '', *, *, #7083, .T. );
#5428 = ORIENTED_EDGE( '', *, *, #7677, .F. );
#5429 = ORIENTED_EDGE( '', *, *, #7618, .T. );
#5430 = ORIENTED_EDGE( '', *, *, #7225, .T. );
#5431 = CARTESIAN_POINT( '', ( 0.0750000000000000, 0.0500000000000000, -0.125000000000000 ) );
#5432 = DIRECTION( '', ( -1.00000000000000, 0.000000000000000, 0.000000000000000 ) );
#5433 = DIRECTION( '', ( 0.000000000000000, 0.000000000000000, 1.00000000000000 ) );
#5434 = SURFACE_STYLE_FILL_AREA( #8050 );
#5435 = ORIENTED_EDGE( '', *, *, #7736, .F. );
#5436 = ORIENTED_EDGE( '', *, *, #8051, .F. );
#5437 = ORIENTED_EDGE( '', *, *, #8052, .F. );
#5438 = ORIENTED_EDGE( '', *, *, #8053, .F. );
#5439 = ORIENTED_EDGE( '', *, *, #7987, .F. );
#5440 = ORIENTED_EDGE( '', *, *, #7823, .F. );
#5441 = CARTESIAN_POINT( '', ( -0.0700000000000000, 0.362000000000000, -0.111500000000000 ) );
#5442 = DIRECTION( '', ( -1.00000000000000, 0.000000000000000, 0.000000000000000 ) );
#5443 = DIRECTION( '', ( 0.000000000000000, 0.000000000000000, 1.00000000000000 ) );
#5444 = SURFACE_STYLE_FILL_AREA( #8054 );
#5445 = ORIENTED_EDGE( '', *, *, #7532, .F. );
#5446 = ORIENTED_EDGE( '', *, *, #7213, .T. );
#5447 = ORIENTED_EDGE( '', *, *, #8055, .T. );
#5448 = ORIENTED_EDGE( '', *, *, #7732, .F. );
#5449 = CARTESIAN_POINT( '', ( 0.165500000000000, 0.455000000000000, 0.0345000000000000 ) );
#5450 = DIRECTION( '', ( 0.000000000000000, 0.000000000000000, -1.00000000000000 ) );
#5451 = DIRECTION( '', ( -1.00000000000000, 0.000000000000000, 0.000000000000000 ) );
#5452 = SURFACE_STYLE_FILL_AREA( #8056 );
#5453 = ORIENTED_EDGE( '', *, *, #8057, .T. );
#5454 = ORIENTED_EDGE( '', *, *, #7143, .T. );
#5455 = ORIENTED_EDGE( '', *, *, #7265, .T. );
#5456 = ORIENTED_EDGE( '', *, *, #7910, .F. );
#5457 = CARTESIAN_POINT( '', ( 0.187050000000000, 0.485000000000000, 0.125000000000000 ) );
#5458 = DIRECTION( '', ( 0.999891236496823, 0.0147483957383281, -0.000000000000000 ) );
#5459 = DIRECTION( '', ( -0.0147483957383281, 0.999891236496823, 0.000000000000000 ) );
#5460 = SURFACE_STYLE_FILL_AREA( #8058 );
#5461 = ORIENTED_EDGE( '', *, *, #8059, .F. );
#5462 = ORIENTED_EDGE( '', *, *, #7173, .F. );
#5463 = ORIENTED_EDGE( '', *, *, #8060, .T. );
#5464 = ORIENTED_EDGE( '', *, *, #7863, .T. );
#5465 = CARTESIAN_POINT( '', ( 0.192500000000000, 0.100000000000000, -0.103250000000000 ) );
#5466 = DIRECTION( '', ( 0.000000000000000, -0.000000000000000, 1.00000000000000 ) );
#5467 = DIRECTION( '', ( 1.00000000000000, 0.000000000000000, -0.000000000000000 ) );
#5468 = SURFACE_STYLE_FILL_AREA( #8061 );
#5469 = ORIENTED_EDGE( '', *, *, #7716, .T. );
#5470 = ORIENTED_EDGE( '', *, *, #7636, .F. );
#5471 = ORIENTED_EDGE( '', *, *, #7813, .F. );
#5472 = ORIENTED_EDGE( '', *, *, #8062, .T. );
#5473 = CARTESIAN_POINT( '', ( -0.179500000000000, 0.350000000000000, -0.0217500000000000 ) );
#5474 = DIRECTION( '', ( 0.000000000000000, 0.000000000000000, -1.00000000000000 ) );
#5475 = DIRECTION( '', ( -1.00000000000000, 0.000000000000000, 0.000000000000000 ) );
#5476 = SURFACE_STYLE_FILL_AREA( #8063 );
#5477 = ORIENTED_EDGE( '', *, *, #7902, .F. );
#5478 = ORIENTED_EDGE( '', *, *, #7272, .F. );
#5479 = ORIENTED_EDGE( '', *, *, #7714, .T. );
#5480 = ORIENTED_EDGE( '', *, *, #8042, .T. );
#5481 = CARTESIAN_POINT( '', ( -0.112500000000000, 0.255000000000000, -0.0982500000000000 ) );
#5482 = DIRECTION( '', ( 0.000000000000000, -0.000000000000000, 1.00000000000000 ) );
#5483 = DIRECTION( '', ( 1.00000000000000, 0.000000000000000, -0.000000000000000 ) );
#5484 = SURFACE_STYLE_FILL_AREA( #8064 );
#5485 = ORIENTED_EDGE( '', *, *, #8065, .F. );
#5486 = ORIENTED_EDGE( '', *, *, #7829, .F. );
#5487 = ORIENTED_EDGE( '', *, *, #7856, .T. );
#5488 = ORIENTED_EDGE( '', *, *, #8066, .T. );
#5489 = CARTESIAN_POINT( '', ( -0.0125000000000000, 0.255000000000000, 0.0982500000000000 ) );
#5490 = DIRECTION( '', ( -1.00000000000000, 0.000000000000000, 0.000000000000000 ) );
#5491 = DIRECTION( '', ( 0.000000000000000, 0.000000000000000, 1.00000000000000 ) );
#5492 = SURFACE_STYLE_FILL_AREA( #8067 );
#5493 = ORIENTED_EDGE( '', *, *, #8005, .F. );
#5494 = ORIENTED_EDGE( '', *, *, #7427, .T. );
#5495 = ORIENTED_EDGE( '', *, *, #8068, .T. );
#5496 = ORIENTED_EDGE( '', *, *, #8069, .T. );
#5497 = ORIENTED_EDGE( '', *, *, #7923, .T. );
#5498 = ORIENTED_EDGE( '', *, *, #7541, .T. );
#5499 = ORIENTED_EDGE( '', *, *, #7514, .T. );
#5500 = ORIENTED_EDGE( '', *, *, #8070, .F. );
#5501 = ORIENTED_EDGE( '', *, *, #8071, .T. );
#5502 = ORIENTED_EDGE( '', *, *, #8072, .T. );
#5503 = ORIENTED_EDGE( '', *, *, #8073, .T. );
#5504 = ORIENTED_EDGE( '', *, *, #8074, .F. );
#5505 = CARTESIAN_POINT( '', ( 0.0790000000000000, 0.0300000000000000, 0.275000000000000 ) );
#5506 = DIRECTION( '', ( -0.000000000000000, 1.00000000000000, 0.000000000000000 ) );
#5507 = DIRECTION( '', ( 0.000000000000000, -0.000000000000000, 1.00000000000000 ) );
#5508 = SURFACE_STYLE_FILL_AREA( #8075 );
#5509 = ORIENTED_EDGE( '', *, *, #7376, .T. );
#5510 = ORIENTED_EDGE( '', *, *, #7730, .F. );
#5511 = ORIENTED_EDGE( '', *, *, #7582, .T. );
#5512 = ORIENTED_EDGE( '', *, *, #6997, .T. );
#5513 = CARTESIAN_POINT( '', ( -0.120500000000000, 0.350000000000000, 0.0217500000000000 ) );
#5514 = DIRECTION( '', ( 0.000000000000000, -0.000000000000000, 1.00000000000000 ) );
#5515 = DIRECTION( '', ( 1.00000000000000, 0.000000000000000, -0.000000000000000 ) );
#5516 = SURFACE_STYLE_FILL_AREA( #8076 );
#5517 = ORIENTED_EDGE( '', *, *, #8069, .F. );
#5518 = ORIENTED_EDGE( '', *, *, #8077, .T. );
#5519 = ORIENTED_EDGE( '', *, *, #8078, .T. );
#5520 = ORIENTED_EDGE( '', *, *, #7921, .F. );
#5521 = CARTESIAN_POINT( '', ( 0.0790000000000000, 0.0750000000000000, 0.275000000000000 ) );
#5522 = DIRECTION( '', ( 0.000000000000000, 0.000000000000000, -1.00000000000000 ) );
#5523 = DIRECTION( '', ( -1.00000000000000, 0.000000000000000, 0.000000000000000 ) );
#5524 = SURFACE_STYLE_FILL_AREA( #8079 );
#5525 = ORIENTED_EDGE( '', *, *, #8035, .T. );
#5526 = ORIENTED_EDGE( '', *, *, #8080, .T. );
#5527 = ORIENTED_EDGE( '', *, *, #8081, .F. );
#5528 = ORIENTED_EDGE( '', *, *, #8082, .T. );
#5529 = CARTESIAN_POINT( '', ( 0.128500000000000, 0.100000000000000, 0.195000000000000 ) );
#5530 = DIRECTION( '', ( -1.00000000000000, 0.000000000000000, 0.000000000000000 ) );
#5531 = DIRECTION( '', ( 0.000000000000000, 0.000000000000000, 1.00000000000000 ) );
#5532 = SURFACE_STYLE_FILL_AREA( #8083 );
#5533 = ORIENTED_EDGE( '', *, *, #8084, .F. );
#5534 = ORIENTED_EDGE( '', *, *, #8085, .T. );
#5535 = ORIENTED_EDGE( '', *, *, #8086, .T. );
#5536 = ORIENTED_EDGE( '', *, *, #8087, .F. );
#5537 = ORIENTED_EDGE( '', *, *, #8088, .F. );
#5538 = ORIENTED_EDGE( '', *, *, #7144, .F. );
#5539 = ORIENTED_EDGE( '', *, *, #8057, .F. );
#5540 = ORIENTED_EDGE( '', *, *, #7909, .F. );
#5541 = ORIENTED_EDGE( '', *, *, #8089, .T. );
#5542 = ORIENTED_EDGE( '', *, *, #8090, .T. );
#5543 = CARTESIAN_POINT( '', ( 0.200000000000000, 0.505000000000000, 0.106850000000000 ) );
#5544 = DIRECTION( '', ( 0.000000000000000, -0.0143167143562177, -0.999897510592982 ) );
#5545 = DIRECTION( '', ( 0.000000000000000, 0.999897510592982, -0.0143167143562177 ) );
#5546 = SURFACE_STYLE_FILL_AREA( #8091 );
#5547 = ORIENTED_EDGE( '', *, *, #7405, .F. );
#5548 = ORIENTED_EDGE( '', *, *, #7581, .F. );
#5549 = ORIENTED_EDGE( '', *, *, #7046, .T. );
#5550 = ORIENTED_EDGE( '', *, *, #8092, .T. );
#5551 = ORIENTED_EDGE( '', *, *, #7706, .F. );
#5552 = ORIENTED_EDGE( '', *, *, #8093, .F. );
#5553 = CARTESIAN_POINT( '', ( -0.170000000000000, 0.362000000000000, 0.0805000000000000 ) );
#5554 = DIRECTION( '', ( -1.00000000000000, 0.000000000000000, 0.000000000000000 ) );
#5555 = DIRECTION( '', ( 0.000000000000000, 0.000000000000000, 1.00000000000000 ) );
#5556 = SURFACE_STYLE_FILL_AREA( #8094 );
#5557 = ORIENTED_EDGE( '', *, *, #7401, .F. );
#5558 = ORIENTED_EDGE( '', *, *, #7554, .T. );
#5559 = ORIENTED_EDGE( '', *, *, #7437, .F. );
#5560 = ORIENTED_EDGE( '', *, *, #8095, .F. );
#5561 = CARTESIAN_POINT( '', ( 0.125000000000000, 0.505000000000000, -0.0381422538958261 ) );
#5562 = DIRECTION( '', ( 0.000000000000000, -0.292371704722737, -0.956304755963035 ) );
#5563 = DIRECTION( '', ( 0.000000000000000, 0.956304755963036, -0.292371704722737 ) );
#5564 = SURFACE_STYLE_FILL_AREA( #8096 );
#5565 = ORIENTED_EDGE( '', *, *, #8065, .T. );
#5566 = ORIENTED_EDGE( '', *, *, #8097, .T. );
#5567 = ORIENTED_EDGE( '', *, *, #8098, .T. );
#5568 = ORIENTED_EDGE( '', *, *, #7826, .T. );
#5569 = ORIENTED_EDGE( '', *, *, #8099, .F. );
#5570 = ORIENTED_EDGE( '', *, *, #8100, .F. );
#5571 = ORIENTED_EDGE( '', *, *, #8101, .F. );
#5572 = ORIENTED_EDGE( '', *, *, #8102, .F. );
#5573 = CARTESIAN_POINT( '', ( 0.100000000000000, 0.118700000000000, -6.40276873515062E-18 ) );
#5574 = DIRECTION( '', ( 0.000000000000000, 1.00000000000000, -0.000000000000000 ) );
#5575 = DIRECTION( '', ( 0.000000000000000, 0.000000000000000, 1.00000000000000 ) );
#5576 = SURFACE_STYLE_FILL_AREA( #8103 );
#5577 = ORIENTED_EDGE( '', *, *, #7883, .F. );
#5578 = ORIENTED_EDGE( '', *, *, #7488, .F. );
#5579 = ORIENTED_EDGE( '', *, *, #7136, .T. );
#5580 = ORIENTED_EDGE( '', *, *, #7724, .F. );
#5581 = ORIENTED_EDGE( '', *, *, #8104, .F. );
#5582 = ORIENTED_EDGE( '', *, *, #8105, .F. );
#5583 = CARTESIAN_POINT( '', ( 0.125000000000000, 0.285000000000000, -0.0556825692881845 ) );
#5584 = DIRECTION( '', ( 0.000000000000000, -0.0348994967025010, 0.999390827019096 ) );
#5585 = DIRECTION( '', ( 0.000000000000000, -0.999390827019096, -0.0348994967025010 ) );
#5586 = SURFACE_STYLE_FILL_AREA( #8106 );
#5587 = ORIENTED_EDGE( '', *, *, #7470, .T. );
#5588 = ORIENTED_EDGE( '', *, *, #8046, .F. );
#5589 = ORIENTED_EDGE( '', *, *, #8107, .T. );
#5590 = ORIENTED_EDGE( '', *, *, #7690, .T. );
#5591 = CARTESIAN_POINT( '', ( 0.179500000000000, 0.350000000000000, -0.0952500000000000 ) );
#5592 = DIRECTION( '', ( 0.000000000000000, -0.000000000000000, 1.00000000000000 ) );
#5593 = DIRECTION( '', ( 1.00000000000000, 0.000000000000000, -0.000000000000000 ) );
#5594 = SURFACE_STYLE_FILL_AREA( #8108 );
#5595 = ORIENTED_EDGE( '', *, *, #8109, .F. );
#5596 = ORIENTED_EDGE( '', *, *, #7972, .F. );
#5597 = ORIENTED_EDGE( '', *, *, #7468, .T. );
#5598 = ORIENTED_EDGE( '', *, *, #7458, .T. );
#5599 = CARTESIAN_POINT( '', ( 0.112500000000000, 0.255000000000000, -0.0187500000000000 ) );
#5600 = DIRECTION( '', ( 0.000000000000000, 0.000000000000000, -1.00000000000000 ) );
#5601 = DIRECTION( '', ( -1.00000000000000, 0.000000000000000, 0.000000000000000 ) );
#5602 = SURFACE_STYLE_FILL_AREA( #8110 );
#5603 = ORIENTED_EDGE( '', *, *, #7149, .F. );
#5604 = ORIENTED_EDGE( '', *, *, #8111, .F. );
#5605 = ORIENTED_EDGE( '', *, *, #8071, .F. );
#5606 = ORIENTED_EDGE( '', *, *, #8112, .F. );
#5607 = ORIENTED_EDGE( '', *, *, #7669, .F. );
#5608 = ORIENTED_EDGE( '', *, *, #8113, .F. );
#5609 = ORIENTED_EDGE( '', *, *, #8114, .F. );
#5610 = ORIENTED_EDGE( '', *, *, #8115, .T. );
#5611 = ORIENTED_EDGE( '', *, *, #7035, .F. );
#5612 = ORIENTED_EDGE( '', *, *, #7652, .F. );
#5613 = ORIENTED_EDGE( '', *, *, #8116, .F. );
#5614 = ORIENTED_EDGE( '', *, *, #7390, .F. );
#5615 = ORIENTED_EDGE( '', *, *, #8117, .F. );
#5616 = ORIENTED_EDGE( '', *, *, #8118, .F. );
#5617 = ORIENTED_EDGE( '', *, *, #8119, .F. );
#5618 = CARTESIAN_POINT( '', ( -0.0415000000000000, 0.280000000000000, 0.203000000000000 ) );
#5619 = DIRECTION( '', ( -1.00000000000000, 0.000000000000000, 0.000000000000000 ) );
#5620 = DIRECTION( '', ( 0.000000000000000, 0.000000000000000, 1.00000000000000 ) );
#5621 = SURFACE_STYLE_FILL_AREA( #8120 );
#5622 = ORIENTED_EDGE( '', *, *, #7506, .F. );
#5623 = ORIENTED_EDGE( '', *, *, #7610, .F. );
#5624 = ORIENTED_EDGE( '', *, *, #7569, .F. );
#5625 = ORIENTED_EDGE( '', *, *, #8121, .F. );
#5626 = ORIENTED_EDGE( '', *, *, #7291, .F. );
#5627 = ORIENTED_EDGE( '', *, *, #7918, .F. );
#5628 = ORIENTED_EDGE( '', *, *, #8122, .F. );
#5629 = ORIENTED_EDGE( '', *, *, #7060, .F. );
#5630 = CARTESIAN_POINT( '', ( -0.229000000000000, 0.000000000000000, -0.000000000000000 ) );
#5631 = DIRECTION( '', ( 1.00000000000000, 0.000000000000000, -0.000000000000000 ) );
#5632 = DIRECTION( '', ( -0.000000000000000, 0.000000000000000, -1.00000000000000 ) );
#5633 = SURFACE_STYLE_FILL_AREA( #8123 );
#5634 = ORIENTED_EDGE( '', *, *, #7377, .T. );
#5635 = ORIENTED_EDGE( '', *, *, #7000, .F. );
#5636 = ORIENTED_EDGE( '', *, *, #7410, .T. );
#5637 = ORIENTED_EDGE( '', *, *, #7729, .T. );
#5638 = CARTESIAN_POINT( '', ( -0.179500000000000, 0.350000000000000, 0.0952500000000000 ) );
#5639 = DIRECTION( '', ( 0.000000000000000, 0.000000000000000, -1.00000000000000 ) );
#5640 = DIRECTION( '', ( -1.00000000000000, 0.000000000000000, 0.000000000000000 ) );
#5641 = SURFACE_STYLE_FILL_AREA( #8124 );
#5642 = ORIENTED_EDGE( '', *, *, #8125, .F. );
#5643 = ORIENTED_EDGE( '', *, *, #7460, .F. );
#5644 = ORIENTED_EDGE( '', *, *, #7467, .T. );
#5645 = ORIENTED_EDGE( '', *, *, #7971, .T. );
#5646 = CARTESIAN_POINT( '', ( 0.187500000000000, 0.255000000000000, -0.0982500000000000 ) );
#5647 = DIRECTION( '', ( 0.000000000000000, -0.000000000000000, 1.00000000000000 ) );
#5648 = DIRECTION( '', ( 1.00000000000000, 0.000000000000000, -0.000000000000000 ) );
#5649 = SURFACE_STYLE_FILL_AREA( #8126 );
#5650 = ORIENTED_EDGE( '', *, *, #8127, .F. );
#5651 = ORIENTED_EDGE( '', *, *, #7277, .F. );
#5652 = ORIENTED_EDGE( '', *, *, #7803, .T. );
#5653 = ORIENTED_EDGE( '', *, *, #8128, .T. );
#5654 = CARTESIAN_POINT( '', ( -0.192500000000000, 0.100000000000000, 0.103250000000000 ) );
#5655 = DIRECTION( '', ( 0.000000000000000, 0.000000000000000, -1.00000000000000 ) );
#5656 = DIRECTION( '', ( -1.00000000000000, 0.000000000000000, 0.000000000000000 ) );
#5657 = SURFACE_STYLE_FILL_AREA( #8129 );
#5658 = ORIENTED_EDGE( '', *, *, #7586, .F. );
#5659 = ORIENTED_EDGE( '', *, *, #8033, .T. );
#5660 = ORIENTED_EDGE( '', *, *, #8130, .T. );
#5661 = ORIENTED_EDGE( '', *, *, #8131, .F. );
#5662 = CARTESIAN_POINT( '', ( -0.165500000000000, 0.455000000000000, 0.0655000000000000 ) );
#5663 = DIRECTION( '', ( 0.000000000000000, 0.000000000000000, 1.00000000000000 ) );
#5664 = DIRECTION( '', ( 1.00000000000000, 0.000000000000000, -0.000000000000000 ) );
#5665 = SURFACE_STYLE_FILL_AREA( #8132 );
#5666 = ORIENTED_EDGE( '', *, *, #8088, .T. );
#5667 = ORIENTED_EDGE( '', *, *, #8133, .T. );
#5668 = ORIENTED_EDGE( '', *, *, #7261, .T. );
#5669 = ORIENTED_EDGE( '', *, *, #7145, .F. );
#5670 = CARTESIAN_POINT( '', ( 0.110000000000000, 0.285000000000000, 0.125000000000000 ) );
#5671 = DIRECTION( '', ( -0.999891236496823, 0.0147483957383281, 0.000000000000000 ) );
#5672 = DIRECTION( '', ( -0.0147483957383281, -0.999891236496823, 0.000000000000000 ) );
#5673 = SURFACE_STYLE_FILL_AREA( #8134 );
#5674 = ORIENTED_EDGE( '', *, *, #7365, .F. );
#5675 = ORIENTED_EDGE( '', *, *, #8135, .F. );
#5676 = ORIENTED_EDGE( '', *, *, #7695, .T. );
#5677 = ORIENTED_EDGE( '', *, *, #8136, .T. );
#5678 = CARTESIAN_POINT( '', ( 0.0875000000000000, 0.255000000000000, 0.0187500000000000 ) );
#5679 = DIRECTION( '', ( 0.000000000000000, -0.000000000000000, 1.00000000000000 ) );
#5680 = DIRECTION( '', ( 1.00000000000000, 0.000000000000000, -0.000000000000000 ) );
#5681 = SURFACE_STYLE_FILL_AREA( #8137 );
#5682 = ORIENTED_EDGE( '', *, *, #7151, .F. );
#5683 = ORIENTED_EDGE( '', *, *, #8138, .F. );
#5684 = ORIENTED_EDGE( '', *, *, #8139, .F. );
#5685 = ORIENTED_EDGE( '', *, *, #8140, .F. );
#5686 = ORIENTED_EDGE( '', *, *, #8141, .F. );
#5687 = ORIENTED_EDGE( '', *, *, #8142, .F. );
#5688 = ORIENTED_EDGE( '', *, *, #7964, .F. );
#5689 = ORIENTED_EDGE( '', *, *, #8143, .F. );
#5690 = ORIENTED_EDGE( '', *, *, #7898, .T. );
#5691 = ORIENTED_EDGE( '', *, *, #8144, .F. );
#5692 = ORIENTED_EDGE( '', *, *, #8145, .F. );
#5693 = ORIENTED_EDGE( '', *, *, #7163, .F. );
#5694 = ORIENTED_EDGE( '', *, *, #8146, .F. );
#5695 = ORIENTED_EDGE( '', *, *, #8073, .F. );
#5696 = ORIENTED_EDGE( '', *, *, #8147, .T. );
#5697 = CARTESIAN_POINT( '', ( 0.0415000000000000, 0.280000000000000, 0.115000000000000 ) );
#5698 = DIRECTION( '', ( 1.00000000000000, 0.000000000000000, 0.000000000000000 ) );
#5699 = DIRECTION( '', ( 0.000000000000000, 0.000000000000000, -1.00000000000000 ) );
#5700 = SURFACE_STYLE_FILL_AREA( #8148 );
#5701 = ORIENTED_EDGE( '', *, *, #8149, .T. );
#5702 = ORIENTED_EDGE( '', *, *, #8150, .T. );
#5703 = ORIENTED_EDGE( '', *, *, #7643, .T. );
#5704 = ORIENTED_EDGE( '', *, *, #7832, .T. );
#5705 = CARTESIAN_POINT( '', ( 0.300000000000000, 0.362000000000000, -0.192000000000000 ) );
#5706 = DIRECTION( '', ( 0.000000000000000, 1.00000000000000, 0.000000000000000 ) );
#5707 = DIRECTION( '', ( 0.000000000000000, -0.000000000000000, 1.00000000000000 ) );
#5708 = SURFACE_STYLE_FILL_AREA( #8151 );
#5709 = ORIENTED_EDGE( '', *, *, #7884, .F. );
#5710 = ORIENTED_EDGE( '', *, *, #8105, .T. );
#5711 = ORIENTED_EDGE( '', *, *, #8152, .F. );
#5712 = ORIENTED_EDGE( '', *, *, #7561, .F. );
#5713 = CARTESIAN_POINT( '', ( 0.125000000000000, 0.486011574286637, -0.0486630904373475 ) );
#5714 = DIRECTION( '', ( 0.000000000000000, -0.292371704722737, 0.956304755963035 ) );
#5715 = DIRECTION( '', ( 0.000000000000000, -0.956304755963035, -0.292371704722737 ) );
#5716 = SURFACE_STYLE_FILL_AREA( #8153 );
#5717 = ORIENTED_EDGE( '', *, *, #8154, .T. );
#5718 = ORIENTED_EDGE( '', *, *, #8155, .T. );
#5719 = ORIENTED_EDGE( '', *, *, #7638, .T. );
#5720 = ORIENTED_EDGE( '', *, *, #7181, .T. );
#5721 = ORIENTED_EDGE( '', *, *, #7891, .F. );
#5722 = ORIENTED_EDGE( '', *, *, #8156, .F. );
#5723 = ORIENTED_EDGE( '', *, *, #7666, .F. );
#5724 = ORIENTED_EDGE( '', *, *, #8157, .F. );
#5725 = CARTESIAN_POINT( '', ( 0.200000000000000, 0.118700000000000, -0.117000000000000 ) );
#5726 = DIRECTION( '', ( 0.000000000000000, 1.00000000000000, -0.000000000000000 ) );
#5727 = DIRECTION( '', ( 0.000000000000000, 0.000000000000000, 1.00000000000000 ) );
#5728 = SURFACE_STYLE_FILL_AREA( #8158 );
#5729 = ORIENTED_EDGE( '', *, *, #8159, .F. );
#5730 = ORIENTED_EDGE( '', *, *, #8160, .F. );
#5731 = ORIENTED_EDGE( '', *, *, #8161, .F. );
#5732 = ORIENTED_EDGE( '', *, *, #8162, .F. );
#5733 = ORIENTED_EDGE( '', *, *, #7280, .F. );
#5734 = ORIENTED_EDGE( '', *, *, #8163, .F. );
#5735 = CARTESIAN_POINT( '', ( 0.0700000000000000, 0.362000000000000, 0.111500000000000 ) );
#5736 = DIRECTION( '', ( 1.00000000000000, -0.000000000000000, 0.000000000000000 ) );
#5737 = DIRECTION( '', ( 0.000000000000000, 0.000000000000000, -1.00000000000000 ) );
#5738 = SURFACE_STYLE_FILL_AREA( #8164 );
#5739 = ORIENTED_EDGE( '', *, *, #7650, .F. );
#5740 = ORIENTED_EDGE( '', *, *, #7041, .T. );
#5741 = ORIENTED_EDGE( '', *, *, #7066, .T. );
#5742 = ORIENTED_EDGE( '', *, *, #8165, .F. );
#5743 = CARTESIAN_POINT( '', ( -0.0750000000000000, 0.0500000000000000, 0.125000000000000 ) );
#5744 = DIRECTION( '', ( 1.00000000000000, -0.000000000000000, 0.000000000000000 ) );
#5745 = DIRECTION( '', ( 0.000000000000000, 0.000000000000000, -1.00000000000000 ) );
#5746 = SURFACE_STYLE_FILL_AREA( #8166 );
#5747 = ORIENTED_EDGE( '', *, *, #8167, .F. );
#5748 = ORIENTED_EDGE( '', *, *, #7130, .T. );
#5749 = ORIENTED_EDGE( '', *, *, #7703, .F. );
#5750 = ORIENTED_EDGE( '', *, *, #7630, .F. );
#5751 = ORIENTED_EDGE( '', *, *, #8168, .F. );
#5752 = ORIENTED_EDGE( '', *, *, #8169, .F. );
#5753 = ORIENTED_EDGE( '', *, *, #7004, .F. );
#5754 = ORIENTED_EDGE( '', *, *, #7127, .T. );
#5755 = ORIENTED_EDGE( '', *, *, #8170, .F. );
#5756 = ORIENTED_EDGE( '', *, *, #7012, .T. );
#5757 = CARTESIAN_POINT( '', ( 0.200000000000000, 0.285000000000000, 0.0100000000000000 ) );
#5758 = DIRECTION( '', ( 0.000000000000000, -0.0143167143562177, 0.999897510592982 ) );
#5759 = DIRECTION( '', ( 0.000000000000000, -0.999897510592982, -0.0143167143562177 ) );
#5760 = SURFACE_STYLE_FILL_AREA( #8171 );
#5761 = ORIENTED_EDGE( '', *, *, #7817, .F. );
#5762 = ORIENTED_EDGE( '', *, *, #7433, .T. );
#5763 = ORIENTED_EDGE( '', *, *, #7980, .T. );
#5764 = ORIENTED_EDGE( '', *, *, #8172, .F. );
#5765 = CARTESIAN_POINT( '', ( -0.134500000000000, 0.455000000000000, -0.0345000000000000 ) );
#5766 = DIRECTION( '', ( 1.00000000000000, -0.000000000000000, 0.000000000000000 ) );
#5767 = DIRECTION( '', ( 0.000000000000000, 0.000000000000000, -1.00000000000000 ) );
#5768 = SURFACE_STYLE_FILL_AREA( #8173 );
#5769 = ORIENTED_EDGE( '', *, *, #7332, .T. );
#5770 = ORIENTED_EDGE( '', *, *, #7414, .T. );
#5771 = ORIENTED_EDGE( '', *, *, #8174, .F. );
#5772 = ORIENTED_EDGE( '', *, *, #7425, .T. );
#5773 = CARTESIAN_POINT( '', ( 0.0470000000000000, 0.575000000000000, 0.245000000000000 ) );
#5774 = DIRECTION( '', ( -1.00000000000000, 0.000000000000000, 0.000000000000000 ) );
#5775 = DIRECTION( '', ( 0.000000000000000, 0.000000000000000, 1.00000000000000 ) );
#5776 = SURFACE_STYLE_FILL_AREA( #8175 );
#5777 = ORIENTED_EDGE( '', *, *, #7744, .F. );
#5778 = ORIENTED_EDGE( '', *, *, #7309, .T. );
#5779 = ORIENTED_EDGE( '', *, *, #7982, .T. );
#5780 = ORIENTED_EDGE( '', *, *, #8176, .F. );
#5781 = CARTESIAN_POINT( '', ( -0.0345000000000000, 0.455000000000000, -0.0345000000000000 ) );
#5782 = DIRECTION( '', ( 1.00000000000000, -0.000000000000000, 0.000000000000000 ) );
#5783 = DIRECTION( '', ( 0.000000000000000, 0.000000000000000, -1.00000000000000 ) );
#5784 = SURFACE_STYLE_FILL_AREA( #8177 );
#5785 = ORIENTED_EDGE( '', *, *, #8178, .F. );
#5786 = ORIENTED_EDGE( '', *, *, #7681, .F. );
#5787 = ORIENTED_EDGE( '', *, *, #7281, .F. );
#5788 = ORIENTED_EDGE( '', *, *, #8162, .T. );
#5789 = ORIENTED_EDGE( '', *, *, #8179, .F. );
#5790 = ORIENTED_EDGE( '', *, *, #8180, .T. );
#5791 = ORIENTED_EDGE( '', *, *, #8168, .T. );
#5792 = ORIENTED_EDGE( '', *, *, #7629, .F. );
#5793 = ORIENTED_EDGE( '', *, *, #7019, .F. );
#5794 = ORIENTED_EDGE( '', *, *, #8181, .F. );
#5795 = ORIENTED_EDGE( '', *, *, #8182, .F. );
#5796 = ORIENTED_EDGE( '', *, *, #7944, .F. );
#5797 = CARTESIAN_POINT( '', ( 0.200000000000000, 0.505000000000000, 0.0131500000000000 ) );
#5798 = DIRECTION( '', ( 0.000000000000000, -1.00000000000000, 0.000000000000000 ) );
#5799 = DIRECTION( '', ( 0.000000000000000, 0.000000000000000, -1.00000000000000 ) );
#5800 = SURFACE_STYLE_FILL_AREA( #8183 );
#5801 = ORIENTED_EDGE( '', *, *, #8184, .F. );
#5802 = ORIENTED_EDGE( '', *, *, #8185, .F. );
#5803 = ORIENTED_EDGE( '', *, *, #8099, .T. );
#5804 = ORIENTED_EDGE( '', *, *, #8186, .T. );
#5805 = CARTESIAN_POINT( '', ( -0.00750000000000002, 0.100000000000000, 0.0137500000000000 ) );
#5806 = DIRECTION( '', ( 0.000000000000000, -0.000000000000000, 1.00000000000000 ) );
#5807 = DIRECTION( '', ( 1.00000000000000, 0.000000000000000, -0.000000000000000 ) );
#5808 = SURFACE_STYLE_FILL_AREA( #8187 );
#5809 = ORIENTED_EDGE( '', *, *, #8188, .F. );
#5810 = ORIENTED_EDGE( '', *, *, #7892, .F. );
#5811 = ORIENTED_EDGE( '', *, *, #8157, .T. );
#5812 = ORIENTED_EDGE( '', *, *, #7665, .T. );
#5813 = CARTESIAN_POINT( '', ( 0.00749999999999999, 0.100000000000000, -0.103250000000000 ) );
#5814 = DIRECTION( '', ( 1.00000000000000, 0.000000000000000, 0.000000000000000 ) );
#5815 = DIRECTION( '', ( 0.000000000000000, 0.000000000000000, -1.00000000000000 ) );
#5816 = SURFACE_STYLE_FILL_AREA( #8189 );
#5817 = ORIENTED_EDGE( '', *, *, #8155, .F. );
#5818 = ORIENTED_EDGE( '', *, *, #8190, .F. );
#5819 = ORIENTED_EDGE( '', *, *, #7229, .T. );
#5820 = ORIENTED_EDGE( '', *, *, #7639, .T. );
#5821 = CARTESIAN_POINT( '', ( 0.0875000000000000, 0.255000000000000, -0.0982500000000000 ) );
#5822 = DIRECTION( '', ( 0.000000000000000, -0.000000000000000, 1.00000000000000 ) );
#5823 = DIRECTION( '', ( 1.00000000000000, 0.000000000000000, -0.000000000000000 ) );
#5824 = SURFACE_STYLE_FILL_AREA( #8191 );
#5825 = ORIENTED_EDGE( '', *, *, #7670, .F. );
#5826 = ORIENTED_EDGE( '', *, *, #8112, .T. );
#5827 = ORIENTED_EDGE( '', *, *, #8070, .T. );
#5828 = ORIENTED_EDGE( '', *, *, #7513, .T. );
#5829 = CARTESIAN_POINT( '', ( 0.0790000000000000, 0.0300000000000000, 0.163000000000000 ) );
#5830 = DIRECTION( '', ( 0.000000000000000, 0.000000000000000, 1.00000000000000 ) );
#5831 = DIRECTION( '', ( 1.00000000000000, 0.000000000000000, -0.000000000000000 ) );
#5832 = SURFACE_STYLE_FILL_AREA( #8192 );
#5833 = ORIENTED_EDGE( '', *, *, #7037, .T. );
#5834 = ORIENTED_EDGE( '', *, *, #8193, .T. );
#5835 = ORIENTED_EDGE( '', *, *, #8194, .F. );
#5836 = ORIENTED_EDGE( '', *, *, #8195, .T. );
#5837 = CARTESIAN_POINT( '', ( -0.0750000000000000, 0.0500000000000000, 0.125000000000000 ) );
#5838 = DIRECTION( '', ( 1.00000000000000, -0.000000000000000, 0.000000000000000 ) );
#5839 = DIRECTION( '', ( 0.000000000000000, 0.000000000000000, -1.00000000000000 ) );
#5840 = SURFACE_STYLE_FILL_AREA( #8196 );
#5841 = ORIENTED_EDGE( '', *, *, #7234, .T. );
#5842 = ORIENTED_EDGE( '', *, *, #8197, .F. );
#5843 = ORIENTED_EDGE( '', *, *, #8018, .F. );
#5844 = ORIENTED_EDGE( '', *, *, #7646, .T. );
#5845 = CARTESIAN_POINT( '', ( 0.0205000000000000, 0.350000000000000, -0.0217500000000000 ) );
#5846 = DIRECTION( '', ( 0.000000000000000, 0.000000000000000, -1.00000000000000 ) );
#5847 = DIRECTION( '', ( -1.00000000000000, 0.000000000000000, 0.000000000000000 ) );
#5848 = SURFACE_STYLE_FILL_AREA( #8198 );
#5849 = ORIENTED_EDGE( '', *, *, #7999, .F. );
#5850 = ORIENTED_EDGE( '', *, *, #7661, .F. );
#5851 = ORIENTED_EDGE( '', *, *, #8199, .F. );
#5852 = ORIENTED_EDGE( '', *, *, #7538, .F. );
#5853 = ORIENTED_EDGE( '', *, *, #7849, .F. );
#5854 = ORIENTED_EDGE( '', *, *, #8200, .F. );
#5855 = ORIENTED_EDGE( '', *, *, #8201, .F. );
#5856 = ORIENTED_EDGE( '', *, *, #7819, .F. );
#5857 = CARTESIAN_POINT( '', ( 0.300000000000000, 0.255000000000000, 0.000000000000000 ) );
#5858 = DIRECTION( '', ( 0.000000000000000, 1.00000000000000, -0.000000000000000 ) );
#5859 = DIRECTION( '', ( 0.000000000000000, 0.000000000000000, 1.00000000000000 ) );
#5860 = SURFACE_STYLE_FILL_AREA( #8202 );
#5861 = ORIENTED_EDGE( '', *, *, #7361, .F. );
#5862 = ORIENTED_EDGE( '', *, *, #7186, .T. );
#5863 = ORIENTED_EDGE( '', *, *, #7335, .F. );
#5864 = ORIENTED_EDGE( '', *, *, #8004, .T. );
#5865 = ORIENTED_EDGE( '', *, *, #8203, .T. );
#5866 = ORIENTED_EDGE( '', *, *, #8138, .T. );
#5867 = ORIENTED_EDGE( '', *, *, #7150, .T. );
#5868 = ORIENTED_EDGE( '', *, *, #8119, .T. );
#5869 = ORIENTED_EDGE( '', *, *, #8204, .T. );
#5870 = ORIENTED_EDGE( '', *, *, #7508, .T. );
#5871 = ORIENTED_EDGE( '', *, *, #7328, .F. );
#5872 = ORIENTED_EDGE( '', *, *, #7320, .F. );
#5873 = CARTESIAN_POINT( '', ( 0.112500000000000, 0.280000000000000, 0.193000000000000 ) );
#5874 = DIRECTION( '', ( 0.000000000000000, 0.000000000000000, -1.00000000000000 ) );
#5875 = DIRECTION( '', ( -1.00000000000000, 0.000000000000000, 0.000000000000000 ) );
#5876 = SURFACE_STYLE_FILL_AREA( #8205 );
#5877 = ORIENTED_EDGE( '', *, *, #7800, .F. );
#5878 = ORIENTED_EDGE( '', *, *, #7443, .F. );
#5879 = ORIENTED_EDGE( '', *, *, #7373, .T. );
#5880 = ORIENTED_EDGE( '', *, *, #7493, .T. );
#5881 = CARTESIAN_POINT( '', ( -0.112500000000000, 0.255000000000000, 0.0982500000000000 ) );
#5882 = DIRECTION( '', ( -1.00000000000000, 0.000000000000000, 0.000000000000000 ) );
#5883 = DIRECTION( '', ( 0.000000000000000, 0.000000000000000, 1.00000000000000 ) );
#5884 = SURFACE_STYLE_FILL_AREA( #8206 );
#5885 = ORIENTED_EDGE( '', *, *, #8207, .T. );
#5886 = ORIENTED_EDGE( '', *, *, #7900, .T. );
#5887 = ORIENTED_EDGE( '', *, *, #8208, .F. );
#5888 = ORIENTED_EDGE( '', *, *, #7792, .T. );
#5889 = CARTESIAN_POINT( '', ( 0.0750000000000000, 0.0500000000000000, 0.117000000000000 ) );
#5890 = DIRECTION( '', ( -1.00000000000000, 0.000000000000000, 0.000000000000000 ) );
#5891 = DIRECTION( '', ( 0.000000000000000, 0.000000000000000, 1.00000000000000 ) );
#5892 = SURFACE_STYLE_FILL_AREA( #8209 );
#5893 = ORIENTED_EDGE( '', *, *, #8210, .F. );
#5894 = ORIENTED_EDGE( '', *, *, #8117, .T. );
#5895 = ORIENTED_EDGE( '', *, *, #7389, .T. );
#5896 = ORIENTED_EDGE( '', *, *, #7510, .T. );
#5897 = CARTESIAN_POINT( '', ( 0.112500000000000, 0.235000000000000, 0.168000000000000 ) );
#5898 = DIRECTION( '', ( -0.000000000000000, 1.00000000000000, 0.000000000000000 ) );
#5899 = DIRECTION( '', ( 0.000000000000000, -0.000000000000000, 1.00000000000000 ) );
#5900 = SURFACE_STYLE_FILL_AREA( #8211 );
#5901 = ORIENTED_EDGE( '', *, *, #8082, .F. );
#5902 = ORIENTED_EDGE( '', *, *, #8212, .F. );
#5903 = ORIENTED_EDGE( '', *, *, #8213, .F. );
#5904 = ORIENTED_EDGE( '', *, *, #8036, .T. );
#5905 = CARTESIAN_POINT( '', ( 0.229000000000000, 0.0500000000000000, 0.176500000000000 ) );
#5906 = DIRECTION( '', ( 0.000000000000000, 0.000000000000000, -1.00000000000000 ) );
#5907 = DIRECTION( '', ( -1.00000000000000, 0.000000000000000, 0.000000000000000 ) );
#5908 = SURFACE_STYLE_FILL_AREA( #8214 );
#5909 = ORIENTED_EDGE( '', *, *, #8215, .T. );
#5910 = ORIENTED_EDGE( '', *, *, #7796, .T. );
#5911 = ORIENTED_EDGE( '', *, *, #8015, .T. );
#5912 = ORIENTED_EDGE( '', *, *, #7496, .T. );
#5913 = ORIENTED_EDGE( '', *, *, #8216, .T. );
#5914 = ORIENTED_EDGE( '', *, *, #8001, .T. );
#5915 = ORIENTED_EDGE( '', *, *, #7974, .T. );
#5916 = ORIENTED_EDGE( '', *, *, #8217, .T. );
#5917 = ORIENTED_EDGE( '', *, *, #7889, .T. );
#5918 = ORIENTED_EDGE( '', *, *, #8188, .T. );
#5919 = ORIENTED_EDGE( '', *, *, #7664, .T. );
#5920 = ORIENTED_EDGE( '', *, *, #8218, .T. );
#5921 = ORIENTED_EDGE( '', *, *, #8184, .T. );
#5922 = ORIENTED_EDGE( '', *, *, #8219, .T. );
#5923 = ORIENTED_EDGE( '', *, *, #8220, .T. );
#5924 = ORIENTED_EDGE( '', *, *, #8221, .T. );
#5925 = ORIENTED_EDGE( '', *, *, #7624, .T. );
#5926 = ORIENTED_EDGE( '', *, *, #7274, .T. );
#5927 = ORIENTED_EDGE( '', *, *, #8127, .T. );
#5928 = ORIENTED_EDGE( '', *, *, #8222, .T. );
#5929 = ORIENTED_EDGE( '', *, *, #8059, .T. );
#5930 = ORIENTED_EDGE( '', *, *, #7862, .T. );
#5931 = ORIENTED_EDGE( '', *, *, #8223, .T. );
#5932 = ORIENTED_EDGE( '', *, *, #7170, .T. );
#5933 = ORIENTED_EDGE( '', *, *, #8224, .T. );
#5934 = ORIENTED_EDGE( '', *, *, #7685, .T. );
#5935 = ORIENTED_EDGE( '', *, *, #7996, .T. );
#5936 = ORIENTED_EDGE( '', *, *, #8225, .T. );
#5937 = ORIENTED_EDGE( '', *, *, #7484, .T. );
#5938 = ORIENTED_EDGE( '', *, *, #7323, .T. );
#5939 = ORIENTED_EDGE( '', *, *, #7805, .T. );
#5940 = ORIENTED_EDGE( '', *, *, #7869, .T. );
#5941 = ORIENTED_EDGE( '', *, *, #7451, .T. );
#5942 = ORIENTED_EDGE( '', *, *, #7292, .T. );
#5943 = ORIENTED_EDGE( '', *, *, #8121, .T. );
#5944 = ORIENTED_EDGE( '', *, *, #7572, .F. );
#5945 = ORIENTED_EDGE( '', *, *, #8226, .F. );
#5946 = ORIENTED_EDGE( '', *, *, #8212, .T. );
#5947 = ORIENTED_EDGE( '', *, *, #8081, .T. );
#5948 = ORIENTED_EDGE( '', *, *, #8227, .T. );
#5949 = CARTESIAN_POINT( '', ( 0.229000000000000, 0.000000000000000, 0.176500000000000 ) );
#5950 = DIRECTION( '', ( -0.000000000000000, 1.00000000000000, 0.000000000000000 ) );
#5951 = DIRECTION( '', ( 0.000000000000000, -0.000000000000000, 1.00000000000000 ) );
#5952 = SURFACE_STYLE_FILL_AREA( #8228 );
#5953 = ORIENTED_EDGE( '', *, *, #7743, .F. );
#5954 = ORIENTED_EDGE( '', *, *, #8176, .T. );
#5955 = ORIENTED_EDGE( '', *, *, #7981, .T. );
#5956 = ORIENTED_EDGE( '', *, *, #7054, .F. );
#5957 = CARTESIAN_POINT( '', ( -0.0345000000000000, 0.455000000000000, -0.0655000000000000 ) );
#5958 = DIRECTION( '', ( 0.000000000000000, 0.000000000000000, -1.00000000000000 ) );
#5959 = DIRECTION( '', ( -1.00000000000000, 0.000000000000000, 0.000000000000000 ) );
#5960 = SURFACE_STYLE_FILL_AREA( #8229 );
#5961 = ORIENTED_EDGE( '', *, *, #8052, .T. );
#5962 = ORIENTED_EDGE( '', *, *, #8230, .T. );
#5963 = ORIENTED_EDGE( '', *, *, #7026, .T. );
#5964 = ORIENTED_EDGE( '', *, *, #8231, .T. );
#5965 = CARTESIAN_POINT( '', ( 0.100000000000000, 0.362000000000000, -0.192000000000000 ) );
#5966 = DIRECTION( '', ( 0.000000000000000, 1.00000000000000, 0.000000000000000 ) );
#5967 = DIRECTION( '', ( 0.000000000000000, -0.000000000000000, 1.00000000000000 ) );
#5968 = SURFACE_STYLE_FILL_AREA( #8232 );
#5969 = ORIENTED_EDGE( '', *, *, #8154, .F. );
#5970 = ORIENTED_EDGE( '', *, *, #7184, .F. );
#5971 = ORIENTED_EDGE( '', *, *, #7230, .T. );
#5972 = ORIENTED_EDGE( '', *, *, #8190, .T. );
#5973 = CARTESIAN_POINT( '', ( 0.0875000000000000, 0.255000000000000, -0.0187500000000000 ) );
#5974 = DIRECTION( '', ( -1.00000000000000, 0.000000000000000, 0.000000000000000 ) );
#5975 = DIRECTION( '', ( 0.000000000000000, 0.000000000000000, 1.00000000000000 ) );
#5976 = SURFACE_STYLE_FILL_AREA( #8233 );
#5977 = ORIENTED_EDGE( '', *, *, #7680, .T. );
#5978 = ORIENTED_EDGE( '', *, *, #8234, .T. );
#5979 = ORIENTED_EDGE( '', *, *, #7606, .F. );
#5980 = ORIENTED_EDGE( '', *, *, #7994, .F. );
#5981 = ORIENTED_EDGE( '', *, *, #8235, .T. );
#5982 = ORIENTED_EDGE( '', *, *, #8236, .T. );
#5983 = ORIENTED_EDGE( '', *, *, #8163, .T. );
#5984 = ORIENTED_EDGE( '', *, *, #7279, .T. );
#5985 = ORIENTED_EDGE( '', *, *, #8237, .T. );
#5986 = ORIENTED_EDGE( '', *, *, #7017, .T. );
#5987 = ORIENTED_EDGE( '', *, *, #7943, .T. );
#5988 = ORIENTED_EDGE( '', *, *, #8238, .T. );
#5989 = CARTESIAN_POINT( '', ( 0.0795000000000000, 0.480000000000000, 0.0217500000000000 ) );
#5990 = DIRECTION( '', ( 0.000000000000000, -1.00000000000000, 0.000000000000000 ) );
#5991 = DIRECTION( '', ( 0.000000000000000, 0.000000000000000, -1.00000000000000 ) );
#5992 = SURFACE_STYLE_FILL_AREA( #8239 );
#5993 = ORIENTED_EDGE( '', *, *, #7058, .T. );
#5994 = ORIENTED_EDGE( '', *, *, #8240, .F. );
#5995 = ORIENTED_EDGE( '', *, *, #7611, .T. );
#5996 = ORIENTED_EDGE( '', *, *, #7504, .T. );
#5997 = CARTESIAN_POINT( '', ( -0.175000000000000, 0.0500000000000000, -0.117000000000000 ) );
#5998 = DIRECTION( '', ( 1.00000000000000, -0.000000000000000, 0.000000000000000 ) );
#5999 = DIRECTION( '', ( 0.000000000000000, 0.000000000000000, -1.00000000000000 ) );
#6000 = SURFACE_STYLE_FILL_AREA( #8241 );
#6001 = ORIENTED_EDGE( '', *, *, #7576, .F. );
#6002 = ORIENTED_EDGE( '', *, *, #8242, .F. );
#6003 = ORIENTED_EDGE( '', *, *, #8090, .F. );
#6004 = ORIENTED_EDGE( '', *, *, #8243, .F. );
#6005 = ORIENTED_EDGE( '', *, *, #8244, .F. );
#6006 = ORIENTED_EDGE( '', *, *, #7530, .F. );
#6007 = CARTESIAN_POINT( '', ( 0.170000000000000, 0.362000000000000, 0.111500000000000 ) );
#6008 = DIRECTION( '', ( 1.00000000000000, -0.000000000000000, 0.000000000000000 ) );
#6009 = DIRECTION( '', ( 0.000000000000000, 0.000000000000000, -1.00000000000000 ) );
#6010 = SURFACE_STYLE_FILL_AREA( #8245 );
#6011 = ORIENTED_EDGE( '', *, *, #8246, .T. );
#6012 = ORIENTED_EDGE( '', *, *, #7116, .T. );
#6013 = ORIENTED_EDGE( '', *, *, #8247, .T. );
#6014 = ORIENTED_EDGE( '', *, *, #8248, .F. );
#6015 = CARTESIAN_POINT( '', ( -0.0129500000000000, 0.485000000000000, 0.125000000000000 ) );
#6016 = DIRECTION( '', ( 0.999891236496823, 0.0147483957383282, -0.000000000000000 ) );
#6017 = DIRECTION( '', ( -0.0147483957383282, 0.999891236496823, 0.000000000000000 ) );
#6018 = SURFACE_STYLE_FILL_AREA( #8249 );
#6019 = ORIENTED_EDGE( '', *, *, #8152, .T. );
#6020 = ORIENTED_EDGE( '', *, *, #8104, .T. );
#6021 = ORIENTED_EDGE( '', *, *, #7723, .T. );
#6022 = ORIENTED_EDGE( '', *, *, #7719, .T. );
#6023 = ORIENTED_EDGE( '', *, *, #7562, .T. );
#6024 = CARTESIAN_POINT( '', ( 0.0810500000000000, 0.505000000000000, 0.125000000000000 ) );
#6025 = DIRECTION( '', ( 0.957826285221152, 0.287347885566345, -0.000000000000000 ) );
#6026 = DIRECTION( '', ( -0.287347885566345, 0.957826285221152, 0.000000000000000 ) );
#6027 = SURFACE_STYLE_FILL_AREA( #8250 );
#6028 = ORIENTED_EDGE( '', *, *, #7509, .T. );
#6029 = ORIENTED_EDGE( '', *, *, #8204, .F. );
#6030 = ORIENTED_EDGE( '', *, *, #8118, .T. );
#6031 = ORIENTED_EDGE( '', *, *, #8210, .T. );
#6032 = CARTESIAN_POINT( '', ( 0.112500000000000, 0.260000000000000, 0.168000000000000 ) );
#6033 = DIRECTION( '', ( 1.00000000000000, -0.000000000000000, -0.000000000000000 ) );
#6034 = DIRECTION( '', ( 0.000000000000000, 0.000000000000000, 1.00000000000000 ) );
#6035 = SURFACE_STYLE_FILL_AREA( #8251 );
#6036 = ORIENTED_EDGE( '', *, *, #7772, .F. );
#6037 = ORIENTED_EDGE( '', *, *, #7985, .T. );
#6038 = ORIENTED_EDGE( '', *, *, #7256, .F. );
#6039 = ORIENTED_EDGE( '', *, *, #7957, .F. );
#6040 = CARTESIAN_POINT( '', ( -0.0750000000000000, 0.505000000000000, -0.0381422538958261 ) );
#6041 = DIRECTION( '', ( 0.000000000000000, -0.292371704722737, -0.956304755963035 ) );
#6042 = DIRECTION( '', ( 0.000000000000000, 0.956304755963036, -0.292371704722737 ) );
#6043 = SURFACE_STYLE_FILL_AREA( #8252 );
#6044 = ORIENTED_EDGE( '', *, *, #7120, .T. );
#6045 = ORIENTED_EDGE( '', *, *, #7260, .T. );
#6046 = ORIENTED_EDGE( '', *, *, #8253, .F. );
#6047 = ORIENTED_EDGE( '', *, *, #7349, .T. );
#6048 = CARTESIAN_POINT( '', ( 0.135000000000000, 0.385000000000000, -0.0165000000000000 ) );
#6049 = DIRECTION( '', ( 1.00000000000000, 0.000000000000000, 0.000000000000000 ) );
#6050 = DIRECTION( '', ( 0.000000000000000, 0.000000000000000, -1.00000000000000 ) );
#6051 = SURFACE_STYLE_FILL_AREA( #8254 );
#6052 = ORIENTED_EDGE( '', *, *, #8255, .F. );
#6053 = ORIENTED_EDGE( '', *, *, #7266, .T. );
#6054 = ORIENTED_EDGE( '', *, *, #7141, .T. );
#6055 = ORIENTED_EDGE( '', *, *, #7351, .T. );
#6056 = CARTESIAN_POINT( '', ( 0.165000000000000, 0.385000000000000, 0.0185000000000000 ) );
#6057 = DIRECTION( '', ( -1.00000000000000, 0.000000000000000, 0.000000000000000 ) );
#6058 = DIRECTION( '', ( 0.000000000000000, 0.000000000000000, 1.00000000000000 ) );
#6059 = SURFACE_STYLE_FILL_AREA( #8256 );
#6060 = ORIENTED_EDGE( '', *, *, #7895, .F. );
#6061 = ORIENTED_EDGE( '', *, *, #7539, .F. );
#6062 = ORIENTED_EDGE( '', *, *, #8199, .T. );
#6063 = ORIENTED_EDGE( '', *, *, #7660, .T. );
#6064 = CARTESIAN_POINT( '', ( 0.112500000000000, 0.255000000000000, 0.0982500000000000 ) );
#6065 = DIRECTION( '', ( 0.000000000000000, 0.000000000000000, -1.00000000000000 ) );
#6066 = DIRECTION( '', ( -1.00000000000000, 0.000000000000000, 0.000000000000000 ) );
#6067 = SURFACE_STYLE_FILL_AREA( #8257 );
#6068 = ORIENTED_EDGE( '', *, *, #7069, .T. );
#6069 = ORIENTED_EDGE( '', *, *, #8258, .F. );
#6070 = ORIENTED_EDGE( '', *, *, #7794, .T. );
#6071 = ORIENTED_EDGE( '', *, *, #8259, .T. );
#6072 = CARTESIAN_POINT( '', ( 0.0250000000000000, 0.0500000000000000, 0.125000000000000 ) );
#6073 = DIRECTION( '', ( 1.00000000000000, -0.000000000000000, 0.000000000000000 ) );
#6074 = DIRECTION( '', ( 0.000000000000000, 0.000000000000000, -1.00000000000000 ) );
#6075 = SURFACE_STYLE_FILL_AREA( #8260 );
#6076 = ORIENTED_EDGE( '', *, *, #7364, .F. );
#6077 = ORIENTED_EDGE( '', *, *, #7287, .F. );
#6078 = ORIENTED_EDGE( '', *, *, #7696, .T. );
#6079 = ORIENTED_EDGE( '', *, *, #8135, .T. );
#6080 = CARTESIAN_POINT( '', ( 0.0875000000000000, 0.255000000000000, 0.0982500000000000 ) );
#6081 = DIRECTION( '', ( -1.00000000000000, 0.000000000000000, 0.000000000000000 ) );
#6082 = DIRECTION( '', ( 0.000000000000000, 0.000000000000000, 1.00000000000000 ) );
#6083 = SURFACE_STYLE_FILL_AREA( #8261 );
#6084 = ORIENTED_EDGE( '', *, *, #7074, .T. );
#6085 = ORIENTED_EDGE( '', *, *, #8262, .F. );
#6086 = ORIENTED_EDGE( '', *, *, #8038, .T. );
#6087 = ORIENTED_EDGE( '', *, *, #7768, .T. );
#6088 = CARTESIAN_POINT( '', ( 0.125000000000000, 0.0500000000000000, 0.117000000000000 ) );
#6089 = DIRECTION( '', ( 0.000000000000000, 0.000000000000000, 1.00000000000000 ) );
#6090 = DIRECTION( '', ( 1.00000000000000, 0.000000000000000, -0.000000000000000 ) );
#6091 = SURFACE_STYLE_FILL_AREA( #8263 );
#6092 = ORIENTED_EDGE( '', *, *, #8237, .F. );
#6093 = ORIENTED_EDGE( '', *, *, #8264, .T. );
#6094 = ORIENTED_EDGE( '', *, *, #8181, .T. );
#6095 = ORIENTED_EDGE( '', *, *, #7018, .F. );
#6096 = CARTESIAN_POINT( '', ( 0.0655000000000000, 0.455000000000000, 0.0345000000000000 ) );
#6097 = DIRECTION( '', ( 0.000000000000000, 0.000000000000000, -1.00000000000000 ) );
#6098 = DIRECTION( '', ( -1.00000000000000, 0.000000000000000, 0.000000000000000 ) );
#6099 = SURFACE_STYLE_FILL_AREA( #8265 );
#6100 = ORIENTED_EDGE( '', *, *, #7709, .T. );
#6101 = ORIENTED_EDGE( '', *, *, #7932, .T. );
#6102 = ORIENTED_EDGE( '', *, *, #8266, .T. );
#6103 = ORIENTED_EDGE( '', *, *, #7103, .F. );
#6104 = CARTESIAN_POINT( '', ( -0.190000000000000, 0.285000000000000, 0.125000000000000 ) );
#6105 = DIRECTION( '', ( -0.999891236496823, 0.0147483957383281, 0.000000000000000 ) );
#6106 = DIRECTION( '', ( -0.0147483957383281, -0.999891236496823, 0.000000000000000 ) );
#6107 = SURFACE_STYLE_FILL_AREA( #8267 );
#6108 = ORIENTED_EDGE( '', *, *, #8268, .F. );
#6109 = ORIENTED_EDGE( '', *, *, #7682, .T. );
#6110 = ORIENTED_EDGE( '', *, *, #8178, .T. );
#6111 = ORIENTED_EDGE( '', *, *, #7628, .F. );
#6112 = ORIENTED_EDGE( '', *, *, #7702, .F. );
#6113 = ORIENTED_EDGE( '', *, *, #7128, .F. );
#6114 = ORIENTED_EDGE( '', *, *, #7002, .F. );
#6115 = ORIENTED_EDGE( '', *, *, #8269, .F. );
#6116 = ORIENTED_EDGE( '', *, *, #8179, .T. );
#6117 = ORIENTED_EDGE( '', *, *, #8161, .T. );
#6118 = CARTESIAN_POINT( '', ( 0.200000000000000, 0.505000000000000, 0.106850000000000 ) );
#6119 = DIRECTION( '', ( 0.000000000000000, -0.0143167143562177, -0.999897510592982 ) );
#6120 = DIRECTION( '', ( 0.000000000000000, 0.999897510592982, -0.0143167143562177 ) );
#6121 = SURFACE_STYLE_FILL_AREA( #8270 );
#6122 = ORIENTED_EDGE( '', *, *, #8098, .F. );
#6123 = ORIENTED_EDGE( '', *, *, #8271, .F. );
#6124 = ORIENTED_EDGE( '', *, *, #7857, .T. );
#6125 = ORIENTED_EDGE( '', *, *, #7827, .T. );
#6126 = CARTESIAN_POINT( '', ( -0.0875000000000000, 0.255000000000000, 0.0187500000000000 ) );
#6127 = DIRECTION( '', ( 1.00000000000000, 0.000000000000000, 0.000000000000000 ) );
#6128 = DIRECTION( '', ( 0.000000000000000, 0.000000000000000, -1.00000000000000 ) );
#6129 = SURFACE_STYLE_FILL_AREA( #8272 );
#6130 = ORIENTED_EDGE( '', *, *, #7816, .F. );
#6131 = ORIENTED_EDGE( '', *, *, #8273, .T. );
#6132 = ORIENTED_EDGE( '', *, *, #7978, .T. );
#6133 = ORIENTED_EDGE( '', *, *, #7431, .F. );
#6134 = CARTESIAN_POINT( '', ( -0.165500000000000, 0.455000000000000, -0.0655000000000000 ) );
#6135 = DIRECTION( '', ( -1.00000000000000, 0.000000000000000, 0.000000000000000 ) );
#6136 = DIRECTION( '', ( 0.000000000000000, 0.000000000000000, 1.00000000000000 ) );
#6137 = SURFACE_STYLE_FILL_AREA( #8274 );
#6138 = ORIENTED_EDGE( '', *, *, #7402, .F. );
#6139 = ORIENTED_EDGE( '', *, *, #8095, .T. );
#6140 = ORIENTED_EDGE( '', *, *, #7436, .F. );
#6141 = ORIENTED_EDGE( '', *, *, #8275, .F. );
#6142 = ORIENTED_EDGE( '', *, *, #7123, .F. );
#6143 = ORIENTED_EDGE( '', *, *, #7251, .F. );
#6144 = CARTESIAN_POINT( '', ( 0.125000000000000, 0.486011574286637, -0.0323369095626525 ) );
#6145 = DIRECTION( '', ( 0.000000000000000, -0.0348994967025010, -0.999390827019096 ) );
#6146 = DIRECTION( '', ( 0.000000000000000, 0.999390827019096, -0.0348994967025010 ) );
#6147 = SURFACE_STYLE_FILL_AREA( #8276 );
#6148 = ORIENTED_EDGE( '', *, *, #8087, .T. );
#6149 = ORIENTED_EDGE( '', *, *, #8277, .T. );
#6150 = ORIENTED_EDGE( '', *, *, #7262, .T. );
#6151 = ORIENTED_EDGE( '', *, *, #8133, .F. );
#6152 = CARTESIAN_POINT( '', ( 0.112950000000000, 0.485000000000000, 0.125000000000000 ) );
#6153 = DIRECTION( '', ( -0.957826285221151, 0.287347885566345, 0.000000000000000 ) );
#6154 = DIRECTION( '', ( -0.287347885566345, -0.957826285221151, 0.000000000000000 ) );
#6155 = SURFACE_STYLE_FILL_AREA( #8278 );
#6156 = ORIENTED_EDGE( '', *, *, #7426, .T. );
#6157 = ORIENTED_EDGE( '', *, *, #8279, .T. );
#6158 = ORIENTED_EDGE( '', *, *, #8077, .F. );
#6159 = ORIENTED_EDGE( '', *, *, #8068, .F. );
#6160 = CARTESIAN_POINT( '', ( 0.0470000000000000, 0.0250000000000000, 0.245000000000000 ) );
#6161 = DIRECTION( '', ( -1.00000000000000, 0.000000000000000, 0.000000000000000 ) );
#6162 = DIRECTION( '', ( 0.000000000000000, 0.000000000000000, 1.00000000000000 ) );
#6163 = SURFACE_STYLE_FILL_AREA( #8280 );
#6164 = ORIENTED_EDGE( '', *, *, #7757, .F. );
#6165 = ORIENTED_EDGE( '', *, *, #8281, .T. );
#6166 = ORIENTED_EDGE( '', *, *, #7949, .T. );
#6167 = ORIENTED_EDGE( '', *, *, #8282, .F. );
#6168 = CARTESIAN_POINT( '', ( -0.0300000000000000, 0.362000000000000, 0.0805000000000000 ) );
#6169 = DIRECTION( '', ( 0.000000000000000, 0.000000000000000, -1.00000000000000 ) );
#6170 = DIRECTION( '', ( -1.00000000000000, 0.000000000000000, 0.000000000000000 ) );
#6171 = SURFACE_STYLE_FILL_AREA( #8283 );
#6172 = ORIENTED_EDGE( '', *, *, #8097, .F. );
#6173 = ORIENTED_EDGE( '', *, *, #8066, .F. );
#6174 = ORIENTED_EDGE( '', *, *, #7855, .T. );
#6175 = ORIENTED_EDGE( '', *, *, #8271, .T. );
#6176 = CARTESIAN_POINT( '', ( -0.0125000000000000, 0.255000000000000, 0.0187500000000000 ) );
#6177 = DIRECTION( '', ( 0.000000000000000, -0.000000000000000, 1.00000000000000 ) );
#6178 = DIRECTION( '', ( 1.00000000000000, 0.000000000000000, -0.000000000000000 ) );
#6179 = SURFACE_STYLE_FILL_AREA( #8284 );
#6180 = ORIENTED_EDGE( '', *, *, #8215, .F. );
#6181 = ORIENTED_EDGE( '', *, *, #7498, .F. );
#6182 = ORIENTED_EDGE( '', *, *, #7367, .T. );
#6183 = ORIENTED_EDGE( '', *, *, #7797, .T. );
#6184 = CARTESIAN_POINT( '', ( 0.0925000000000000, 0.100000000000000, 0.0137500000000000 ) );
#6185 = DIRECTION( '', ( 0.000000000000000, -0.000000000000000, 1.00000000000000 ) );
#6186 = DIRECTION( '', ( 1.00000000000000, 0.000000000000000, -0.000000000000000 ) );
#6187 = SURFACE_STYLE_FILL_AREA( #8285 );
#6188 = ORIENTED_EDGE( '', *, *, #7092, .T. );
#6189 = ORIENTED_EDGE( '', *, *, #7168, .F. );
#6190 = ORIENTED_EDGE( '', *, *, #7612, .T. );
#6191 = ORIENTED_EDGE( '', *, *, #8240, .T. );
#6192 = CARTESIAN_POINT( '', ( -0.125000000000000, 0.0500000000000000, -0.117000000000000 ) );
#6193 = DIRECTION( '', ( 0.000000000000000, 0.000000000000000, -1.00000000000000 ) );
#6194 = DIRECTION( '', ( -1.00000000000000, 0.000000000000000, 0.000000000000000 ) );
#6195 = SURFACE_STYLE_FILL_AREA( #8286 );
#6196 = ORIENTED_EDGE( '', *, *, #8220, .F. );
#6197 = ORIENTED_EDGE( '', *, *, #8287, .F. );
#6198 = ORIENTED_EDGE( '', *, *, #8101, .T. );
#6199 = ORIENTED_EDGE( '', *, *, #8288, .T. );
#6200 = CARTESIAN_POINT( '', ( -0.0925000000000000, 0.100000000000000, 0.103250000000000 ) );
#6201 = DIRECTION( '', ( 0.000000000000000, 0.000000000000000, -1.00000000000000 ) );
#6202 = DIRECTION( '', ( -1.00000000000000, 0.000000000000000, 0.000000000000000 ) );
#6203 = SURFACE_STYLE_FILL_AREA( #8289 );
#6204 = ORIENTED_EDGE( '', *, *, #8242, .T. );
#6205 = ORIENTED_EDGE( '', *, *, #7575, .T. );
#6206 = ORIENTED_EDGE( '', *, *, #8290, .T. );
#6207 = ORIENTED_EDGE( '', *, *, #8084, .T. );
#6208 = CARTESIAN_POINT( '', ( 0.300000000000000, 0.362000000000000, 0.000000000000000 ) );
#6209 = DIRECTION( '', ( 0.000000000000000, 1.00000000000000, 0.000000000000000 ) );
#6210 = DIRECTION( '', ( 0.000000000000000, -0.000000000000000, 1.00000000000000 ) );
#6211 = SURFACE_STYLE_FILL_AREA( #8291 );
#6212 = ORIENTED_EDGE( '', *, *, #8292, .F. );
#6213 = ORIENTED_EDGE( '', *, *, #7750, .F. );
#6214 = ORIENTED_EDGE( '', *, *, #8282, .T. );
#6215 = ORIENTED_EDGE( '', *, *, #7948, .T. );
#6216 = ORIENTED_EDGE( '', *, *, #8293, .F. );
#6217 = ORIENTED_EDGE( '', *, *, #7382, .F. );
#6218 = CARTESIAN_POINT( '', ( -0.0700000000000000, 0.362000000000000, 0.0805000000000000 ) );
#6219 = DIRECTION( '', ( -1.00000000000000, 0.000000000000000, 0.000000000000000 ) );
#6220 = DIRECTION( '', ( 0.000000000000000, 0.000000000000000, 1.00000000000000 ) );
#6221 = SURFACE_STYLE_FILL_AREA( #8294 );
#6222 = ORIENTED_EDGE( '', *, *, #7988, .F. );
#6223 = ORIENTED_EDGE( '', *, *, #8053, .T. );
#6224 = ORIENTED_EDGE( '', *, *, #8231, .F. );
#6225 = ORIENTED_EDGE( '', *, *, #7025, .T. );
#6226 = ORIENTED_EDGE( '', *, *, #7986, .F. );
#6227 = ORIENTED_EDGE( '', *, *, #7158, .F. );
#6228 = ORIENTED_EDGE( '', *, *, #7031, .F. );
#6229 = ORIENTED_EDGE( '', *, *, #7112, .T. );
#6230 = ORIENTED_EDGE( '', *, *, #7199, .F. );
#6231 = ORIENTED_EDGE( '', *, *, #7179, .F. );
#6232 = CARTESIAN_POINT( '', ( 0.200000000000000, 0.285000000000000, -0.110000000000000 ) );
#6233 = DIRECTION( '', ( 0.000000000000000, -0.0143167143562177, 0.999897510592982 ) );
#6234 = DIRECTION( '', ( 0.000000000000000, -0.999897510592982, -0.0143167143562177 ) );
#6235 = SURFACE_STYLE_FILL_AREA( #8295 );
#6236 = ORIENTED_EDGE( '', *, *, #8296, .F. );
#6237 = ORIENTED_EDGE( '', *, *, #7119, .T. );
#6238 = ORIENTED_EDGE( '', *, *, #7502, .F. );
#6239 = ORIENTED_EDGE( '', *, *, #8297, .F. );
#6240 = ORIENTED_EDGE( '', *, *, #7953, .F. );
#6241 = ORIENTED_EDGE( '', *, *, #8298, .F. );
#6242 = ORIENTED_EDGE( '', *, *, #8247, .F. );
#6243 = ORIENTED_EDGE( '', *, *, #7115, .T. );
#6244 = ORIENTED_EDGE( '', *, *, #7968, .F. );
#6245 = ORIENTED_EDGE( '', *, *, #7600, .T. );
#6246 = CARTESIAN_POINT( '', ( 0.200000000000000, 0.285000000000000, 0.0100000000000000 ) );
#6247 = DIRECTION( '', ( 0.000000000000000, -0.0143167143562177, 0.999897510592982 ) );
#6248 = DIRECTION( '', ( 0.000000000000000, -0.999897510592982, -0.0143167143562177 ) );
#6249 = SURFACE_STYLE_FILL_AREA( #8299 );
#6250 = ORIENTED_EDGE( '', *, *, #8194, .T. );
#6251 = ORIENTED_EDGE( '', *, *, #8300, .T. );
#6252 = ORIENTED_EDGE( '', *, *, #8114, .T. );
#6253 = ORIENTED_EDGE( '', *, *, #8301, .T. );
#6254 = ORIENTED_EDGE( '', *, *, #8302, .F. );
#6255 = ORIENTED_EDGE( '', *, *, #7391, .F. );
#6256 = ORIENTED_EDGE( '', *, *, #8116, .T. );
#6257 = ORIENTED_EDGE( '', *, *, #7651, .F. );
#6258 = ORIENTED_EDGE( '', *, *, #8165, .T. );
#6259 = ORIENTED_EDGE( '', *, *, #7065, .T. );
#6260 = ORIENTED_EDGE( '', *, *, #7305, .F. );
#6261 = ORIENTED_EDGE( '', *, *, #7916, .T. );
#6262 = ORIENTED_EDGE( '', *, *, #7452, .T. );
#6263 = ORIENTED_EDGE( '', *, *, #8227, .F. );
#6264 = ORIENTED_EDGE( '', *, *, #8080, .F. );
#6265 = ORIENTED_EDGE( '', *, *, #8040, .T. );
#6266 = ORIENTED_EDGE( '', *, *, #8303, .T. );
#6267 = ORIENTED_EDGE( '', *, *, #7072, .T. );
#6268 = ORIENTED_EDGE( '', *, *, #7154, .F. );
#6269 = ORIENTED_EDGE( '', *, *, #7965, .F. );
#6270 = ORIENTED_EDGE( '', *, *, #8142, .T. );
#6271 = ORIENTED_EDGE( '', *, *, #8304, .F. );
#6272 = ORIENTED_EDGE( '', *, *, #7422, .T. );
#6273 = ORIENTED_EDGE( '', *, *, #8305, .T. );
#6274 = ORIENTED_EDGE( '', *, *, #8144, .T. );
#6275 = ORIENTED_EDGE( '', *, *, #7897, .T. );
#6276 = ORIENTED_EDGE( '', *, *, #8207, .F. );
#6277 = ORIENTED_EDGE( '', *, *, #7791, .T. );
#6278 = ORIENTED_EDGE( '', *, *, #8258, .T. );
#6279 = ORIENTED_EDGE( '', *, *, #7068, .T. );
#6280 = ORIENTED_EDGE( '', *, *, #8306, .F. );
#6281 = ORIENTED_EDGE( '', *, *, #8307, .T. );
#6282 = CARTESIAN_POINT( '', ( 0.229000000000000, 0.285000000000000, 0.125000000000000 ) );
#6283 = DIRECTION( '', ( 0.000000000000000, 0.000000000000000, -1.00000000000000 ) );
#6284 = DIRECTION( '', ( -1.00000000000000, 0.000000000000000, 0.000000000000000 ) );
#6285 = SURFACE_STYLE_FILL_AREA( #8308 );
#6286 = ORIENTED_EDGE( '', *, *, #7383, .F. );
#6287 = ORIENTED_EDGE( '', *, *, #8293, .T. );
#6288 = ORIENTED_EDGE( '', *, *, #7947, .T. );
#6289 = ORIENTED_EDGE( '', *, *, #8309, .F. );
#6290 = ORIENTED_EDGE( '', *, *, #7500, .F. );
#6291 = ORIENTED_EDGE( '', *, *, #7117, .F. );
#6292 = ORIENTED_EDGE( '', *, *, #8246, .F. );
#6293 = ORIENTED_EDGE( '', *, *, #8310, .F. );
#6294 = ORIENTED_EDGE( '', *, *, #7951, .T. );
#6295 = ORIENTED_EDGE( '', *, *, #8311, .T. );
#6296 = CARTESIAN_POINT( '', ( 0.200000000000000, 0.505000000000000, 0.106850000000000 ) );
#6297 = DIRECTION( '', ( 0.000000000000000, -0.0143167143562177, -0.999897510592982 ) );
#6298 = DIRECTION( '', ( 0.000000000000000, 0.999897510592982, -0.0143167143562177 ) );
#6299 = SURFACE_STYLE_FILL_AREA( #8312 );
#6300 = ORIENTED_EDGE( '', *, *, #7655, .T. );
#6301 = ORIENTED_EDGE( '', *, *, #8020, .T. );
#6302 = ORIENTED_EDGE( '', *, *, #8313, .F. );
#6303 = ORIENTED_EDGE( '', *, *, #7386, .F. );
#6304 = ORIENTED_EDGE( '', *, *, #7648, .T. );
#6305 = ORIENTED_EDGE( '', *, *, #8017, .T. );
#6306 = ORIENTED_EDGE( '', *, *, #7598, .T. );
#6307 = ORIENTED_EDGE( '', *, *, #7463, .F. );
#6308 = CARTESIAN_POINT( '', ( 0.0795000000000000, 0.350000000000000, -0.0952500000000000 ) );
#6309 = DIRECTION( '', ( 0.000000000000000, -0.0345946647267854, 0.999401425440469 ) );
#6310 = DIRECTION( '', ( 0.000000000000000, -0.999401425440469, -0.0345946647267854 ) );
#6311 = SURFACE_STYLE_FILL_AREA( #8314 );
#6312 = ORIENTED_EDGE( '', *, *, #7875, .F. );
#6313 = ORIENTED_EDGE( '', *, *, #8315, .F. );
#6314 = ORIENTED_EDGE( '', *, *, #7238, .T. );
#6315 = ORIENTED_EDGE( '', *, *, #8316, .T. );
#6316 = CARTESIAN_POINT( '', ( -0.0125000000000000, 0.255000000000000, -0.0187500000000000 ) );
#6317 = DIRECTION( '', ( -1.00000000000000, 0.000000000000000, 0.000000000000000 ) );
#6318 = DIRECTION( '', ( 0.000000000000000, 0.000000000000000, 1.00000000000000 ) );
#6319 = SURFACE_STYLE_FILL_AREA( #8317 );
#6320 = ORIENTED_EDGE( '', *, *, #8222, .F. );
#6321 = ORIENTED_EDGE( '', *, *, #8128, .F. );
#6322 = ORIENTED_EDGE( '', *, *, #7802, .T. );
#6323 = ORIENTED_EDGE( '', *, *, #7625, .T. );
#6324 = CARTESIAN_POINT( '', ( -0.107500000000000, 0.100000000000000, 0.103250000000000 ) );
#6325 = DIRECTION( '', ( -1.00000000000000, 0.000000000000000, 0.000000000000000 ) );
#6326 = DIRECTION( '', ( 0.000000000000000, 0.000000000000000, 1.00000000000000 ) );
#6327 = SURFACE_STYLE_FILL_AREA( #8318 );
#6328 = ORIENTED_EDGE( '', *, *, #7679, .T. );
#6329 = ORIENTED_EDGE( '', *, *, #8319, .F. );
#6330 = ORIENTED_EDGE( '', *, *, #8159, .T. );
#6331 = ORIENTED_EDGE( '', *, *, #8236, .F. );
#6332 = ORIENTED_EDGE( '', *, *, #8320, .T. );
#6333 = ORIENTED_EDGE( '', *, *, #7913, .F. );
#6334 = ORIENTED_EDGE( '', *, *, #7607, .F. );
#6335 = ORIENTED_EDGE( '', *, *, #8234, .F. );
#6336 = CARTESIAN_POINT( '', ( 0.0795000000000000, 0.480000000000000, 0.0907500000000000 ) );
#6337 = DIRECTION( '', ( 0.000000000000000, -0.0345946647267853, -0.999401425440469 ) );
#6338 = DIRECTION( '', ( 0.000000000000000, 0.999401425440469, -0.0345946647267853 ) );
#6339 = SURFACE_STYLE_FILL_AREA( #8321 );
#6340 = ORIENTED_EDGE( '', *, *, #8024, .T. );
#6341 = ORIENTED_EDGE( '', *, *, #8037, .T. );
#6342 = ORIENTED_EDGE( '', *, *, #8213, .T. );
#6343 = ORIENTED_EDGE( '', *, *, #8226, .T. );
#6344 = ORIENTED_EDGE( '', *, *, #7571, .T. );
#6345 = ORIENTED_EDGE( '', *, *, #7622, .T. );
#6346 = ORIENTED_EDGE( '', *, *, #7847, .T. );
#6347 = ORIENTED_EDGE( '', *, *, #7077, .T. );
#6348 = CARTESIAN_POINT( '', ( 0.229000000000000, 0.000000000000000, 0.000000000000000 ) );
#6349 = DIRECTION( '', ( 1.00000000000000, 0.000000000000000, -0.000000000000000 ) );
#6350 = DIRECTION( '', ( -0.000000000000000, 0.000000000000000, -1.00000000000000 ) );
#6351 = SURFACE_STYLE_FILL_AREA( #8322 );
#6352 = ORIENTED_EDGE( '', *, *, #8078, .F. );
#6353 = ORIENTED_EDGE( '', *, *, #8279, .F. );
#6354 = ORIENTED_EDGE( '', *, *, #8174, .T. );
#6355 = ORIENTED_EDGE( '', *, *, #7413, .T. );
#6356 = ORIENTED_EDGE( '', *, *, #7296, .T. );
#6357 = ORIENTED_EDGE( '', *, *, #7922, .F. );
#6358 = CARTESIAN_POINT( '', ( 0.0790000000000000, 0.0750000000000000, 0.245000000000000 ) );
#6359 = DIRECTION( '', ( 0.000000000000000, -1.00000000000000, 5.69134998680054E-16 ) );
#6360 = DIRECTION( '', ( 0.000000000000000, -5.69134998680054E-16, -1.00000000000000 ) );
#6361 = SURFACE_STYLE_FILL_AREA( #8323 );
#6362 = ORIENTED_EDGE( '', *, *, #8216, .F. );
#6363 = ORIENTED_EDGE( '', *, *, #8324, .F. );
#6364 = ORIENTED_EDGE( '', *, *, #7904, .T. );
#6365 = ORIENTED_EDGE( '', *, *, #8002, .T. );
#6366 = CARTESIAN_POINT( '', ( -0.107500000000000, 0.100000000000000, -0.103250000000000 ) );
#6367 = DIRECTION( '', ( 0.000000000000000, -0.000000000000000, 1.00000000000000 ) );
#6368 = DIRECTION( '', ( 1.00000000000000, 0.000000000000000, -0.000000000000000 ) );
#6369 = SURFACE_STYLE_FILL_AREA( #8325 );
#6370 = ORIENTED_EDGE( '', *, *, #8221, .F. );
#6371 = ORIENTED_EDGE( '', *, *, #8288, .F. );
#6372 = ORIENTED_EDGE( '', *, *, #8100, .T. );
#6373 = ORIENTED_EDGE( '', *, *, #8185, .T. );
#6374 = CARTESIAN_POINT( '', ( -0.00750000000000002, 0.100000000000000, 0.103250000000000 ) );
#6375 = DIRECTION( '', ( -1.00000000000000, 0.000000000000000, 0.000000000000000 ) );
#6376 = DIRECTION( '', ( 0.000000000000000, 0.000000000000000, 1.00000000000000 ) );
#6377 = SURFACE_STYLE_FILL_AREA( #8326 );
#6378 = ORIENTED_EDGE( '', *, *, #7710, .T. );
#6379 = ORIENTED_EDGE( '', *, *, #7418, .T. );
#6380 = ORIENTED_EDGE( '', *, *, #8327, .T. );
#6381 = ORIENTED_EDGE( '', *, *, #8328, .F. );
#6382 = CARTESIAN_POINT( '', ( -0.118950000000000, 0.505000000000000, 0.125000000000000 ) );
#6383 = DIRECTION( '', ( 0.957826285221152, 0.287347885566345, -0.000000000000000 ) );
#6384 = DIRECTION( '', ( -0.287347885566345, 0.957826285221152, 0.000000000000000 ) );
#6385 = SURFACE_STYLE_FILL_AREA( #8329 );
#6386 = ORIENTED_EDGE( '', *, *, #8330, .T. );
#6387 = ORIENTED_EDGE( '', *, *, #7939, .T. );
#6388 = ORIENTED_EDGE( '', *, *, #7691, .F. );
#6389 = ORIENTED_EDGE( '', *, *, #8107, .F. );
#6390 = ORIENTED_EDGE( '', *, *, #8045, .T. );
#6391 = ORIENTED_EDGE( '', *, *, #7937, .T. );
#6392 = ORIENTED_EDGE( '', *, *, #7644, .T. );
#6393 = ORIENTED_EDGE( '', *, *, #8150, .F. );
#6394 = CARTESIAN_POINT( '', ( 0.179500000000000, 0.350000000000000, -0.0952500000000000 ) );
#6395 = DIRECTION( '', ( 0.000000000000000, -0.0345946647267854, 0.999401425440469 ) );
#6396 = DIRECTION( '', ( 0.000000000000000, -0.999401425440469, -0.0345946647267854 ) );
#6397 = SURFACE_STYLE_FILL_AREA( #8331 );
#6398 = ORIENTED_EDGE( '', *, *, #8332, .F. );
#6399 = ORIENTED_EDGE( '', *, *, #7380, .F. );
#6400 = ORIENTED_EDGE( '', *, *, #8311, .F. );
#6401 = ORIENTED_EDGE( '', *, *, #7950, .F. );
#6402 = ORIENTED_EDGE( '', *, *, #8281, .F. );
#6403 = ORIENTED_EDGE( '', *, *, #7756, .F. );
#6404 = CARTESIAN_POINT( '', ( -0.0300000000000000, 0.362000000000000, 0.111500000000000 ) );
#6405 = DIRECTION( '', ( 1.00000000000000, -0.000000000000000, 0.000000000000000 ) );
#6406 = DIRECTION( '', ( 0.000000000000000, 0.000000000000000, -1.00000000000000 ) );
#6407 = SURFACE_STYLE_FILL_AREA( #8333 );
#6408 = ORIENTED_EDGE( '', *, *, #7534, .F. );
#6409 = ORIENTED_EDGE( '', *, *, #7734, .T. );
#6410 = ORIENTED_EDGE( '', *, *, #8334, .T. );
#6411 = ORIENTED_EDGE( '', *, *, #7211, .F. );
#6412 = CARTESIAN_POINT( '', ( 0.134500000000000, 0.455000000000000, 0.0655000000000000 ) );
#6413 = DIRECTION( '', ( 0.000000000000000, 0.000000000000000, 1.00000000000000 ) );
#6414 = DIRECTION( '', ( 1.00000000000000, 0.000000000000000, -0.000000000000000 ) );
#6415 = SURFACE_STYLE_FILL_AREA( #8335 );
#6416 = ORIENTED_EDGE( '', *, *, #7233, .T. );
#6417 = ORIENTED_EDGE( '', *, *, #7387, .F. );
#6418 = ORIENTED_EDGE( '', *, *, #8313, .T. );
#6419 = ORIENTED_EDGE( '', *, *, #8019, .T. );
#6420 = ORIENTED_EDGE( '', *, *, #8197, .T. );
#6421 = CARTESIAN_POINT( '', ( 0.0205000000000000, 0.350000000000000, -0.0952500000000000 ) );
#6422 = DIRECTION( '', ( 1.00000000000000, 0.000000000000000, 0.000000000000000 ) );
#6423 = DIRECTION( '', ( 0.000000000000000, 0.000000000000000, -1.00000000000000 ) );
#6424 = SURFACE_STYLE_FILL_AREA( #8336 );
#6425 = ORIENTED_EDGE( '', *, *, #8309, .T. );
#6426 = ORIENTED_EDGE( '', *, *, #7954, .T. );
#6427 = ORIENTED_EDGE( '', *, *, #8297, .T. );
#6428 = ORIENTED_EDGE( '', *, *, #7501, .F. );
#6429 = CARTESIAN_POINT( '', ( -0.0870500000000000, 0.485000000000000, 0.125000000000000 ) );
#6430 = DIRECTION( '', ( -0.957826285221152, 0.287347885566345, 0.000000000000000 ) );
#6431 = DIRECTION( '', ( -0.287347885566345, -0.957826285221152, 0.000000000000000 ) );
#6432 = SURFACE_STYLE_FILL_AREA( #8337 );
#6433 = ORIENTED_EDGE( '', *, *, #8141, .T. );
#6434 = ORIENTED_EDGE( '', *, *, #8338, .F. );
#6435 = ORIENTED_EDGE( '', *, *, #7423, .F. );
#6436 = ORIENTED_EDGE( '', *, *, #8304, .T. );
#6437 = CARTESIAN_POINT( '', ( 0.112500000000000, 0.260000000000000, 0.150000000000000 ) );
#6438 = DIRECTION( '', ( 1.00000000000000, -0.000000000000000, -0.000000000000000 ) );
#6439 = DIRECTION( '', ( 0.000000000000000, 0.000000000000000, 1.00000000000000 ) );
#6440 = SURFACE_STYLE_FILL_AREA( #8339 );
#6441 = ORIENTED_EDGE( '', *, *, #7454, .T. );
#6442 = ORIENTED_EDGE( '', *, *, #7061, .T. );
#6443 = ORIENTED_EDGE( '', *, *, #8122, .T. );
#6444 = ORIENTED_EDGE( '', *, *, #7917, .F. );
#6445 = CARTESIAN_POINT( '', ( 0.229000000000000, 0.285000000000000, 0.125000000000000 ) );
#6446 = DIRECTION( '', ( 0.000000000000000, 0.000000000000000, -1.00000000000000 ) );
#6447 = DIRECTION( '', ( -1.00000000000000, 0.000000000000000, 0.000000000000000 ) );
#6448 = SURFACE_STYLE_FILL_AREA( #8340 );
#6449 = ORIENTED_EDGE( '', *, *, #7859, .T. );
#6450 = ORIENTED_EDGE( '', *, *, #8010, .F. );
#6451 = ORIENTED_EDGE( '', *, *, #7752, .T. );
#6452 = ORIENTED_EDGE( '', *, *, #8341, .T. );
#6453 = ORIENTED_EDGE( '', *, *, #7194, .T. );
#6454 = CARTESIAN_POINT( '', ( -0.0795000000000000, 0.350000000000000, 0.0217500000000000 ) );
#6455 = DIRECTION( '', ( 1.00000000000000, 0.000000000000000, 0.000000000000000 ) );
#6456 = DIRECTION( '', ( 0.000000000000000, 0.000000000000000, -1.00000000000000 ) );
#6457 = SURFACE_STYLE_FILL_AREA( #8342 );
#6458 = ORIENTED_EDGE( '', *, *, #7700, .T. );
#6459 = ORIENTED_EDGE( '', *, *, #7914, .F. );
#6460 = ORIENTED_EDGE( '', *, *, #8320, .F. );
#6461 = ORIENTED_EDGE( '', *, *, #8235, .F. );
#6462 = ORIENTED_EDGE( '', *, *, #7993, .T. );
#6463 = CARTESIAN_POINT( '', ( 0.0795000000000000, 0.350000000000000, 0.0952500000000000 ) );
#6464 = DIRECTION( '', ( -1.00000000000000, 0.000000000000000, 0.000000000000000 ) );
#6465 = DIRECTION( '', ( 0.000000000000000, 0.000000000000000, 1.00000000000000 ) );
#6466 = SURFACE_STYLE_FILL_AREA( #8343 );
#6467 = ORIENTED_EDGE( '', *, *, #8224, .F. );
#6468 = ORIENTED_EDGE( '', *, *, #8344, .F. );
#6469 = ORIENTED_EDGE( '', *, *, #7879, .T. );
#6470 = ORIENTED_EDGE( '', *, *, #7686, .T. );
#6471 = CARTESIAN_POINT( '', ( -0.00750000000000002, 0.100000000000000, -0.103250000000000 ) );
#6472 = DIRECTION( '', ( 0.000000000000000, -0.000000000000000, 1.00000000000000 ) );
#6473 = DIRECTION( '', ( 1.00000000000000, 0.000000000000000, -0.000000000000000 ) );
#6474 = SURFACE_STYLE_FILL_AREA( #8345 );
#6475 = ORIENTED_EDGE( '', *, *, #7073, .T. );
#6476 = ORIENTED_EDGE( '', *, *, #8303, .F. );
#6477 = ORIENTED_EDGE( '', *, *, #8039, .T. );
#6478 = ORIENTED_EDGE( '', *, *, #8262, .T. );
#6479 = CARTESIAN_POINT( '', ( 0.125000000000000, 0.0500000000000000, 0.125000000000000 ) );
#6480 = DIRECTION( '', ( 1.00000000000000, -0.000000000000000, 0.000000000000000 ) );
#6481 = DIRECTION( '', ( 0.000000000000000, 0.000000000000000, -1.00000000000000 ) );
#6482 = SURFACE_STYLE_FILL_AREA( #8346 );
#6483 = ORIENTED_EDGE( '', *, *, #7815, .F. );
#6484 = ORIENTED_EDGE( '', *, *, #8172, .T. );
#6485 = ORIENTED_EDGE( '', *, *, #7979, .T. );
#6486 = ORIENTED_EDGE( '', *, *, #8273, .F. );
#6487 = CARTESIAN_POINT( '', ( -0.134500000000000, 0.455000000000000, -0.0655000000000000 ) );
#6488 = DIRECTION( '', ( 0.000000000000000, 0.000000000000000, -1.00000000000000 ) );
#6489 = DIRECTION( '', ( -1.00000000000000, 0.000000000000000, 0.000000000000000 ) );
#6490 = SURFACE_STYLE_FILL_AREA( #8347 );
#6491 = ORIENTED_EDGE( '', *, *, #7936, .F. );
#6492 = ORIENTED_EDGE( '', *, *, #8330, .F. );
#6493 = ORIENTED_EDGE( '', *, *, #8149, .F. );
#6494 = ORIENTED_EDGE( '', *, *, #7831, .F. );
#6495 = ORIENTED_EDGE( '', *, *, #7558, .F. );
#6496 = ORIENTED_EDGE( '', *, *, #7312, .F. );
#6497 = CARTESIAN_POINT( '', ( 0.130000000000000, 0.362000000000000, -0.111500000000000 ) );
#6498 = DIRECTION( '', ( -1.00000000000000, 0.000000000000000, 0.000000000000000 ) );
#6499 = DIRECTION( '', ( 0.000000000000000, 0.000000000000000, 1.00000000000000 ) );
#6500 = SURFACE_STYLE_FILL_AREA( #8348 );
#6501 = ORIENTED_EDGE( '', *, *, #8086, .F. );
#6502 = ORIENTED_EDGE( '', *, *, #8349, .F. );
#6503 = ORIENTED_EDGE( '', *, *, #8350, .F. );
#6504 = ORIENTED_EDGE( '', *, *, #8243, .T. );
#6505 = ORIENTED_EDGE( '', *, *, #8089, .F. );
#6506 = ORIENTED_EDGE( '', *, *, #7911, .T. );
#6507 = ORIENTED_EDGE( '', *, *, #7263, .T. );
#6508 = ORIENTED_EDGE( '', *, *, #8277, .F. );
#6509 = ORIENTED_EDGE( '', *, *, #7733, .F. );
#6510 = ORIENTED_EDGE( '', *, *, #8055, .F. );
#6511 = ORIENTED_EDGE( '', *, *, #7212, .F. );
#6512 = ORIENTED_EDGE( '', *, *, #8334, .F. );
#6513 = CARTESIAN_POINT( '', ( 0.200000000000000, 0.505000000000000, 0.0131500000000000 ) );
#6514 = DIRECTION( '', ( 0.000000000000000, -1.00000000000000, 0.000000000000000 ) );
#6515 = DIRECTION( '', ( 0.000000000000000, 0.000000000000000, -1.00000000000000 ) );
#6516 = SURFACE_STYLE_FILL_AREA( #8351 );
#6517 = ORIENTED_EDGE( '', *, *, #8301, .F. );
#6518 = ORIENTED_EDGE( '', *, *, #8113, .T. );
#6519 = ORIENTED_EDGE( '', *, *, #7671, .T. );
#6520 = ORIENTED_EDGE( '', *, *, #8352, .F. );
#6521 = CARTESIAN_POINT( '', ( 0.112500000000000, 0.180000000000000, 0.150000000000000 ) );
#6522 = DIRECTION( '', ( 1.00000000000000, -0.000000000000000, -0.000000000000000 ) );
#6523 = DIRECTION( '', ( 0.000000000000000, 0.000000000000000, 1.00000000000000 ) );
#6524 = SURFACE_STYLE_FILL_AREA( #8353 );
#6525 = ORIENTED_EDGE( '', *, *, #7531, .F. );
#6526 = ORIENTED_EDGE( '', *, *, #8244, .T. );
#6527 = ORIENTED_EDGE( '', *, *, #8350, .T. );
#6528 = ORIENTED_EDGE( '', *, *, #8354, .F. );
#6529 = CARTESIAN_POINT( '', ( 0.170000000000000, 0.362000000000000, 0.0805000000000000 ) );
#6530 = DIRECTION( '', ( 0.000000000000000, 0.000000000000000, -1.00000000000000 ) );
#6531 = DIRECTION( '', ( -1.00000000000000, 0.000000000000000, 0.000000000000000 ) );
#6532 = SURFACE_STYLE_FILL_AREA( #8355 );
#6533 = ORIENTED_EDGE( '', *, *, #8300, .F. );
#6534 = ORIENTED_EDGE( '', *, *, #8193, .F. );
#6535 = ORIENTED_EDGE( '', *, *, #7036, .F. );
#6536 = ORIENTED_EDGE( '', *, *, #8115, .F. );
#6537 = CARTESIAN_POINT( '', ( -0.104000000000000, 0.170000000000000, 0.150000000000000 ) );
#6538 = DIRECTION( '', ( 0.000000000000000, 1.00000000000000, 0.000000000000000 ) );
#6539 = DIRECTION( '', ( 0.000000000000000, -0.000000000000000, 1.00000000000000 ) );
#6540 = SURFACE_STYLE_FILL_AREA( #8356 );
#6541 = ORIENTED_EDGE( '', *, *, #7366, .F. );
#6542 = ORIENTED_EDGE( '', *, *, #8136, .F. );
#6543 = ORIENTED_EDGE( '', *, *, #7697, .T. );
#6544 = ORIENTED_EDGE( '', *, *, #7285, .T. );
#6545 = CARTESIAN_POINT( '', ( 0.0125000000000000, 0.255000000000000, 0.0187500000000000 ) );
#6546 = DIRECTION( '', ( 1.00000000000000, 0.000000000000000, 0.000000000000000 ) );
#6547 = DIRECTION( '', ( 0.000000000000000, 0.000000000000000, -1.00000000000000 ) );
#6548 = SURFACE_STYLE_FILL_AREA( #8357 );
#6549 = ORIENTED_EDGE( '', *, *, #7941, .F. );
#6550 = ORIENTED_EDGE( '', *, *, #8358, .T. );
#6551 = ORIENTED_EDGE( '', *, *, #7548, .T. );
#6552 = ORIENTED_EDGE( '', *, *, #7049, .F. );
#6553 = CARTESIAN_POINT( '', ( 0.134500000000000, 0.455000000000000, -0.0345000000000000 ) );
#6554 = DIRECTION( '', ( 0.000000000000000, 0.000000000000000, 1.00000000000000 ) );
#6555 = DIRECTION( '', ( 1.00000000000000, 0.000000000000000, -0.000000000000000 ) );
#6556 = SURFACE_STYLE_FILL_AREA( #8359 );
#6557 = ORIENTED_EDGE( '', *, *, #7940, .F. );
#6558 = ORIENTED_EDGE( '', *, *, #7567, .T. );
#6559 = ORIENTED_EDGE( '', *, *, #7546, .T. );
#6560 = ORIENTED_EDGE( '', *, *, #8358, .F. );
#6561 = CARTESIAN_POINT( '', ( 0.134500000000000, 0.455000000000000, -0.0655000000000000 ) );
#6562 = DIRECTION( '', ( -1.00000000000000, 0.000000000000000, 0.000000000000000 ) );
#6563 = DIRECTION( '', ( 0.000000000000000, 0.000000000000000, 1.00000000000000 ) );
#6564 = SURFACE_STYLE_FILL_AREA( #8360 );
#6565 = ORIENTED_EDGE( '', *, *, #8292, .T. );
#6566 = ORIENTED_EDGE( '', *, *, #7381, .F. );
#6567 = ORIENTED_EDGE( '', *, *, #8332, .T. );
#6568 = ORIENTED_EDGE( '', *, *, #7755, .F. );
#6569 = ORIENTED_EDGE( '', *, *, #7765, .T. );
#6570 = ORIENTED_EDGE( '', *, *, #7195, .F. );
#6571 = ORIENTED_EDGE( '', *, *, #8341, .F. );
#6572 = ORIENTED_EDGE( '', *, *, #7751, .F. );
#6573 = CARTESIAN_POINT( '', ( -0.0205000000000000, 0.480000000000000, 0.0907500000000000 ) );
#6574 = DIRECTION( '', ( 0.000000000000000, -0.0345946647267853, -0.999401425440469 ) );
#6575 = DIRECTION( '', ( 0.000000000000000, 0.999401425440469, -0.0345946647267853 ) );
#6576 = SURFACE_STYLE_FILL_AREA( #8361 );
#6577 = ORIENTED_EDGE( '', *, *, #8160, .T. );
#6578 = ORIENTED_EDGE( '', *, *, #8319, .T. );
#6579 = ORIENTED_EDGE( '', *, *, #7683, .T. );
#6580 = ORIENTED_EDGE( '', *, *, #8268, .T. );
#6581 = CARTESIAN_POINT( '', ( 0.200000000000000, 0.362000000000000, 0.000000000000000 ) );
#6582 = DIRECTION( '', ( 0.000000000000000, 1.00000000000000, 0.000000000000000 ) );
#6583 = DIRECTION( '', ( 0.000000000000000, -0.000000000000000, 1.00000000000000 ) );
#6584 = SURFACE_STYLE_FILL_AREA( #8362 );
#6585 = ORIENTED_EDGE( '', *, *, #7124, .T. );
#6586 = ORIENTED_EDGE( '', *, *, #8275, .T. );
#6587 = ORIENTED_EDGE( '', *, *, #7435, .F. );
#6588 = ORIENTED_EDGE( '', *, *, #7786, .T. );
#6589 = CARTESIAN_POINT( '', ( 0.0870500000000000, 0.485000000000000, 0.125000000000000 ) );
#6590 = DIRECTION( '', ( 0.999891236496823, 0.0147483957383282, -0.000000000000000 ) );
#6591 = DIRECTION( '', ( -0.0147483957383282, 0.999891236496823, 0.000000000000000 ) );
#6592 = SURFACE_STYLE_FILL_AREA( #8363 );
#6593 = ORIENTED_EDGE( '', *, *, #7810, .F. );
#6594 = ORIENTED_EDGE( '', *, *, #8027, .T. );
#6595 = ORIENTED_EDGE( '', *, *, #7989, .T. );
#6596 = ORIENTED_EDGE( '', *, *, #7477, .F. );
#6597 = ORIENTED_EDGE( '', *, *, #7518, .F. );
#6598 = ORIENTED_EDGE( '', *, *, #7928, .F. );
#6599 = CARTESIAN_POINT( '', ( -0.130000000000000, 0.362000000000000, -0.0805000000000000 ) );
#6600 = DIRECTION( '', ( 1.00000000000000, -0.000000000000000, 0.000000000000000 ) );
#6601 = DIRECTION( '', ( 0.000000000000000, 0.000000000000000, -1.00000000000000 ) );
#6602 = SURFACE_STYLE_FILL_AREA( #8364 );
#6603 = ORIENTED_EDGE( '', *, *, #7097, .T. );
#6604 = ORIENTED_EDGE( '', *, *, #7958, .T. );
#6605 = ORIENTED_EDGE( '', *, *, #7254, .F. );
#6606 = ORIENTED_EDGE( '', *, *, #7779, .T. );
#6607 = CARTESIAN_POINT( '', ( -0.112950000000000, 0.485000000000000, 0.125000000000000 ) );
#6608 = DIRECTION( '', ( 0.999891236496823, 0.0147483957383282, -0.000000000000000 ) );
#6609 = DIRECTION( '', ( -0.0147483957383282, 0.999891236496823, 0.000000000000000 ) );
#6610 = SURFACE_STYLE_FILL_AREA( #8365 );
#6611 = ORIENTED_EDGE( '', *, *, #8200, .T. );
#6612 = ORIENTED_EDGE( '', *, *, #7850, .F. );
#6613 = ORIENTED_EDGE( '', *, *, #7526, .T. );
#6614 = ORIENTED_EDGE( '', *, *, #7579, .T. );
#6615 = ORIENTED_EDGE( '', *, *, #8366, .T. );
#6616 = CARTESIAN_POINT( '', ( 0.120500000000000, 0.350000000000000, 0.0217500000000000 ) );
#6617 = DIRECTION( '', ( 1.00000000000000, 0.000000000000000, 0.000000000000000 ) );
#6618 = DIRECTION( '', ( 0.000000000000000, 0.000000000000000, -1.00000000000000 ) );
#6619 = SURFACE_STYLE_FILL_AREA( #8367 );
#6620 = ORIENTED_EDGE( '', *, *, #8368, .T. );
#6621 = ORIENTED_EDGE( '', *, *, #7406, .T. );
#6622 = ORIENTED_EDGE( '', *, *, #8093, .T. );
#6623 = ORIENTED_EDGE( '', *, *, #7705, .T. );
#6624 = CARTESIAN_POINT( '', ( 0.000000000000000, 0.362000000000000, 0.000000000000000 ) );
#6625 = DIRECTION( '', ( 0.000000000000000, 1.00000000000000, 0.000000000000000 ) );
#6626 = DIRECTION( '', ( 0.000000000000000, -0.000000000000000, 1.00000000000000 ) );
#6627 = SURFACE_STYLE_FILL_AREA( #8369 );
#6628 = ORIENTED_EDGE( '', *, *, #7131, .T. );
#6629 = ORIENTED_EDGE( '', *, *, #8167, .T. );
#6630 = ORIENTED_EDGE( '', *, *, #7015, .F. );
#6631 = ORIENTED_EDGE( '', *, *, #7784, .T. );
#6632 = CARTESIAN_POINT( '', ( 0.0350000000000000, 0.385000000000000, -0.0165000000000000 ) );
#6633 = DIRECTION( '', ( 1.00000000000000, 0.000000000000000, 0.000000000000000 ) );
#6634 = DIRECTION( '', ( 0.000000000000000, 0.000000000000000, -1.00000000000000 ) );
#6635 = SURFACE_STYLE_FILL_AREA( #8370 );
#6636 = ORIENTED_EDGE( '', *, *, #7407, .F. );
#6637 = ORIENTED_EDGE( '', *, *, #8368, .F. );
#6638 = ORIENTED_EDGE( '', *, *, #7712, .F. );
#6639 = ORIENTED_EDGE( '', *, *, #8371, .F. );
#6640 = ORIENTED_EDGE( '', *, *, #7044, .F. );
#6641 = ORIENTED_EDGE( '', *, *, #7584, .F. );
#6642 = CARTESIAN_POINT( '', ( -0.130000000000000, 0.362000000000000, 0.111500000000000 ) );
#6643 = DIRECTION( '', ( 1.00000000000000, -0.000000000000000, 0.000000000000000 ) );
#6644 = DIRECTION( '', ( 0.000000000000000, 0.000000000000000, -1.00000000000000 ) );
#6645 = SURFACE_STYLE_FILL_AREA( #8372 );
#6646 = ORIENTED_EDGE( '', *, *, #8218, .F. );
#6647 = ORIENTED_EDGE( '', *, *, #7667, .F. );
#6648 = ORIENTED_EDGE( '', *, *, #8156, .T. );
#6649 = ORIENTED_EDGE( '', *, *, #7890, .T. );
#6650 = CARTESIAN_POINT( '', ( 0.0925000000000000, 0.100000000000000, -0.0137500000000000 ) );
#6651 = DIRECTION( '', ( -1.00000000000000, 0.000000000000000, 0.000000000000000 ) );
#6652 = DIRECTION( '', ( 0.000000000000000, 0.000000000000000, 1.00000000000000 ) );
#6653 = SURFACE_STYLE_FILL_AREA( #8373 );
#6654 = ORIENTED_EDGE( '', *, *, #7760, .F. );
#6655 = ORIENTED_EDGE( '', *, *, #7887, .T. );
#6656 = ORIENTED_EDGE( '', *, *, #7955, .T. );
#6657 = ORIENTED_EDGE( '', *, *, #7872, .F. );
#6658 = CARTESIAN_POINT( '', ( -0.0345000000000000, 0.455000000000000, 0.0655000000000000 ) );
#6659 = DIRECTION( '', ( 1.00000000000000, -0.000000000000000, 0.000000000000000 ) );
#6660 = DIRECTION( '', ( 0.000000000000000, 0.000000000000000, -1.00000000000000 ) );
#6661 = SURFACE_STYLE_FILL_AREA( #8374 );
#6662 = ORIENTED_EDGE( '', *, *, #7774, .T. );
#6663 = ORIENTED_EDGE( '', *, *, #7959, .T. );
#6664 = ORIENTED_EDGE( '', *, *, #7095, .F. );
#6665 = ORIENTED_EDGE( '', *, *, #7343, .T. );
#6666 = CARTESIAN_POINT( '', ( -0.0900000000000000, 0.285000000000000, 0.125000000000000 ) );
#6667 = DIRECTION( '', ( -0.999891236496823, 0.0147483957383282, 0.000000000000000 ) );
#6668 = DIRECTION( '', ( -0.0147483957383282, -0.999891236496823, 0.000000000000000 ) );
#6669 = SURFACE_STYLE_FILL_AREA( #8375 );
#6670 = ORIENTED_EDGE( '', *, *, #8225, .F. );
#6671 = ORIENTED_EDGE( '', *, *, #7997, .F. );
#6672 = ORIENTED_EDGE( '', *, *, #7880, .T. );
#6673 = ORIENTED_EDGE( '', *, *, #8344, .T. );
#6674 = CARTESIAN_POINT( '', ( -0.00750000000000002, 0.100000000000000, -0.0137500000000000 ) );
#6675 = DIRECTION( '', ( -1.00000000000000, 0.000000000000000, 0.000000000000000 ) );
#6676 = DIRECTION( '', ( 0.000000000000000, 0.000000000000000, 1.00000000000000 ) );
#6677 = SURFACE_STYLE_FILL_AREA( #8376 );
#6678 = ORIENTED_EDGE( '', *, *, #8238, .F. );
#6679 = ORIENTED_EDGE( '', *, *, #7945, .T. );
#6680 = ORIENTED_EDGE( '', *, *, #8182, .T. );
#6681 = ORIENTED_EDGE( '', *, *, #8264, .F. );
#6682 = CARTESIAN_POINT( '', ( 0.0655000000000000, 0.455000000000000, 0.0655000000000000 ) );
#6683 = DIRECTION( '', ( 1.00000000000000, -0.000000000000000, 0.000000000000000 ) );
#6684 = DIRECTION( '', ( 0.000000000000000, 0.000000000000000, -1.00000000000000 ) );
#6685 = SURFACE_STYLE_FILL_AREA( #8377 );
#6686 = ORIENTED_EDGE( '', *, *, #8140, .T. );
#6687 = ORIENTED_EDGE( '', *, *, #8378, .F. );
#6688 = ORIENTED_EDGE( '', *, *, #8007, .T. );
#6689 = ORIENTED_EDGE( '', *, *, #8338, .T. );
#6690 = CARTESIAN_POINT( '', ( 0.112500000000000, 0.235000000000000, 0.168000000000000 ) );
#6691 = DIRECTION( '', ( -0.000000000000000, 1.00000000000000, 0.000000000000000 ) );
#6692 = DIRECTION( '', ( 0.000000000000000, -0.000000000000000, 1.00000000000000 ) );
#6693 = SURFACE_STYLE_FILL_AREA( #8379 );
#6694 = ORIENTED_EDGE( '', *, *, #8269, .T. );
#6695 = ORIENTED_EDGE( '', *, *, #7005, .T. );
#6696 = ORIENTED_EDGE( '', *, *, #8169, .T. );
#6697 = ORIENTED_EDGE( '', *, *, #8180, .F. );
#6698 = CARTESIAN_POINT( '', ( 0.0810500000000000, 0.505000000000000, 0.125000000000000 ) );
#6699 = DIRECTION( '', ( 0.957826285221152, 0.287347885566345, -0.000000000000000 ) );
#6700 = DIRECTION( '', ( -0.287347885566345, 0.957826285221152, 0.000000000000000 ) );
#6701 = SURFACE_STYLE_FILL_AREA( #8380 );
#6702 = ORIENTED_EDGE( '', *, *, #7243, .T. );
#6703 = ORIENTED_EDGE( '', *, *, #8381, .F. );
#6704 = ORIENTED_EDGE( '', *, *, #7740, .F. );
#6705 = ORIENTED_EDGE( '', *, *, #7839, .T. );
#6706 = CARTESIAN_POINT( '', ( -0.0795000000000000, 0.350000000000000, -0.0217500000000000 ) );
#6707 = DIRECTION( '', ( 0.000000000000000, 0.000000000000000, -1.00000000000000 ) );
#6708 = DIRECTION( '', ( -1.00000000000000, 0.000000000000000, 0.000000000000000 ) );
#6709 = SURFACE_STYLE_FILL_AREA( #8382 );
#6710 = ORIENTED_EDGE( '', *, *, #7587, .F. );
#6711 = ORIENTED_EDGE( '', *, *, #8131, .T. );
#6712 = ORIENTED_EDGE( '', *, *, #8383, .T. );
#6713 = ORIENTED_EDGE( '', *, *, #7221, .F. );
#6714 = CARTESIAN_POINT( '', ( -0.134500000000000, 0.455000000000000, 0.0655000000000000 ) );
#6715 = DIRECTION( '', ( 1.00000000000000, -0.000000000000000, 0.000000000000000 ) );
#6716 = DIRECTION( '', ( 0.000000000000000, 0.000000000000000, -1.00000000000000 ) );
#6717 = SURFACE_STYLE_FILL_AREA( #8384 );
#6718 = ORIENTED_EDGE( '', *, *, #7267, .F. );
#6719 = ORIENTED_EDGE( '', *, *, #8255, .T. );
#6720 = ORIENTED_EDGE( '', *, *, #7350, .F. );
#6721 = ORIENTED_EDGE( '', *, *, #8253, .T. );
#6722 = CARTESIAN_POINT( '', ( 0.300000000000000, 0.385000000000000, 0.000000000000000 ) );
#6723 = DIRECTION( '', ( 0.000000000000000, 1.00000000000000, -0.000000000000000 ) );
#6724 = DIRECTION( '', ( 0.000000000000000, 0.000000000000000, 1.00000000000000 ) );
#6725 = SURFACE_STYLE_FILL_AREA( #8385 );
#6726 = ORIENTED_EDGE( '', *, *, #8021, .F. );
#6727 = ORIENTED_EDGE( '', *, *, #7302, .T. );
#6728 = ORIENTED_EDGE( '', *, *, #7544, .T. );
#6729 = ORIENTED_EDGE( '', *, *, #7216, .F. );
#6730 = CARTESIAN_POINT( '', ( 0.0655000000000000, 0.455000000000000, -0.0655000000000000 ) );
#6731 = DIRECTION( '', ( 0.000000000000000, 0.000000000000000, -1.00000000000000 ) );
#6732 = DIRECTION( '', ( -1.00000000000000, 0.000000000000000, 0.000000000000000 ) );
#6733 = SURFACE_STYLE_FILL_AREA( #8386 );
#6734 = ORIENTED_EDGE( '', *, *, #7876, .F. );
#6735 = ORIENTED_EDGE( '', *, *, #8316, .F. );
#6736 = ORIENTED_EDGE( '', *, *, #7237, .T. );
#6737 = ORIENTED_EDGE( '', *, *, #8029, .T. );
#6738 = CARTESIAN_POINT( '', ( -0.0125000000000000, 0.255000000000000, -0.0982500000000000 ) );
#6739 = DIRECTION( '', ( 0.000000000000000, -0.000000000000000, 1.00000000000000 ) );
#6740 = DIRECTION( '', ( 1.00000000000000, 0.000000000000000, -0.000000000000000 ) );
#6741 = SURFACE_STYLE_FILL_AREA( #8387 );
#6742 = ORIENTED_EDGE( '', *, *, #7707, .F. );
#6743 = ORIENTED_EDGE( '', *, *, #8092, .F. );
#6744 = ORIENTED_EDGE( '', *, *, #7045, .F. );
#6745 = ORIENTED_EDGE( '', *, *, #8371, .T. );
#6746 = ORIENTED_EDGE( '', *, *, #7711, .F. );
#6747 = ORIENTED_EDGE( '', *, *, #8328, .T. );
#6748 = ORIENTED_EDGE( '', *, *, #8388, .T. );
#6749 = ORIENTED_EDGE( '', *, *, #7930, .F. );
#6750 = ORIENTED_EDGE( '', *, *, #8032, .F. );
#6751 = ORIENTED_EDGE( '', *, *, #7222, .F. );
#6752 = ORIENTED_EDGE( '', *, *, #8383, .F. );
#6753 = ORIENTED_EDGE( '', *, *, #8130, .F. );
#6754 = CARTESIAN_POINT( '', ( 0.200000000000000, 0.505000000000000, 0.0131500000000000 ) );
#6755 = DIRECTION( '', ( 0.000000000000000, -1.00000000000000, 0.000000000000000 ) );
#6756 = DIRECTION( '', ( 0.000000000000000, 0.000000000000000, -1.00000000000000 ) );
#6757 = SURFACE_STYLE_FILL_AREA( #8389 );
#6758 = ORIENTED_EDGE( '', *, *, #7242, .T. );
#6759 = ORIENTED_EDGE( '', *, *, #8013, .F. );
#6760 = ORIENTED_EDGE( '', *, *, #8390, .T. );
#6761 = ORIENTED_EDGE( '', *, *, #7741, .T. );
#6762 = ORIENTED_EDGE( '', *, *, #8381, .T. );
#6763 = CARTESIAN_POINT( '', ( -0.0795000000000000, 0.350000000000000, -0.0952500000000000 ) );
#6764 = DIRECTION( '', ( 1.00000000000000, 0.000000000000000, 0.000000000000000 ) );
#6765 = DIRECTION( '', ( 0.000000000000000, 0.000000000000000, -1.00000000000000 ) );
#6766 = SURFACE_STYLE_FILL_AREA( #8391 );
#6767 = ORIENTED_EDGE( '', *, *, #7717, .T. );
#6768 = ORIENTED_EDGE( '', *, *, #8062, .F. );
#6769 = ORIENTED_EDGE( '', *, *, #7812, .F. );
#6770 = ORIENTED_EDGE( '', *, *, #7927, .F. );
#6771 = ORIENTED_EDGE( '', *, *, #7202, .T. );
#6772 = CARTESIAN_POINT( '', ( -0.120500000000000, 0.350000000000000, -0.0217500000000000 ) );
#6773 = DIRECTION( '', ( -1.00000000000000, 0.000000000000000, 0.000000000000000 ) );
#6774 = DIRECTION( '', ( 0.000000000000000, 0.000000000000000, 1.00000000000000 ) );
#6775 = SURFACE_STYLE_FILL_AREA( #8392 );
#6776 = ORIENTED_EDGE( '', *, *, #7878, .F. );
#6777 = ORIENTED_EDGE( '', *, *, #8030, .F. );
#6778 = ORIENTED_EDGE( '', *, *, #7239, .T. );
#6779 = ORIENTED_EDGE( '', *, *, #8315, .T. );
#6780 = CARTESIAN_POINT( '', ( -0.0875000000000000, 0.255000000000000, -0.0187500000000000 ) );
#6781 = DIRECTION( '', ( 0.000000000000000, 0.000000000000000, -1.00000000000000 ) );
#6782 = DIRECTION( '', ( -1.00000000000000, 0.000000000000000, 0.000000000000000 ) );
#6783 = SURFACE_STYLE_FILL_AREA( #8393 );
#6784 = ORIENTED_EDGE( '', *, *, #7781, .T. );
#6785 = ORIENTED_EDGE( '', *, *, #7984, .T. );
#6786 = ORIENTED_EDGE( '', *, *, #7482, .T. );
#6787 = ORIENTED_EDGE( '', *, *, #7789, .F. );
#6788 = CARTESIAN_POINT( '', ( -0.187050000000000, 0.485000000000000, 0.125000000000000 ) );
#6789 = DIRECTION( '', ( -0.957826285221151, 0.287347885566345, 0.000000000000000 ) );
#6790 = DIRECTION( '', ( -0.287347885566345, -0.957826285221151, 0.000000000000000 ) );
#6791 = SURFACE_STYLE_FILL_AREA( #8394 );
#6792 = ORIENTED_EDGE( '', *, *, #8111, .T. );
#6793 = ORIENTED_EDGE( '', *, *, #7148, .T. );
#6794 = ORIENTED_EDGE( '', *, *, #8147, .F. );
#6795 = ORIENTED_EDGE( '', *, *, #8072, .F. );
#6796 = CARTESIAN_POINT( '', ( -0.0415000000000000, -0.0649999999999999, 0.190000000000000 ) );
#6797 = DIRECTION( '', ( 0.000000000000000, 0.000000000000000, 1.00000000000000 ) );
#6798 = DIRECTION( '', ( 1.00000000000000, 0.000000000000000, -0.000000000000000 ) );
#6799 = SURFACE_STYLE_FILL_AREA( #8395 );
#6800 = ORIENTED_EDGE( '', *, *, #7085, .T. );
#6801 = ORIENTED_EDGE( '', *, *, #7227, .F. );
#6802 = ORIENTED_EDGE( '', *, *, #7617, .T. );
#6803 = ORIENTED_EDGE( '', *, *, #7727, .T. );
#6804 = CARTESIAN_POINT( '', ( 0.0250000000000000, 0.0500000000000000, -0.117000000000000 ) );
#6805 = DIRECTION( '', ( 1.00000000000000, -0.000000000000000, 0.000000000000000 ) );
#6806 = DIRECTION( '', ( 0.000000000000000, 0.000000000000000, -1.00000000000000 ) );
#6807 = SURFACE_STYLE_FILL_AREA( #8396 );
#6808 = ORIENTED_EDGE( '', *, *, #8223, .F. );
#6809 = ORIENTED_EDGE( '', *, *, #7865, .F. );
#6810 = ORIENTED_EDGE( '', *, *, #8397, .T. );
#6811 = ORIENTED_EDGE( '', *, *, #7171, .T. );
#6812 = CARTESIAN_POINT( '', ( 0.107500000000000, 0.100000000000000, -0.0137500000000000 ) );
#6813 = DIRECTION( '', ( 0.000000000000000, 0.000000000000000, -1.00000000000000 ) );
#6814 = DIRECTION( '', ( -1.00000000000000, 0.000000000000000, 0.000000000000000 ) );
#6815 = SURFACE_STYLE_FILL_AREA( #8398 );
#6816 = ORIENTED_EDGE( '', *, *, #7457, .T. );
#6817 = ORIENTED_EDGE( '', *, *, #8125, .T. );
#6818 = ORIENTED_EDGE( '', *, *, #7970, .T. );
#6819 = ORIENTED_EDGE( '', *, *, #8109, .T. );
#6820 = ORIENTED_EDGE( '', *, *, #8060, .F. );
#6821 = ORIENTED_EDGE( '', *, *, #7172, .F. );
#6822 = ORIENTED_EDGE( '', *, *, #8397, .F. );
#6823 = ORIENTED_EDGE( '', *, *, #7864, .F. );
#6824 = CARTESIAN_POINT( '', ( 0.300000000000000, 0.118700000000000, -0.117000000000000 ) );
#6825 = DIRECTION( '', ( 0.000000000000000, 1.00000000000000, -0.000000000000000 ) );
#6826 = DIRECTION( '', ( 0.000000000000000, 0.000000000000000, 1.00000000000000 ) );
#6827 = SURFACE_STYLE_FILL_AREA( #8399 );
#6828 = ORIENTED_EDGE( '', *, *, #8139, .T. );
#6829 = ORIENTED_EDGE( '', *, *, #8203, .F. );
#6830 = ORIENTED_EDGE( '', *, *, #8008, .T. );
#6831 = ORIENTED_EDGE( '', *, *, #8378, .T. );
#6832 = CARTESIAN_POINT( '', ( 0.112500000000000, 0.260000000000000, 0.168000000000000 ) );
#6833 = DIRECTION( '', ( 1.00000000000000, -0.000000000000000, -0.000000000000000 ) );
#6834 = DIRECTION( '', ( 0.000000000000000, 0.000000000000000, 1.00000000000000 ) );
#6835 = SURFACE_STYLE_FILL_AREA( #8400 );
#6836 = ORIENTED_EDGE( '', *, *, #7362, .T. );
#6837 = ORIENTED_EDGE( '', *, *, #7318, .T. );
#6838 = ORIENTED_EDGE( '', *, *, #7007, .F. );
#6839 = ORIENTED_EDGE( '', *, *, #7188, .T. );
#6840 = CARTESIAN_POINT( '', ( 0.0790000000000000, 0.405000000000000, 0.185212161291819 ) );
#6841 = DIRECTION( '', ( 0.000000000000000, 0.939692620785908, -0.342020143325669 ) );
#6842 = DIRECTION( '', ( 0.000000000000000, 0.342020143325669, 0.939692620785908 ) );
#6843 = SURFACE_STYLE_FILL_AREA( #8401 );
#6844 = ORIENTED_EDGE( '', *, *, #7088, .T. );
#6845 = ORIENTED_EDGE( '', *, *, #7934, .F. );
#6846 = ORIENTED_EDGE( '', *, *, #7614, .T. );
#6847 = ORIENTED_EDGE( '', *, *, #8048, .T. );
#6848 = CARTESIAN_POINT( '', ( -0.0250000000000000, 0.0500000000000000, -0.117000000000000 ) );
#6849 = DIRECTION( '', ( 0.000000000000000, 0.000000000000000, -1.00000000000000 ) );
#6850 = DIRECTION( '', ( -1.00000000000000, 0.000000000000000, 0.000000000000000 ) );
#6851 = SURFACE_STYLE_FILL_AREA( #8402 );
#6852 = ORIENTED_EDGE( '', *, *, #7966, .F. );
#6853 = ORIENTED_EDGE( '', *, *, #7155, .T. );
#6854 = ORIENTED_EDGE( '', *, *, #7070, .T. );
#6855 = ORIENTED_EDGE( '', *, *, #8259, .F. );
#6856 = ORIENTED_EDGE( '', *, *, #7793, .T. );
#6857 = ORIENTED_EDGE( '', *, *, #8208, .T. );
#6858 = ORIENTED_EDGE( '', *, *, #7899, .T. );
#6859 = ORIENTED_EDGE( '', *, *, #8143, .T. );
#6860 = CARTESIAN_POINT( '', ( 0.0250000000000000, 0.0500000000000000, 0.117000000000000 ) );
#6861 = DIRECTION( '', ( 0.000000000000000, 0.000000000000000, 1.00000000000000 ) );
#6862 = DIRECTION( '', ( 1.00000000000000, 0.000000000000000, -0.000000000000000 ) );
#6863 = SURFACE_STYLE_FILL_AREA( #8403 );
#6864 = ORIENTED_EDGE( '', *, *, #8307, .F. );
#6865 = ORIENTED_EDGE( '', *, *, #8404, .F. );
#6866 = ORIENTED_EDGE( '', *, *, #7038, .F. );
#6867 = ORIENTED_EDGE( '', *, *, #8195, .F. );
#6868 = CARTESIAN_POINT( '', ( 0.229000000000000, 0.0500000000000000, 0.125000000000000 ) );
#6869 = DIRECTION( '', ( 0.000000000000000, -1.00000000000000, 4.97302426031116E-16 ) );
#6870 = DIRECTION( '', ( 0.000000000000000, -4.97302426031116E-16, -1.00000000000000 ) );
#6871 = SURFACE_STYLE_FILL_AREA( #8405 );
#6872 = ORIENTED_EDGE( '', *, *, #7961, .F. );
#6873 = ORIENTED_EDGE( '', *, *, #7104, .T. );
#6874 = ORIENTED_EDGE( '', *, *, #8266, .F. );
#6875 = ORIENTED_EDGE( '', *, *, #7931, .F. );
#6876 = ORIENTED_EDGE( '', *, *, #8388, .F. );
#6877 = ORIENTED_EDGE( '', *, *, #8327, .F. );
#6878 = ORIENTED_EDGE( '', *, *, #7417, .F. );
#6879 = ORIENTED_EDGE( '', *, *, #7100, .T. );
#6880 = ORIENTED_EDGE( '', *, *, #7747, .F. );
#6881 = ORIENTED_EDGE( '', *, *, #7991, .T. );
#6882 = CARTESIAN_POINT( '', ( 0.200000000000000, 0.285000000000000, 0.0100000000000000 ) );
#6883 = DIRECTION( '', ( 0.000000000000000, -0.0143167143562177, 0.999897510592982 ) );
#6884 = DIRECTION( '', ( 0.000000000000000, -0.999897510592982, -0.0143167143562177 ) );
#6885 = SURFACE_STYLE_FILL_AREA( #8406 );
#6886 = ORIENTED_EDGE( '', *, *, #7067, .T. );
#6887 = ORIENTED_EDGE( '', *, *, #7039, .F. );
#6888 = ORIENTED_EDGE( '', *, *, #8404, .T. );
#6889 = ORIENTED_EDGE( '', *, *, #8306, .T. );
#6890 = CARTESIAN_POINT( '', ( -0.0250000000000000, 0.0500000000000000, 0.117000000000000 ) );
#6891 = DIRECTION( '', ( -1.00000000000000, 0.000000000000000, 0.000000000000000 ) );
#6892 = DIRECTION( '', ( 0.000000000000000, 0.000000000000000, 1.00000000000000 ) );
#6893 = SURFACE_STYLE_FILL_AREA( #8407 );
#6894 = ORIENTED_EDGE( '', *, *, #7521, .F. );
#6895 = ORIENTED_EDGE( '', *, *, #7925, .T. );
#6896 = ORIENTED_EDGE( '', *, *, #7109, .T. );
#6897 = ORIENTED_EDGE( '', *, *, #7480, .T. );
#6898 = CARTESIAN_POINT( '', ( -0.112950000000000, 0.485000000000000, 0.125000000000000 ) );
#6899 = DIRECTION( '', ( 0.999891236496823, 0.0147483957383282, -0.000000000000000 ) );
#6900 = DIRECTION( '', ( -0.0147483957383282, 0.999891236496823, 0.000000000000000 ) );
#6901 = SURFACE_STYLE_FILL_AREA( #8408 );
#6902 = ORIENTED_EDGE( '', *, *, #8217, .F. );
#6903 = ORIENTED_EDGE( '', *, *, #7976, .F. );
#6904 = ORIENTED_EDGE( '', *, *, #7905, .T. );
#6905 = ORIENTED_EDGE( '', *, *, #8324, .T. );
#6906 = CARTESIAN_POINT( '', ( -0.107500000000000, 0.100000000000000, -0.0137500000000000 ) );
#6907 = DIRECTION( '', ( -1.00000000000000, 0.000000000000000, 0.000000000000000 ) );
#6908 = DIRECTION( '', ( 0.000000000000000, 0.000000000000000, 1.00000000000000 ) );
#6909 = SURFACE_STYLE_FILL_AREA( #8409 );
#6910 = ORIENTED_EDGE( '', *, *, #8074, .T. );
#6911 = ORIENTED_EDGE( '', *, *, #8146, .T. );
#6912 = ORIENTED_EDGE( '', *, *, #7162, .F. );
#6913 = ORIENTED_EDGE( '', *, *, #8006, .F. );
#6914 = CARTESIAN_POINT( '', ( 0.0790000000000000, 0.0300000000000000, 0.163000000000000 ) );
#6915 = DIRECTION( '', ( 0.000000000000000, 0.000000000000000, 1.00000000000000 ) );
#6916 = DIRECTION( '', ( 1.00000000000000, 0.000000000000000, -0.000000000000000 ) );
#6917 = SURFACE_STYLE_FILL_AREA( #8410 );
#6918 = ORIENTED_EDGE( '', *, *, #7574, .F. );
#6919 = ORIENTED_EDGE( '', *, *, #7524, .F. );
#6920 = ORIENTED_EDGE( '', *, *, #8354, .T. );
#6921 = ORIENTED_EDGE( '', *, *, #8349, .T. );
#6922 = ORIENTED_EDGE( '', *, *, #8085, .F. );
#6923 = ORIENTED_EDGE( '', *, *, #8290, .F. );
#6924 = CARTESIAN_POINT( '', ( 0.130000000000000, 0.362000000000000, 0.0805000000000000 ) );
#6925 = DIRECTION( '', ( -1.00000000000000, 0.000000000000000, 0.000000000000000 ) );
#6926 = DIRECTION( '', ( 0.000000000000000, 0.000000000000000, 1.00000000000000 ) );
#6927 = SURFACE_STYLE_FILL_AREA( #8411 );
#6928 = ORIENTED_EDGE( '', *, *, #8145, .T. );
#6929 = ORIENTED_EDGE( '', *, *, #8305, .F. );
#6930 = ORIENTED_EDGE( '', *, *, #7421, .F. );
#6931 = ORIENTED_EDGE( '', *, *, #7164, .T. );
#6932 = CARTESIAN_POINT( '', ( 0.112500000000000, 0.180000000000000, 0.150000000000000 ) );
#6933 = DIRECTION( '', ( 1.00000000000000, -0.000000000000000, -0.000000000000000 ) );
#6934 = DIRECTION( '', ( 0.000000000000000, 0.000000000000000, 1.00000000000000 ) );
#6935 = SURFACE_STYLE_FILL_AREA( #8412 );
#6936 = ORIENTED_EDGE( '', *, *, #8310, .T. );
#6937 = ORIENTED_EDGE( '', *, *, #8248, .T. );
#6938 = ORIENTED_EDGE( '', *, *, #8298, .T. );
#6939 = ORIENTED_EDGE( '', *, *, #7952, .F. );
#6940 = CARTESIAN_POINT( '', ( -0.0189500000000000, 0.505000000000000, 0.125000000000000 ) );
#6941 = DIRECTION( '', ( 0.957826285221152, 0.287347885566345, -0.000000000000000 ) );
#6942 = DIRECTION( '', ( -0.287347885566345, 0.957826285221152, 0.000000000000000 ) );
#6943 = SURFACE_STYLE_FILL_AREA( #8413 );
#6944 = ORIENTED_EDGE( '', *, *, #8051, .T. );
#6945 = ORIENTED_EDGE( '', *, *, #7742, .T. );
#6946 = ORIENTED_EDGE( '', *, *, #8390, .F. );
#6947 = ORIENTED_EDGE( '', *, *, #8012, .F. );
#6948 = ORIENTED_EDGE( '', *, *, #7840, .T. );
#6949 = ORIENTED_EDGE( '', *, *, #7738, .T. );
#6950 = ORIENTED_EDGE( '', *, *, #7027, .T. );
#6951 = ORIENTED_EDGE( '', *, *, #8230, .F. );
#6952 = CARTESIAN_POINT( '', ( -0.0205000000000000, 0.350000000000000, -0.0952500000000000 ) );
#6953 = DIRECTION( '', ( 0.000000000000000, -0.0345946647267854, 0.999401425440469 ) );
#6954 = DIRECTION( '', ( 0.000000000000000, -0.999401425440469, -0.0345946647267854 ) );
#6955 = SURFACE_STYLE_FILL_AREA( #8414 );
#6956 = ORIENTED_EDGE( '', *, *, #7093, .T. );
#6957 = ORIENTED_EDGE( '', *, *, #8296, .T. );
#6958 = ORIENTED_EDGE( '', *, *, #7602, .F. );
#6959 = ORIENTED_EDGE( '', *, *, #7338, .T. );
#6960 = CARTESIAN_POINT( '', ( -0.0650000000000000, 0.385000000000000, -0.0165000000000000 ) );
#6961 = DIRECTION( '', ( 1.00000000000000, 0.000000000000000, 0.000000000000000 ) );
#6962 = DIRECTION( '', ( 0.000000000000000, 0.000000000000000, -1.00000000000000 ) );
#6963 = SURFACE_STYLE_FILL_AREA( #8415 );
#6964 = ORIENTED_EDGE( '', *, *, #7013, .F. );
#6965 = ORIENTED_EDGE( '', *, *, #8170, .T. );
#6966 = ORIENTED_EDGE( '', *, *, #7126, .T. );
#6967 = ORIENTED_EDGE( '', *, *, #7785, .T. );
#6968 = CARTESIAN_POINT( '', ( 0.0650000000000000, 0.385000000000000, 0.0185000000000000 ) );
#6969 = DIRECTION( '', ( -1.00000000000000, 0.000000000000000, 0.000000000000000 ) );
#6970 = DIRECTION( '', ( 0.000000000000000, 0.000000000000000, 1.00000000000000 ) );
#6971 = SURFACE_STYLE_FILL_AREA( #8416 );
#6972 = ORIENTED_EDGE( '', *, *, #8219, .F. );
#6973 = ORIENTED_EDGE( '', *, *, #8186, .F. );
#6974 = ORIENTED_EDGE( '', *, *, #8102, .T. );
#6975 = ORIENTED_EDGE( '', *, *, #8287, .T. );
#6976 = CARTESIAN_POINT( '', ( -0.0925000000000000, 0.100000000000000, 0.0137500000000000 ) );
#6977 = DIRECTION( '', ( 1.00000000000000, 0.000000000000000, 0.000000000000000 ) );
#6978 = DIRECTION( '', ( 0.000000000000000, 0.000000000000000, -1.00000000000000 ) );
#6979 = SURFACE_STYLE_FILL_AREA( #8417 );
#6980 = ORIENTED_EDGE( '', *, *, #8201, .T. );
#6981 = ORIENTED_EDGE( '', *, *, #8366, .F. );
#6982 = ORIENTED_EDGE( '', *, *, #7578, .T. );
#6983 = ORIENTED_EDGE( '', *, *, #7820, .T. );
#6984 = CARTESIAN_POINT( '', ( 0.120500000000000, 0.350000000000000, 0.0952500000000000 ) );
#6985 = DIRECTION( '', ( 0.000000000000000, 0.000000000000000, -1.00000000000000 ) );
#6986 = DIRECTION( '', ( -1.00000000000000, 0.000000000000000, 0.000000000000000 ) );
#6987 = SURFACE_STYLE_FILL_AREA( #8418 );
#6988 = ORIENTED_EDGE( '', *, *, #8302, .T. );
#6989 = ORIENTED_EDGE( '', *, *, #8352, .T. );
#6990 = ORIENTED_EDGE( '', *, *, #7511, .F. );
#6991 = ORIENTED_EDGE( '', *, *, #7392, .T. );
#6992 = CARTESIAN_POINT( '', ( -0.104000000000000, 0.280000000000000, 0.150000000000000 ) );
#6993 = DIRECTION( '', ( -0.000000000000000, 1.00000000000000, 0.000000000000000 ) );
#6994 = DIRECTION( '', ( 0.000000000000000, 0.000000000000000, -1.00000000000000 ) );
#6995 = FILL_AREA_STYLE( '', ( #8419 ) );
#6996 = EDGE_CURVE( '', #8420, #8421, #8422, .T. );
#6997 = EDGE_CURVE( '', #8423, #8421, #8424, .T. );
#6998 = EDGE_CURVE( '', #8423, #8425, #8426, .T. );
#6999 = EDGE_CURVE( '', #8425, #8427, #8428, .T. );
#7000 = EDGE_CURVE( '', #8427, #8420, #8429, .T. );
#7001 = FILL_AREA_STYLE( '', ( #8430 ) );
#7002 = EDGE_CURVE( '', #8431, #8432, #8433, .T. );
#7003 = EDGE_CURVE( '', #8432, #8434, #8435, .T. );
#7004 = EDGE_CURVE( '', #8434, #8436, #8437, .T. );
#7005 = EDGE_CURVE( '', #8431, #8436, #8438, .T. );
#7006 = FILL_AREA_STYLE( '', ( #8439 ) );
#7007 = EDGE_CURVE( '', #8440, #8441, #8442, .T. );
#7008 = EDGE_CURVE( '', #8441, #8443, #8444, .T. );
#7009 = EDGE_CURVE( '', #8445, #8443, #8446, .T. );
#7010 = EDGE_CURVE( '', #8445, #8440, #8447, .T. );
#7011 = FILL_AREA_STYLE( '', ( #8448 ) );
#7012 = EDGE_CURVE( '', #8449, #8450, #8451, .T. );
#7013 = EDGE_CURVE( '', #8449, #8452, #8453, .T. );
#7014 = EDGE_CURVE( '', #8454, #8452, #8455, .T. );
#7015 = EDGE_CURVE( '', #8454, #8450, #8456, .T. );
#7016 = FILL_AREA_STYLE( '', ( #8457 ) );
#7017 = EDGE_CURVE( '', #8458, #8459, #8460, .T. );
#7018 = EDGE_CURVE( '', #8458, #8461, #8462, .T. );
#7019 = EDGE_CURVE( '', #8461, #8463, #8464, .T. );
#7020 = EDGE_CURVE( '', #8459, #8463, #8465, .T. );
#7021 = FILL_AREA_STYLE( '', ( #8466 ) );
#7022 = EDGE_CURVE( '', #8467, #8468, #8469, .T. );
#7023 = EDGE_CURVE( '', #8467, #8470, #8471, .T. );
#7024 = EDGE_CURVE( '', #8470, #8472, #8473, .T. );
#7025 = EDGE_CURVE( '', #8474, #8472, #8475, .T. );
#7026 = EDGE_CURVE( '', #8476, #8474, #8477, .T. );
#7027 = EDGE_CURVE( '', #8468, #8476, #8478, .T. );
#7028 = FILL_AREA_STYLE( '', ( #8479 ) );
#7029 = EDGE_CURVE( '', #8480, #8481, #8482, .T. );
#7030 = EDGE_CURVE( '', #8481, #8483, #8484, .T. );
#7031 = EDGE_CURVE( '', #8483, #8485, #8486, .T. );
#7032 = EDGE_CURVE( '', #8480, #8485, #8487, .T. );
#7033 = FILL_AREA_STYLE( '', ( #8488 ) );
#7034 = EDGE_CURVE( '', #8489, #8490, #8491, .T. );
#7035 = EDGE_CURVE( '', #8489, #8492, #8493, .T. );
#7036 = EDGE_CURVE( '', #8492, #8494, #8495, .T. );
#7037 = EDGE_CURVE( '', #8496, #8494, #8497, .T. );
#7038 = EDGE_CURVE( '', #8496, #8498, #8499, .T. );
#7039 = EDGE_CURVE( '', #8498, #8500, #8501, .T. );
#7040 = EDGE_CURVE( '', #8500, #8502, #8503, .T. );
#7041 = EDGE_CURVE( '', #8490, #8502, #8504, .T. );
#7042 = FILL_AREA_STYLE( '', ( #8505 ) );
#7043 = EDGE_CURVE( '', #8506, #8507, #8508, .T. );
#7044 = EDGE_CURVE( '', #8506, #8509, #8510, .T. );
#7045 = EDGE_CURVE( '', #8509, #8511, #8512, .T. );
#7046 = EDGE_CURVE( '', #8507, #8511, #8513, .T. );
#7047 = FILL_AREA_STYLE( '', ( #8514 ) );
#7048 = EDGE_CURVE( '', #8515, #8516, #8517, .T. );
#7049 = EDGE_CURVE( '', #8515, #8518, #8519, .T. );
#7050 = EDGE_CURVE( '', #8518, #8520, #8521, .T. );
#7051 = EDGE_CURVE( '', #8516, #8520, #8522, .T. );
#7052 = FILL_AREA_STYLE( '', ( #8523 ) );
#7053 = EDGE_CURVE( '', #8524, #8525, #8526, .T. );
#7054 = EDGE_CURVE( '', #8524, #8527, #8528, .T. );
#7055 = EDGE_CURVE( '', #8527, #8529, #8530, .T. );
#7056 = EDGE_CURVE( '', #8525, #8529, #8531, .T. );
#7057 = FILL_AREA_STYLE( '', ( #8532 ) );
#7058 = EDGE_CURVE( '', #8533, #8534, #8535, .T. );
#7059 = EDGE_CURVE( '', #8533, #8536, #8537, .T. );
#7060 = EDGE_CURVE( '', #8536, #8538, #8539, .T. );
#7061 = EDGE_CURVE( '', #8540, #8538, #8541, .T. );
#7062 = EDGE_CURVE( '', #8542, #8540, #8543, .T. );
#7063 = EDGE_CURVE( '', #8544, #8542, #8545, .T. );
#7064 = EDGE_CURVE( '', #8546, #8544, #8547, .T. );
#7065 = EDGE_CURVE( '', #8548, #8546, #8549, .T. );
#7066 = EDGE_CURVE( '', #8502, #8548, #8550, .T. );
#7067 = EDGE_CURVE( '', #8551, #8500, #8552, .T. );
#7068 = EDGE_CURVE( '', #8553, #8551, #8554, .T. );
#7069 = EDGE_CURVE( '', #8555, #8553, #8556, .T. );
#7070 = EDGE_CURVE( '', #8557, #8555, #8558, .T. );
#7071 = EDGE_CURVE( '', #8559, #8557, #8560, .T. );
#7072 = EDGE_CURVE( '', #8561, #8559, #8562, .T. );
#7073 = EDGE_CURVE( '', #8563, #8561, #8564, .T. );
#7074 = EDGE_CURVE( '', #8565, #8563, #8566, .T. );
#7075 = EDGE_CURVE( '', #8567, #8565, #8568, .T. );
#7076 = EDGE_CURVE( '', #8569, #8567, #8570, .T. );
#7077 = EDGE_CURVE( '', #8571, #8569, #8572, .T. );
#7078 = EDGE_CURVE( '', #8571, #8573, #8574, .T. );
#7079 = EDGE_CURVE( '', #8575, #8573, #8576, .T. );
#7080 = EDGE_CURVE( '', #8577, #8575, #8578, .T. );
#7081 = EDGE_CURVE( '', #8579, #8577, #8580, .T. );
#7082 = EDGE_CURVE( '', #8579, #8581, #8582, .T. );
#7083 = EDGE_CURVE( '', #8583, #8581, #8584, .T. );
#7084 = EDGE_CURVE( '', #8585, #8583, #8586, .T. );
#7085 = EDGE_CURVE( '', #8587, #8585, #8588, .T. );
#7086 = EDGE_CURVE( '', #8587, #8589, #8590, .T. );
#7087 = EDGE_CURVE( '', #8591, #8589, #8592, .T. );
#7088 = EDGE_CURVE( '', #8593, #8591, #8594, .T. );
#7089 = EDGE_CURVE( '', #8595, #8593, #8596, .T. );
#7090 = EDGE_CURVE( '', #8595, #8597, #8598, .T. );
#7091 = EDGE_CURVE( '', #8599, #8597, #8600, .T. );
#7092 = EDGE_CURVE( '', #8534, #8599, #8601, .T. );
#7093 = EDGE_CURVE( '', #8602, #8603, #8604, .T. );
#7094 = EDGE_CURVE( '', #8602, #8605, #8606, .T. );
#7095 = EDGE_CURVE( '', #8605, #8607, #8608, .T. );
#7096 = EDGE_CURVE( '', #8607, #8609, #8610, .T. );
#7097 = EDGE_CURVE( '', #8611, #8609, #8612, .T. );
#7098 = EDGE_CURVE( '', #8611, #8613, #8614, .T. );
#7099 = EDGE_CURVE( '', #8615, #8613, #8616, .T. );
#7100 = EDGE_CURVE( '', #8617, #8615, #8618, .T. );
#7101 = EDGE_CURVE( '', #8619, #8617, #8620, .T. );
#7102 = EDGE_CURVE( '', #8619, #8621, #8622, .T. );
#7103 = EDGE_CURVE( '', #8621, #8623, #8624, .T. );
#7104 = EDGE_CURVE( '', #8625, #8623, #8626, .T. );
#7105 = EDGE_CURVE( '', #8627, #8625, #8628, .T. );
#7106 = EDGE_CURVE( '', #8627, #8629, #8630, .T. );
#7107 = EDGE_CURVE( '', #8629, #8631, #8632, .T. );
#7108 = EDGE_CURVE( '', #8633, #8631, #8634, .T. );
#7109 = EDGE_CURVE( '', #8635, #8633, #8636, .T. );
#7110 = EDGE_CURVE( '', #8637, #8635, #8638, .T. );
#7111 = EDGE_CURVE( '', #8637, #8639, #8640, .T. );
#7112 = EDGE_CURVE( '', #8483, #8639, #8641, .T. );
#7113 = EDGE_CURVE( '', #8481, #8642, #8643, .T. );
#7114 = EDGE_CURVE( '', #8644, #8642, #8645, .T. );
#7115 = EDGE_CURVE( '', #8646, #8644, #8647, .T. );
#7116 = EDGE_CURVE( '', #8648, #8646, #8649, .T. );
#7117 = EDGE_CURVE( '', #8648, #8650, #8651, .T. );
#7118 = EDGE_CURVE( '', #8650, #8652, #8653, .T. );
#7119 = EDGE_CURVE( '', #8603, #8652, #8654, .T. );
#7120 = EDGE_CURVE( '', #8655, #8656, #8657, .T. );
#7121 = EDGE_CURVE( '', #8655, #8658, #8659, .T. );
#7122 = EDGE_CURVE( '', #8658, #8660, #8661, .T. );
#7123 = EDGE_CURVE( '', #8660, #8662, #8663, .T. );
#7124 = EDGE_CURVE( '', #8664, #8662, #8665, .T. );
#7125 = EDGE_CURVE( '', #8664, #8666, #8667, .T. );
#7126 = EDGE_CURVE( '', #8668, #8666, #8669, .T. );
#7127 = EDGE_CURVE( '', #8434, #8668, #8670, .T. );
#7128 = EDGE_CURVE( '', #8432, #8671, #8672, .T. );
#7129 = EDGE_CURVE( '', #8671, #8673, #8674, .T. );
#7130 = EDGE_CURVE( '', #8675, #8673, #8676, .T. );
#7131 = EDGE_CURVE( '', #8677, #8675, #8678, .T. );
#7132 = EDGE_CURVE( '', #8677, #8679, #8680, .T. );
#7133 = EDGE_CURVE( '', #8679, #8681, #8682, .T. );
#7134 = EDGE_CURVE( '', #8683, #8681, #8684, .T. );
#7135 = EDGE_CURVE( '', #8685, #8683, #8686, .T. );
#7136 = EDGE_CURVE( '', #8687, #8685, #8688, .T. );
#7137 = EDGE_CURVE( '', #8687, #8689, #8690, .T. );
#7138 = EDGE_CURVE( '', #8691, #8689, #8692, .T. );
#7139 = EDGE_CURVE( '', #8693, #8691, #8694, .T. );
#7140 = EDGE_CURVE( '', #8693, #8695, #8696, .T. );
#7141 = EDGE_CURVE( '', #8697, #8695, #8698, .T. );
#7142 = EDGE_CURVE( '', #8699, #8697, #8700, .T. );
#7143 = EDGE_CURVE( '', #8701, #8699, #8702, .T. );
#7144 = EDGE_CURVE( '', #8701, #8703, #8704, .T. );
#7145 = EDGE_CURVE( '', #8703, #8705, #8706, .T. );
#7146 = EDGE_CURVE( '', #8656, #8705, #8707, .T. );
#7147 = FILL_AREA_STYLE( '', ( #8708 ) );
#7148 = EDGE_CURVE( '', #8709, #8710, #8711, .T. );
#7149 = EDGE_CURVE( '', #8709, #8712, #8713, .T. );
#7150 = EDGE_CURVE( '', #8714, #8712, #8715, .T. );
#7151 = EDGE_CURVE( '', #8714, #8710, #8716, .T. );
#7152 = FILL_AREA_STYLE( '', ( #8717 ) );
#7153 = EDGE_CURVE( '', #8718, #8719, #8720, .T. );
#7154 = EDGE_CURVE( '', #8718, #8559, #8721, .T. );
#7155 = EDGE_CURVE( '', #8719, #8557, #8722, .T. );
#7156 = FILL_AREA_STYLE( '', ( #8723 ) );
#7157 = EDGE_CURVE( '', #8724, #8480, #8725, .T. );
#7158 = EDGE_CURVE( '', #8485, #8726, #8727, .T. );
#7159 = EDGE_CURVE( '', #8726, #8724, #8728, .T. );
#7160 = FILL_AREA_STYLE( '', ( #8729 ) );
#7161 = EDGE_CURVE( '', #8730, #8731, #8732, .T. );
#7162 = EDGE_CURVE( '', #8731, #8733, #8734, .T. );
#7163 = EDGE_CURVE( '', #8733, #8735, #8736, .T. );
#7164 = EDGE_CURVE( '', #8730, #8735, #8737, .T. );
#7165 = FILL_AREA_STYLE( '', ( #8738 ) );
#7166 = EDGE_CURVE( '', #8739, #8597, #8740, .T. );
#7167 = EDGE_CURVE( '', #8739, #8741, #8742, .T. );
#7168 = EDGE_CURVE( '', #8741, #8599, #8743, .T. );
#7169 = FILL_AREA_STYLE( '', ( #8744 ) );
#7170 = EDGE_CURVE( '', #8745, #8746, #8747, .T. );
#7171 = EDGE_CURVE( '', #8748, #8745, #8749, .T. );
#7172 = EDGE_CURVE( '', #8748, #8750, #8751, .T. );
#7173 = EDGE_CURVE( '', #8750, #8746, #8752, .T. );
#7174 = FILL_AREA_STYLE( '', ( #8753 ) );
#7175 = EDGE_CURVE( '', #8754, #8755, #8756, .T. );
#7176 = EDGE_CURVE( '', #8754, #8757, #8758, .T. );
#7177 = EDGE_CURVE( '', #8757, #8759, #8760, .T. );
#7178 = EDGE_CURVE( '', #8759, #8761, #8762, .T. );
#7179 = EDGE_CURVE( '', #8761, #8755, #8763, .T. );
#7180 = FILL_AREA_STYLE( '', ( #8764 ) );
#7181 = EDGE_CURVE( '', #8765, #8766, #8767, .T. );
#7182 = EDGE_CURVE( '', #8768, #8765, #8769, .T. );
#7183 = EDGE_CURVE( '', #8768, #8770, #8771, .T. );
#7184 = EDGE_CURVE( '', #8770, #8766, #8772, .T. );
#7185 = FILL_AREA_STYLE( '', ( #8773 ) );
#7186 = EDGE_CURVE( '', #8774, #8775, #8776, .T. );
#7187 = EDGE_CURVE( '', #8777, #8774, #8778, .T. );
#7188 = EDGE_CURVE( '', #8440, #8777, #8779, .T. );
#7189 = EDGE_CURVE( '', #8780, #8445, #8781, .T. );
#7190 = EDGE_CURVE( '', #8782, #8780, #8783, .T. );
#7191 = EDGE_CURVE( '', #8775, #8782, #8784, .T. );
#7192 = FILL_AREA_STYLE( '', ( #8785 ) );
#7193 = EDGE_CURVE( '', #8786, #8787, #8788, .T. );
#7194 = EDGE_CURVE( '', #8789, #8787, #8790, .T. );
#7195 = EDGE_CURVE( '', #8789, #8791, #8792, .T. );
#7196 = EDGE_CURVE( '', #8791, #8786, #8793, .T. );
#7197 = FILL_AREA_STYLE( '', ( #8794 ) );
#7198 = EDGE_CURVE( '', #8637, #8754, #8795, .T. );
#7199 = EDGE_CURVE( '', #8755, #8639, #8796, .T. );
#7200 = FILL_AREA_STYLE( '', ( #8797 ) );
#7201 = EDGE_CURVE( '', #8798, #8799, #8800, .T. );
#7202 = EDGE_CURVE( '', #8801, #8799, #8802, .T. );
#7203 = EDGE_CURVE( '', #8801, #8803, #8804, .T. );
#7204 = EDGE_CURVE( '', #8803, #8798, #8805, .T. );
#7205 = FILL_AREA_STYLE( '', ( #8806 ) );
#7206 = EDGE_CURVE( '', #8757, #8807, #8808, .T. );
#7207 = EDGE_CURVE( '', #8809, #8807, #8810, .T. );
#7208 = EDGE_CURVE( '', #8759, #8809, #8811, .T. );
#7209 = FILL_AREA_STYLE( '', ( #8812 ) );
#7210 = EDGE_CURVE( '', #8813, #8814, #8815, .T. );
#7211 = EDGE_CURVE( '', #8813, #8816, #8817, .T. );
#7212 = EDGE_CURVE( '', #8816, #8818, #8819, .T. );
#7213 = EDGE_CURVE( '', #8814, #8818, #8820, .T. );
#7214 = FILL_AREA_STYLE( '', ( #8821 ) );
#7215 = EDGE_CURVE( '', #8822, #8823, #8824, .T. );
#7216 = EDGE_CURVE( '', #8822, #8825, #8826, .T. );
#7217 = EDGE_CURVE( '', #8825, #8827, #8828, .T. );
#7218 = EDGE_CURVE( '', #8823, #8827, #8829, .T. );
#7219 = FILL_AREA_STYLE( '', ( #8830 ) );
#7220 = EDGE_CURVE( '', #8831, #8832, #8833, .T. );
#7221 = EDGE_CURVE( '', #8831, #8834, #8835, .T. );
#7222 = EDGE_CURVE( '', #8834, #8836, #8837, .T. );
#7223 = EDGE_CURVE( '', #8832, #8836, #8838, .T. );
#7224 = FILL_AREA_STYLE( '', ( #8839 ) );
#7225 = EDGE_CURVE( '', #8840, #8583, #8841, .T. );
#7226 = EDGE_CURVE( '', #8840, #8842, #8843, .T. );
#7227 = EDGE_CURVE( '', #8842, #8585, #8844, .T. );
#7228 = FILL_AREA_STYLE( '', ( #8845 ) );
#7229 = EDGE_CURVE( '', #8846, #8847, #8848, .T. );
#7230 = EDGE_CURVE( '', #8770, #8846, #8849, .T. );
#7231 = EDGE_CURVE( '', #8847, #8768, #8850, .T. );
#7232 = EDGE_CURVE( '', #8851, #8852, #8853, .T. );
#7233 = EDGE_CURVE( '', #8854, #8851, #8855, .T. );
#7234 = EDGE_CURVE( '', #8856, #8854, #8857, .T. );
#7235 = EDGE_CURVE( '', #8852, #8856, #8858, .T. );
#7236 = FILL_AREA_STYLE( '', ( #8859 ) );
#7237 = EDGE_CURVE( '', #8860, #8861, #8862, .T. );
#7238 = EDGE_CURVE( '', #8863, #8860, #8864, .T. );
#7239 = EDGE_CURVE( '', #8865, #8863, #8866, .T. );
#7240 = EDGE_CURVE( '', #8861, #8865, #8867, .T. );
#7241 = EDGE_CURVE( '', #8868, #8869, #8870, .T. );
#7242 = EDGE_CURVE( '', #8871, #8868, #8872, .T. );
#7243 = EDGE_CURVE( '', #8873, #8871, #8874, .T. );
#7244 = EDGE_CURVE( '', #8869, #8873, #8875, .T. );
#7245 = FILL_AREA_STYLE( '', ( #8876 ) );
#7246 = EDGE_CURVE( '', #8877, #8542, #8878, .T. );
#7247 = EDGE_CURVE( '', #8877, #8879, #8880, .T. );
#7248 = EDGE_CURVE( '', #8879, #8544, #8881, .T. );
#7249 = FILL_AREA_STYLE( '', ( #8882 ) );
#7250 = EDGE_CURVE( '', #8883, #8884, #8885, .T. );
#7251 = EDGE_CURVE( '', #8884, #8660, #8886, .T. );
#7252 = EDGE_CURVE( '', #8658, #8883, #8887, .T. );
#7253 = FILL_AREA_STYLE( '', ( #8888 ) );
#7254 = EDGE_CURVE( '', #8889, #8890, #8891, .T. );
#7255 = EDGE_CURVE( '', #8890, #8892, #8893, .T. );
#7256 = EDGE_CURVE( '', #8892, #8894, #8895, .T. );
#7257 = EDGE_CURVE( '', #8894, #8896, #8897, .T. );
#7258 = EDGE_CURVE( '', #8896, #8889, #8898, .T. );
#7259 = FILL_AREA_STYLE( '', ( #8899 ) );
#7260 = EDGE_CURVE( '', #8656, #8900, #8901, .T. );
#7261 = EDGE_CURVE( '', #8902, #8705, #8903, .T. );
#7262 = EDGE_CURVE( '', #8904, #8902, #8905, .T. );
#7263 = EDGE_CURVE( '', #8906, #8904, #8907, .T. );
#7264 = EDGE_CURVE( '', #8908, #8906, #8909, .T. );
#7265 = EDGE_CURVE( '', #8699, #8908, #8910, .T. );
#7266 = EDGE_CURVE( '', #8911, #8697, #8912, .T. );
#7267 = EDGE_CURVE( '', #8911, #8900, #8913, .T. );
#7268 = FILL_AREA_STYLE( '', ( #8914 ) );
#7269 = EDGE_CURVE( '', #8915, #8916, #8917, .T. );
#7270 = EDGE_CURVE( '', #8918, #8915, #8919, .T. );
#7271 = EDGE_CURVE( '', #8918, #8920, #8921, .T. );
#7272 = EDGE_CURVE( '', #8920, #8916, #8922, .T. );
#7273 = FILL_AREA_STYLE( '', ( #8923 ) );
#7274 = EDGE_CURVE( '', #8924, #8925, #8926, .T. );
#7275 = EDGE_CURVE( '', #8927, #8924, #8928, .T. );
#7276 = EDGE_CURVE( '', #8927, #8929, #8930, .T. );
#7277 = EDGE_CURVE( '', #8929, #8925, #8931, .T. );
#7278 = FILL_AREA_STYLE( '', ( #8932 ) );
#7279 = EDGE_CURVE( '', #8933, #8934, #8935, .T. );
#7280 = EDGE_CURVE( '', #8933, #8936, #8937, .T. );
#7281 = EDGE_CURVE( '', #8936, #8938, #8939, .T. );
#7282 = EDGE_CURVE( '', #8934, #8938, #8940, .T. );
#7283 = FILL_AREA_STYLE( '', ( #8941 ) );
#7284 = EDGE_CURVE( '', #8942, #8943, #8944, .T. );
#7285 = EDGE_CURVE( '', #8945, #8942, #8946, .T. );
#7286 = EDGE_CURVE( '', #8945, #8947, #8948, .T. );
#7287 = EDGE_CURVE( '', #8947, #8943, #8949, .T. );
#7288 = FILL_AREA_STYLE( '', ( #8950 ) );
#7289 = EDGE_CURVE( '', #8951, #8952, #8953, .T. );
#7290 = EDGE_CURVE( '', #8951, #8954, #8955, .T. );
#7291 = EDGE_CURVE( '', #8954, #8956, #8957, .T. );
#7292 = EDGE_CURVE( '', #8952, #8956, #8958, .T. );
#7293 = FILL_AREA_STYLE( '', ( #8959 ) );
#7294 = EDGE_CURVE( '', #8960, #8961, #8962, .T. );
#7295 = EDGE_CURVE( '', #8961, #8963, #8964, .T. );
#7296 = EDGE_CURVE( '', #8965, #8963, #8966, .T. );
#7297 = EDGE_CURVE( '', #8960, #8965, #8967, .T. );
#7298 = FILL_AREA_STYLE( '', ( #8968 ) );
#7299 = EDGE_CURVE( '', #8969, #8970, #8971, .T. );
#7300 = EDGE_CURVE( '', #8969, #8972, #8973, .T. );
#7301 = EDGE_CURVE( '', #8972, #8974, #8975, .T. );
#7302 = EDGE_CURVE( '', #8970, #8974, #8976, .T. );
#7303 = FILL_AREA_STYLE( '', ( #8977 ) );
#7304 = EDGE_CURVE( '', #8879, #8978, #8979, .T. );
#7305 = EDGE_CURVE( '', #8978, #8546, #8980, .T. );
#7306 = FILL_AREA_STYLE( '', ( #8981 ) );
#7307 = EDGE_CURVE( '', #8525, #8982, #8983, .T. );
#7308 = EDGE_CURVE( '', #8529, #8984, #8985, .T. );
#7309 = EDGE_CURVE( '', #8982, #8984, #8986, .T. );
#7310 = FILL_AREA_STYLE( '', ( #8987 ) );
#7311 = EDGE_CURVE( '', #8988, #8989, #8990, .T. );
#7312 = EDGE_CURVE( '', #8988, #8991, #8992, .T. );
#7313 = EDGE_CURVE( '', #8991, #8993, #8994, .T. );
#7314 = EDGE_CURVE( '', #8989, #8993, #8995, .T. );
#7315 = FILL_AREA_STYLE( '', ( #8996 ) );
#7316 = EDGE_CURVE( '', #8997, #8998, #8999, .T. );
#7317 = EDGE_CURVE( '', #8443, #8997, #9000, .T. );
#7318 = EDGE_CURVE( '', #9001, #8441, #9002, .T. );
#7319 = EDGE_CURVE( '', #9003, #9001, #9004, .T. );
#7320 = EDGE_CURVE( '', #9003, #9005, #9006, .T. );
#7321 = EDGE_CURVE( '', #8998, #9005, #9007, .T. );
#7322 = FILL_AREA_STYLE( '', ( #9008 ) );
#7323 = EDGE_CURVE( '', #9009, #9010, #9011, .T. );
#7324 = EDGE_CURVE( '', #9012, #9009, #9013, .T. );
#7325 = EDGE_CURVE( '', #9012, #9014, #9015, .T. );
#7326 = EDGE_CURVE( '', #9014, #9010, #9016, .T. );
#7327 = FILL_AREA_STYLE( '', ( #9017 ) );
#7328 = EDGE_CURVE( '', #9005, #9018, #9019, .T. );
#7329 = EDGE_CURVE( '', #9018, #9020, #9021, .T. );
#7330 = EDGE_CURVE( '', #8961, #9020, #9022, .T. );
#7331 = EDGE_CURVE( '', #9023, #8960, #9024, .T. );
#7332 = EDGE_CURVE( '', #9025, #9023, #9026, .T. );
#7333 = EDGE_CURVE( '', #9027, #9025, #9028, .T. );
#7334 = EDGE_CURVE( '', #9029, #9027, #9030, .T. );
#7335 = EDGE_CURVE( '', #9029, #8775, #9031, .T. );
#7336 = EDGE_CURVE( '', #8782, #8998, #9032, .T. );
#7337 = FILL_AREA_STYLE( '', ( #9033 ) );
#7338 = EDGE_CURVE( '', #9034, #8602, #9035, .T. );
#7339 = EDGE_CURVE( '', #9034, #9036, #9037, .T. );
#7340 = EDGE_CURVE( '', #8642, #9036, #9038, .T. );
#7341 = EDGE_CURVE( '', #8724, #9039, #9040, .T. );
#7342 = EDGE_CURVE( '', #9041, #9039, #9042, .T. );
#7343 = EDGE_CURVE( '', #8605, #9041, #9043, .T. );
#7344 = FILL_AREA_STYLE( '', ( #9044 ) );
#7345 = EDGE_CURVE( '', #9045, #8575, #9046, .T. );
#7346 = EDGE_CURVE( '', #9045, #9047, #9048, .T. );
#7347 = EDGE_CURVE( '', #9047, #8577, #9049, .T. );
#7348 = FILL_AREA_STYLE( '', ( #9050 ) );
#7349 = EDGE_CURVE( '', #9051, #8655, #9052, .T. );
#7350 = EDGE_CURVE( '', #9051, #9053, #9054, .T. );
#7351 = EDGE_CURVE( '', #8695, #9053, #9055, .T. );
#7352 = EDGE_CURVE( '', #9056, #8693, #9057, .T. );
#7353 = EDGE_CURVE( '', #9058, #9056, #9059, .T. );
#7354 = EDGE_CURVE( '', #9058, #9060, #9061, .T. );
#7355 = EDGE_CURVE( '', #8883, #9060, #9062, .T. );
#7356 = FILL_AREA_STYLE( '', ( #9063 ) );
#7357 = EDGE_CURVE( '', #9064, #8915, #9065, .T. );
#7358 = EDGE_CURVE( '', #9066, #9064, #9067, .T. );
#7359 = EDGE_CURVE( '', #9066, #8918, #9068, .T. );
#7360 = FILL_AREA_STYLE( '', ( #9069 ) );
#7361 = EDGE_CURVE( '', #8774, #9003, #9070, .T. );
#7362 = EDGE_CURVE( '', #8777, #9001, #9071, .T. );
#7363 = FILL_AREA_STYLE( '', ( #9072 ) );
#7364 = EDGE_CURVE( '', #8943, #9073, #9074, .T. );
#7365 = EDGE_CURVE( '', #9073, #9075, #9076, .T. );
#7366 = EDGE_CURVE( '', #9075, #8942, #9077, .T. );
#7367 = EDGE_CURVE( '', #9078, #9079, #9080, .T. );
#7368 = EDGE_CURVE( '', #9081, #9078, #9082, .T. );
#7369 = EDGE_CURVE( '', #9083, #9081, #9084, .T. );
#7370 = EDGE_CURVE( '', #9079, #9083, #9085, .T. );
#7371 = FILL_AREA_STYLE( '', ( #9086 ) );
#7372 = EDGE_CURVE( '', #9087, #9088, #9089, .T. );
#7373 = EDGE_CURVE( '', #9090, #9087, #9091, .T. );
#7374 = EDGE_CURVE( '', #9092, #9090, #9093, .T. );
#7375 = EDGE_CURVE( '', #9088, #9092, #9094, .T. );
#7376 = EDGE_CURVE( '', #8421, #9095, #9096, .T. );
#7377 = EDGE_CURVE( '', #9097, #8420, #9098, .T. );
#7378 = EDGE_CURVE( '', #9095, #9097, #9099, .T. );
#7379 = FILL_AREA_STYLE( '', ( #9100 ) );
#7380 = EDGE_CURVE( '', #9101, #9102, #9103, .T. );
#7381 = EDGE_CURVE( '', #9102, #9104, #9105, .T. );
#7382 = EDGE_CURVE( '', #9104, #9106, #9107, .T. );
#7383 = EDGE_CURVE( '', #9106, #9101, #9108, .T. );
#7384 = FILL_AREA_STYLE( '', ( #9109 ) );
#7385 = EDGE_CURVE( '', #9110, #8852, #9111, .T. );
#7386 = EDGE_CURVE( '', #9110, #9112, #9113, .T. );
#7387 = EDGE_CURVE( '', #9112, #8851, #9114, .T. );
#7388 = FILL_AREA_STYLE( '', ( #9115 ) );
#7389 = EDGE_CURVE( '', #9116, #9117, #9118, .T. );
#7390 = EDGE_CURVE( '', #9116, #9119, #9120, .F. );
#7391 = EDGE_CURVE( '', #9119, #9121, #9122, .T. );
#7392 = EDGE_CURVE( '', #9117, #9121, #9123, .F. );
#7393 = FILL_AREA_STYLE( '', ( #9124 ) );
#7394 = EDGE_CURVE( '', #9125, #9126, #9127, .T. );
#7395 = EDGE_CURVE( '', #9128, #9125, #9129, .T. );
#7396 = EDGE_CURVE( '', #9130, #9128, #9131, .T. );
#7397 = EDGE_CURVE( '', #9132, #9130, #9133, .T. );
#7398 = EDGE_CURVE( '', #9134, #9132, #9135, .T. );
#7399 = EDGE_CURVE( '', #9126, #9134, #9136, .T. );
#7400 = FILL_AREA_STYLE( '', ( #9137 ) );
#7401 = EDGE_CURVE( '', #9138, #9139, #9140, .T. );
#7402 = EDGE_CURVE( '', #9139, #8884, #9141, .T. );
#7403 = EDGE_CURVE( '', #9060, #9138, #9142, .T. );
#7404 = FILL_AREA_STYLE( '', ( #9143 ) );
#7405 = EDGE_CURVE( '', #9144, #9145, #9146, .T. );
#7406 = EDGE_CURVE( '', #9147, #9145, #9148, .T. );
#7407 = EDGE_CURVE( '', #9147, #9149, #9150, .T. );
#7408 = EDGE_CURVE( '', #9151, #9149, #9152, .T. );
#7409 = EDGE_CURVE( '', #9151, #9153, #9154, .T. );
#7410 = EDGE_CURVE( '', #8427, #9153, #9155, .T. );
#7411 = EDGE_CURVE( '', #9144, #8425, #9156, .T. );
#7412 = FILL_AREA_STYLE( '', ( #9157 ) );
#7413 = EDGE_CURVE( '', #9158, #8965, #9159, .T. );
#7414 = EDGE_CURVE( '', #9023, #9158, #9160, .T. );
#7415 = FILL_AREA_STYLE( '', ( #9161 ) );
#7416 = EDGE_CURVE( '', #9162, #8619, #9163, .T. );
#7417 = EDGE_CURVE( '', #8617, #9164, #9165, .T. );
#7418 = EDGE_CURVE( '', #9162, #9164, #9166, .T. );
#7419 = FILL_AREA_STYLE( '', ( #9167 ) );
#7420 = EDGE_CURVE( '', #9168, #8730, #9169, .T. );
#7421 = EDGE_CURVE( '', #8730, #9170, #9171, .T. );
#7422 = EDGE_CURVE( '', #9172, #9170, #9173, .T. );
#7423 = EDGE_CURVE( '', #9172, #9168, #9174, .F. );
#7424 = FILL_AREA_STYLE( '', ( #9175 ) );
#7425 = EDGE_CURVE( '', #9176, #9025, #9177, .T. );
#7426 = EDGE_CURVE( '', #9178, #9176, #9179, .T. );
#7427 = EDGE_CURVE( '', #9180, #9178, #9181, .T. );
#7428 = EDGE_CURVE( '', #9027, #9180, #9182, .T. );
#7429 = FILL_AREA_STYLE( '', ( #9183 ) );
#7430 = EDGE_CURVE( '', #9184, #9185, #9186, .T. );
#7431 = EDGE_CURVE( '', #9184, #9187, #9188, .T. );
#7432 = EDGE_CURVE( '', #9187, #9189, #9190, .T. );
#7433 = EDGE_CURVE( '', #9185, #9189, #9191, .T. );
#7434 = FILL_AREA_STYLE( '', ( #9192 ) );
#7435 = EDGE_CURVE( '', #9193, #9194, #9195, .T. );
#7436 = EDGE_CURVE( '', #9194, #9196, #9197, .T. );
#7437 = EDGE_CURVE( '', #9196, #9198, #9199, .T. );
#7438 = EDGE_CURVE( '', #9198, #9200, #9201, .T. );
#7439 = EDGE_CURVE( '', #9200, #9193, #9202, .T. );
#7440 = FILL_AREA_STYLE( '', ( #9203 ) );
#7441 = EDGE_CURVE( '', #9204, #9205, #9206, .T. );
#7442 = EDGE_CURVE( '', #9092, #9204, #9207, .T. );
#7443 = EDGE_CURVE( '', #9090, #9205, #9208, .T. );
#7444 = FILL_AREA_STYLE( '', ( #9209 ) );
#7445 = EDGE_CURVE( '', #9210, #9211, #9212, .T. );
#7446 = EDGE_CURVE( '', #9210, #9213, #9214, .T. );
#7447 = EDGE_CURVE( '', #9213, #9215, #9216, .T. );
#7448 = EDGE_CURVE( '', #9211, #9215, #9217, .T. );
#7449 = FILL_AREA_STYLE( '', ( #9218 ) );
#7450 = EDGE_CURVE( '', #9219, #8951, #9220, .T. );
#7451 = EDGE_CURVE( '', #9221, #8952, #9222, .T. );
#7452 = EDGE_CURVE( '', #9219, #9221, #9223, .T. );
#7453 = FILL_AREA_STYLE( '', ( #9224 ) );
#7454 = EDGE_CURVE( '', #9225, #8540, #9226, .T. );
#7455 = EDGE_CURVE( '', #9225, #8877, #9227, .T. );
#7456 = FILL_AREA_STYLE( '', ( #9228 ) );
#7457 = EDGE_CURVE( '', #9229, #9230, #9231, .T. );
#7458 = EDGE_CURVE( '', #9232, #9229, #9233, .T. );
#7459 = EDGE_CURVE( '', #9232, #9234, #9235, .T. );
#7460 = EDGE_CURVE( '', #9234, #9230, #9236, .T. );
#7461 = FILL_AREA_STYLE( '', ( #9237 ) );
#7462 = EDGE_CURVE( '', #9238, #9239, #9240, .T. );
#7463 = EDGE_CURVE( '', #9239, #9241, #9242, .T. );
#7464 = EDGE_CURVE( '', #9241, #9243, #9244, .T. );
#7465 = EDGE_CURVE( '', #9243, #9238, #9245, .T. );
#7466 = FILL_AREA_STYLE( '', ( #9246 ) );
#7467 = EDGE_CURVE( '', #9234, #9247, #9248, .T. );
#7468 = EDGE_CURVE( '', #9249, #9232, #9250, .T. );
#7469 = EDGE_CURVE( '', #9247, #9249, #9251, .T. );
#7470 = EDGE_CURVE( '', #9252, #9253, #9254, .T. );
#7471 = EDGE_CURVE( '', #9255, #9252, #9256, .T. );
#7472 = EDGE_CURVE( '', #9257, #9255, #9258, .T. );
#7473 = EDGE_CURVE( '', #9253, #9257, #9259, .T. );
#7474 = FILL_AREA_STYLE( '', ( #9260 ) );
#7475 = EDGE_CURVE( '', #9132, #9261, #9262, .T. );
#7476 = EDGE_CURVE( '', #9263, #9130, #9264, .T. );
#7477 = EDGE_CURVE( '', #9263, #9265, #9266, .T. );
#7478 = EDGE_CURVE( '', #9267, #9265, #9268, .T. );
#7479 = EDGE_CURVE( '', #9269, #9267, #9270, .T. );
#7480 = EDGE_CURVE( '', #8633, #9269, #9271, .T. );
#7481 = EDGE_CURVE( '', #9272, #8631, #9273, .T. );
#7482 = EDGE_CURVE( '', #9261, #9272, #9274, .T. );
#7483 = FILL_AREA_STYLE( '', ( #9275 ) );
#7484 = EDGE_CURVE( '', #9276, #9009, #9277, .T. );
#7485 = EDGE_CURVE( '', #9278, #9276, #9279, .T. );
#7486 = EDGE_CURVE( '', #9278, #9012, #9280, .T. );
#7487 = FILL_AREA_STYLE( '', ( #9281 ) );
#7488 = EDGE_CURVE( '', #8687, #9282, #9283, .T. );
#7489 = EDGE_CURVE( '', #9282, #9284, #9285, .T. );
#7490 = EDGE_CURVE( '', #9284, #8689, #9286, .T. );
#7491 = FILL_AREA_STYLE( '', ( #9287 ) );
#7492 = EDGE_CURVE( '', #9288, #9289, #9290, .T. );
#7493 = EDGE_CURVE( '', #9087, #9288, #9291, .T. );
#7494 = EDGE_CURVE( '', #9088, #9289, #9292, .T. );
#7495 = FILL_AREA_STYLE( '', ( #9293 ) );
#7496 = EDGE_CURVE( '', #9294, #9295, #9296, .T. );
#7497 = EDGE_CURVE( '', #9081, #9294, #9297, .T. );
#7498 = EDGE_CURVE( '', #9078, #9295, #9298, .T. );
#7499 = FILL_AREA_STYLE( '', ( #9299 ) );
#7500 = EDGE_CURVE( '', #8650, #9300, #9301, .T. );
#7501 = EDGE_CURVE( '', #9300, #9302, #9303, .T. );
#7502 = EDGE_CURVE( '', #9302, #8652, #9304, .T. );
#7503 = FILL_AREA_STYLE( '', ( #9305 ) );
#7504 = EDGE_CURVE( '', #9306, #8533, #9307, .T. );
#7505 = EDGE_CURVE( '', #9306, #9308, #9309, .T. );
#7506 = EDGE_CURVE( '', #9308, #8536, #9310, .T. );
#7507 = FILL_AREA_STYLE( '', ( #9311 ) );
#7508 = EDGE_CURVE( '', #9312, #9018, #9313, .T. );
#7509 = EDGE_CURVE( '', #9314, #9312, #9315, .F. );
#7510 = EDGE_CURVE( '', #9117, #9314, #9316, .T. );
#7511 = EDGE_CURVE( '', #9117, #9317, #9318, .T. );
#7512 = EDGE_CURVE( '', #9319, #9317, #9320, .T. );
#7513 = EDGE_CURVE( '', #9321, #9319, #9322, .T. );
#7514 = EDGE_CURVE( '', #9323, #9321, #9324, .T. );
#7515 = EDGE_CURVE( '', #9020, #9323, #9325, .T. );
#7516 = FILL_AREA_STYLE( '', ( #9326 ) );
#7517 = EDGE_CURVE( '', #9128, #9327, #9328, .T. );
#7518 = EDGE_CURVE( '', #9327, #9263, #9329, .T. );
#7519 = FILL_AREA_STYLE( '', ( #9330 ) );
#7520 = EDGE_CURVE( '', #8807, #9331, #9332, .T. );
#7521 = EDGE_CURVE( '', #9331, #9269, #9333, .T. );
#7522 = EDGE_CURVE( '', #9267, #8809, #9334, .T. );
#7523 = FILL_AREA_STYLE( '', ( #9335 ) );
#7524 = EDGE_CURVE( '', #9336, #9337, #9338, .T. );
#7525 = EDGE_CURVE( '', #9337, #9339, #9340, .T. );
#7526 = EDGE_CURVE( '', #9341, #9339, #9342, .T. );
#7527 = EDGE_CURVE( '', #9343, #9341, #9344, .T. );
#7528 = EDGE_CURVE( '', #9343, #9345, #9346, .T. );
#7529 = EDGE_CURVE( '', #9345, #9347, #9348, .T. );
#7530 = EDGE_CURVE( '', #9347, #9349, #9350, .T. );
#7531 = EDGE_CURVE( '', #9349, #9336, #9351, .T. );
#7532 = EDGE_CURVE( '', #8814, #9352, #9353, .T. );
#7533 = EDGE_CURVE( '', #9352, #9354, #9355, .T. );
#7534 = EDGE_CURVE( '', #9354, #8813, #9356, .T. );
#7535 = FILL_AREA_STYLE( '', ( #9357 ) );
#7536 = EDGE_CURVE( '', #9358, #9359, #9360, .T. );
#7537 = EDGE_CURVE( '', #9361, #9358, #9362, .T. );
#7538 = EDGE_CURVE( '', #9361, #9363, #9364, .T. );
#7539 = EDGE_CURVE( '', #9363, #9359, #9365, .T. );
#7540 = FILL_AREA_STYLE( '', ( #9366 ) );
#7541 = EDGE_CURVE( '', #9367, #9323, #9368, .T. );
#7542 = EDGE_CURVE( '', #9367, #8963, #9369, .T. );
#7543 = FILL_AREA_STYLE( '', ( #9370 ) );
#7544 = EDGE_CURVE( '', #8974, #8825, #9371, .T. );
#7545 = EDGE_CURVE( '', #8827, #8972, #9372, .T. );
#7546 = EDGE_CURVE( '', #9373, #9374, #9375, .T. );
#7547 = EDGE_CURVE( '', #8520, #9373, #9376, .T. );
#7548 = EDGE_CURVE( '', #9374, #8518, #9377, .T. );
#7549 = EDGE_CURVE( '', #9378, #9379, #9380, .T. );
#7550 = EDGE_CURVE( '', #9378, #9381, #9382, .T. );
#7551 = EDGE_CURVE( '', #9381, #9383, #9384, .T. );
#7552 = EDGE_CURVE( '', #9385, #9383, #9386, .T. );
#7553 = EDGE_CURVE( '', #9200, #9385, #9387, .T. );
#7554 = EDGE_CURVE( '', #9138, #9198, #9388, .T. );
#7555 = EDGE_CURVE( '', #9389, #9058, #9390, .T. );
#7556 = EDGE_CURVE( '', #9389, #9391, #9392, .T. );
#7557 = EDGE_CURVE( '', #8993, #9391, #9393, .T. );
#7558 = EDGE_CURVE( '', #8991, #9394, #9395, .T. );
#7559 = EDGE_CURVE( '', #9394, #9396, #9397, .T. );
#7560 = EDGE_CURVE( '', #9398, #9396, #9399, .T. );
#7561 = EDGE_CURVE( '', #9398, #9400, #9401, .T. );
#7562 = EDGE_CURVE( '', #9402, #9400, #9403, .T. );
#7563 = EDGE_CURVE( '', #9402, #9404, #9405, .T. );
#7564 = EDGE_CURVE( '', #9379, #9404, #9406, .T. );
#7565 = FILL_AREA_STYLE( '', ( #9407 ) );
#7566 = EDGE_CURVE( '', #8516, #9408, #9409, .T. );
#7567 = EDGE_CURVE( '', #9408, #9373, #9410, .T. );
#7568 = FILL_AREA_STYLE( '', ( #9411 ) );
#7569 = EDGE_CURVE( '', #9412, #9413, #9414, .T. );
#7570 = EDGE_CURVE( '', #9415, #9413, #9416, .T. );
#7571 = EDGE_CURVE( '', #9417, #9415, #9418, .T. );
#7572 = EDGE_CURVE( '', #9417, #9412, #9419, .T. );
#7573 = FILL_AREA_STYLE( '', ( #9420 ) );
#7574 = EDGE_CURVE( '', #9337, #9421, #9422, .T. );
#7575 = EDGE_CURVE( '', #9423, #9421, #9424, .T. );
#7576 = EDGE_CURVE( '', #9423, #9347, #9425, .T. );
#7577 = EDGE_CURVE( '', #9345, #9426, #9427, .T. );
#7578 = EDGE_CURVE( '', #9428, #9426, #9429, .T. );
#7579 = EDGE_CURVE( '', #9339, #9428, #9430, .T. );
#7580 = FILL_AREA_STYLE( '', ( #9431 ) );
#7581 = EDGE_CURVE( '', #8507, #9144, #9432, .T. );
#7582 = EDGE_CURVE( '', #9433, #8423, #9434, .T. );
#7583 = EDGE_CURVE( '', #9433, #9151, #9435, .T. );
#7584 = EDGE_CURVE( '', #9149, #8506, #9436, .T. );
#7585 = EDGE_CURVE( '', #8832, #9437, #9438, .T. );
#7586 = EDGE_CURVE( '', #9437, #9439, #9440, .T. );
#7587 = EDGE_CURVE( '', #9439, #8831, #9441, .T. );
#7588 = FILL_AREA_STYLE( '', ( #9442 ) );
#7589 = EDGE_CURVE( '', #9047, #9443, #9444, .T. );
#7590 = EDGE_CURVE( '', #9443, #8579, #9445, .T. );
#7591 = FILL_AREA_STYLE( '', ( #9446 ) );
#7592 = EDGE_CURVE( '', #9447, #8595, #9448, .T. );
#7593 = EDGE_CURVE( '', #9447, #8739, #9449, .T. );
#7594 = FILL_AREA_STYLE( '', ( #9450 ) );
#7595 = EDGE_CURVE( '', #9451, #9452, #9453, .T. );
#7596 = EDGE_CURVE( '', #9451, #9379, #9454, .T. );
#7597 = EDGE_CURVE( '', #9243, #9404, #9455, .T. );
#7598 = EDGE_CURVE( '', #9452, #9241, #9456, .T. );
#7599 = FILL_AREA_STYLE( '', ( #9457 ) );
#7600 = EDGE_CURVE( '', #9458, #9459, #9460, .T. );
#7601 = EDGE_CURVE( '', #9458, #9036, #9461, .T. );
#7602 = EDGE_CURVE( '', #9034, #9459, #9462, .T. );
#7603 = FILL_AREA_STYLE( '', ( #9463 ) );
#7604 = EDGE_CURVE( '', #9464, #9465, #9466, .T. );
#7605 = EDGE_CURVE( '', #9467, #9465, #9468, .T. );
#7606 = EDGE_CURVE( '', #9467, #9469, #9470, .T. );
#7607 = EDGE_CURVE( '', #9469, #9471, #9472, .T. );
#7608 = EDGE_CURVE( '', #9471, #9464, #9473, .T. );
#7609 = FILL_AREA_STYLE( '', ( #9474 ) );
#7610 = EDGE_CURVE( '', #9413, #9308, #9475, .T. );
#7611 = EDGE_CURVE( '', #9476, #9306, #9477, .T. );
#7612 = EDGE_CURVE( '', #8741, #9476, #9478, .T. );
#7613 = EDGE_CURVE( '', #9479, #9447, #9480, .T. );
#7614 = EDGE_CURVE( '', #9481, #9479, #9482, .T. );
#7615 = EDGE_CURVE( '', #9483, #9481, #9484, .T. );
#7616 = EDGE_CURVE( '', #9485, #9483, #9486, .T. );
#7617 = EDGE_CURVE( '', #8842, #9485, #9487, .T. );
#7618 = EDGE_CURVE( '', #9488, #8840, #9489, .T. );
#7619 = EDGE_CURVE( '', #9443, #9488, #9490, .T. );
#7620 = EDGE_CURVE( '', #9491, #9045, #9492, .T. );
#7621 = EDGE_CURVE( '', #9493, #9491, #9494, .T. );
#7622 = EDGE_CURVE( '', #9415, #9493, #9495, .T. );
#7623 = FILL_AREA_STYLE( '', ( #9496 ) );
#7624 = EDGE_CURVE( '', #9497, #8924, #9498, .T. );
#7625 = EDGE_CURVE( '', #9499, #9497, #9500, .T. );
#7626 = EDGE_CURVE( '', #9499, #8927, #9501, .T. );
#7627 = FILL_AREA_STYLE( '', ( #9502 ) );
#7628 = EDGE_CURVE( '', #9503, #9504, #9505, .T. );
#7629 = EDGE_CURVE( '', #9504, #9506, #9507, .T. );
#7630 = EDGE_CURVE( '', #9506, #9508, #9509, .T. );
#7631 = EDGE_CURVE( '', #9503, #9508, #9510, .T. );
#7632 = FILL_AREA_STYLE( '', ( #9511 ) );
#7633 = EDGE_CURVE( '', #9512, #8798, #9513, .T. );
#7634 = EDGE_CURVE( '', #8803, #9514, #9515, .T. );
#7635 = EDGE_CURVE( '', #9514, #9516, #9517, .T. );
#7636 = EDGE_CURVE( '', #9516, #9512, #9518, .T. );
#7637 = FILL_AREA_STYLE( '', ( #9519 ) );
#7638 = EDGE_CURVE( '', #9520, #8765, #9521, .T. );
#7639 = EDGE_CURVE( '', #8847, #9520, #9522, .T. );
#7640 = FILL_AREA_STYLE( '', ( #9523 ) );
#7641 = EDGE_CURVE( '', #8989, #9524, #9525, .T. );
#7642 = EDGE_CURVE( '', #9526, #9391, #9527, .T. );
#7643 = EDGE_CURVE( '', #9528, #9526, #9529, .T. );
#7644 = EDGE_CURVE( '', #9524, #9528, #9530, .T. );
#7645 = FILL_AREA_STYLE( '', ( #9531 ) );
#7646 = EDGE_CURVE( '', #9532, #8856, #9533, .T. );
#7647 = EDGE_CURVE( '', #9534, #9532, #9535, .T. );
#7648 = EDGE_CURVE( '', #9110, #9534, #9536, .T. );
#7649 = FILL_AREA_STYLE( '', ( #9537 ) );
#7650 = EDGE_CURVE( '', #8490, #9538, #9539, .T. );
#7651 = EDGE_CURVE( '', #9538, #9540, #9541, .T. );
#7652 = EDGE_CURVE( '', #9540, #8489, #9542, .T. );
#7653 = FILL_AREA_STYLE( '', ( #9543 ) );
#7654 = EDGE_CURVE( '', #9544, #9545, #9546, .T. );
#7655 = EDGE_CURVE( '', #9239, #9544, #9547, .T. );
#7656 = EDGE_CURVE( '', #9381, #9238, #9548, .T. );
#7657 = EDGE_CURVE( '', #9545, #9378, #9549, .T. );
#7658 = FILL_AREA_STYLE( '', ( #9550 ) );
#7659 = EDGE_CURVE( '', #9551, #9552, #9553, .T. );
#7660 = EDGE_CURVE( '', #9554, #9551, #9555, .T. );
#7661 = EDGE_CURVE( '', #9554, #9556, #9557, .T. );
#7662 = EDGE_CURVE( '', #9556, #9552, #9558, .T. );
#7663 = FILL_AREA_STYLE( '', ( #9559 ) );
#7664 = EDGE_CURVE( '', #9560, #9561, #9562, .T. );
#7665 = EDGE_CURVE( '', #9563, #9560, #9564, .T. );
#7666 = EDGE_CURVE( '', #9563, #9565, #9566, .T. );
#7667 = EDGE_CURVE( '', #9565, #9561, #9567, .T. );
#7668 = FILL_AREA_STYLE( '', ( #9568 ) );
#7669 = EDGE_CURVE( '', #9569, #9570, #9571, .T. );
#7670 = EDGE_CURVE( '', #9570, #9319, #9572, .T. );
#7671 = EDGE_CURVE( '', #9569, #9317, #9573, .T. );
#7672 = FILL_AREA_STYLE( '', ( #9574 ) );
#7673 = EDGE_CURVE( '', #9575, #9385, #9576, .T. );
#7674 = EDGE_CURVE( '', #9383, #9577, #9578, .T. );
#7675 = EDGE_CURVE( '', #9575, #9577, #9579, .T. );
#7676 = FILL_AREA_STYLE( '', ( #9580 ) );
#7677 = EDGE_CURVE( '', #9488, #8581, #9581, .T. );
#7678 = FILL_AREA_STYLE( '', ( #9582 ) );
#7679 = EDGE_CURVE( '', #9583, #9584, #9585, .T. );
#7680 = EDGE_CURVE( '', #8934, #9583, #9586, .T. );
#7681 = EDGE_CURVE( '', #8938, #9587, #9588, .T. );
#7682 = EDGE_CURVE( '', #9589, #9587, #9590, .T. );
#7683 = EDGE_CURVE( '', #9584, #9589, #9591, .T. );
#7684 = FILL_AREA_STYLE( '', ( #9592 ) );
#7685 = EDGE_CURVE( '', #9593, #9594, #9595, .T. );
#7686 = EDGE_CURVE( '', #9596, #9593, #9597, .T. );
#7687 = EDGE_CURVE( '', #9596, #9598, #9599, .T. );
#7688 = EDGE_CURVE( '', #9598, #9594, #9600, .T. );
#7689 = FILL_AREA_STYLE( '', ( #9601 ) );
#7690 = EDGE_CURVE( '', #9602, #9252, #9603, .T. );
#7691 = EDGE_CURVE( '', #9602, #9604, #9605, .T. );
#7692 = EDGE_CURVE( '', #9604, #9606, #9607, .T. );
#7693 = EDGE_CURVE( '', #9606, #9255, #9608, .T. );
#7694 = FILL_AREA_STYLE( '', ( #9609 ) );
#7695 = EDGE_CURVE( '', #9610, #9611, #9612, .T. );
#7696 = EDGE_CURVE( '', #8947, #9610, #9613, .T. );
#7697 = EDGE_CURVE( '', #9611, #8945, #9614, .T. );
#7698 = EDGE_CURVE( '', #9465, #9615, #9616, .T. );
#7699 = EDGE_CURVE( '', #9617, #9464, #9618, .T. );
#7700 = EDGE_CURVE( '', #9615, #9617, #9619, .T. );
#7701 = FILL_AREA_STYLE( '', ( #9620 ) );
#7702 = EDGE_CURVE( '', #8671, #9503, #9621, .T. );
#7703 = EDGE_CURVE( '', #9508, #8673, #9622, .T. );
#7704 = FILL_AREA_STYLE( '', ( #9623 ) );
#7705 = EDGE_CURVE( '', #9624, #9625, #9626, .T. );
#7706 = EDGE_CURVE( '', #9624, #9627, #9628, .T. );
#7707 = EDGE_CURVE( '', #9627, #9629, #9630, .T. );
#7708 = EDGE_CURVE( '', #9631, #9629, #9632, .T. );
#7709 = EDGE_CURVE( '', #8621, #9631, #9633, .T. );
#7710 = EDGE_CURVE( '', #9634, #9162, #9635, .T. );
#7711 = EDGE_CURVE( '', #9634, #9636, #9637, .T. );
#7712 = EDGE_CURVE( '', #9636, #9625, #9638, .T. );
#7713 = FILL_AREA_STYLE( '', ( #9639 ) );
#7714 = EDGE_CURVE( '', #8920, #9640, #9641, .T. );
#7715 = EDGE_CURVE( '', #9640, #9066, #9642, .T. );
#7716 = EDGE_CURVE( '', #9643, #9512, #9644, .T. );
#7717 = EDGE_CURVE( '', #8799, #9643, #9645, .T. );
#7718 = FILL_AREA_STYLE( '', ( #9646 ) );
#7719 = EDGE_CURVE( '', #9647, #9402, #9648, .T. );
#7720 = EDGE_CURVE( '', #8683, #9647, #9649, .T. );
#7721 = EDGE_CURVE( '', #9577, #8681, #9650, .T. );
#7722 = FILL_AREA_STYLE( '', ( #9651 ) );
#7723 = EDGE_CURVE( '', #9652, #9647, #9653, .T. );
#7724 = EDGE_CURVE( '', #9652, #8685, #9654, .T. );
#7725 = FILL_AREA_STYLE( '', ( #9655 ) );
#7726 = EDGE_CURVE( '', #9483, #8589, #9656, .T. );
#7727 = EDGE_CURVE( '', #9485, #8587, #9657, .T. );
#7728 = FILL_AREA_STYLE( '', ( #9658 ) );
#7729 = EDGE_CURVE( '', #9153, #9097, #9659, .T. );
#7730 = EDGE_CURVE( '', #9433, #9095, #9660, .T. );
#7731 = FILL_AREA_STYLE( '', ( #9661 ) );
#7732 = EDGE_CURVE( '', #9352, #9662, #9663, .T. );
#7733 = EDGE_CURVE( '', #9662, #9664, #9665, .T. );
#7734 = EDGE_CURVE( '', #9354, #9664, #9666, .T. );
#7735 = FILL_AREA_STYLE( '', ( #9667 ) );
#7736 = EDGE_CURVE( '', #9668, #9669, #9670, .T. );
#7737 = EDGE_CURVE( '', #9669, #8467, #9671, .T. );
#7738 = EDGE_CURVE( '', #9672, #8468, #9673, .T. );
#7739 = EDGE_CURVE( '', #9672, #9674, #9675, .T. );
#7740 = EDGE_CURVE( '', #9674, #9676, #9677, .T. );
#7741 = EDGE_CURVE( '', #9678, #9676, #9679, .T. );
#7742 = EDGE_CURVE( '', #9668, #9678, #9680, .T. );
#7743 = EDGE_CURVE( '', #9681, #8524, #9682, .T. );
#7744 = EDGE_CURVE( '', #8982, #9681, #9683, .T. );
#7745 = FILL_AREA_STYLE( '', ( #9684 ) );
#7746 = EDGE_CURVE( '', #9685, #9686, #9687, .T. );
#7747 = EDGE_CURVE( '', #9685, #8615, #9688, .T. );
#7748 = EDGE_CURVE( '', #8613, #9686, #9689, .T. );
#7749 = FILL_AREA_STYLE( '', ( #9690 ) );
#7750 = EDGE_CURVE( '', #9691, #9692, #9693, .T. );
#7751 = EDGE_CURVE( '', #9692, #9694, #9695, .T. );
#7752 = EDGE_CURVE( '', #9696, #9694, #9697, .T. );
#7753 = EDGE_CURVE( '', #9698, #9696, #9699, .T. );
#7754 = EDGE_CURVE( '', #9698, #9700, #9701, .T. );
#7755 = EDGE_CURVE( '', #9700, #9702, #9703, .T. );
#7756 = EDGE_CURVE( '', #9702, #9704, #9705, .T. );
#7757 = EDGE_CURVE( '', #9704, #9691, #9706, .T. );
#7758 = EDGE_CURVE( '', #9707, #9210, #9708, .T. );
#7759 = EDGE_CURVE( '', #9211, #9709, #9710, .T. );
#7760 = EDGE_CURVE( '', #9709, #9707, #9711, .T. );
#7761 = FILL_AREA_STYLE( '', ( #9712 ) );
#7762 = EDGE_CURVE( '', #8823, #8969, #9713, .T. );
#7763 = FILL_AREA_STYLE( '', ( #9714 ) );
#7764 = EDGE_CURVE( '', #9715, #8786, #9716, .T. );
#7765 = EDGE_CURVE( '', #9700, #8791, #9717, .T. );
#7766 = EDGE_CURVE( '', #9698, #9715, #9718, .T. );
#7767 = FILL_AREA_STYLE( '', ( #9719 ) );
#7768 = EDGE_CURVE( '', #9720, #8565, #9721, .T. );
#7769 = EDGE_CURVE( '', #9720, #9722, #9723, .T. );
#7770 = EDGE_CURVE( '', #9722, #8567, #9724, .T. );
#7771 = FILL_AREA_STYLE( '', ( #9725 ) );
#7772 = EDGE_CURVE( '', #9726, #9727, #9728, .T. );
#7773 = EDGE_CURVE( '', #9727, #9729, #9730, .T. );
#7774 = EDGE_CURVE( '', #9041, #9729, #9731, .T. );
#7775 = EDGE_CURVE( '', #9039, #9726, #9732, .T. );
#7776 = FILL_AREA_STYLE( '', ( #9733 ) );
#7777 = EDGE_CURVE( '', #9734, #8627, #9735, .T. );
#7778 = EDGE_CURVE( '', #9734, #9686, #9736, .T. );
#7779 = EDGE_CURVE( '', #8889, #8611, #9737, .T. );
#7780 = EDGE_CURVE( '', #8896, #9738, #9739, .T. );
#7781 = EDGE_CURVE( '', #9740, #9738, #9741, .T. );
#7782 = EDGE_CURVE( '', #8629, #9740, #9742, .T. );
#7783 = FILL_AREA_STYLE( '', ( #9743 ) );
#7784 = EDGE_CURVE( '', #8454, #8677, #9744, .T. );
#7785 = EDGE_CURVE( '', #8666, #8452, #9745, .T. );
#7786 = EDGE_CURVE( '', #9193, #8664, #9746, .T. );
#7787 = EDGE_CURVE( '', #8679, #9575, #9747, .T. );
#7788 = FILL_AREA_STYLE( '', ( #9748 ) );
#7789 = EDGE_CURVE( '', #9740, #9272, #9749, .T. );
#7790 = FILL_AREA_STYLE( '', ( #9750 ) );
#7791 = EDGE_CURVE( '', #9751, #9752, #9753, .T. );
#7792 = EDGE_CURVE( '', #9754, #9751, #9755, .T. );
#7793 = EDGE_CURVE( '', #9756, #9754, #9757, .T. );
#7794 = EDGE_CURVE( '', #9752, #9756, #9758, .T. );
#7795 = FILL_AREA_STYLE( '', ( #9759 ) );
#7796 = EDGE_CURVE( '', #9760, #9761, #9762, .T. );
#7797 = EDGE_CURVE( '', #9079, #9760, #9763, .T. );
#7798 = EDGE_CURVE( '', #9083, #9761, #9764, .T. );
#7799 = FILL_AREA_STYLE( '', ( #9765 ) );
#7800 = EDGE_CURVE( '', #9205, #9288, #9766, .T. );
#7801 = EDGE_CURVE( '', #9289, #9204, #9767, .T. );
#7802 = EDGE_CURVE( '', #9768, #9499, #9769, .T. );
#7803 = EDGE_CURVE( '', #8929, #9768, #9770, .T. );
#7804 = FILL_AREA_STYLE( '', ( #9771 ) );
#7805 = EDGE_CURVE( '', #9010, #9772, #9773, .T. );
#7806 = EDGE_CURVE( '', #9014, #9774, #9775, .T. );
#7807 = EDGE_CURVE( '', #9774, #9772, #9776, .T. );
#7808 = FILL_AREA_STYLE( '', ( #9777 ) );
#7809 = EDGE_CURVE( '', #9126, #9778, #9779, .T. );
#7810 = EDGE_CURVE( '', #9778, #9780, #9781, .T. );
#7811 = EDGE_CURVE( '', #9782, #9780, #9783, .T. );
#7812 = EDGE_CURVE( '', #9782, #9784, #9785, .T. );
#7813 = EDGE_CURVE( '', #9784, #9516, #9786, .T. );
#7814 = EDGE_CURVE( '', #9125, #9514, #9787, .T. );
#7815 = EDGE_CURVE( '', #9788, #9789, #9790, .T. );
#7816 = EDGE_CURVE( '', #9789, #9184, #9791, .T. );
#7817 = EDGE_CURVE( '', #9185, #9788, #9792, .T. );
#7818 = FILL_AREA_STYLE( '', ( #9793 ) );
#7819 = EDGE_CURVE( '', #9794, #9795, #9796, .T. );
#7820 = EDGE_CURVE( '', #9426, #9795, #9797, .T. );
#7821 = EDGE_CURVE( '', #9343, #9794, #9798, .T. );
#7822 = FILL_AREA_STYLE( '', ( #9799 ) );
#7823 = EDGE_CURVE( '', #9669, #9800, #9801, .T. );
#7824 = EDGE_CURVE( '', #9800, #8470, #9802, .T. );
#7825 = FILL_AREA_STYLE( '', ( #9803 ) );
#7826 = EDGE_CURVE( '', #9804, #9805, #9806, .T. );
#7827 = EDGE_CURVE( '', #9807, #9804, #9808, .T. );
#7828 = EDGE_CURVE( '', #9807, #9809, #9810, .T. );
#7829 = EDGE_CURVE( '', #9809, #9805, #9811, .T. );
#7830 = FILL_AREA_STYLE( '', ( #9812 ) );
#7831 = EDGE_CURVE( '', #9394, #9813, #9814, .T. );
#7832 = EDGE_CURVE( '', #9526, #9813, #9815, .T. );
#7833 = EDGE_CURVE( '', #9816, #9389, #9817, .T. );
#7834 = EDGE_CURVE( '', #8691, #9816, #9818, .T. );
#7835 = EDGE_CURVE( '', #9396, #9284, #9819, .T. );
#7836 = FILL_AREA_STYLE( '', ( #9820 ) );
#7837 = EDGE_CURVE( '', #9056, #9816, #9821, .T. );
#7838 = FILL_AREA_STYLE( '', ( #9822 ) );
#7839 = EDGE_CURVE( '', #9674, #8873, #9823, .T. );
#7840 = EDGE_CURVE( '', #9824, #9672, #9825, .T. );
#7841 = EDGE_CURVE( '', #9824, #8869, #9826, .T. );
#7842 = FILL_AREA_STYLE( '', ( #9827 ) );
#7843 = EDGE_CURVE( '', #9828, #9606, #9829, .T. );
#7844 = EDGE_CURVE( '', #9828, #9257, #9830, .T. );
#7845 = FILL_AREA_STYLE( '', ( #9831 ) );
#7846 = EDGE_CURVE( '', #9491, #8573, #9832, .T. );
#7847 = EDGE_CURVE( '', #9493, #8571, #9833, .T. );
#7848 = FILL_AREA_STYLE( '', ( #9834 ) );
#7849 = EDGE_CURVE( '', #9835, #9794, #9836, .T. );
#7850 = EDGE_CURVE( '', #9341, #9835, #9837, .T. );
#7851 = FILL_AREA_STYLE( '', ( #9838 ) );
#7852 = EDGE_CURVE( '', #8780, #8997, #9839, .T. );
#7853 = FILL_AREA_STYLE( '', ( #9840 ) );
#7854 = FILL_AREA_STYLE( '', ( #9841 ) );
#7855 = EDGE_CURVE( '', #9842, #9843, #9844, .T. );
#7856 = EDGE_CURVE( '', #9809, #9842, #9845, .T. );
#7857 = EDGE_CURVE( '', #9843, #9807, #9846, .T. );
#7858 = EDGE_CURVE( '', #9847, #9715, #9848, .T. );
#7859 = EDGE_CURVE( '', #8787, #9847, #9849, .T. );
#7860 = FILL_AREA_STYLE( '', ( #9850 ) );
#7861 = FILL_AREA_STYLE( '', ( #9851 ) );
#7862 = EDGE_CURVE( '', #9852, #9853, #9854, .T. );
#7863 = EDGE_CURVE( '', #9855, #9852, #9856, .T. );
#7864 = EDGE_CURVE( '', #9855, #9857, #9858, .T. );
#7865 = EDGE_CURVE( '', #9857, #9853, #9859, .T. );
#7866 = FILL_AREA_STYLE( '', ( #9860 ) );
#7867 = EDGE_CURVE( '', #9545, #9451, #9861, .T. );
#7868 = FILL_AREA_STYLE( '', ( #9862 ) );
#7869 = EDGE_CURVE( '', #9772, #9276, #9863, .T. );
#7870 = EDGE_CURVE( '', #9774, #9278, #9864, .T. );
#7871 = FILL_AREA_STYLE( '', ( #9865 ) );
#7872 = EDGE_CURVE( '', #9707, #9866, #9867, .T. );
#7873 = EDGE_CURVE( '', #9866, #9213, #9868, .T. );
#7874 = FILL_AREA_STYLE( '', ( #9869 ) );
#7875 = EDGE_CURVE( '', #9870, #9871, #9872, .T. );
#7876 = EDGE_CURVE( '', #9871, #9873, #9874, .T. );
#7877 = EDGE_CURVE( '', #9873, #9875, #9876, .T. );
#7878 = EDGE_CURVE( '', #9875, #9870, #9877, .T. );
#7879 = EDGE_CURVE( '', #9878, #9596, #9879, .T. );
#7880 = EDGE_CURVE( '', #9880, #9878, #9881, .T. );
#7881 = EDGE_CURVE( '', #9598, #9880, #9882, .T. );
#7882 = FILL_AREA_STYLE( '', ( #9883 ) );
#7883 = EDGE_CURVE( '', #9282, #9884, #9885, .T. );
#7884 = EDGE_CURVE( '', #9884, #9398, #9886, .T. );
#7885 = FILL_AREA_STYLE( '', ( #9887 ) );
#7886 = EDGE_CURVE( '', #9215, #9888, #9889, .T. );
#7887 = EDGE_CURVE( '', #9709, #9888, #9890, .T. );
#7888 = FILL_AREA_STYLE( '', ( #9891 ) );
#7889 = EDGE_CURVE( '', #9892, #9893, #9894, .T. );
#7890 = EDGE_CURVE( '', #9895, #9892, #9896, .T. );
#7891 = EDGE_CURVE( '', #9895, #9897, #9898, .T. );
#7892 = EDGE_CURVE( '', #9897, #9893, #9899, .T. );
#7893 = FILL_AREA_STYLE( '', ( #9900 ) );
#7894 = EDGE_CURVE( '', #9552, #9358, #9901, .T. );
#7895 = EDGE_CURVE( '', #9359, #9551, #9902, .T. );
#7896 = FILL_AREA_STYLE( '', ( #9903 ) );
#7897 = EDGE_CURVE( '', #9904, #9905, #9906, .T. );
#7898 = EDGE_CURVE( '', #9907, #9904, #9908, .T. );
#7899 = EDGE_CURVE( '', #9909, #9907, #9910, .T. );
#7900 = EDGE_CURVE( '', #9905, #9909, #9911, .T. );
#7901 = FILL_AREA_STYLE( '', ( #9912 ) );
#7902 = EDGE_CURVE( '', #8916, #9913, #9914, .T. );
#7903 = EDGE_CURVE( '', #9913, #9064, #9915, .T. );
#7904 = EDGE_CURVE( '', #9916, #9917, #9918, .T. );
#7905 = EDGE_CURVE( '', #9919, #9916, #9920, .T. );
#7906 = EDGE_CURVE( '', #9921, #9919, #9922, .T. );
#7907 = EDGE_CURVE( '', #9917, #9921, #9923, .T. );
#7908 = FILL_AREA_STYLE( '', ( #9924 ) );
#7909 = EDGE_CURVE( '', #9925, #9926, #9927, .T. );
#7910 = EDGE_CURVE( '', #9926, #8908, #9928, .T. );
#7911 = EDGE_CURVE( '', #9925, #8906, #9929, .T. );
#7912 = FILL_AREA_STYLE( '', ( #9930 ) );
#7913 = EDGE_CURVE( '', #9471, #9931, #9932, .T. );
#7914 = EDGE_CURVE( '', #9931, #9617, #9933, .T. );
#7915 = FILL_AREA_STYLE( '', ( #9934 ) );
#7916 = EDGE_CURVE( '', #8978, #9219, #9935, .T. );
#7917 = EDGE_CURVE( '', #9225, #9936, #9937, .T. );
#7918 = EDGE_CURVE( '', #9936, #8954, #9938, .T. );
#7919 = FILL_AREA_STYLE( '', ( #9939 ) );
#7920 = FILL_AREA_STYLE( '', ( #9940 ) );
#7921 = EDGE_CURVE( '', #9941, #9942, #9943, .T. );
#7922 = EDGE_CURVE( '', #9942, #8963, #9944, .T. );
#7923 = EDGE_CURVE( '', #9941, #9367, #9945, .T. );
#7924 = FILL_AREA_STYLE( '', ( #9946 ) );
#7925 = EDGE_CURVE( '', #9331, #8635, #9947, .T. );
#7926 = FILL_AREA_STYLE( '', ( #9948 ) );
#7927 = EDGE_CURVE( '', #8801, #9782, #9949, .T. );
#7928 = EDGE_CURVE( '', #9780, #9327, #9950, .T. );
#7929 = FILL_AREA_STYLE( '', ( #9951 ) );
#7930 = EDGE_CURVE( '', #9629, #9952, #9953, .T. );
#7931 = EDGE_CURVE( '', #9952, #9954, #9955, .T. );
#7932 = EDGE_CURVE( '', #9631, #9954, #9956, .T. );
#7933 = FILL_AREA_STYLE( '', ( #9957 ) );
#7934 = EDGE_CURVE( '', #9481, #8591, #9958, .T. );
#7935 = FILL_AREA_STYLE( '', ( #9959 ) );
#7936 = EDGE_CURVE( '', #9960, #8988, #9961, .T. );
#7937 = EDGE_CURVE( '', #9962, #9524, #9963, .T. );
#7938 = EDGE_CURVE( '', #9962, #9828, #9964, .T. );
#7939 = EDGE_CURVE( '', #9960, #9604, #9965, .T. );
#7940 = EDGE_CURVE( '', #9408, #9966, #9967, .T. );
#7941 = EDGE_CURVE( '', #9966, #8515, #9968, .T. );
#7942 = FILL_AREA_STYLE( '', ( #9969 ) );
#7943 = EDGE_CURVE( '', #8459, #9970, #9971, .T. );
#7944 = EDGE_CURVE( '', #8463, #9972, #9973, .T. );
#7945 = EDGE_CURVE( '', #9970, #9972, #9974, .T. );
#7946 = FILL_AREA_STYLE( '', ( #9975 ) );
#7947 = EDGE_CURVE( '', #9976, #9977, #9978, .T. );
#7948 = EDGE_CURVE( '', #9979, #9976, #9980, .T. );
#7949 = EDGE_CURVE( '', #9981, #9979, #9982, .T. );
#7950 = EDGE_CURVE( '', #9981, #9983, #9984, .T. );
#7951 = EDGE_CURVE( '', #9985, #9983, #9986, .T. );
#7952 = EDGE_CURVE( '', #9985, #9987, #9988, .T. );
#7953 = EDGE_CURVE( '', #9987, #9989, #9990, .T. );
#7954 = EDGE_CURVE( '', #9977, #9989, #9991, .T. );
#7955 = EDGE_CURVE( '', #9888, #9866, #9992, .T. );
#7956 = FILL_AREA_STYLE( '', ( #9993 ) );
#7957 = EDGE_CURVE( '', #9727, #8892, #9994, .T. );
#7958 = EDGE_CURVE( '', #8609, #8890, #9995, .T. );
#7959 = EDGE_CURVE( '', #9729, #8607, #9996, .T. );
#7960 = FILL_AREA_STYLE( '', ( #9997 ) );
#7961 = EDGE_CURVE( '', #8625, #9998, #9999, .T. );
#7962 = EDGE_CURVE( '', #9734, #9998, #10000, .T. );
#7963 = FILL_AREA_STYLE( '', ( #10001 ) );
#7964 = EDGE_CURVE( '', #10002, #10003, #10004, .T. );
#7965 = EDGE_CURVE( '', #10003, #8718, #10005, .T. );
#7966 = EDGE_CURVE( '', #8719, #10002, #10006, .T. );
#7967 = FILL_AREA_STYLE( '', ( #10007 ) );
#7968 = EDGE_CURVE( '', #9458, #8644, #10008, .T. );
#7969 = FILL_AREA_STYLE( '', ( #10009 ) );
#7970 = EDGE_CURVE( '', #10010, #10011, #10012, .T. );
#7971 = EDGE_CURVE( '', #9247, #10010, #10013, .T. );
#7972 = EDGE_CURVE( '', #9249, #10011, #10014, .T. );
#7973 = FILL_AREA_STYLE( '', ( #10015 ) );
#7974 = EDGE_CURVE( '', #10016, #10017, #10018, .T. );
#7975 = EDGE_CURVE( '', #9921, #10016, #10019, .T. );
#7976 = EDGE_CURVE( '', #9919, #10017, #10020, .T. );
#7977 = FILL_AREA_STYLE( '', ( #10021 ) );
#7978 = EDGE_CURVE( '', #10022, #9187, #10023, .T. );
#7979 = EDGE_CURVE( '', #10024, #10022, #10025, .T. );
#7980 = EDGE_CURVE( '', #9189, #10024, #10026, .T. );
#7981 = EDGE_CURVE( '', #10027, #8527, #10028, .T. );
#7982 = EDGE_CURVE( '', #8984, #10027, #10029, .T. );
#7983 = EDGE_CURVE( '', #9134, #10030, #10031, .T. );
#7984 = EDGE_CURVE( '', #9738, #9261, #10032, .T. );
#7985 = EDGE_CURVE( '', #9726, #8894, #10033, .T. );
#7986 = EDGE_CURVE( '', #8726, #8472, #10034, .T. );
#7987 = EDGE_CURVE( '', #9800, #10035, #10036, .T. );
#7988 = EDGE_CURVE( '', #10035, #8761, #10037, .T. );
#7989 = EDGE_CURVE( '', #10030, #9265, #10038, .T. );
#7990 = FILL_AREA_STYLE( '', ( #10039 ) );
#7991 = EDGE_CURVE( '', #9685, #9998, #10040, .T. );
#7992 = FILL_AREA_STYLE( '', ( #10041 ) );
#7993 = EDGE_CURVE( '', #10042, #9615, #10043, .T. );
#7994 = EDGE_CURVE( '', #10042, #9467, #10044, .T. );
#7995 = FILL_AREA_STYLE( '', ( #10045 ) );
#7996 = EDGE_CURVE( '', #9594, #10046, #10047, .T. );
#7997 = EDGE_CURVE( '', #9880, #10046, #10048, .T. );
#7998 = FILL_AREA_STYLE( '', ( #10049 ) );
#7999 = EDGE_CURVE( '', #9556, #9361, #10050, .T. );
#8000 = FILL_AREA_STYLE( '', ( #10051 ) );
#8001 = EDGE_CURVE( '', #10052, #10016, #10053, .T. );
#8002 = EDGE_CURVE( '', #9917, #10052, #10054, .T. );
#8003 = FILL_AREA_STYLE( '', ( #10055 ) );
#8004 = EDGE_CURVE( '', #9029, #10056, #10057, .T. );
#8005 = EDGE_CURVE( '', #9180, #10058, #10059, .T. );
#8006 = EDGE_CURVE( '', #10058, #8731, #10060, .T. );
#8007 = EDGE_CURVE( '', #10061, #9168, #10062, .T. );
#8008 = EDGE_CURVE( '', #10056, #10061, #10063, .F. );
#8009 = FILL_AREA_STYLE( '', ( #10064 ) );
#8010 = EDGE_CURVE( '', #9696, #9847, #10065, .T. );
#8011 = FILL_AREA_STYLE( '', ( #10066 ) );
#8012 = EDGE_CURVE( '', #9824, #10067, #10068, .T. );
#8013 = EDGE_CURVE( '', #10067, #8868, #10069, .T. );
#8014 = FILL_AREA_STYLE( '', ( #10070 ) );
#8015 = EDGE_CURVE( '', #9761, #9294, #10071, .T. );
#8016 = FILL_AREA_STYLE( '', ( #10072 ) );
#8017 = EDGE_CURVE( '', #9534, #9452, #10073, .T. );
#8018 = EDGE_CURVE( '', #9532, #10074, #10075, .T. );
#8019 = EDGE_CURVE( '', #10076, #10074, #10077, .T. );
#8020 = EDGE_CURVE( '', #9544, #10076, #10078, .T. );
#8021 = EDGE_CURVE( '', #8970, #8822, #10079, .T. );
#8022 = FILL_AREA_STYLE( '', ( #10080 ) );
#8023 = EDGE_CURVE( '', #10081, #9722, #10082, .T. );
#8024 = EDGE_CURVE( '', #8569, #10081, #10083, .T. );
#8025 = FILL_AREA_STYLE( '', ( #10084 ) );
#8026 = FILL_AREA_STYLE( '', ( #10085 ) );
#8027 = EDGE_CURVE( '', #9778, #10030, #10086, .T. );
#8028 = FILL_AREA_STYLE( '', ( #10087 ) );
#8029 = EDGE_CURVE( '', #8861, #9873, #10088, .T. );
#8030 = EDGE_CURVE( '', #8865, #9875, #10089, .T. );
#8031 = FILL_AREA_STYLE( '', ( #10090 ) );
#8032 = EDGE_CURVE( '', #8836, #10091, #10092, .T. );
#8033 = EDGE_CURVE( '', #9437, #10091, #10093, .T. );
#8034 = FILL_AREA_STYLE( '', ( #10094 ) );
#8035 = EDGE_CURVE( '', #10095, #10096, #10097, .T. );
#8036 = EDGE_CURVE( '', #10098, #10095, #10099, .T. );
#8037 = EDGE_CURVE( '', #10081, #10098, #10100, .T. );
#8038 = EDGE_CURVE( '', #10101, #9720, #10102, .T. );
#8039 = EDGE_CURVE( '', #10103, #10101, #10104, .T. );
#8040 = EDGE_CURVE( '', #10096, #10103, #10105, .T. );
#8041 = FILL_AREA_STYLE( '', ( #10106 ) );
#8042 = EDGE_CURVE( '', #9640, #9913, #10107, .T. );
#8043 = FILL_AREA_STYLE( '', ( #10108 ) );
#8044 = FILL_AREA_STYLE( '', ( #10109 ) );
#8045 = EDGE_CURVE( '', #10110, #9962, #10111, .T. );
#8046 = EDGE_CURVE( '', #10110, #9253, #10112, .T. );
#8047 = FILL_AREA_STYLE( '', ( #10113 ) );
#8048 = EDGE_CURVE( '', #9479, #8593, #10114, .T. );
#8049 = FILL_AREA_STYLE( '', ( #10115 ) );
#8050 = FILL_AREA_STYLE( '', ( #10116 ) );
#8051 = EDGE_CURVE( '', #10117, #9668, #10118, .T. );
#8052 = EDGE_CURVE( '', #10119, #10117, #10120, .T. );
#8053 = EDGE_CURVE( '', #10035, #10119, #10121, .T. );
#8054 = FILL_AREA_STYLE( '', ( #10122 ) );
#8055 = EDGE_CURVE( '', #8818, #9662, #10123, .T. );
#8056 = FILL_AREA_STYLE( '', ( #10124 ) );
#8057 = EDGE_CURVE( '', #9926, #8701, #10125, .T. );
#8058 = FILL_AREA_STYLE( '', ( #10126 ) );
#8059 = EDGE_CURVE( '', #8746, #9852, #10127, .T. );
#8060 = EDGE_CURVE( '', #8750, #9855, #10128, .T. );
#8061 = FILL_AREA_STYLE( '', ( #10129 ) );
#8062 = EDGE_CURVE( '', #9784, #9643, #10130, .T. );
#8063 = FILL_AREA_STYLE( '', ( #10131 ) );
#8064 = FILL_AREA_STYLE( '', ( #10132 ) );
#8065 = EDGE_CURVE( '', #9805, #10133, #10134, .T. );
#8066 = EDGE_CURVE( '', #9842, #10133, #10135, .T. );
#8067 = FILL_AREA_STYLE( '', ( #10136 ) );
#8068 = EDGE_CURVE( '', #9178, #10137, #10138, .T. );
#8069 = EDGE_CURVE( '', #10137, #9941, #10139, .T. );
#8070 = EDGE_CURVE( '', #10140, #9321, #10141, .T. );
#8071 = EDGE_CURVE( '', #10140, #10142, #10143, .T. );
#8072 = EDGE_CURVE( '', #10142, #10144, #10145, .T. );
#8073 = EDGE_CURVE( '', #10144, #10146, #10147, .T. );
#8074 = EDGE_CURVE( '', #10058, #10146, #10148, .T. );
#8075 = FILL_AREA_STYLE( '', ( #10149 ) );
#8076 = FILL_AREA_STYLE( '', ( #10150 ) );
#8077 = EDGE_CURVE( '', #10137, #10151, #10152, .T. );
#8078 = EDGE_CURVE( '', #10151, #9942, #10153, .T. );
#8079 = FILL_AREA_STYLE( '', ( #10154 ) );
#8080 = EDGE_CURVE( '', #10096, #10155, #10156, .T. );
#8081 = EDGE_CURVE( '', #10157, #10155, #10158, .T. );
#8082 = EDGE_CURVE( '', #10157, #10095, #10159, .T. );
#8083 = FILL_AREA_STYLE( '', ( #10160 ) );
#8084 = EDGE_CURVE( '', #10161, #10162, #10163, .T. );
#8085 = EDGE_CURVE( '', #10161, #10164, #10165, .T. );
#8086 = EDGE_CURVE( '', #10164, #10166, #10167, .T. );
#8087 = EDGE_CURVE( '', #10168, #10166, #10169, .T. );
#8088 = EDGE_CURVE( '', #8703, #10168, #10170, .T. );
#8089 = EDGE_CURVE( '', #9925, #10171, #10172, .T. );
#8090 = EDGE_CURVE( '', #10171, #10162, #10173, .T. );
#8091 = FILL_AREA_STYLE( '', ( #10174 ) );
#8092 = EDGE_CURVE( '', #8511, #9627, #10175, .T. );
#8093 = EDGE_CURVE( '', #9145, #9624, #10176, .T. );
#8094 = FILL_AREA_STYLE( '', ( #10177 ) );
#8095 = EDGE_CURVE( '', #9139, #9196, #10178, .T. );
#8096 = FILL_AREA_STYLE( '', ( #10179 ) );
#8097 = EDGE_CURVE( '', #10133, #10180, #10181, .T. );
#8098 = EDGE_CURVE( '', #10180, #9804, #10182, .T. );
#8099 = EDGE_CURVE( '', #10183, #10184, #10185, .T. );
#8100 = EDGE_CURVE( '', #10186, #10183, #10187, .T. );
#8101 = EDGE_CURVE( '', #10188, #10186, #10189, .T. );
#8102 = EDGE_CURVE( '', #10184, #10188, #10190, .T. );
#8103 = FILL_AREA_STYLE( '', ( #10191 ) );
#8104 = EDGE_CURVE( '', #10192, #9652, #10193, .T. );
#8105 = EDGE_CURVE( '', #9884, #10192, #10194, .T. );
#8106 = FILL_AREA_STYLE( '', ( #10195 ) );
#8107 = EDGE_CURVE( '', #10110, #9602, #10196, .T. );
#8108 = FILL_AREA_STYLE( '', ( #10197 ) );
#8109 = EDGE_CURVE( '', #10011, #9229, #10198, .T. );
#8110 = FILL_AREA_STYLE( '', ( #10199 ) );
#8111 = EDGE_CURVE( '', #10142, #8709, #10200, .T. );
#8112 = EDGE_CURVE( '', #9570, #10140, #10201, .T. );
#8113 = EDGE_CURVE( '', #10202, #9569, #10203, .F. );
#8114 = EDGE_CURVE( '', #10204, #10202, #10205, .T. );
#8115 = EDGE_CURVE( '', #10204, #8492, #10206, .T. );
#8116 = EDGE_CURVE( '', #9119, #9540, #10207, .T. );
#8117 = EDGE_CURVE( '', #10208, #9116, #10209, .T. );
#8118 = EDGE_CURVE( '', #10210, #10208, #10211, .F. );
#8119 = EDGE_CURVE( '', #8712, #10210, #10212, .T. );
#8120 = FILL_AREA_STYLE( '', ( #10213 ) );
#8121 = EDGE_CURVE( '', #8956, #9412, #10214, .T. );
#8122 = EDGE_CURVE( '', #8538, #9936, #10215, .T. );
#8123 = FILL_AREA_STYLE( '', ( #10216 ) );
#8124 = FILL_AREA_STYLE( '', ( #10217 ) );
#8125 = EDGE_CURVE( '', #9230, #10010, #10218, .T. );
#8126 = FILL_AREA_STYLE( '', ( #10219 ) );
#8127 = EDGE_CURVE( '', #8925, #10220, #10221, .T. );
#8128 = EDGE_CURVE( '', #9768, #10220, #10222, .T. );
#8129 = FILL_AREA_STYLE( '', ( #10223 ) );
#8130 = EDGE_CURVE( '', #10091, #10224, #10225, .T. );
#8131 = EDGE_CURVE( '', #9439, #10224, #10226, .T. );
#8132 = FILL_AREA_STYLE( '', ( #10227 ) );
#8133 = EDGE_CURVE( '', #10168, #8902, #10228, .T. );
#8134 = FILL_AREA_STYLE( '', ( #10229 ) );
#8135 = EDGE_CURVE( '', #9610, #9073, #10230, .T. );
#8136 = EDGE_CURVE( '', #9611, #9075, #10231, .T. );
#8137 = FILL_AREA_STYLE( '', ( #10232 ) );
#8138 = EDGE_CURVE( '', #10233, #8714, #10234, .T. );
#8139 = EDGE_CURVE( '', #10235, #10233, #10236, .F. );
#8140 = EDGE_CURVE( '', #10237, #10235, #10238, .T. );
#8141 = EDGE_CURVE( '', #10239, #10237, #10240, .F. );
#8142 = EDGE_CURVE( '', #10003, #10239, #10241, .T. );
#8143 = EDGE_CURVE( '', #9907, #10002, #10242, .T. );
#8144 = EDGE_CURVE( '', #10243, #9904, #10244, .T. );
#8145 = EDGE_CURVE( '', #8735, #10243, #10245, .F. );
#8146 = EDGE_CURVE( '', #10146, #8733, #10246, .T. );
#8147 = EDGE_CURVE( '', #10144, #8710, #10247, .T. );
#8148 = FILL_AREA_STYLE( '', ( #10248 ) );
#8149 = EDGE_CURVE( '', #9813, #10249, #10250, .T. );
#8150 = EDGE_CURVE( '', #10249, #9528, #10251, .T. );
#8151 = FILL_AREA_STYLE( '', ( #10252 ) );
#8152 = EDGE_CURVE( '', #9400, #10192, #10253, .T. );
#8153 = FILL_AREA_STYLE( '', ( #10254 ) );
#8154 = EDGE_CURVE( '', #8766, #10255, #10256, .T. );
#8155 = EDGE_CURVE( '', #10255, #9520, #10257, .T. );
#8156 = EDGE_CURVE( '', #9565, #9895, #10258, .T. );
#8157 = EDGE_CURVE( '', #9897, #9563, #10259, .T. );
#8158 = FILL_AREA_STYLE( '', ( #10260 ) );
#8159 = EDGE_CURVE( '', #10261, #10262, #10263, .T. );
#8160 = EDGE_CURVE( '', #10264, #10261, #10265, .T. );
#8161 = EDGE_CURVE( '', #10266, #10264, #10267, .T. );
#8162 = EDGE_CURVE( '', #8936, #10266, #10268, .T. );
#8163 = EDGE_CURVE( '', #10262, #8933, #10269, .T. );
#8164 = FILL_AREA_STYLE( '', ( #10270 ) );
#8165 = EDGE_CURVE( '', #9538, #8548, #10271, .T. );
#8166 = FILL_AREA_STYLE( '', ( #10272 ) );
#8167 = EDGE_CURVE( '', #8675, #8450, #10273, .T. );
#8168 = EDGE_CURVE( '', #10274, #9506, #10275, .T. );
#8169 = EDGE_CURVE( '', #8436, #10274, #10276, .T. );
#8170 = EDGE_CURVE( '', #8449, #8668, #10277, .T. );
#8171 = FILL_AREA_STYLE( '', ( #10278 ) );
#8172 = EDGE_CURVE( '', #9788, #10024, #10279, .T. );
#8173 = FILL_AREA_STYLE( '', ( #10280 ) );
#8174 = EDGE_CURVE( '', #9176, #9158, #10281, .T. );
#8175 = FILL_AREA_STYLE( '', ( #10282 ) );
#8176 = EDGE_CURVE( '', #9681, #10027, #10283, .T. );
#8177 = FILL_AREA_STYLE( '', ( #10284 ) );
#8178 = EDGE_CURVE( '', #9587, #9504, #10285, .T. );
#8179 = EDGE_CURVE( '', #10286, #10266, #10287, .T. );
#8180 = EDGE_CURVE( '', #10286, #10274, #10288, .T. );
#8181 = EDGE_CURVE( '', #10289, #8461, #10290, .T. );
#8182 = EDGE_CURVE( '', #9972, #10289, #10291, .T. );
#8183 = FILL_AREA_STYLE( '', ( #10292 ) );
#8184 = EDGE_CURVE( '', #10293, #10294, #10295, .T. );
#8185 = EDGE_CURVE( '', #10183, #10293, #10296, .T. );
#8186 = EDGE_CURVE( '', #10184, #10294, #10297, .T. );
#8187 = FILL_AREA_STYLE( '', ( #10298 ) );
#8188 = EDGE_CURVE( '', #9893, #9560, #10299, .T. );
#8189 = FILL_AREA_STYLE( '', ( #10300 ) );
#8190 = EDGE_CURVE( '', #8846, #10255, #10301, .T. );
#8191 = FILL_AREA_STYLE( '', ( #10302 ) );
#8192 = FILL_AREA_STYLE( '', ( #10303 ) );
#8193 = EDGE_CURVE( '', #8494, #10304, #10305, .T. );
#8194 = EDGE_CURVE( '', #10306, #10304, #10307, .T. );
#8195 = EDGE_CURVE( '', #10306, #8496, #10308, .T. );
#8196 = FILL_AREA_STYLE( '', ( #10309 ) );
#8197 = EDGE_CURVE( '', #10074, #8854, #10310, .T. );
#8198 = FILL_AREA_STYLE( '', ( #10311 ) );
#8199 = EDGE_CURVE( '', #9363, #9554, #10312, .T. );
#8200 = EDGE_CURVE( '', #10313, #9835, #10314, .T. );
#8201 = EDGE_CURVE( '', #9795, #10313, #10315, .T. );
#8202 = FILL_AREA_STYLE( '', ( #10316 ) );
#8203 = EDGE_CURVE( '', #10056, #10233, #10317, .T. );
#8204 = EDGE_CURVE( '', #10210, #9312, #10318, .T. );
#8205 = FILL_AREA_STYLE( '', ( #10319 ) );
#8206 = FILL_AREA_STYLE( '', ( #10320 ) );
#8207 = EDGE_CURVE( '', #9751, #9905, #10321, .T. );
#8208 = EDGE_CURVE( '', #9754, #9909, #10322, .T. );
#8209 = FILL_AREA_STYLE( '', ( #10323 ) );
#8210 = EDGE_CURVE( '', #10208, #9314, #10324, .T. );
#8211 = FILL_AREA_STYLE( '', ( #10325 ) );
#8212 = EDGE_CURVE( '', #10326, #10157, #10327, .T. );
#8213 = EDGE_CURVE( '', #10098, #10326, #10328, .T. );
#8214 = FILL_AREA_STYLE( '', ( #10329 ) );
#8215 = EDGE_CURVE( '', #9295, #9760, #10330, .T. );
#8216 = EDGE_CURVE( '', #10331, #10052, #10332, .T. );
#8217 = EDGE_CURVE( '', #10017, #10331, #10333, .T. );
#8218 = EDGE_CURVE( '', #9561, #9892, #10334, .T. );
#8219 = EDGE_CURVE( '', #10294, #10335, #10336, .T. );
#8220 = EDGE_CURVE( '', #10335, #10337, #10338, .T. );
#8221 = EDGE_CURVE( '', #10337, #10293, #10339, .T. );
#8222 = EDGE_CURVE( '', #10220, #9497, #10340, .T. );
#8223 = EDGE_CURVE( '', #9853, #8745, #10341, .T. );
#8224 = EDGE_CURVE( '', #10342, #9593, #10343, .T. );
#8225 = EDGE_CURVE( '', #10046, #10342, #10344, .T. );
#8226 = EDGE_CURVE( '', #10326, #9417, #10345, .T. );
#8227 = EDGE_CURVE( '', #10155, #9221, #10346, .T. );
#8228 = FILL_AREA_STYLE( '', ( #10347 ) );
#8229 = FILL_AREA_STYLE( '', ( #10348 ) );
#8230 = EDGE_CURVE( '', #10117, #8476, #10349, .T. );
#8231 = EDGE_CURVE( '', #8474, #10119, #10350, .T. );
#8232 = FILL_AREA_STYLE( '', ( #10351 ) );
#8233 = FILL_AREA_STYLE( '', ( #10352 ) );
#8234 = EDGE_CURVE( '', #9583, #9469, #10353, .T. );
#8235 = EDGE_CURVE( '', #10042, #10354, #10355, .T. );
#8236 = EDGE_CURVE( '', #10354, #10262, #10356, .T. );
#8237 = EDGE_CURVE( '', #10357, #8458, #10358, .T. );
#8238 = EDGE_CURVE( '', #9970, #10357, #10359, .T. );
#8239 = FILL_AREA_STYLE( '', ( #10360 ) );
#8240 = EDGE_CURVE( '', #9476, #8534, #10361, .T. );
#8241 = FILL_AREA_STYLE( '', ( #10362 ) );
#8242 = EDGE_CURVE( '', #10162, #9423, #10363, .T. );
#8243 = EDGE_CURVE( '', #10364, #10171, #10365, .T. );
#8244 = EDGE_CURVE( '', #9349, #10364, #10366, .T. );
#8245 = FILL_AREA_STYLE( '', ( #10367 ) );
#8246 = EDGE_CURVE( '', #10368, #8648, #10369, .T. );
#8247 = EDGE_CURVE( '', #8646, #10370, #10371, .T. );
#8248 = EDGE_CURVE( '', #10368, #10370, #10372, .T. );
#8249 = FILL_AREA_STYLE( '', ( #10373 ) );
#8250 = FILL_AREA_STYLE( '', ( #10374 ) );
#8251 = FILL_AREA_STYLE( '', ( #10375 ) );
#8252 = FILL_AREA_STYLE( '', ( #10376 ) );
#8253 = EDGE_CURVE( '', #9051, #8900, #10377, .T. );
#8254 = FILL_AREA_STYLE( '', ( #10378 ) );
#8255 = EDGE_CURVE( '', #8911, #9053, #10379, .T. );
#8256 = FILL_AREA_STYLE( '', ( #10380 ) );
#8257 = FILL_AREA_STYLE( '', ( #10381 ) );
#8258 = EDGE_CURVE( '', #9752, #8553, #10382, .T. );
#8259 = EDGE_CURVE( '', #9756, #8555, #10383, .T. );
#8260 = FILL_AREA_STYLE( '', ( #10384 ) );
#8261 = FILL_AREA_STYLE( '', ( #10385 ) );
#8262 = EDGE_CURVE( '', #10101, #8563, #10386, .T. );
#8263 = FILL_AREA_STYLE( '', ( #10387 ) );
#8264 = EDGE_CURVE( '', #10357, #10289, #10388, .T. );
#8265 = FILL_AREA_STYLE( '', ( #10389 ) );
#8266 = EDGE_CURVE( '', #9954, #8623, #10390, .T. );
#8267 = FILL_AREA_STYLE( '', ( #10391 ) );
#8268 = EDGE_CURVE( '', #9589, #10264, #10392, .T. );
#8269 = EDGE_CURVE( '', #10286, #8431, #10393, .T. );
#8270 = FILL_AREA_STYLE( '', ( #10394 ) );
#8271 = EDGE_CURVE( '', #9843, #10180, #10395, .T. );
#8272 = FILL_AREA_STYLE( '', ( #10396 ) );
#8273 = EDGE_CURVE( '', #9789, #10022, #10397, .T. );
#8274 = FILL_AREA_STYLE( '', ( #10398 ) );
#8275 = EDGE_CURVE( '', #8662, #9194, #10399, .T. );
#8276 = FILL_AREA_STYLE( '', ( #10400 ) );
#8277 = EDGE_CURVE( '', #10166, #8904, #10401, .T. );
#8278 = FILL_AREA_STYLE( '', ( #10402 ) );
#8279 = EDGE_CURVE( '', #9176, #10151, #10403, .T. );
#8280 = FILL_AREA_STYLE( '', ( #10404 ) );
#8281 = EDGE_CURVE( '', #9704, #9981, #10405, .T. );
#8282 = EDGE_CURVE( '', #9691, #9979, #10406, .T. );
#8283 = FILL_AREA_STYLE( '', ( #10407 ) );
#8284 = FILL_AREA_STYLE( '', ( #10408 ) );
#8285 = FILL_AREA_STYLE( '', ( #10409 ) );
#8286 = FILL_AREA_STYLE( '', ( #10410 ) );
#8287 = EDGE_CURVE( '', #10188, #10335, #10411, .T. );
#8288 = EDGE_CURVE( '', #10186, #10337, #10412, .T. );
#8289 = FILL_AREA_STYLE( '', ( #10413 ) );
#8290 = EDGE_CURVE( '', #9421, #10161, #10414, .T. );
#8291 = FILL_AREA_STYLE( '', ( #10415 ) );
#8292 = EDGE_CURVE( '', #9692, #9104, #10416, .T. );
#8293 = EDGE_CURVE( '', #9106, #9976, #10417, .T. );
#8294 = FILL_AREA_STYLE( '', ( #10418 ) );
#8295 = FILL_AREA_STYLE( '', ( #10419 ) );
#8296 = EDGE_CURVE( '', #8603, #9459, #10420, .T. );
#8297 = EDGE_CURVE( '', #9989, #9302, #10421, .T. );
#8298 = EDGE_CURVE( '', #10370, #9987, #10422, .T. );
#8299 = FILL_AREA_STYLE( '', ( #10423 ) );
#8300 = EDGE_CURVE( '', #10304, #10204, #10424, .T. );
#8301 = EDGE_CURVE( '', #10202, #10425, #10426, .T. );
#8302 = EDGE_CURVE( '', #9121, #10425, #10427, .T. );
#8303 = EDGE_CURVE( '', #10103, #8561, #10428, .T. );
#8304 = EDGE_CURVE( '', #9172, #10239, #10429, .T. );
#8305 = EDGE_CURVE( '', #9170, #10243, #10430, .T. );
#8306 = EDGE_CURVE( '', #10431, #8551, #10432, .T. );
#8307 = EDGE_CURVE( '', #10431, #10306, #10433, .T. );
#8308 = FILL_AREA_STYLE( '', ( #10434 ) );
#8309 = EDGE_CURVE( '', #9300, #9977, #10435, .T. );
#8310 = EDGE_CURVE( '', #9985, #10368, #10436, .T. );
#8311 = EDGE_CURVE( '', #9983, #9101, #10437, .T. );
#8312 = FILL_AREA_STYLE( '', ( #10438 ) );
#8313 = EDGE_CURVE( '', #9112, #10076, #10439, .T. );
#8314 = FILL_AREA_STYLE( '', ( #10440 ) );
#8315 = EDGE_CURVE( '', #8863, #9870, #10441, .T. );
#8316 = EDGE_CURVE( '', #8860, #9871, #10442, .T. );
#8317 = FILL_AREA_STYLE( '', ( #10443 ) );
#8318 = FILL_AREA_STYLE( '', ( #10444 ) );
#8319 = EDGE_CURVE( '', #10261, #9584, #10445, .T. );
#8320 = EDGE_CURVE( '', #10354, #9931, #10446, .T. );
#8321 = FILL_AREA_STYLE( '', ( #10447 ) );
#8322 = FILL_AREA_STYLE( '', ( #10448 ) );
#8323 = FILL_AREA_STYLE( '', ( #10449 ) );
#8324 = EDGE_CURVE( '', #9916, #10331, #10450, .T. );
#8325 = FILL_AREA_STYLE( '', ( #10451 ) );
#8326 = FILL_AREA_STYLE( '', ( #10452 ) );
#8327 = EDGE_CURVE( '', #9164, #10453, #10454, .T. );
#8328 = EDGE_CURVE( '', #9634, #10453, #10455, .T. );
#8329 = FILL_AREA_STYLE( '', ( #10456 ) );
#8330 = EDGE_CURVE( '', #10249, #9960, #10457, .T. );
#8331 = FILL_AREA_STYLE( '', ( #10458 ) );
#8332 = EDGE_CURVE( '', #9102, #9702, #10459, .T. );
#8333 = FILL_AREA_STYLE( '', ( #10460 ) );
#8334 = EDGE_CURVE( '', #9664, #8816, #10461, .T. );
#8335 = FILL_AREA_STYLE( '', ( #10462 ) );
#8336 = FILL_AREA_STYLE( '', ( #10463 ) );
#8337 = FILL_AREA_STYLE( '', ( #10464 ) );
#8338 = EDGE_CURVE( '', #9168, #10237, #10465, .T. );
#8339 = FILL_AREA_STYLE( '', ( #10466 ) );
#8340 = FILL_AREA_STYLE( '', ( #10467 ) );
#8341 = EDGE_CURVE( '', #9694, #8789, #10468, .T. );
#8342 = FILL_AREA_STYLE( '', ( #10469 ) );
#8343 = FILL_AREA_STYLE( '', ( #10470 ) );
#8344 = EDGE_CURVE( '', #9878, #10342, #10471, .T. );
#8345 = FILL_AREA_STYLE( '', ( #10472 ) );
#8346 = FILL_AREA_STYLE( '', ( #10473 ) );
#8347 = FILL_AREA_STYLE( '', ( #10474 ) );
#8348 = FILL_AREA_STYLE( '', ( #10475 ) );
#8349 = EDGE_CURVE( '', #10476, #10164, #10477, .T. );
#8350 = EDGE_CURVE( '', #10364, #10476, #10478, .T. );
#8351 = FILL_AREA_STYLE( '', ( #10479 ) );
#8352 = EDGE_CURVE( '', #10425, #9317, #10480, .T. );
#8353 = FILL_AREA_STYLE( '', ( #10481 ) );
#8354 = EDGE_CURVE( '', #9336, #10476, #10482, .T. );
#8355 = FILL_AREA_STYLE( '', ( #10483 ) );
#8356 = FILL_AREA_STYLE( '', ( #10484 ) );
#8357 = FILL_AREA_STYLE( '', ( #10485 ) );
#8358 = EDGE_CURVE( '', #9966, #9374, #10486, .T. );
#8359 = FILL_AREA_STYLE( '', ( #10487 ) );
#8360 = FILL_AREA_STYLE( '', ( #10488 ) );
#8361 = FILL_AREA_STYLE( '', ( #10489 ) );
#8362 = FILL_AREA_STYLE( '', ( #10490 ) );
#8363 = FILL_AREA_STYLE( '', ( #10491 ) );
#8364 = FILL_AREA_STYLE( '', ( #10492 ) );
#8365 = FILL_AREA_STYLE( '', ( #10493 ) );
#8366 = EDGE_CURVE( '', #9428, #10313, #10494, .T. );
#8367 = FILL_AREA_STYLE( '', ( #10495 ) );
#8368 = EDGE_CURVE( '', #9625, #9147, #10496, .T. );
#8369 = FILL_AREA_STYLE( '', ( #10497 ) );
#8370 = FILL_AREA_STYLE( '', ( #10498 ) );
#8371 = EDGE_CURVE( '', #8509, #9636, #10499, .T. );
#8372 = FILL_AREA_STYLE( '', ( #10500 ) );
#8373 = FILL_AREA_STYLE( '', ( #10501 ) );
#8374 = FILL_AREA_STYLE( '', ( #10502 ) );
#8375 = FILL_AREA_STYLE( '', ( #10503 ) );
#8376 = FILL_AREA_STYLE( '', ( #10504 ) );
#8377 = FILL_AREA_STYLE( '', ( #10505 ) );
#8378 = EDGE_CURVE( '', #10061, #10235, #10506, .T. );
#8379 = FILL_AREA_STYLE( '', ( #10507 ) );
#8380 = FILL_AREA_STYLE( '', ( #10508 ) );
#8381 = EDGE_CURVE( '', #9676, #8871, #10509, .T. );
#8382 = FILL_AREA_STYLE( '', ( #10510 ) );
#8383 = EDGE_CURVE( '', #10224, #8834, #10511, .T. );
#8384 = FILL_AREA_STYLE( '', ( #10512 ) );
#8385 = FILL_AREA_STYLE( '', ( #10513 ) );
#8386 = FILL_AREA_STYLE( '', ( #10514 ) );
#8387 = FILL_AREA_STYLE( '', ( #10515 ) );
#8388 = EDGE_CURVE( '', #10453, #9952, #10516, .T. );
#8389 = FILL_AREA_STYLE( '', ( #10517 ) );
#8390 = EDGE_CURVE( '', #10067, #9678, #10518, .T. );
#8391 = FILL_AREA_STYLE( '', ( #10519 ) );
#8392 = FILL_AREA_STYLE( '', ( #10520 ) );
#8393 = FILL_AREA_STYLE( '', ( #10521 ) );
#8394 = FILL_AREA_STYLE( '', ( #10522 ) );
#8395 = FILL_AREA_STYLE( '', ( #10523 ) );
#8396 = FILL_AREA_STYLE( '', ( #10524 ) );
#8397 = EDGE_CURVE( '', #9857, #8748, #10525, .T. );
#8398 = FILL_AREA_STYLE( '', ( #10526 ) );
#8399 = FILL_AREA_STYLE( '', ( #10527 ) );
#8400 = FILL_AREA_STYLE( '', ( #10528 ) );
#8401 = FILL_AREA_STYLE( '', ( #10529 ) );
#8402 = FILL_AREA_STYLE( '', ( #10530 ) );
#8403 = FILL_AREA_STYLE( '', ( #10531 ) );
#8404 = EDGE_CURVE( '', #8498, #10431, #10532, .T. );
#8405 = FILL_AREA_STYLE( '', ( #10533 ) );
#8406 = FILL_AREA_STYLE( '', ( #10534 ) );
#8407 = FILL_AREA_STYLE( '', ( #10535 ) );
#8408 = FILL_AREA_STYLE( '', ( #10536 ) );
#8409 = FILL_AREA_STYLE( '', ( #10537 ) );
#8410 = FILL_AREA_STYLE( '', ( #10538 ) );
#8411 = FILL_AREA_STYLE( '', ( #10539 ) );
#8412 = FILL_AREA_STYLE( '', ( #10540 ) );
#8413 = FILL_AREA_STYLE( '', ( #10541 ) );
#8414 = FILL_AREA_STYLE( '', ( #10542 ) );
#8415 = FILL_AREA_STYLE( '', ( #10543 ) );
#8416 = FILL_AREA_STYLE( '', ( #10544 ) );
#8417 = FILL_AREA_STYLE( '', ( #10545 ) );
#8418 = FILL_AREA_STYLE( '', ( #10546 ) );
#8419 = FILL_AREA_STYLE_COLOUR( '', #10547 );
#8420 = VERTEX_POINT( '', #10548 );
#8421 = VERTEX_POINT( '', #10549 );
#8422 = LINE( '', #10550, #10551 );
#8423 = VERTEX_POINT( '', #10552 );
#8424 = LINE( '', #10553, #10554 );
#8425 = VERTEX_POINT( '', #10555 );
#8426 = LINE( '', #10556, #10557 );
#8427 = VERTEX_POINT( '', #10558 );
#8428 = LINE( '', #10559, #10560 );
#8429 = LINE( '', #10561, #10562 );
#8430 = FILL_AREA_STYLE_COLOUR( '', #10563 );
#8431 = VERTEX_POINT( '', #10564 );
#8432 = VERTEX_POINT( '', #10565 );
#8433 = LINE( '', #10566, #10567 );
#8434 = VERTEX_POINT( '', #10568 );
#8435 = LINE( '', #10569, #10570 );
#8436 = VERTEX_POINT( '', #10571 );
#8437 = LINE( '', #10572, #10573 );
#8438 = LINE( '', #10574, #10575 );
#8439 = FILL_AREA_STYLE_COLOUR( '', #10576 );
#8440 = VERTEX_POINT( '', #10577 );
#8441 = VERTEX_POINT( '', #10578 );
#8442 = LINE( '', #10579, #10580 );
#8443 = VERTEX_POINT( '', #10581 );
#8444 = LINE( '', #10582, #10583 );
#8445 = VERTEX_POINT( '', #10584 );
#8446 = LINE( '', #10585, #10586 );
#8447 = LINE( '', #10587, #10588 );
#8448 = FILL_AREA_STYLE_COLOUR( '', #10589 );
#8449 = VERTEX_POINT( '', #10590 );
#8450 = VERTEX_POINT( '', #10591 );
#8451 = LINE( '', #10592, #10593 );
#8452 = VERTEX_POINT( '', #10594 );
#8453 = LINE( '', #10595, #10596 );
#8454 = VERTEX_POINT( '', #10597 );
#8455 = LINE( '', #10598, #10599 );
#8456 = LINE( '', #10600, #10601 );
#8457 = FILL_AREA_STYLE_COLOUR( '', #10602 );
#8458 = VERTEX_POINT( '', #10603 );
#8459 = VERTEX_POINT( '', #10604 );
#8460 = LINE( '', #10605, #10606 );
#8461 = VERTEX_POINT( '', #10607 );
#8462 = LINE( '', #10608, #10609 );
#8463 = VERTEX_POINT( '', #10610 );
#8464 = LINE( '', #10611, #10612 );
#8465 = LINE( '', #10613, #10614 );
#8466 = FILL_AREA_STYLE_COLOUR( '', #10615 );
#8467 = VERTEX_POINT( '', #10616 );
#8468 = VERTEX_POINT( '', #10617 );
#8469 = LINE( '', #10618, #10619 );
#8470 = VERTEX_POINT( '', #10620 );
#8471 = LINE( '', #10621, #10622 );
#8472 = VERTEX_POINT( '', #10623 );
#8473 = LINE( '', #10624, #10625 );
#8474 = VERTEX_POINT( '', #10626 );
#8475 = LINE( '', #10627, #10628 );
#8476 = VERTEX_POINT( '', #10629 );
#8477 = LINE( '', #10630, #10631 );
#8478 = LINE( '', #10632, #10633 );
#8479 = FILL_AREA_STYLE_COLOUR( '', #10634 );
#8480 = VERTEX_POINT( '', #10635 );
#8481 = VERTEX_POINT( '', #10636 );
#8482 = LINE( '', #10637, #10638 );
#8483 = VERTEX_POINT( '', #10639 );
#8484 = LINE( '', #10640, #10641 );
#8485 = VERTEX_POINT( '', #10642 );
#8486 = LINE( '', #10643, #10644 );
#8487 = LINE( '', #10645, #10646 );
#8488 = FILL_AREA_STYLE_COLOUR( '', #10647 );
#8489 = VERTEX_POINT( '', #10648 );
#8490 = VERTEX_POINT( '', #10649 );
#8491 = LINE( '', #10650, #10651 );
#8492 = VERTEX_POINT( '', #10652 );
#8493 = LINE( '', #10653, #10654 );
#8494 = VERTEX_POINT( '', #10655 );
#8495 = LINE( '', #10656, #10657 );
#8496 = VERTEX_POINT( '', #10658 );
#8497 = LINE( '', #10659, #10660 );
#8498 = VERTEX_POINT( '', #10661 );
#8499 = LINE( '', #10662, #10663 );
#8500 = VERTEX_POINT( '', #10664 );
#8501 = LINE( '', #10665, #10666 );
#8502 = VERTEX_POINT( '', #10667 );
#8503 = LINE( '', #10668, #10669 );
#8504 = LINE( '', #10670, #10671 );
#8505 = FILL_AREA_STYLE_COLOUR( '', #10672 );
#8506 = VERTEX_POINT( '', #10673 );
#8507 = VERTEX_POINT( '', #10674 );
#8508 = LINE( '', #10675, #10676 );
#8509 = VERTEX_POINT( '', #10677 );
#8510 = LINE( '', #10678, #10679 );
#8511 = VERTEX_POINT( '', #10680 );
#8512 = LINE( '', #10681, #10682 );
#8513 = LINE( '', #10683, #10684 );
#8514 = FILL_AREA_STYLE_COLOUR( '', #10685 );
#8515 = VERTEX_POINT( '', #10686 );
#8516 = VERTEX_POINT( '', #10687 );
#8517 = LINE( '', #10688, #10689 );
#8518 = VERTEX_POINT( '', #10690 );
#8519 = LINE( '', #10691, #10692 );
#8520 = VERTEX_POINT( '', #10693 );
#8521 = LINE( '', #10694, #10695 );
#8522 = LINE( '', #10696, #10697 );
#8523 = FILL_AREA_STYLE_COLOUR( '', #10698 );
#8524 = VERTEX_POINT( '', #10699 );
#8525 = VERTEX_POINT( '', #10700 );
#8526 = LINE( '', #10701, #10702 );
#8527 = VERTEX_POINT( '', #10703 );
#8528 = LINE( '', #10704, #10705 );
#8529 = VERTEX_POINT( '', #10706 );
#8530 = LINE( '', #10707, #10708 );
#8531 = LINE( '', #10709, #10710 );
#8532 = FILL_AREA_STYLE_COLOUR( '', #10711 );
#8533 = VERTEX_POINT( '', #10712 );
#8534 = VERTEX_POINT( '', #10713 );
#8535 = LINE( '', #10714, #10715 );
#8536 = VERTEX_POINT( '', #10716 );
#8537 = LINE( '', #10717, #10718 );
#8538 = VERTEX_POINT( '', #10719 );
#8539 = LINE( '', #10720, #10721 );
#8540 = VERTEX_POINT( '', #10722 );
#8541 = LINE( '', #10723, #10724 );
#8542 = VERTEX_POINT( '', #10725 );
#8543 = LINE( '', #10726, #10727 );
#8544 = VERTEX_POINT( '', #10728 );
#8545 = LINE( '', #10729, #10730 );
#8546 = VERTEX_POINT( '', #10731 );
#8547 = LINE( '', #10732, #10733 );
#8548 = VERTEX_POINT( '', #10734 );
#8549 = LINE( '', #10735, #10736 );
#8550 = LINE( '', #10737, #10738 );
#8551 = VERTEX_POINT( '', #10739 );
#8552 = LINE( '', #10740, #10741 );
#8553 = VERTEX_POINT( '', #10742 );
#8554 = LINE( '', #10743, #10744 );
#8555 = VERTEX_POINT( '', #10745 );
#8556 = LINE( '', #10746, #10747 );
#8557 = VERTEX_POINT( '', #10748 );
#8558 = LINE( '', #10749, #10750 );
#8559 = VERTEX_POINT( '', #10751 );
#8560 = LINE( '', #10752, #10753 );
#8561 = VERTEX_POINT( '', #10754 );
#8562 = LINE( '', #10755, #10756 );
#8563 = VERTEX_POINT( '', #10757 );
#8564 = LINE( '', #10758, #10759 );
#8565 = VERTEX_POINT( '', #10760 );
#8566 = LINE( '', #10761, #10762 );
#8567 = VERTEX_POINT( '', #10763 );
#8568 = LINE( '', #10764, #10765 );
#8569 = VERTEX_POINT( '', #10766 );
#8570 = LINE( '', #10767, #10768 );
#8571 = VERTEX_POINT( '', #10769 );
#8572 = LINE( '', #10770, #10771 );
#8573 = VERTEX_POINT( '', #10772 );
#8574 = LINE( '', #10773, #10774 );
#8575 = VERTEX_POINT( '', #10775 );
#8576 = LINE( '', #10776, #10777 );
#8577 = VERTEX_POINT( '', #10778 );
#8578 = LINE( '', #10779, #10780 );
#8579 = VERTEX_POINT( '', #10781 );
#8580 = LINE( '', #10782, #10783 );
#8581 = VERTEX_POINT( '', #10784 );
#8582 = LINE( '', #10785, #10786 );
#8583 = VERTEX_POINT( '', #10787 );
#8584 = LINE( '', #10788, #10789 );
#8585 = VERTEX_POINT( '', #10790 );
#8586 = LINE( '', #10791, #10792 );
#8587 = VERTEX_POINT( '', #10793 );
#8588 = LINE( '', #10794, #10795 );
#8589 = VERTEX_POINT( '', #10796 );
#8590 = LINE( '', #10797, #10798 );
#8591 = VERTEX_POINT( '', #10799 );
#8592 = LINE( '', #10800, #10801 );
#8593 = VERTEX_POINT( '', #10802 );
#8594 = LINE( '', #10803, #10804 );
#8595 = VERTEX_POINT( '', #10805 );
#8596 = LINE( '', #10806, #10807 );
#8597 = VERTEX_POINT( '', #10808 );
#8598 = LINE( '', #10809, #10810 );
#8599 = VERTEX_POINT( '', #10811 );
#8600 = LINE( '', #10812, #10813 );
#8601 = LINE( '', #10814, #10815 );
#8602 = VERTEX_POINT( '', #10816 );
#8603 = VERTEX_POINT( '', #10817 );
#8604 = LINE( '', #10818, #10819 );
#8605 = VERTEX_POINT( '', #10820 );
#8606 = LINE( '', #10821, #10822 );
#8607 = VERTEX_POINT( '', #10823 );
#8608 = LINE( '', #10824, #10825 );
#8609 = VERTEX_POINT( '', #10826 );
#8610 = LINE( '', #10827, #10828 );
#8611 = VERTEX_POINT( '', #10829 );
#8612 = LINE( '', #10830, #10831 );
#8613 = VERTEX_POINT( '', #10832 );
#8614 = LINE( '', #10833, #10834 );
#8615 = VERTEX_POINT( '', #10835 );
#8616 = LINE( '', #10836, #10837 );
#8617 = VERTEX_POINT( '', #10838 );
#8618 = LINE( '', #10839, #10840 );
#8619 = VERTEX_POINT( '', #10841 );
#8620 = LINE( '', #10842, #10843 );
#8621 = VERTEX_POINT( '', #10844 );
#8622 = LINE( '', #10845, #10846 );
#8623 = VERTEX_POINT( '', #10847 );
#8624 = LINE( '', #10848, #10849 );
#8625 = VERTEX_POINT( '', #10850 );
#8626 = LINE( '', #10851, #10852 );
#8627 = VERTEX_POINT( '', #10853 );
#8628 = LINE( '', #10854, #10855 );
#8629 = VERTEX_POINT( '', #10856 );
#8630 = LINE( '', #10857, #10858 );
#8631 = VERTEX_POINT( '', #10859 );
#8632 = LINE( '', #10860, #10861 );
#8633 = VERTEX_POINT( '', #10862 );
#8634 = LINE( '', #10863, #10864 );
#8635 = VERTEX_POINT( '', #10865 );
#8636 = LINE( '', #10866, #10867 );
#8637 = VERTEX_POINT( '', #10868 );
#8638 = LINE( '', #10869, #10870 );
#8639 = VERTEX_POINT( '', #10871 );
#8640 = LINE( '', #10872, #10873 );
#8641 = LINE( '', #10874, #10875 );
#8642 = VERTEX_POINT( '', #10876 );
#8643 = LINE( '', #10877, #10878 );
#8644 = VERTEX_POINT( '', #10879 );
#8645 = LINE( '', #10880, #10881 );
#8646 = VERTEX_POINT( '', #10882 );
#8647 = LINE( '', #10883, #10884 );
#8648 = VERTEX_POINT( '', #10885 );
#8649 = LINE( '', #10886, #10887 );
#8650 = VERTEX_POINT( '', #10888 );
#8651 = LINE( '', #10889, #10890 );
#8652 = VERTEX_POINT( '', #10891 );
#8653 = LINE( '', #10892, #10893 );
#8654 = LINE( '', #10894, #10895 );
#8655 = VERTEX_POINT( '', #10896 );
#8656 = VERTEX_POINT( '', #10897 );
#8657 = LINE( '', #10898, #10899 );
#8658 = VERTEX_POINT( '', #10900 );
#8659 = LINE( '', #10901, #10902 );
#8660 = VERTEX_POINT( '', #10903 );
#8661 = LINE( '', #10904, #10905 );
#8662 = VERTEX_POINT( '', #10906 );
#8663 = LINE( '', #10907, #10908 );
#8664 = VERTEX_POINT( '', #10909 );
#8665 = LINE( '', #10910, #10911 );
#8666 = VERTEX_POINT( '', #10912 );
#8667 = LINE( '', #10913, #10914 );
#8668 = VERTEX_POINT( '', #10915 );
#8669 = LINE( '', #10916, #10917 );
#8670 = LINE( '', #10918, #10919 );
#8671 = VERTEX_POINT( '', #10920 );
#8672 = LINE( '', #10921, #10922 );
#8673 = VERTEX_POINT( '', #10923 );
#8674 = LINE( '', #10924, #10925 );
#8675 = VERTEX_POINT( '', #10926 );
#8676 = LINE( '', #10927, #10928 );
#8677 = VERTEX_POINT( '', #10929 );
#8678 = LINE( '', #10930, #10931 );
#8679 = VERTEX_POINT( '', #10932 );
#8680 = LINE( '', #10933, #10934 );
#8681 = VERTEX_POINT( '', #10935 );
#8682 = LINE( '', #10936, #10937 );
#8683 = VERTEX_POINT( '', #10938 );
#8684 = LINE( '', #10939, #10940 );
#8685 = VERTEX_POINT( '', #10941 );
#8686 = LINE( '', #10942, #10943 );
#8687 = VERTEX_POINT( '', #10944 );
#8688 = LINE( '', #10945, #10946 );
#8689 = VERTEX_POINT( '', #10947 );
#8690 = LINE( '', #10948, #10949 );
#8691 = VERTEX_POINT( '', #10950 );
#8692 = LINE( '', #10951, #10952 );
#8693 = VERTEX_POINT( '', #10953 );
#8694 = LINE( '', #10954, #10955 );
#8695 = VERTEX_POINT( '', #10956 );
#8696 = LINE( '', #10957, #10958 );
#8697 = VERTEX_POINT( '', #10959 );
#8698 = LINE( '', #10960, #10961 );
#8699 = VERTEX_POINT( '', #10962 );
#8700 = LINE( '', #10963, #10964 );
#8701 = VERTEX_POINT( '', #10965 );
#8702 = LINE( '', #10966, #10967 );
#8703 = VERTEX_POINT( '', #10968 );
#8704 = LINE( '', #10969, #10970 );
#8705 = VERTEX_POINT( '', #10971 );
#8706 = LINE( '', #10972, #10973 );
#8707 = LINE( '', #10974, #10975 );
#8708 = FILL_AREA_STYLE_COLOUR( '', #10976 );
#8709 = VERTEX_POINT( '', #10977 );
#8710 = VERTEX_POINT( '', #10978 );
#8711 = LINE( '', #10979, #10980 );
#8712 = VERTEX_POINT( '', #10981 );
#8713 = LINE( '', #10982, #10983 );
#8714 = VERTEX_POINT( '', #10984 );
#8715 = LINE( '', #10985, #10986 );
#8716 = LINE( '', #10987, #10988 );
#8717 = FILL_AREA_STYLE_COLOUR( '', #10989 );
#8718 = VERTEX_POINT( '', #10990 );
#8719 = VERTEX_POINT( '', #10991 );
#8720 = LINE( '', #10992, #10993 );
#8721 = LINE( '', #10994, #10995 );
#8722 = LINE( '', #10996, #10997 );
#8723 = FILL_AREA_STYLE_COLOUR( '', #10998 );
#8724 = VERTEX_POINT( '', #10999 );
#8725 = LINE( '', #11000, #11001 );
#8726 = VERTEX_POINT( '', #11002 );
#8727 = LINE( '', #11003, #11004 );
#8728 = LINE( '', #11005, #11006 );
#8729 = FILL_AREA_STYLE_COLOUR( '', #11007 );
#8730 = VERTEX_POINT( '', #11008 );
#8731 = VERTEX_POINT( '', #11009 );
#8732 = LINE( '', #11010, #11011 );
#8733 = VERTEX_POINT( '', #11012 );
#8734 = LINE( '', #11013, #11014 );
#8735 = VERTEX_POINT( '', #11015 );
#8736 = LINE( '', #11016, #11017 );
#8737 = LINE( '', #11018, #11019 );
#8738 = FILL_AREA_STYLE_COLOUR( '', #11020 );
#8739 = VERTEX_POINT( '', #11021 );
#8740 = LINE( '', #11022, #11023 );
#8741 = VERTEX_POINT( '', #11024 );
#8742 = LINE( '', #11025, #11026 );
#8743 = LINE( '', #11027, #11028 );
#8744 = FILL_AREA_STYLE_COLOUR( '', #11029 );
#8745 = VERTEX_POINT( '', #11030 );
#8746 = VERTEX_POINT( '', #11031 );
#8747 = LINE( '', #11032, #11033 );
#8748 = VERTEX_POINT( '', #11034 );
#8749 = LINE( '', #11035, #11036 );
#8750 = VERTEX_POINT( '', #11037 );
#8751 = LINE( '', #11038, #11039 );
#8752 = LINE( '', #11040, #11041 );
#8753 = FILL_AREA_STYLE_COLOUR( '', #11042 );
#8754 = VERTEX_POINT( '', #11043 );
#8755 = VERTEX_POINT( '', #11044 );
#8756 = LINE( '', #11045, #11046 );
#8757 = VERTEX_POINT( '', #11047 );
#8758 = LINE( '', #11048, #11049 );
#8759 = VERTEX_POINT( '', #11050 );
#8760 = LINE( '', #11051, #11052 );
#8761 = VERTEX_POINT( '', #11053 );
#8762 = LINE( '', #11054, #11055 );
#8763 = LINE( '', #11056, #11057 );
#8764 = FILL_AREA_STYLE_COLOUR( '', #11058 );
#8765 = VERTEX_POINT( '', #11059 );
#8766 = VERTEX_POINT( '', #11060 );
#8767 = LINE( '', #11061, #11062 );
#8768 = VERTEX_POINT( '', #11063 );
#8769 = LINE( '', #11064, #11065 );
#8770 = VERTEX_POINT( '', #11066 );
#8771 = LINE( '', #11067, #11068 );
#8772 = LINE( '', #11069, #11070 );
#8773 = FILL_AREA_STYLE_COLOUR( '', #11071 );
#8774 = VERTEX_POINT( '', #11072 );
#8775 = VERTEX_POINT( '', #11073 );
#8776 = LINE( '', #11074, #11075 );
#8777 = VERTEX_POINT( '', #11076 );
#8778 = LINE( '', #11077, #11078 );
#8779 = LINE( '', #11079, #11080 );
#8780 = VERTEX_POINT( '', #11081 );
#8781 = LINE( '', #11082, #11083 );
#8782 = VERTEX_POINT( '', #11084 );
#8783 = LINE( '', #11085, #11086 );
#8784 = LINE( '', #11087, #11088 );
#8785 = FILL_AREA_STYLE_COLOUR( '', #11089 );
#8786 = VERTEX_POINT( '', #11090 );
#8787 = VERTEX_POINT( '', #11091 );
#8788 = LINE( '', #11092, #11093 );
#8789 = VERTEX_POINT( '', #11094 );
#8790 = LINE( '', #11095, #11096 );
#8791 = VERTEX_POINT( '', #11097 );
#8792 = LINE( '', #11098, #11099 );
#8793 = LINE( '', #11100, #11101 );
#8794 = FILL_AREA_STYLE_COLOUR( '', #11102 );
#8795 = LINE( '', #11103, #11104 );
#8796 = LINE( '', #11105, #11106 );
#8797 = FILL_AREA_STYLE_COLOUR( '', #11107 );
#8798 = VERTEX_POINT( '', #11108 );
#8799 = VERTEX_POINT( '', #11109 );
#8800 = LINE( '', #11110, #11111 );
#8801 = VERTEX_POINT( '', #11112 );
#8802 = LINE( '', #11113, #11114 );
#8803 = VERTEX_POINT( '', #11115 );
#8804 = LINE( '', #11116, #11117 );
#8805 = LINE( '', #11118, #11119 );
#8806 = FILL_AREA_STYLE_COLOUR( '', #11120 );
#8807 = VERTEX_POINT( '', #11121 );
#8808 = LINE( '', #11122, #11123 );
#8809 = VERTEX_POINT( '', #11124 );
#8810 = LINE( '', #11125, #11126 );
#8811 = LINE( '', #11127, #11128 );
#8812 = FILL_AREA_STYLE_COLOUR( '', #11129 );
#8813 = VERTEX_POINT( '', #11130 );
#8814 = VERTEX_POINT( '', #11131 );
#8815 = LINE( '', #11132, #11133 );
#8816 = VERTEX_POINT( '', #11134 );
#8817 = LINE( '', #11135, #11136 );
#8818 = VERTEX_POINT( '', #11137 );
#8819 = LINE( '', #11138, #11139 );
#8820 = LINE( '', #11140, #11141 );
#8821 = FILL_AREA_STYLE_COLOUR( '', #11142 );
#8822 = VERTEX_POINT( '', #11143 );
#8823 = VERTEX_POINT( '', #11144 );
#8824 = LINE( '', #11145, #11146 );
#8825 = VERTEX_POINT( '', #11147 );
#8826 = LINE( '', #11148, #11149 );
#8827 = VERTEX_POINT( '', #11150 );
#8828 = LINE( '', #11151, #11152 );
#8829 = LINE( '', #11153, #11154 );
#8830 = FILL_AREA_STYLE_COLOUR( '', #11155 );
#8831 = VERTEX_POINT( '', #11156 );
#8832 = VERTEX_POINT( '', #11157 );
#8833 = LINE( '', #11158, #11159 );
#8834 = VERTEX_POINT( '', #11160 );
#8835 = LINE( '', #11161, #11162 );
#8836 = VERTEX_POINT( '', #11163 );
#8837 = LINE( '', #11164, #11165 );
#8838 = LINE( '', #11166, #11167 );
#8839 = FILL_AREA_STYLE_COLOUR( '', #11168 );
#8840 = VERTEX_POINT( '', #11169 );
#8841 = LINE( '', #11170, #11171 );
#8842 = VERTEX_POINT( '', #11172 );
#8843 = LINE( '', #11173, #11174 );
#8844 = LINE( '', #11175, #11176 );
#8845 = FILL_AREA_STYLE_COLOUR( '', #11177 );
#8846 = VERTEX_POINT( '', #11178 );
#8847 = VERTEX_POINT( '', #11179 );
#8848 = LINE( '', #11180, #11181 );
#8849 = LINE( '', #11182, #11183 );
#8850 = LINE( '', #11184, #11185 );
#8851 = VERTEX_POINT( '', #11186 );
#8852 = VERTEX_POINT( '', #11187 );
#8853 = LINE( '', #11188, #11189 );
#8854 = VERTEX_POINT( '', #11190 );
#8855 = LINE( '', #11191, #11192 );
#8856 = VERTEX_POINT( '', #11193 );
#8857 = LINE( '', #11194, #11195 );
#8858 = LINE( '', #11196, #11197 );
#8859 = FILL_AREA_STYLE_COLOUR( '', #11198 );
#8860 = VERTEX_POINT( '', #11199 );
#8861 = VERTEX_POINT( '', #11200 );
#8862 = LINE( '', #11201, #11202 );
#8863 = VERTEX_POINT( '', #11203 );
#8864 = LINE( '', #11204, #11205 );
#8865 = VERTEX_POINT( '', #11206 );
#8866 = LINE( '', #11207, #11208 );
#8867 = LINE( '', #11209, #11210 );
#8868 = VERTEX_POINT( '', #11211 );
#8869 = VERTEX_POINT( '', #11212 );
#8870 = LINE( '', #11213, #11214 );
#8871 = VERTEX_POINT( '', #11215 );
#8872 = LINE( '', #11216, #11217 );
#8873 = VERTEX_POINT( '', #11218 );
#8874 = LINE( '', #11219, #11220 );
#8875 = LINE( '', #11221, #11222 );
#8876 = FILL_AREA_STYLE_COLOUR( '', #11223 );
#8877 = VERTEX_POINT( '', #11224 );
#8878 = LINE( '', #11225, #11226 );
#8879 = VERTEX_POINT( '', #11227 );
#8880 = LINE( '', #11228, #11229 );
#8881 = LINE( '', #11230, #11231 );
#8882 = FILL_AREA_STYLE_COLOUR( '', #11232 );
#8883 = VERTEX_POINT( '', #11233 );
#8884 = VERTEX_POINT( '', #11234 );
#8885 = LINE( '', #11235, #11236 );
#8886 = LINE( '', #11237, #11238 );
#8887 = LINE( '', #11239, #11240 );
#8888 = FILL_AREA_STYLE_COLOUR( '', #11241 );
#8889 = VERTEX_POINT( '', #11242 );
#8890 = VERTEX_POINT( '', #11243 );
#8891 = LINE( '', #11244, #11245 );
#8892 = VERTEX_POINT( '', #11246 );
#8893 = LINE( '', #11247, #11248 );
#8894 = VERTEX_POINT( '', #11249 );
#8895 = LINE( '', #11250, #11251 );
#8896 = VERTEX_POINT( '', #11252 );
#8897 = LINE( '', #11253, #11254 );
#8898 = LINE( '', #11255, #11256 );
#8899 = FILL_AREA_STYLE_COLOUR( '', #11257 );
#8900 = VERTEX_POINT( '', #11258 );
#8901 = LINE( '', #11259, #11260 );
#8902 = VERTEX_POINT( '', #11261 );
#8903 = LINE( '', #11262, #11263 );
#8904 = VERTEX_POINT( '', #11264 );
#8905 = LINE( '', #11265, #11266 );
#8906 = VERTEX_POINT( '', #11267 );
#8907 = LINE( '', #11268, #11269 );
#8908 = VERTEX_POINT( '', #11270 );
#8909 = LINE( '', #11271, #11272 );
#8910 = LINE( '', #11273, #11274 );
#8911 = VERTEX_POINT( '', #11275 );
#8912 = LINE( '', #11276, #11277 );
#8913 = LINE( '', #11278, #11279 );
#8914 = FILL_AREA_STYLE_COLOUR( '', #11280 );
#8915 = VERTEX_POINT( '', #11281 );
#8916 = VERTEX_POINT( '', #11282 );
#8917 = LINE( '', #11283, #11284 );
#8918 = VERTEX_POINT( '', #11285 );
#8919 = LINE( '', #11286, #11287 );
#8920 = VERTEX_POINT( '', #11288 );
#8921 = LINE( '', #11289, #11290 );
#8922 = LINE( '', #11291, #11292 );
#8923 = FILL_AREA_STYLE_COLOUR( '', #11293 );
#8924 = VERTEX_POINT( '', #11294 );
#8925 = VERTEX_POINT( '', #11295 );
#8926 = LINE( '', #11296, #11297 );
#8927 = VERTEX_POINT( '', #11298 );
#8928 = LINE( '', #11299, #11300 );
#8929 = VERTEX_POINT( '', #11301 );
#8930 = LINE( '', #11302, #11303 );
#8931 = LINE( '', #11304, #11305 );
#8932 = FILL_AREA_STYLE_COLOUR( '', #11306 );
#8933 = VERTEX_POINT( '', #11307 );
#8934 = VERTEX_POINT( '', #11308 );
#8935 = LINE( '', #11309, #11310 );
#8936 = VERTEX_POINT( '', #11311 );
#8937 = LINE( '', #11312, #11313 );
#8938 = VERTEX_POINT( '', #11314 );
#8939 = LINE( '', #11315, #11316 );
#8940 = LINE( '', #11317, #11318 );
#8941 = FILL_AREA_STYLE_COLOUR( '', #11319 );
#8942 = VERTEX_POINT( '', #11320 );
#8943 = VERTEX_POINT( '', #11321 );
#8944 = LINE( '', #11322, #11323 );
#8945 = VERTEX_POINT( '', #11324 );
#8946 = LINE( '', #11325, #11326 );
#8947 = VERTEX_POINT( '', #11327 );
#8948 = LINE( '', #11328, #11329 );
#8949 = LINE( '', #11330, #11331 );
#8950 = FILL_AREA_STYLE_COLOUR( '', #11332 );
#8951 = VERTEX_POINT( '', #11333 );
#8952 = VERTEX_POINT( '', #11334 );
#8953 = LINE( '', #11335, #11336 );
#8954 = VERTEX_POINT( '', #11337 );
#8955 = LINE( '', #11338, #11339 );
#8956 = VERTEX_POINT( '', #11340 );
#8957 = LINE( '', #11341, #11342 );
#8958 = LINE( '', #11343, #11344 );
#8959 = FILL_AREA_STYLE_COLOUR( '', #11345 );
#8960 = VERTEX_POINT( '', #11346 );
#8961 = VERTEX_POINT( '', #11347 );
#8962 = LINE( '', #11348, #11349 );
#8963 = VERTEX_POINT( '', #11350 );
#8964 = LINE( '', #11351, #11352 );
#8965 = VERTEX_POINT( '', #11353 );
#8966 = LINE( '', #11354, #11355 );
#8967 = LINE( '', #11356, #11357 );
#8968 = FILL_AREA_STYLE_COLOUR( '', #11358 );
#8969 = VERTEX_POINT( '', #11359 );
#8970 = VERTEX_POINT( '', #11360 );
#8971 = LINE( '', #11361, #11362 );
#8972 = VERTEX_POINT( '', #11363 );
#8973 = LINE( '', #11364, #11365 );
#8974 = VERTEX_POINT( '', #11366 );
#8975 = LINE( '', #11367, #11368 );
#8976 = LINE( '', #11369, #11370 );
#8977 = FILL_AREA_STYLE_COLOUR( '', #11371 );
#8978 = VERTEX_POINT( '', #11372 );
#8979 = LINE( '', #11373, #11374 );
#8980 = LINE( '', #11375, #11376 );
#8981 = FILL_AREA_STYLE_COLOUR( '', #11377 );
#8982 = VERTEX_POINT( '', #11378 );
#8983 = LINE( '', #11379, #11380 );
#8984 = VERTEX_POINT( '', #11381 );
#8985 = LINE( '', #11382, #11383 );
#8986 = LINE( '', #11384, #11385 );
#8987 = FILL_AREA_STYLE_COLOUR( '', #11386 );
#8988 = VERTEX_POINT( '', #11387 );
#8989 = VERTEX_POINT( '', #11388 );
#8990 = LINE( '', #11389, #11390 );
#8991 = VERTEX_POINT( '', #11391 );
#8992 = LINE( '', #11392, #11393 );
#8993 = VERTEX_POINT( '', #11394 );
#8994 = LINE( '', #11395, #11396 );
#8995 = LINE( '', #11397, #11398 );
#8996 = FILL_AREA_STYLE_COLOUR( '', #11399 );
#8997 = VERTEX_POINT( '', #11400 );
#8998 = VERTEX_POINT( '', #11401 );
#8999 = LINE( '', #11402, #11403 );
#9000 = LINE( '', #11404, #11405 );
#9001 = VERTEX_POINT( '', #11406 );
#9002 = LINE( '', #11407, #11408 );
#9003 = VERTEX_POINT( '', #11409 );
#9004 = LINE( '', #11410, #11411 );
#9005 = VERTEX_POINT( '', #11412 );
#9006 = LINE( '', #11413, #11414 );
#9007 = LINE( '', #11415, #11416 );
#9008 = FILL_AREA_STYLE_COLOUR( '', #11417 );
#9009 = VERTEX_POINT( '', #11418 );
#9010 = VERTEX_POINT( '', #11419 );
#9011 = LINE( '', #11420, #11421 );
#9012 = VERTEX_POINT( '', #11422 );
#9013 = LINE( '', #11423, #11424 );
#9014 = VERTEX_POINT( '', #11425 );
#9015 = LINE( '', #11426, #11427 );
#9016 = LINE( '', #11428, #11429 );
#9017 = FILL_AREA_STYLE_COLOUR( '', #11430 );
#9018 = VERTEX_POINT( '', #11431 );
#9019 = LINE( '', #11432, #11433 );
#9020 = VERTEX_POINT( '', #11434 );
#9021 = LINE( '', #11435, #11436 );
#9022 = LINE( '', #11437, #11438 );
#9023 = VERTEX_POINT( '', #11439 );
#9024 = LINE( '', #11440, #11441 );
#9025 = VERTEX_POINT( '', #11442 );
#9026 = LINE( '', #11443, #11444 );
#9027 = VERTEX_POINT( '', #11445 );
#9028 = LINE( '', #11446, #11447 );
#9029 = VERTEX_POINT( '', #11448 );
#9030 = LINE( '', #11449, #11450 );
#9031 = LINE( '', #11451, #11452 );
#9032 = LINE( '', #11453, #11454 );
#9033 = FILL_AREA_STYLE_COLOUR( '', #11455 );
#9034 = VERTEX_POINT( '', #11456 );
#9035 = LINE( '', #11457, #11458 );
#9036 = VERTEX_POINT( '', #11459 );
#9037 = LINE( '', #11460, #11461 );
#9038 = LINE( '', #11462, #11463 );
#9039 = VERTEX_POINT( '', #11464 );
#9040 = LINE( '', #11465, #11466 );
#9041 = VERTEX_POINT( '', #11467 );
#9042 = LINE( '', #11468, #11469 );
#9043 = LINE( '', #11470, #11471 );
#9044 = FILL_AREA_STYLE_COLOUR( '', #11472 );
#9045 = VERTEX_POINT( '', #11473 );
#9046 = LINE( '', #11474, #11475 );
#9047 = VERTEX_POINT( '', #11476 );
#9048 = LINE( '', #11477, #11478 );
#9049 = LINE( '', #11479, #11480 );
#9050 = FILL_AREA_STYLE_COLOUR( '', #11481 );
#9051 = VERTEX_POINT( '', #11482 );
#9052 = LINE( '', #11483, #11484 );
#9053 = VERTEX_POINT( '', #11485 );
#9054 = LINE( '', #11486, #11487 );
#9055 = LINE( '', #11488, #11489 );
#9056 = VERTEX_POINT( '', #11490 );
#9057 = LINE( '', #11491, #11492 );
#9058 = VERTEX_POINT( '', #11493 );
#9059 = LINE( '', #11494, #11495 );
#9060 = VERTEX_POINT( '', #11496 );
#9061 = LINE( '', #11497, #11498 );
#9062 = LINE( '', #11499, #11500 );
#9063 = FILL_AREA_STYLE_COLOUR( '', #11501 );
#9064 = VERTEX_POINT( '', #11502 );
#9065 = LINE( '', #11503, #11504 );
#9066 = VERTEX_POINT( '', #11505 );
#9067 = LINE( '', #11506, #11507 );
#9068 = LINE( '', #11508, #11509 );
#9069 = FILL_AREA_STYLE_COLOUR( '', #11510 );
#9070 = LINE( '', #11511, #11512 );
#9071 = LINE( '', #11513, #11514 );
#9072 = FILL_AREA_STYLE_COLOUR( '', #11515 );
#9073 = VERTEX_POINT( '', #11516 );
#9074 = LINE( '', #11517, #11518 );
#9075 = VERTEX_POINT( '', #11519 );
#9076 = LINE( '', #11520, #11521 );
#9077 = LINE( '', #11522, #11523 );
#9078 = VERTEX_POINT( '', #11524 );
#9079 = VERTEX_POINT( '', #11525 );
#9080 = LINE( '', #11526, #11527 );
#9081 = VERTEX_POINT( '', #11528 );
#9082 = LINE( '', #11529, #11530 );
#9083 = VERTEX_POINT( '', #11531 );
#9084 = LINE( '', #11532, #11533 );
#9085 = LINE( '', #11534, #11535 );
#9086 = FILL_AREA_STYLE_COLOUR( '', #11536 );
#9087 = VERTEX_POINT( '', #11537 );
#9088 = VERTEX_POINT( '', #11538 );
#9089 = LINE( '', #11539, #11540 );
#9090 = VERTEX_POINT( '', #11541 );
#9091 = LINE( '', #11542, #11543 );
#9092 = VERTEX_POINT( '', #11544 );
#9093 = LINE( '', #11545, #11546 );
#9094 = LINE( '', #11547, #11548 );
#9095 = VERTEX_POINT( '', #11549 );
#9096 = LINE( '', #11550, #11551 );
#9097 = VERTEX_POINT( '', #11552 );
#9098 = LINE( '', #11553, #11554 );
#9099 = LINE( '', #11555, #11556 );
#9100 = FILL_AREA_STYLE_COLOUR( '', #11557 );
#9101 = VERTEX_POINT( '', #11558 );
#9102 = VERTEX_POINT( '', #11559 );
#9103 = LINE( '', #11560, #11561 );
#9104 = VERTEX_POINT( '', #11562 );
#9105 = LINE( '', #11563, #11564 );
#9106 = VERTEX_POINT( '', #11565 );
#9107 = LINE( '', #11566, #11567 );
#9108 = LINE( '', #11568, #11569 );
#9109 = FILL_AREA_STYLE_COLOUR( '', #11570 );
#9110 = VERTEX_POINT( '', #11571 );
#9111 = LINE( '', #11572, #11573 );
#9112 = VERTEX_POINT( '', #11574 );
#9113 = LINE( '', #11575, #11576 );
#9114 = LINE( '', #11577, #11578 );
#9115 = FILL_AREA_STYLE_COLOUR( '', #11579 );
#9116 = VERTEX_POINT( '', #11580 );
#9117 = VERTEX_POINT( '', #11581 );
#9118 = LINE( '', #11582, #11583 );
#9119 = VERTEX_POINT( '', #11584 );
#9120 = CIRCLE( '', #11585, 0.0250000000000000 );
#9121 = VERTEX_POINT( '', #11586 );
#9122 = LINE( '', #11587, #11588 );
#9123 = ELLIPSE( '', #11589, 0.0353553391000000, 0.0250000000000000 );
#9124 = FILL_AREA_STYLE_COLOUR( '', #11590 );
#9125 = VERTEX_POINT( '', #11591 );
#9126 = VERTEX_POINT( '', #11592 );
#9127 = LINE( '', #11593, #11594 );
#9128 = VERTEX_POINT( '', #11595 );
#9129 = LINE( '', #11596, #11597 );
#9130 = VERTEX_POINT( '', #11598 );
#9131 = LINE( '', #11599, #11600 );
#9132 = VERTEX_POINT( '', #11601 );
#9133 = LINE( '', #11602, #11603 );
#9134 = VERTEX_POINT( '', #11604 );
#9135 = LINE( '', #11605, #11606 );
#9136 = LINE( '', #11607, #11608 );
#9137 = FILL_AREA_STYLE_COLOUR( '', #11609 );
#9138 = VERTEX_POINT( '', #11610 );
#9139 = VERTEX_POINT( '', #11611 );
#9140 = LINE( '', #11612, #11613 );
#9141 = LINE( '', #11614, #11615 );
#9142 = LINE( '', #11616, #11617 );
#9143 = FILL_AREA_STYLE_COLOUR( '', #11618 );
#9144 = VERTEX_POINT( '', #11619 );
#9145 = VERTEX_POINT( '', #11620 );
#9146 = LINE( '', #11621, #11622 );
#9147 = VERTEX_POINT( '', #11623 );
#9148 = LINE( '', #11624, #11625 );
#9149 = VERTEX_POINT( '', #11626 );
#9150 = LINE( '', #11627, #11628 );
#9151 = VERTEX_POINT( '', #11629 );
#9152 = LINE( '', #11630, #11631 );
#9153 = VERTEX_POINT( '', #11632 );
#9154 = LINE( '', #11633, #11634 );
#9155 = LINE( '', #11635, #11636 );
#9156 = LINE( '', #11637, #11638 );
#9157 = FILL_AREA_STYLE_COLOUR( '', #11639 );
#9158 = VERTEX_POINT( '', #11640 );
#9159 = LINE( '', #11641, #11642 );
#9160 = LINE( '', #11643, #11644 );
#9161 = FILL_AREA_STYLE_COLOUR( '', #11645 );
#9162 = VERTEX_POINT( '', #11646 );
#9163 = LINE( '', #11647, #11648 );
#9164 = VERTEX_POINT( '', #11649 );
#9165 = LINE( '', #11650, #11651 );
#9166 = LINE( '', #11652, #11653 );
#9167 = FILL_AREA_STYLE_COLOUR( '', #11654 );
#9168 = VERTEX_POINT( '', #11655 );
#9169 = LINE( '', #11656, #11657 );
#9170 = VERTEX_POINT( '', #11658 );
#9171 = ELLIPSE( '', #11659, 0.0353553391000000, 0.0250000000000000 );
#9172 = VERTEX_POINT( '', #11660 );
#9173 = LINE( '', #11661, #11662 );
#9174 = ELLIPSE( '', #11663, 0.0353553391000000, 0.0250000000000000 );
#9175 = FILL_AREA_STYLE_COLOUR( '', #11664 );
#9176 = VERTEX_POINT( '', #11665 );
#9177 = LINE( '', #11666, #11667 );
#9178 = VERTEX_POINT( '', #11668 );
#9179 = LINE( '', #11669, #11670 );
#9180 = VERTEX_POINT( '', #11671 );
#9181 = LINE( '', #11672, #11673 );
#9182 = LINE( '', #11674, #11675 );
#9183 = FILL_AREA_STYLE_COLOUR( '', #11676 );
#9184 = VERTEX_POINT( '', #11677 );
#9185 = VERTEX_POINT( '', #11678 );
#9186 = LINE( '', #11679, #11680 );
#9187 = VERTEX_POINT( '', #11681 );
#9188 = LINE( '', #11682, #11683 );
#9189 = VERTEX_POINT( '', #11684 );
#9190 = LINE( '', #11685, #11686 );
#9191 = LINE( '', #11687, #11688 );
#9192 = FILL_AREA_STYLE_COLOUR( '', #11689 );
#9193 = VERTEX_POINT( '', #11690 );
#9194 = VERTEX_POINT( '', #11691 );
#9195 = LINE( '', #11692, #11693 );
#9196 = VERTEX_POINT( '', #11694 );
#9197 = LINE( '', #11695, #11696 );
#9198 = VERTEX_POINT( '', #11697 );
#9199 = LINE( '', #11698, #11699 );
#9200 = VERTEX_POINT( '', #11700 );
#9201 = LINE( '', #11701, #11702 );
#9202 = LINE( '', #11703, #11704 );
#9203 = FILL_AREA_STYLE_COLOUR( '', #11705 );
#9204 = VERTEX_POINT( '', #11706 );
#9205 = VERTEX_POINT( '', #11707 );
#9206 = LINE( '', #11708, #11709 );
#9207 = LINE( '', #11710, #11711 );
#9208 = LINE( '', #11712, #11713 );
#9209 = FILL_AREA_STYLE_COLOUR( '', #11714 );
#9210 = VERTEX_POINT( '', #11715 );
#9211 = VERTEX_POINT( '', #11716 );
#9212 = LINE( '', #11717, #11718 );
#9213 = VERTEX_POINT( '', #11719 );
#9214 = LINE( '', #11720, #11721 );
#9215 = VERTEX_POINT( '', #11722 );
#9216 = LINE( '', #11723, #11724 );
#9217 = LINE( '', #11725, #11726 );
#9218 = FILL_AREA_STYLE_COLOUR( '', #11727 );
#9219 = VERTEX_POINT( '', #11728 );
#9220 = LINE( '', #11729, #11730 );
#9221 = VERTEX_POINT( '', #11731 );
#9222 = LINE( '', #11732, #11733 );
#9223 = LINE( '', #11734, #11735 );
#9224 = FILL_AREA_STYLE_COLOUR( '', #11736 );
#9225 = VERTEX_POINT( '', #11737 );
#9226 = LINE( '', #11738, #11739 );
#9227 = LINE( '', #11740, #11741 );
#9228 = FILL_AREA_STYLE_COLOUR( '', #11742 );
#9229 = VERTEX_POINT( '', #11743 );
#9230 = VERTEX_POINT( '', #11744 );
#9231 = LINE( '', #11745, #11746 );
#9232 = VERTEX_POINT( '', #11747 );
#9233 = LINE( '', #11748, #11749 );
#9234 = VERTEX_POINT( '', #11750 );
#9235 = LINE( '', #11751, #11752 );
#9236 = LINE( '', #11753, #11754 );
#9237 = FILL_AREA_STYLE_COLOUR( '', #11755 );
#9238 = VERTEX_POINT( '', #11756 );
#9239 = VERTEX_POINT( '', #11757 );
#9240 = LINE( '', #11758, #11759 );
#9241 = VERTEX_POINT( '', #11760 );
#9242 = LINE( '', #11761, #11762 );
#9243 = VERTEX_POINT( '', #11763 );
#9244 = LINE( '', #11764, #11765 );
#9245 = LINE( '', #11766, #11767 );
#9246 = FILL_AREA_STYLE_COLOUR( '', #11768 );
#9247 = VERTEX_POINT( '', #11769 );
#9248 = LINE( '', #11770, #11771 );
#9249 = VERTEX_POINT( '', #11772 );
#9250 = LINE( '', #11773, #11774 );
#9251 = LINE( '', #11775, #11776 );
#9252 = VERTEX_POINT( '', #11777 );
#9253 = VERTEX_POINT( '', #11778 );
#9254 = LINE( '', #11779, #11780 );
#9255 = VERTEX_POINT( '', #11781 );
#9256 = LINE( '', #11782, #11783 );
#9257 = VERTEX_POINT( '', #11784 );
#9258 = LINE( '', #11785, #11786 );
#9259 = LINE( '', #11787, #11788 );
#9260 = FILL_AREA_STYLE_COLOUR( '', #11789 );
#9261 = VERTEX_POINT( '', #11790 );
#9262 = LINE( '', #11791, #11792 );
#9263 = VERTEX_POINT( '', #11793 );
#9264 = LINE( '', #11794, #11795 );
#9265 = VERTEX_POINT( '', #11796 );
#9266 = LINE( '', #11797, #11798 );
#9267 = VERTEX_POINT( '', #11799 );
#9268 = LINE( '', #11800, #11801 );
#9269 = VERTEX_POINT( '', #11802 );
#9270 = LINE( '', #11803, #11804 );
#9271 = LINE( '', #11805, #11806 );
#9272 = VERTEX_POINT( '', #11807 );
#9273 = LINE( '', #11808, #11809 );
#9274 = LINE( '', #11810, #11811 );
#9275 = FILL_AREA_STYLE_COLOUR( '', #11812 );
#9276 = VERTEX_POINT( '', #11813 );
#9277 = LINE( '', #11814, #11815 );
#9278 = VERTEX_POINT( '', #11816 );
#9279 = LINE( '', #11817, #11818 );
#9280 = LINE( '', #11819, #11820 );
#9281 = FILL_AREA_STYLE_COLOUR( '', #11821 );
#9282 = VERTEX_POINT( '', #11822 );
#9283 = LINE( '', #11823, #11824 );
#9284 = VERTEX_POINT( '', #11825 );
#9285 = LINE( '', #11826, #11827 );
#9286 = LINE( '', #11828, #11829 );
#9287 = FILL_AREA_STYLE_COLOUR( '', #11830 );
#9288 = VERTEX_POINT( '', #11831 );
#9289 = VERTEX_POINT( '', #11832 );
#9290 = LINE( '', #11833, #11834 );
#9291 = LINE( '', #11835, #11836 );
#9292 = LINE( '', #11837, #11838 );
#9293 = FILL_AREA_STYLE_COLOUR( '', #11839 );
#9294 = VERTEX_POINT( '', #11840 );
#9295 = VERTEX_POINT( '', #11841 );
#9296 = LINE( '', #11842, #11843 );
#9297 = LINE( '', #11844, #11845 );
#9298 = LINE( '', #11846, #11847 );
#9299 = FILL_AREA_STYLE_COLOUR( '', #11848 );
#9300 = VERTEX_POINT( '', #11849 );
#9301 = LINE( '', #11850, #11851 );
#9302 = VERTEX_POINT( '', #11852 );
#9303 = LINE( '', #11853, #11854 );
#9304 = LINE( '', #11855, #11856 );
#9305 = FILL_AREA_STYLE_COLOUR( '', #11857 );
#9306 = VERTEX_POINT( '', #11858 );
#9307 = LINE( '', #11859, #11860 );
#9308 = VERTEX_POINT( '', #11861 );
#9309 = LINE( '', #11862, #11863 );
#9310 = LINE( '', #11864, #11865 );
#9311 = FILL_AREA_STYLE_COLOUR( '', #11866 );
#9312 = VERTEX_POINT( '', #11867 );
#9313 = LINE( '', #11868, #11869 );
#9314 = VERTEX_POINT( '', #11870 );
#9315 = CIRCLE( '', #11871, 0.0250000000000000 );
#9316 = LINE( '', #11872, #11873 );
#9317 = VERTEX_POINT( '', #11874 );
#9318 = LINE( '', #11875, #11876 );
#9319 = VERTEX_POINT( '', #11877 );
#9320 = LINE( '', #11878, #11879 );
#9321 = VERTEX_POINT( '', #11880 );
#9322 = LINE( '', #11881, #11882 );
#9323 = VERTEX_POINT( '', #11883 );
#9324 = LINE( '', #11884, #11885 );
#9325 = LINE( '', #11886, #11887 );
#9326 = FILL_AREA_STYLE_COLOUR( '', #11888 );
#9327 = VERTEX_POINT( '', #11889 );
#9328 = LINE( '', #11890, #11891 );
#9329 = LINE( '', #11892, #11893 );
#9330 = FILL_AREA_STYLE_COLOUR( '', #11894 );
#9331 = VERTEX_POINT( '', #11895 );
#9332 = LINE( '', #11896, #11897 );
#9333 = LINE( '', #11898, #11899 );
#9334 = LINE( '', #11900, #11901 );
#9335 = FILL_AREA_STYLE_COLOUR( '', #11902 );
#9336 = VERTEX_POINT( '', #11903 );
#9337 = VERTEX_POINT( '', #11904 );
#9338 = LINE( '', #11905, #11906 );
#9339 = VERTEX_POINT( '', #11907 );
#9340 = LINE( '', #11908, #11909 );
#9341 = VERTEX_POINT( '', #11910 );
#9342 = LINE( '', #11911, #11912 );
#9343 = VERTEX_POINT( '', #11913 );
#9344 = LINE( '', #11914, #11915 );
#9345 = VERTEX_POINT( '', #11916 );
#9346 = LINE( '', #11917, #11918 );
#9347 = VERTEX_POINT( '', #11919 );
#9348 = LINE( '', #11920, #11921 );
#9349 = VERTEX_POINT( '', #11922 );
#9350 = LINE( '', #11923, #11924 );
#9351 = LINE( '', #11925, #11926 );
#9352 = VERTEX_POINT( '', #11927 );
#9353 = LINE( '', #11928, #11929 );
#9354 = VERTEX_POINT( '', #11930 );
#9355 = LINE( '', #11931, #11932 );
#9356 = LINE( '', #11933, #11934 );
#9357 = FILL_AREA_STYLE_COLOUR( '', #11935 );
#9358 = VERTEX_POINT( '', #11936 );
#9359 = VERTEX_POINT( '', #11937 );
#9360 = LINE( '', #11938, #11939 );
#9361 = VERTEX_POINT( '', #11940 );
#9362 = LINE( '', #11941, #11942 );
#9363 = VERTEX_POINT( '', #11943 );
#9364 = LINE( '', #11944, #11945 );
#9365 = LINE( '', #11946, #11947 );
#9366 = FILL_AREA_STYLE_COLOUR( '', #11948 );
#9367 = VERTEX_POINT( '', #11949 );
#9368 = LINE( '', #11950, #11951 );
#9369 = LINE( '', #11952, #11953 );
#9370 = FILL_AREA_STYLE_COLOUR( '', #11954 );
#9371 = LINE( '', #11955, #11956 );
#9372 = LINE( '', #11957, #11958 );
#9373 = VERTEX_POINT( '', #11959 );
#9374 = VERTEX_POINT( '', #11960 );
#9375 = LINE( '', #11961, #11962 );
#9376 = LINE( '', #11963, #11964 );
#9377 = LINE( '', #11965, #11966 );
#9378 = VERTEX_POINT( '', #11967 );
#9379 = VERTEX_POINT( '', #11968 );
#9380 = LINE( '', #11969, #11970 );
#9381 = VERTEX_POINT( '', #11971 );
#9382 = LINE( '', #11972, #11973 );
#9383 = VERTEX_POINT( '', #11974 );
#9384 = LINE( '', #11975, #11976 );
#9385 = VERTEX_POINT( '', #11977 );
#9386 = LINE( '', #11978, #11979 );
#9387 = LINE( '', #11980, #11981 );
#9388 = LINE( '', #11982, #11983 );
#9389 = VERTEX_POINT( '', #11984 );
#9390 = LINE( '', #11985, #11986 );
#9391 = VERTEX_POINT( '', #11987 );
#9392 = LINE( '', #11988, #11989 );
#9393 = LINE( '', #11990, #11991 );
#9394 = VERTEX_POINT( '', #11992 );
#9395 = LINE( '', #11993, #11994 );
#9396 = VERTEX_POINT( '', #11995 );
#9397 = LINE( '', #11996, #11997 );
#9398 = VERTEX_POINT( '', #11998 );
#9399 = LINE( '', #11999, #12000 );
#9400 = VERTEX_POINT( '', #12001 );
#9401 = LINE( '', #12002, #12003 );
#9402 = VERTEX_POINT( '', #12004 );
#9403 = LINE( '', #12005, #12006 );
#9404 = VERTEX_POINT( '', #12007 );
#9405 = LINE( '', #12008, #12009 );
#9406 = LINE( '', #12010, #12011 );
#9407 = FILL_AREA_STYLE_COLOUR( '', #12012 );
#9408 = VERTEX_POINT( '', #12013 );
#9409 = LINE( '', #12014, #12015 );
#9410 = LINE( '', #12016, #12017 );
#9411 = FILL_AREA_STYLE_COLOUR( '', #12018 );
#9412 = VERTEX_POINT( '', #12019 );
#9413 = VERTEX_POINT( '', #12020 );
#9414 = LINE( '', #12021, #12022 );
#9415 = VERTEX_POINT( '', #12023 );
#9416 = LINE( '', #12024, #12025 );
#9417 = VERTEX_POINT( '', #12026 );
#9418 = LINE( '', #12027, #12028 );
#9419 = LINE( '', #12029, #12030 );
#9420 = FILL_AREA_STYLE_COLOUR( '', #12031 );
#9421 = VERTEX_POINT( '', #12032 );
#9422 = LINE( '', #12033, #12034 );
#9423 = VERTEX_POINT( '', #12035 );
#9424 = LINE( '', #12036, #12037 );
#9425 = LINE( '', #12038, #12039 );
#9426 = VERTEX_POINT( '', #12040 );
#9427 = LINE( '', #12041, #12042 );
#9428 = VERTEX_POINT( '', #12043 );
#9429 = LINE( '', #12044, #12045 );
#9430 = LINE( '', #12046, #12047 );
#9431 = FILL_AREA_STYLE_COLOUR( '', #12048 );
#9432 = LINE( '', #12049, #12050 );
#9433 = VERTEX_POINT( '', #12051 );
#9434 = LINE( '', #12052, #12053 );
#9435 = LINE( '', #12054, #12055 );
#9436 = LINE( '', #12056, #12057 );
#9437 = VERTEX_POINT( '', #12058 );
#9438 = LINE( '', #12059, #12060 );
#9439 = VERTEX_POINT( '', #12061 );
#9440 = LINE( '', #12062, #12063 );
#9441 = LINE( '', #12064, #12065 );
#9442 = FILL_AREA_STYLE_COLOUR( '', #12066 );
#9443 = VERTEX_POINT( '', #12067 );
#9444 = LINE( '', #12068, #12069 );
#9445 = LINE( '', #12070, #12071 );
#9446 = FILL_AREA_STYLE_COLOUR( '', #12072 );
#9447 = VERTEX_POINT( '', #12073 );
#9448 = LINE( '', #12074, #12075 );
#9449 = LINE( '', #12076, #12077 );
#9450 = FILL_AREA_STYLE_COLOUR( '', #12078 );
#9451 = VERTEX_POINT( '', #12079 );
#9452 = VERTEX_POINT( '', #12080 );
#9453 = LINE( '', #12081, #12082 );
#9454 = LINE( '', #12083, #12084 );
#9455 = LINE( '', #12085, #12086 );
#9456 = LINE( '', #12087, #12088 );
#9457 = FILL_AREA_STYLE_COLOUR( '', #12089 );
#9458 = VERTEX_POINT( '', #12090 );
#9459 = VERTEX_POINT( '', #12091 );
#9460 = LINE( '', #12092, #12093 );
#9461 = LINE( '', #12094, #12095 );
#9462 = LINE( '', #12096, #12097 );
#9463 = FILL_AREA_STYLE_COLOUR( '', #12098 );
#9464 = VERTEX_POINT( '', #12099 );
#9465 = VERTEX_POINT( '', #12100 );
#9466 = LINE( '', #12101, #12102 );
#9467 = VERTEX_POINT( '', #12103 );
#9468 = LINE( '', #12104, #12105 );
#9469 = VERTEX_POINT( '', #12106 );
#9470 = LINE( '', #12107, #12108 );
#9471 = VERTEX_POINT( '', #12109 );
#9472 = LINE( '', #12110, #12111 );
#9473 = LINE( '', #12112, #12113 );
#9474 = FILL_AREA_STYLE_COLOUR( '', #12114 );
#9475 = LINE( '', #12115, #12116 );
#9476 = VERTEX_POINT( '', #12117 );
#9477 = LINE( '', #12118, #12119 );
#9478 = LINE( '', #12120, #12121 );
#9479 = VERTEX_POINT( '', #12122 );
#9480 = LINE( '', #12123, #12124 );
#9481 = VERTEX_POINT( '', #12125 );
#9482 = LINE( '', #12126, #12127 );
#9483 = VERTEX_POINT( '', #12128 );
#9484 = LINE( '', #12129, #12130 );
#9485 = VERTEX_POINT( '', #12131 );
#9486 = LINE( '', #12132, #12133 );
#9487 = LINE( '', #12134, #12135 );
#9488 = VERTEX_POINT( '', #12136 );
#9489 = LINE( '', #12137, #12138 );
#9490 = LINE( '', #12139, #12140 );
#9491 = VERTEX_POINT( '', #12141 );
#9492 = LINE( '', #12142, #12143 );
#9493 = VERTEX_POINT( '', #12144 );
#9494 = LINE( '', #12145, #12146 );
#9495 = LINE( '', #12147, #12148 );
#9496 = FILL_AREA_STYLE_COLOUR( '', #12149 );
#9497 = VERTEX_POINT( '', #12150 );
#9498 = LINE( '', #12151, #12152 );
#9499 = VERTEX_POINT( '', #12153 );
#9500 = LINE( '', #12154, #12155 );
#9501 = LINE( '', #12156, #12157 );
#9502 = FILL_AREA_STYLE_COLOUR( '', #12158 );
#9503 = VERTEX_POINT( '', #12159 );
#9504 = VERTEX_POINT( '', #12160 );
#9505 = LINE( '', #12161, #12162 );
#9506 = VERTEX_POINT( '', #12163 );
#9507 = LINE( '', #12164, #12165 );
#9508 = VERTEX_POINT( '', #12166 );
#9509 = LINE( '', #12167, #12168 );
#9510 = LINE( '', #12169, #12170 );
#9511 = FILL_AREA_STYLE_COLOUR( '', #12171 );
#9512 = VERTEX_POINT( '', #12172 );
#9513 = LINE( '', #12173, #12174 );
#9514 = VERTEX_POINT( '', #12175 );
#9515 = LINE( '', #12176, #12177 );
#9516 = VERTEX_POINT( '', #12178 );
#9517 = LINE( '', #12179, #12180 );
#9518 = LINE( '', #12181, #12182 );
#9519 = FILL_AREA_STYLE_COLOUR( '', #12183 );
#9520 = VERTEX_POINT( '', #12184 );
#9521 = LINE( '', #12185, #12186 );
#9522 = LINE( '', #12187, #12188 );
#9523 = FILL_AREA_STYLE_COLOUR( '', #12189 );
#9524 = VERTEX_POINT( '', #12190 );
#9525 = LINE( '', #12191, #12192 );
#9526 = VERTEX_POINT( '', #12193 );
#9527 = LINE( '', #12194, #12195 );
#9528 = VERTEX_POINT( '', #12196 );
#9529 = LINE( '', #12197, #12198 );
#9530 = LINE( '', #12199, #12200 );
#9531 = FILL_AREA_STYLE_COLOUR( '', #12201 );
#9532 = VERTEX_POINT( '', #12202 );
#9533 = LINE( '', #12203, #12204 );
#9534 = VERTEX_POINT( '', #12205 );
#9535 = LINE( '', #12206, #12207 );
#9536 = LINE( '', #12208, #12209 );
#9537 = FILL_AREA_STYLE_COLOUR( '', #12210 );
#9538 = VERTEX_POINT( '', #12211 );
#9539 = LINE( '', #12212, #12213 );
#9540 = VERTEX_POINT( '', #12214 );
#9541 = LINE( '', #12215, #12216 );
#9542 = LINE( '', #12217, #12218 );
#9543 = FILL_AREA_STYLE_COLOUR( '', #12219 );
#9544 = VERTEX_POINT( '', #12220 );
#9545 = VERTEX_POINT( '', #12221 );
#9546 = LINE( '', #12222, #12223 );
#9547 = LINE( '', #12224, #12225 );
#9548 = LINE( '', #12226, #12227 );
#9549 = LINE( '', #12228, #12229 );
#9550 = FILL_AREA_STYLE_COLOUR( '', #12230 );
#9551 = VERTEX_POINT( '', #12231 );
#9552 = VERTEX_POINT( '', #12232 );
#9553 = LINE( '', #12233, #12234 );
#9554 = VERTEX_POINT( '', #12235 );
#9555 = LINE( '', #12236, #12237 );
#9556 = VERTEX_POINT( '', #12238 );
#9557 = LINE( '', #12239, #12240 );
#9558 = LINE( '', #12241, #12242 );
#9559 = FILL_AREA_STYLE_COLOUR( '', #12243 );
#9560 = VERTEX_POINT( '', #12244 );
#9561 = VERTEX_POINT( '', #12245 );
#9562 = LINE( '', #12246, #12247 );
#9563 = VERTEX_POINT( '', #12248 );
#9564 = LINE( '', #12249, #12250 );
#9565 = VERTEX_POINT( '', #12251 );
#9566 = LINE( '', #12252, #12253 );
#9567 = LINE( '', #12254, #12255 );
#9568 = FILL_AREA_STYLE_COLOUR( '', #12256 );
#9569 = VERTEX_POINT( '', #12257 );
#9570 = VERTEX_POINT( '', #12258 );
#9571 = LINE( '', #12259, #12260 );
#9572 = LINE( '', #12261, #12262 );
#9573 = LINE( '', #12263, #12264 );
#9574 = FILL_AREA_STYLE_COLOUR( '', #12265 );
#9575 = VERTEX_POINT( '', #12266 );
#9576 = LINE( '', #12267, #12268 );
#9577 = VERTEX_POINT( '', #12269 );
#9578 = LINE( '', #12270, #12271 );
#9579 = LINE( '', #12272, #12273 );
#9580 = FILL_AREA_STYLE_COLOUR( '', #12274 );
#9581 = LINE( '', #12275, #12276 );
#9582 = FILL_AREA_STYLE_COLOUR( '', #12277 );
#9583 = VERTEX_POINT( '', #12278 );
#9584 = VERTEX_POINT( '', #12279 );
#9585 = LINE( '', #12280, #12281 );
#9586 = LINE( '', #12282, #12283 );
#9587 = VERTEX_POINT( '', #12284 );
#9588 = LINE( '', #12285, #12286 );
#9589 = VERTEX_POINT( '', #12287 );
#9590 = LINE( '', #12288, #12289 );
#9591 = LINE( '', #12290, #12291 );
#9592 = FILL_AREA_STYLE_COLOUR( '', #12292 );
#9593 = VERTEX_POINT( '', #12293 );
#9594 = VERTEX_POINT( '', #12294 );
#9595 = LINE( '', #12295, #12296 );
#9596 = VERTEX_POINT( '', #12297 );
#9597 = LINE( '', #12298, #12299 );
#9598 = VERTEX_POINT( '', #12300 );
#9599 = LINE( '', #12301, #12302 );
#9600 = LINE( '', #12303, #12304 );
#9601 = FILL_AREA_STYLE_COLOUR( '', #12305 );
#9602 = VERTEX_POINT( '', #12306 );
#9603 = LINE( '', #12307, #12308 );
#9604 = VERTEX_POINT( '', #12309 );
#9605 = LINE( '', #12310, #12311 );
#9606 = VERTEX_POINT( '', #12312 );
#9607 = LINE( '', #12313, #12314 );
#9608 = LINE( '', #12315, #12316 );
#9609 = FILL_AREA_STYLE_COLOUR( '', #12317 );
#9610 = VERTEX_POINT( '', #12318 );
#9611 = VERTEX_POINT( '', #12319 );
#9612 = LINE( '', #12320, #12321 );
#9613 = LINE( '', #12322, #12323 );
#9614 = LINE( '', #12324, #12325 );
#9615 = VERTEX_POINT( '', #12326 );
#9616 = LINE( '', #12327, #12328 );
#9617 = VERTEX_POINT( '', #12329 );
#9618 = LINE( '', #12330, #12331 );
#9619 = LINE( '', #12332, #12333 );
#9620 = FILL_AREA_STYLE_COLOUR( '', #12334 );
#9621 = LINE( '', #12335, #12336 );
#9622 = LINE( '', #12337, #12338 );
#9623 = FILL_AREA_STYLE_COLOUR( '', #12339 );
#9624 = VERTEX_POINT( '', #12340 );
#9625 = VERTEX_POINT( '', #12341 );
#9626 = LINE( '', #12342, #12343 );
#9627 = VERTEX_POINT( '', #12344 );
#9628 = LINE( '', #12345, #12346 );
#9629 = VERTEX_POINT( '', #12347 );
#9630 = LINE( '', #12348, #12349 );
#9631 = VERTEX_POINT( '', #12350 );
#9632 = LINE( '', #12351, #12352 );
#9633 = LINE( '', #12353, #12354 );
#9634 = VERTEX_POINT( '', #12355 );
#9635 = LINE( '', #12356, #12357 );
#9636 = VERTEX_POINT( '', #12358 );
#9637 = LINE( '', #12359, #12360 );
#9638 = LINE( '', #12361, #12362 );
#9639 = FILL_AREA_STYLE_COLOUR( '', #12363 );
#9640 = VERTEX_POINT( '', #12364 );
#9641 = LINE( '', #12365, #12366 );
#9642 = LINE( '', #12367, #12368 );
#9643 = VERTEX_POINT( '', #12369 );
#9644 = LINE( '', #12370, #12371 );
#9645 = LINE( '', #12372, #12373 );
#9646 = FILL_AREA_STYLE_COLOUR( '', #12374 );
#9647 = VERTEX_POINT( '', #12375 );
#9648 = LINE( '', #12376, #12377 );
#9649 = LINE( '', #12378, #12379 );
#9650 = LINE( '', #12380, #12381 );
#9651 = FILL_AREA_STYLE_COLOUR( '', #12382 );
#9652 = VERTEX_POINT( '', #12383 );
#9653 = LINE( '', #12384, #12385 );
#9654 = LINE( '', #12386, #12387 );
#9655 = FILL_AREA_STYLE_COLOUR( '', #12388 );
#9656 = LINE( '', #12389, #12390 );
#9657 = LINE( '', #12391, #12392 );
#9658 = FILL_AREA_STYLE_COLOUR( '', #12393 );
#9659 = LINE( '', #12394, #12395 );
#9660 = LINE( '', #12396, #12397 );
#9661 = FILL_AREA_STYLE_COLOUR( '', #12398 );
#9662 = VERTEX_POINT( '', #12399 );
#9663 = LINE( '', #12400, #12401 );
#9664 = VERTEX_POINT( '', #12402 );
#9665 = LINE( '', #12403, #12404 );
#9666 = LINE( '', #12405, #12406 );
#9667 = FILL_AREA_STYLE_COLOUR( '', #12407 );
#9668 = VERTEX_POINT( '', #12408 );
#9669 = VERTEX_POINT( '', #12409 );
#9670 = LINE( '', #12410, #12411 );
#9671 = LINE( '', #12412, #12413 );
#9672 = VERTEX_POINT( '', #12414 );
#9673 = LINE( '', #12415, #12416 );
#9674 = VERTEX_POINT( '', #12417 );
#9675 = LINE( '', #12418, #12419 );
#9676 = VERTEX_POINT( '', #12420 );
#9677 = LINE( '', #12421, #12422 );
#9678 = VERTEX_POINT( '', #12423 );
#9679 = LINE( '', #12424, #12425 );
#9680 = LINE( '', #12426, #12427 );
#9681 = VERTEX_POINT( '', #12428 );
#9682 = LINE( '', #12429, #12430 );
#9683 = LINE( '', #12431, #12432 );
#9684 = FILL_AREA_STYLE_COLOUR( '', #12433 );
#9685 = VERTEX_POINT( '', #12434 );
#9686 = VERTEX_POINT( '', #12435 );
#9687 = LINE( '', #12436, #12437 );
#9688 = LINE( '', #12438, #12439 );
#9689 = LINE( '', #12440, #12441 );
#9690 = FILL_AREA_STYLE_COLOUR( '', #12442 );
#9691 = VERTEX_POINT( '', #12443 );
#9692 = VERTEX_POINT( '', #12444 );
#9693 = LINE( '', #12445, #12446 );
#9694 = VERTEX_POINT( '', #12447 );
#9695 = LINE( '', #12448, #12449 );
#9696 = VERTEX_POINT( '', #12450 );
#9697 = LINE( '', #12451, #12452 );
#9698 = VERTEX_POINT( '', #12453 );
#9699 = LINE( '', #12454, #12455 );
#9700 = VERTEX_POINT( '', #12456 );
#9701 = LINE( '', #12457, #12458 );
#9702 = VERTEX_POINT( '', #12459 );
#9703 = LINE( '', #12460, #12461 );
#9704 = VERTEX_POINT( '', #12462 );
#9705 = LINE( '', #12463, #12464 );
#9706 = LINE( '', #12465, #12466 );
#9707 = VERTEX_POINT( '', #12467 );
#9708 = LINE( '', #12468, #12469 );
#9709 = VERTEX_POINT( '', #12470 );
#9710 = LINE( '', #12471, #12472 );
#9711 = LINE( '', #12473, #12474 );
#9712 = FILL_AREA_STYLE_COLOUR( '', #12475 );
#9713 = LINE( '', #12476, #12477 );
#9714 = FILL_AREA_STYLE_COLOUR( '', #12478 );
#9715 = VERTEX_POINT( '', #12479 );
#9716 = LINE( '', #12480, #12481 );
#9717 = LINE( '', #12482, #12483 );
#9718 = LINE( '', #12484, #12485 );
#9719 = FILL_AREA_STYLE_COLOUR( '', #12486 );
#9720 = VERTEX_POINT( '', #12487 );
#9721 = LINE( '', #12488, #12489 );
#9722 = VERTEX_POINT( '', #12490 );
#9723 = LINE( '', #12491, #12492 );
#9724 = LINE( '', #12493, #12494 );
#9725 = FILL_AREA_STYLE_COLOUR( '', #12495 );
#9726 = VERTEX_POINT( '', #12496 );
#9727 = VERTEX_POINT( '', #12497 );
#9728 = LINE( '', #12498, #12499 );
#9729 = VERTEX_POINT( '', #12500 );
#9730 = LINE( '', #12501, #12502 );
#9731 = LINE( '', #12503, #12504 );
#9732 = LINE( '', #12505, #12506 );
#9733 = FILL_AREA_STYLE_COLOUR( '', #12507 );
#9734 = VERTEX_POINT( '', #12508 );
#9735 = LINE( '', #12509, #12510 );
#9736 = LINE( '', #12511, #12512 );
#9737 = LINE( '', #12513, #12514 );
#9738 = VERTEX_POINT( '', #12515 );
#9739 = LINE( '', #12516, #12517 );
#9740 = VERTEX_POINT( '', #12518 );
#9741 = LINE( '', #12519, #12520 );
#9742 = LINE( '', #12521, #12522 );
#9743 = FILL_AREA_STYLE_COLOUR( '', #12523 );
#9744 = LINE( '', #12524, #12525 );
#9745 = LINE( '', #12526, #12527 );
#9746 = LINE( '', #12528, #12529 );
#9747 = LINE( '', #12530, #12531 );
#9748 = FILL_AREA_STYLE_COLOUR( '', #12532 );
#9749 = LINE( '', #12533, #12534 );
#9750 = FILL_AREA_STYLE_COLOUR( '', #12535 );
#9751 = VERTEX_POINT( '', #12536 );
#9752 = VERTEX_POINT( '', #12537 );
#9753 = LINE( '', #12538, #12539 );
#9754 = VERTEX_POINT( '', #12540 );
#9755 = LINE( '', #12541, #12542 );
#9756 = VERTEX_POINT( '', #12543 );
#9757 = LINE( '', #12544, #12545 );
#9758 = LINE( '', #12546, #12547 );
#9759 = FILL_AREA_STYLE_COLOUR( '', #12548 );
#9760 = VERTEX_POINT( '', #12549 );
#9761 = VERTEX_POINT( '', #12550 );
#9762 = LINE( '', #12551, #12552 );
#9763 = LINE( '', #12553, #12554 );
#9764 = LINE( '', #12555, #12556 );
#9765 = FILL_AREA_STYLE_COLOUR( '', #12557 );
#9766 = LINE( '', #12558, #12559 );
#9767 = LINE( '', #12560, #12561 );
#9768 = VERTEX_POINT( '', #12562 );
#9769 = LINE( '', #12563, #12564 );
#9770 = LINE( '', #12565, #12566 );
#9771 = FILL_AREA_STYLE_COLOUR( '', #12567 );
#9772 = VERTEX_POINT( '', #12568 );
#9773 = LINE( '', #12569, #12570 );
#9774 = VERTEX_POINT( '', #12571 );
#9775 = LINE( '', #12572, #12573 );
#9776 = LINE( '', #12574, #12575 );
#9777 = FILL_AREA_STYLE_COLOUR( '', #12576 );
#9778 = VERTEX_POINT( '', #12577 );
#9779 = LINE( '', #12578, #12579 );
#9780 = VERTEX_POINT( '', #12580 );
#9781 = LINE( '', #12581, #12582 );
#9782 = VERTEX_POINT( '', #12583 );
#9783 = LINE( '', #12584, #12585 );
#9784 = VERTEX_POINT( '', #12586 );
#9785 = LINE( '', #12587, #12588 );
#9786 = LINE( '', #12589, #12590 );
#9787 = LINE( '', #12591, #12592 );
#9788 = VERTEX_POINT( '', #12593 );
#9789 = VERTEX_POINT( '', #12594 );
#9790 = LINE( '', #12595, #12596 );
#9791 = LINE( '', #12597, #12598 );
#9792 = LINE( '', #12599, #12600 );
#9793 = FILL_AREA_STYLE_COLOUR( '', #12601 );
#9794 = VERTEX_POINT( '', #12602 );
#9795 = VERTEX_POINT( '', #12603 );
#9796 = LINE( '', #12604, #12605 );
#9797 = LINE( '', #12606, #12607 );
#9798 = LINE( '', #12608, #12609 );
#9799 = FILL_AREA_STYLE_COLOUR( '', #12610 );
#9800 = VERTEX_POINT( '', #12611 );
#9801 = LINE( '', #12612, #12613 );
#9802 = LINE( '', #12614, #12615 );
#9803 = FILL_AREA_STYLE_COLOUR( '', #12616 );
#9804 = VERTEX_POINT( '', #12617 );
#9805 = VERTEX_POINT( '', #12618 );
#9806 = LINE( '', #12619, #12620 );
#9807 = VERTEX_POINT( '', #12621 );
#9808 = LINE( '', #12622, #12623 );
#9809 = VERTEX_POINT( '', #12624 );
#9810 = LINE( '', #12625, #12626 );
#9811 = LINE( '', #12627, #12628 );
#9812 = FILL_AREA_STYLE_COLOUR( '', #12629 );
#9813 = VERTEX_POINT( '', #12630 );
#9814 = LINE( '', #12631, #12632 );
#9815 = LINE( '', #12633, #12634 );
#9816 = VERTEX_POINT( '', #12635 );
#9817 = LINE( '', #12636, #12637 );
#9818 = LINE( '', #12638, #12639 );
#9819 = LINE( '', #12640, #12641 );
#9820 = FILL_AREA_STYLE_COLOUR( '', #12642 );
#9821 = LINE( '', #12643, #12644 );
#9822 = FILL_AREA_STYLE_COLOUR( '', #12645 );
#9823 = LINE( '', #12646, #12647 );
#9824 = VERTEX_POINT( '', #12648 );
#9825 = LINE( '', #12649, #12650 );
#9826 = LINE( '', #12651, #12652 );
#9827 = FILL_AREA_STYLE_COLOUR( '', #12653 );
#9828 = VERTEX_POINT( '', #12654 );
#9829 = LINE( '', #12655, #12656 );
#9830 = LINE( '', #12657, #12658 );
#9831 = FILL_AREA_STYLE_COLOUR( '', #12659 );
#9832 = LINE( '', #12660, #12661 );
#9833 = LINE( '', #12662, #12663 );
#9834 = FILL_AREA_STYLE_COLOUR( '', #12664 );
#9835 = VERTEX_POINT( '', #12665 );
#9836 = LINE( '', #12666, #12667 );
#9837 = LINE( '', #12668, #12669 );
#9838 = FILL_AREA_STYLE_COLOUR( '', #12670 );
#9839 = LINE( '', #12671, #12672 );
#9840 = FILL_AREA_STYLE_COLOUR( '', #12673 );
#9841 = FILL_AREA_STYLE_COLOUR( '', #12674 );
#9842 = VERTEX_POINT( '', #12675 );
#9843 = VERTEX_POINT( '', #12676 );
#9844 = LINE( '', #12677, #12678 );
#9845 = LINE( '', #12679, #12680 );
#9846 = LINE( '', #12681, #12682 );
#9847 = VERTEX_POINT( '', #12683 );
#9848 = LINE( '', #12684, #12685 );
#9849 = LINE( '', #12686, #12687 );
#9850 = FILL_AREA_STYLE_COLOUR( '', #12688 );
#9851 = FILL_AREA_STYLE_COLOUR( '', #12689 );
#9852 = VERTEX_POINT( '', #12690 );
#9853 = VERTEX_POINT( '', #12691 );
#9854 = LINE( '', #12692, #12693 );
#9855 = VERTEX_POINT( '', #12694 );
#9856 = LINE( '', #12695, #12696 );
#9857 = VERTEX_POINT( '', #12697 );
#9858 = LINE( '', #12698, #12699 );
#9859 = LINE( '', #12700, #12701 );
#9860 = FILL_AREA_STYLE_COLOUR( '', #12702 );
#9861 = LINE( '', #12703, #12704 );
#9862 = FILL_AREA_STYLE_COLOUR( '', #12705 );
#9863 = LINE( '', #12706, #12707 );
#9864 = LINE( '', #12708, #12709 );
#9865 = FILL_AREA_STYLE_COLOUR( '', #12710 );
#9866 = VERTEX_POINT( '', #12711 );
#9867 = LINE( '', #12712, #12713 );
#9868 = LINE( '', #12714, #12715 );
#9869 = FILL_AREA_STYLE_COLOUR( '', #12716 );
#9870 = VERTEX_POINT( '', #12717 );
#9871 = VERTEX_POINT( '', #12718 );
#9872 = LINE( '', #12719, #12720 );
#9873 = VERTEX_POINT( '', #12721 );
#9874 = LINE( '', #12722, #12723 );
#9875 = VERTEX_POINT( '', #12724 );
#9876 = LINE( '', #12725, #12726 );
#9877 = LINE( '', #12727, #12728 );
#9878 = VERTEX_POINT( '', #12729 );
#9879 = LINE( '', #12730, #12731 );
#9880 = VERTEX_POINT( '', #12732 );
#9881 = LINE( '', #12733, #12734 );
#9882 = LINE( '', #12735, #12736 );
#9883 = FILL_AREA_STYLE_COLOUR( '', #12737 );
#9884 = VERTEX_POINT( '', #12738 );
#9885 = LINE( '', #12739, #12740 );
#9886 = LINE( '', #12741, #12742 );
#9887 = FILL_AREA_STYLE_COLOUR( '', #12743 );
#9888 = VERTEX_POINT( '', #12744 );
#9889 = LINE( '', #12745, #12746 );
#9890 = LINE( '', #12747, #12748 );
#9891 = FILL_AREA_STYLE_COLOUR( '', #12749 );
#9892 = VERTEX_POINT( '', #12750 );
#9893 = VERTEX_POINT( '', #12751 );
#9894 = LINE( '', #12752, #12753 );
#9895 = VERTEX_POINT( '', #12754 );
#9896 = LINE( '', #12755, #12756 );
#9897 = VERTEX_POINT( '', #12757 );
#9898 = LINE( '', #12758, #12759 );
#9899 = LINE( '', #12760, #12761 );
#9900 = FILL_AREA_STYLE_COLOUR( '', #12762 );
#9901 = LINE( '', #12763, #12764 );
#9902 = LINE( '', #12765, #12766 );
#9903 = FILL_AREA_STYLE_COLOUR( '', #12767 );
#9904 = VERTEX_POINT( '', #12768 );
#9905 = VERTEX_POINT( '', #12769 );
#9906 = LINE( '', #12770, #12771 );
#9907 = VERTEX_POINT( '', #12772 );
#9908 = LINE( '', #12773, #12774 );
#9909 = VERTEX_POINT( '', #12775 );
#9910 = LINE( '', #12776, #12777 );
#9911 = LINE( '', #12778, #12779 );
#9912 = FILL_AREA_STYLE_COLOUR( '', #12780 );
#9913 = VERTEX_POINT( '', #12781 );
#9914 = LINE( '', #12782, #12783 );
#9915 = LINE( '', #12784, #12785 );
#9916 = VERTEX_POINT( '', #12786 );
#9917 = VERTEX_POINT( '', #12787 );
#9918 = LINE( '', #12788, #12789 );
#9919 = VERTEX_POINT( '', #12790 );
#9920 = LINE( '', #12791, #12792 );
#9921 = VERTEX_POINT( '', #12793 );
#9922 = LINE( '', #12794, #12795 );
#9923 = LINE( '', #12796, #12797 );
#9924 = FILL_AREA_STYLE_COLOUR( '', #12798 );
#9925 = VERTEX_POINT( '', #12799 );
#9926 = VERTEX_POINT( '', #12800 );
#9927 = LINE( '', #12801, #12802 );
#9928 = LINE( '', #12803, #12804 );
#9929 = LINE( '', #12805, #12806 );
#9930 = FILL_AREA_STYLE_COLOUR( '', #12807 );
#9931 = VERTEX_POINT( '', #12808 );
#9932 = LINE( '', #12809, #12810 );
#9933 = LINE( '', #12811, #12812 );
#9934 = FILL_AREA_STYLE_COLOUR( '', #12813 );
#9935 = LINE( '', #12814, #12815 );
#9936 = VERTEX_POINT( '', #12816 );
#9937 = LINE( '', #12817, #12818 );
#9938 = LINE( '', #12819, #12820 );
#9939 = FILL_AREA_STYLE_COLOUR( '', #12821 );
#9940 = FILL_AREA_STYLE_COLOUR( '', #12822 );
#9941 = VERTEX_POINT( '', #12823 );
#9942 = VERTEX_POINT( '', #12824 );
#9943 = LINE( '', #12825, #12826 );
#9944 = LINE( '', #12827, #12828 );
#9945 = LINE( '', #12829, #12830 );
#9946 = FILL_AREA_STYLE_COLOUR( '', #12831 );
#9947 = LINE( '', #12832, #12833 );
#9948 = FILL_AREA_STYLE_COLOUR( '', #12834 );
#9949 = LINE( '', #12835, #12836 );
#9950 = LINE( '', #12837, #12838 );
#9951 = FILL_AREA_STYLE_COLOUR( '', #12839 );
#9952 = VERTEX_POINT( '', #12840 );
#9953 = LINE( '', #12841, #12842 );
#9954 = VERTEX_POINT( '', #12843 );
#9955 = LINE( '', #12844, #12845 );
#9956 = LINE( '', #12846, #12847 );
#9957 = FILL_AREA_STYLE_COLOUR( '', #12848 );
#9958 = LINE( '', #12849, #12850 );
#9959 = FILL_AREA_STYLE_COLOUR( '', #12851 );
#9960 = VERTEX_POINT( '', #12852 );
#9961 = LINE( '', #12853, #12854 );
#9962 = VERTEX_POINT( '', #12855 );
#9963 = LINE( '', #12856, #12857 );
#9964 = LINE( '', #12858, #12859 );
#9965 = LINE( '', #12860, #12861 );
#9966 = VERTEX_POINT( '', #12862 );
#9967 = LINE( '', #12863, #12864 );
#9968 = LINE( '', #12865, #12866 );
#9969 = FILL_AREA_STYLE_COLOUR( '', #12867 );
#9970 = VERTEX_POINT( '', #12868 );
#9971 = LINE( '', #12869, #12870 );
#9972 = VERTEX_POINT( '', #12871 );
#9973 = LINE( '', #12872, #12873 );
#9974 = LINE( '', #12874, #12875 );
#9975 = FILL_AREA_STYLE_COLOUR( '', #12876 );
#9976 = VERTEX_POINT( '', #12877 );
#9977 = VERTEX_POINT( '', #12878 );
#9978 = LINE( '', #12879, #12880 );
#9979 = VERTEX_POINT( '', #12881 );
#9980 = LINE( '', #12882, #12883 );
#9981 = VERTEX_POINT( '', #12884 );
#9982 = LINE( '', #12885, #12886 );
#9983 = VERTEX_POINT( '', #12887 );
#9984 = LINE( '', #12888, #12889 );
#9985 = VERTEX_POINT( '', #12890 );
#9986 = LINE( '', #12891, #12892 );
#9987 = VERTEX_POINT( '', #12893 );
#9988 = LINE( '', #12894, #12895 );
#9989 = VERTEX_POINT( '', #12896 );
#9990 = LINE( '', #12897, #12898 );
#9991 = LINE( '', #12899, #12900 );
#9992 = LINE( '', #12901, #12902 );
#9993 = FILL_AREA_STYLE_COLOUR( '', #12903 );
#9994 = LINE( '', #12904, #12905 );
#9995 = LINE( '', #12906, #12907 );
#9996 = LINE( '', #12908, #12909 );
#9997 = FILL_AREA_STYLE_COLOUR( '', #12910 );
#9998 = VERTEX_POINT( '', #12911 );
#9999 = LINE( '', #12912, #12913 );
#10000 = LINE( '', #12914, #12915 );
#10001 = FILL_AREA_STYLE_COLOUR( '', #12916 );
#10002 = VERTEX_POINT( '', #12917 );
#10003 = VERTEX_POINT( '', #12918 );
#10004 = LINE( '', #12919, #12920 );
#10005 = LINE( '', #12921, #12922 );
#10006 = LINE( '', #12923, #12924 );
#10007 = FILL_AREA_STYLE_COLOUR( '', #12925 );
#10008 = LINE( '', #12926, #12927 );
#10009 = FILL_AREA_STYLE_COLOUR( '', #12928 );
#10010 = VERTEX_POINT( '', #12929 );
#10011 = VERTEX_POINT( '', #12930 );
#10012 = LINE( '', #12931, #12932 );
#10013 = LINE( '', #12933, #12934 );
#10014 = LINE( '', #12935, #12936 );
#10015 = FILL_AREA_STYLE_COLOUR( '', #12937 );
#10016 = VERTEX_POINT( '', #12938 );
#10017 = VERTEX_POINT( '', #12939 );
#10018 = LINE( '', #12940, #12941 );
#10019 = LINE( '', #12942, #12943 );
#10020 = LINE( '', #12944, #12945 );
#10021 = FILL_AREA_STYLE_COLOUR( '', #12946 );
#10022 = VERTEX_POINT( '', #12947 );
#10023 = LINE( '', #12948, #12949 );
#10024 = VERTEX_POINT( '', #12950 );
#10025 = LINE( '', #12951, #12952 );
#10026 = LINE( '', #12953, #12954 );
#10027 = VERTEX_POINT( '', #12955 );
#10028 = LINE( '', #12956, #12957 );
#10029 = LINE( '', #12958, #12959 );
#10030 = VERTEX_POINT( '', #12960 );
#10031 = LINE( '', #12961, #12962 );
#10032 = LINE( '', #12963, #12964 );
#10033 = LINE( '', #12965, #12966 );
#10034 = LINE( '', #12967, #12968 );
#10035 = VERTEX_POINT( '', #12969 );
#10036 = LINE( '', #12970, #12971 );
#10037 = LINE( '', #12972, #12973 );
#10038 = LINE( '', #12974, #12975 );
#10039 = FILL_AREA_STYLE_COLOUR( '', #12976 );
#10040 = LINE( '', #12977, #12978 );
#10041 = FILL_AREA_STYLE_COLOUR( '', #12979 );
#10042 = VERTEX_POINT( '', #12980 );
#10043 = LINE( '', #12981, #12982 );
#10044 = LINE( '', #12983, #12984 );
#10045 = FILL_AREA_STYLE_COLOUR( '', #12985 );
#10046 = VERTEX_POINT( '', #12986 );
#10047 = LINE( '', #12987, #12988 );
#10048 = LINE( '', #12989, #12990 );
#10049 = FILL_AREA_STYLE_COLOUR( '', #12991 );
#10050 = LINE( '', #12992, #12993 );
#10051 = FILL_AREA_STYLE_COLOUR( '', #12994 );
#10052 = VERTEX_POINT( '', #12995 );
#10053 = LINE( '', #12996, #12997 );
#10054 = LINE( '', #12998, #12999 );
#10055 = FILL_AREA_STYLE_COLOUR( '', #13000 );
#10056 = VERTEX_POINT( '', #13001 );
#10057 = LINE( '', #13002, #13003 );
#10058 = VERTEX_POINT( '', #13004 );
#10059 = LINE( '', #13005, #13006 );
#10060 = LINE( '', #13007, #13008 );
#10061 = VERTEX_POINT( '', #13009 );
#10062 = LINE( '', #13010, #13011 );
#10063 = CIRCLE( '', #13012, 0.0250000000000000 );
#10064 = FILL_AREA_STYLE_COLOUR( '', #13013 );
#10065 = LINE( '', #13014, #13015 );
#10066 = FILL_AREA_STYLE_COLOUR( '', #13016 );
#10067 = VERTEX_POINT( '', #13017 );
#10068 = LINE( '', #13018, #13019 );
#10069 = LINE( '', #13020, #13021 );
#10070 = FILL_AREA_STYLE_COLOUR( '', #13022 );
#10071 = LINE( '', #13023, #13024 );
#10072 = FILL_AREA_STYLE_COLOUR( '', #13025 );
#10073 = LINE( '', #13026, #13027 );
#10074 = VERTEX_POINT( '', #13028 );
#10075 = LINE( '', #13029, #13030 );
#10076 = VERTEX_POINT( '', #13031 );
#10077 = LINE( '', #13032, #13033 );
#10078 = LINE( '', #13034, #13035 );
#10079 = LINE( '', #13036, #13037 );
#10080 = FILL_AREA_STYLE_COLOUR( '', #13038 );
#10081 = VERTEX_POINT( '', #13039 );
#10082 = LINE( '', #13040, #13041 );
#10083 = LINE( '', #13042, #13043 );
#10084 = FILL_AREA_STYLE_COLOUR( '', #13044 );
#10085 = FILL_AREA_STYLE_COLOUR( '', #13045 );
#10086 = LINE( '', #13046, #13047 );
#10087 = FILL_AREA_STYLE_COLOUR( '', #13048 );
#10088 = LINE( '', #13049, #13050 );
#10089 = LINE( '', #13051, #13052 );
#10090 = FILL_AREA_STYLE_COLOUR( '', #13053 );
#10091 = VERTEX_POINT( '', #13054 );
#10092 = LINE( '', #13055, #13056 );
#10093 = LINE( '', #13057, #13058 );
#10094 = FILL_AREA_STYLE_COLOUR( '', #13059 );
#10095 = VERTEX_POINT( '', #13060 );
#10096 = VERTEX_POINT( '', #13061 );
#10097 = LINE( '', #13062, #13063 );
#10098 = VERTEX_POINT( '', #13064 );
#10099 = LINE( '', #13065, #13066 );
#10100 = LINE( '', #13067, #13068 );
#10101 = VERTEX_POINT( '', #13069 );
#10102 = LINE( '', #13070, #13071 );
#10103 = VERTEX_POINT( '', #13072 );
#10104 = LINE( '', #13073, #13074 );
#10105 = LINE( '', #13075, #13076 );
#10106 = FILL_AREA_STYLE_COLOUR( '', #13077 );
#10107 = LINE( '', #13078, #13079 );
#10108 = FILL_AREA_STYLE_COLOUR( '', #13080 );
#10109 = FILL_AREA_STYLE_COLOUR( '', #13081 );
#10110 = VERTEX_POINT( '', #13082 );
#10111 = LINE( '', #13083, #13084 );
#10112 = LINE( '', #13085, #13086 );
#10113 = FILL_AREA_STYLE_COLOUR( '', #13087 );
#10114 = LINE( '', #13088, #13089 );
#10115 = FILL_AREA_STYLE_COLOUR( '', #13090 );
#10116 = FILL_AREA_STYLE_COLOUR( '', #13091 );
#10117 = VERTEX_POINT( '', #13092 );
#10118 = LINE( '', #13093, #13094 );
#10119 = VERTEX_POINT( '', #13095 );
#10120 = LINE( '', #13096, #13097 );
#10121 = LINE( '', #13098, #13099 );
#10122 = FILL_AREA_STYLE_COLOUR( '', #13100 );
#10123 = LINE( '', #13101, #13102 );
#10124 = FILL_AREA_STYLE_COLOUR( '', #13103 );
#10125 = LINE( '', #13104, #13105 );
#10126 = FILL_AREA_STYLE_COLOUR( '', #13106 );
#10127 = LINE( '', #13107, #13108 );
#10128 = LINE( '', #13109, #13110 );
#10129 = FILL_AREA_STYLE_COLOUR( '', #13111 );
#10130 = LINE( '', #13112, #13113 );
#10131 = FILL_AREA_STYLE_COLOUR( '', #13114 );
#10132 = FILL_AREA_STYLE_COLOUR( '', #13115 );
#10133 = VERTEX_POINT( '', #13116 );
#10134 = LINE( '', #13117, #13118 );
#10135 = LINE( '', #13119, #13120 );
#10136 = FILL_AREA_STYLE_COLOUR( '', #13121 );
#10137 = VERTEX_POINT( '', #13122 );
#10138 = LINE( '', #13123, #13124 );
#10139 = LINE( '', #13125, #13126 );
#10140 = VERTEX_POINT( '', #13127 );
#10141 = LINE( '', #13128, #13129 );
#10142 = VERTEX_POINT( '', #13130 );
#10143 = LINE( '', #13131, #13132 );
#10144 = VERTEX_POINT( '', #13133 );
#10145 = LINE( '', #13134, #13135 );
#10146 = VERTEX_POINT( '', #13136 );
#10147 = LINE( '', #13137, #13138 );
#10148 = LINE( '', #13139, #13140 );
#10149 = FILL_AREA_STYLE_COLOUR( '', #13141 );
#10150 = FILL_AREA_STYLE_COLOUR( '', #13142 );
#10151 = VERTEX_POINT( '', #13143 );
#10152 = LINE( '', #13144, #13145 );
#10153 = LINE( '', #13146, #13147 );
#10154 = FILL_AREA_STYLE_COLOUR( '', #13148 );
#10155 = VERTEX_POINT( '', #13149 );
#10156 = LINE( '', #13150, #13151 );
#10157 = VERTEX_POINT( '', #13152 );
#10158 = LINE( '', #13153, #13154 );
#10159 = LINE( '', #13155, #13156 );
#10160 = FILL_AREA_STYLE_COLOUR( '', #13157 );
#10161 = VERTEX_POINT( '', #13158 );
#10162 = VERTEX_POINT( '', #13159 );
#10163 = LINE( '', #13160, #13161 );
#10164 = VERTEX_POINT( '', #13162 );
#10165 = LINE( '', #13163, #13164 );
#10166 = VERTEX_POINT( '', #13165 );
#10167 = LINE( '', #13166, #13167 );
#10168 = VERTEX_POINT( '', #13168 );
#10169 = LINE( '', #13169, #13170 );
#10170 = LINE( '', #13171, #13172 );
#10171 = VERTEX_POINT( '', #13173 );
#10172 = LINE( '', #13174, #13175 );
#10173 = LINE( '', #13176, #13177 );
#10174 = FILL_AREA_STYLE_COLOUR( '', #13178 );
#10175 = LINE( '', #13179, #13180 );
#10176 = LINE( '', #13181, #13182 );
#10177 = FILL_AREA_STYLE_COLOUR( '', #13183 );
#10178 = LINE( '', #13184, #13185 );
#10179 = FILL_AREA_STYLE_COLOUR( '', #13186 );
#10180 = VERTEX_POINT( '', #13187 );
#10181 = LINE( '', #13188, #13189 );
#10182 = LINE( '', #13190, #13191 );
#10183 = VERTEX_POINT( '', #13192 );
#10184 = VERTEX_POINT( '', #13193 );
#10185 = LINE( '', #13194, #13195 );
#10186 = VERTEX_POINT( '', #13196 );
#10187 = LINE( '', #13197, #13198 );
#10188 = VERTEX_POINT( '', #13199 );
#10189 = LINE( '', #13200, #13201 );
#10190 = LINE( '', #13202, #13203 );
#10191 = FILL_AREA_STYLE_COLOUR( '', #13204 );
#10192 = VERTEX_POINT( '', #13205 );
#10193 = LINE( '', #13206, #13207 );
#10194 = LINE( '', #13208, #13209 );
#10195 = FILL_AREA_STYLE_COLOUR( '', #13210 );
#10196 = LINE( '', #13211, #13212 );
#10197 = FILL_AREA_STYLE_COLOUR( '', #13213 );
#10198 = LINE( '', #13214, #13215 );
#10199 = FILL_AREA_STYLE_COLOUR( '', #13216 );
#10200 = LINE( '', #13217, #13218 );
#10201 = LINE( '', #13219, #13220 );
#10202 = VERTEX_POINT( '', #13221 );
#10203 = CIRCLE( '', #13222, 0.0250000000000000 );
#10204 = VERTEX_POINT( '', #13223 );
#10205 = LINE( '', #13224, #13225 );
#10206 = LINE( '', #13226, #13227 );
#10207 = LINE( '', #13228, #13229 );
#10208 = VERTEX_POINT( '', #13230 );
#10209 = LINE( '', #13231, #13232 );
#10210 = VERTEX_POINT( '', #13233 );
#10211 = CIRCLE( '', #13234, 0.0250000000000000 );
#10212 = LINE( '', #13235, #13236 );
#10213 = FILL_AREA_STYLE_COLOUR( '', #13237 );
#10214 = LINE( '', #13238, #13239 );
#10215 = LINE( '', #13240, #13241 );
#10216 = FILL_AREA_STYLE_COLOUR( '', #13242 );
#10217 = FILL_AREA_STYLE_COLOUR( '', #13243 );
#10218 = LINE( '', #13244, #13245 );
#10219 = FILL_AREA_STYLE_COLOUR( '', #13246 );
#10220 = VERTEX_POINT( '', #13247 );
#10221 = LINE( '', #13248, #13249 );
#10222 = LINE( '', #13250, #13251 );
#10223 = FILL_AREA_STYLE_COLOUR( '', #13252 );
#10224 = VERTEX_POINT( '', #13253 );
#10225 = LINE( '', #13254, #13255 );
#10226 = LINE( '', #13256, #13257 );
#10227 = FILL_AREA_STYLE_COLOUR( '', #13258 );
#10228 = LINE( '', #13259, #13260 );
#10229 = FILL_AREA_STYLE_COLOUR( '', #13261 );
#10230 = LINE( '', #13262, #13263 );
#10231 = LINE( '', #13264, #13265 );
#10232 = FILL_AREA_STYLE_COLOUR( '', #13266 );
#10233 = VERTEX_POINT( '', #13267 );
#10234 = LINE( '', #13268, #13269 );
#10235 = VERTEX_POINT( '', #13270 );
#10236 = CIRCLE( '', #13271, 0.0250000000000000 );
#10237 = VERTEX_POINT( '', #13272 );
#10238 = LINE( '', #13273, #13274 );
#10239 = VERTEX_POINT( '', #13275 );
#10240 = CIRCLE( '', #13276, 0.0250000000000000 );
#10241 = LINE( '', #13277, #13278 );
#10242 = LINE( '', #13279, #13280 );
#10243 = VERTEX_POINT( '', #13281 );
#10244 = LINE( '', #13282, #13283 );
#10245 = CIRCLE( '', #13284, 0.0250000000000000 );
#10246 = LINE( '', #13285, #13286 );
#10247 = LINE( '', #13287, #13288 );
#10248 = FILL_AREA_STYLE_COLOUR( '', #13289 );
#10249 = VERTEX_POINT( '', #13290 );
#10250 = LINE( '', #13291, #13292 );
#10251 = LINE( '', #13293, #13294 );
#10252 = FILL_AREA_STYLE_COLOUR( '', #13295 );
#10253 = LINE( '', #13296, #13297 );
#10254 = FILL_AREA_STYLE_COLOUR( '', #13298 );
#10255 = VERTEX_POINT( '', #13299 );
#10256 = LINE( '', #13300, #13301 );
#10257 = LINE( '', #13302, #13303 );
#10258 = LINE( '', #13304, #13305 );
#10259 = LINE( '', #13306, #13307 );
#10260 = FILL_AREA_STYLE_COLOUR( '', #13308 );
#10261 = VERTEX_POINT( '', #13309 );
#10262 = VERTEX_POINT( '', #13310 );
#10263 = LINE( '', #13311, #13312 );
#10264 = VERTEX_POINT( '', #13313 );
#10265 = LINE( '', #13314, #13315 );
#10266 = VERTEX_POINT( '', #13316 );
#10267 = LINE( '', #13317, #13318 );
#10268 = LINE( '', #13319, #13320 );
#10269 = LINE( '', #13321, #13322 );
#10270 = FILL_AREA_STYLE_COLOUR( '', #13323 );
#10271 = LINE( '', #13324, #13325 );
#10272 = FILL_AREA_STYLE_COLOUR( '', #13326 );
#10273 = LINE( '', #13327, #13328 );
#10274 = VERTEX_POINT( '', #13329 );
#10275 = LINE( '', #13330, #13331 );
#10276 = LINE( '', #13332, #13333 );
#10277 = LINE( '', #13334, #13335 );
#10278 = FILL_AREA_STYLE_COLOUR( '', #13336 );
#10279 = LINE( '', #13337, #13338 );
#10280 = FILL_AREA_STYLE_COLOUR( '', #13339 );
#10281 = LINE( '', #13340, #13341 );
#10282 = FILL_AREA_STYLE_COLOUR( '', #13342 );
#10283 = LINE( '', #13343, #13344 );
#10284 = FILL_AREA_STYLE_COLOUR( '', #13345 );
#10285 = LINE( '', #13346, #13347 );
#10286 = VERTEX_POINT( '', #13348 );
#10287 = LINE( '', #13349, #13350 );
#10288 = LINE( '', #13351, #13352 );
#10289 = VERTEX_POINT( '', #13353 );
#10290 = LINE( '', #13354, #13355 );
#10291 = LINE( '', #13356, #13357 );
#10292 = FILL_AREA_STYLE_COLOUR( '', #13358 );
#10293 = VERTEX_POINT( '', #13359 );
#10294 = VERTEX_POINT( '', #13360 );
#10295 = LINE( '', #13361, #13362 );
#10296 = LINE( '', #13363, #13364 );
#10297 = LINE( '', #13365, #13366 );
#10298 = FILL_AREA_STYLE_COLOUR( '', #13367 );
#10299 = LINE( '', #13368, #13369 );
#10300 = FILL_AREA_STYLE_COLOUR( '', #13370 );
#10301 = LINE( '', #13371, #13372 );
#10302 = FILL_AREA_STYLE_COLOUR( '', #13373 );
#10303 = FILL_AREA_STYLE_COLOUR( '', #13374 );
#10304 = VERTEX_POINT( '', #13375 );
#10305 = LINE( '', #13376, #13377 );
#10306 = VERTEX_POINT( '', #13378 );
#10307 = LINE( '', #13379, #13380 );
#10308 = LINE( '', #13381, #13382 );
#10309 = FILL_AREA_STYLE_COLOUR( '', #13383 );
#10310 = LINE( '', #13384, #13385 );
#10311 = FILL_AREA_STYLE_COLOUR( '', #13386 );
#10312 = LINE( '', #13387, #13388 );
#10313 = VERTEX_POINT( '', #13389 );
#10314 = LINE( '', #13390, #13391 );
#10315 = LINE( '', #13392, #13393 );
#10316 = FILL_AREA_STYLE_COLOUR( '', #13394 );
#10317 = LINE( '', #13395, #13396 );
#10318 = LINE( '', #13397, #13398 );
#10319 = FILL_AREA_STYLE_COLOUR( '', #13399 );
#10320 = FILL_AREA_STYLE_COLOUR( '', #13400 );
#10321 = LINE( '', #13401, #13402 );
#10322 = LINE( '', #13403, #13404 );
#10323 = FILL_AREA_STYLE_COLOUR( '', #13405 );
#10324 = LINE( '', #13406, #13407 );
#10325 = FILL_AREA_STYLE_COLOUR( '', #13408 );
#10326 = VERTEX_POINT( '', #13409 );
#10327 = LINE( '', #13410, #13411 );
#10328 = LINE( '', #13412, #13413 );
#10329 = FILL_AREA_STYLE_COLOUR( '', #13414 );
#10330 = LINE( '', #13415, #13416 );
#10331 = VERTEX_POINT( '', #13417 );
#10332 = LINE( '', #13418, #13419 );
#10333 = LINE( '', #13420, #13421 );
#10334 = LINE( '', #13422, #13423 );
#10335 = VERTEX_POINT( '', #13424 );
#10336 = LINE( '', #13425, #13426 );
#10337 = VERTEX_POINT( '', #13427 );
#10338 = LINE( '', #13428, #13429 );
#10339 = LINE( '', #13430, #13431 );
#10340 = LINE( '', #13432, #13433 );
#10341 = LINE( '', #13434, #13435 );
#10342 = VERTEX_POINT( '', #13436 );
#10343 = LINE( '', #13437, #13438 );
#10344 = LINE( '', #13439, #13440 );
#10345 = LINE( '', #13441, #13442 );
#10346 = LINE( '', #13443, #13444 );
#10347 = FILL_AREA_STYLE_COLOUR( '', #13445 );
#10348 = FILL_AREA_STYLE_COLOUR( '', #13446 );
#10349 = LINE( '', #13447, #13448 );
#10350 = LINE( '', #13449, #13450 );
#10351 = FILL_AREA_STYLE_COLOUR( '', #13451 );
#10352 = FILL_AREA_STYLE_COLOUR( '', #13452 );
#10353 = LINE( '', #13453, #13454 );
#10354 = VERTEX_POINT( '', #13455 );
#10355 = LINE( '', #13456, #13457 );
#10356 = LINE( '', #13458, #13459 );
#10357 = VERTEX_POINT( '', #13460 );
#10358 = LINE( '', #13461, #13462 );
#10359 = LINE( '', #13463, #13464 );
#10360 = FILL_AREA_STYLE_COLOUR( '', #13465 );
#10361 = LINE( '', #13466, #13467 );
#10362 = FILL_AREA_STYLE_COLOUR( '', #13468 );
#10363 = LINE( '', #13469, #13470 );
#10364 = VERTEX_POINT( '', #13471 );
#10365 = LINE( '', #13472, #13473 );
#10366 = LINE( '', #13474, #13475 );
#10367 = FILL_AREA_STYLE_COLOUR( '', #13476 );
#10368 = VERTEX_POINT( '', #13477 );
#10369 = LINE( '', #13478, #13479 );
#10370 = VERTEX_POINT( '', #13480 );
#10371 = LINE( '', #13481, #13482 );
#10372 = LINE( '', #13483, #13484 );
#10373 = FILL_AREA_STYLE_COLOUR( '', #13485 );
#10374 = FILL_AREA_STYLE_COLOUR( '', #13486 );
#10375 = FILL_AREA_STYLE_COLOUR( '', #13487 );
#10376 = FILL_AREA_STYLE_COLOUR( '', #13488 );
#10377 = LINE( '', #13489, #13490 );
#10378 = FILL_AREA_STYLE_COLOUR( '', #13491 );
#10379 = LINE( '', #13492, #13493 );
#10380 = FILL_AREA_STYLE_COLOUR( '', #13494 );
#10381 = FILL_AREA_STYLE_COLOUR( '', #13495 );
#10382 = LINE( '', #13496, #13497 );
#10383 = LINE( '', #13498, #13499 );
#10384 = FILL_AREA_STYLE_COLOUR( '', #13500 );
#10385 = FILL_AREA_STYLE_COLOUR( '', #13501 );
#10386 = LINE( '', #13502, #13503 );
#10387 = FILL_AREA_STYLE_COLOUR( '', #13504 );
#10388 = LINE( '', #13505, #13506 );
#10389 = FILL_AREA_STYLE_COLOUR( '', #13507 );
#10390 = LINE( '', #13508, #13509 );
#10391 = FILL_AREA_STYLE_COLOUR( '', #13510 );
#10392 = LINE( '', #13511, #13512 );
#10393 = LINE( '', #13513, #13514 );
#10394 = FILL_AREA_STYLE_COLOUR( '', #13515 );
#10395 = LINE( '', #13516, #13517 );
#10396 = FILL_AREA_STYLE_COLOUR( '', #13518 );
#10397 = LINE( '', #13519, #13520 );
#10398 = FILL_AREA_STYLE_COLOUR( '', #13521 );
#10399 = LINE( '', #13522, #13523 );
#10400 = FILL_AREA_STYLE_COLOUR( '', #13524 );
#10401 = LINE( '', #13525, #13526 );
#10402 = FILL_AREA_STYLE_COLOUR( '', #13527 );
#10403 = LINE( '', #13528, #13529 );
#10404 = FILL_AREA_STYLE_COLOUR( '', #13530 );
#10405 = LINE( '', #13531, #13532 );
#10406 = LINE( '', #13533, #13534 );
#10407 = FILL_AREA_STYLE_COLOUR( '', #13535 );
#10408 = FILL_AREA_STYLE_COLOUR( '', #13536 );
#10409 = FILL_AREA_STYLE_COLOUR( '', #13537 );
#10410 = FILL_AREA_STYLE_COLOUR( '', #13538 );
#10411 = LINE( '', #13539, #13540 );
#10412 = LINE( '', #13541, #13542 );
#10413 = FILL_AREA_STYLE_COLOUR( '', #13543 );
#10414 = LINE( '', #13544, #13545 );
#10415 = FILL_AREA_STYLE_COLOUR( '', #13546 );
#10416 = LINE( '', #13547, #13548 );
#10417 = LINE( '', #13549, #13550 );
#10418 = FILL_AREA_STYLE_COLOUR( '', #13551 );
#10419 = FILL_AREA_STYLE_COLOUR( '', #13552 );
#10420 = LINE( '', #13553, #13554 );
#10421 = LINE( '', #13555, #13556 );
#10422 = LINE( '', #13557, #13558 );
#10423 = FILL_AREA_STYLE_COLOUR( '', #13559 );
#10424 = LINE( '', #13560, #13561 );
#10425 = VERTEX_POINT( '', #13562 );
#10426 = LINE( '', #13563, #13564 );
#10427 = LINE( '', #13565, #13566 );
#10428 = LINE( '', #13567, #13568 );
#10429 = LINE( '', #13569, #13570 );
#10430 = LINE( '', #13571, #13572 );
#10431 = VERTEX_POINT( '', #13573 );
#10432 = LINE( '', #13574, #13575 );
#10433 = LINE( '', #13576, #13577 );
#10434 = FILL_AREA_STYLE_COLOUR( '', #13578 );
#10435 = LINE( '', #13579, #13580 );
#10436 = LINE( '', #13581, #13582 );
#10437 = LINE( '', #13583, #13584 );
#10438 = FILL_AREA_STYLE_COLOUR( '', #13585 );
#10439 = LINE( '', #13586, #13587 );
#10440 = FILL_AREA_STYLE_COLOUR( '', #13588 );
#10441 = LINE( '', #13589, #13590 );
#10442 = LINE( '', #13591, #13592 );
#10443 = FILL_AREA_STYLE_COLOUR( '', #13593 );
#10444 = FILL_AREA_STYLE_COLOUR( '', #13594 );
#10445 = LINE( '', #13595, #13596 );
#10446 = LINE( '', #13597, #13598 );
#10447 = FILL_AREA_STYLE_COLOUR( '', #13599 );
#10448 = FILL_AREA_STYLE_COLOUR( '', #13600 );
#10449 = FILL_AREA_STYLE_COLOUR( '', #13601 );
#10450 = LINE( '', #13602, #13603 );
#10451 = FILL_AREA_STYLE_COLOUR( '', #13604 );
#10452 = FILL_AREA_STYLE_COLOUR( '', #13605 );
#10453 = VERTEX_POINT( '', #13606 );
#10454 = LINE( '', #13607, #13608 );
#10455 = LINE( '', #13609, #13610 );
#10456 = FILL_AREA_STYLE_COLOUR( '', #13611 );
#10457 = LINE( '', #13612, #13613 );
#10458 = FILL_AREA_STYLE_COLOUR( '', #13614 );
#10459 = LINE( '', #13615, #13616 );
#10460 = FILL_AREA_STYLE_COLOUR( '', #13617 );
#10461 = LINE( '', #13618, #13619 );
#10462 = FILL_AREA_STYLE_COLOUR( '', #13620 );
#10463 = FILL_AREA_STYLE_COLOUR( '', #13621 );
#10464 = FILL_AREA_STYLE_COLOUR( '', #13622 );
#10465 = LINE( '', #13623, #13624 );
#10466 = FILL_AREA_STYLE_COLOUR( '', #13625 );
#10467 = FILL_AREA_STYLE_COLOUR( '', #13626 );
#10468 = LINE( '', #13627, #13628 );
#10469 = FILL_AREA_STYLE_COLOUR( '', #13629 );
#10470 = FILL_AREA_STYLE_COLOUR( '', #13630 );
#10471 = LINE( '', #13631, #13632 );
#10472 = FILL_AREA_STYLE_COLOUR( '', #13633 );
#10473 = FILL_AREA_STYLE_COLOUR( '', #13634 );
#10474 = FILL_AREA_STYLE_COLOUR( '', #13635 );
#10475 = FILL_AREA_STYLE_COLOUR( '', #13636 );
#10476 = VERTEX_POINT( '', #13637 );
#10477 = LINE( '', #13638, #13639 );
#10478 = LINE( '', #13640, #13641 );
#10479 = FILL_AREA_STYLE_COLOUR( '', #13642 );
#10480 = ELLIPSE( '', #13643, 0.0353553391000000, 0.0250000000000000 );
#10481 = FILL_AREA_STYLE_COLOUR( '', #13644 );
#10482 = LINE( '', #13645, #13646 );
#10483 = FILL_AREA_STYLE_COLOUR( '', #13647 );
#10484 = FILL_AREA_STYLE_COLOUR( '', #13648 );
#10485 = FILL_AREA_STYLE_COLOUR( '', #13649 );
#10486 = LINE( '', #13650, #13651 );
#10487 = FILL_AREA_STYLE_COLOUR( '', #13652 );
#10488 = FILL_AREA_STYLE_COLOUR( '', #13653 );
#10489 = FILL_AREA_STYLE_COLOUR( '', #13654 );
#10490 = FILL_AREA_STYLE_COLOUR( '', #13655 );
#10491 = FILL_AREA_STYLE_COLOUR( '', #13656 );
#10492 = FILL_AREA_STYLE_COLOUR( '', #13657 );
#10493 = FILL_AREA_STYLE_COLOUR( '', #13658 );
#10494 = LINE( '', #13659, #13660 );
#10495 = FILL_AREA_STYLE_COLOUR( '', #13661 );
#10496 = LINE( '', #13662, #13663 );
#10497 = FILL_AREA_STYLE_COLOUR( '', #13664 );
#10498 = FILL_AREA_STYLE_COLOUR( '', #13665 );
#10499 = LINE( '', #13666, #13667 );
#10500 = FILL_AREA_STYLE_COLOUR( '', #13668 );
#10501 = FILL_AREA_STYLE_COLOUR( '', #13669 );
#10502 = FILL_AREA_STYLE_COLOUR( '', #13670 );
#10503 = FILL_AREA_STYLE_COLOUR( '', #13671 );
#10504 = FILL_AREA_STYLE_COLOUR( '', #13672 );
#10505 = FILL_AREA_STYLE_COLOUR( '', #13673 );
#10506 = LINE( '', #13674, #13675 );
#10507 = FILL_AREA_STYLE_COLOUR( '', #13676 );
#10508 = FILL_AREA_STYLE_COLOUR( '', #13677 );
#10509 = LINE( '', #13678, #13679 );
#10510 = FILL_AREA_STYLE_COLOUR( '', #13680 );
#10511 = LINE( '', #13681, #13682 );
#10512 = FILL_AREA_STYLE_COLOUR( '', #13683 );
#10513 = FILL_AREA_STYLE_COLOUR( '', #13684 );
#10514 = FILL_AREA_STYLE_COLOUR( '', #13685 );
#10515 = FILL_AREA_STYLE_COLOUR( '', #13686 );
#10516 = LINE( '', #13687, #13688 );
#10517 = FILL_AREA_STYLE_COLOUR( '', #13689 );
#10518 = LINE( '', #13690, #13691 );
#10519 = FILL_AREA_STYLE_COLOUR( '', #13692 );
#10520 = FILL_AREA_STYLE_COLOUR( '', #13693 );
#10521 = FILL_AREA_STYLE_COLOUR( '', #13694 );
#10522 = FILL_AREA_STYLE_COLOUR( '', #13695 );
#10523 = FILL_AREA_STYLE_COLOUR( '', #13696 );
#10524 = FILL_AREA_STYLE_COLOUR( '', #13697 );
#10525 = LINE( '', #13698, #13699 );
#10526 = FILL_AREA_STYLE_COLOUR( '', #13700 );
#10527 = FILL_AREA_STYLE_COLOUR( '', #13701 );
#10528 = FILL_AREA_STYLE_COLOUR( '', #13702 );
#10529 = FILL_AREA_STYLE_COLOUR( '', #13703 );
#10530 = FILL_AREA_STYLE_COLOUR( '', #13704 );
#10531 = FILL_AREA_STYLE_COLOUR( '', #13705 );
#10532 = LINE( '', #13706, #13707 );
#10533 = FILL_AREA_STYLE_COLOUR( '', #13708 );
#10534 = FILL_AREA_STYLE_COLOUR( '', #13709 );
#10535 = FILL_AREA_STYLE_COLOUR( '', #13710 );
#10536 = FILL_AREA_STYLE_COLOUR( '', #13711 );
#10537 = FILL_AREA_STYLE_COLOUR( '', #13712 );
#10538 = FILL_AREA_STYLE_COLOUR( '', #13713 );
#10539 = FILL_AREA_STYLE_COLOUR( '', #13714 );
#10540 = FILL_AREA_STYLE_COLOUR( '', #13715 );
#10541 = FILL_AREA_STYLE_COLOUR( '', #13716 );
#10542 = FILL_AREA_STYLE_COLOUR( '', #13717 );
#10543 = FILL_AREA_STYLE_COLOUR( '', #13718 );
#10544 = FILL_AREA_STYLE_COLOUR( '', #13719 );
#10545 = FILL_AREA_STYLE_COLOUR( '', #13720 );
#10546 = FILL_AREA_STYLE_COLOUR( '', #13721 );
#10547 = COLOUR_RGB( '', 0.689999997600000, 0.689999997600000, 0.689999997600000 );
#10548 = CARTESIAN_POINT( '', ( -0.179500000000000, 0.255000000000000, 0.0952500000000000 ) );
#10549 = CARTESIAN_POINT( '', ( -0.179500000000000, 0.255000000000000, 0.0217500000000000 ) );
#10550 = CARTESIAN_POINT( '', ( -0.179500000000000, 0.255000000000000, 0.000000000000000 ) );
#10551 = VECTOR( '', #13722, 39.3700787402000 );
#10552 = CARTESIAN_POINT( '', ( -0.179500000000000, 0.480000000000000, 0.0217500000000000 ) );
#10553 = CARTESIAN_POINT( '', ( -0.179500000000000, 0.350000000000000, 0.0217500000000000 ) );
#10554 = VECTOR( '', #13723, 39.3700787402000 );
#10555 = CARTESIAN_POINT( '', ( -0.179500000000000, 0.480000000000000, 0.0907500000000000 ) );
#10556 = CARTESIAN_POINT( '', ( -0.179500000000000, 0.480000000000000, 0.0217500000000000 ) );
#10557 = VECTOR( '', #13724, 39.3700787402000 );
#10558 = CARTESIAN_POINT( '', ( -0.179500000000000, 0.350000000000000, 0.0952500000000000 ) );
#10559 = CARTESIAN_POINT( '', ( -0.179500000000000, 0.480000000000000, 0.0907500000000000 ) );
#10560 = VECTOR( '', #13725, 39.3700787402000 );
#10561 = CARTESIAN_POINT( '', ( -0.179500000000000, 0.350000000000000, 0.0952500000000000 ) );
#10562 = VECTOR( '', #13726, 39.3700787402000 );
#10563 = COLOUR_RGB( '', 0.689999997600000, 0.689999997600000, 0.689999997600000 );
#10564 = CARTESIAN_POINT( '', ( 0.0870500000000000, 0.485000000000000, 0.107136363636364 ) );
#10565 = CARTESIAN_POINT( '', ( 0.0900000000000000, 0.285000000000000, 0.110000000000000 ) );
#10566 = CARTESIAN_POINT( '', ( 0.0867796274584176, 0.503330341802191, 0.106873906469650 ) );
#10567 = VECTOR( '', #13727, 39.3700787402000 );
#10568 = CARTESIAN_POINT( '', ( 0.0900000000000000, 0.285000000000000, 0.0100000000000000 ) );
#10569 = CARTESIAN_POINT( '', ( 0.0900000000000000, 0.285000000000000, 0.125000000000000 ) );
#10570 = VECTOR( '', #13728, 39.3700787402000 );
#10571 = CARTESIAN_POINT( '', ( 0.0870500000000000, 0.485000000000000, 0.0128636363636364 ) );
#10572 = CARTESIAN_POINT( '', ( 0.0900239217663115, 0.283378185334814, 0.00997677856274848 ) );
#10573 = VECTOR( '', #13729, 39.3700787402000 );
#10574 = CARTESIAN_POINT( '', ( 0.0870500000000000, 0.485000000000000, 0.125000000000000 ) );
#10575 = VECTOR( '', #13730, 39.3700787402000 );
#10576 = COLOUR_RGB( '', 0.689999997600000, 0.689999997600000, 0.689999997600000 );
#10577 = CARTESIAN_POINT( '', ( 0.0350000000000000, 0.390000000000000, 0.144000000000000 ) );
#10578 = CARTESIAN_POINT( '', ( -0.0350000000000000, 0.390000000000000, 0.144000000000000 ) );
#10579 = CARTESIAN_POINT( '', ( 0.0790000000000000, 0.390000000000000, 0.144000000000000 ) );
#10580 = VECTOR( '', #13731, 39.3700787402000 );
#10581 = CARTESIAN_POINT( '', ( -0.0350000000000000, 0.390000000000000, 0.139000000000000 ) );
#10582 = CARTESIAN_POINT( '', ( -0.0350000000000000, 0.390000000000000, 0.144000000000000 ) );
#10583 = VECTOR( '', #13732, 39.3700787402000 );
#10584 = CARTESIAN_POINT( '', ( 0.0350000000000000, 0.390000000000000, 0.139000000000000 ) );
#10585 = CARTESIAN_POINT( '', ( 0.0790000000000000, 0.390000000000000, 0.139000000000000 ) );
#10586 = VECTOR( '', #13733, 39.3700787402000 );
#10587 = CARTESIAN_POINT( '', ( 0.0350000000000000, 0.390000000000000, 0.144000000000000 ) );
#10588 = VECTOR( '', #13734, 39.3700787402000 );
#10589 = COLOUR_RGB( '', 0.689999997600000, 0.689999997600000, 0.689999997600000 );
#10590 = CARTESIAN_POINT( '', ( 0.0650000000000000, 0.385000000000000, 0.0114318181818182 ) );
#10591 = CARTESIAN_POINT( '', ( 0.0350000000000000, 0.385000000000000, 0.0114318181818182 ) );
#10592 = CARTESIAN_POINT( '', ( 0.200000000000000, 0.385000000000000, 0.0114318181818182 ) );
#10593 = VECTOR( '', #13735, 39.3700787402000 );
#10594 = CARTESIAN_POINT( '', ( 0.0650000000000000, 0.385000000000000, -0.0114318181818182 ) );
#10595 = CARTESIAN_POINT( '', ( 0.0650000000000000, 0.385000000000000, 0.0185000000000000 ) );
#10596 = VECTOR( '', #13736, 39.3700787402000 );
#10597 = CARTESIAN_POINT( '', ( 0.0350000000000000, 0.385000000000000, -0.0114318181818182 ) );
#10598 = CARTESIAN_POINT( '', ( 0.200000000000000, 0.385000000000000, -0.0114318181818182 ) );
#10599 = VECTOR( '', #13737, 39.3700787402000 );
#10600 = CARTESIAN_POINT( '', ( 0.0350000000000000, 0.385000000000000, -0.0165000000000000 ) );
#10601 = VECTOR( '', #13738, 39.3700787402000 );
#10602 = COLOUR_RGB( '', 0.689999997600000, 0.689999997600000, 0.689999997600000 );
#10603 = CARTESIAN_POINT( '', ( 0.0345000000000000, 0.480000000000000, 0.0345000000000000 ) );
#10604 = CARTESIAN_POINT( '', ( 0.0345000000000000, 0.480000000000000, 0.0655000000000000 ) );
#10605 = CARTESIAN_POINT( '', ( 0.0345000000000000, 0.480000000000000, 0.0345000000000000 ) );
#10606 = VECTOR( '', #13739, 39.3700787402000 );
#10607 = CARTESIAN_POINT( '', ( 0.0345000000000000, 0.505000000000000, 0.0345000000000000 ) );
#10608 = CARTESIAN_POINT( '', ( 0.0345000000000000, 0.455000000000000, 0.0345000000000000 ) );
#10609 = VECTOR( '', #13740, 39.3700787402000 );
#10610 = CARTESIAN_POINT( '', ( 0.0345000000000000, 0.505000000000000, 0.0655000000000000 ) );
#10611 = CARTESIAN_POINT( '', ( 0.0345000000000000, 0.505000000000000, 0.0345000000000000 ) );
#10612 = VECTOR( '', #13741, 39.3700787402000 );
#10613 = CARTESIAN_POINT( '', ( 0.0345000000000000, 0.455000000000000, 0.0655000000000000 ) );
#10614 = VECTOR( '', #13742, 39.3700787402000 );
#10615 = COLOUR_RGB( '', 0.689999997600000, 0.689999997600000, 0.689999997600000 );
#10616 = CARTESIAN_POINT( '', ( -0.0300000000000000, 0.480000000000000, -0.0805000000000000 ) );
#10617 = CARTESIAN_POINT( '', ( -0.0300000000000000, 0.480000000000000, -0.0907500000000000 ) );
#10618 = CARTESIAN_POINT( '', ( -0.0300000000000000, 0.480000000000000, -0.0805000000000000 ) );
#10619 = VECTOR( '', #13743, 39.3700787402000 );
#10620 = CARTESIAN_POINT( '', ( -0.0300000000000000, 0.505000000000000, -0.0805000000000000 ) );
#10621 = CARTESIAN_POINT( '', ( -0.0300000000000000, 0.362000000000000, -0.0805000000000000 ) );
#10622 = VECTOR( '', #13744, 39.3700787402000 );
#10623 = CARTESIAN_POINT( '', ( -0.0300000000000000, 0.505000000000000, -0.106850000000000 ) );
#10624 = CARTESIAN_POINT( '', ( -0.0300000000000000, 0.505000000000000, -0.0805000000000000 ) );
#10625 = VECTOR( '', #13745, 39.3700787402000 );
#10626 = CARTESIAN_POINT( '', ( -0.0300000000000000, 0.362000000000000, -0.108897500000000 ) );
#10627 = CARTESIAN_POINT( '', ( -0.0300000000000000, 0.285000000000000, -0.110000000000000 ) );
#10628 = VECTOR( '', #13746, 39.3700787402000 );
#10629 = CARTESIAN_POINT( '', ( -0.0300000000000000, 0.362000000000000, -0.0948346153846154 ) );
#10630 = CARTESIAN_POINT( '', ( -0.0300000000000000, 0.362000000000000, -0.0805000000000000 ) );
#10631 = VECTOR( '', #13747, 39.3700787402000 );
#10632 = CARTESIAN_POINT( '', ( -0.0300000000000000, 0.362495604379368, -0.0948174598484065 ) );
#10633 = VECTOR( '', #13748, 39.3700787402000 );
#10634 = COLOUR_RGB( '', 0.689999997600000, 0.689999997600000, 0.689999997600000 );
#10635 = CARTESIAN_POINT( '', ( -0.0129500000000000, 0.485000000000000, -0.0128636363636364 ) );
#10636 = CARTESIAN_POINT( '', ( -0.0100000000000000, 0.285000000000000, -0.0100000000000000 ) );
#10637 = CARTESIAN_POINT( '', ( -0.0131986254812992, 0.501855964833840, -0.0131049831328482 ) );
#10638 = VECTOR( '', #13749, 39.3700787402000 );
#10639 = CARTESIAN_POINT( '', ( -0.0100000000000000, 0.285000000000000, -0.110000000000000 ) );
#10640 = CARTESIAN_POINT( '', ( -0.0100000000000000, 0.285000000000000, 0.125000000000000 ) );
#10641 = VECTOR( '', #13750, 39.3700787402000 );
#10642 = CARTESIAN_POINT( '', ( -0.0129500000000000, 0.485000000000000, -0.107136363636364 ) );
#10643 = CARTESIAN_POINT( '', ( -0.00995433117340537, 0.281903808366463, -0.110044331834753 ) );
#10644 = VECTOR( '', #13751, 39.3700787402000 );
#10645 = CARTESIAN_POINT( '', ( -0.0129500000000000, 0.485000000000000, 0.125000000000000 ) );
#10646 = VECTOR( '', #13752, 39.3700787402000 );
#10647 = COLOUR_RGB( '', 0.689999997600000, 0.689999997600000, 0.689999997600000 );
#10648 = CARTESIAN_POINT( '', ( -0.0415000000000000, 0.280000000000000, 0.117000000000000 ) );
#10649 = CARTESIAN_POINT( '', ( -0.0750000000000000, 0.280000000000000, 0.117000000000000 ) );
#10650 = CARTESIAN_POINT( '', ( -0.0750000000000000, 0.280000000000000, 0.117000000000000 ) );
#10651 = VECTOR( '', #13753, 39.3700787402000 );
#10652 = CARTESIAN_POINT( '', ( -0.0415000000000000, 0.170000000000000, 0.117000000000000 ) );
#10653 = CARTESIAN_POINT( '', ( -0.0415000000000000, 0.0500000000000000, 0.117000000000000 ) );
#10654 = VECTOR( '', #13754, 39.3700787402000 );
#10655 = CARTESIAN_POINT( '', ( -0.0750000000000000, 0.170000000000000, 0.117000000000000 ) );
#10656 = CARTESIAN_POINT( '', ( -0.0750000000000000, 0.170000000000000, 0.117000000000000 ) );
#10657 = VECTOR( '', #13755, 39.3700787402000 );
#10658 = CARTESIAN_POINT( '', ( -0.0750000000000000, 0.0500000000000000, 0.117000000000000 ) );
#10659 = CARTESIAN_POINT( '', ( -0.0750000000000000, 0.0500000000000000, 0.117000000000000 ) );
#10660 = VECTOR( '', #13756, 39.3700787402000 );
#10661 = CARTESIAN_POINT( '', ( -0.0250000000000000, 0.0500000000000000, 0.117000000000000 ) );
#10662 = CARTESIAN_POINT( '', ( -0.0750000000000000, 0.0500000000000000, 0.117000000000000 ) );
#10663 = VECTOR( '', #13757, 39.3700787402000 );
#10664 = CARTESIAN_POINT( '', ( -0.0250000000000000, 0.285000000000000, 0.117000000000000 ) );
#10665 = CARTESIAN_POINT( '', ( -0.0250000000000000, 0.0500000000000000, 0.117000000000000 ) );
#10666 = VECTOR( '', #13758, 39.3700787402000 );
#10667 = CARTESIAN_POINT( '', ( -0.0750000000000000, 0.285000000000000, 0.117000000000000 ) );
#10668 = CARTESIAN_POINT( '', ( 0.229000000000000, 0.285000000000000, 0.117000000000000 ) );
#10669 = VECTOR( '', #13759, 39.3700787402000 );
#10670 = CARTESIAN_POINT( '', ( -0.0750000000000000, 0.0500000000000000, 0.117000000000000 ) );
#10671 = VECTOR( '', #13760, 39.3700787402000 );
#10672 = COLOUR_RGB( '', 0.689999997600000, 0.689999997600000, 0.689999997600000 );
#10673 = CARTESIAN_POINT( '', ( -0.130000000000000, 0.480000000000000, 0.0805000000000000 ) );
#10674 = CARTESIAN_POINT( '', ( -0.170000000000000, 0.480000000000000, 0.0805000000000000 ) );
#10675 = CARTESIAN_POINT( '', ( -0.130000000000000, 0.480000000000000, 0.0805000000000000 ) );
#10676 = VECTOR( '', #13761, 39.3700787402000 );
#10677 = CARTESIAN_POINT( '', ( -0.130000000000000, 0.505000000000000, 0.0805000000000000 ) );
#10678 = CARTESIAN_POINT( '', ( -0.130000000000000, 0.362000000000000, 0.0805000000000000 ) );
#10679 = VECTOR( '', #13762, 39.3700787402000 );
#10680 = CARTESIAN_POINT( '', ( -0.170000000000000, 0.505000000000000, 0.0805000000000000 ) );
#10681 = CARTESIAN_POINT( '', ( -0.130000000000000, 0.505000000000000, 0.0805000000000000 ) );
#10682 = VECTOR( '', #13763, 39.3700787402000 );
#10683 = CARTESIAN_POINT( '', ( -0.170000000000000, 0.362000000000000, 0.0805000000000000 ) );
#10684 = VECTOR( '', #13764, 39.3700787402000 );
#10685 = COLOUR_RGB( '', 0.689999997600000, 0.689999997600000, 0.689999997600000 );
#10686 = CARTESIAN_POINT( '', ( 0.165500000000000, 0.480000000000000, -0.0345000000000000 ) );
#10687 = CARTESIAN_POINT( '', ( 0.165500000000000, 0.480000000000000, -0.0655000000000000 ) );
#10688 = CARTESIAN_POINT( '', ( 0.165500000000000, 0.480000000000000, -0.0345000000000000 ) );
#10689 = VECTOR( '', #13765, 39.3700787402000 );
#10690 = CARTESIAN_POINT( '', ( 0.165500000000000, 0.505000000000000, -0.0345000000000000 ) );
#10691 = CARTESIAN_POINT( '', ( 0.165500000000000, 0.455000000000000, -0.0345000000000000 ) );
#10692 = VECTOR( '', #13766, 39.3700787402000 );
#10693 = CARTESIAN_POINT( '', ( 0.165500000000000, 0.505000000000000, -0.0655000000000000 ) );
#10694 = CARTESIAN_POINT( '', ( 0.165500000000000, 0.505000000000000, -0.0345000000000000 ) );
#10695 = VECTOR( '', #13767, 39.3700787402000 );
#10696 = CARTESIAN_POINT( '', ( 0.165500000000000, 0.455000000000000, -0.0655000000000000 ) );
#10697 = VECTOR( '', #13768, 39.3700787402000 );
#10698 = COLOUR_RGB( '', 0.689999997600000, 0.689999997600000, 0.689999997600000 );
#10699 = CARTESIAN_POINT( '', ( -0.0655000000000000, 0.480000000000000, -0.0655000000000000 ) );
#10700 = CARTESIAN_POINT( '', ( -0.0655000000000000, 0.480000000000000, -0.0345000000000000 ) );
#10701 = CARTESIAN_POINT( '', ( -0.0655000000000000, 0.480000000000000, -0.0655000000000000 ) );
#10702 = VECTOR( '', #13769, 39.3700787402000 );
#10703 = CARTESIAN_POINT( '', ( -0.0655000000000000, 0.505000000000000, -0.0655000000000000 ) );
#10704 = CARTESIAN_POINT( '', ( -0.0655000000000000, 0.455000000000000, -0.0655000000000000 ) );
#10705 = VECTOR( '', #13770, 39.3700787402000 );
#10706 = CARTESIAN_POINT( '', ( -0.0655000000000000, 0.505000000000000, -0.0345000000000000 ) );
#10707 = CARTESIAN_POINT( '', ( -0.0655000000000000, 0.505000000000000, -0.0655000000000000 ) );
#10708 = VECTOR( '', #13771, 39.3700787402000 );
#10709 = CARTESIAN_POINT( '', ( -0.0655000000000000, 0.455000000000000, -0.0345000000000000 ) );
#10710 = VECTOR( '', #13772, 39.3700787402000 );
#10711 = COLOUR_RGB( '', 0.689999997600000, 0.689999997600000, 0.689999997600000 );
#10712 = CARTESIAN_POINT( '', ( -0.175000000000000, 0.285000000000000, -0.125000000000000 ) );
#10713 = CARTESIAN_POINT( '', ( -0.175000000000000, 0.285000000000000, -0.117000000000000 ) );
#10714 = CARTESIAN_POINT( '', ( -0.175000000000000, 0.285000000000000, -0.125000000000000 ) );
#10715 = VECTOR( '', #13773, 39.3700787402000 );
#10716 = CARTESIAN_POINT( '', ( -0.229000000000000, 0.285000000000000, -0.125000000000000 ) );
#10717 = CARTESIAN_POINT( '', ( 0.229000000000000, 0.285000000000000, -0.125000000000000 ) );
#10718 = VECTOR( '', #13774, 39.3700787402000 );
#10719 = CARTESIAN_POINT( '', ( -0.229000000000000, 0.285000000000000, 0.125000000000000 ) );
#10720 = CARTESIAN_POINT( '', ( -0.229000000000000, 0.285000000000000, -0.125000000000000 ) );
#10721 = VECTOR( '', #13775, 39.3700787402000 );
#10722 = CARTESIAN_POINT( '', ( -0.175000000000000, 0.285000000000000, 0.125000000000000 ) );
#10723 = CARTESIAN_POINT( '', ( 0.229000000000000, 0.285000000000000, 0.125000000000000 ) );
#10724 = VECTOR( '', #13776, 39.3700787402000 );
#10725 = CARTESIAN_POINT( '', ( -0.175000000000000, 0.285000000000000, 0.117000000000000 ) );
#10726 = CARTESIAN_POINT( '', ( -0.175000000000000, 0.285000000000000, -0.125000000000000 ) );
#10727 = VECTOR( '', #13777, 39.3700787402000 );
#10728 = CARTESIAN_POINT( '', ( -0.125000000000000, 0.285000000000000, 0.117000000000000 ) );
#10729 = CARTESIAN_POINT( '', ( 0.229000000000000, 0.285000000000000, 0.117000000000000 ) );
#10730 = VECTOR( '', #13778, 39.3700787402000 );
#10731 = CARTESIAN_POINT( '', ( -0.125000000000000, 0.285000000000000, 0.125000000000000 ) );
#10732 = CARTESIAN_POINT( '', ( -0.125000000000000, 0.285000000000000, -0.125000000000000 ) );
#10733 = VECTOR( '', #13779, 39.3700787402000 );
#10734 = CARTESIAN_POINT( '', ( -0.0750000000000000, 0.285000000000000, 0.125000000000000 ) );
#10735 = CARTESIAN_POINT( '', ( 0.229000000000000, 0.285000000000000, 0.125000000000000 ) );
#10736 = VECTOR( '', #13780, 39.3700787402000 );
#10737 = CARTESIAN_POINT( '', ( -0.0750000000000000, 0.285000000000000, -0.125000000000000 ) );
#10738 = VECTOR( '', #13781, 39.3700787402000 );
#10739 = CARTESIAN_POINT( '', ( -0.0250000000000000, 0.285000000000000, 0.125000000000000 ) );
#10740 = CARTESIAN_POINT( '', ( -0.0250000000000000, 0.285000000000000, -0.125000000000000 ) );
#10741 = VECTOR( '', #13782, 39.3700787402000 );
#10742 = CARTESIAN_POINT( '', ( 0.0250000000000000, 0.285000000000000, 0.125000000000000 ) );
#10743 = CARTESIAN_POINT( '', ( 0.229000000000000, 0.285000000000000, 0.125000000000000 ) );
#10744 = VECTOR( '', #13783, 39.3700787402000 );
#10745 = CARTESIAN_POINT( '', ( 0.0250000000000000, 0.285000000000000, 0.117000000000000 ) );
#10746 = CARTESIAN_POINT( '', ( 0.0250000000000000, 0.285000000000000, -0.125000000000000 ) );
#10747 = VECTOR( '', #13784, 39.3700787402000 );
#10748 = CARTESIAN_POINT( '', ( 0.0750000000000000, 0.285000000000000, 0.117000000000000 ) );
#10749 = CARTESIAN_POINT( '', ( 0.229000000000000, 0.285000000000000, 0.117000000000000 ) );
#10750 = VECTOR( '', #13785, 39.3700787402000 );
#10751 = CARTESIAN_POINT( '', ( 0.0750000000000000, 0.285000000000000, 0.125000000000000 ) );
#10752 = CARTESIAN_POINT( '', ( 0.0750000000000000, 0.285000000000000, -0.125000000000000 ) );
#10753 = VECTOR( '', #13786, 39.3700787402000 );
#10754 = CARTESIAN_POINT( '', ( 0.125000000000000, 0.285000000000000, 0.125000000000000 ) );
#10755 = CARTESIAN_POINT( '', ( 0.229000000000000, 0.285000000000000, 0.125000000000000 ) );
#10756 = VECTOR( '', #13787, 39.3700787402000 );
#10757 = CARTESIAN_POINT( '', ( 0.125000000000000, 0.285000000000000, 0.117000000000000 ) );
#10758 = CARTESIAN_POINT( '', ( 0.125000000000000, 0.285000000000000, -0.125000000000000 ) );
#10759 = VECTOR( '', #13788, 39.3700787402000 );
#10760 = CARTESIAN_POINT( '', ( 0.175000000000000, 0.285000000000000, 0.117000000000000 ) );
#10761 = CARTESIAN_POINT( '', ( 0.229000000000000, 0.285000000000000, 0.117000000000000 ) );
#10762 = VECTOR( '', #13789, 39.3700787402000 );
#10763 = CARTESIAN_POINT( '', ( 0.175000000000000, 0.285000000000000, 0.125000000000000 ) );
#10764 = CARTESIAN_POINT( '', ( 0.174999999999999, 0.285000000000000, -0.125000000000000 ) );
#10765 = VECTOR( '', #13790, 39.3700787402000 );
#10766 = CARTESIAN_POINT( '', ( 0.229000000000000, 0.285000000000000, 0.125000000000000 ) );
#10767 = CARTESIAN_POINT( '', ( 0.229000000000000, 0.285000000000000, 0.125000000000000 ) );
#10768 = VECTOR( '', #13791, 39.3700787402000 );
#10769 = CARTESIAN_POINT( '', ( 0.229000000000000, 0.285000000000000, -0.125000000000000 ) );
#10770 = CARTESIAN_POINT( '', ( 0.229000000000000, 0.285000000000000, -0.125000000000000 ) );
#10771 = VECTOR( '', #13792, 39.3700787402000 );
#10772 = CARTESIAN_POINT( '', ( 0.175000000000000, 0.285000000000000, -0.125000000000000 ) );
#10773 = CARTESIAN_POINT( '', ( 0.229000000000000, 0.285000000000000, -0.125000000000000 ) );
#10774 = VECTOR( '', #13793, 39.3700787402000 );
#10775 = CARTESIAN_POINT( '', ( 0.175000000000000, 0.285000000000000, -0.117000000000000 ) );
#10776 = CARTESIAN_POINT( '', ( 0.175000000000000, 0.285000000000000, -0.125000000000000 ) );
#10777 = VECTOR( '', #13794, 39.3700787402000 );
#10778 = CARTESIAN_POINT( '', ( 0.125000000000000, 0.285000000000000, -0.117000000000000 ) );
#10779 = CARTESIAN_POINT( '', ( 0.229000000000000, 0.285000000000000, -0.117000000000000 ) );
#10780 = VECTOR( '', #13795, 39.3700787402000 );
#10781 = CARTESIAN_POINT( '', ( 0.125000000000000, 0.285000000000000, -0.125000000000000 ) );
#10782 = CARTESIAN_POINT( '', ( 0.125000000000000, 0.285000000000000, -0.125000000000000 ) );
#10783 = VECTOR( '', #13796, 39.3700787402000 );
#10784 = CARTESIAN_POINT( '', ( 0.0750000000000000, 0.285000000000000, -0.125000000000000 ) );
#10785 = CARTESIAN_POINT( '', ( 0.229000000000000, 0.285000000000000, -0.125000000000000 ) );
#10786 = VECTOR( '', #13797, 39.3700787402000 );
#10787 = CARTESIAN_POINT( '', ( 0.0750000000000000, 0.285000000000000, -0.117000000000000 ) );
#10788 = CARTESIAN_POINT( '', ( 0.0750000000000000, 0.285000000000000, -0.125000000000000 ) );
#10789 = VECTOR( '', #13798, 39.3700787402000 );
#10790 = CARTESIAN_POINT( '', ( 0.0250000000000000, 0.285000000000000, -0.117000000000000 ) );
#10791 = CARTESIAN_POINT( '', ( 0.229000000000000, 0.285000000000000, -0.117000000000000 ) );
#10792 = VECTOR( '', #13799, 39.3700787402000 );
#10793 = CARTESIAN_POINT( '', ( 0.0250000000000000, 0.285000000000000, -0.125000000000000 ) );
#10794 = CARTESIAN_POINT( '', ( 0.0250000000000000, 0.285000000000000, -0.125000000000000 ) );
#10795 = VECTOR( '', #13800, 39.3700787402000 );
#10796 = CARTESIAN_POINT( '', ( -0.0250000000000000, 0.285000000000000, -0.125000000000000 ) );
#10797 = CARTESIAN_POINT( '', ( 0.229000000000000, 0.285000000000000, -0.125000000000000 ) );
#10798 = VECTOR( '', #13801, 39.3700787402000 );
#10799 = CARTESIAN_POINT( '', ( -0.0250000000000000, 0.285000000000000, -0.117000000000000 ) );
#10800 = CARTESIAN_POINT( '', ( -0.0250000000000000, 0.285000000000000, -0.124999999999999 ) );
#10801 = VECTOR( '', #13802, 39.3700787402000 );
#10802 = CARTESIAN_POINT( '', ( -0.0750000000000000, 0.285000000000000, -0.117000000000000 ) );
#10803 = CARTESIAN_POINT( '', ( 0.229000000000000, 0.285000000000000, -0.117000000000000 ) );
#10804 = VECTOR( '', #13803, 39.3700787402000 );
#10805 = CARTESIAN_POINT( '', ( -0.0750000000000000, 0.285000000000000, -0.125000000000000 ) );
#10806 = CARTESIAN_POINT( '', ( -0.0750000000000000, 0.285000000000000, -0.125000000000000 ) );
#10807 = VECTOR( '', #13804, 39.3700787402000 );
#10808 = CARTESIAN_POINT( '', ( -0.125000000000000, 0.285000000000000, -0.125000000000000 ) );
#10809 = CARTESIAN_POINT( '', ( 0.229000000000000, 0.285000000000000, -0.125000000000000 ) );
#10810 = VECTOR( '', #13805, 39.3700787402000 );
#10811 = CARTESIAN_POINT( '', ( -0.125000000000000, 0.285000000000000, -0.117000000000000 ) );
#10812 = CARTESIAN_POINT( '', ( -0.125000000000000, 0.285000000000000, -0.125000000000000 ) );
#10813 = VECTOR( '', #13806, 39.3700787402000 );
#10814 = CARTESIAN_POINT( '', ( 0.229000000000000, 0.285000000000000, -0.117000000000000 ) );
#10815 = VECTOR( '', #13807, 39.3700787402000 );
#10816 = CARTESIAN_POINT( '', ( -0.0650000000000000, 0.285000000000000, -0.0100000000000000 ) );
#10817 = CARTESIAN_POINT( '', ( -0.0650000000000000, 0.285000000000000, 0.0100000000000000 ) );
#10818 = CARTESIAN_POINT( '', ( -0.0650000000000000, 0.285000000000000, -0.0165000000000000 ) );
#10819 = VECTOR( '', #13808, 39.3700787402000 );
#10820 = CARTESIAN_POINT( '', ( -0.0900000000000001, 0.285000000000000, -0.0100000000000000 ) );
#10821 = CARTESIAN_POINT( '', ( 0.200000000000000, 0.285000000000000, -0.0100000000000000 ) );
#10822 = VECTOR( '', #13809, 39.3700787402000 );
#10823 = CARTESIAN_POINT( '', ( -0.0900000000000000, 0.285000000000000, -0.0253174307118155 ) );
#10824 = CARTESIAN_POINT( '', ( -0.0900000000000000, 0.285000000000000, 0.125000000000000 ) );
#10825 = VECTOR( '', #13810, 39.3700787402000 );
#10826 = CARTESIAN_POINT( '', ( -0.110000000000000, 0.285000000000000, -0.0253174307118155 ) );
#10827 = CARTESIAN_POINT( '', ( -0.0750000000000000, 0.285000000000000, -0.0253174307118155 ) );
#10828 = VECTOR( '', #13811, 39.3700787402000 );
#10829 = CARTESIAN_POINT( '', ( -0.110000000000000, 0.285000000000000, -0.0100000000000000 ) );
#10830 = CARTESIAN_POINT( '', ( -0.110000000000000, 0.285000000000000, 0.125000000000000 ) );
#10831 = VECTOR( '', #13812, 39.3700787402000 );
#10832 = CARTESIAN_POINT( '', ( -0.135000000000000, 0.285000000000000, -0.0100000000000000 ) );
#10833 = CARTESIAN_POINT( '', ( 0.200000000000000, 0.285000000000000, -0.0100000000000000 ) );
#10834 = VECTOR( '', #13813, 39.3700787402000 );
#10835 = CARTESIAN_POINT( '', ( -0.135000000000000, 0.285000000000000, 0.0100000000000000 ) );
#10836 = CARTESIAN_POINT( '', ( -0.135000000000000, 0.285000000000000, 0.0185000000000000 ) );
#10837 = VECTOR( '', #13814, 39.3700787402000 );
#10838 = CARTESIAN_POINT( '', ( -0.110000000000000, 0.285000000000000, 0.0100000000000000 ) );
#10839 = CARTESIAN_POINT( '', ( 0.200000000000000, 0.285000000000000, 0.0100000000000000 ) );
#10840 = VECTOR( '', #13815, 39.3700787402000 );
#10841 = CARTESIAN_POINT( '', ( -0.110000000000000, 0.285000000000000, 0.110000000000000 ) );
#10842 = CARTESIAN_POINT( '', ( -0.110000000000000, 0.285000000000000, 0.125000000000000 ) );
#10843 = VECTOR( '', #13816, 39.3700787402000 );
#10844 = CARTESIAN_POINT( '', ( -0.190000000000000, 0.285000000000000, 0.110000000000000 ) );
#10845 = CARTESIAN_POINT( '', ( 0.200000000000000, 0.285000000000000, 0.110000000000000 ) );
#10846 = VECTOR( '', #13817, 39.3700787402000 );
#10847 = CARTESIAN_POINT( '', ( -0.190000000000000, 0.285000000000000, 0.0100000000000000 ) );
#10848 = CARTESIAN_POINT( '', ( -0.190000000000000, 0.285000000000000, 0.125000000000000 ) );
#10849 = VECTOR( '', #13818, 39.3700787402000 );
#10850 = CARTESIAN_POINT( '', ( -0.165000000000000, 0.285000000000000, 0.0100000000000000 ) );
#10851 = CARTESIAN_POINT( '', ( 0.200000000000000, 0.285000000000000, 0.0100000000000000 ) );
#10852 = VECTOR( '', #13819, 39.3700787402000 );
#10853 = CARTESIAN_POINT( '', ( -0.165000000000000, 0.285000000000000, -0.0100000000000000 ) );
#10854 = CARTESIAN_POINT( '', ( -0.165000000000000, 0.285000000000000, -0.0165000000000000 ) );
#10855 = VECTOR( '', #13820, 39.3700787402000 );
#10856 = CARTESIAN_POINT( '', ( -0.190000000000000, 0.285000000000000, -0.0100000000000000 ) );
#10857 = CARTESIAN_POINT( '', ( 0.200000000000000, 0.285000000000000, -0.0100000000000000 ) );
#10858 = VECTOR( '', #13821, 39.3700787402000 );
#10859 = CARTESIAN_POINT( '', ( -0.190000000000000, 0.285000000000000, -0.110000000000000 ) );
#10860 = CARTESIAN_POINT( '', ( -0.190000000000000, 0.285000000000000, 0.125000000000000 ) );
#10861 = VECTOR( '', #13822, 39.3700787402000 );
#10862 = CARTESIAN_POINT( '', ( -0.110000000000000, 0.285000000000000, -0.110000000000000 ) );
#10863 = CARTESIAN_POINT( '', ( 0.200000000000000, 0.285000000000000, -0.110000000000000 ) );
#10864 = VECTOR( '', #13823, 39.3700787402000 );
#10865 = CARTESIAN_POINT( '', ( -0.110000000000000, 0.285000000000000, -0.0556825692881845 ) );
#10866 = CARTESIAN_POINT( '', ( -0.110000000000000, 0.285000000000000, 0.125000000000000 ) );
#10867 = VECTOR( '', #13824, 39.3700787402000 );
#10868 = CARTESIAN_POINT( '', ( -0.0900000000000000, 0.285000000000000, -0.0556825692881845 ) );
#10869 = CARTESIAN_POINT( '', ( -0.0750000000000000, 0.285000000000000, -0.0556825692881845 ) );
#10870 = VECTOR( '', #13825, 39.3700787402000 );
#10871 = CARTESIAN_POINT( '', ( -0.0900000000000001, 0.285000000000000, -0.110000000000000 ) );
#10872 = CARTESIAN_POINT( '', ( -0.0900000000000000, 0.285000000000000, 0.125000000000000 ) );
#10873 = VECTOR( '', #13826, 39.3700787402000 );
#10874 = CARTESIAN_POINT( '', ( 0.200000000000000, 0.285000000000000, -0.110000000000000 ) );
#10875 = VECTOR( '', #13827, 39.3700787402000 );
#10876 = CARTESIAN_POINT( '', ( -0.0350000000000000, 0.285000000000000, -0.0100000000000000 ) );
#10877 = CARTESIAN_POINT( '', ( 0.200000000000000, 0.285000000000000, -0.0100000000000000 ) );
#10878 = VECTOR( '', #13828, 39.3700787402000 );
#10879 = CARTESIAN_POINT( '', ( -0.0350000000000000, 0.285000000000000, 0.0100000000000000 ) );
#10880 = CARTESIAN_POINT( '', ( -0.0350000000000000, 0.285000000000000, 0.0185000000000000 ) );
#10881 = VECTOR( '', #13829, 39.3700787402000 );
#10882 = CARTESIAN_POINT( '', ( -0.0100000000000000, 0.285000000000000, 0.0100000000000000 ) );
#10883 = CARTESIAN_POINT( '', ( 0.200000000000000, 0.285000000000000, 0.0100000000000000 ) );
#10884 = VECTOR( '', #13830, 39.3700787402000 );
#10885 = CARTESIAN_POINT( '', ( -0.0100000000000000, 0.285000000000000, 0.110000000000000 ) );
#10886 = CARTESIAN_POINT( '', ( -0.0100000000000000, 0.285000000000000, 0.125000000000000 ) );
#10887 = VECTOR( '', #13831, 39.3700787402000 );
#10888 = CARTESIAN_POINT( '', ( -0.0900000000000001, 0.285000000000000, 0.110000000000000 ) );
#10889 = CARTESIAN_POINT( '', ( 0.200000000000000, 0.285000000000000, 0.110000000000000 ) );
#10890 = VECTOR( '', #13832, 39.3700787402000 );
#10891 = CARTESIAN_POINT( '', ( -0.0900000000000001, 0.285000000000000, 0.00999999999999999 ) );
#10892 = CARTESIAN_POINT( '', ( -0.0900000000000000, 0.285000000000000, 0.125000000000000 ) );
#10893 = VECTOR( '', #13833, 39.3700787402000 );
#10894 = CARTESIAN_POINT( '', ( 0.200000000000000, 0.285000000000000, 0.0100000000000000 ) );
#10895 = VECTOR( '', #13834, 39.3700787402000 );
#10896 = CARTESIAN_POINT( '', ( 0.135000000000000, 0.285000000000000, -0.0100000000000000 ) );
#10897 = CARTESIAN_POINT( '', ( 0.135000000000000, 0.285000000000000, 0.0100000000000000 ) );
#10898 = CARTESIAN_POINT( '', ( 0.135000000000000, 0.285000000000000, -0.0165000000000000 ) );
#10899 = VECTOR( '', #13835, 39.3700787402000 );
#10900 = CARTESIAN_POINT( '', ( 0.110000000000000, 0.285000000000000, -0.0100000000000000 ) );
#10901 = CARTESIAN_POINT( '', ( 0.200000000000000, 0.285000000000000, -0.0100000000000000 ) );
#10902 = VECTOR( '', #13836, 39.3700787402000 );
#10903 = CARTESIAN_POINT( '', ( 0.110000000000000, 0.285000000000000, -0.0253174307118155 ) );
#10904 = CARTESIAN_POINT( '', ( 0.110000000000000, 0.285000000000000, 0.125000000000000 ) );
#10905 = VECTOR( '', #13837, 39.3700787402000 );
#10906 = CARTESIAN_POINT( '', ( 0.0900000000000000, 0.285000000000000, -0.0253174307118155 ) );
#10907 = CARTESIAN_POINT( '', ( 0.125000000000000, 0.285000000000000, -0.0253174307118155 ) );
#10908 = VECTOR( '', #13838, 39.3700787402000 );
#10909 = CARTESIAN_POINT( '', ( 0.0900000000000000, 0.285000000000000, -0.0100000000000000 ) );
#10910 = CARTESIAN_POINT( '', ( 0.0900000000000000, 0.285000000000000, 0.125000000000000 ) );
#10911 = VECTOR( '', #13839, 39.3700787402000 );
#10912 = CARTESIAN_POINT( '', ( 0.0650000000000000, 0.285000000000000, -0.0100000000000000 ) );
#10913 = CARTESIAN_POINT( '', ( 0.200000000000000, 0.285000000000000, -0.0100000000000000 ) );
#10914 = VECTOR( '', #13840, 39.3700787402000 );
#10915 = CARTESIAN_POINT( '', ( 0.0650000000000000, 0.285000000000000, 0.0100000000000000 ) );
#10916 = CARTESIAN_POINT( '', ( 0.0650000000000000, 0.285000000000000, 0.0185000000000000 ) );
#10917 = VECTOR( '', #13841, 39.3700787402000 );
#10918 = CARTESIAN_POINT( '', ( 0.200000000000000, 0.285000000000000, 0.0100000000000000 ) );
#10919 = VECTOR( '', #13842, 39.3700787402000 );
#10920 = CARTESIAN_POINT( '', ( 0.00999999999999998, 0.285000000000000, 0.110000000000000 ) );
#10921 = CARTESIAN_POINT( '', ( 0.200000000000000, 0.285000000000000, 0.110000000000000 ) );
#10922 = VECTOR( '', #13843, 39.3700787402000 );
#10923 = CARTESIAN_POINT( '', ( 0.00999999999999998, 0.285000000000000, 0.0100000000000000 ) );
#10924 = CARTESIAN_POINT( '', ( 0.00999999999999998, 0.285000000000000, 0.125000000000000 ) );
#10925 = VECTOR( '', #13844, 39.3700787402000 );
#10926 = CARTESIAN_POINT( '', ( 0.0350000000000000, 0.285000000000000, 0.0100000000000000 ) );
#10927 = CARTESIAN_POINT( '', ( 0.200000000000000, 0.285000000000000, 0.0100000000000000 ) );
#10928 = VECTOR( '', #13845, 39.3700787402000 );
#10929 = CARTESIAN_POINT( '', ( 0.0350000000000000, 0.285000000000000, -0.0100000000000000 ) );
#10930 = CARTESIAN_POINT( '', ( 0.0350000000000000, 0.285000000000000, -0.0165000000000000 ) );
#10931 = VECTOR( '', #13846, 39.3700787402000 );
#10932 = CARTESIAN_POINT( '', ( 0.00999999999999998, 0.285000000000000, -0.0100000000000000 ) );
#10933 = CARTESIAN_POINT( '', ( 0.200000000000000, 0.285000000000000, -0.0100000000000000 ) );
#10934 = VECTOR( '', #13847, 39.3700787402000 );
#10935 = CARTESIAN_POINT( '', ( 0.00999999999999998, 0.285000000000000, -0.110000000000000 ) );
#10936 = CARTESIAN_POINT( '', ( 0.00999999999999998, 0.285000000000000, 0.125000000000000 ) );
#10937 = VECTOR( '', #13848, 39.3700787402000 );
#10938 = CARTESIAN_POINT( '', ( 0.0900000000000000, 0.285000000000000, -0.110000000000000 ) );
#10939 = CARTESIAN_POINT( '', ( 0.200000000000000, 0.285000000000000, -0.110000000000000 ) );
#10940 = VECTOR( '', #13849, 39.3700787402000 );
#10941 = CARTESIAN_POINT( '', ( 0.0900000000000000, 0.285000000000000, -0.0556825692881845 ) );
#10942 = CARTESIAN_POINT( '', ( 0.0900000000000000, 0.285000000000000, 0.125000000000000 ) );
#10943 = VECTOR( '', #13850, 39.3700787402000 );
#10944 = CARTESIAN_POINT( '', ( 0.110000000000000, 0.285000000000000, -0.0556825692881845 ) );
#10945 = CARTESIAN_POINT( '', ( 0.125000000000000, 0.285000000000000, -0.0556825692881845 ) );
#10946 = VECTOR( '', #13851, 39.3700787402000 );
#10947 = CARTESIAN_POINT( '', ( 0.110000000000000, 0.285000000000000, -0.110000000000000 ) );
#10948 = CARTESIAN_POINT( '', ( 0.110000000000000, 0.285000000000000, 0.125000000000000 ) );
#10949 = VECTOR( '', #13852, 39.3700787402000 );
#10950 = CARTESIAN_POINT( '', ( 0.190000000000000, 0.285000000000000, -0.110000000000000 ) );
#10951 = CARTESIAN_POINT( '', ( 0.200000000000000, 0.285000000000000, -0.110000000000000 ) );
#10952 = VECTOR( '', #13853, 39.3700787402000 );
#10953 = CARTESIAN_POINT( '', ( 0.190000000000000, 0.285000000000000, -0.0100000000000000 ) );
#10954 = CARTESIAN_POINT( '', ( 0.190000000000000, 0.285000000000000, 0.125000000000000 ) );
#10955 = VECTOR( '', #13854, 39.3700787402000 );
#10956 = CARTESIAN_POINT( '', ( 0.165000000000000, 0.285000000000000, -0.0100000000000000 ) );
#10957 = CARTESIAN_POINT( '', ( 0.200000000000000, 0.285000000000000, -0.0100000000000000 ) );
#10958 = VECTOR( '', #13855, 39.3700787402000 );
#10959 = CARTESIAN_POINT( '', ( 0.165000000000000, 0.285000000000000, 0.0100000000000000 ) );
#10960 = CARTESIAN_POINT( '', ( 0.165000000000000, 0.285000000000000, 0.0185000000000000 ) );
#10961 = VECTOR( '', #13856, 39.3700787402000 );
#10962 = CARTESIAN_POINT( '', ( 0.190000000000000, 0.285000000000000, 0.0100000000000000 ) );
#10963 = CARTESIAN_POINT( '', ( 0.200000000000000, 0.285000000000000, 0.0100000000000000 ) );
#10964 = VECTOR( '', #13857, 39.3700787402000 );
#10965 = CARTESIAN_POINT( '', ( 0.190000000000000, 0.285000000000000, 0.110000000000000 ) );
#10966 = CARTESIAN_POINT( '', ( 0.190000000000000, 0.285000000000000, 0.125000000000000 ) );
#10967 = VECTOR( '', #13858, 39.3700787402000 );
#10968 = CARTESIAN_POINT( '', ( 0.110000000000000, 0.285000000000000, 0.110000000000000 ) );
#10969 = CARTESIAN_POINT( '', ( 0.200000000000000, 0.285000000000000, 0.110000000000000 ) );
#10970 = VECTOR( '', #13859, 39.3700787402000 );
#10971 = CARTESIAN_POINT( '', ( 0.110000000000000, 0.285000000000000, 0.0100000000000000 ) );
#10972 = CARTESIAN_POINT( '', ( 0.110000000000000, 0.285000000000000, 0.125000000000000 ) );
#10973 = VECTOR( '', #13860, 39.3700787402000 );
#10974 = CARTESIAN_POINT( '', ( 0.200000000000000, 0.285000000000000, 0.0100000000000000 ) );
#10975 = VECTOR( '', #13861, 39.3700787402000 );
#10976 = COLOUR_RGB( '', 0.689999997600000, 0.689999997600000, 0.689999997600000 );
#10977 = CARTESIAN_POINT( '', ( -0.0415000000000000, 0.235000000000000, 0.190000000000000 ) );
#10978 = CARTESIAN_POINT( '', ( 0.0415000000000000, 0.235000000000000, 0.190000000000000 ) );
#10979 = CARTESIAN_POINT( '', ( -0.0415000000000000, 0.235000000000000, 0.190000000000000 ) );
#10980 = VECTOR( '', #13862, 39.3700787402000 );
#10981 = CARTESIAN_POINT( '', ( -0.0415000000000000, 0.235000000000000, 0.193000000000000 ) );
#10982 = CARTESIAN_POINT( '', ( -0.0415000000000000, 0.235000000000000, 0.203000000000000 ) );
#10983 = VECTOR( '', #13863, 39.3700787402000 );
#10984 = CARTESIAN_POINT( '', ( 0.0415000000000000, 0.235000000000000, 0.193000000000000 ) );
#10985 = CARTESIAN_POINT( '', ( 0.0790000000000000, 0.235000000000000, 0.193000000000000 ) );
#10986 = VECTOR( '', #13864, 39.3700787402000 );
#10987 = CARTESIAN_POINT( '', ( 0.0415000000000000, 0.235000000000000, 0.115000000000000 ) );
#10988 = VECTOR( '', #13865, 39.3700787402000 );
#10989 = COLOUR_RGB( '', 0.689999997600000, 0.689999997600000, 0.689999997600000 );
#10990 = CARTESIAN_POINT( '', ( 0.0750000000000000, 0.280000000000000, 0.125000000000000 ) );
#10991 = CARTESIAN_POINT( '', ( 0.0750000000000000, 0.280000000000000, 0.117000000000000 ) );
#10992 = CARTESIAN_POINT( '', ( 0.0750000000000000, 0.280000000000000, 0.117000000000000 ) );
#10993 = VECTOR( '', #13866, 39.3700787402000 );
#10994 = CARTESIAN_POINT( '', ( 0.0750000000000000, 0.0500000000000000, 0.125000000000000 ) );
#10995 = VECTOR( '', #13867, 39.3700787402000 );
#10996 = CARTESIAN_POINT( '', ( 0.0750000000000000, 0.0500000000000000, 0.117000000000000 ) );
#10997 = VECTOR( '', #13868, 39.3700787402000 );
#10998 = COLOUR_RGB( '', 0.689999997600000, 0.689999997600000, 0.689999997600000 );
#10999 = CARTESIAN_POINT( '', ( -0.0189500000000000, 0.505000000000000, -0.0131500000000000 ) );
#11000 = CARTESIAN_POINT( '', ( -0.000874959238607141, 0.444749864128690, -0.0122873276000244 ) );
#11001 = VECTOR( '', #13869, 39.3700787402000 );
#11002 = CARTESIAN_POINT( '', ( -0.0189500000000000, 0.505000000000000, -0.106850000000000 ) );
#11003 = CARTESIAN_POINT( '', ( 0.0596765242496232, 0.242911585834589, -0.110602629566459 ) );
#11004 = VECTOR( '', #13870, 39.3700787402000 );
#11005 = CARTESIAN_POINT( '', ( -0.0189500000000000, 0.505000000000000, -0.106850000000000 ) );
#11006 = VECTOR( '', #13871, 39.3700787402000 );
#11007 = COLOUR_RGB( '', 0.689999997600000, 0.689999997600000, 0.689999997600000 );
#11008 = CARTESIAN_POINT( '', ( 0.0790000000000000, 0.205000000000000, 0.150000000000000 ) );
#11009 = CARTESIAN_POINT( '', ( 0.0790000000000000, 0.205000000000000, 0.163000000000000 ) );
#11010 = CARTESIAN_POINT( '', ( 0.0790000000000000, 0.205000000000000, 0.203000000000000 ) );
#11011 = VECTOR( '', #13872, 39.3700787402000 );
#11012 = CARTESIAN_POINT( '', ( 0.0415000000000000, 0.205000000000000, 0.163000000000000 ) );
#11013 = CARTESIAN_POINT( '', ( 0.112500000000000, 0.205000000000000, 0.163000000000000 ) );
#11014 = VECTOR( '', #13873, 39.3700787402000 );
#11015 = CARTESIAN_POINT( '', ( 0.0415000000000000, 0.205000000000000, 0.150000000000000 ) );
#11016 = CARTESIAN_POINT( '', ( 0.0415000000000000, 0.205000000000000, 0.115000000000000 ) );
#11017 = VECTOR( '', #13874, 39.3700787402000 );
#11018 = CARTESIAN_POINT( '', ( 0.112500000000000, 0.205000000000000, 0.150000000000000 ) );
#11019 = VECTOR( '', #13875, 39.3700787402000 );
#11020 = COLOUR_RGB( '', 0.689999997600000, 0.689999997600000, 0.689999997600000 );
#11021 = CARTESIAN_POINT( '', ( -0.125000000000000, 0.0500000000000000, -0.125000000000000 ) );
#11022 = CARTESIAN_POINT( '', ( -0.125000000000000, 0.0500000000000000, -0.125000000000000 ) );
#11023 = VECTOR( '', #13876, 39.3700787402000 );
#11024 = CARTESIAN_POINT( '', ( -0.125000000000000, 0.0500000000000000, -0.117000000000000 ) );
#11025 = CARTESIAN_POINT( '', ( -0.125000000000000, 0.0500000000000000, -0.125000000000000 ) );
#11026 = VECTOR( '', #13877, 39.3700787402000 );
#11027 = CARTESIAN_POINT( '', ( -0.125000000000000, 0.0500000000000000, -0.117000000000000 ) );
#11028 = VECTOR( '', #13878, 39.3700787402000 );
#11029 = COLOUR_RGB( '', 0.689999997600000, 0.689999997600000, 0.689999997600000 );
#11030 = CARTESIAN_POINT( '', ( 0.192500000000000, 0.000000000000000, -0.0137500000000000 ) );
#11031 = CARTESIAN_POINT( '', ( 0.192500000000000, 0.000000000000000, -0.103250000000000 ) );
#11032 = CARTESIAN_POINT( '', ( 0.192500000000000, 0.000000000000000, -0.0137500000000000 ) );
#11033 = VECTOR( '', #13879, 39.3700787402000 );
#11034 = CARTESIAN_POINT( '', ( 0.192500000000000, 0.118700000000000, -0.0137500000000000 ) );
#11035 = CARTESIAN_POINT( '', ( 0.192500000000000, 0.100000000000000, -0.0137500000000000 ) );
#11036 = VECTOR( '', #13880, 39.3700787402000 );
#11037 = CARTESIAN_POINT( '', ( 0.192500000000000, 0.118700000000000, -0.103250000000000 ) );
#11038 = CARTESIAN_POINT( '', ( 0.192500000000000, 0.118700000000000, -0.0137500000000000 ) );
#11039 = VECTOR( '', #13881, 39.3700787402000 );
#11040 = CARTESIAN_POINT( '', ( 0.192500000000000, 0.100000000000000, -0.103250000000000 ) );
#11041 = VECTOR( '', #13882, 39.3700787402000 );
#11042 = COLOUR_RGB( '', 0.689999997600000, 0.689999997600000, 0.689999997600000 );
#11043 = CARTESIAN_POINT( '', ( -0.0870500000000000, 0.485000000000000, -0.0486984153898350 ) );
#11044 = CARTESIAN_POINT( '', ( -0.0870500000000000, 0.485000000000000, -0.107136363636364 ) );
#11045 = CARTESIAN_POINT( '', ( -0.0870500000000000, 0.485000000000000, 0.125000000000000 ) );
#11046 = VECTOR( '', #13883, 39.3700787402000 );
#11047 = CARTESIAN_POINT( '', ( -0.0867465277140088, 0.486011574286637, -0.0486630904373475 ) );
#11048 = CARTESIAN_POINT( '', ( -0.0853824117980480, 0.490558627339840, -0.0485043038458099 ) );
#11049 = VECTOR( '', #13884, 39.3700787402000 );
#11050 = CARTESIAN_POINT( '', ( -0.0810500000000000, 0.505000000000000, -0.0428577461041740 ) );
#11051 = CARTESIAN_POINT( '', ( -0.0735671152789160, 0.529942949070280, -0.0352319212873286 ) );
#11052 = VECTOR( '', #13885, 39.3700787402000 );
#11053 = CARTESIAN_POINT( '', ( -0.0810500000000000, 0.505000000000000, -0.106850000000000 ) );
#11054 = CARTESIAN_POINT( '', ( -0.0810500000000000, 0.505000000000000, -0.106850000000000 ) );
#11055 = VECTOR( '', #13886, 39.3700787402000 );
#11056 = CARTESIAN_POINT( '', ( -0.118399884008945, 0.380500386636849, -0.108632608100427 ) );
#11057 = VECTOR( '', #13887, 39.3700787402000 );
#11058 = COLOUR_RGB( '', 0.689999997600000, 0.689999997600000, 0.689999997600000 );
#11059 = CARTESIAN_POINT( '', ( 0.0125000000000000, 0.118700000000000, -0.0187500000000000 ) );
#11060 = CARTESIAN_POINT( '', ( 0.0875000000000000, 0.118700000000000, -0.0187500000000000 ) );
#11061 = CARTESIAN_POINT( '', ( 0.0125000000000000, 0.118700000000000, -0.0187500000000000 ) );
#11062 = VECTOR( '', #13888, 39.3700787402000 );
#11063 = CARTESIAN_POINT( '', ( 0.0125000000000000, 0.255000000000000, -0.0187500000000000 ) );
#11064 = CARTESIAN_POINT( '', ( 0.0125000000000000, 0.255000000000000, -0.0187500000000000 ) );
#11065 = VECTOR( '', #13889, 39.3700787402000 );
#11066 = CARTESIAN_POINT( '', ( 0.0875000000000000, 0.255000000000000, -0.0187500000000000 ) );
#11067 = CARTESIAN_POINT( '', ( 0.0125000000000000, 0.255000000000000, -0.0187500000000000 ) );
#11068 = VECTOR( '', #13890, 39.3700787402000 );
#11069 = CARTESIAN_POINT( '', ( 0.0875000000000000, 0.255000000000000, -0.0187500000000000 ) );
#11070 = VECTOR( '', #13891, 39.3700787402000 );
#11071 = COLOUR_RGB( '', 0.689999997600000, 0.689999997600000, 0.689999997600000 );
#11072 = CARTESIAN_POINT( '', ( 0.0350000000000000, 0.405000000000000, 0.193000000000000 ) );
#11073 = CARTESIAN_POINT( '', ( 0.0350000000000000, 0.485000000000000, 0.193000000000000 ) );
#11074 = CARTESIAN_POINT( '', ( 0.0350000000000000, 0.355000000000000, 0.193000000000000 ) );
#11075 = VECTOR( '', #13892, 39.3700787402000 );
#11076 = CARTESIAN_POINT( '', ( 0.0350000000000000, 0.405000000000000, 0.185212161291819 ) );
#11077 = CARTESIAN_POINT( '', ( 0.0350000000000000, 0.405000000000000, 0.193000000000000 ) );
#11078 = VECTOR( '', #13893, 39.3700787402000 );
#11079 = CARTESIAN_POINT( '', ( 0.0350000000000000, 0.405000000000000, 0.185212161291819 ) );
#11080 = VECTOR( '', #13894, 39.3700787402000 );
#11081 = CARTESIAN_POINT( '', ( 0.0350000000000000, 0.433110366102054, 0.139000000000000 ) );
#11082 = CARTESIAN_POINT( '', ( 0.0350000000000000, 0.390000000000000, 0.139000000000000 ) );
#11083 = VECTOR( '', #13895, 39.3700787402000 );
#11084 = CARTESIAN_POINT( '', ( 0.0350000000000000, 0.485000000000000, 0.174000000000000 ) );
#11085 = CARTESIAN_POINT( '', ( 0.0350000000000000, 0.433110366102054, 0.139000000000000 ) );
#11086 = VECTOR( '', #13896, 39.3700787402000 );
#11087 = CARTESIAN_POINT( '', ( 0.0350000000000000, 0.485000000000000, 0.174000000000000 ) );
#11088 = VECTOR( '', #13897, 39.3700787402000 );
#11089 = COLOUR_RGB( '', 0.689999997600000, 0.689999997600000, 0.689999997600000 );
#11090 = CARTESIAN_POINT( '', ( -0.0205000000000000, 0.255000000000000, 0.0952500000000000 ) );
#11091 = CARTESIAN_POINT( '', ( -0.0795000000000000, 0.255000000000000, 0.0952500000000000 ) );
#11092 = CARTESIAN_POINT( '', ( 0.100000000000000, 0.255000000000000, 0.0952500000000000 ) );
#11093 = VECTOR( '', #13898, 39.3700787402000 );
#11094 = CARTESIAN_POINT( '', ( -0.0795000000000000, 0.350000000000000, 0.0952500000000000 ) );
#11095 = CARTESIAN_POINT( '', ( -0.0795000000000000, 0.350000000000000, 0.0952500000000000 ) );
#11096 = VECTOR( '', #13899, 39.3700787402000 );
#11097 = CARTESIAN_POINT( '', ( -0.0205000000000000, 0.350000000000000, 0.0952500000000000 ) );
#11098 = CARTESIAN_POINT( '', ( -0.0795000000000000, 0.350000000000000, 0.0952500000000000 ) );
#11099 = VECTOR( '', #13900, 39.3700787402000 );
#11100 = CARTESIAN_POINT( '', ( -0.0205000000000000, 0.350000000000000, 0.0952500000000000 ) );
#11101 = VECTOR( '', #13901, 39.3700787402000 );
#11102 = COLOUR_RGB( '', 0.689999997600000, 0.689999997600000, 0.689999997600000 );
#11103 = CARTESIAN_POINT( '', ( -0.0899070673246477, 0.291300520362872, -0.0554625502689146 ) );
#11104 = VECTOR( '', #13902, 39.3700787402000 );
#11105 = CARTESIAN_POINT( '', ( -0.0899369335251788, 0.289275693208218, -0.109938779847246 ) );
#11106 = VECTOR( '', #13903, 39.3700787402000 );
#11107 = COLOUR_RGB( '', 0.689999997600000, 0.689999997600000, 0.689999997600000 );
#11108 = CARTESIAN_POINT( '', ( -0.179500000000000, 0.255000000000000, -0.0952500000000000 ) );
#11109 = CARTESIAN_POINT( '', ( -0.120500000000000, 0.255000000000000, -0.0952500000000000 ) );
#11110 = CARTESIAN_POINT( '', ( 0.000000000000000, 0.255000000000000, -0.0952500000000000 ) );
#11111 = VECTOR( '', #13904, 39.3700787402000 );
#11112 = CARTESIAN_POINT( '', ( -0.120500000000000, 0.350000000000000, -0.0952500000000000 ) );
#11113 = CARTESIAN_POINT( '', ( -0.120500000000000, 0.350000000000000, -0.0952500000000000 ) );
#11114 = VECTOR( '', #13905, 39.3700787402000 );
#11115 = CARTESIAN_POINT( '', ( -0.179500000000000, 0.350000000000000, -0.0952500000000000 ) );
#11116 = CARTESIAN_POINT( '', ( -0.120500000000000, 0.350000000000000, -0.0952500000000000 ) );
#11117 = VECTOR( '', #13906, 39.3700787402000 );
#11118 = CARTESIAN_POINT( '', ( -0.179500000000000, 0.350000000000000, -0.0952500000000000 ) );
#11119 = VECTOR( '', #13907, 39.3700787402000 );
#11120 = COLOUR_RGB( '', 0.689999997600000, 0.689999997600000, 0.689999997600000 );
#11121 = CARTESIAN_POINT( '', ( -0.113253472285991, 0.486011574286637, -0.0486630904373476 ) );
#11122 = CARTESIAN_POINT( '', ( -0.0750000000000000, 0.486011574286637, -0.0486630904373475 ) );
#11123 = VECTOR( '', #13908, 39.3700787402000 );
#11124 = CARTESIAN_POINT( '', ( -0.118950000000000, 0.505000000000000, -0.0428577461041740 ) );
#11125 = CARTESIAN_POINT( '', ( -0.131959001221415, 0.548363337404717, -0.0296002434091081 ) );
#11126 = VECTOR( '', #13909, 39.3700787402000 );
#11127 = CARTESIAN_POINT( '', ( -0.0750000000000000, 0.505000000000000, -0.0428577461041740 ) );
#11128 = VECTOR( '', #13910, 39.3700787402000 );
#11129 = COLOUR_RGB( '', 0.689999997600000, 0.689999997600000, 0.689999997600000 );
#11130 = CARTESIAN_POINT( '', ( 0.165500000000000, 0.480000000000000, 0.0655000000000000 ) );
#11131 = CARTESIAN_POINT( '', ( 0.165500000000000, 0.480000000000000, 0.0345000000000000 ) );
#11132 = CARTESIAN_POINT( '', ( 0.165500000000000, 0.480000000000000, 0.0655000000000000 ) );
#11133 = VECTOR( '', #13911, 39.3700787402000 );
#11134 = CARTESIAN_POINT( '', ( 0.165500000000000, 0.505000000000000, 0.0655000000000000 ) );
#11135 = CARTESIAN_POINT( '', ( 0.165500000000000, 0.455000000000000, 0.0655000000000000 ) );
#11136 = VECTOR( '', #13912, 39.3700787402000 );
#11137 = CARTESIAN_POINT( '', ( 0.165500000000000, 0.505000000000000, 0.0345000000000000 ) );
#11138 = CARTESIAN_POINT( '', ( 0.165500000000000, 0.505000000000000, 0.0655000000000000 ) );
#11139 = VECTOR( '', #13913, 39.3700787402000 );
#11140 = CARTESIAN_POINT( '', ( 0.165500000000000, 0.455000000000000, 0.0345000000000000 ) );
#11141 = VECTOR( '', #13914, 39.3700787402000 );
#11142 = COLOUR_RGB( '', 0.689999997600000, 0.689999997600000, 0.689999997600000 );
#11143 = CARTESIAN_POINT( '', ( 0.0345000000000000, 0.480000000000000, -0.0655000000000000 ) );
#11144 = CARTESIAN_POINT( '', ( 0.0345000000000000, 0.480000000000000, -0.0345000000000000 ) );
#11145 = CARTESIAN_POINT( '', ( 0.0345000000000000, 0.480000000000000, -0.0655000000000000 ) );
#11146 = VECTOR( '', #13915, 39.3700787402000 );
#11147 = CARTESIAN_POINT( '', ( 0.0345000000000000, 0.505000000000000, -0.0655000000000000 ) );
#11148 = CARTESIAN_POINT( '', ( 0.0345000000000000, 0.455000000000000, -0.0655000000000000 ) );
#11149 = VECTOR( '', #13916, 39.3700787402000 );
#11150 = CARTESIAN_POINT( '', ( 0.0345000000000000, 0.505000000000000, -0.0345000000000000 ) );
#11151 = CARTESIAN_POINT( '', ( 0.0345000000000000, 0.505000000000000, -0.0655000000000000 ) );
#11152 = VECTOR( '', #13917, 39.3700787402000 );
#11153 = CARTESIAN_POINT( '', ( 0.0345000000000000, 0.455000000000000, -0.0345000000000000 ) );
#11154 = VECTOR( '', #13918, 39.3700787402000 );
#11155 = COLOUR_RGB( '', 0.689999997600000, 0.689999997600000, 0.689999997600000 );
#11156 = CARTESIAN_POINT( '', ( -0.134500000000000, 0.480000000000000, 0.0345000000000000 ) );
#11157 = CARTESIAN_POINT( '', ( -0.165500000000000, 0.480000000000000, 0.0345000000000000 ) );
#11158 = CARTESIAN_POINT( '', ( -0.134500000000000, 0.480000000000000, 0.0345000000000000 ) );
#11159 = VECTOR( '', #13919, 39.3700787402000 );
#11160 = CARTESIAN_POINT( '', ( -0.134500000000000, 0.505000000000000, 0.0345000000000000 ) );
#11161 = CARTESIAN_POINT( '', ( -0.134500000000000, 0.455000000000000, 0.0345000000000000 ) );
#11162 = VECTOR( '', #13920, 39.3700787402000 );
#11163 = CARTESIAN_POINT( '', ( -0.165500000000000, 0.505000000000000, 0.0345000000000000 ) );
#11164 = CARTESIAN_POINT( '', ( -0.134500000000000, 0.505000000000000, 0.0345000000000000 ) );
#11165 = VECTOR( '', #13921, 39.3700787402000 );
#11166 = CARTESIAN_POINT( '', ( -0.165500000000000, 0.455000000000000, 0.0345000000000000 ) );
#11167 = VECTOR( '', #13922, 39.3700787402000 );
#11168 = COLOUR_RGB( '', 0.689999997600000, 0.689999997600000, 0.689999997600000 );
#11169 = CARTESIAN_POINT( '', ( 0.0750000000000000, 0.0500000000000000, -0.117000000000000 ) );
#11170 = CARTESIAN_POINT( '', ( 0.0750000000000000, 0.0500000000000000, -0.117000000000000 ) );
#11171 = VECTOR( '', #13923, 39.3700787402000 );
#11172 = CARTESIAN_POINT( '', ( 0.0250000000000000, 0.0500000000000000, -0.117000000000000 ) );
#11173 = CARTESIAN_POINT( '', ( 0.0750000000000000, 0.0500000000000000, -0.117000000000000 ) );
#11174 = VECTOR( '', #13924, 39.3700787402000 );
#11175 = CARTESIAN_POINT( '', ( 0.0250000000000000, 0.0500000000000000, -0.117000000000000 ) );
#11176 = VECTOR( '', #13925, 39.3700787402000 );
#11177 = COLOUR_RGB( '', 0.689999997600000, 0.689999997600000, 0.689999997600000 );
#11178 = CARTESIAN_POINT( '', ( 0.0875000000000000, 0.255000000000000, -0.0982500000000000 ) );
#11179 = CARTESIAN_POINT( '', ( 0.0125000000000000, 0.255000000000000, -0.0982500000000000 ) );
#11180 = CARTESIAN_POINT( '', ( 0.0875000000000000, 0.255000000000000, -0.0982500000000000 ) );
#11181 = VECTOR( '', #13926, 39.3700787402000 );
#11182 = CARTESIAN_POINT( '', ( 0.0875000000000000, 0.255000000000000, -0.0187500000000000 ) );
#11183 = VECTOR( '', #13927, 39.3700787402000 );
#11184 = CARTESIAN_POINT( '', ( 0.0125000000000000, 0.255000000000000, -0.0982500000000000 ) );
#11185 = VECTOR( '', #13928, 39.3700787402000 );
#11186 = CARTESIAN_POINT( '', ( 0.0205000000000000, 0.255000000000000, -0.0952500000000000 ) );
#11187 = CARTESIAN_POINT( '', ( 0.0795000000000000, 0.255000000000000, -0.0952500000000000 ) );
#11188 = CARTESIAN_POINT( '', ( 0.200000000000000, 0.255000000000000, -0.0952500000000000 ) );
#11189 = VECTOR( '', #13929, 39.3700787402000 );
#11190 = CARTESIAN_POINT( '', ( 0.0205000000000000, 0.255000000000000, -0.0217500000000000 ) );
#11191 = CARTESIAN_POINT( '', ( 0.0205000000000000, 0.255000000000000, -0.117000000000000 ) );
#11192 = VECTOR( '', #13930, 39.3700787402000 );
#11193 = CARTESIAN_POINT( '', ( 0.0795000000000000, 0.255000000000000, -0.0217500000000000 ) );
#11194 = CARTESIAN_POINT( '', ( 0.200000000000000, 0.255000000000000, -0.0217500000000000 ) );
#11195 = VECTOR( '', #13931, 39.3700787402000 );
#11196 = CARTESIAN_POINT( '', ( 0.0795000000000000, 0.255000000000000, -0.117000000000000 ) );
#11197 = VECTOR( '', #13932, 39.3700787402000 );
#11198 = COLOUR_RGB( '', 0.689999997600000, 0.689999997600000, 0.689999997600000 );
#11199 = CARTESIAN_POINT( '', ( -0.0125000000000000, 0.255000000000000, -0.0982500000000000 ) );
#11200 = CARTESIAN_POINT( '', ( -0.0875000000000000, 0.255000000000000, -0.0982500000000000 ) );
#11201 = CARTESIAN_POINT( '', ( -0.0125000000000000, 0.255000000000000, -0.0982500000000000 ) );
#11202 = VECTOR( '', #13933, 39.3700787402000 );
#11203 = CARTESIAN_POINT( '', ( -0.0125000000000000, 0.255000000000000, -0.0187500000000000 ) );
#11204 = CARTESIAN_POINT( '', ( -0.0125000000000000, 0.255000000000000, -0.0187500000000000 ) );
#11205 = VECTOR( '', #13934, 39.3700787402000 );
#11206 = CARTESIAN_POINT( '', ( -0.0875000000000000, 0.255000000000000, -0.0187500000000000 ) );
#11207 = CARTESIAN_POINT( '', ( -0.0875000000000000, 0.255000000000000, -0.0187500000000000 ) );
#11208 = VECTOR( '', #13935, 39.3700787402000 );
#11209 = CARTESIAN_POINT( '', ( -0.0875000000000000, 0.255000000000000, -0.0982500000000000 ) );
#11210 = VECTOR( '', #13936, 39.3700787402000 );
#11211 = CARTESIAN_POINT( '', ( -0.0795000000000000, 0.255000000000000, -0.0952500000000000 ) );
#11212 = CARTESIAN_POINT( '', ( -0.0205000000000000, 0.255000000000000, -0.0952500000000000 ) );
#11213 = CARTESIAN_POINT( '', ( 0.100000000000000, 0.255000000000000, -0.0952500000000000 ) );
#11214 = VECTOR( '', #13937, 39.3700787402000 );
#11215 = CARTESIAN_POINT( '', ( -0.0795000000000000, 0.255000000000000, -0.0217500000000000 ) );
#11216 = CARTESIAN_POINT( '', ( -0.0795000000000000, 0.255000000000000, -0.117000000000000 ) );
#11217 = VECTOR( '', #13938, 39.3700787402000 );
#11218 = CARTESIAN_POINT( '', ( -0.0205000000000000, 0.255000000000000, -0.0217500000000000 ) );
#11219 = CARTESIAN_POINT( '', ( 0.100000000000000, 0.255000000000000, -0.0217500000000000 ) );
#11220 = VECTOR( '', #13939, 39.3700787402000 );
#11221 = CARTESIAN_POINT( '', ( -0.0205000000000000, 0.255000000000000, -0.117000000000000 ) );
#11222 = VECTOR( '', #13940, 39.3700787402000 );
#11223 = COLOUR_RGB( '', 0.689999997600000, 0.689999997600000, 0.689999997600000 );
#11224 = CARTESIAN_POINT( '', ( -0.175000000000000, 0.0500000000000000, 0.117000000000000 ) );
#11225 = CARTESIAN_POINT( '', ( -0.175000000000000, 0.0500000000000000, 0.117000000000000 ) );
#11226 = VECTOR( '', #13941, 39.3700787402000 );
#11227 = CARTESIAN_POINT( '', ( -0.125000000000000, 0.0500000000000000, 0.117000000000000 ) );
#11228 = CARTESIAN_POINT( '', ( -0.175000000000000, 0.0500000000000000, 0.117000000000000 ) );
#11229 = VECTOR( '', #13942, 39.3700787402000 );
#11230 = CARTESIAN_POINT( '', ( -0.125000000000000, 0.0500000000000000, 0.117000000000000 ) );
#11231 = VECTOR( '', #13943, 39.3700787402000 );
#11232 = COLOUR_RGB( '', 0.689999997600000, 0.689999997600000, 0.689999997600000 );
#11233 = CARTESIAN_POINT( '', ( 0.112950000000000, 0.485000000000000, -0.0128636363636364 ) );
#11234 = CARTESIAN_POINT( '', ( 0.112950000000000, 0.485000000000000, -0.0323015846101651 ) );
#11235 = CARTESIAN_POINT( '', ( 0.112950000000000, 0.485000000000000, 0.125000000000000 ) );
#11236 = VECTOR( '', #13944, 39.3700787402000 );
#11237 = CARTESIAN_POINT( '', ( 0.109922685397694, 0.279758332047051, -0.0251343876334783 ) );
#11238 = VECTOR( '', #13945, 39.3700787402000 );
#11239 = CARTESIAN_POINT( '', ( 0.113263866662149, 0.506279095738893, -0.0131683143253523 ) );
#11240 = VECTOR( '', #13946, 39.3700787402000 );
#11241 = COLOUR_RGB( '', 0.689999997600000, 0.689999997600000, 0.689999997600000 );
#11242 = CARTESIAN_POINT( '', ( -0.112950000000000, 0.485000000000000, -0.0128636363636364 ) );
#11243 = CARTESIAN_POINT( '', ( -0.112950000000000, 0.485000000000000, -0.0323015846101651 ) );
#11244 = CARTESIAN_POINT( '', ( -0.112950000000000, 0.485000000000000, 0.125000000000000 ) );
#11245 = VECTOR( '', #13947, 39.3700787402000 );
#11246 = CARTESIAN_POINT( '', ( -0.113253472285991, 0.486011574286637, -0.0323369095626525 ) );
#11247 = CARTESIAN_POINT( '', ( -0.117433124124552, 0.499943747081839, -0.0328234317573529 ) );
#11248 = VECTOR( '', #13948, 39.3700787402000 );
#11249 = CARTESIAN_POINT( '', ( -0.118950000000000, 0.505000000000000, -0.0381422538958260 ) );
#11250 = CARTESIAN_POINT( '', ( -0.106306450152273, 0.462854833840910, -0.0252571835258191 ) );
#11251 = VECTOR( '', #13949, 39.3700787402000 );
#11252 = CARTESIAN_POINT( '', ( -0.118950000000000, 0.505000000000000, -0.0131500000000000 ) );
#11253 = CARTESIAN_POINT( '', ( -0.118950000000000, 0.505000000000000, -0.106850000000000 ) );
#11254 = VECTOR( '', #13950, 39.3700787402000 );
#11255 = CARTESIAN_POINT( '', ( -0.0926196311904716, 0.417232103968238, -0.0118933233068180 ) );
#11256 = VECTOR( '', #13951, 39.3700787402000 );
#11257 = COLOUR_RGB( '', 0.689999997600000, 0.689999997600000, 0.689999997600000 );
#11258 = CARTESIAN_POINT( '', ( 0.135000000000000, 0.385000000000000, 0.0114318181818182 ) );
#11259 = CARTESIAN_POINT( '', ( 0.135000000000000, 0.285000000000000, 0.0100000000000000 ) );
#11260 = VECTOR( '', #13952, 39.3700787402000 );
#11261 = CARTESIAN_POINT( '', ( 0.112950000000000, 0.485000000000000, 0.0128636363636364 ) );
#11262 = CARTESIAN_POINT( '', ( 0.110019572354255, 0.286326939271516, 0.0100189993577513 ) );
#11263 = VECTOR( '', #13953, 39.3700787402000 );
#11264 = CARTESIAN_POINT( '', ( 0.118950000000000, 0.505000000000000, 0.0131500000000000 ) );
#11265 = CARTESIAN_POINT( '', ( 0.0650894598947834, 0.325464866315945, 0.0105793833131601 ) );
#11266 = VECTOR( '', #13954, 39.3700787402000 );
#11267 = CARTESIAN_POINT( '', ( 0.181050000000000, 0.505000000000000, 0.0131500000000000 ) );
#11268 = CARTESIAN_POINT( '', ( 0.200000000000000, 0.505000000000000, 0.0131500000000000 ) );
#11269 = VECTOR( '', #13955, 39.3700787402000 );
#11270 = CARTESIAN_POINT( '', ( 0.187050000000000, 0.485000000000000, 0.0128636363636364 ) );
#11271 = CARTESIAN_POINT( '', ( 0.243165868153352, 0.297947106155493, 0.0101853790199537 ) );
#11272 = VECTOR( '', #13956, 39.3700787402000 );
#11273 = CARTESIAN_POINT( '', ( 0.190002174706028, 0.284852562303165, 0.00999788896024987 ) );
#11274 = VECTOR( '', #13957, 39.3700787402000 );
#11275 = CARTESIAN_POINT( '', ( 0.165000000000000, 0.385000000000000, 0.0114318181818182 ) );
#11276 = CARTESIAN_POINT( '', ( 0.165000000000000, 0.285000000000000, 0.0100000000000000 ) );
#11277 = VECTOR( '', #13958, 39.3700787402000 );
#11278 = CARTESIAN_POINT( '', ( 0.200000000000000, 0.385000000000000, 0.0114318181818182 ) );
#11279 = VECTOR( '', #13959, 39.3700787402000 );
#11280 = COLOUR_RGB( '', 0.689999997600000, 0.689999997600000, 0.689999997600000 );
#11281 = CARTESIAN_POINT( '', ( -0.112500000000000, 0.118700000000000, -0.0187500000000000 ) );
#11282 = CARTESIAN_POINT( '', ( -0.112500000000000, 0.118700000000000, -0.0982500000000000 ) );
#11283 = CARTESIAN_POINT( '', ( -0.112500000000000, 0.118700000000000, -0.0187500000000000 ) );
#11284 = VECTOR( '', #13960, 39.3700787402000 );
#11285 = CARTESIAN_POINT( '', ( -0.112500000000000, 0.255000000000000, -0.0187500000000000 ) );
#11286 = CARTESIAN_POINT( '', ( -0.112500000000000, 0.255000000000000, -0.0187500000000000 ) );
#11287 = VECTOR( '', #13961, 39.3700787402000 );
#11288 = CARTESIAN_POINT( '', ( -0.112500000000000, 0.255000000000000, -0.0982500000000000 ) );
#11289 = CARTESIAN_POINT( '', ( -0.112500000000000, 0.255000000000000, -0.0187500000000000 ) );
#11290 = VECTOR( '', #13962, 39.3700787402000 );
#11291 = CARTESIAN_POINT( '', ( -0.112500000000000, 0.255000000000000, -0.0982500000000000 ) );
#11292 = VECTOR( '', #13963, 39.3700787402000 );
#11293 = COLOUR_RGB( '', 0.689999997600000, 0.689999997600000, 0.689999997600000 );
#11294 = CARTESIAN_POINT( '', ( -0.192500000000000, 0.000000000000000, 0.0137500000000000 ) );
#11295 = CARTESIAN_POINT( '', ( -0.192500000000000, 0.000000000000000, 0.103250000000000 ) );
#11296 = CARTESIAN_POINT( '', ( -0.192500000000000, 0.000000000000000, 0.0137500000000000 ) );
#11297 = VECTOR( '', #13964, 39.3700787402000 );
#11298 = CARTESIAN_POINT( '', ( -0.192500000000000, 0.118700000000000, 0.0137500000000000 ) );
#11299 = CARTESIAN_POINT( '', ( -0.192500000000000, 0.100000000000000, 0.0137500000000000 ) );
#11300 = VECTOR( '', #13965, 39.3700787402000 );
#11301 = CARTESIAN_POINT( '', ( -0.192500000000000, 0.118700000000000, 0.103250000000000 ) );
#11302 = CARTESIAN_POINT( '', ( -0.192500000000000, 0.118700000000000, 0.0137500000000000 ) );
#11303 = VECTOR( '', #13966, 39.3700787402000 );
#11304 = CARTESIAN_POINT( '', ( -0.192500000000000, 0.100000000000000, 0.103250000000000 ) );
#11305 = VECTOR( '', #13967, 39.3700787402000 );
#11306 = COLOUR_RGB( '', 0.689999997600000, 0.689999997600000, 0.689999997600000 );
#11307 = CARTESIAN_POINT( '', ( 0.0700000000000000, 0.480000000000000, 0.0805000000000000 ) );
#11308 = CARTESIAN_POINT( '', ( 0.0300000000000000, 0.480000000000000, 0.0805000000000000 ) );
#11309 = CARTESIAN_POINT( '', ( 0.0700000000000000, 0.480000000000000, 0.0805000000000000 ) );
#11310 = VECTOR( '', #13968, 39.3700787402000 );
#11311 = CARTESIAN_POINT( '', ( 0.0700000000000000, 0.505000000000000, 0.0805000000000000 ) );
#11312 = CARTESIAN_POINT( '', ( 0.0700000000000000, 0.362000000000000, 0.0805000000000000 ) );
#11313 = VECTOR( '', #13969, 39.3700787402000 );
#11314 = CARTESIAN_POINT( '', ( 0.0300000000000000, 0.505000000000000, 0.0805000000000000 ) );
#11315 = CARTESIAN_POINT( '', ( 0.0700000000000000, 0.505000000000000, 0.0805000000000000 ) );
#11316 = VECTOR( '', #13970, 39.3700787402000 );
#11317 = CARTESIAN_POINT( '', ( 0.0300000000000000, 0.362000000000000, 0.0805000000000000 ) );
#11318 = VECTOR( '', #13971, 39.3700787402000 );
#11319 = COLOUR_RGB( '', 0.689999997600000, 0.689999997600000, 0.689999997600000 );
#11320 = CARTESIAN_POINT( '', ( 0.0125000000000000, 0.118700000000000, 0.0982500000000000 ) );
#11321 = CARTESIAN_POINT( '', ( 0.0875000000000000, 0.118700000000000, 0.0982500000000000 ) );
#11322 = CARTESIAN_POINT( '', ( 0.0125000000000000, 0.118700000000000, 0.0982500000000000 ) );
#11323 = VECTOR( '', #13972, 39.3700787402000 );
#11324 = CARTESIAN_POINT( '', ( 0.0125000000000000, 0.255000000000000, 0.0982500000000000 ) );
#11325 = CARTESIAN_POINT( '', ( 0.0125000000000000, 0.255000000000000, 0.0982500000000000 ) );
#11326 = VECTOR( '', #13973, 39.3700787402000 );
#11327 = CARTESIAN_POINT( '', ( 0.0875000000000000, 0.255000000000000, 0.0982500000000000 ) );
#11328 = CARTESIAN_POINT( '', ( 0.0125000000000000, 0.255000000000000, 0.0982500000000000 ) );
#11329 = VECTOR( '', #13974, 39.3700787402000 );
#11330 = CARTESIAN_POINT( '', ( 0.0875000000000000, 0.255000000000000, 0.0982500000000000 ) );
#11331 = VECTOR( '', #13975, 39.3700787402000 );
#11332 = COLOUR_RGB( '', 0.689999997600000, 0.689999997600000, 0.689999997600000 );
#11333 = CARTESIAN_POINT( '', ( -0.128500000000000, 0.0500000000000000, 0.176500000000000 ) );
#11334 = CARTESIAN_POINT( '', ( -0.128500000000000, 0.000000000000000, 0.176500000000000 ) );
#11335 = CARTESIAN_POINT( '', ( -0.128500000000000, 0.0500000000000000, 0.176500000000000 ) );
#11336 = VECTOR( '', #13976, 39.3700787402000 );
#11337 = CARTESIAN_POINT( '', ( -0.229000000000000, 0.0500000000000000, 0.176500000000000 ) );
#11338 = CARTESIAN_POINT( '', ( 0.229000000000000, 0.0500000000000000, 0.176500000000000 ) );
#11339 = VECTOR( '', #13977, 39.3700787402000 );
#11340 = CARTESIAN_POINT( '', ( -0.229000000000000, 0.000000000000000, 0.176500000000000 ) );
#11341 = CARTESIAN_POINT( '', ( -0.229000000000000, 0.0500000000000000, 0.176500000000000 ) );
#11342 = VECTOR( '', #13978, 39.3700787402000 );
#11343 = CARTESIAN_POINT( '', ( 0.229000000000000, 0.000000000000000, 0.176500000000000 ) );
#11344 = VECTOR( '', #13979, 39.3700787402000 );
#11345 = COLOUR_RGB( '', 0.689999997600000, 0.689999997600000, 0.689999997600000 );
#11346 = CARTESIAN_POINT( '', ( -0.0470000000000000, 0.485000000000000, 0.225000000000000 ) );
#11347 = CARTESIAN_POINT( '', ( -0.0470000000000000, 0.485000000000000, 0.245000000000000 ) );
#11348 = CARTESIAN_POINT( '', ( -0.0470000000000000, 0.485000000000000, 0.174000000000000 ) );
#11349 = VECTOR( '', #13980, 39.3700787402000 );
#11350 = CARTESIAN_POINT( '', ( -0.0470000000000000, 0.0750000000000000, 0.245000000000000 ) );
#11351 = CARTESIAN_POINT( '', ( -0.0470000000000000, 0.485000000000000, 0.245000000000000 ) );
#11352 = VECTOR( '', #13981, 39.3700787402000 );
#11353 = CARTESIAN_POINT( '', ( -0.0470000000000000, 0.0750000000000000, 0.225000000000000 ) );
#11354 = CARTESIAN_POINT( '', ( -0.0470000000000000, 0.0750000000000000, 0.225000000000000 ) );
#11355 = VECTOR( '', #13982, 39.3700787402000 );
#11356 = CARTESIAN_POINT( '', ( -0.0470000000000000, 0.575000000000000, 0.225000000000000 ) );
#11357 = VECTOR( '', #13983, 39.3700787402000 );
#11358 = COLOUR_RGB( '', 0.689999997600000, 0.689999997600000, 0.689999997600000 );
#11359 = CARTESIAN_POINT( '', ( 0.0655000000000000, 0.480000000000000, -0.0345000000000000 ) );
#11360 = CARTESIAN_POINT( '', ( 0.0655000000000000, 0.480000000000000, -0.0655000000000000 ) );
#11361 = CARTESIAN_POINT( '', ( 0.0655000000000000, 0.480000000000000, -0.0345000000000000 ) );
#11362 = VECTOR( '', #13984, 39.3700787402000 );
#11363 = CARTESIAN_POINT( '', ( 0.0655000000000000, 0.505000000000000, -0.0345000000000000 ) );
#11364 = CARTESIAN_POINT( '', ( 0.0655000000000000, 0.455000000000000, -0.0345000000000000 ) );
#11365 = VECTOR( '', #13985, 39.3700787402000 );
#11366 = CARTESIAN_POINT( '', ( 0.0655000000000000, 0.505000000000000, -0.0655000000000000 ) );
#11367 = CARTESIAN_POINT( '', ( 0.0655000000000000, 0.505000000000000, -0.0345000000000000 ) );
#11368 = VECTOR( '', #13986, 39.3700787402000 );
#11369 = CARTESIAN_POINT( '', ( 0.0655000000000000, 0.455000000000000, -0.0655000000000000 ) );
#11370 = VECTOR( '', #13987, 39.3700787402000 );
#11371 = COLOUR_RGB( '', 0.689999997600000, 0.689999997600000, 0.689999997600000 );
#11372 = CARTESIAN_POINT( '', ( -0.125000000000000, 0.0500000000000000, 0.125000000000000 ) );
#11373 = CARTESIAN_POINT( '', ( -0.125000000000000, 0.0500000000000000, 0.117000000000000 ) );
#11374 = VECTOR( '', #13988, 39.3700787402000 );
#11375 = CARTESIAN_POINT( '', ( -0.125000000000000, 0.0500000000000000, 0.125000000000000 ) );
#11376 = VECTOR( '', #13989, 39.3700787402000 );
#11377 = COLOUR_RGB( '', 0.689999997600000, 0.689999997600000, 0.689999997600000 );
#11378 = CARTESIAN_POINT( '', ( -0.0345000000000000, 0.480000000000000, -0.0345000000000000 ) );
#11379 = CARTESIAN_POINT( '', ( -0.0655000000000000, 0.480000000000000, -0.0345000000000000 ) );
#11380 = VECTOR( '', #13990, 39.3700787402000 );
#11381 = CARTESIAN_POINT( '', ( -0.0345000000000000, 0.505000000000000, -0.0345000000000000 ) );
#11382 = CARTESIAN_POINT( '', ( -0.0655000000000000, 0.505000000000000, -0.0345000000000000 ) );
#11383 = VECTOR( '', #13991, 39.3700787402000 );
#11384 = CARTESIAN_POINT( '', ( -0.0345000000000000, 0.455000000000000, -0.0345000000000000 ) );
#11385 = VECTOR( '', #13992, 39.3700787402000 );
#11386 = COLOUR_RGB( '', 0.689999997600000, 0.689999997600000, 0.689999997600000 );
#11387 = CARTESIAN_POINT( '', ( 0.130000000000000, 0.480000000000000, -0.0805000000000000 ) );
#11388 = CARTESIAN_POINT( '', ( 0.170000000000000, 0.480000000000000, -0.0805000000000000 ) );
#11389 = CARTESIAN_POINT( '', ( 0.130000000000000, 0.480000000000000, -0.0805000000000000 ) );
#11390 = VECTOR( '', #13993, 39.3700787402000 );
#11391 = CARTESIAN_POINT( '', ( 0.130000000000000, 0.505000000000000, -0.0805000000000000 ) );
#11392 = CARTESIAN_POINT( '', ( 0.130000000000000, 0.362000000000000, -0.0805000000000000 ) );
#11393 = VECTOR( '', #13994, 39.3700787402000 );
#11394 = CARTESIAN_POINT( '', ( 0.170000000000000, 0.505000000000000, -0.0805000000000000 ) );
#11395 = CARTESIAN_POINT( '', ( 0.130000000000000, 0.505000000000000, -0.0805000000000000 ) );
#11396 = VECTOR( '', #13995, 39.3700787402000 );
#11397 = CARTESIAN_POINT( '', ( 0.170000000000000, 0.362000000000000, -0.0805000000000000 ) );
#11398 = VECTOR( '', #13996, 39.3700787402000 );
#11399 = COLOUR_RGB( '', 0.689999997600000, 0.689999997600000, 0.689999997600000 );
#11400 = CARTESIAN_POINT( '', ( -0.0350000000000000, 0.433110366102054, 0.139000000000000 ) );
#11401 = CARTESIAN_POINT( '', ( -0.0350000000000000, 0.485000000000000, 0.174000000000000 ) );
#11402 = CARTESIAN_POINT( '', ( -0.0350000000000000, 0.433110366102054, 0.139000000000000 ) );
#11403 = VECTOR( '', #13997, 39.3700787402000 );
#11404 = CARTESIAN_POINT( '', ( -0.0350000000000000, 0.390000000000000, 0.139000000000000 ) );
#11405 = VECTOR( '', #13998, 39.3700787402000 );
#11406 = CARTESIAN_POINT( '', ( -0.0350000000000000, 0.405000000000000, 0.185212161291819 ) );
#11407 = CARTESIAN_POINT( '', ( -0.0350000000000000, 0.405000000000000, 0.185212161291819 ) );
#11408 = VECTOR( '', #13999, 39.3700787402000 );
#11409 = CARTESIAN_POINT( '', ( -0.0350000000000000, 0.405000000000000, 0.193000000000000 ) );
#11410 = CARTESIAN_POINT( '', ( -0.0350000000000000, 0.405000000000000, 0.193000000000000 ) );
#11411 = VECTOR( '', #14000, 39.3700787402000 );
#11412 = CARTESIAN_POINT( '', ( -0.0350000000000000, 0.485000000000000, 0.193000000000000 ) );
#11413 = CARTESIAN_POINT( '', ( -0.0350000000000000, 0.355000000000000, 0.193000000000000 ) );
#11414 = VECTOR( '', #14001, 39.3700787402000 );
#11415 = CARTESIAN_POINT( '', ( -0.0350000000000000, 0.485000000000000, 0.174000000000000 ) );
#11416 = VECTOR( '', #14002, 39.3700787402000 );
#11417 = COLOUR_RGB( '', 0.689999997600000, 0.689999997600000, 0.689999997600000 );
#11418 = CARTESIAN_POINT( '', ( 0.107500000000000, 0.000000000000000, 0.0137500000000000 ) );
#11419 = CARTESIAN_POINT( '', ( 0.107500000000000, 0.000000000000000, 0.103250000000000 ) );
#11420 = CARTESIAN_POINT( '', ( 0.107500000000000, 0.000000000000000, 0.0137500000000000 ) );
#11421 = VECTOR( '', #14003, 39.3700787402000 );
#11422 = CARTESIAN_POINT( '', ( 0.107500000000000, 0.118700000000000, 0.0137500000000000 ) );
#11423 = CARTESIAN_POINT( '', ( 0.107500000000000, 0.100000000000000, 0.0137500000000000 ) );
#11424 = VECTOR( '', #14004, 39.3700787402000 );
#11425 = CARTESIAN_POINT( '', ( 0.107500000000000, 0.118700000000000, 0.103250000000000 ) );
#11426 = CARTESIAN_POINT( '', ( 0.107500000000000, 0.118700000000000, 0.0137500000000000 ) );
#11427 = VECTOR( '', #14005, 39.3700787402000 );
#11428 = CARTESIAN_POINT( '', ( 0.107500000000000, 0.100000000000000, 0.103250000000000 ) );
#11429 = VECTOR( '', #14006, 39.3700787402000 );
#11430 = COLOUR_RGB( '', 0.689999997600000, 0.689999997600000, 0.689999997600000 );
#11431 = CARTESIAN_POINT( '', ( -0.0790000000000000, 0.485000000000000, 0.193000000000000 ) );
#11432 = CARTESIAN_POINT( '', ( 0.0790000000000000, 0.485000000000000, 0.193000000000000 ) );
#11433 = VECTOR( '', #14007, 39.3700787402000 );
#11434 = CARTESIAN_POINT( '', ( -0.0790000000000000, 0.485000000000000, 0.245000000000000 ) );
#11435 = CARTESIAN_POINT( '', ( -0.0790000000000000, 0.485000000000000, 0.174000000000000 ) );
#11436 = VECTOR( '', #14008, 39.3700787402000 );
#11437 = CARTESIAN_POINT( '', ( 0.0790000000000000, 0.485000000000000, 0.245000000000000 ) );
#11438 = VECTOR( '', #14009, 39.3700787402000 );
#11439 = CARTESIAN_POINT( '', ( 0.0470000000000000, 0.485000000000000, 0.225000000000000 ) );
#11440 = CARTESIAN_POINT( '', ( 0.0790000000000000, 0.485000000000000, 0.225000000000000 ) );
#11441 = VECTOR( '', #14010, 39.3700787402000 );
#11442 = CARTESIAN_POINT( '', ( 0.0470000000000000, 0.485000000000000, 0.245000000000000 ) );
#11443 = CARTESIAN_POINT( '', ( 0.0470000000000000, 0.485000000000000, 0.174000000000000 ) );
#11444 = VECTOR( '', #14011, 39.3700787402000 );
#11445 = CARTESIAN_POINT( '', ( 0.0790000000000000, 0.485000000000000, 0.245000000000000 ) );
#11446 = CARTESIAN_POINT( '', ( 0.0790000000000000, 0.485000000000000, 0.245000000000000 ) );
#11447 = VECTOR( '', #14012, 39.3700787402000 );
#11448 = CARTESIAN_POINT( '', ( 0.0790000000000000, 0.485000000000000, 0.193000000000000 ) );
#11449 = CARTESIAN_POINT( '', ( 0.0790000000000000, 0.485000000000000, 0.174000000000000 ) );
#11450 = VECTOR( '', #14013, 39.3700787402000 );
#11451 = CARTESIAN_POINT( '', ( 0.0790000000000000, 0.485000000000000, 0.193000000000000 ) );
#11452 = VECTOR( '', #14014, 39.3700787402000 );
#11453 = CARTESIAN_POINT( '', ( 0.0790000000000000, 0.485000000000000, 0.174000000000000 ) );
#11454 = VECTOR( '', #14015, 39.3700787402000 );
#11455 = COLOUR_RGB( '', 0.689999997600000, 0.689999997600000, 0.689999997600000 );
#11456 = CARTESIAN_POINT( '', ( -0.0650000000000000, 0.385000000000000, -0.0114318181818182 ) );
#11457 = CARTESIAN_POINT( '', ( -0.0650000000000000, 0.505000000000000, -0.0131500000000000 ) );
#11458 = VECTOR( '', #14016, 39.3700787402000 );
#11459 = CARTESIAN_POINT( '', ( -0.0350000000000000, 0.385000000000000, -0.0114318181818182 ) );
#11460 = CARTESIAN_POINT( '', ( 0.200000000000000, 0.385000000000000, -0.0114318181818182 ) );
#11461 = VECTOR( '', #14017, 39.3700787402000 );
#11462 = CARTESIAN_POINT( '', ( -0.0350000000000000, 0.505000000000000, -0.0131500000000000 ) );
#11463 = VECTOR( '', #14018, 39.3700787402000 );
#11464 = CARTESIAN_POINT( '', ( -0.0810500000000000, 0.505000000000000, -0.0131500000000000 ) );
#11465 = CARTESIAN_POINT( '', ( 0.200000000000000, 0.505000000000000, -0.0131500000000000 ) );
#11466 = VECTOR( '', #14019, 39.3700787402000 );
#11467 = CARTESIAN_POINT( '', ( -0.0870500000000000, 0.485000000000000, -0.0128636363636364 ) );
#11468 = CARTESIAN_POINT( '', ( -0.0578484005207149, 0.582338664930950, -0.0142573490660568 ) );
#11469 = VECTOR( '', #14020, 39.3700787402000 );
#11470 = CARTESIAN_POINT( '', ( -0.0866926392172850, 0.509227849675595, -0.0132105351203551 ) );
#11471 = VECTOR( '', #14021, 39.3700787402000 );
#11472 = COLOUR_RGB( '', 0.689999997600000, 0.689999997600000, 0.689999997600000 );
#11473 = CARTESIAN_POINT( '', ( 0.175000000000000, 0.0500000000000000, -0.117000000000000 ) );
#11474 = CARTESIAN_POINT( '', ( 0.175000000000000, 0.0500000000000000, -0.117000000000000 ) );
#11475 = VECTOR( '', #14022, 39.3700787402000 );
#11476 = CARTESIAN_POINT( '', ( 0.125000000000000, 0.0500000000000000, -0.117000000000000 ) );
#11477 = CARTESIAN_POINT( '', ( 0.175000000000000, 0.0500000000000000, -0.117000000000000 ) );
#11478 = VECTOR( '', #14023, 39.3700787402000 );
#11479 = CARTESIAN_POINT( '', ( 0.125000000000000, 0.0500000000000000, -0.117000000000000 ) );
#11480 = VECTOR( '', #14024, 39.3700787402000 );
#11481 = COLOUR_RGB( '', 0.689999997600000, 0.689999997600000, 0.689999997600000 );
#11482 = CARTESIAN_POINT( '', ( 0.135000000000000, 0.385000000000000, -0.0114318181818182 ) );
#11483 = CARTESIAN_POINT( '', ( 0.135000000000000, 0.505000000000000, -0.0131500000000000 ) );
#11484 = VECTOR( '', #14025, 39.3700787402000 );
#11485 = CARTESIAN_POINT( '', ( 0.165000000000000, 0.385000000000000, -0.0114318181818182 ) );
#11486 = CARTESIAN_POINT( '', ( 0.200000000000000, 0.385000000000000, -0.0114318181818182 ) );
#11487 = VECTOR( '', #14026, 39.3700787402000 );
#11488 = CARTESIAN_POINT( '', ( 0.165000000000000, 0.505000000000000, -0.0131500000000000 ) );
#11489 = VECTOR( '', #14027, 39.3700787402000 );
#11490 = CARTESIAN_POINT( '', ( 0.187050000000000, 0.485000000000000, -0.0128636363636364 ) );
#11491 = CARTESIAN_POINT( '', ( 0.186757880398135, 0.504804718770542, -0.0131472039278509 ) );
#11492 = VECTOR( '', #14028, 39.3700787402000 );
#11493 = CARTESIAN_POINT( '', ( 0.181050000000000, 0.505000000000000, -0.0131500000000000 ) );
#11494 = CARTESIAN_POINT( '', ( 0.182614384665122, 0.499785384449594, -0.0130753361864374 ) );
#11495 = VECTOR( '', #14029, 39.3700787402000 );
#11496 = CARTESIAN_POINT( '', ( 0.118950000000000, 0.505000000000000, -0.0131500000000000 ) );
#11497 = CARTESIAN_POINT( '', ( 0.200000000000000, 0.505000000000000, -0.0131500000000000 ) );
#11498 = VECTOR( '', #14030, 39.3700787402000 );
#11499 = CARTESIAN_POINT( '', ( 0.125640943383014, 0.527303144610046, -0.0134693404796438 ) );
#11500 = VECTOR( '', #14031, 39.3700787402000 );
#11501 = COLOUR_RGB( '', 0.689999997600000, 0.689999997600000, 0.689999997600000 );
#11502 = CARTESIAN_POINT( '', ( -0.187500000000000, 0.118700000000000, -0.0187500000000000 ) );
#11503 = CARTESIAN_POINT( '', ( -0.187500000000000, 0.118700000000000, -0.0187500000000000 ) );
#11504 = VECTOR( '', #14032, 39.3700787402000 );
#11505 = CARTESIAN_POINT( '', ( -0.187500000000000, 0.255000000000000, -0.0187500000000000 ) );
#11506 = CARTESIAN_POINT( '', ( -0.187500000000000, 0.255000000000000, -0.0187500000000000 ) );
#11507 = VECTOR( '', #14033, 39.3700787402000 );
#11508 = CARTESIAN_POINT( '', ( -0.187500000000000, 0.255000000000000, -0.0187500000000000 ) );
#11509 = VECTOR( '', #14034, 39.3700787402000 );
#11510 = COLOUR_RGB( '', 0.689999997600000, 0.689999997600000, 0.689999997600000 );
#11511 = CARTESIAN_POINT( '', ( 0.0790000000000000, 0.405000000000000, 0.193000000000000 ) );
#11512 = VECTOR( '', #14035, 39.3700787402000 );
#11513 = CARTESIAN_POINT( '', ( 0.0790000000000000, 0.405000000000000, 0.185212161291819 ) );
#11514 = VECTOR( '', #14036, 39.3700787402000 );
#11515 = COLOUR_RGB( '', 0.689999997600000, 0.689999997600000, 0.689999997600000 );
#11516 = CARTESIAN_POINT( '', ( 0.0875000000000000, 0.118700000000000, 0.0187500000000000 ) );
#11517 = CARTESIAN_POINT( '', ( 0.0875000000000000, 0.118700000000000, 0.0982500000000000 ) );
#11518 = VECTOR( '', #14037, 39.3700787402000 );
#11519 = CARTESIAN_POINT( '', ( 0.0125000000000000, 0.118700000000000, 0.0187500000000000 ) );
#11520 = CARTESIAN_POINT( '', ( 0.0875000000000000, 0.118700000000000, 0.0187500000000000 ) );
#11521 = VECTOR( '', #14038, 39.3700787402000 );
#11522 = CARTESIAN_POINT( '', ( 0.0125000000000000, 0.118700000000000, 0.0187500000000000 ) );
#11523 = VECTOR( '', #14039, 39.3700787402000 );
#11524 = CARTESIAN_POINT( '', ( 0.0925000000000000, 0.118700000000000, 0.0137500000000000 ) );
#11525 = CARTESIAN_POINT( '', ( 0.00749999999999999, 0.118700000000000, 0.0137500000000000 ) );
#11526 = CARTESIAN_POINT( '', ( 0.0925000000000000, 0.118700000000000, 0.0137500000000000 ) );
#11527 = VECTOR( '', #14040, 39.3700787402000 );
#11528 = CARTESIAN_POINT( '', ( 0.0925000000000000, 0.118700000000000, 0.103250000000000 ) );
#11529 = CARTESIAN_POINT( '', ( 0.0925000000000000, 0.118700000000000, 0.103250000000000 ) );
#11530 = VECTOR( '', #14041, 39.3700787402000 );
#11531 = CARTESIAN_POINT( '', ( 0.00749999999999999, 0.118700000000000, 0.103250000000000 ) );
#11532 = CARTESIAN_POINT( '', ( 0.00749999999999999, 0.118700000000000, 0.103250000000000 ) );
#11533 = VECTOR( '', #14042, 39.3700787402000 );
#11534 = CARTESIAN_POINT( '', ( 0.00749999999999999, 0.118700000000000, 0.0137500000000000 ) );
#11535 = VECTOR( '', #14043, 39.3700787402000 );
#11536 = COLOUR_RGB( '', 0.689999997600000, 0.689999997600000, 0.689999997600000 );
#11537 = CARTESIAN_POINT( '', ( -0.112500000000000, 0.255000000000000, 0.0187500000000000 ) );
#11538 = CARTESIAN_POINT( '', ( -0.187500000000000, 0.255000000000000, 0.0187500000000000 ) );
#11539 = CARTESIAN_POINT( '', ( -0.112500000000000, 0.255000000000000, 0.0187500000000000 ) );
#11540 = VECTOR( '', #14044, 39.3700787402000 );
#11541 = CARTESIAN_POINT( '', ( -0.112500000000000, 0.255000000000000, 0.0982500000000000 ) );
#11542 = CARTESIAN_POINT( '', ( -0.112500000000000, 0.255000000000000, 0.0982500000000000 ) );
#11543 = VECTOR( '', #14045, 39.3700787402000 );
#11544 = CARTESIAN_POINT( '', ( -0.187500000000000, 0.255000000000000, 0.0982500000000000 ) );
#11545 = CARTESIAN_POINT( '', ( -0.187500000000000, 0.255000000000000, 0.0982500000000000 ) );
#11546 = VECTOR( '', #14046, 39.3700787402000 );
#11547 = CARTESIAN_POINT( '', ( -0.187500000000000, 0.255000000000000, 0.0187500000000000 ) );
#11548 = VECTOR( '', #14047, 39.3700787402000 );
#11549 = CARTESIAN_POINT( '', ( -0.120500000000000, 0.255000000000000, 0.0217500000000000 ) );
#11550 = CARTESIAN_POINT( '', ( 0.000000000000000, 0.255000000000000, 0.0217500000000000 ) );
#11551 = VECTOR( '', #14048, 39.3700787402000 );
#11552 = CARTESIAN_POINT( '', ( -0.120500000000000, 0.255000000000000, 0.0952500000000000 ) );
#11553 = CARTESIAN_POINT( '', ( 0.000000000000000, 0.255000000000000, 0.0952500000000000 ) );
#11554 = VECTOR( '', #14049, 39.3700787402000 );
#11555 = CARTESIAN_POINT( '', ( -0.120500000000000, 0.255000000000000, 0.000000000000000 ) );
#11556 = VECTOR( '', #14050, 39.3700787402000 );
#11557 = COLOUR_RGB( '', 0.689999997600000, 0.689999997600000, 0.689999997600000 );
#11558 = CARTESIAN_POINT( '', ( -0.0300000000000000, 0.362000000000000, 0.108897500000000 ) );
#11559 = CARTESIAN_POINT( '', ( -0.0300000000000000, 0.362000000000000, 0.0948346153846154 ) );
#11560 = CARTESIAN_POINT( '', ( -0.0300000000000000, 0.362000000000000, 0.111500000000000 ) );
#11561 = VECTOR( '', #14051, 39.3700787402000 );
#11562 = CARTESIAN_POINT( '', ( -0.0700000000000000, 0.362000000000000, 0.0948346153846154 ) );
#11563 = CARTESIAN_POINT( '', ( 0.100000000000000, 0.362000000000000, 0.0948346153846154 ) );
#11564 = VECTOR( '', #14052, 39.3700787402000 );
#11565 = CARTESIAN_POINT( '', ( -0.0700000000000000, 0.362000000000000, 0.108897500000000 ) );
#11566 = CARTESIAN_POINT( '', ( -0.0700000000000000, 0.362000000000000, 0.0805000000000000 ) );
#11567 = VECTOR( '', #14053, 39.3700787402000 );
#11568 = CARTESIAN_POINT( '', ( 0.200000000000000, 0.362000000000000, 0.108897500000000 ) );
#11569 = VECTOR( '', #14054, 39.3700787402000 );
#11570 = COLOUR_RGB( '', 0.689999997600000, 0.689999997600000, 0.689999997600000 );
#11571 = CARTESIAN_POINT( '', ( 0.0795000000000000, 0.350000000000000, -0.0952500000000000 ) );
#11572 = CARTESIAN_POINT( '', ( 0.0795000000000000, 0.350000000000000, -0.0952500000000000 ) );
#11573 = VECTOR( '', #14055, 39.3700787402000 );
#11574 = CARTESIAN_POINT( '', ( 0.0205000000000000, 0.350000000000000, -0.0952500000000000 ) );
#11575 = CARTESIAN_POINT( '', ( 0.0795000000000000, 0.350000000000000, -0.0952500000000000 ) );
#11576 = VECTOR( '', #14056, 39.3700787402000 );
#11577 = CARTESIAN_POINT( '', ( 0.0205000000000000, 0.350000000000000, -0.0952500000000000 ) );
#11578 = VECTOR( '', #14057, 39.3700787402000 );
#11579 = COLOUR_RGB( '', 0.689999997600000, 0.689999997600000, 0.689999997600000 );
#11580 = CARTESIAN_POINT( '', ( -0.0415000000000000, 0.235000000000000, 0.150000000000000 ) );
#11581 = CARTESIAN_POINT( '', ( -0.0790000000000000, 0.235000000000000, 0.150000000000000 ) );
#11582 = CARTESIAN_POINT( '', ( 0.112500000000000, 0.235000000000000, 0.150000000000000 ) );
#11583 = VECTOR( '', #14058, 39.3700787402000 );
#11584 = CARTESIAN_POINT( '', ( -0.0415000000000000, 0.260000000000000, 0.125000000000000 ) );
#11585 = AXIS2_PLACEMENT_3D( '', #14059, #14060, #14061 );
#11586 = CARTESIAN_POINT( '', ( -0.104000000000000, 0.260000000000000, 0.125000000000000 ) );
#11587 = CARTESIAN_POINT( '', ( 0.112500000000000, 0.260000000000000, 0.125000000000000 ) );
#11588 = VECTOR( '', #14062, 39.3700787402000 );
#11589 = AXIS2_PLACEMENT_3D( '', #14063, #14064, #14065 );
#11590 = COLOUR_RGB( '', 0.689999997600000, 0.689999997600000, 0.689999997600000 );
#11591 = CARTESIAN_POINT( '', ( -0.170000000000000, 0.480000000000000, -0.0907500000000000 ) );
#11592 = CARTESIAN_POINT( '', ( -0.170000000000000, 0.480000000000000, -0.0805000000000000 ) );
#11593 = CARTESIAN_POINT( '', ( -0.170000000000000, 0.480000000000000, -0.111500000000000 ) );
#11594 = VECTOR( '', #14066, 39.3700787402000 );
#11595 = CARTESIAN_POINT( '', ( -0.170000000000000, 0.362000000000000, -0.0948346153846154 ) );
#11596 = CARTESIAN_POINT( '', ( -0.170000000000000, 0.361423811704910, -0.0948545603640608 ) );
#11597 = VECTOR( '', #14067, 39.3700787402000 );
#11598 = CARTESIAN_POINT( '', ( -0.170000000000000, 0.362000000000000, -0.108897500000000 ) );
#11599 = CARTESIAN_POINT( '', ( -0.170000000000000, 0.362000000000000, -0.111500000000000 ) );
#11600 = VECTOR( '', #14068, 39.3700787402000 );
#11601 = CARTESIAN_POINT( '', ( -0.170000000000000, 0.505000000000000, -0.106850000000000 ) );
#11602 = CARTESIAN_POINT( '', ( -0.170000000000000, 0.285000000000000, -0.110000000000000 ) );
#11603 = VECTOR( '', #14069, 39.3700787402000 );
#11604 = CARTESIAN_POINT( '', ( -0.170000000000000, 0.505000000000000, -0.0805000000000000 ) );
#11605 = CARTESIAN_POINT( '', ( -0.170000000000000, 0.505000000000000, -0.106850000000000 ) );
#11606 = VECTOR( '', #14070, 39.3700787402000 );
#11607 = CARTESIAN_POINT( '', ( -0.170000000000000, 0.362000000000000, -0.0805000000000000 ) );
#11608 = VECTOR( '', #14071, 39.3700787402000 );
#11609 = COLOUR_RGB( '', 0.689999997600000, 0.689999997600000, 0.689999997600000 );
#11610 = CARTESIAN_POINT( '', ( 0.118950000000000, 0.505000000000000, -0.0381422538958260 ) );
#11611 = CARTESIAN_POINT( '', ( 0.113253472285991, 0.486011574286637, -0.0323369095626525 ) );
#11612 = CARTESIAN_POINT( '', ( 0.100780333651942, 0.444434445506474, -0.0196255056475986 ) );
#11613 = VECTOR( '', #14072, 39.3700787402000 );
#11614 = CARTESIAN_POINT( '', ( 0.111439829247690, 0.479966097492301, -0.0321257968610498 ) );
#11615 = VECTOR( '', #14073, 39.3700787402000 );
#11616 = CARTESIAN_POINT( '', ( 0.118950000000000, 0.505000000000000, -0.106850000000000 ) );
#11617 = VECTOR( '', #14074, 39.3700787402000 );
#11618 = COLOUR_RGB( '', 0.689999997600000, 0.689999997600000, 0.689999997600000 );
#11619 = CARTESIAN_POINT( '', ( -0.170000000000000, 0.480000000000000, 0.0907500000000000 ) );
#11620 = CARTESIAN_POINT( '', ( -0.170000000000000, 0.362000000000000, 0.0948346153846154 ) );
#11621 = CARTESIAN_POINT( '', ( -0.170000000000000, 0.362495604379368, 0.0948174598484065 ) );
#11622 = VECTOR( '', #14075, 39.3700787402000 );
#11623 = CARTESIAN_POINT( '', ( -0.130000000000000, 0.362000000000000, 0.0948346153846154 ) );
#11624 = CARTESIAN_POINT( '', ( 0.000000000000000, 0.362000000000000, 0.0948346153846154 ) );
#11625 = VECTOR( '', #14076, 39.3700787402000 );
#11626 = CARTESIAN_POINT( '', ( -0.130000000000000, 0.480000000000000, 0.0907500000000000 ) );
#11627 = CARTESIAN_POINT( '', ( -0.130000000000000, 0.361423811704910, 0.0948545603640608 ) );
#11628 = VECTOR( '', #14077, 39.3700787402000 );
#11629 = CARTESIAN_POINT( '', ( -0.120500000000000, 0.480000000000000, 0.0907500000000000 ) );
#11630 = CARTESIAN_POINT( '', ( -0.120500000000000, 0.480000000000000, 0.0907500000000000 ) );
#11631 = VECTOR( '', #14078, 39.3700787402000 );
#11632 = CARTESIAN_POINT( '', ( -0.120500000000000, 0.350000000000000, 0.0952500000000000 ) );
#11633 = CARTESIAN_POINT( '', ( -0.120500000000000, 0.480000000000000, 0.0907500000000000 ) );
#11634 = VECTOR( '', #14079, 39.3700787402000 );
#11635 = CARTESIAN_POINT( '', ( -0.179500000000000, 0.350000000000000, 0.0952500000000000 ) );
#11636 = VECTOR( '', #14080, 39.3700787402000 );
#11637 = CARTESIAN_POINT( '', ( -0.120500000000000, 0.480000000000000, 0.0907500000000000 ) );
#11638 = VECTOR( '', #14081, 39.3700787402000 );
#11639 = COLOUR_RGB( '', 0.689999997600000, 0.689999997600000, 0.689999997600000 );
#11640 = CARTESIAN_POINT( '', ( 0.0470000000000000, 0.0750000000000000, 0.225000000000000 ) );
#11641 = CARTESIAN_POINT( '', ( 0.0470000000000000, 0.0750000000000000, 0.225000000000000 ) );
#11642 = VECTOR( '', #14082, 39.3700787402000 );
#11643 = CARTESIAN_POINT( '', ( 0.0470000000000000, 0.575000000000000, 0.225000000000000 ) );
#11644 = VECTOR( '', #14083, 39.3700787402000 );
#11645 = COLOUR_RGB( '', 0.689999997600000, 0.689999997600000, 0.689999997600000 );
#11646 = CARTESIAN_POINT( '', ( -0.112950000000000, 0.485000000000000, 0.107136363636364 ) );
#11647 = CARTESIAN_POINT( '', ( -0.113176878421016, 0.500381587865488, 0.106916127264653 ) );
#11648 = VECTOR( '', #14084, 39.3700787402000 );
#11649 = CARTESIAN_POINT( '', ( -0.112950000000000, 0.485000000000000, 0.0128636363636364 ) );
#11650 = CARTESIAN_POINT( '', ( -0.109932584113122, 0.280429431398111, 0.00993455776774569 ) );
#11651 = VECTOR( '', #14085, 39.3700787402000 );
#11652 = CARTESIAN_POINT( '', ( -0.112950000000000, 0.485000000000000, 0.125000000000000 ) );
#11653 = VECTOR( '', #14086, 39.3700787402000 );
#11654 = COLOUR_RGB( '', 0.689999997600000, 0.689999997600000, 0.689999997600000 );
#11655 = CARTESIAN_POINT( '', ( 0.0790000000000000, 0.235000000000000, 0.150000000000000 ) );
#11656 = CARTESIAN_POINT( '', ( 0.0790000000000000, 0.280000000000000, 0.150000000000000 ) );
#11657 = VECTOR( '', #14087, 39.3700787402000 );
#11658 = CARTESIAN_POINT( '', ( 0.104000000000000, 0.180000000000000, 0.125000000000000 ) );
#11659 = AXIS2_PLACEMENT_3D( '', #14088, #14089, #14090 );
#11660 = CARTESIAN_POINT( '', ( 0.104000000000000, 0.260000000000000, 0.125000000000000 ) );
#11661 = CARTESIAN_POINT( '', ( 0.104000000000000, 0.280000000000000, 0.125000000000000 ) );
#11662 = VECTOR( '', #14091, 39.3700787402000 );
#11663 = AXIS2_PLACEMENT_3D( '', #14092, #14093, #14094 );
#11664 = COLOUR_RGB( '', 0.689999997600000, 0.689999997600000, 0.689999997600000 );
#11665 = CARTESIAN_POINT( '', ( 0.0470000000000000, 0.0750000000000000, 0.245000000000000 ) );
#11666 = CARTESIAN_POINT( '', ( 0.0470000000000000, 0.485000000000000, 0.245000000000000 ) );
#11667 = VECTOR( '', #14095, 39.3700787402000 );
#11668 = CARTESIAN_POINT( '', ( 0.0470000000000000, 0.0300000000000000, 0.245000000000000 ) );
#11669 = CARTESIAN_POINT( '', ( 0.0470000000000000, 0.0250000000000000, 0.245000000000000 ) );
#11670 = VECTOR( '', #14096, 39.3700787402000 );
#11671 = CARTESIAN_POINT( '', ( 0.0790000000000000, 0.0300000000000000, 0.245000000000000 ) );
#11672 = CARTESIAN_POINT( '', ( 0.0790000000000000, 0.0300000000000000, 0.245000000000000 ) );
#11673 = VECTOR( '', #14097, 39.3700787402000 );
#11674 = CARTESIAN_POINT( '', ( 0.0790000000000000, 0.485000000000000, 0.245000000000000 ) );
#11675 = VECTOR( '', #14098, 39.3700787402000 );
#11676 = COLOUR_RGB( '', 0.689999997600000, 0.689999997600000, 0.689999997600000 );
#11677 = CARTESIAN_POINT( '', ( -0.165500000000000, 0.480000000000000, -0.0345000000000000 ) );
#11678 = CARTESIAN_POINT( '', ( -0.134500000000000, 0.480000000000000, -0.0345000000000000 ) );
#11679 = CARTESIAN_POINT( '', ( -0.165500000000000, 0.480000000000000, -0.0345000000000000 ) );
#11680 = VECTOR( '', #14099, 39.3700787402000 );
#11681 = CARTESIAN_POINT( '', ( -0.165500000000000, 0.505000000000000, -0.0345000000000000 ) );
#11682 = CARTESIAN_POINT( '', ( -0.165500000000000, 0.455000000000000, -0.0345000000000000 ) );
#11683 = VECTOR( '', #14100, 39.3700787402000 );
#11684 = CARTESIAN_POINT( '', ( -0.134500000000000, 0.505000000000000, -0.0345000000000000 ) );
#11685 = CARTESIAN_POINT( '', ( -0.165500000000000, 0.505000000000000, -0.0345000000000000 ) );
#11686 = VECTOR( '', #14101, 39.3700787402000 );
#11687 = CARTESIAN_POINT( '', ( -0.134500000000000, 0.455000000000000, -0.0345000000000000 ) );
#11688 = VECTOR( '', #14102, 39.3700787402000 );
#11689 = COLOUR_RGB( '', 0.689999997600000, 0.689999997600000, 0.689999997600000 );
#11690 = CARTESIAN_POINT( '', ( 0.0870500000000000, 0.485000000000000, -0.0128636363636364 ) );
#11691 = CARTESIAN_POINT( '', ( 0.0870500000000000, 0.485000000000000, -0.0323015846101651 ) );
#11692 = CARTESIAN_POINT( '', ( 0.0870500000000000, 0.485000000000000, 0.125000000000000 ) );
#11693 = VECTOR( '', #14103, 39.3700787402000 );
#11694 = CARTESIAN_POINT( '', ( 0.0867465277140088, 0.486011574286637, -0.0323369095626525 ) );
#11695 = CARTESIAN_POINT( '', ( 0.0825668758754482, 0.499943747081839, -0.0328234317573529 ) );
#11696 = VECTOR( '', #14104, 39.3700787402000 );
#11697 = CARTESIAN_POINT( '', ( 0.0810500000000000, 0.505000000000000, -0.0381422538958260 ) );
#11698 = CARTESIAN_POINT( '', ( 0.0936935498477268, 0.462854833840910, -0.0252571835258191 ) );
#11699 = VECTOR( '', #14105, 39.3700787402000 );
#11700 = CARTESIAN_POINT( '', ( 0.0810500000000000, 0.505000000000000, -0.0131500000000000 ) );
#11701 = CARTESIAN_POINT( '', ( 0.0810500000000000, 0.505000000000000, -0.106850000000000 ) );
#11702 = VECTOR( '', #14106, 39.3700787402000 );
#11703 = CARTESIAN_POINT( '', ( 0.0908697127132573, 0.472267624289142, -0.0126813318932309 ) );
#11704 = VECTOR( '', #14107, 39.3700787402000 );
#11705 = COLOUR_RGB( '', 0.689999997600000, 0.689999997600000, 0.689999997600000 );
#11706 = CARTESIAN_POINT( '', ( -0.187500000000000, 0.118700000000000, 0.0982500000000000 ) );
#11707 = CARTESIAN_POINT( '', ( -0.112500000000000, 0.118700000000000, 0.0982500000000000 ) );
#11708 = CARTESIAN_POINT( '', ( -0.187500000000000, 0.118700000000000, 0.0982500000000000 ) );
#11709 = VECTOR( '', #14108, 39.3700787402000 );
#11710 = CARTESIAN_POINT( '', ( -0.187500000000000, 0.255000000000000, 0.0982500000000000 ) );
#11711 = VECTOR( '', #14109, 39.3700787402000 );
#11712 = CARTESIAN_POINT( '', ( -0.112500000000000, 0.255000000000000, 0.0982500000000000 ) );
#11713 = VECTOR( '', #14110, 39.3700787402000 );
#11714 = COLOUR_RGB( '', 0.689999997600000, 0.689999997600000, 0.689999997600000 );
#11715 = CARTESIAN_POINT( '', ( -0.0655000000000000, 0.480000000000000, 0.0345000000000000 ) );
#11716 = CARTESIAN_POINT( '', ( -0.0655000000000000, 0.480000000000000, 0.0655000000000000 ) );
#11717 = CARTESIAN_POINT( '', ( -0.0655000000000000, 0.480000000000000, 0.0345000000000000 ) );
#11718 = VECTOR( '', #14111, 39.3700787402000 );
#11719 = CARTESIAN_POINT( '', ( -0.0655000000000000, 0.505000000000000, 0.0345000000000000 ) );
#11720 = CARTESIAN_POINT( '', ( -0.0655000000000000, 0.455000000000000, 0.0345000000000000 ) );
#11721 = VECTOR( '', #14112, 39.3700787402000 );
#11722 = CARTESIAN_POINT( '', ( -0.0655000000000000, 0.505000000000000, 0.0655000000000000 ) );
#11723 = CARTESIAN_POINT( '', ( -0.0655000000000000, 0.505000000000000, 0.0345000000000000 ) );
#11724 = VECTOR( '', #14113, 39.3700787402000 );
#11725 = CARTESIAN_POINT( '', ( -0.0655000000000000, 0.455000000000000, 0.0655000000000000 ) );
#11726 = VECTOR( '', #14114, 39.3700787402000 );
#11727 = COLOUR_RGB( '', 0.689999997600000, 0.689999997600000, 0.689999997600000 );
#11728 = CARTESIAN_POINT( '', ( -0.128500000000000, 0.0500000000000000, 0.125000000000000 ) );
#11729 = CARTESIAN_POINT( '', ( -0.128500000000000, 0.0500000000000000, 0.125000000000000 ) );
#11730 = VECTOR( '', #14115, 39.3700787402000 );
#11731 = CARTESIAN_POINT( '', ( -0.128500000000000, 0.000000000000000, 0.125000000000000 ) );
#11732 = CARTESIAN_POINT( '', ( -0.128500000000000, 0.000000000000000, 0.125000000000000 ) );
#11733 = VECTOR( '', #14116, 39.3700787402000 );
#11734 = CARTESIAN_POINT( '', ( -0.128500000000000, 0.100000000000000, 0.125000000000000 ) );
#11735 = VECTOR( '', #14117, 39.3700787402000 );
#11736 = COLOUR_RGB( '', 0.689999997600000, 0.689999997600000, 0.689999997600000 );
#11737 = CARTESIAN_POINT( '', ( -0.175000000000000, 0.0499999999999999, 0.125000000000000 ) );
#11738 = CARTESIAN_POINT( '', ( -0.175000000000000, 0.0500000000000000, 0.125000000000000 ) );
#11739 = VECTOR( '', #14118, 39.3700787402000 );
#11740 = CARTESIAN_POINT( '', ( -0.175000000000000, 0.0500000000000000, 0.125000000000000 ) );
#11741 = VECTOR( '', #14119, 39.3700787402000 );
#11742 = COLOUR_RGB( '', 0.689999997600000, 0.689999997600000, 0.689999997600000 );
#11743 = CARTESIAN_POINT( '', ( 0.187500000000000, 0.118700000000000, -0.0187500000000000 ) );
#11744 = CARTESIAN_POINT( '', ( 0.187500000000000, 0.118700000000000, -0.0982500000000000 ) );
#11745 = CARTESIAN_POINT( '', ( 0.187500000000000, 0.118700000000000, -0.0187500000000000 ) );
#11746 = VECTOR( '', #14120, 39.3700787402000 );
#11747 = CARTESIAN_POINT( '', ( 0.187500000000000, 0.255000000000000, -0.0187500000000000 ) );
#11748 = CARTESIAN_POINT( '', ( 0.187500000000000, 0.255000000000000, -0.0187500000000000 ) );
#11749 = VECTOR( '', #14121, 39.3700787402000 );
#11750 = CARTESIAN_POINT( '', ( 0.187500000000000, 0.255000000000000, -0.0982500000000000 ) );
#11751 = CARTESIAN_POINT( '', ( 0.187500000000000, 0.255000000000000, -0.0187500000000000 ) );
#11752 = VECTOR( '', #14122, 39.3700787402000 );
#11753 = CARTESIAN_POINT( '', ( 0.187500000000000, 0.255000000000000, -0.0982500000000000 ) );
#11754 = VECTOR( '', #14123, 39.3700787402000 );
#11755 = COLOUR_RGB( '', 0.689999997600000, 0.689999997600000, 0.689999997600000 );
#11756 = CARTESIAN_POINT( '', ( 0.0300000000000000, 0.362000000000000, -0.108897500000000 ) );
#11757 = CARTESIAN_POINT( '', ( 0.0300000000000000, 0.362000000000000, -0.0948346153846154 ) );
#11758 = CARTESIAN_POINT( '', ( 0.0300000000000000, 0.362000000000000, -0.111500000000000 ) );
#11759 = VECTOR( '', #14124, 39.3700787402000 );
#11760 = CARTESIAN_POINT( '', ( 0.0700000000000000, 0.362000000000000, -0.0948346153846154 ) );
#11761 = CARTESIAN_POINT( '', ( 0.200000000000000, 0.362000000000000, -0.0948346153846154 ) );
#11762 = VECTOR( '', #14125, 39.3700787402000 );
#11763 = CARTESIAN_POINT( '', ( 0.0700000000000000, 0.362000000000000, -0.108897500000000 ) );
#11764 = CARTESIAN_POINT( '', ( 0.0700000000000000, 0.362000000000000, -0.0805000000000000 ) );
#11765 = VECTOR( '', #14126, 39.3700787402000 );
#11766 = CARTESIAN_POINT( '', ( 0.200000000000000, 0.362000000000000, -0.108897500000000 ) );
#11767 = VECTOR( '', #14127, 39.3700787402000 );
#11768 = COLOUR_RGB( '', 0.689999997600000, 0.689999997600000, 0.689999997600000 );
#11769 = CARTESIAN_POINT( '', ( 0.112500000000000, 0.255000000000000, -0.0982500000000000 ) );
#11770 = CARTESIAN_POINT( '', ( 0.187500000000000, 0.255000000000000, -0.0982500000000000 ) );
#11771 = VECTOR( '', #14128, 39.3700787402000 );
#11772 = CARTESIAN_POINT( '', ( 0.112500000000000, 0.255000000000000, -0.0187500000000000 ) );
#11773 = CARTESIAN_POINT( '', ( 0.112500000000000, 0.255000000000000, -0.0187500000000000 ) );
#11774 = VECTOR( '', #14129, 39.3700787402000 );
#11775 = CARTESIAN_POINT( '', ( 0.112500000000000, 0.255000000000000, -0.0982500000000000 ) );
#11776 = VECTOR( '', #14130, 39.3700787402000 );
#11777 = CARTESIAN_POINT( '', ( 0.120500000000000, 0.255000000000000, -0.0952500000000000 ) );
#11778 = CARTESIAN_POINT( '', ( 0.179500000000000, 0.255000000000000, -0.0952500000000000 ) );
#11779 = CARTESIAN_POINT( '', ( 0.300000000000000, 0.255000000000000, -0.0952500000000000 ) );
#11780 = VECTOR( '', #14131, 39.3700787402000 );
#11781 = CARTESIAN_POINT( '', ( 0.120500000000000, 0.255000000000000, -0.0217500000000000 ) );
#11782 = CARTESIAN_POINT( '', ( 0.120500000000000, 0.255000000000000, -0.117000000000000 ) );
#11783 = VECTOR( '', #14132, 39.3700787402000 );
#11784 = CARTESIAN_POINT( '', ( 0.179500000000000, 0.255000000000000, -0.0217500000000000 ) );
#11785 = CARTESIAN_POINT( '', ( 0.300000000000000, 0.255000000000000, -0.0217500000000000 ) );
#11786 = VECTOR( '', #14133, 39.3700787402000 );
#11787 = CARTESIAN_POINT( '', ( 0.179500000000000, 0.255000000000000, -0.117000000000000 ) );
#11788 = VECTOR( '', #14134, 39.3700787402000 );
#11789 = COLOUR_RGB( '', 0.689999997600000, 0.689999997600000, 0.689999997600000 );
#11790 = CARTESIAN_POINT( '', ( -0.181050000000000, 0.505000000000000, -0.106850000000000 ) );
#11791 = CARTESIAN_POINT( '', ( 0.200000000000000, 0.505000000000000, -0.106850000000000 ) );
#11792 = VECTOR( '', #14135, 39.3700787402000 );
#11793 = CARTESIAN_POINT( '', ( -0.130000000000000, 0.362000000000000, -0.108897500000000 ) );
#11794 = CARTESIAN_POINT( '', ( 0.200000000000000, 0.362000000000000, -0.108897500000000 ) );
#11795 = VECTOR( '', #14136, 39.3700787402000 );
#11796 = CARTESIAN_POINT( '', ( -0.130000000000000, 0.505000000000000, -0.106850000000000 ) );
#11797 = CARTESIAN_POINT( '', ( -0.130000000000000, 0.285000000000000, -0.110000000000000 ) );
#11798 = VECTOR( '', #14137, 39.3700787402000 );
#11799 = CARTESIAN_POINT( '', ( -0.118950000000000, 0.505000000000000, -0.106850000000000 ) );
#11800 = CARTESIAN_POINT( '', ( 0.200000000000000, 0.505000000000000, -0.106850000000000 ) );
#11801 = VECTOR( '', #14138, 39.3700787402000 );
#11802 = CARTESIAN_POINT( '', ( -0.112950000000000, 0.485000000000000, -0.107136363636364 ) );
#11803 = CARTESIAN_POINT( '', ( -0.0320681477022413, 0.215393825674137, -0.110996633859666 ) );
#11804 = VECTOR( '', #14139, 39.3700787402000 );
#11805 = CARTESIAN_POINT( '', ( -0.109932584113122, 0.280429431398111, -0.110065442232254 ) );
#11806 = VECTOR( '', #14140, 39.3700787402000 );
#11807 = CARTESIAN_POINT( '', ( -0.187050000000000, 0.485000000000000, -0.107136363636364 ) );
#11808 = CARTESIAN_POINT( '', ( -0.189915186464896, 0.290750070176570, -0.109917669449745 ) );
#11809 = VECTOR( '', #14141, 39.3700787402000 );
#11810 = CARTESIAN_POINT( '', ( -0.210144555960810, 0.408018146797301, -0.108238603807220 ) );
#11811 = VECTOR( '', #14142, 39.3700787402000 );
#11812 = COLOUR_RGB( '', 0.689999997600000, 0.689999997600000, 0.689999997600000 );
#11813 = CARTESIAN_POINT( '', ( 0.192500000000000, 0.000000000000000, 0.0137500000000000 ) );
#11814 = CARTESIAN_POINT( '', ( 0.192500000000000, 0.000000000000000, 0.0137500000000000 ) );
#11815 = VECTOR( '', #14143, 39.3700787402000 );
#11816 = CARTESIAN_POINT( '', ( 0.192500000000000, 0.118700000000000, 0.0137500000000000 ) );
#11817 = CARTESIAN_POINT( '', ( 0.192500000000000, 0.100000000000000, 0.0137500000000000 ) );
#11818 = VECTOR( '', #14144, 39.3700787402000 );
#11819 = CARTESIAN_POINT( '', ( 0.192500000000000, 0.118700000000000, 0.0137500000000000 ) );
#11820 = VECTOR( '', #14145, 39.3700787402000 );
#11821 = COLOUR_RGB( '', 0.689999997600000, 0.689999997600000, 0.689999997600000 );
#11822 = CARTESIAN_POINT( '', ( 0.112950000000000, 0.485000000000000, -0.0486984153898350 ) );
#11823 = CARTESIAN_POINT( '', ( 0.110092932675352, 0.291300520362872, -0.0554625502689146 ) );
#11824 = VECTOR( '', #14146, 39.3700787402000 );
#11825 = CARTESIAN_POINT( '', ( 0.112950000000000, 0.485000000000000, -0.107136363636364 ) );
#11826 = CARTESIAN_POINT( '', ( 0.112950000000000, 0.485000000000000, 0.125000000000000 ) );
#11827 = VECTOR( '', #14147, 39.3700787402000 );
#11828 = CARTESIAN_POINT( '', ( 0.110019572354255, 0.286326939271516, -0.109981000642249 ) );
#11829 = VECTOR( '', #14148, 39.3700787402000 );
#11830 = COLOUR_RGB( '', 0.689999997600000, 0.689999997600000, 0.689999997600000 );
#11831 = CARTESIAN_POINT( '', ( -0.112500000000000, 0.118700000000000, 0.0187500000000000 ) );
#11832 = CARTESIAN_POINT( '', ( -0.187500000000000, 0.118700000000000, 0.0187500000000000 ) );
#11833 = CARTESIAN_POINT( '', ( -0.112500000000000, 0.118700000000000, 0.0187500000000000 ) );
#11834 = VECTOR( '', #14149, 39.3700787402000 );
#11835 = CARTESIAN_POINT( '', ( -0.112500000000000, 0.255000000000000, 0.0187500000000000 ) );
#11836 = VECTOR( '', #14150, 39.3700787402000 );
#11837 = CARTESIAN_POINT( '', ( -0.187500000000000, 0.255000000000000, 0.0187500000000000 ) );
#11838 = VECTOR( '', #14151, 39.3700787402000 );
#11839 = COLOUR_RGB( '', 0.689999997600000, 0.689999997600000, 0.689999997600000 );
#11840 = CARTESIAN_POINT( '', ( 0.0925000000000000, 0.000000000000000, 0.103250000000000 ) );
#11841 = CARTESIAN_POINT( '', ( 0.0925000000000000, 0.000000000000000, 0.0137500000000000 ) );
#11842 = CARTESIAN_POINT( '', ( 0.0925000000000000, 0.000000000000000, 0.103250000000000 ) );
#11843 = VECTOR( '', #14152, 39.3700787402000 );
#11844 = CARTESIAN_POINT( '', ( 0.0925000000000000, 0.100000000000000, 0.103250000000000 ) );
#11845 = VECTOR( '', #14153, 39.3700787402000 );
#11846 = CARTESIAN_POINT( '', ( 0.0925000000000000, 0.100000000000000, 0.0137500000000000 ) );
#11847 = VECTOR( '', #14154, 39.3700787402000 );
#11848 = COLOUR_RGB( '', 0.689999997600000, 0.689999997600000, 0.689999997600000 );
#11849 = CARTESIAN_POINT( '', ( -0.0870500000000000, 0.485000000000000, 0.107136363636364 ) );
#11850 = CARTESIAN_POINT( '', ( -0.0866926392172850, 0.509227849675595, 0.106789464879645 ) );
#11851 = VECTOR( '', #14155, 39.3700787402000 );
#11852 = CARTESIAN_POINT( '', ( -0.0870500000000000, 0.485000000000000, 0.0128636363636364 ) );
#11853 = CARTESIAN_POINT( '', ( -0.0870500000000000, 0.485000000000000, 0.125000000000000 ) );
#11854 = VECTOR( '', #14156, 39.3700787402000 );
#11855 = CARTESIAN_POINT( '', ( -0.0899369335251788, 0.289275693208218, 0.0100612201527540 ) );
#11856 = VECTOR( '', #14157, 39.3700787402000 );
#11857 = COLOUR_RGB( '', 0.689999997600000, 0.689999997600000, 0.689999997600000 );
#11858 = CARTESIAN_POINT( '', ( -0.175000000000000, 0.0500000000000000, -0.125000000000000 ) );
#11859 = CARTESIAN_POINT( '', ( -0.175000000000000, 0.0500000000000000, -0.125000000000000 ) );
#11860 = VECTOR( '', #14158, 39.3700787402000 );
#11861 = CARTESIAN_POINT( '', ( -0.229000000000000, 0.0500000000000000, -0.125000000000000 ) );
#11862 = CARTESIAN_POINT( '', ( 0.229000000000000, 0.0500000000000000, -0.125000000000000 ) );
#11863 = VECTOR( '', #14159, 39.3700787402000 );
#11864 = CARTESIAN_POINT( '', ( -0.229000000000000, 0.0500000000000000, -0.125000000000000 ) );
#11865 = VECTOR( '', #14160, 39.3700787402000 );
#11866 = COLOUR_RGB( '', 0.689999997600000, 0.689999997600000, 0.689999997600000 );
#11867 = CARTESIAN_POINT( '', ( -0.0790000000000000, 0.260000000000000, 0.193000000000000 ) );
#11868 = CARTESIAN_POINT( '', ( -0.0790000000000000, 0.280000000000000, 0.193000000000000 ) );
#11869 = VECTOR( '', #14161, 39.3700787402000 );
#11870 = CARTESIAN_POINT( '', ( -0.0790000000000000, 0.235000000000000, 0.168000000000000 ) );
#11871 = AXIS2_PLACEMENT_3D( '', #14162, #14163, #14164 );
#11872 = CARTESIAN_POINT( '', ( -0.0790000000000000, 0.235000000000000, 0.150000000000000 ) );
#11873 = VECTOR( '', #14165, 39.3700787402000 );
#11874 = CARTESIAN_POINT( '', ( -0.0790000000000000, 0.205000000000000, 0.150000000000000 ) );
#11875 = CARTESIAN_POINT( '', ( -0.0790000000000000, 0.280000000000000, 0.150000000000000 ) );
#11876 = VECTOR( '', #14166, 39.3700787402000 );
#11877 = CARTESIAN_POINT( '', ( -0.0790000000000000, 0.205000000000000, 0.163000000000000 ) );
#11878 = CARTESIAN_POINT( '', ( -0.0790000000000000, 0.205000000000000, 0.150000000000000 ) );
#11879 = VECTOR( '', #14167, 39.3700787402000 );
#11880 = CARTESIAN_POINT( '', ( -0.0790000000000000, 0.0300000000000000, 0.163000000000000 ) );
#11881 = CARTESIAN_POINT( '', ( -0.0790000000000000, 0.0300000000000000, 0.163000000000000 ) );
#11882 = VECTOR( '', #14168, 39.3700787402000 );
#11883 = CARTESIAN_POINT( '', ( -0.0790000000000000, 0.0300000000000000, 0.245000000000000 ) );
#11884 = CARTESIAN_POINT( '', ( -0.0790000000000000, 0.0300000000000000, 0.275000000000000 ) );
#11885 = VECTOR( '', #14169, 39.3700787402000 );
#11886 = CARTESIAN_POINT( '', ( -0.0790000000000000, 0.485000000000000, 0.245000000000000 ) );
#11887 = VECTOR( '', #14170, 39.3700787402000 );
#11888 = COLOUR_RGB( '', 0.689999997600000, 0.689999997600000, 0.689999997600000 );
#11889 = CARTESIAN_POINT( '', ( -0.130000000000000, 0.362000000000000, -0.0948346153846154 ) );
#11890 = CARTESIAN_POINT( '', ( 0.000000000000000, 0.362000000000000, -0.0948346153846154 ) );
#11891 = VECTOR( '', #14171, 39.3700787402000 );
#11892 = CARTESIAN_POINT( '', ( -0.130000000000000, 0.362000000000000, -0.0805000000000000 ) );
#11893 = VECTOR( '', #14172, 39.3700787402000 );
#11894 = COLOUR_RGB( '', 0.689999997600000, 0.689999997600000, 0.689999997600000 );
#11895 = CARTESIAN_POINT( '', ( -0.112950000000000, 0.485000000000000, -0.0486984153898350 ) );
#11896 = CARTESIAN_POINT( '', ( -0.120610883078814, 0.510536276929378, -0.0478066689495067 ) );
#11897 = VECTOR( '', #14173, 39.3700787402000 );
#11898 = CARTESIAN_POINT( '', ( -0.112950000000000, 0.485000000000000, 0.125000000000000 ) );
#11899 = VECTOR( '', #14174, 39.3700787402000 );
#11900 = CARTESIAN_POINT( '', ( -0.118950000000000, 0.505000000000000, -0.106850000000000 ) );
#11901 = VECTOR( '', #14175, 39.3700787402000 );
#11902 = COLOUR_RGB( '', 0.689999997600000, 0.689999997600000, 0.689999997600000 );
#11903 = CARTESIAN_POINT( '', ( 0.130000000000000, 0.480000000000000, 0.0805000000000000 ) );
#11904 = CARTESIAN_POINT( '', ( 0.130000000000000, 0.480000000000000, 0.0907500000000000 ) );
#11905 = CARTESIAN_POINT( '', ( 0.130000000000000, 0.480000000000000, 0.0805000000000000 ) );
#11906 = VECTOR( '', #14176, 39.3700787402000 );
#11907 = CARTESIAN_POINT( '', ( 0.120500000000000, 0.480000000000000, 0.0907500000000000 ) );
#11908 = CARTESIAN_POINT( '', ( 0.179500000000000, 0.480000000000000, 0.0907500000000000 ) );
#11909 = VECTOR( '', #14177, 39.3700787402000 );
#11910 = CARTESIAN_POINT( '', ( 0.120500000000000, 0.480000000000000, 0.0217500000000000 ) );
#11911 = CARTESIAN_POINT( '', ( 0.120500000000000, 0.480000000000000, 0.0217500000000000 ) );
#11912 = VECTOR( '', #14178, 39.3700787402000 );
#11913 = CARTESIAN_POINT( '', ( 0.179500000000000, 0.480000000000000, 0.0217500000000000 ) );
#11914 = CARTESIAN_POINT( '', ( 0.179500000000000, 0.480000000000000, 0.0217500000000000 ) );
#11915 = VECTOR( '', #14179, 39.3700787402000 );
#11916 = CARTESIAN_POINT( '', ( 0.179500000000000, 0.480000000000000, 0.0907500000000000 ) );
#11917 = CARTESIAN_POINT( '', ( 0.179500000000000, 0.480000000000000, 0.0217500000000000 ) );
#11918 = VECTOR( '', #14180, 39.3700787402000 );
#11919 = CARTESIAN_POINT( '', ( 0.170000000000000, 0.480000000000000, 0.0907500000000000 ) );
#11920 = CARTESIAN_POINT( '', ( 0.179500000000000, 0.480000000000000, 0.0907500000000000 ) );
#11921 = VECTOR( '', #14181, 39.3700787402000 );
#11922 = CARTESIAN_POINT( '', ( 0.170000000000000, 0.480000000000000, 0.0805000000000000 ) );
#11923 = CARTESIAN_POINT( '', ( 0.170000000000000, 0.480000000000000, 0.111500000000000 ) );
#11924 = VECTOR( '', #14182, 39.3700787402000 );
#11925 = CARTESIAN_POINT( '', ( 0.170000000000000, 0.480000000000000, 0.0805000000000000 ) );
#11926 = VECTOR( '', #14183, 39.3700787402000 );
#11927 = CARTESIAN_POINT( '', ( 0.134500000000000, 0.480000000000000, 0.0345000000000000 ) );
#11928 = CARTESIAN_POINT( '', ( 0.165500000000000, 0.480000000000000, 0.0345000000000000 ) );
#11929 = VECTOR( '', #14184, 39.3700787402000 );
#11930 = CARTESIAN_POINT( '', ( 0.134500000000000, 0.480000000000000, 0.0655000000000000 ) );
#11931 = CARTESIAN_POINT( '', ( 0.134500000000000, 0.480000000000000, 0.0345000000000000 ) );
#11932 = VECTOR( '', #14185, 39.3700787402000 );
#11933 = CARTESIAN_POINT( '', ( 0.134500000000000, 0.480000000000000, 0.0655000000000000 ) );
#11934 = VECTOR( '', #14186, 39.3700787402000 );
#11935 = COLOUR_RGB( '', 0.689999997600000, 0.689999997600000, 0.689999997600000 );
#11936 = CARTESIAN_POINT( '', ( 0.112500000000000, 0.118700000000000, 0.0187500000000000 ) );
#11937 = CARTESIAN_POINT( '', ( 0.112500000000000, 0.118700000000000, 0.0982500000000000 ) );
#11938 = CARTESIAN_POINT( '', ( 0.112500000000000, 0.118700000000000, 0.0187500000000000 ) );
#11939 = VECTOR( '', #14187, 39.3700787402000 );
#11940 = CARTESIAN_POINT( '', ( 0.112500000000000, 0.255000000000000, 0.0187500000000000 ) );
#11941 = CARTESIAN_POINT( '', ( 0.112500000000000, 0.255000000000000, 0.0187500000000000 ) );
#11942 = VECTOR( '', #14188, 39.3700787402000 );
#11943 = CARTESIAN_POINT( '', ( 0.112500000000000, 0.255000000000000, 0.0982500000000000 ) );
#11944 = CARTESIAN_POINT( '', ( 0.112500000000000, 0.255000000000000, 0.0187500000000000 ) );
#11945 = VECTOR( '', #14189, 39.3700787402000 );
#11946 = CARTESIAN_POINT( '', ( 0.112500000000000, 0.255000000000000, 0.0982500000000000 ) );
#11947 = VECTOR( '', #14190, 39.3700787402000 );
#11948 = COLOUR_RGB( '', 0.689999997600000, 0.689999997600000, 0.689999997600000 );
#11949 = CARTESIAN_POINT( '', ( -0.0470000000000000, 0.0300000000000000, 0.245000000000000 ) );
#11950 = CARTESIAN_POINT( '', ( 0.0790000000000000, 0.0300000000000000, 0.245000000000000 ) );
#11951 = VECTOR( '', #14191, 39.3700787402000 );
#11952 = CARTESIAN_POINT( '', ( -0.0470000000000000, 0.0250000000000000, 0.245000000000000 ) );
#11953 = VECTOR( '', #14192, 39.3700787402000 );
#11954 = COLOUR_RGB( '', 0.689999997600000, 0.689999997600000, 0.689999997600000 );
#11955 = CARTESIAN_POINT( '', ( 0.0655000000000000, 0.505000000000000, -0.0655000000000000 ) );
#11956 = VECTOR( '', #14193, 39.3700787402000 );
#11957 = CARTESIAN_POINT( '', ( 0.0345000000000000, 0.505000000000000, -0.0345000000000000 ) );
#11958 = VECTOR( '', #14194, 39.3700787402000 );
#11959 = CARTESIAN_POINT( '', ( 0.134500000000000, 0.505000000000000, -0.0655000000000000 ) );
#11960 = CARTESIAN_POINT( '', ( 0.134500000000000, 0.505000000000000, -0.0345000000000000 ) );
#11961 = CARTESIAN_POINT( '', ( 0.134500000000000, 0.505000000000000, -0.0655000000000000 ) );
#11962 = VECTOR( '', #14195, 39.3700787402000 );
#11963 = CARTESIAN_POINT( '', ( 0.165500000000000, 0.505000000000000, -0.0655000000000000 ) );
#11964 = VECTOR( '', #14196, 39.3700787402000 );
#11965 = CARTESIAN_POINT( '', ( 0.134500000000000, 0.505000000000000, -0.0345000000000000 ) );
#11966 = VECTOR( '', #14197, 39.3700787402000 );
#11967 = CARTESIAN_POINT( '', ( 0.0300000000000000, 0.505000000000000, -0.0805000000000000 ) );
#11968 = CARTESIAN_POINT( '', ( 0.0700000000000000, 0.505000000000000, -0.0805000000000000 ) );
#11969 = CARTESIAN_POINT( '', ( 0.0300000000000000, 0.505000000000000, -0.0805000000000000 ) );
#11970 = VECTOR( '', #14198, 39.3700787402000 );
#11971 = CARTESIAN_POINT( '', ( 0.0300000000000000, 0.505000000000000, -0.106850000000000 ) );
#11972 = CARTESIAN_POINT( '', ( 0.0300000000000000, 0.505000000000000, -0.106850000000000 ) );
#11973 = VECTOR( '', #14199, 39.3700787402000 );
#11974 = CARTESIAN_POINT( '', ( 0.0189500000000000, 0.505000000000000, -0.106850000000000 ) );
#11975 = CARTESIAN_POINT( '', ( 0.200000000000000, 0.505000000000000, -0.106850000000000 ) );
#11976 = VECTOR( '', #14200, 39.3700787402000 );
#11977 = CARTESIAN_POINT( '', ( 0.0189500000000000, 0.505000000000000, -0.0131500000000000 ) );
#11978 = CARTESIAN_POINT( '', ( 0.0189500000000000, 0.505000000000000, -0.106850000000000 ) );
#11979 = VECTOR( '', #14201, 39.3700787402000 );
#11980 = CARTESIAN_POINT( '', ( 0.200000000000000, 0.505000000000000, -0.0131500000000000 ) );
#11981 = VECTOR( '', #14202, 39.3700787402000 );
#11982 = CARTESIAN_POINT( '', ( 0.125000000000000, 0.505000000000000, -0.0381422538958261 ) );
#11983 = VECTOR( '', #14203, 39.3700787402000 );
#11984 = CARTESIAN_POINT( '', ( 0.181050000000000, 0.505000000000000, -0.106850000000000 ) );
#11985 = CARTESIAN_POINT( '', ( 0.181050000000000, 0.505000000000000, -0.106850000000000 ) );
#11986 = VECTOR( '', #14204, 39.3700787402000 );
#11987 = CARTESIAN_POINT( '', ( 0.170000000000000, 0.505000000000000, -0.106850000000000 ) );
#11988 = CARTESIAN_POINT( '', ( 0.200000000000000, 0.505000000000000, -0.106850000000000 ) );
#11989 = VECTOR( '', #14205, 39.3700787402000 );
#11990 = CARTESIAN_POINT( '', ( 0.170000000000000, 0.505000000000000, -0.0805000000000000 ) );
#11991 = VECTOR( '', #14206, 39.3700787402000 );
#11992 = CARTESIAN_POINT( '', ( 0.130000000000000, 0.505000000000000, -0.106850000000000 ) );
#11993 = CARTESIAN_POINT( '', ( 0.130000000000000, 0.505000000000000, -0.106850000000000 ) );
#11994 = VECTOR( '', #14207, 39.3700787402000 );
#11995 = CARTESIAN_POINT( '', ( 0.118950000000000, 0.505000000000000, -0.106850000000000 ) );
#11996 = CARTESIAN_POINT( '', ( 0.200000000000000, 0.505000000000000, -0.106850000000000 ) );
#11997 = VECTOR( '', #14208, 39.3700787402000 );
#11998 = CARTESIAN_POINT( '', ( 0.118950000000000, 0.505000000000000, -0.0428577461041740 ) );
#11999 = CARTESIAN_POINT( '', ( 0.118950000000000, 0.505000000000000, -0.106850000000000 ) );
#12000 = VECTOR( '', #14209, 39.3700787402000 );
#12001 = CARTESIAN_POINT( '', ( 0.0810500000000000, 0.505000000000000, -0.0428577461041740 ) );
#12002 = CARTESIAN_POINT( '', ( 0.125000000000000, 0.505000000000000, -0.0428577461041740 ) );
#12003 = VECTOR( '', #14210, 39.3700787402000 );
#12004 = CARTESIAN_POINT( '', ( 0.0810500000000000, 0.505000000000000, -0.106850000000000 ) );
#12005 = CARTESIAN_POINT( '', ( 0.0810500000000000, 0.505000000000000, -0.106850000000000 ) );
#12006 = VECTOR( '', #14211, 39.3700787402000 );
#12007 = CARTESIAN_POINT( '', ( 0.0700000000000000, 0.505000000000000, -0.106850000000000 ) );
#12008 = CARTESIAN_POINT( '', ( 0.200000000000000, 0.505000000000000, -0.106850000000000 ) );
#12009 = VECTOR( '', #14212, 39.3700787402000 );
#12010 = CARTESIAN_POINT( '', ( 0.0700000000000000, 0.505000000000000, -0.0805000000000000 ) );
#12011 = VECTOR( '', #14213, 39.3700787402000 );
#12012 = COLOUR_RGB( '', 0.689999997600000, 0.689999997600000, 0.689999997600000 );
#12013 = CARTESIAN_POINT( '', ( 0.134500000000000, 0.480000000000000, -0.0655000000000000 ) );
#12014 = CARTESIAN_POINT( '', ( 0.165500000000000, 0.480000000000000, -0.0655000000000000 ) );
#12015 = VECTOR( '', #14214, 39.3700787402000 );
#12016 = CARTESIAN_POINT( '', ( 0.134500000000000, 0.455000000000000, -0.0655000000000000 ) );
#12017 = VECTOR( '', #14215, 39.3700787402000 );
#12018 = COLOUR_RGB( '', 0.689999997600000, 0.689999997600000, 0.689999997600000 );
#12019 = CARTESIAN_POINT( '', ( -0.229000000000000, 0.000000000000000, -0.176500000000000 ) );
#12020 = CARTESIAN_POINT( '', ( -0.229000000000000, 0.0500000000000000, -0.176500000000000 ) );
#12021 = CARTESIAN_POINT( '', ( -0.229000000000000, 0.000000000000000, -0.176500000000000 ) );
#12022 = VECTOR( '', #14216, 39.3700787402000 );
#12023 = CARTESIAN_POINT( '', ( 0.229000000000000, 0.0500000000000000, -0.176500000000000 ) );
#12024 = CARTESIAN_POINT( '', ( 0.229000000000000, 0.0500000000000000, -0.176500000000000 ) );
#12025 = VECTOR( '', #14217, 39.3700787402000 );
#12026 = CARTESIAN_POINT( '', ( 0.229000000000000, 0.000000000000000, -0.176500000000000 ) );
#12027 = CARTESIAN_POINT( '', ( 0.229000000000000, 0.000000000000000, -0.176500000000000 ) );
#12028 = VECTOR( '', #14218, 39.3700787402000 );
#12029 = CARTESIAN_POINT( '', ( 0.229000000000000, 0.000000000000000, -0.176500000000000 ) );
#12030 = VECTOR( '', #14219, 39.3700787402000 );
#12031 = COLOUR_RGB( '', 0.689999997600000, 0.689999997600000, 0.689999997600000 );
#12032 = CARTESIAN_POINT( '', ( 0.130000000000000, 0.362000000000000, 0.0948346153846154 ) );
#12033 = CARTESIAN_POINT( '', ( 0.130000000000000, 0.362495604379368, 0.0948174598484065 ) );
#12034 = VECTOR( '', #14220, 39.3700787402000 );
#12035 = CARTESIAN_POINT( '', ( 0.170000000000000, 0.362000000000000, 0.0948346153846154 ) );
#12036 = CARTESIAN_POINT( '', ( 0.300000000000000, 0.362000000000000, 0.0948346153846154 ) );
#12037 = VECTOR( '', #14221, 39.3700787402000 );
#12038 = CARTESIAN_POINT( '', ( 0.170000000000000, 0.361423811704910, 0.0948545603640608 ) );
#12039 = VECTOR( '', #14222, 39.3700787402000 );
#12040 = CARTESIAN_POINT( '', ( 0.179500000000000, 0.350000000000000, 0.0952500000000000 ) );
#12041 = CARTESIAN_POINT( '', ( 0.179500000000000, 0.480000000000000, 0.0907500000000000 ) );
#12042 = VECTOR( '', #14223, 39.3700787402000 );
#12043 = CARTESIAN_POINT( '', ( 0.120500000000000, 0.350000000000000, 0.0952500000000000 ) );
#12044 = CARTESIAN_POINT( '', ( 0.120500000000000, 0.350000000000000, 0.0952500000000000 ) );
#12045 = VECTOR( '', #14224, 39.3700787402000 );
#12046 = CARTESIAN_POINT( '', ( 0.120500000000000, 0.480000000000000, 0.0907500000000000 ) );
#12047 = VECTOR( '', #14225, 39.3700787402000 );
#12048 = COLOUR_RGB( '', 0.689999997600000, 0.689999997600000, 0.689999997600000 );
#12049 = CARTESIAN_POINT( '', ( -0.170000000000000, 0.480000000000000, 0.0805000000000000 ) );
#12050 = VECTOR( '', #14226, 39.3700787402000 );
#12051 = CARTESIAN_POINT( '', ( -0.120500000000000, 0.480000000000000, 0.0217500000000000 ) );
#12052 = CARTESIAN_POINT( '', ( -0.120500000000000, 0.480000000000000, 0.0217500000000000 ) );
#12053 = VECTOR( '', #14227, 39.3700787402000 );
#12054 = CARTESIAN_POINT( '', ( -0.120500000000000, 0.480000000000000, 0.0217500000000000 ) );
#12055 = VECTOR( '', #14228, 39.3700787402000 );
#12056 = CARTESIAN_POINT( '', ( -0.130000000000000, 0.480000000000000, 0.111500000000000 ) );
#12057 = VECTOR( '', #14229, 39.3700787402000 );
#12058 = CARTESIAN_POINT( '', ( -0.165500000000000, 0.480000000000000, 0.0655000000000000 ) );
#12059 = CARTESIAN_POINT( '', ( -0.165500000000000, 0.480000000000000, 0.0345000000000000 ) );
#12060 = VECTOR( '', #14230, 39.3700787402000 );
#12061 = CARTESIAN_POINT( '', ( -0.134500000000000, 0.480000000000000, 0.0655000000000000 ) );
#12062 = CARTESIAN_POINT( '', ( -0.165500000000000, 0.480000000000000, 0.0655000000000000 ) );
#12063 = VECTOR( '', #14231, 39.3700787402000 );
#12064 = CARTESIAN_POINT( '', ( -0.134500000000000, 0.480000000000000, 0.0655000000000000 ) );
#12065 = VECTOR( '', #14232, 39.3700787402000 );
#12066 = COLOUR_RGB( '', 0.689999997600000, 0.689999997600000, 0.689999997600000 );
#12067 = CARTESIAN_POINT( '', ( 0.125000000000000, 0.0500000000000000, -0.125000000000000 ) );
#12068 = CARTESIAN_POINT( '', ( 0.125000000000000, 0.0500000000000000, -0.117000000000000 ) );
#12069 = VECTOR( '', #14233, 39.3700787402000 );
#12070 = CARTESIAN_POINT( '', ( 0.125000000000000, 0.0500000000000000, -0.125000000000000 ) );
#12071 = VECTOR( '', #14234, 39.3700787402000 );
#12072 = COLOUR_RGB( '', 0.689999997600000, 0.689999997600000, 0.689999997600000 );
#12073 = CARTESIAN_POINT( '', ( -0.0750000000000000, 0.0500000000000000, -0.125000000000000 ) );
#12074 = CARTESIAN_POINT( '', ( -0.0750000000000000, 0.0500000000000000, -0.125000000000000 ) );
#12075 = VECTOR( '', #14235, 39.3700787402000 );
#12076 = CARTESIAN_POINT( '', ( 0.229000000000000, 0.0500000000000000, -0.125000000000000 ) );
#12077 = VECTOR( '', #14236, 39.3700787402000 );
#12078 = COLOUR_RGB( '', 0.689999997600000, 0.689999997600000, 0.689999997600000 );
#12079 = CARTESIAN_POINT( '', ( 0.0700000000000000, 0.480000000000000, -0.0805000000000000 ) );
#12080 = CARTESIAN_POINT( '', ( 0.0700000000000000, 0.480000000000000, -0.0907500000000000 ) );
#12081 = CARTESIAN_POINT( '', ( 0.0700000000000000, 0.480000000000000, -0.0805000000000000 ) );
#12082 = VECTOR( '', #14237, 39.3700787402000 );
#12083 = CARTESIAN_POINT( '', ( 0.0700000000000000, 0.362000000000000, -0.0805000000000000 ) );
#12084 = VECTOR( '', #14238, 39.3700787402000 );
#12085 = CARTESIAN_POINT( '', ( 0.0700000000000000, 0.285000000000000, -0.110000000000000 ) );
#12086 = VECTOR( '', #14239, 39.3700787402000 );
#12087 = CARTESIAN_POINT( '', ( 0.0700000000000000, 0.362495604379368, -0.0948174598484065 ) );
#12088 = VECTOR( '', #14240, 39.3700787402000 );
#12089 = COLOUR_RGB( '', 0.689999997600000, 0.689999997600000, 0.689999997600000 );
#12090 = CARTESIAN_POINT( '', ( -0.0350000000000000, 0.385000000000000, 0.0114318181818182 ) );
#12091 = CARTESIAN_POINT( '', ( -0.0650000000000000, 0.385000000000000, 0.0114318181818182 ) );
#12092 = CARTESIAN_POINT( '', ( 0.200000000000000, 0.385000000000000, 0.0114318181818182 ) );
#12093 = VECTOR( '', #14241, 39.3700787402000 );
#12094 = CARTESIAN_POINT( '', ( -0.0350000000000000, 0.385000000000000, 0.0185000000000000 ) );
#12095 = VECTOR( '', #14242, 39.3700787402000 );
#12096 = CARTESIAN_POINT( '', ( -0.0650000000000000, 0.385000000000000, -0.0165000000000000 ) );
#12097 = VECTOR( '', #14243, 39.3700787402000 );
#12098 = COLOUR_RGB( '', 0.689999997600000, 0.689999997600000, 0.689999997600000 );
#12099 = CARTESIAN_POINT( '', ( 0.0205000000000000, 0.255000000000000, 0.0952500000000000 ) );
#12100 = CARTESIAN_POINT( '', ( 0.0205000000000000, 0.255000000000000, 0.0217500000000000 ) );
#12101 = CARTESIAN_POINT( '', ( 0.0205000000000000, 0.255000000000000, 0.000000000000000 ) );
#12102 = VECTOR( '', #14244, 39.3700787402000 );
#12103 = CARTESIAN_POINT( '', ( 0.0205000000000000, 0.480000000000000, 0.0217500000000000 ) );
#12104 = CARTESIAN_POINT( '', ( 0.0205000000000000, 0.350000000000000, 0.0217500000000000 ) );
#12105 = VECTOR( '', #14245, 39.3700787402000 );
#12106 = CARTESIAN_POINT( '', ( 0.0205000000000000, 0.480000000000000, 0.0907500000000000 ) );
#12107 = CARTESIAN_POINT( '', ( 0.0205000000000000, 0.480000000000000, 0.0217500000000000 ) );
#12108 = VECTOR( '', #14246, 39.3700787402000 );
#12109 = CARTESIAN_POINT( '', ( 0.0205000000000000, 0.350000000000000, 0.0952500000000000 ) );
#12110 = CARTESIAN_POINT( '', ( 0.0205000000000000, 0.480000000000000, 0.0907500000000000 ) );
#12111 = VECTOR( '', #14247, 39.3700787402000 );
#12112 = CARTESIAN_POINT( '', ( 0.0205000000000000, 0.350000000000000, 0.0952500000000000 ) );
#12113 = VECTOR( '', #14248, 39.3700787402000 );
#12114 = COLOUR_RGB( '', 0.689999997600000, 0.689999997600000, 0.689999997600000 );
#12115 = CARTESIAN_POINT( '', ( -0.229000000000000, 0.0500000000000000, -0.176500000000000 ) );
#12116 = VECTOR( '', #14249, 39.3700787402000 );
#12117 = CARTESIAN_POINT( '', ( -0.175000000000000, 0.0500000000000000, -0.117000000000000 ) );
#12118 = CARTESIAN_POINT( '', ( -0.175000000000000, 0.0500000000000000, -0.117000000000000 ) );
#12119 = VECTOR( '', #14250, 39.3700787402000 );
#12120 = CARTESIAN_POINT( '', ( -0.125000000000000, 0.0500000000000000, -0.117000000000000 ) );
#12121 = VECTOR( '', #14251, 39.3700787402000 );
#12122 = CARTESIAN_POINT( '', ( -0.0750000000000000, 0.0500000000000000, -0.117000000000000 ) );
#12123 = CARTESIAN_POINT( '', ( -0.0750000000000000, 0.0500000000000000, -0.117000000000000 ) );
#12124 = VECTOR( '', #14252, 39.3700787402000 );
#12125 = CARTESIAN_POINT( '', ( -0.0250000000000000, 0.0500000000000000, -0.117000000000000 ) );
#12126 = CARTESIAN_POINT( '', ( -0.0250000000000000, 0.0500000000000000, -0.117000000000000 ) );
#12127 = VECTOR( '', #14253, 39.3700787402000 );
#12128 = CARTESIAN_POINT( '', ( -0.0250000000000000, 0.0500000000000000, -0.125000000000000 ) );
#12129 = CARTESIAN_POINT( '', ( -0.0250000000000000, 0.0500000000000000, -0.125000000000000 ) );
#12130 = VECTOR( '', #14254, 39.3700787402000 );
#12131 = CARTESIAN_POINT( '', ( 0.0250000000000000, 0.0500000000000000, -0.125000000000000 ) );
#12132 = CARTESIAN_POINT( '', ( 0.229000000000000, 0.0500000000000000, -0.125000000000000 ) );
#12133 = VECTOR( '', #14255, 39.3700787402000 );
#12134 = CARTESIAN_POINT( '', ( 0.0250000000000000, 0.0500000000000000, -0.117000000000000 ) );
#12135 = VECTOR( '', #14256, 39.3700787402000 );
#12136 = CARTESIAN_POINT( '', ( 0.0750000000000000, 0.0500000000000000, -0.125000000000000 ) );
#12137 = CARTESIAN_POINT( '', ( 0.0750000000000000, 0.0500000000000000, -0.125000000000000 ) );
#12138 = VECTOR( '', #14257, 39.3700787402000 );
#12139 = CARTESIAN_POINT( '', ( 0.229000000000000, 0.0500000000000000, -0.125000000000000 ) );
#12140 = VECTOR( '', #14258, 39.3700787402000 );
#12141 = CARTESIAN_POINT( '', ( 0.175000000000000, 0.0500000000000000, -0.125000000000000 ) );
#12142 = CARTESIAN_POINT( '', ( 0.175000000000000, 0.0500000000000000, -0.125000000000000 ) );
#12143 = VECTOR( '', #14259, 39.3700787402000 );
#12144 = CARTESIAN_POINT( '', ( 0.229000000000000, 0.0500000000000000, -0.125000000000000 ) );
#12145 = CARTESIAN_POINT( '', ( 0.229000000000000, 0.0500000000000000, -0.125000000000000 ) );
#12146 = VECTOR( '', #14260, 39.3700787402000 );
#12147 = CARTESIAN_POINT( '', ( 0.229000000000000, 0.0500000000000000, -0.176500000000000 ) );
#12148 = VECTOR( '', #14261, 39.3700787402000 );
#12149 = COLOUR_RGB( '', 0.689999997600000, 0.689999997600000, 0.689999997600000 );
#12150 = CARTESIAN_POINT( '', ( -0.107500000000000, 0.000000000000000, 0.0137500000000000 ) );
#12151 = CARTESIAN_POINT( '', ( -0.107500000000000, 0.000000000000000, 0.0137500000000000 ) );
#12152 = VECTOR( '', #14262, 39.3700787402000 );
#12153 = CARTESIAN_POINT( '', ( -0.107500000000000, 0.118700000000000, 0.0137500000000000 ) );
#12154 = CARTESIAN_POINT( '', ( -0.107500000000000, 0.100000000000000, 0.0137500000000000 ) );
#12155 = VECTOR( '', #14263, 39.3700787402000 );
#12156 = CARTESIAN_POINT( '', ( -0.107500000000000, 0.118700000000000, 0.0137500000000000 ) );
#12157 = VECTOR( '', #14264, 39.3700787402000 );
#12158 = COLOUR_RGB( '', 0.689999997600000, 0.689999997600000, 0.689999997600000 );
#12159 = CARTESIAN_POINT( '', ( 0.0129500000000000, 0.485000000000000, 0.107136363636364 ) );
#12160 = CARTESIAN_POINT( '', ( 0.0189500000000000, 0.505000000000000, 0.106850000000000 ) );
#12161 = CARTESIAN_POINT( '', ( 0.0338962714311495, 0.554820904770498, 0.106136655227150 ) );
#12162 = VECTOR( '', #14265, 39.3700787402000 );
#12163 = CARTESIAN_POINT( '', ( 0.0189500000000000, 0.505000000000000, 0.0131500000000000 ) );
#12164 = CARTESIAN_POINT( '', ( 0.0189500000000000, 0.505000000000000, 0.125000000000000 ) );
#12165 = VECTOR( '', #14266, 39.3700787402000 );
#12166 = CARTESIAN_POINT( '', ( 0.0129500000000000, 0.485000000000000, 0.0128636363636364 ) );
#12167 = CARTESIAN_POINT( '', ( -0.0266552120570809, 0.352982626476397, 0.0109733876063666 ) );
#12168 = VECTOR( '', #14267, 39.3700787402000 );
#12169 = CARTESIAN_POINT( '', ( 0.0129500000000000, 0.485000000000000, 0.125000000000000 ) );
#12170 = VECTOR( '', #14268, 39.3700787402000 );
#12171 = COLOUR_RGB( '', 0.689999997600000, 0.689999997600000, 0.689999997600000 );
#12172 = CARTESIAN_POINT( '', ( -0.179500000000000, 0.255000000000000, -0.0217500000000000 ) );
#12173 = CARTESIAN_POINT( '', ( -0.179500000000000, 0.255000000000000, -0.117000000000000 ) );
#12174 = VECTOR( '', #14269, 39.3700787402000 );
#12175 = CARTESIAN_POINT( '', ( -0.179500000000000, 0.480000000000000, -0.0907500000000000 ) );
#12176 = CARTESIAN_POINT( '', ( -0.179500000000000, 0.350000000000000, -0.0952500000000000 ) );
#12177 = VECTOR( '', #14270, 39.3700787402000 );
#12178 = CARTESIAN_POINT( '', ( -0.179500000000000, 0.480000000000000, -0.0217500000000000 ) );
#12179 = CARTESIAN_POINT( '', ( -0.179500000000000, 0.480000000000000, -0.0907500000000000 ) );
#12180 = VECTOR( '', #14271, 39.3700787402000 );
#12181 = CARTESIAN_POINT( '', ( -0.179500000000000, 0.350000000000000, -0.0217500000000000 ) );
#12182 = VECTOR( '', #14272, 39.3700787402000 );
#12183 = COLOUR_RGB( '', 0.689999997600000, 0.689999997600000, 0.689999997600000 );
#12184 = CARTESIAN_POINT( '', ( 0.0125000000000000, 0.118700000000000, -0.0982500000000000 ) );
#12185 = CARTESIAN_POINT( '', ( 0.0125000000000000, 0.118700000000000, -0.0982500000000000 ) );
#12186 = VECTOR( '', #14273, 39.3700787402000 );
#12187 = CARTESIAN_POINT( '', ( 0.0125000000000000, 0.255000000000000, -0.0982500000000000 ) );
#12188 = VECTOR( '', #14274, 39.3700787402000 );
#12189 = COLOUR_RGB( '', 0.689999997600000, 0.689999997600000, 0.689999997600000 );
#12190 = CARTESIAN_POINT( '', ( 0.170000000000000, 0.480000000000000, -0.0907500000000000 ) );
#12191 = CARTESIAN_POINT( '', ( 0.170000000000000, 0.480000000000000, -0.0805000000000000 ) );
#12192 = VECTOR( '', #14275, 39.3700787402000 );
#12193 = CARTESIAN_POINT( '', ( 0.170000000000000, 0.362000000000000, -0.108897500000000 ) );
#12194 = CARTESIAN_POINT( '', ( 0.170000000000000, 0.285000000000000, -0.110000000000000 ) );
#12195 = VECTOR( '', #14276, 39.3700787402000 );
#12196 = CARTESIAN_POINT( '', ( 0.170000000000000, 0.362000000000000, -0.0948346153846154 ) );
#12197 = CARTESIAN_POINT( '', ( 0.170000000000000, 0.362000000000000, -0.0805000000000000 ) );
#12198 = VECTOR( '', #14277, 39.3700787402000 );
#12199 = CARTESIAN_POINT( '', ( 0.170000000000000, 0.362495604379368, -0.0948174598484065 ) );
#12200 = VECTOR( '', #14278, 39.3700787402000 );
#12201 = COLOUR_RGB( '', 0.689999997600000, 0.689999997600000, 0.689999997600000 );
#12202 = CARTESIAN_POINT( '', ( 0.0795000000000000, 0.480000000000000, -0.0217500000000000 ) );
#12203 = CARTESIAN_POINT( '', ( 0.0795000000000000, 0.350000000000000, -0.0217500000000000 ) );
#12204 = VECTOR( '', #14279, 39.3700787402000 );
#12205 = CARTESIAN_POINT( '', ( 0.0795000000000000, 0.480000000000000, -0.0907500000000000 ) );
#12206 = CARTESIAN_POINT( '', ( 0.0795000000000000, 0.480000000000000, -0.0907500000000000 ) );
#12207 = VECTOR( '', #14280, 39.3700787402000 );
#12208 = CARTESIAN_POINT( '', ( 0.0795000000000000, 0.350000000000000, -0.0952500000000000 ) );
#12209 = VECTOR( '', #14281, 39.3700787402000 );
#12210 = COLOUR_RGB( '', 0.689999997600000, 0.689999997600000, 0.689999997600000 );
#12211 = CARTESIAN_POINT( '', ( -0.0750000000000000, 0.280000000000000, 0.125000000000000 ) );
#12212 = CARTESIAN_POINT( '', ( -0.0750000000000000, 0.280000000000000, 0.125000000000000 ) );
#12213 = VECTOR( '', #14282, 39.3700787402000 );
#12214 = CARTESIAN_POINT( '', ( -0.0415000000000000, 0.280000000000000, 0.125000000000000 ) );
#12215 = CARTESIAN_POINT( '', ( -0.104000000000000, 0.280000000000000, 0.125000000000000 ) );
#12216 = VECTOR( '', #14283, 39.3700787402000 );
#12217 = CARTESIAN_POINT( '', ( -0.0415000000000000, 0.280000000000000, 0.203000000000000 ) );
#12218 = VECTOR( '', #14284, 39.3700787402000 );
#12219 = COLOUR_RGB( '', 0.689999997600000, 0.689999997600000, 0.689999997600000 );
#12220 = CARTESIAN_POINT( '', ( 0.0300000000000000, 0.480000000000000, -0.0907500000000000 ) );
#12221 = CARTESIAN_POINT( '', ( 0.0300000000000000, 0.480000000000000, -0.0805000000000000 ) );
#12222 = CARTESIAN_POINT( '', ( 0.0300000000000000, 0.480000000000000, -0.111500000000000 ) );
#12223 = VECTOR( '', #14285, 39.3700787402000 );
#12224 = CARTESIAN_POINT( '', ( 0.0300000000000000, 0.361423811704910, -0.0948545603640608 ) );
#12225 = VECTOR( '', #14286, 39.3700787402000 );
#12226 = CARTESIAN_POINT( '', ( 0.0300000000000000, 0.285000000000000, -0.110000000000000 ) );
#12227 = VECTOR( '', #14287, 39.3700787402000 );
#12228 = CARTESIAN_POINT( '', ( 0.0300000000000000, 0.362000000000000, -0.0805000000000000 ) );
#12229 = VECTOR( '', #14288, 39.3700787402000 );
#12230 = COLOUR_RGB( '', 0.689999997600000, 0.689999997600000, 0.689999997600000 );
#12231 = CARTESIAN_POINT( '', ( 0.187500000000000, 0.118700000000000, 0.0982500000000000 ) );
#12232 = CARTESIAN_POINT( '', ( 0.187500000000000, 0.118700000000000, 0.0187500000000000 ) );
#12233 = CARTESIAN_POINT( '', ( 0.187500000000000, 0.118700000000000, 0.0982500000000000 ) );
#12234 = VECTOR( '', #14289, 39.3700787402000 );
#12235 = CARTESIAN_POINT( '', ( 0.187500000000000, 0.255000000000000, 0.0982500000000000 ) );
#12236 = CARTESIAN_POINT( '', ( 0.187500000000000, 0.255000000000000, 0.0982500000000000 ) );
#12237 = VECTOR( '', #14290, 39.3700787402000 );
#12238 = CARTESIAN_POINT( '', ( 0.187500000000000, 0.255000000000000, 0.0187500000000000 ) );
#12239 = CARTESIAN_POINT( '', ( 0.187500000000000, 0.255000000000000, 0.0982500000000000 ) );
#12240 = VECTOR( '', #14291, 39.3700787402000 );
#12241 = CARTESIAN_POINT( '', ( 0.187500000000000, 0.255000000000000, 0.0187500000000000 ) );
#12242 = VECTOR( '', #14292, 39.3700787402000 );
#12243 = COLOUR_RGB( '', 0.689999997600000, 0.689999997600000, 0.689999997600000 );
#12244 = CARTESIAN_POINT( '', ( 0.00749999999999999, 0.000000000000000, -0.0137500000000000 ) );
#12245 = CARTESIAN_POINT( '', ( 0.0925000000000000, 0.000000000000000, -0.0137500000000000 ) );
#12246 = CARTESIAN_POINT( '', ( 0.00749999999999999, 0.000000000000000, -0.0137500000000000 ) );
#12247 = VECTOR( '', #14293, 39.3700787402000 );
#12248 = CARTESIAN_POINT( '', ( 0.00749999999999999, 0.118700000000000, -0.0137500000000000 ) );
#12249 = CARTESIAN_POINT( '', ( 0.00749999999999999, 0.100000000000000, -0.0137500000000000 ) );
#12250 = VECTOR( '', #14294, 39.3700787402000 );
#12251 = CARTESIAN_POINT( '', ( 0.0925000000000000, 0.118700000000000, -0.0137500000000000 ) );
#12252 = CARTESIAN_POINT( '', ( 0.00749999999999999, 0.118700000000000, -0.0137500000000000 ) );
#12253 = VECTOR( '', #14295, 39.3700787402000 );
#12254 = CARTESIAN_POINT( '', ( 0.0925000000000000, 0.100000000000000, -0.0137500000000000 ) );
#12255 = VECTOR( '', #14296, 39.3700787402000 );
#12256 = COLOUR_RGB( '', 0.689999997600000, 0.689999997600000, 0.689999997600000 );
#12257 = CARTESIAN_POINT( '', ( -0.0415000000000000, 0.205000000000000, 0.150000000000000 ) );
#12258 = CARTESIAN_POINT( '', ( -0.0415000000000000, 0.205000000000000, 0.163000000000000 ) );
#12259 = CARTESIAN_POINT( '', ( -0.0415000000000000, 0.205000000000000, 0.203000000000000 ) );
#12260 = VECTOR( '', #14297, 39.3700787402000 );
#12261 = CARTESIAN_POINT( '', ( 0.112500000000000, 0.205000000000000, 0.163000000000000 ) );
#12262 = VECTOR( '', #14298, 39.3700787402000 );
#12263 = CARTESIAN_POINT( '', ( 0.112500000000000, 0.205000000000000, 0.150000000000000 ) );
#12264 = VECTOR( '', #14299, 39.3700787402000 );
#12265 = COLOUR_RGB( '', 0.689999997600000, 0.689999997600000, 0.689999997600000 );
#12266 = CARTESIAN_POINT( '', ( 0.0129500000000000, 0.485000000000000, -0.0128636363636364 ) );
#12267 = CARTESIAN_POINT( '', ( 0.0338962714311495, 0.554820904770498, -0.0138633447728503 ) );
#12268 = VECTOR( '', #14300, 39.3700787402000 );
#12269 = CARTESIAN_POINT( '', ( 0.0129500000000000, 0.485000000000000, -0.107136363636364 ) );
#12270 = CARTESIAN_POINT( '', ( -0.0266552120570809, 0.352982626476397, -0.109026612393633 ) );
#12271 = VECTOR( '', #14301, 39.3700787402000 );
#12272 = CARTESIAN_POINT( '', ( 0.0129500000000000, 0.485000000000000, 0.125000000000000 ) );
#12273 = VECTOR( '', #14302, 39.3700787402000 );
#12274 = COLOUR_RGB( '', 0.689999997600000, 0.689999997600000, 0.689999997600000 );
#12275 = CARTESIAN_POINT( '', ( 0.0750000000000000, 0.0500000000000000, -0.125000000000000 ) );
#12276 = VECTOR( '', #14303, 39.3700787402000 );
#12277 = COLOUR_RGB( '', 0.689999997600000, 0.689999997600000, 0.689999997600000 );
#12278 = CARTESIAN_POINT( '', ( 0.0300000000000000, 0.480000000000000, 0.0907500000000000 ) );
#12279 = CARTESIAN_POINT( '', ( 0.0300000000000000, 0.362000000000000, 0.0948346153846154 ) );
#12280 = CARTESIAN_POINT( '', ( 0.0300000000000000, 0.362495604379368, 0.0948174598484065 ) );
#12281 = VECTOR( '', #14304, 39.3700787402000 );
#12282 = CARTESIAN_POINT( '', ( 0.0300000000000000, 0.480000000000000, 0.0805000000000000 ) );
#12283 = VECTOR( '', #14305, 39.3700787402000 );
#12284 = CARTESIAN_POINT( '', ( 0.0300000000000000, 0.505000000000000, 0.106850000000000 ) );
#12285 = CARTESIAN_POINT( '', ( 0.0300000000000000, 0.505000000000000, 0.0805000000000000 ) );
#12286 = VECTOR( '', #14306, 39.3700787402000 );
#12287 = CARTESIAN_POINT( '', ( 0.0300000000000000, 0.362000000000000, 0.108897500000000 ) );
#12288 = CARTESIAN_POINT( '', ( 0.0300000000000000, 0.505000000000000, 0.106850000000000 ) );
#12289 = VECTOR( '', #14307, 39.3700787402000 );
#12290 = CARTESIAN_POINT( '', ( 0.0300000000000000, 0.362000000000000, 0.0805000000000000 ) );
#12291 = VECTOR( '', #14308, 39.3700787402000 );
#12292 = COLOUR_RGB( '', 0.689999997600000, 0.689999997600000, 0.689999997600000 );
#12293 = CARTESIAN_POINT( '', ( -0.0925000000000000, 0.000000000000000, -0.103250000000000 ) );
#12294 = CARTESIAN_POINT( '', ( -0.0925000000000000, 0.000000000000000, -0.0137500000000000 ) );
#12295 = CARTESIAN_POINT( '', ( -0.0925000000000000, 0.000000000000000, -0.103250000000000 ) );
#12296 = VECTOR( '', #14309, 39.3700787402000 );
#12297 = CARTESIAN_POINT( '', ( -0.0925000000000000, 0.118700000000000, -0.103250000000000 ) );
#12298 = CARTESIAN_POINT( '', ( -0.0925000000000000, 0.100000000000000, -0.103250000000000 ) );
#12299 = VECTOR( '', #14310, 39.3700787402000 );
#12300 = CARTESIAN_POINT( '', ( -0.0925000000000000, 0.118700000000000, -0.0137500000000000 ) );
#12301 = CARTESIAN_POINT( '', ( -0.0925000000000000, 0.118700000000000, -0.103250000000000 ) );
#12302 = VECTOR( '', #14311, 39.3700787402000 );
#12303 = CARTESIAN_POINT( '', ( -0.0925000000000000, 0.100000000000000, -0.0137500000000000 ) );
#12304 = VECTOR( '', #14312, 39.3700787402000 );
#12305 = COLOUR_RGB( '', 0.689999997600000, 0.689999997600000, 0.689999997600000 );
#12306 = CARTESIAN_POINT( '', ( 0.120500000000000, 0.350000000000000, -0.0952500000000000 ) );
#12307 = CARTESIAN_POINT( '', ( 0.120500000000000, 0.350000000000000, -0.0952500000000000 ) );
#12308 = VECTOR( '', #14313, 39.3700787402000 );
#12309 = CARTESIAN_POINT( '', ( 0.120500000000000, 0.480000000000000, -0.0907500000000000 ) );
#12310 = CARTESIAN_POINT( '', ( 0.120500000000000, 0.350000000000000, -0.0952500000000000 ) );
#12311 = VECTOR( '', #14314, 39.3700787402000 );
#12312 = CARTESIAN_POINT( '', ( 0.120500000000000, 0.480000000000000, -0.0217500000000000 ) );
#12313 = CARTESIAN_POINT( '', ( 0.120500000000000, 0.480000000000000, -0.0907500000000000 ) );
#12314 = VECTOR( '', #14315, 39.3700787402000 );
#12315 = CARTESIAN_POINT( '', ( 0.120500000000000, 0.350000000000000, -0.0217500000000000 ) );
#12316 = VECTOR( '', #14316, 39.3700787402000 );
#12317 = COLOUR_RGB( '', 0.689999997600000, 0.689999997600000, 0.689999997600000 );
#12318 = CARTESIAN_POINT( '', ( 0.0875000000000000, 0.255000000000000, 0.0187500000000000 ) );
#12319 = CARTESIAN_POINT( '', ( 0.0125000000000000, 0.255000000000000, 0.0187500000000000 ) );
#12320 = CARTESIAN_POINT( '', ( 0.0875000000000000, 0.255000000000000, 0.0187500000000000 ) );
#12321 = VECTOR( '', #14317, 39.3700787402000 );
#12322 = CARTESIAN_POINT( '', ( 0.0875000000000000, 0.255000000000000, 0.0982500000000000 ) );
#12323 = VECTOR( '', #14318, 39.3700787402000 );
#12324 = CARTESIAN_POINT( '', ( 0.0125000000000000, 0.255000000000000, 0.0187500000000000 ) );
#12325 = VECTOR( '', #14319, 39.3700787402000 );
#12326 = CARTESIAN_POINT( '', ( 0.0795000000000000, 0.255000000000000, 0.0217500000000000 ) );
#12327 = CARTESIAN_POINT( '', ( 0.200000000000000, 0.255000000000000, 0.0217500000000000 ) );
#12328 = VECTOR( '', #14320, 39.3700787402000 );
#12329 = CARTESIAN_POINT( '', ( 0.0795000000000000, 0.255000000000000, 0.0952500000000000 ) );
#12330 = CARTESIAN_POINT( '', ( 0.200000000000000, 0.255000000000000, 0.0952500000000000 ) );
#12331 = VECTOR( '', #14321, 39.3700787402000 );
#12332 = CARTESIAN_POINT( '', ( 0.0795000000000000, 0.255000000000000, 0.000000000000000 ) );
#12333 = VECTOR( '', #14322, 39.3700787402000 );
#12334 = COLOUR_RGB( '', 0.689999997600000, 0.689999997600000, 0.689999997600000 );
#12335 = CARTESIAN_POINT( '', ( 0.0132856137224318, 0.507753472707244, 0.106810575277146 ) );
#12336 = VECTOR( '', #14323, 39.3700787402000 );
#12337 = CARTESIAN_POINT( '', ( 0.0100413194145380, 0.287801316239867, 0.0100401097552527 ) );
#12338 = VECTOR( '', #14324, 39.3700787402000 );
#12339 = COLOUR_RGB( '', 0.689999997600000, 0.689999997600000, 0.689999997600000 );
#12340 = CARTESIAN_POINT( '', ( -0.170000000000000, 0.362000000000000, 0.108897500000000 ) );
#12341 = CARTESIAN_POINT( '', ( -0.130000000000000, 0.362000000000000, 0.108897500000000 ) );
#12342 = CARTESIAN_POINT( '', ( 0.200000000000000, 0.362000000000000, 0.108897500000000 ) );
#12343 = VECTOR( '', #14325, 39.3700787402000 );
#12344 = CARTESIAN_POINT( '', ( -0.170000000000000, 0.505000000000000, 0.106850000000000 ) );
#12345 = CARTESIAN_POINT( '', ( -0.170000000000000, 0.505000000000000, 0.106850000000000 ) );
#12346 = VECTOR( '', #14326, 39.3700787402000 );
#12347 = CARTESIAN_POINT( '', ( -0.181050000000000, 0.505000000000000, 0.106850000000000 ) );
#12348 = CARTESIAN_POINT( '', ( 0.200000000000000, 0.505000000000000, 0.106850000000000 ) );
#12349 = VECTOR( '', #14327, 39.3700787402000 );
#12350 = CARTESIAN_POINT( '', ( -0.187050000000000, 0.485000000000000, 0.107136363636364 ) );
#12351 = CARTESIAN_POINT( '', ( -0.149593072472579, 0.609856425091402, 0.105348646640737 ) );
#12352 = VECTOR( '', #14328, 39.3700787402000 );
#12353 = CARTESIAN_POINT( '', ( -0.186670892157002, 0.510702226643946, 0.106768354482144 ) );
#12354 = VECTOR( '', #14329, 39.3700787402000 );
#12355 = CARTESIAN_POINT( '', ( -0.118950000000000, 0.505000000000000, 0.106850000000000 ) );
#12356 = CARTESIAN_POINT( '', ( -0.0926196311904716, 0.417232103968238, 0.108106676693182 ) );
#12357 = VECTOR( '', #14330, 39.3700787402000 );
#12358 = CARTESIAN_POINT( '', ( -0.130000000000000, 0.505000000000000, 0.106850000000000 ) );
#12359 = CARTESIAN_POINT( '', ( 0.200000000000000, 0.505000000000000, 0.106850000000000 ) );
#12360 = VECTOR( '', #14331, 39.3700787402000 );
#12361 = CARTESIAN_POINT( '', ( -0.130000000000000, 0.505000000000000, 0.106850000000000 ) );
#12362 = VECTOR( '', #14332, 39.3700787402000 );
#12363 = COLOUR_RGB( '', 0.689999997600000, 0.689999997600000, 0.689999997600000 );
#12364 = CARTESIAN_POINT( '', ( -0.187500000000000, 0.255000000000000, -0.0982500000000000 ) );
#12365 = CARTESIAN_POINT( '', ( -0.112500000000000, 0.255000000000000, -0.0982500000000000 ) );
#12366 = VECTOR( '', #14333, 39.3700787402000 );
#12367 = CARTESIAN_POINT( '', ( -0.187500000000000, 0.255000000000000, -0.0982500000000000 ) );
#12368 = VECTOR( '', #14334, 39.3700787402000 );
#12369 = CARTESIAN_POINT( '', ( -0.120500000000000, 0.255000000000000, -0.0217500000000000 ) );
#12370 = CARTESIAN_POINT( '', ( 0.000000000000000, 0.255000000000000, -0.0217500000000000 ) );
#12371 = VECTOR( '', #14335, 39.3700787402000 );
#12372 = CARTESIAN_POINT( '', ( -0.120500000000000, 0.255000000000000, -0.117000000000000 ) );
#12373 = VECTOR( '', #14336, 39.3700787402000 );
#12374 = COLOUR_RGB( '', 0.689999997600000, 0.689999997600000, 0.689999997600000 );
#12375 = CARTESIAN_POINT( '', ( 0.0870500000000000, 0.485000000000000, -0.107136363636364 ) );
#12376 = CARTESIAN_POINT( '', ( 0.151421196201488, 0.270429345995041, -0.110208625273253 ) );
#12377 = VECTOR( '', #14337, 39.3700787402000 );
#12378 = CARTESIAN_POINT( '', ( 0.0900239217663115, 0.283378185334814, -0.110023221437252 ) );
#12379 = VECTOR( '', #14338, 39.3700787402000 );
#12380 = CARTESIAN_POINT( '', ( 0.0100413194145380, 0.287801316239867, -0.109959890244747 ) );
#12381 = VECTOR( '', #14339, 39.3700787402000 );
#12382 = COLOUR_RGB( '', 0.689999997600000, 0.689999997600000, 0.689999997600000 );
#12383 = CARTESIAN_POINT( '', ( 0.0870500000000000, 0.485000000000000, -0.0486984153898350 ) );
#12384 = CARTESIAN_POINT( '', ( 0.0870500000000000, 0.485000000000000, 0.125000000000000 ) );
#12385 = VECTOR( '', #14340, 39.3700787402000 );
#12386 = CARTESIAN_POINT( '', ( 0.0869606595699284, 0.491056978309937, -0.0484869010464572 ) );
#12387 = VECTOR( '', #14341, 39.3700787402000 );
#12388 = COLOUR_RGB( '', 0.689999997600000, 0.689999997600000, 0.689999997600000 );
#12389 = CARTESIAN_POINT( '', ( -0.0250000000000000, 0.0500000000000000, -0.125000000000000 ) );
#12390 = VECTOR( '', #14342, 39.3700787402000 );
#12391 = CARTESIAN_POINT( '', ( 0.0250000000000000, 0.0500000000000000, -0.125000000000000 ) );
#12392 = VECTOR( '', #14343, 39.3700787402000 );
#12393 = COLOUR_RGB( '', 0.689999997600000, 0.689999997600000, 0.689999997600000 );
#12394 = CARTESIAN_POINT( '', ( -0.120500000000000, 0.350000000000000, 0.0952500000000000 ) );
#12395 = VECTOR( '', #14344, 39.3700787402000 );
#12396 = CARTESIAN_POINT( '', ( -0.120500000000000, 0.350000000000000, 0.0217500000000000 ) );
#12397 = VECTOR( '', #14345, 39.3700787402000 );
#12398 = COLOUR_RGB( '', 0.689999997600000, 0.689999997600000, 0.689999997600000 );
#12399 = CARTESIAN_POINT( '', ( 0.134500000000000, 0.505000000000000, 0.0345000000000000 ) );
#12400 = CARTESIAN_POINT( '', ( 0.134500000000000, 0.455000000000000, 0.0345000000000000 ) );
#12401 = VECTOR( '', #14346, 39.3700787402000 );
#12402 = CARTESIAN_POINT( '', ( 0.134500000000000, 0.505000000000000, 0.0655000000000000 ) );
#12403 = CARTESIAN_POINT( '', ( 0.134500000000000, 0.505000000000000, 0.0345000000000000 ) );
#12404 = VECTOR( '', #14347, 39.3700787402000 );
#12405 = CARTESIAN_POINT( '', ( 0.134500000000000, 0.455000000000000, 0.0655000000000000 ) );
#12406 = VECTOR( '', #14348, 39.3700787402000 );
#12407 = COLOUR_RGB( '', 0.689999997600000, 0.689999997600000, 0.689999997600000 );
#12408 = CARTESIAN_POINT( '', ( -0.0700000000000000, 0.480000000000000, -0.0907500000000000 ) );
#12409 = CARTESIAN_POINT( '', ( -0.0700000000000000, 0.480000000000000, -0.0805000000000000 ) );
#12410 = CARTESIAN_POINT( '', ( -0.0700000000000000, 0.480000000000000, -0.111500000000000 ) );
#12411 = VECTOR( '', #14349, 39.3700787402000 );
#12412 = CARTESIAN_POINT( '', ( -0.0700000000000000, 0.480000000000000, -0.0805000000000000 ) );
#12413 = VECTOR( '', #14350, 39.3700787402000 );
#12414 = CARTESIAN_POINT( '', ( -0.0205000000000000, 0.480000000000000, -0.0907500000000000 ) );
#12415 = CARTESIAN_POINT( '', ( -0.0205000000000000, 0.480000000000000, -0.0907500000000000 ) );
#12416 = VECTOR( '', #14351, 39.3700787402000 );
#12417 = CARTESIAN_POINT( '', ( -0.0205000000000000, 0.480000000000000, -0.0217500000000000 ) );
#12418 = CARTESIAN_POINT( '', ( -0.0205000000000000, 0.480000000000000, -0.0907500000000000 ) );
#12419 = VECTOR( '', #14352, 39.3700787402000 );
#12420 = CARTESIAN_POINT( '', ( -0.0795000000000000, 0.480000000000000, -0.0217500000000000 ) );
#12421 = CARTESIAN_POINT( '', ( -0.0205000000000000, 0.480000000000000, -0.0217500000000000 ) );
#12422 = VECTOR( '', #14353, 39.3700787402000 );
#12423 = CARTESIAN_POINT( '', ( -0.0795000000000000, 0.480000000000000, -0.0907500000000000 ) );
#12424 = CARTESIAN_POINT( '', ( -0.0795000000000000, 0.480000000000000, -0.0907500000000000 ) );
#12425 = VECTOR( '', #14354, 39.3700787402000 );
#12426 = CARTESIAN_POINT( '', ( -0.0205000000000000, 0.480000000000000, -0.0907500000000000 ) );
#12427 = VECTOR( '', #14355, 39.3700787402000 );
#12428 = CARTESIAN_POINT( '', ( -0.0345000000000000, 0.480000000000000, -0.0655000000000000 ) );
#12429 = CARTESIAN_POINT( '', ( -0.0345000000000000, 0.480000000000000, -0.0655000000000000 ) );
#12430 = VECTOR( '', #14356, 39.3700787402000 );
#12431 = CARTESIAN_POINT( '', ( -0.0345000000000000, 0.480000000000000, -0.0345000000000000 ) );
#12432 = VECTOR( '', #14357, 39.3700787402000 );
#12433 = COLOUR_RGB( '', 0.689999997600000, 0.689999997600000, 0.689999997600000 );
#12434 = CARTESIAN_POINT( '', ( -0.135000000000000, 0.385000000000000, 0.0114318181818182 ) );
#12435 = CARTESIAN_POINT( '', ( -0.135000000000000, 0.385000000000000, -0.0114318181818182 ) );
#12436 = CARTESIAN_POINT( '', ( -0.135000000000000, 0.385000000000000, 0.0185000000000000 ) );
#12437 = VECTOR( '', #14358, 39.3700787402000 );
#12438 = CARTESIAN_POINT( '', ( -0.135000000000000, 0.285000000000000, 0.0100000000000000 ) );
#12439 = VECTOR( '', #14359, 39.3700787402000 );
#12440 = CARTESIAN_POINT( '', ( -0.135000000000000, 0.505000000000000, -0.0131500000000000 ) );
#12441 = VECTOR( '', #14360, 39.3700787402000 );
#12442 = COLOUR_RGB( '', 0.689999997600000, 0.689999997600000, 0.689999997600000 );
#12443 = CARTESIAN_POINT( '', ( -0.0700000000000000, 0.480000000000000, 0.0805000000000000 ) );
#12444 = CARTESIAN_POINT( '', ( -0.0700000000000000, 0.480000000000000, 0.0907500000000000 ) );
#12445 = CARTESIAN_POINT( '', ( -0.0700000000000000, 0.480000000000000, 0.0805000000000000 ) );
#12446 = VECTOR( '', #14361, 39.3700787402000 );
#12447 = CARTESIAN_POINT( '', ( -0.0795000000000000, 0.480000000000000, 0.0907500000000000 ) );
#12448 = CARTESIAN_POINT( '', ( -0.0205000000000000, 0.480000000000000, 0.0907500000000000 ) );
#12449 = VECTOR( '', #14362, 39.3700787402000 );
#12450 = CARTESIAN_POINT( '', ( -0.0795000000000000, 0.480000000000000, 0.0217500000000000 ) );
#12451 = CARTESIAN_POINT( '', ( -0.0795000000000000, 0.480000000000000, 0.0217500000000000 ) );
#12452 = VECTOR( '', #14363, 39.3700787402000 );
#12453 = CARTESIAN_POINT( '', ( -0.0205000000000000, 0.480000000000000, 0.0217500000000000 ) );
#12454 = CARTESIAN_POINT( '', ( -0.0205000000000000, 0.480000000000000, 0.0217500000000000 ) );
#12455 = VECTOR( '', #14364, 39.3700787402000 );
#12456 = CARTESIAN_POINT( '', ( -0.0205000000000000, 0.480000000000000, 0.0907500000000000 ) );
#12457 = CARTESIAN_POINT( '', ( -0.0205000000000000, 0.480000000000000, 0.0217500000000000 ) );
#12458 = VECTOR( '', #14365, 39.3700787402000 );
#12459 = CARTESIAN_POINT( '', ( -0.0300000000000000, 0.480000000000000, 0.0907500000000000 ) );
#12460 = CARTESIAN_POINT( '', ( -0.0205000000000000, 0.480000000000000, 0.0907500000000000 ) );
#12461 = VECTOR( '', #14366, 39.3700787402000 );
#12462 = CARTESIAN_POINT( '', ( -0.0300000000000000, 0.480000000000000, 0.0805000000000000 ) );
#12463 = CARTESIAN_POINT( '', ( -0.0300000000000000, 0.480000000000000, 0.111500000000000 ) );
#12464 = VECTOR( '', #14367, 39.3700787402000 );
#12465 = CARTESIAN_POINT( '', ( -0.0300000000000000, 0.480000000000000, 0.0805000000000000 ) );
#12466 = VECTOR( '', #14368, 39.3700787402000 );
#12467 = CARTESIAN_POINT( '', ( -0.0345000000000000, 0.480000000000000, 0.0345000000000000 ) );
#12468 = CARTESIAN_POINT( '', ( -0.0345000000000000, 0.480000000000000, 0.0345000000000000 ) );
#12469 = VECTOR( '', #14369, 39.3700787402000 );
#12470 = CARTESIAN_POINT( '', ( -0.0345000000000000, 0.480000000000000, 0.0655000000000000 ) );
#12471 = CARTESIAN_POINT( '', ( -0.0655000000000000, 0.480000000000000, 0.0655000000000000 ) );
#12472 = VECTOR( '', #14370, 39.3700787402000 );
#12473 = CARTESIAN_POINT( '', ( -0.0345000000000000, 0.480000000000000, 0.0655000000000000 ) );
#12474 = VECTOR( '', #14371, 39.3700787402000 );
#12475 = COLOUR_RGB( '', 0.689999997600000, 0.689999997600000, 0.689999997600000 );
#12476 = CARTESIAN_POINT( '', ( 0.0345000000000000, 0.480000000000000, -0.0345000000000000 ) );
#12477 = VECTOR( '', #14372, 39.3700787402000 );
#12478 = COLOUR_RGB( '', 0.689999997600000, 0.689999997600000, 0.689999997600000 );
#12479 = CARTESIAN_POINT( '', ( -0.0205000000000000, 0.255000000000000, 0.0217500000000000 ) );
#12480 = CARTESIAN_POINT( '', ( -0.0205000000000000, 0.255000000000000, 0.000000000000000 ) );
#12481 = VECTOR( '', #14373, 39.3700787402000 );
#12482 = CARTESIAN_POINT( '', ( -0.0205000000000000, 0.480000000000000, 0.0907500000000000 ) );
#12483 = VECTOR( '', #14374, 39.3700787402000 );
#12484 = CARTESIAN_POINT( '', ( -0.0205000000000000, 0.350000000000000, 0.0217500000000000 ) );
#12485 = VECTOR( '', #14375, 39.3700787402000 );
#12486 = COLOUR_RGB( '', 0.689999997600000, 0.689999997600000, 0.689999997600000 );
#12487 = CARTESIAN_POINT( '', ( 0.175000000000000, 0.0500000000000000, 0.117000000000000 ) );
#12488 = CARTESIAN_POINT( '', ( 0.175000000000000, 0.0500000000000000, 0.117000000000000 ) );
#12489 = VECTOR( '', #14376, 39.3700787402000 );
#12490 = CARTESIAN_POINT( '', ( 0.175000000000000, 0.0500000000000000, 0.125000000000000 ) );
#12491 = CARTESIAN_POINT( '', ( 0.175000000000000, 0.0500000000000000, 0.117000000000000 ) );
#12492 = VECTOR( '', #14377, 39.3700787402000 );
#12493 = CARTESIAN_POINT( '', ( 0.175000000000000, 0.0500000000000000, 0.125000000000000 ) );
#12494 = VECTOR( '', #14378, 39.3700787402000 );
#12495 = COLOUR_RGB( '', 0.689999997600000, 0.689999997600000, 0.689999997600000 );
#12496 = CARTESIAN_POINT( '', ( -0.0810500000000000, 0.505000000000000, -0.0381422538958260 ) );
#12497 = CARTESIAN_POINT( '', ( -0.0867465277140088, 0.486011574286637, -0.0323369095626525 ) );
#12498 = CARTESIAN_POINT( '', ( -0.0992196663480579, 0.444434445506474, -0.0196255056475986 ) );
#12499 = VECTOR( '', #14379, 39.3700787402000 );
#12500 = CARTESIAN_POINT( '', ( -0.0870500000000000, 0.485000000000000, -0.0323015846101651 ) );
#12501 = CARTESIAN_POINT( '', ( -0.0885601707523097, 0.479966097492301, -0.0321257968610498 ) );
#12502 = VECTOR( '', #14380, 39.3700787402000 );
#12503 = CARTESIAN_POINT( '', ( -0.0870500000000000, 0.485000000000000, 0.125000000000000 ) );
#12504 = VECTOR( '', #14381, 39.3700787402000 );
#12505 = CARTESIAN_POINT( '', ( -0.0810500000000000, 0.505000000000000, -0.106850000000000 ) );
#12506 = VECTOR( '', #14382, 39.3700787402000 );
#12507 = COLOUR_RGB( '', 0.689999997600000, 0.689999997600000, 0.689999997600000 );
#12508 = CARTESIAN_POINT( '', ( -0.165000000000000, 0.385000000000000, -0.0114318181818182 ) );
#12509 = CARTESIAN_POINT( '', ( -0.165000000000000, 0.505000000000000, -0.0131500000000000 ) );
#12510 = VECTOR( '', #14383, 39.3700787402000 );
#12511 = CARTESIAN_POINT( '', ( 0.200000000000000, 0.385000000000000, -0.0114318181818182 ) );
#12512 = VECTOR( '', #14384, 39.3700787402000 );
#12513 = CARTESIAN_POINT( '', ( -0.113176878421016, 0.500381587865488, -0.0130838727353468 ) );
#12514 = VECTOR( '', #14385, 39.3700787402000 );
#12515 = CARTESIAN_POINT( '', ( -0.181050000000000, 0.505000000000000, -0.0131500000000000 ) );
#12516 = CARTESIAN_POINT( '', ( 0.200000000000000, 0.505000000000000, -0.0131500000000000 ) );
#12517 = VECTOR( '', #14386, 39.3700787402000 );
#12518 = CARTESIAN_POINT( '', ( -0.187050000000000, 0.485000000000000, -0.0128636363636363 ) );
#12519 = CARTESIAN_POINT( '', ( -0.149593072472579, 0.609856425091402, -0.0146513533592633 ) );
#12520 = VECTOR( '', #14387, 39.3700787402000 );
#12521 = CARTESIAN_POINT( '', ( -0.186670892157002, 0.510702226643946, -0.0132316455178565 ) );
#12522 = VECTOR( '', #14388, 39.3700787402000 );
#12523 = COLOUR_RGB( '', 0.689999997600000, 0.689999997600000, 0.689999997600000 );
#12524 = CARTESIAN_POINT( '', ( 0.0350000000000000, 0.505000000000000, -0.0131500000000000 ) );
#12525 = VECTOR( '', #14389, 39.3700787402000 );
#12526 = CARTESIAN_POINT( '', ( 0.0650000000000000, 0.505000000000000, -0.0131500000000000 ) );
#12527 = VECTOR( '', #14390, 39.3700787402000 );
#12528 = CARTESIAN_POINT( '', ( 0.0867796274584176, 0.503330341802191, -0.0131260935303495 ) );
#12529 = VECTOR( '', #14391, 39.3700787402000 );
#12530 = CARTESIAN_POINT( '', ( 0.0132856137224318, 0.507753472707244, -0.0131894247228537 ) );
#12531 = VECTOR( '', #14392, 39.3700787402000 );
#12532 = COLOUR_RGB( '', 0.689999997600000, 0.689999997600000, 0.689999997600000 );
#12533 = CARTESIAN_POINT( '', ( -0.187050000000000, 0.485000000000000, 0.125000000000000 ) );
#12534 = VECTOR( '', #14393, 39.3700787402000 );
#12535 = COLOUR_RGB( '', 0.689999997600000, 0.689999997600000, 0.689999997600000 );
#12536 = CARTESIAN_POINT( '', ( 0.0750000000000000, 0.0500000000000000, 0.125000000000000 ) );
#12537 = CARTESIAN_POINT( '', ( 0.0250000000000000, 0.0500000000000000, 0.125000000000000 ) );
#12538 = CARTESIAN_POINT( '', ( 0.229000000000000, 0.0500000000000000, 0.125000000000000 ) );
#12539 = VECTOR( '', #14394, 39.3700787402000 );
#12540 = CARTESIAN_POINT( '', ( 0.0750000000000000, 0.0500000000000000, 0.117000000000000 ) );
#12541 = CARTESIAN_POINT( '', ( 0.0750000000000000, 0.0500000000000000, 0.117000000000000 ) );
#12542 = VECTOR( '', #14395, 39.3700787402000 );
#12543 = CARTESIAN_POINT( '', ( 0.0250000000000000, 0.0500000000000000, 0.117000000000000 ) );
#12544 = CARTESIAN_POINT( '', ( 0.0250000000000000, 0.0500000000000000, 0.117000000000000 ) );
#12545 = VECTOR( '', #14396, 39.3700787402000 );
#12546 = CARTESIAN_POINT( '', ( 0.0250000000000000, 0.0500000000000000, 0.125000000000000 ) );
#12547 = VECTOR( '', #14397, 39.3700787402000 );
#12548 = COLOUR_RGB( '', 0.689999997600000, 0.689999997600000, 0.689999997600000 );
#12549 = CARTESIAN_POINT( '', ( 0.00749999999999999, 0.000000000000000, 0.0137500000000000 ) );
#12550 = CARTESIAN_POINT( '', ( 0.00749999999999999, 0.000000000000000, 0.103250000000000 ) );
#12551 = CARTESIAN_POINT( '', ( 0.00749999999999999, 0.000000000000000, 0.0137500000000000 ) );
#12552 = VECTOR( '', #14398, 39.3700787402000 );
#12553 = CARTESIAN_POINT( '', ( 0.00749999999999999, 0.100000000000000, 0.0137500000000000 ) );
#12554 = VECTOR( '', #14399, 39.3700787402000 );
#12555 = CARTESIAN_POINT( '', ( 0.00749999999999999, 0.100000000000000, 0.103250000000000 ) );
#12556 = VECTOR( '', #14400, 39.3700787402000 );
#12557 = COLOUR_RGB( '', 0.689999997600000, 0.689999997600000, 0.689999997600000 );
#12558 = CARTESIAN_POINT( '', ( -0.112500000000000, 0.118700000000000, 0.0982500000000000 ) );
#12559 = VECTOR( '', #14401, 39.3700787402000 );
#12560 = CARTESIAN_POINT( '', ( -0.187500000000000, 0.118700000000000, 0.0187500000000000 ) );
#12561 = VECTOR( '', #14402, 39.3700787402000 );
#12562 = CARTESIAN_POINT( '', ( -0.107500000000000, 0.118700000000000, 0.103250000000000 ) );
#12563 = CARTESIAN_POINT( '', ( -0.107500000000000, 0.118700000000000, 0.103250000000000 ) );
#12564 = VECTOR( '', #14403, 39.3700787402000 );
#12565 = CARTESIAN_POINT( '', ( -0.192500000000000, 0.118700000000000, 0.103250000000000 ) );
#12566 = VECTOR( '', #14404, 39.3700787402000 );
#12567 = COLOUR_RGB( '', 0.689999997600000, 0.689999997600000, 0.689999997600000 );
#12568 = CARTESIAN_POINT( '', ( 0.192500000000000, 0.000000000000000, 0.103250000000000 ) );
#12569 = CARTESIAN_POINT( '', ( 0.107500000000000, 0.000000000000000, 0.103250000000000 ) );
#12570 = VECTOR( '', #14405, 39.3700787402000 );
#12571 = CARTESIAN_POINT( '', ( 0.192500000000000, 0.118700000000000, 0.103250000000000 ) );
#12572 = CARTESIAN_POINT( '', ( 0.107500000000000, 0.118700000000000, 0.103250000000000 ) );
#12573 = VECTOR( '', #14406, 39.3700787402000 );
#12574 = CARTESIAN_POINT( '', ( 0.192500000000000, 0.100000000000000, 0.103250000000000 ) );
#12575 = VECTOR( '', #14407, 39.3700787402000 );
#12576 = COLOUR_RGB( '', 0.689999997600000, 0.689999997600000, 0.689999997600000 );
#12577 = CARTESIAN_POINT( '', ( -0.130000000000000, 0.480000000000000, -0.0805000000000000 ) );
#12578 = CARTESIAN_POINT( '', ( -0.170000000000000, 0.480000000000000, -0.0805000000000000 ) );
#12579 = VECTOR( '', #14408, 39.3700787402000 );
#12580 = CARTESIAN_POINT( '', ( -0.130000000000000, 0.480000000000000, -0.0907500000000000 ) );
#12581 = CARTESIAN_POINT( '', ( -0.130000000000000, 0.480000000000000, -0.0805000000000000 ) );
#12582 = VECTOR( '', #14409, 39.3700787402000 );
#12583 = CARTESIAN_POINT( '', ( -0.120500000000000, 0.480000000000000, -0.0907500000000000 ) );
#12584 = CARTESIAN_POINT( '', ( -0.120500000000000, 0.480000000000000, -0.0907500000000000 ) );
#12585 = VECTOR( '', #14410, 39.3700787402000 );
#12586 = CARTESIAN_POINT( '', ( -0.120500000000000, 0.480000000000000, -0.0217500000000000 ) );
#12587 = CARTESIAN_POINT( '', ( -0.120500000000000, 0.480000000000000, -0.0907500000000000 ) );
#12588 = VECTOR( '', #14411, 39.3700787402000 );
#12589 = CARTESIAN_POINT( '', ( -0.120500000000000, 0.480000000000000, -0.0217500000000000 ) );
#12590 = VECTOR( '', #14412, 39.3700787402000 );
#12591 = CARTESIAN_POINT( '', ( -0.120500000000000, 0.480000000000000, -0.0907500000000000 ) );
#12592 = VECTOR( '', #14413, 39.3700787402000 );
#12593 = CARTESIAN_POINT( '', ( -0.134500000000000, 0.480000000000000, -0.0655000000000000 ) );
#12594 = CARTESIAN_POINT( '', ( -0.165500000000000, 0.480000000000000, -0.0655000000000000 ) );
#12595 = CARTESIAN_POINT( '', ( -0.134500000000000, 0.480000000000000, -0.0655000000000000 ) );
#12596 = VECTOR( '', #14414, 39.3700787402000 );
#12597 = CARTESIAN_POINT( '', ( -0.165500000000000, 0.480000000000000, -0.0655000000000000 ) );
#12598 = VECTOR( '', #14415, 39.3700787402000 );
#12599 = CARTESIAN_POINT( '', ( -0.134500000000000, 0.480000000000000, -0.0345000000000000 ) );
#12600 = VECTOR( '', #14416, 39.3700787402000 );
#12601 = COLOUR_RGB( '', 0.689999997600000, 0.689999997600000, 0.689999997600000 );
#12602 = CARTESIAN_POINT( '', ( 0.179500000000000, 0.255000000000000, 0.0217500000000000 ) );
#12603 = CARTESIAN_POINT( '', ( 0.179500000000000, 0.255000000000000, 0.0952500000000000 ) );
#12604 = CARTESIAN_POINT( '', ( 0.179500000000000, 0.255000000000000, 0.000000000000000 ) );
#12605 = VECTOR( '', #14417, 39.3700787402000 );
#12606 = CARTESIAN_POINT( '', ( 0.179500000000000, 0.350000000000000, 0.0952500000000000 ) );
#12607 = VECTOR( '', #14418, 39.3700787402000 );
#12608 = CARTESIAN_POINT( '', ( 0.179500000000000, 0.350000000000000, 0.0217500000000000 ) );
#12609 = VECTOR( '', #14419, 39.3700787402000 );
#12610 = COLOUR_RGB( '', 0.689999997600000, 0.689999997600000, 0.689999997600000 );
#12611 = CARTESIAN_POINT( '', ( -0.0700000000000000, 0.505000000000000, -0.0805000000000000 ) );
#12612 = CARTESIAN_POINT( '', ( -0.0700000000000000, 0.362000000000000, -0.0805000000000000 ) );
#12613 = VECTOR( '', #14420, 39.3700787402000 );
#12614 = CARTESIAN_POINT( '', ( -0.0700000000000000, 0.505000000000000, -0.0805000000000000 ) );
#12615 = VECTOR( '', #14421, 39.3700787402000 );
#12616 = COLOUR_RGB( '', 0.689999997600000, 0.689999997600000, 0.689999997600000 );
#12617 = CARTESIAN_POINT( '', ( -0.0875000000000000, 0.118700000000000, 0.0982500000000000 ) );
#12618 = CARTESIAN_POINT( '', ( -0.0125000000000000, 0.118700000000000, 0.0982500000000000 ) );
#12619 = CARTESIAN_POINT( '', ( -0.0875000000000000, 0.118700000000000, 0.0982500000000000 ) );
#12620 = VECTOR( '', #14422, 39.3700787402000 );
#12621 = CARTESIAN_POINT( '', ( -0.0875000000000000, 0.255000000000000, 0.0982500000000000 ) );
#12622 = CARTESIAN_POINT( '', ( -0.0875000000000000, 0.255000000000000, 0.0982500000000000 ) );
#12623 = VECTOR( '', #14423, 39.3700787402000 );
#12624 = CARTESIAN_POINT( '', ( -0.0125000000000000, 0.255000000000000, 0.0982500000000000 ) );
#12625 = CARTESIAN_POINT( '', ( -0.0875000000000000, 0.255000000000000, 0.0982500000000000 ) );
#12626 = VECTOR( '', #14424, 39.3700787402000 );
#12627 = CARTESIAN_POINT( '', ( -0.0125000000000000, 0.255000000000000, 0.0982500000000000 ) );
#12628 = VECTOR( '', #14425, 39.3700787402000 );
#12629 = COLOUR_RGB( '', 0.689999997600000, 0.689999997600000, 0.689999997600000 );
#12630 = CARTESIAN_POINT( '', ( 0.130000000000000, 0.362000000000000, -0.108897500000000 ) );
#12631 = CARTESIAN_POINT( '', ( 0.130000000000000, 0.285000000000000, -0.110000000000000 ) );
#12632 = VECTOR( '', #14426, 39.3700787402000 );
#12633 = CARTESIAN_POINT( '', ( 0.200000000000000, 0.362000000000000, -0.108897500000000 ) );
#12634 = VECTOR( '', #14427, 39.3700787402000 );
#12635 = CARTESIAN_POINT( '', ( 0.187050000000000, 0.485000000000000, -0.107136363636364 ) );
#12636 = CARTESIAN_POINT( '', ( 0.243165868153352, 0.297947106155493, -0.109814620980046 ) );
#12637 = VECTOR( '', #14428, 39.3700787402000 );
#12638 = CARTESIAN_POINT( '', ( 0.190002174706028, 0.284852562303165, -0.110002111039750 ) );
#12639 = VECTOR( '', #14429, 39.3700787402000 );
#12640 = CARTESIAN_POINT( '', ( 0.0650894598947834, 0.325464866315945, -0.109420616686840 ) );
#12641 = VECTOR( '', #14430, 39.3700787402000 );
#12642 = COLOUR_RGB( '', 0.689999997600000, 0.689999997600000, 0.689999997600000 );
#12643 = CARTESIAN_POINT( '', ( 0.187050000000000, 0.485000000000000, 0.125000000000000 ) );
#12644 = VECTOR( '', #14431, 39.3700787402000 );
#12645 = COLOUR_RGB( '', 0.689999997600000, 0.689999997600000, 0.689999997600000 );
#12646 = CARTESIAN_POINT( '', ( -0.0205000000000000, 0.350000000000000, -0.0217500000000000 ) );
#12647 = VECTOR( '', #14432, 39.3700787402000 );
#12648 = CARTESIAN_POINT( '', ( -0.0205000000000000, 0.350000000000000, -0.0952500000000000 ) );
#12649 = CARTESIAN_POINT( '', ( -0.0205000000000000, 0.350000000000000, -0.0952500000000000 ) );
#12650 = VECTOR( '', #14433, 39.3700787402000 );
#12651 = CARTESIAN_POINT( '', ( -0.0205000000000000, 0.350000000000000, -0.0952500000000000 ) );
#12652 = VECTOR( '', #14434, 39.3700787402000 );
#12653 = COLOUR_RGB( '', 0.689999997600000, 0.689999997600000, 0.689999997600000 );
#12654 = CARTESIAN_POINT( '', ( 0.179500000000000, 0.480000000000000, -0.0217500000000000 ) );
#12655 = CARTESIAN_POINT( '', ( 0.179500000000000, 0.480000000000000, -0.0217500000000000 ) );
#12656 = VECTOR( '', #14435, 39.3700787402000 );
#12657 = CARTESIAN_POINT( '', ( 0.179500000000000, 0.350000000000000, -0.0217500000000000 ) );
#12658 = VECTOR( '', #14436, 39.3700787402000 );
#12659 = COLOUR_RGB( '', 0.689999997600000, 0.689999997600000, 0.689999997600000 );
#12660 = CARTESIAN_POINT( '', ( 0.175000000000000, 0.0500000000000000, -0.125000000000000 ) );
#12661 = VECTOR( '', #14437, 39.3700787402000 );
#12662 = CARTESIAN_POINT( '', ( 0.229000000000000, 0.0500000000000000, -0.125000000000000 ) );
#12663 = VECTOR( '', #14438, 39.3700787402000 );
#12664 = COLOUR_RGB( '', 0.689999997600000, 0.689999997600000, 0.689999997600000 );
#12665 = CARTESIAN_POINT( '', ( 0.120500000000000, 0.255000000000000, 0.0217500000000000 ) );
#12666 = CARTESIAN_POINT( '', ( 0.300000000000000, 0.255000000000000, 0.0217500000000000 ) );
#12667 = VECTOR( '', #14439, 39.3700787402000 );
#12668 = CARTESIAN_POINT( '', ( 0.120500000000000, 0.350000000000000, 0.0217500000000000 ) );
#12669 = VECTOR( '', #14440, 39.3700787402000 );
#12670 = COLOUR_RGB( '', 0.689999997600000, 0.689999997600000, 0.689999997600000 );
#12671 = CARTESIAN_POINT( '', ( 0.0790000000000000, 0.433110366102054, 0.139000000000000 ) );
#12672 = VECTOR( '', #14441, 39.3700787402000 );
#12673 = COLOUR_RGB( '', 0.689999997600000, 0.689999997600000, 0.689999997600000 );
#12674 = COLOUR_RGB( '', 0.689999997600000, 0.689999997600000, 0.689999997600000 );
#12675 = CARTESIAN_POINT( '', ( -0.0125000000000000, 0.255000000000000, 0.0187500000000000 ) );
#12676 = CARTESIAN_POINT( '', ( -0.0875000000000000, 0.255000000000000, 0.0187500000000000 ) );
#12677 = CARTESIAN_POINT( '', ( -0.0125000000000000, 0.255000000000000, 0.0187500000000000 ) );
#12678 = VECTOR( '', #14442, 39.3700787402000 );
#12679 = CARTESIAN_POINT( '', ( -0.0125000000000000, 0.255000000000000, 0.0982500000000000 ) );
#12680 = VECTOR( '', #14443, 39.3700787402000 );
#12681 = CARTESIAN_POINT( '', ( -0.0875000000000000, 0.255000000000000, 0.0187500000000000 ) );
#12682 = VECTOR( '', #14444, 39.3700787402000 );
#12683 = CARTESIAN_POINT( '', ( -0.0795000000000000, 0.255000000000000, 0.0217500000000000 ) );
#12684 = CARTESIAN_POINT( '', ( 0.100000000000000, 0.255000000000000, 0.0217500000000000 ) );
#12685 = VECTOR( '', #14445, 39.3700787402000 );
#12686 = CARTESIAN_POINT( '', ( -0.0795000000000000, 0.255000000000000, 0.000000000000000 ) );
#12687 = VECTOR( '', #14446, 39.3700787402000 );
#12688 = COLOUR_RGB( '', 0.689999997600000, 0.689999997600000, 0.689999997600000 );
#12689 = COLOUR_RGB( '', 0.689999997600000, 0.689999997600000, 0.689999997600000 );
#12690 = CARTESIAN_POINT( '', ( 0.107500000000000, 0.000000000000000, -0.103250000000000 ) );
#12691 = CARTESIAN_POINT( '', ( 0.107500000000000, 0.000000000000000, -0.0137500000000000 ) );
#12692 = CARTESIAN_POINT( '', ( 0.107500000000000, 0.000000000000000, -0.103250000000000 ) );
#12693 = VECTOR( '', #14447, 39.3700787402000 );
#12694 = CARTESIAN_POINT( '', ( 0.107500000000000, 0.118700000000000, -0.103250000000000 ) );
#12695 = CARTESIAN_POINT( '', ( 0.107500000000000, 0.100000000000000, -0.103250000000000 ) );
#12696 = VECTOR( '', #14448, 39.3700787402000 );
#12697 = CARTESIAN_POINT( '', ( 0.107500000000000, 0.118700000000000, -0.0137500000000000 ) );
#12698 = CARTESIAN_POINT( '', ( 0.107500000000000, 0.118700000000000, -0.103250000000000 ) );
#12699 = VECTOR( '', #14449, 39.3700787402000 );
#12700 = CARTESIAN_POINT( '', ( 0.107500000000000, 0.100000000000000, -0.0137500000000000 ) );
#12701 = VECTOR( '', #14450, 39.3700787402000 );
#12702 = COLOUR_RGB( '', 0.689999997600000, 0.689999997600000, 0.689999997600000 );
#12703 = CARTESIAN_POINT( '', ( 0.0300000000000000, 0.480000000000000, -0.0805000000000000 ) );
#12704 = VECTOR( '', #14451, 39.3700787402000 );
#12705 = COLOUR_RGB( '', 0.689999997600000, 0.689999997600000, 0.689999997600000 );
#12706 = CARTESIAN_POINT( '', ( 0.192500000000000, 0.000000000000000, 0.103250000000000 ) );
#12707 = VECTOR( '', #14452, 39.3700787402000 );
#12708 = CARTESIAN_POINT( '', ( 0.192500000000000, 0.118700000000000, 0.103250000000000 ) );
#12709 = VECTOR( '', #14453, 39.3700787402000 );
#12710 = COLOUR_RGB( '', 0.689999997600000, 0.689999997600000, 0.689999997600000 );
#12711 = CARTESIAN_POINT( '', ( -0.0345000000000000, 0.505000000000000, 0.0345000000000000 ) );
#12712 = CARTESIAN_POINT( '', ( -0.0345000000000000, 0.455000000000000, 0.0345000000000000 ) );
#12713 = VECTOR( '', #14454, 39.3700787402000 );
#12714 = CARTESIAN_POINT( '', ( -0.0345000000000000, 0.505000000000000, 0.0345000000000000 ) );
#12715 = VECTOR( '', #14455, 39.3700787402000 );
#12716 = COLOUR_RGB( '', 0.689999997600000, 0.689999997600000, 0.689999997600000 );
#12717 = CARTESIAN_POINT( '', ( -0.0125000000000000, 0.118700000000000, -0.0187500000000000 ) );
#12718 = CARTESIAN_POINT( '', ( -0.0125000000000000, 0.118700000000000, -0.0982500000000000 ) );
#12719 = CARTESIAN_POINT( '', ( -0.0125000000000000, 0.118700000000000, -0.0187500000000000 ) );
#12720 = VECTOR( '', #14456, 39.3700787402000 );
#12721 = CARTESIAN_POINT( '', ( -0.0875000000000000, 0.118700000000000, -0.0982500000000000 ) );
#12722 = CARTESIAN_POINT( '', ( -0.0125000000000000, 0.118700000000000, -0.0982500000000000 ) );
#12723 = VECTOR( '', #14457, 39.3700787402000 );
#12724 = CARTESIAN_POINT( '', ( -0.0875000000000000, 0.118700000000000, -0.0187500000000000 ) );
#12725 = CARTESIAN_POINT( '', ( -0.0875000000000000, 0.118700000000000, -0.0982500000000000 ) );
#12726 = VECTOR( '', #14458, 39.3700787402000 );
#12727 = CARTESIAN_POINT( '', ( -0.0875000000000000, 0.118700000000000, -0.0187500000000000 ) );
#12728 = VECTOR( '', #14459, 39.3700787402000 );
#12729 = CARTESIAN_POINT( '', ( -0.00750000000000002, 0.118700000000000, -0.103250000000000 ) );
#12730 = CARTESIAN_POINT( '', ( -0.00750000000000002, 0.118700000000000, -0.103250000000000 ) );
#12731 = VECTOR( '', #14460, 39.3700787402000 );
#12732 = CARTESIAN_POINT( '', ( -0.00750000000000002, 0.118700000000000, -0.0137500000000000 ) );
#12733 = CARTESIAN_POINT( '', ( -0.00750000000000002, 0.118700000000000, -0.0137500000000000 ) );
#12734 = VECTOR( '', #14461, 39.3700787402000 );
#12735 = CARTESIAN_POINT( '', ( -0.0925000000000000, 0.118700000000000, -0.0137500000000000 ) );
#12736 = VECTOR( '', #14462, 39.3700787402000 );
#12737 = COLOUR_RGB( '', 0.689999997600000, 0.689999997600000, 0.689999997600000 );
#12738 = CARTESIAN_POINT( '', ( 0.113253472285991, 0.486011574286637, -0.0486630904373475 ) );
#12739 = CARTESIAN_POINT( '', ( 0.114617588201952, 0.490558627339840, -0.0485043038458099 ) );
#12740 = VECTOR( '', #14463, 39.3700787402000 );
#12741 = CARTESIAN_POINT( '', ( 0.126432884721084, 0.529942949070280, -0.0352319212873286 ) );
#12742 = VECTOR( '', #14464, 39.3700787402000 );
#12743 = COLOUR_RGB( '', 0.689999997600000, 0.689999997600000, 0.689999997600000 );
#12744 = CARTESIAN_POINT( '', ( -0.0345000000000000, 0.505000000000000, 0.0655000000000000 ) );
#12745 = CARTESIAN_POINT( '', ( -0.0655000000000000, 0.505000000000000, 0.0655000000000000 ) );
#12746 = VECTOR( '', #14465, 39.3700787402000 );
#12747 = CARTESIAN_POINT( '', ( -0.0345000000000000, 0.455000000000000, 0.0655000000000000 ) );
#12748 = VECTOR( '', #14466, 39.3700787402000 );
#12749 = COLOUR_RGB( '', 0.689999997600000, 0.689999997600000, 0.689999997600000 );
#12750 = CARTESIAN_POINT( '', ( 0.0925000000000000, 0.000000000000000, -0.103250000000000 ) );
#12751 = CARTESIAN_POINT( '', ( 0.00749999999999999, 0.000000000000000, -0.103250000000000 ) );
#12752 = CARTESIAN_POINT( '', ( 0.0925000000000000, 0.000000000000000, -0.103250000000000 ) );
#12753 = VECTOR( '', #14467, 39.3700787402000 );
#12754 = CARTESIAN_POINT( '', ( 0.0925000000000000, 0.118700000000000, -0.103250000000000 ) );
#12755 = CARTESIAN_POINT( '', ( 0.0925000000000000, 0.100000000000000, -0.103250000000000 ) );
#12756 = VECTOR( '', #14468, 39.3700787402000 );
#12757 = CARTESIAN_POINT( '', ( 0.00749999999999999, 0.118700000000000, -0.103250000000000 ) );
#12758 = CARTESIAN_POINT( '', ( 0.0925000000000000, 0.118700000000000, -0.103250000000000 ) );
#12759 = VECTOR( '', #14469, 39.3700787402000 );
#12760 = CARTESIAN_POINT( '', ( 0.00749999999999999, 0.100000000000000, -0.103250000000000 ) );
#12761 = VECTOR( '', #14470, 39.3700787402000 );
#12762 = COLOUR_RGB( '', 0.689999997600000, 0.689999997600000, 0.689999997600000 );
#12763 = CARTESIAN_POINT( '', ( 0.187500000000000, 0.118700000000000, 0.0187500000000000 ) );
#12764 = VECTOR( '', #14471, 39.3700787402000 );
#12765 = CARTESIAN_POINT( '', ( 0.112500000000000, 0.118700000000000, 0.0982500000000000 ) );
#12766 = VECTOR( '', #14472, 39.3700787402000 );
#12767 = COLOUR_RGB( '', 0.689999997600000, 0.689999997600000, 0.689999997600000 );
#12768 = CARTESIAN_POINT( '', ( 0.0415000000000000, 0.170000000000000, 0.125000000000000 ) );
#12769 = CARTESIAN_POINT( '', ( 0.0750000000000000, 0.170000000000000, 0.125000000000000 ) );
#12770 = CARTESIAN_POINT( '', ( 0.104000000000000, 0.170000000000000, 0.125000000000000 ) );
#12771 = VECTOR( '', #14473, 39.3700787402000 );
#12772 = CARTESIAN_POINT( '', ( 0.0415000000000000, 0.170000000000000, 0.117000000000000 ) );
#12773 = CARTESIAN_POINT( '', ( 0.0415000000000000, 0.170000000000000, 0.115000000000000 ) );
#12774 = VECTOR( '', #14474, 39.3700787402000 );
#12775 = CARTESIAN_POINT( '', ( 0.0750000000000000, 0.170000000000000, 0.117000000000000 ) );
#12776 = CARTESIAN_POINT( '', ( 0.0250000000000000, 0.170000000000000, 0.117000000000000 ) );
#12777 = VECTOR( '', #14475, 39.3700787402000 );
#12778 = CARTESIAN_POINT( '', ( 0.0750000000000000, 0.170000000000000, 0.117000000000000 ) );
#12779 = VECTOR( '', #14476, 39.3700787402000 );
#12780 = COLOUR_RGB( '', 0.689999997600000, 0.689999997600000, 0.689999997600000 );
#12781 = CARTESIAN_POINT( '', ( -0.187500000000000, 0.118700000000000, -0.0982500000000000 ) );
#12782 = CARTESIAN_POINT( '', ( -0.112500000000000, 0.118700000000000, -0.0982500000000000 ) );
#12783 = VECTOR( '', #14477, 39.3700787402000 );
#12784 = CARTESIAN_POINT( '', ( -0.187500000000000, 0.118700000000000, -0.0982500000000000 ) );
#12785 = VECTOR( '', #14478, 39.3700787402000 );
#12786 = CARTESIAN_POINT( '', ( -0.107500000000000, 0.118700000000000, -0.103250000000000 ) );
#12787 = CARTESIAN_POINT( '', ( -0.192500000000000, 0.118700000000000, -0.103250000000000 ) );
#12788 = CARTESIAN_POINT( '', ( -0.107500000000000, 0.118700000000000, -0.103250000000000 ) );
#12789 = VECTOR( '', #14479, 39.3700787402000 );
#12790 = CARTESIAN_POINT( '', ( -0.107500000000000, 0.118700000000000, -0.0137500000000000 ) );
#12791 = CARTESIAN_POINT( '', ( -0.107500000000000, 0.118700000000000, -0.0137500000000000 ) );
#12792 = VECTOR( '', #14480, 39.3700787402000 );
#12793 = CARTESIAN_POINT( '', ( -0.192500000000000, 0.118700000000000, -0.0137500000000000 ) );
#12794 = CARTESIAN_POINT( '', ( -0.192500000000000, 0.118700000000000, -0.0137500000000000 ) );
#12795 = VECTOR( '', #14481, 39.3700787402000 );
#12796 = CARTESIAN_POINT( '', ( -0.192500000000000, 0.118700000000000, -0.103250000000000 ) );
#12797 = VECTOR( '', #14482, 39.3700787402000 );
#12798 = COLOUR_RGB( '', 0.689999997600000, 0.689999997600000, 0.689999997600000 );
#12799 = CARTESIAN_POINT( '', ( 0.181050000000000, 0.505000000000000, 0.106850000000000 ) );
#12800 = CARTESIAN_POINT( '', ( 0.187050000000000, 0.485000000000000, 0.107136363636364 ) );
#12801 = CARTESIAN_POINT( '', ( 0.182614384665122, 0.499785384449594, 0.106924663813563 ) );
#12802 = VECTOR( '', #14483, 39.3700787402000 );
#12803 = CARTESIAN_POINT( '', ( 0.187050000000000, 0.485000000000000, 0.125000000000000 ) );
#12804 = VECTOR( '', #14484, 39.3700787402000 );
#12805 = CARTESIAN_POINT( '', ( 0.181050000000000, 0.505000000000000, 0.125000000000000 ) );
#12806 = VECTOR( '', #14485, 39.3700787402000 );
#12807 = COLOUR_RGB( '', 0.689999997600000, 0.689999997600000, 0.689999997600000 );
#12808 = CARTESIAN_POINT( '', ( 0.0795000000000000, 0.350000000000000, 0.0952500000000000 ) );
#12809 = CARTESIAN_POINT( '', ( 0.0205000000000000, 0.350000000000000, 0.0952500000000000 ) );
#12810 = VECTOR( '', #14486, 39.3700787402000 );
#12811 = CARTESIAN_POINT( '', ( 0.0795000000000000, 0.350000000000000, 0.0952500000000000 ) );
#12812 = VECTOR( '', #14487, 39.3700787402000 );
#12813 = COLOUR_RGB( '', 0.689999997600000, 0.689999997600000, 0.689999997600000 );
#12814 = CARTESIAN_POINT( '', ( 0.229000000000000, 0.0500000000000000, 0.125000000000000 ) );
#12815 = VECTOR( '', #14488, 39.3700787402000 );
#12816 = CARTESIAN_POINT( '', ( -0.229000000000000, 0.0499999999999999, 0.125000000000000 ) );
#12817 = CARTESIAN_POINT( '', ( 0.229000000000000, 0.0499999999999999, 0.125000000000000 ) );
#12818 = VECTOR( '', #14489, 39.3700787402000 );
#12819 = CARTESIAN_POINT( '', ( -0.229000000000000, 0.0500000000000000, 0.125000000000000 ) );
#12820 = VECTOR( '', #14490, 39.3700787402000 );
#12821 = COLOUR_RGB( '', 0.689999997600000, 0.689999997600000, 0.689999997600000 );
#12822 = COLOUR_RGB( '', 0.689999997600000, 0.689999997600000, 0.689999997600000 );
#12823 = CARTESIAN_POINT( '', ( -0.0470000000000000, 0.0300000000000000, 0.275000000000000 ) );
#12824 = CARTESIAN_POINT( '', ( -0.0470000000000000, 0.0750000000000000, 0.275000000000000 ) );
#12825 = CARTESIAN_POINT( '', ( -0.0470000000000000, 0.0250000000000000, 0.275000000000000 ) );
#12826 = VECTOR( '', #14491, 39.3700787402000 );
#12827 = CARTESIAN_POINT( '', ( -0.0470000000000000, 0.0750000000000000, 0.275000000000000 ) );
#12828 = VECTOR( '', #14492, 39.3700787402000 );
#12829 = CARTESIAN_POINT( '', ( -0.0470000000000000, 0.0300000000000000, 0.275000000000000 ) );
#12830 = VECTOR( '', #14493, 39.3700787402000 );
#12831 = COLOUR_RGB( '', 0.689999997600000, 0.689999997600000, 0.689999997600000 );
#12832 = CARTESIAN_POINT( '', ( -0.113039340430072, 0.491056978309937, -0.0484869010464572 ) );
#12833 = VECTOR( '', #14494, 39.3700787402000 );
#12834 = COLOUR_RGB( '', 0.689999997600000, 0.689999997600000, 0.689999997600000 );
#12835 = CARTESIAN_POINT( '', ( -0.120500000000000, 0.350000000000000, -0.0952500000000000 ) );
#12836 = VECTOR( '', #14495, 39.3700787402000 );
#12837 = CARTESIAN_POINT( '', ( -0.130000000000000, 0.362495604379368, -0.0948174598484065 ) );
#12838 = VECTOR( '', #14496, 39.3700787402000 );
#12839 = COLOUR_RGB( '', 0.689999997600000, 0.689999997600000, 0.689999997600000 );
#12840 = CARTESIAN_POINT( '', ( -0.181050000000000, 0.505000000000000, 0.0131500000000000 ) );
#12841 = CARTESIAN_POINT( '', ( -0.181050000000000, 0.505000000000000, 0.125000000000000 ) );
#12842 = VECTOR( '', #14497, 39.3700787402000 );
#12843 = CARTESIAN_POINT( '', ( -0.187050000000000, 0.485000000000000, 0.0128636363636364 ) );
#12844 = CARTESIAN_POINT( '', ( -0.210144555960810, 0.408018146797301, 0.0117613961927795 ) );
#12845 = VECTOR( '', #14498, 39.3700787402000 );
#12846 = CARTESIAN_POINT( '', ( -0.187050000000000, 0.485000000000000, 0.125000000000000 ) );
#12847 = VECTOR( '', #14499, 39.3700787402000 );
#12848 = COLOUR_RGB( '', 0.689999997600000, 0.689999997600000, 0.689999997600000 );
#12849 = CARTESIAN_POINT( '', ( -0.0250000000000000, 0.0500000000000000, -0.117000000000000 ) );
#12850 = VECTOR( '', #14500, 39.3700787402000 );
#12851 = COLOUR_RGB( '', 0.689999997600000, 0.689999997600000, 0.689999997600000 );
#12852 = CARTESIAN_POINT( '', ( 0.130000000000000, 0.480000000000000, -0.0907500000000000 ) );
#12853 = CARTESIAN_POINT( '', ( 0.130000000000000, 0.480000000000000, -0.111500000000000 ) );
#12854 = VECTOR( '', #14501, 39.3700787402000 );
#12855 = CARTESIAN_POINT( '', ( 0.179500000000000, 0.480000000000000, -0.0907500000000000 ) );
#12856 = CARTESIAN_POINT( '', ( 0.179500000000000, 0.480000000000000, -0.0907500000000000 ) );
#12857 = VECTOR( '', #14502, 39.3700787402000 );
#12858 = CARTESIAN_POINT( '', ( 0.179500000000000, 0.480000000000000, -0.0907500000000000 ) );
#12859 = VECTOR( '', #14503, 39.3700787402000 );
#12860 = CARTESIAN_POINT( '', ( 0.179500000000000, 0.480000000000000, -0.0907500000000000 ) );
#12861 = VECTOR( '', #14504, 39.3700787402000 );
#12862 = CARTESIAN_POINT( '', ( 0.134500000000000, 0.480000000000000, -0.0345000000000000 ) );
#12863 = CARTESIAN_POINT( '', ( 0.134500000000000, 0.480000000000000, -0.0655000000000000 ) );
#12864 = VECTOR( '', #14505, 39.3700787402000 );
#12865 = CARTESIAN_POINT( '', ( 0.134500000000000, 0.480000000000000, -0.0345000000000000 ) );
#12866 = VECTOR( '', #14506, 39.3700787402000 );
#12867 = COLOUR_RGB( '', 0.689999997600000, 0.689999997600000, 0.689999997600000 );
#12868 = CARTESIAN_POINT( '', ( 0.0655000000000000, 0.480000000000000, 0.0655000000000000 ) );
#12869 = CARTESIAN_POINT( '', ( 0.0345000000000000, 0.480000000000000, 0.0655000000000000 ) );
#12870 = VECTOR( '', #14507, 39.3700787402000 );
#12871 = CARTESIAN_POINT( '', ( 0.0655000000000000, 0.505000000000000, 0.0655000000000000 ) );
#12872 = CARTESIAN_POINT( '', ( 0.0345000000000000, 0.505000000000000, 0.0655000000000000 ) );
#12873 = VECTOR( '', #14508, 39.3700787402000 );
#12874 = CARTESIAN_POINT( '', ( 0.0655000000000000, 0.455000000000000, 0.0655000000000000 ) );
#12875 = VECTOR( '', #14509, 39.3700787402000 );
#12876 = COLOUR_RGB( '', 0.689999997600000, 0.689999997600000, 0.689999997600000 );
#12877 = CARTESIAN_POINT( '', ( -0.0700000000000000, 0.505000000000000, 0.106850000000000 ) );
#12878 = CARTESIAN_POINT( '', ( -0.0810500000000000, 0.505000000000000, 0.106850000000000 ) );
#12879 = CARTESIAN_POINT( '', ( 0.200000000000000, 0.505000000000000, 0.106850000000000 ) );
#12880 = VECTOR( '', #14510, 39.3700787402000 );
#12881 = CARTESIAN_POINT( '', ( -0.0700000000000000, 0.505000000000000, 0.0805000000000000 ) );
#12882 = CARTESIAN_POINT( '', ( -0.0700000000000000, 0.505000000000000, 0.0805000000000000 ) );
#12883 = VECTOR( '', #14511, 39.3700787402000 );
#12884 = CARTESIAN_POINT( '', ( -0.0300000000000000, 0.505000000000000, 0.0805000000000000 ) );
#12885 = CARTESIAN_POINT( '', ( -0.0300000000000000, 0.505000000000000, 0.0805000000000000 ) );
#12886 = VECTOR( '', #14512, 39.3700787402000 );
#12887 = CARTESIAN_POINT( '', ( -0.0300000000000000, 0.505000000000000, 0.106850000000000 ) );
#12888 = CARTESIAN_POINT( '', ( -0.0300000000000000, 0.505000000000000, 0.0131500000000000 ) );
#12889 = VECTOR( '', #14513, 39.3700787402000 );
#12890 = CARTESIAN_POINT( '', ( -0.0189500000000000, 0.505000000000000, 0.106850000000000 ) );
#12891 = CARTESIAN_POINT( '', ( 0.200000000000000, 0.505000000000000, 0.106850000000000 ) );
#12892 = VECTOR( '', #14514, 39.3700787402000 );
#12893 = CARTESIAN_POINT( '', ( -0.0189500000000000, 0.505000000000000, 0.0131500000000000 ) );
#12894 = CARTESIAN_POINT( '', ( -0.0189500000000000, 0.505000000000000, 0.125000000000000 ) );
#12895 = VECTOR( '', #14515, 39.3700787402000 );
#12896 = CARTESIAN_POINT( '', ( -0.0810500000000000, 0.505000000000000, 0.0131500000000000 ) );
#12897 = CARTESIAN_POINT( '', ( 0.200000000000000, 0.505000000000000, 0.0131500000000000 ) );
#12898 = VECTOR( '', #14516, 39.3700787402000 );
#12899 = CARTESIAN_POINT( '', ( -0.0810500000000000, 0.505000000000000, 0.125000000000000 ) );
#12900 = VECTOR( '', #14517, 39.3700787402000 );
#12901 = CARTESIAN_POINT( '', ( -0.0345000000000000, 0.505000000000000, 0.0655000000000000 ) );
#12902 = VECTOR( '', #14518, 39.3700787402000 );
#12903 = COLOUR_RGB( '', 0.689999997600000, 0.689999997600000, 0.689999997600000 );
#12904 = CARTESIAN_POINT( '', ( -0.0750000000000000, 0.486011574286637, -0.0323369095626525 ) );
#12905 = VECTOR( '', #14519, 39.3700787402000 );
#12906 = CARTESIAN_POINT( '', ( -0.112869093152413, 0.479514789994116, -0.0321100368559358 ) );
#12907 = VECTOR( '', #14520, 39.3700787402000 );
#12908 = CARTESIAN_POINT( '', ( -0.0900773146023060, 0.279758332047051, -0.0251343876334783 ) );
#12909 = VECTOR( '', #14521, 39.3700787402000 );
#12910 = COLOUR_RGB( '', 0.689999997600000, 0.689999997600000, 0.689999997600000 );
#12911 = CARTESIAN_POINT( '', ( -0.165000000000000, 0.385000000000000, 0.0114318181818182 ) );
#12912 = CARTESIAN_POINT( '', ( -0.165000000000000, 0.285000000000000, 0.0100000000000000 ) );
#12913 = VECTOR( '', #14522, 39.3700787402000 );
#12914 = CARTESIAN_POINT( '', ( -0.165000000000000, 0.385000000000000, -0.0165000000000000 ) );
#12915 = VECTOR( '', #14523, 39.3700787402000 );
#12916 = COLOUR_RGB( '', 0.689999997600000, 0.689999997600000, 0.689999997600000 );
#12917 = CARTESIAN_POINT( '', ( 0.0415000000000000, 0.280000000000000, 0.117000000000000 ) );
#12918 = CARTESIAN_POINT( '', ( 0.0415000000000000, 0.280000000000000, 0.125000000000000 ) );
#12919 = CARTESIAN_POINT( '', ( 0.0415000000000000, 0.280000000000000, 0.115000000000000 ) );
#12920 = VECTOR( '', #14524, 39.3700787402000 );
#12921 = CARTESIAN_POINT( '', ( 0.104000000000000, 0.280000000000000, 0.125000000000000 ) );
#12922 = VECTOR( '', #14525, 39.3700787402000 );
#12923 = CARTESIAN_POINT( '', ( 0.0250000000000000, 0.280000000000000, 0.117000000000000 ) );
#12924 = VECTOR( '', #14526, 39.3700787402000 );
#12925 = COLOUR_RGB( '', 0.689999997600000, 0.689999997600000, 0.689999997600000 );
#12926 = CARTESIAN_POINT( '', ( -0.0350000000000000, 0.285000000000000, 0.0100000000000000 ) );
#12927 = VECTOR( '', #14527, 39.3700787402000 );
#12928 = COLOUR_RGB( '', 0.689999997600000, 0.689999997600000, 0.689999997600000 );
#12929 = CARTESIAN_POINT( '', ( 0.112500000000000, 0.118700000000000, -0.0982500000000000 ) );
#12930 = CARTESIAN_POINT( '', ( 0.112500000000000, 0.118700000000000, -0.0187500000000000 ) );
#12931 = CARTESIAN_POINT( '', ( 0.112500000000000, 0.118700000000000, -0.0982500000000000 ) );
#12932 = VECTOR( '', #14528, 39.3700787402000 );
#12933 = CARTESIAN_POINT( '', ( 0.112500000000000, 0.255000000000000, -0.0982500000000000 ) );
#12934 = VECTOR( '', #14529, 39.3700787402000 );
#12935 = CARTESIAN_POINT( '', ( 0.112500000000000, 0.255000000000000, -0.0187500000000000 ) );
#12936 = VECTOR( '', #14530, 39.3700787402000 );
#12937 = COLOUR_RGB( '', 0.689999997600000, 0.689999997600000, 0.689999997600000 );
#12938 = CARTESIAN_POINT( '', ( -0.192500000000000, 0.000000000000000, -0.0137500000000000 ) );
#12939 = CARTESIAN_POINT( '', ( -0.107500000000000, 0.000000000000000, -0.0137500000000000 ) );
#12940 = CARTESIAN_POINT( '', ( -0.192500000000000, 0.000000000000000, -0.0137500000000000 ) );
#12941 = VECTOR( '', #14531, 39.3700787402000 );
#12942 = CARTESIAN_POINT( '', ( -0.192500000000000, 0.100000000000000, -0.0137500000000000 ) );
#12943 = VECTOR( '', #14532, 39.3700787402000 );
#12944 = CARTESIAN_POINT( '', ( -0.107500000000000, 0.100000000000000, -0.0137500000000000 ) );
#12945 = VECTOR( '', #14533, 39.3700787402000 );
#12946 = COLOUR_RGB( '', 0.689999997600000, 0.689999997600000, 0.689999997600000 );
#12947 = CARTESIAN_POINT( '', ( -0.165500000000000, 0.505000000000000, -0.0655000000000000 ) );
#12948 = CARTESIAN_POINT( '', ( -0.165500000000000, 0.505000000000000, -0.0655000000000000 ) );
#12949 = VECTOR( '', #14534, 39.3700787402000 );
#12950 = CARTESIAN_POINT( '', ( -0.134500000000000, 0.505000000000000, -0.0655000000000000 ) );
#12951 = CARTESIAN_POINT( '', ( -0.134500000000000, 0.505000000000000, -0.0655000000000000 ) );
#12952 = VECTOR( '', #14535, 39.3700787402000 );
#12953 = CARTESIAN_POINT( '', ( -0.134500000000000, 0.505000000000000, -0.0345000000000000 ) );
#12954 = VECTOR( '', #14536, 39.3700787402000 );
#12955 = CARTESIAN_POINT( '', ( -0.0345000000000000, 0.505000000000000, -0.0655000000000000 ) );
#12956 = CARTESIAN_POINT( '', ( -0.0345000000000000, 0.505000000000000, -0.0655000000000000 ) );
#12957 = VECTOR( '', #14537, 39.3700787402000 );
#12958 = CARTESIAN_POINT( '', ( -0.0345000000000000, 0.505000000000000, -0.0345000000000000 ) );
#12959 = VECTOR( '', #14538, 39.3700787402000 );
#12960 = CARTESIAN_POINT( '', ( -0.130000000000000, 0.505000000000000, -0.0805000000000000 ) );
#12961 = CARTESIAN_POINT( '', ( -0.170000000000000, 0.505000000000000, -0.0805000000000000 ) );
#12962 = VECTOR( '', #14539, 39.3700787402000 );
#12963 = CARTESIAN_POINT( '', ( -0.181050000000000, 0.505000000000000, -0.106850000000000 ) );
#12964 = VECTOR( '', #14540, 39.3700787402000 );
#12965 = CARTESIAN_POINT( '', ( -0.0750000000000000, 0.505000000000000, -0.0381422538958261 ) );
#12966 = VECTOR( '', #14541, 39.3700787402000 );
#12967 = CARTESIAN_POINT( '', ( 0.200000000000000, 0.505000000000000, -0.106850000000000 ) );
#12968 = VECTOR( '', #14542, 39.3700787402000 );
#12969 = CARTESIAN_POINT( '', ( -0.0700000000000000, 0.505000000000000, -0.106850000000000 ) );
#12970 = CARTESIAN_POINT( '', ( -0.0700000000000000, 0.505000000000000, -0.106850000000000 ) );
#12971 = VECTOR( '', #14543, 39.3700787402000 );
#12972 = CARTESIAN_POINT( '', ( 0.200000000000000, 0.505000000000000, -0.106850000000000 ) );
#12973 = VECTOR( '', #14544, 39.3700787402000 );
#12974 = CARTESIAN_POINT( '', ( -0.130000000000000, 0.505000000000000, -0.0805000000000000 ) );
#12975 = VECTOR( '', #14545, 39.3700787402000 );
#12976 = COLOUR_RGB( '', 0.689999997600000, 0.689999997600000, 0.689999997600000 );
#12977 = CARTESIAN_POINT( '', ( 0.200000000000000, 0.385000000000000, 0.0114318181818182 ) );
#12978 = VECTOR( '', #14546, 39.3700787402000 );
#12979 = COLOUR_RGB( '', 0.689999997600000, 0.689999997600000, 0.689999997600000 );
#12980 = CARTESIAN_POINT( '', ( 0.0795000000000000, 0.480000000000000, 0.0217500000000000 ) );
#12981 = CARTESIAN_POINT( '', ( 0.0795000000000000, 0.350000000000000, 0.0217500000000000 ) );
#12982 = VECTOR( '', #14547, 39.3700787402000 );
#12983 = CARTESIAN_POINT( '', ( 0.0795000000000000, 0.480000000000000, 0.0217500000000000 ) );
#12984 = VECTOR( '', #14548, 39.3700787402000 );
#12985 = COLOUR_RGB( '', 0.689999997600000, 0.689999997600000, 0.689999997600000 );
#12986 = CARTESIAN_POINT( '', ( -0.00750000000000002, 0.000000000000000, -0.0137500000000000 ) );
#12987 = CARTESIAN_POINT( '', ( -0.0925000000000000, 0.000000000000000, -0.0137500000000000 ) );
#12988 = VECTOR( '', #14549, 39.3700787402000 );
#12989 = CARTESIAN_POINT( '', ( -0.00750000000000002, 0.100000000000000, -0.0137500000000000 ) );
#12990 = VECTOR( '', #14550, 39.3700787402000 );
#12991 = COLOUR_RGB( '', 0.689999997600000, 0.689999997600000, 0.689999997600000 );
#12992 = CARTESIAN_POINT( '', ( 0.187500000000000, 0.255000000000000, 0.0187500000000000 ) );
#12993 = VECTOR( '', #14551, 39.3700787402000 );
#12994 = COLOUR_RGB( '', 0.689999997600000, 0.689999997600000, 0.689999997600000 );
#12995 = CARTESIAN_POINT( '', ( -0.192500000000000, 0.000000000000000, -0.103250000000000 ) );
#12996 = CARTESIAN_POINT( '', ( -0.192500000000000, 0.000000000000000, -0.103250000000000 ) );
#12997 = VECTOR( '', #14552, 39.3700787402000 );
#12998 = CARTESIAN_POINT( '', ( -0.192500000000000, 0.100000000000000, -0.103250000000000 ) );
#12999 = VECTOR( '', #14553, 39.3700787402000 );
#13000 = COLOUR_RGB( '', 0.689999997600000, 0.689999997600000, 0.689999997600000 );
#13001 = CARTESIAN_POINT( '', ( 0.0790000000000000, 0.260000000000000, 0.193000000000000 ) );
#13002 = CARTESIAN_POINT( '', ( 0.0790000000000000, 0.280000000000000, 0.193000000000000 ) );
#13003 = VECTOR( '', #14554, 39.3700787402000 );
#13004 = CARTESIAN_POINT( '', ( 0.0790000000000000, 0.0300000000000000, 0.163000000000000 ) );
#13005 = CARTESIAN_POINT( '', ( 0.0790000000000000, 0.0300000000000000, 0.275000000000000 ) );
#13006 = VECTOR( '', #14555, 39.3700787402000 );
#13007 = CARTESIAN_POINT( '', ( 0.0790000000000000, 0.0300000000000000, 0.163000000000000 ) );
#13008 = VECTOR( '', #14556, 39.3700787402000 );
#13009 = CARTESIAN_POINT( '', ( 0.0790000000000000, 0.235000000000000, 0.168000000000000 ) );
#13010 = CARTESIAN_POINT( '', ( 0.0790000000000000, 0.235000000000000, 0.203000000000000 ) );
#13011 = VECTOR( '', #14557, 39.3700787402000 );
#13012 = AXIS2_PLACEMENT_3D( '', #14558, #14559, #14560 );
#13013 = COLOUR_RGB( '', 0.689999997600000, 0.689999997600000, 0.689999997600000 );
#13014 = CARTESIAN_POINT( '', ( -0.0795000000000000, 0.350000000000000, 0.0217500000000000 ) );
#13015 = VECTOR( '', #14561, 39.3700787402000 );
#13016 = COLOUR_RGB( '', 0.689999997600000, 0.689999997600000, 0.689999997600000 );
#13017 = CARTESIAN_POINT( '', ( -0.0795000000000000, 0.350000000000000, -0.0952500000000000 ) );
#13018 = CARTESIAN_POINT( '', ( -0.0205000000000000, 0.350000000000000, -0.0952500000000000 ) );
#13019 = VECTOR( '', #14562, 39.3700787402000 );
#13020 = CARTESIAN_POINT( '', ( -0.0795000000000000, 0.350000000000000, -0.0952500000000000 ) );
#13021 = VECTOR( '', #14563, 39.3700787402000 );
#13022 = COLOUR_RGB( '', 0.689999997600000, 0.689999997600000, 0.689999997600000 );
#13023 = CARTESIAN_POINT( '', ( 0.00749999999999999, 0.000000000000000, 0.103250000000000 ) );
#13024 = VECTOR( '', #14564, 39.3700787402000 );
#13025 = COLOUR_RGB( '', 0.689999997600000, 0.689999997600000, 0.689999997600000 );
#13026 = CARTESIAN_POINT( '', ( 0.0795000000000000, 0.480000000000000, -0.0907500000000000 ) );
#13027 = VECTOR( '', #14565, 39.3700787402000 );
#13028 = CARTESIAN_POINT( '', ( 0.0205000000000000, 0.480000000000000, -0.0217500000000000 ) );
#13029 = CARTESIAN_POINT( '', ( 0.0795000000000000, 0.480000000000000, -0.0217500000000000 ) );
#13030 = VECTOR( '', #14566, 39.3700787402000 );
#13031 = CARTESIAN_POINT( '', ( 0.0205000000000000, 0.480000000000000, -0.0907500000000000 ) );
#13032 = CARTESIAN_POINT( '', ( 0.0205000000000000, 0.480000000000000, -0.0907500000000000 ) );
#13033 = VECTOR( '', #14567, 39.3700787402000 );
#13034 = CARTESIAN_POINT( '', ( 0.0795000000000000, 0.480000000000000, -0.0907500000000000 ) );
#13035 = VECTOR( '', #14568, 39.3700787402000 );
#13036 = CARTESIAN_POINT( '', ( 0.0655000000000000, 0.480000000000000, -0.0655000000000000 ) );
#13037 = VECTOR( '', #14569, 39.3700787402000 );
#13038 = COLOUR_RGB( '', 0.689999997600000, 0.689999997600000, 0.689999997600000 );
#13039 = CARTESIAN_POINT( '', ( 0.229000000000000, 0.0499999999999999, 0.125000000000000 ) );
#13040 = CARTESIAN_POINT( '', ( 0.229000000000000, 0.0499999999999999, 0.125000000000000 ) );
#13041 = VECTOR( '', #14570, 39.3700787402000 );
#13042 = CARTESIAN_POINT( '', ( 0.229000000000000, 0.285000000000000, 0.125000000000000 ) );
#13043 = VECTOR( '', #14571, 39.3700787402000 );
#13044 = COLOUR_RGB( '', 0.689999997600000, 0.689999997600000, 0.689999997600000 );
#13045 = COLOUR_RGB( '', 0.689999997600000, 0.689999997600000, 0.689999997600000 );
#13046 = CARTESIAN_POINT( '', ( -0.130000000000000, 0.362000000000000, -0.0805000000000000 ) );
#13047 = VECTOR( '', #14572, 39.3700787402000 );
#13048 = COLOUR_RGB( '', 0.689999997600000, 0.689999997600000, 0.689999997600000 );
#13049 = CARTESIAN_POINT( '', ( -0.0875000000000000, 0.255000000000000, -0.0982500000000000 ) );
#13050 = VECTOR( '', #14573, 39.3700787402000 );
#13051 = CARTESIAN_POINT( '', ( -0.0875000000000000, 0.255000000000000, -0.0187500000000000 ) );
#13052 = VECTOR( '', #14574, 39.3700787402000 );
#13053 = COLOUR_RGB( '', 0.689999997600000, 0.689999997600000, 0.689999997600000 );
#13054 = CARTESIAN_POINT( '', ( -0.165500000000000, 0.505000000000000, 0.0655000000000000 ) );
#13055 = CARTESIAN_POINT( '', ( -0.165500000000000, 0.505000000000000, 0.0345000000000000 ) );
#13056 = VECTOR( '', #14575, 39.3700787402000 );
#13057 = CARTESIAN_POINT( '', ( -0.165500000000000, 0.455000000000000, 0.0655000000000000 ) );
#13058 = VECTOR( '', #14576, 39.3700787402000 );
#13059 = COLOUR_RGB( '', 0.689999997600000, 0.689999997600000, 0.689999997600000 );
#13060 = CARTESIAN_POINT( '', ( 0.128500000000000, 0.0500000000000000, 0.176500000000000 ) );
#13061 = CARTESIAN_POINT( '', ( 0.128500000000000, 0.0500000000000000, 0.125000000000000 ) );
#13062 = CARTESIAN_POINT( '', ( 0.128500000000000, 0.0500000000000000, 0.125000000000000 ) );
#13063 = VECTOR( '', #14577, 39.3700787402000 );
#13064 = CARTESIAN_POINT( '', ( 0.229000000000000, 0.0500000000000000, 0.176500000000000 ) );
#13065 = CARTESIAN_POINT( '', ( 0.229000000000000, 0.0500000000000000, 0.176500000000000 ) );
#13066 = VECTOR( '', #14578, 39.3700787402000 );
#13067 = CARTESIAN_POINT( '', ( 0.229000000000000, 0.0500000000000000, 0.125000000000000 ) );
#13068 = VECTOR( '', #14579, 39.3700787402000 );
#13069 = CARTESIAN_POINT( '', ( 0.125000000000000, 0.0500000000000000, 0.117000000000000 ) );
#13070 = CARTESIAN_POINT( '', ( 0.125000000000000, 0.0500000000000000, 0.117000000000000 ) );
#13071 = VECTOR( '', #14580, 39.3700787402000 );
#13072 = CARTESIAN_POINT( '', ( 0.125000000000000, 0.0500000000000000, 0.125000000000000 ) );
#13073 = CARTESIAN_POINT( '', ( 0.125000000000000, 0.0500000000000000, 0.125000000000000 ) );
#13074 = VECTOR( '', #14581, 39.3700787402000 );
#13075 = CARTESIAN_POINT( '', ( 0.229000000000000, 0.0500000000000000, 0.125000000000000 ) );
#13076 = VECTOR( '', #14582, 39.3700787402000 );
#13077 = COLOUR_RGB( '', 0.689999997600000, 0.689999997600000, 0.689999997600000 );
#13078 = CARTESIAN_POINT( '', ( -0.187500000000000, 0.255000000000000, -0.0982500000000000 ) );
#13079 = VECTOR( '', #14583, 39.3700787402000 );
#13080 = COLOUR_RGB( '', 0.689999997600000, 0.689999997600000, 0.689999997600000 );
#13081 = COLOUR_RGB( '', 0.689999997600000, 0.689999997600000, 0.689999997600000 );
#13082 = CARTESIAN_POINT( '', ( 0.179500000000000, 0.350000000000000, -0.0952500000000000 ) );
#13083 = CARTESIAN_POINT( '', ( 0.179500000000000, 0.350000000000000, -0.0952500000000000 ) );
#13084 = VECTOR( '', #14584, 39.3700787402000 );
#13085 = CARTESIAN_POINT( '', ( 0.179500000000000, 0.350000000000000, -0.0952500000000000 ) );
#13086 = VECTOR( '', #14585, 39.3700787402000 );
#13087 = COLOUR_RGB( '', 0.689999997600000, 0.689999997600000, 0.689999997600000 );
#13088 = CARTESIAN_POINT( '', ( -0.0750000000000000, 0.0500000000000000, -0.117000000000000 ) );
#13089 = VECTOR( '', #14586, 39.3700787402000 );
#13090 = COLOUR_RGB( '', 0.689999997600000, 0.689999997600000, 0.689999997600000 );
#13091 = COLOUR_RGB( '', 0.689999997600000, 0.689999997600000, 0.689999997600000 );
#13092 = CARTESIAN_POINT( '', ( -0.0700000000000000, 0.362000000000000, -0.0948346153846154 ) );
#13093 = CARTESIAN_POINT( '', ( -0.0700000000000000, 0.361423811704910, -0.0948545603640608 ) );
#13094 = VECTOR( '', #14587, 39.3700787402000 );
#13095 = CARTESIAN_POINT( '', ( -0.0700000000000000, 0.362000000000000, -0.108897500000000 ) );
#13096 = CARTESIAN_POINT( '', ( -0.0700000000000000, 0.362000000000000, -0.111500000000000 ) );
#13097 = VECTOR( '', #14588, 39.3700787402000 );
#13098 = CARTESIAN_POINT( '', ( -0.0700000000000000, 0.285000000000000, -0.110000000000000 ) );
#13099 = VECTOR( '', #14589, 39.3700787402000 );
#13100 = COLOUR_RGB( '', 0.689999997600000, 0.689999997600000, 0.689999997600000 );
#13101 = CARTESIAN_POINT( '', ( 0.165500000000000, 0.505000000000000, 0.0345000000000000 ) );
#13102 = VECTOR( '', #14590, 39.3700787402000 );
#13103 = COLOUR_RGB( '', 0.689999997600000, 0.689999997600000, 0.689999997600000 );
#13104 = CARTESIAN_POINT( '', ( 0.186757880398135, 0.504804718770542, 0.106852796072149 ) );
#13105 = VECTOR( '', #14591, 39.3700787402000 );
#13106 = COLOUR_RGB( '', 0.689999997600000, 0.689999997600000, 0.689999997600000 );
#13107 = CARTESIAN_POINT( '', ( 0.192500000000000, 0.000000000000000, -0.103250000000000 ) );
#13108 = VECTOR( '', #14592, 39.3700787402000 );
#13109 = CARTESIAN_POINT( '', ( 0.192500000000000, 0.118700000000000, -0.103250000000000 ) );
#13110 = VECTOR( '', #14593, 39.3700787402000 );
#13111 = COLOUR_RGB( '', 0.689999997600000, 0.689999997600000, 0.689999997600000 );
#13112 = CARTESIAN_POINT( '', ( -0.120500000000000, 0.350000000000000, -0.0217500000000000 ) );
#13113 = VECTOR( '', #14594, 39.3700787402000 );
#13114 = COLOUR_RGB( '', 0.689999997600000, 0.689999997600000, 0.689999997600000 );
#13115 = COLOUR_RGB( '', 0.689999997600000, 0.689999997600000, 0.689999997600000 );
#13116 = CARTESIAN_POINT( '', ( -0.0125000000000000, 0.118700000000000, 0.0187500000000000 ) );
#13117 = CARTESIAN_POINT( '', ( -0.0125000000000000, 0.118700000000000, 0.0982500000000000 ) );
#13118 = VECTOR( '', #14595, 39.3700787402000 );
#13119 = CARTESIAN_POINT( '', ( -0.0125000000000000, 0.255000000000000, 0.0187500000000000 ) );
#13120 = VECTOR( '', #14596, 39.3700787402000 );
#13121 = COLOUR_RGB( '', 0.689999997600000, 0.689999997600000, 0.689999997600000 );
#13122 = CARTESIAN_POINT( '', ( 0.0470000000000000, 0.0300000000000000, 0.275000000000000 ) );
#13123 = CARTESIAN_POINT( '', ( 0.0470000000000000, 0.0300000000000000, 0.275000000000000 ) );
#13124 = VECTOR( '', #14597, 39.3700787402000 );
#13125 = CARTESIAN_POINT( '', ( 0.0790000000000000, 0.0300000000000000, 0.275000000000000 ) );
#13126 = VECTOR( '', #14598, 39.3700787402000 );
#13127 = CARTESIAN_POINT( '', ( -0.0415000000000000, 0.0300000000000000, 0.163000000000000 ) );
#13128 = CARTESIAN_POINT( '', ( 0.0790000000000000, 0.0300000000000000, 0.163000000000000 ) );
#13129 = VECTOR( '', #14599, 39.3700787402000 );
#13130 = CARTESIAN_POINT( '', ( -0.0415000000000000, 0.0300000000000000, 0.190000000000000 ) );
#13131 = CARTESIAN_POINT( '', ( -0.0415000000000000, 0.0300000000000000, 0.275000000000000 ) );
#13132 = VECTOR( '', #14600, 39.3700787402000 );
#13133 = CARTESIAN_POINT( '', ( 0.0415000000000000, 0.0300000000000000, 0.190000000000000 ) );
#13134 = CARTESIAN_POINT( '', ( 0.0790000000000000, 0.0300000000000000, 0.190000000000000 ) );
#13135 = VECTOR( '', #14601, 39.3700787402000 );
#13136 = CARTESIAN_POINT( '', ( 0.0415000000000000, 0.0300000000000000, 0.163000000000000 ) );
#13137 = CARTESIAN_POINT( '', ( 0.0415000000000000, 0.0300000000000000, 0.275000000000000 ) );
#13138 = VECTOR( '', #14602, 39.3700787402000 );
#13139 = CARTESIAN_POINT( '', ( 0.0790000000000000, 0.0300000000000000, 0.163000000000000 ) );
#13140 = VECTOR( '', #14603, 39.3700787402000 );
#13141 = COLOUR_RGB( '', 0.689999997600000, 0.689999997600000, 0.689999997600000 );
#13142 = COLOUR_RGB( '', 0.689999997600000, 0.689999997600000, 0.689999997600000 );
#13143 = CARTESIAN_POINT( '', ( 0.0470000000000000, 0.0750000000000000, 0.275000000000000 ) );
#13144 = CARTESIAN_POINT( '', ( 0.0470000000000000, 0.0250000000000000, 0.275000000000000 ) );
#13145 = VECTOR( '', #14604, 39.3700787402000 );
#13146 = CARTESIAN_POINT( '', ( 0.0790000000000000, 0.0750000000000000, 0.275000000000000 ) );
#13147 = VECTOR( '', #14605, 39.3700787402000 );
#13148 = COLOUR_RGB( '', 0.689999997600000, 0.689999997600000, 0.689999997600000 );
#13149 = CARTESIAN_POINT( '', ( 0.128500000000000, 0.000000000000000, 0.125000000000000 ) );
#13150 = CARTESIAN_POINT( '', ( 0.128500000000000, 0.100000000000000, 0.125000000000000 ) );
#13151 = VECTOR( '', #14606, 39.3700787402000 );
#13152 = CARTESIAN_POINT( '', ( 0.128500000000000, 0.000000000000000, 0.176500000000000 ) );
#13153 = CARTESIAN_POINT( '', ( 0.128500000000000, 0.000000000000000, 0.195000000000000 ) );
#13154 = VECTOR( '', #14607, 39.3700787402000 );
#13155 = CARTESIAN_POINT( '', ( 0.128500000000000, 0.0500000000000000, 0.176500000000000 ) );
#13156 = VECTOR( '', #14608, 39.3700787402000 );
#13157 = COLOUR_RGB( '', 0.689999997600000, 0.689999997600000, 0.689999997600000 );
#13158 = CARTESIAN_POINT( '', ( 0.130000000000000, 0.362000000000000, 0.108897500000000 ) );
#13159 = CARTESIAN_POINT( '', ( 0.170000000000000, 0.362000000000000, 0.108897500000000 ) );
#13160 = CARTESIAN_POINT( '', ( 0.200000000000000, 0.362000000000000, 0.108897500000000 ) );
#13161 = VECTOR( '', #14609, 39.3700787402000 );
#13162 = CARTESIAN_POINT( '', ( 0.130000000000000, 0.505000000000000, 0.106850000000000 ) );
#13163 = CARTESIAN_POINT( '', ( 0.130000000000000, 0.505000000000000, 0.106850000000000 ) );
#13164 = VECTOR( '', #14610, 39.3700787402000 );
#13165 = CARTESIAN_POINT( '', ( 0.118950000000000, 0.505000000000000, 0.106850000000000 ) );
#13166 = CARTESIAN_POINT( '', ( 0.200000000000000, 0.505000000000000, 0.106850000000000 ) );
#13167 = VECTOR( '', #14611, 39.3700787402000 );
#13168 = CARTESIAN_POINT( '', ( 0.112950000000000, 0.485000000000000, 0.107136363636364 ) );
#13169 = CARTESIAN_POINT( '', ( 0.125640943383014, 0.527303144610046, 0.106530659520356 ) );
#13170 = VECTOR( '', #14612, 39.3700787402000 );
#13171 = CARTESIAN_POINT( '', ( 0.113263866662149, 0.506279095738893, 0.106831685674648 ) );
#13172 = VECTOR( '', #14613, 39.3700787402000 );
#13173 = CARTESIAN_POINT( '', ( 0.170000000000000, 0.505000000000000, 0.106850000000000 ) );
#13174 = CARTESIAN_POINT( '', ( 0.200000000000000, 0.505000000000000, 0.106850000000000 ) );
#13175 = VECTOR( '', #14614, 39.3700787402000 );
#13176 = CARTESIAN_POINT( '', ( 0.170000000000000, 0.505000000000000, 0.106850000000000 ) );
#13177 = VECTOR( '', #14615, 39.3700787402000 );
#13178 = COLOUR_RGB( '', 0.689999997600000, 0.689999997600000, 0.689999997600000 );
#13179 = CARTESIAN_POINT( '', ( -0.170000000000000, 0.505000000000000, 0.0805000000000000 ) );
#13180 = VECTOR( '', #14616, 39.3700787402000 );
#13181 = CARTESIAN_POINT( '', ( -0.170000000000000, 0.362000000000000, 0.0805000000000000 ) );
#13182 = VECTOR( '', #14617, 39.3700787402000 );
#13183 = COLOUR_RGB( '', 0.689999997600000, 0.689999997600000, 0.689999997600000 );
#13184 = CARTESIAN_POINT( '', ( 0.125000000000000, 0.486011574286637, -0.0323369095626525 ) );
#13185 = VECTOR( '', #14618, 39.3700787402000 );
#13186 = COLOUR_RGB( '', 0.689999997600000, 0.689999997600000, 0.689999997600000 );
#13187 = CARTESIAN_POINT( '', ( -0.0875000000000000, 0.118700000000000, 0.0187500000000000 ) );
#13188 = CARTESIAN_POINT( '', ( -0.0125000000000000, 0.118700000000000, 0.0187500000000000 ) );
#13189 = VECTOR( '', #14619, 39.3700787402000 );
#13190 = CARTESIAN_POINT( '', ( -0.0875000000000000, 0.118700000000000, 0.0187500000000000 ) );
#13191 = VECTOR( '', #14620, 39.3700787402000 );
#13192 = CARTESIAN_POINT( '', ( -0.00750000000000002, 0.118700000000000, 0.0137500000000000 ) );
#13193 = CARTESIAN_POINT( '', ( -0.0925000000000000, 0.118700000000000, 0.0137500000000000 ) );
#13194 = CARTESIAN_POINT( '', ( -0.00750000000000002, 0.118700000000000, 0.0137500000000000 ) );
#13195 = VECTOR( '', #14621, 39.3700787402000 );
#13196 = CARTESIAN_POINT( '', ( -0.00750000000000002, 0.118700000000000, 0.103250000000000 ) );
#13197 = CARTESIAN_POINT( '', ( -0.00750000000000002, 0.118700000000000, 0.103250000000000 ) );
#13198 = VECTOR( '', #14622, 39.3700787402000 );
#13199 = CARTESIAN_POINT( '', ( -0.0925000000000000, 0.118700000000000, 0.103250000000000 ) );
#13200 = CARTESIAN_POINT( '', ( -0.0925000000000000, 0.118700000000000, 0.103250000000000 ) );
#13201 = VECTOR( '', #14623, 39.3700787402000 );
#13202 = CARTESIAN_POINT( '', ( -0.0925000000000000, 0.118700000000000, 0.0137500000000000 ) );
#13203 = VECTOR( '', #14624, 39.3700787402000 );
#13204 = COLOUR_RGB( '', 0.689999997600000, 0.689999997600000, 0.689999997600000 );
#13205 = CARTESIAN_POINT( '', ( 0.0867465277140088, 0.486011574286637, -0.0486630904373476 ) );
#13206 = CARTESIAN_POINT( '', ( 0.0793891169211865, 0.510536276929378, -0.0478066689495067 ) );
#13207 = VECTOR( '', #14625, 39.3700787402000 );
#13208 = CARTESIAN_POINT( '', ( 0.125000000000000, 0.486011574286637, -0.0486630904373475 ) );
#13209 = VECTOR( '', #14626, 39.3700787402000 );
#13210 = COLOUR_RGB( '', 0.689999997600000, 0.689999997600000, 0.689999997600000 );
#13211 = CARTESIAN_POINT( '', ( 0.179500000000000, 0.350000000000000, -0.0952500000000000 ) );
#13212 = VECTOR( '', #14627, 39.3700787402000 );
#13213 = COLOUR_RGB( '', 0.689999997600000, 0.689999997600000, 0.689999997600000 );
#13214 = CARTESIAN_POINT( '', ( 0.112500000000000, 0.118700000000000, -0.0187500000000000 ) );
#13215 = VECTOR( '', #14628, 39.3700787402000 );
#13216 = COLOUR_RGB( '', 0.689999997600000, 0.689999997600000, 0.689999997600000 );
#13217 = CARTESIAN_POINT( '', ( -0.0415000000000000, -0.0649999999999999, 0.190000000000000 ) );
#13218 = VECTOR( '', #14629, 39.3700787402000 );
#13219 = CARTESIAN_POINT( '', ( -0.0415000000000000, 0.0300000000000000, 0.163000000000000 ) );
#13220 = VECTOR( '', #14630, 39.3700787402000 );
#13221 = CARTESIAN_POINT( '', ( -0.0415000000000000, 0.180000000000000, 0.125000000000000 ) );
#13222 = AXIS2_PLACEMENT_3D( '', #14631, #14632, #14633 );
#13223 = CARTESIAN_POINT( '', ( -0.0415000000000000, 0.170000000000000, 0.125000000000000 ) );
#13224 = CARTESIAN_POINT( '', ( -0.0415000000000000, 0.280000000000000, 0.125000000000000 ) );
#13225 = VECTOR( '', #14634, 39.3700787402000 );
#13226 = CARTESIAN_POINT( '', ( -0.0415000000000000, 0.170000000000000, 0.203000000000000 ) );
#13227 = VECTOR( '', #14635, 39.3700787402000 );
#13228 = CARTESIAN_POINT( '', ( -0.0415000000000000, 0.280000000000000, 0.125000000000000 ) );
#13229 = VECTOR( '', #14636, 39.3700787402000 );
#13230 = CARTESIAN_POINT( '', ( -0.0415000000000000, 0.235000000000000, 0.168000000000000 ) );
#13231 = CARTESIAN_POINT( '', ( -0.0415000000000000, 0.235000000000000, 0.203000000000000 ) );
#13232 = VECTOR( '', #14637, 39.3700787402000 );
#13233 = CARTESIAN_POINT( '', ( -0.0415000000000000, 0.260000000000000, 0.193000000000000 ) );
#13234 = AXIS2_PLACEMENT_3D( '', #14638, #14639, #14640 );
#13235 = CARTESIAN_POINT( '', ( -0.0415000000000000, 0.280000000000000, 0.193000000000000 ) );
#13236 = VECTOR( '', #14641, 39.3700787402000 );
#13237 = COLOUR_RGB( '', 0.689999997600000, 0.689999997600000, 0.689999997600000 );
#13238 = CARTESIAN_POINT( '', ( -0.229000000000000, 0.000000000000000, 0.176500000000000 ) );
#13239 = VECTOR( '', #14642, 39.3700787402000 );
#13240 = CARTESIAN_POINT( '', ( -0.229000000000000, 0.285000000000000, 0.125000000000000 ) );
#13241 = VECTOR( '', #14643, 39.3700787402000 );
#13242 = COLOUR_RGB( '', 0.689999997600000, 0.689999997600000, 0.689999997600000 );
#13243 = COLOUR_RGB( '', 0.689999997600000, 0.689999997600000, 0.689999997600000 );
#13244 = CARTESIAN_POINT( '', ( 0.187500000000000, 0.118700000000000, -0.0982500000000000 ) );
#13245 = VECTOR( '', #14644, 39.3700787402000 );
#13246 = COLOUR_RGB( '', 0.689999997600000, 0.689999997600000, 0.689999997600000 );
#13247 = CARTESIAN_POINT( '', ( -0.107500000000000, 0.000000000000000, 0.103250000000000 ) );
#13248 = CARTESIAN_POINT( '', ( -0.192500000000000, 0.000000000000000, 0.103250000000000 ) );
#13249 = VECTOR( '', #14645, 39.3700787402000 );
#13250 = CARTESIAN_POINT( '', ( -0.107500000000000, 0.100000000000000, 0.103250000000000 ) );
#13251 = VECTOR( '', #14646, 39.3700787402000 );
#13252 = COLOUR_RGB( '', 0.689999997600000, 0.689999997600000, 0.689999997600000 );
#13253 = CARTESIAN_POINT( '', ( -0.134500000000000, 0.505000000000000, 0.0655000000000000 ) );
#13254 = CARTESIAN_POINT( '', ( -0.165500000000000, 0.505000000000000, 0.0655000000000000 ) );
#13255 = VECTOR( '', #14647, 39.3700787402000 );
#13256 = CARTESIAN_POINT( '', ( -0.134500000000000, 0.455000000000000, 0.0655000000000000 ) );
#13257 = VECTOR( '', #14648, 39.3700787402000 );
#13258 = COLOUR_RGB( '', 0.689999997600000, 0.689999997600000, 0.689999997600000 );
#13259 = CARTESIAN_POINT( '', ( 0.112950000000000, 0.485000000000000, 0.125000000000000 ) );
#13260 = VECTOR( '', #14649, 39.3700787402000 );
#13261 = COLOUR_RGB( '', 0.689999997600000, 0.689999997600000, 0.689999997600000 );
#13262 = CARTESIAN_POINT( '', ( 0.0875000000000000, 0.255000000000000, 0.0187500000000000 ) );
#13263 = VECTOR( '', #14650, 39.3700787402000 );
#13264 = CARTESIAN_POINT( '', ( 0.0125000000000000, 0.255000000000000, 0.0187500000000000 ) );
#13265 = VECTOR( '', #14651, 39.3700787402000 );
#13266 = COLOUR_RGB( '', 0.689999997600000, 0.689999997600000, 0.689999997600000 );
#13267 = CARTESIAN_POINT( '', ( 0.0415000000000000, 0.260000000000000, 0.193000000000000 ) );
#13268 = CARTESIAN_POINT( '', ( 0.0415000000000000, 0.280000000000000, 0.193000000000000 ) );
#13269 = VECTOR( '', #14652, 39.3700787402000 );
#13270 = CARTESIAN_POINT( '', ( 0.0415000000000000, 0.235000000000000, 0.168000000000000 ) );
#13271 = AXIS2_PLACEMENT_3D( '', #14653, #14654, #14655 );
#13272 = CARTESIAN_POINT( '', ( 0.0415000000000000, 0.235000000000000, 0.150000000000000 ) );
#13273 = CARTESIAN_POINT( '', ( 0.0415000000000000, 0.235000000000000, 0.115000000000000 ) );
#13274 = VECTOR( '', #14656, 39.3700787402000 );
#13275 = CARTESIAN_POINT( '', ( 0.0415000000000000, 0.260000000000000, 0.125000000000000 ) );
#13276 = AXIS2_PLACEMENT_3D( '', #14657, #14658, #14659 );
#13277 = CARTESIAN_POINT( '', ( 0.0415000000000000, 0.280000000000000, 0.125000000000000 ) );
#13278 = VECTOR( '', #14660, 39.3700787402000 );
#13279 = CARTESIAN_POINT( '', ( 0.0415000000000000, 0.0500000000000000, 0.117000000000000 ) );
#13280 = VECTOR( '', #14661, 39.3700787402000 );
#13281 = CARTESIAN_POINT( '', ( 0.0415000000000000, 0.180000000000000, 0.125000000000000 ) );
#13282 = CARTESIAN_POINT( '', ( 0.0415000000000000, 0.280000000000000, 0.125000000000000 ) );
#13283 = VECTOR( '', #14662, 39.3700787402000 );
#13284 = AXIS2_PLACEMENT_3D( '', #14663, #14664, #14665 );
#13285 = CARTESIAN_POINT( '', ( 0.0415000000000000, 0.0300000000000000, 0.163000000000000 ) );
#13286 = VECTOR( '', #14666, 39.3700787402000 );
#13287 = CARTESIAN_POINT( '', ( 0.0415000000000000, -0.0649999999999999, 0.190000000000000 ) );
#13288 = VECTOR( '', #14667, 39.3700787402000 );
#13289 = COLOUR_RGB( '', 0.689999997600000, 0.689999997600000, 0.689999997600000 );
#13290 = CARTESIAN_POINT( '', ( 0.130000000000000, 0.362000000000000, -0.0948346153846154 ) );
#13291 = CARTESIAN_POINT( '', ( 0.130000000000000, 0.362000000000000, -0.111500000000000 ) );
#13292 = VECTOR( '', #14668, 39.3700787402000 );
#13293 = CARTESIAN_POINT( '', ( 0.300000000000000, 0.362000000000000, -0.0948346153846154 ) );
#13294 = VECTOR( '', #14669, 39.3700787402000 );
#13295 = COLOUR_RGB( '', 0.689999997600000, 0.689999997600000, 0.689999997600000 );
#13296 = CARTESIAN_POINT( '', ( 0.0680409987785849, 0.548363337404717, -0.0296002434091081 ) );
#13297 = VECTOR( '', #14670, 39.3700787402000 );
#13298 = COLOUR_RGB( '', 0.689999997600000, 0.689999997600000, 0.689999997600000 );
#13299 = CARTESIAN_POINT( '', ( 0.0875000000000000, 0.118700000000000, -0.0982500000000000 ) );
#13300 = CARTESIAN_POINT( '', ( 0.0875000000000000, 0.118700000000000, -0.0187500000000000 ) );
#13301 = VECTOR( '', #14671, 39.3700787402000 );
#13302 = CARTESIAN_POINT( '', ( 0.0875000000000000, 0.118700000000000, -0.0982500000000000 ) );
#13303 = VECTOR( '', #14672, 39.3700787402000 );
#13304 = CARTESIAN_POINT( '', ( 0.0925000000000000, 0.118700000000000, -0.0137500000000000 ) );
#13305 = VECTOR( '', #14673, 39.3700787402000 );
#13306 = CARTESIAN_POINT( '', ( 0.00749999999999999, 0.118700000000000, -0.103250000000000 ) );
#13307 = VECTOR( '', #14674, 39.3700787402000 );
#13308 = COLOUR_RGB( '', 0.689999997600000, 0.689999997600000, 0.689999997600000 );
#13309 = CARTESIAN_POINT( '', ( 0.0700000000000000, 0.362000000000000, 0.0948346153846154 ) );
#13310 = CARTESIAN_POINT( '', ( 0.0700000000000000, 0.480000000000000, 0.0907500000000000 ) );
#13311 = CARTESIAN_POINT( '', ( 0.0700000000000000, 0.361423811704910, 0.0948545603640608 ) );
#13312 = VECTOR( '', #14675, 39.3700787402000 );
#13313 = CARTESIAN_POINT( '', ( 0.0700000000000000, 0.362000000000000, 0.108897500000000 ) );
#13314 = CARTESIAN_POINT( '', ( 0.0700000000000000, 0.362000000000000, 0.111500000000000 ) );
#13315 = VECTOR( '', #14676, 39.3700787402000 );
#13316 = CARTESIAN_POINT( '', ( 0.0700000000000000, 0.505000000000000, 0.106850000000000 ) );
#13317 = CARTESIAN_POINT( '', ( 0.0700000000000000, 0.505000000000000, 0.106850000000000 ) );
#13318 = VECTOR( '', #14677, 39.3700787402000 );
#13319 = CARTESIAN_POINT( '', ( 0.0700000000000000, 0.505000000000000, 0.0131500000000000 ) );
#13320 = VECTOR( '', #14678, 39.3700787402000 );
#13321 = CARTESIAN_POINT( '', ( 0.0700000000000000, 0.480000000000000, 0.111500000000000 ) );
#13322 = VECTOR( '', #14679, 39.3700787402000 );
#13323 = COLOUR_RGB( '', 0.689999997600000, 0.689999997600000, 0.689999997600000 );
#13324 = CARTESIAN_POINT( '', ( -0.0750000000000000, 0.0500000000000000, 0.125000000000000 ) );
#13325 = VECTOR( '', #14680, 39.3700787402000 );
#13326 = COLOUR_RGB( '', 0.689999997600000, 0.689999997600000, 0.689999997600000 );
#13327 = CARTESIAN_POINT( '', ( 0.0350000000000000, 0.285000000000000, 0.0100000000000000 ) );
#13328 = VECTOR( '', #14681, 39.3700787402000 );
#13329 = CARTESIAN_POINT( '', ( 0.0810500000000000, 0.505000000000000, 0.0131500000000000 ) );
#13330 = CARTESIAN_POINT( '', ( 0.200000000000000, 0.505000000000000, 0.0131500000000000 ) );
#13331 = VECTOR( '', #14682, 39.3700787402000 );
#13332 = CARTESIAN_POINT( '', ( 0.151421196201488, 0.270429345995041, 0.00979137472674718 ) );
#13333 = VECTOR( '', #14683, 39.3700787402000 );
#13334 = CARTESIAN_POINT( '', ( 0.0650000000000000, 0.285000000000000, 0.0100000000000000 ) );
#13335 = VECTOR( '', #14684, 39.3700787402000 );
#13336 = COLOUR_RGB( '', 0.689999997600000, 0.689999997600000, 0.689999997600000 );
#13337 = CARTESIAN_POINT( '', ( -0.134500000000000, 0.455000000000000, -0.0655000000000000 ) );
#13338 = VECTOR( '', #14685, 39.3700787402000 );
#13339 = COLOUR_RGB( '', 0.689999997600000, 0.689999997600000, 0.689999997600000 );
#13340 = CARTESIAN_POINT( '', ( 0.0470000000000000, 0.0750000000000000, 0.245000000000000 ) );
#13341 = VECTOR( '', #14686, 39.3700787402000 );
#13342 = COLOUR_RGB( '', 0.689999997600000, 0.689999997600000, 0.689999997600000 );
#13343 = CARTESIAN_POINT( '', ( -0.0345000000000000, 0.455000000000000, -0.0655000000000000 ) );
#13344 = VECTOR( '', #14687, 39.3700787402000 );
#13345 = COLOUR_RGB( '', 0.689999997600000, 0.689999997600000, 0.689999997600000 );
#13346 = CARTESIAN_POINT( '', ( 0.200000000000000, 0.505000000000000, 0.106850000000000 ) );
#13347 = VECTOR( '', #14688, 39.3700787402000 );
#13348 = CARTESIAN_POINT( '', ( 0.0810500000000000, 0.505000000000000, 0.106850000000000 ) );
#13349 = CARTESIAN_POINT( '', ( 0.200000000000000, 0.505000000000000, 0.106850000000000 ) );
#13350 = VECTOR( '', #14689, 39.3700787402000 );
#13351 = CARTESIAN_POINT( '', ( 0.0810500000000000, 0.505000000000000, 0.125000000000000 ) );
#13352 = VECTOR( '', #14690, 39.3700787402000 );
#13353 = CARTESIAN_POINT( '', ( 0.0655000000000000, 0.505000000000000, 0.0345000000000000 ) );
#13354 = CARTESIAN_POINT( '', ( 0.0655000000000000, 0.505000000000000, 0.0345000000000000 ) );
#13355 = VECTOR( '', #14691, 39.3700787402000 );
#13356 = CARTESIAN_POINT( '', ( 0.0655000000000000, 0.505000000000000, 0.0655000000000000 ) );
#13357 = VECTOR( '', #14692, 39.3700787402000 );
#13358 = COLOUR_RGB( '', 0.689999997600000, 0.689999997600000, 0.689999997600000 );
#13359 = CARTESIAN_POINT( '', ( -0.00750000000000002, 0.000000000000000, 0.0137500000000000 ) );
#13360 = CARTESIAN_POINT( '', ( -0.0925000000000000, 0.000000000000000, 0.0137500000000000 ) );
#13361 = CARTESIAN_POINT( '', ( -0.00750000000000002, 0.000000000000000, 0.0137500000000000 ) );
#13362 = VECTOR( '', #14693, 39.3700787402000 );
#13363 = CARTESIAN_POINT( '', ( -0.00750000000000002, 0.100000000000000, 0.0137500000000000 ) );
#13364 = VECTOR( '', #14694, 39.3700787402000 );
#13365 = CARTESIAN_POINT( '', ( -0.0925000000000000, 0.100000000000000, 0.0137500000000000 ) );
#13366 = VECTOR( '', #14695, 39.3700787402000 );
#13367 = COLOUR_RGB( '', 0.689999997600000, 0.689999997600000, 0.689999997600000 );
#13368 = CARTESIAN_POINT( '', ( 0.00749999999999999, 0.000000000000000, -0.103250000000000 ) );
#13369 = VECTOR( '', #14696, 39.3700787402000 );
#13370 = COLOUR_RGB( '', 0.689999997600000, 0.689999997600000, 0.689999997600000 );
#13371 = CARTESIAN_POINT( '', ( 0.0875000000000000, 0.255000000000000, -0.0982500000000000 ) );
#13372 = VECTOR( '', #14697, 39.3700787402000 );
#13373 = COLOUR_RGB( '', 0.689999997600000, 0.689999997600000, 0.689999997600000 );
#13374 = COLOUR_RGB( '', 0.689999997600000, 0.689999997600000, 0.689999997600000 );
#13375 = CARTESIAN_POINT( '', ( -0.0750000000000000, 0.170000000000000, 0.125000000000000 ) );
#13376 = CARTESIAN_POINT( '', ( -0.0750000000000000, 0.170000000000000, 0.125000000000000 ) );
#13377 = VECTOR( '', #14698, 39.3700787402000 );
#13378 = CARTESIAN_POINT( '', ( -0.0750000000000000, 0.0500000000000000, 0.125000000000000 ) );
#13379 = CARTESIAN_POINT( '', ( -0.0750000000000000, 0.0500000000000000, 0.125000000000000 ) );
#13380 = VECTOR( '', #14699, 39.3700787402000 );
#13381 = CARTESIAN_POINT( '', ( -0.0750000000000000, 0.0500000000000000, 0.125000000000000 ) );
#13382 = VECTOR( '', #14700, 39.3700787402000 );
#13383 = COLOUR_RGB( '', 0.689999997600000, 0.689999997600000, 0.689999997600000 );
#13384 = CARTESIAN_POINT( '', ( 0.0205000000000000, 0.350000000000000, -0.0217500000000000 ) );
#13385 = VECTOR( '', #14701, 39.3700787402000 );
#13386 = COLOUR_RGB( '', 0.689999997600000, 0.689999997600000, 0.689999997600000 );
#13387 = CARTESIAN_POINT( '', ( 0.112500000000000, 0.255000000000000, 0.0982500000000000 ) );
#13388 = VECTOR( '', #14702, 39.3700787402000 );
#13389 = CARTESIAN_POINT( '', ( 0.120500000000000, 0.255000000000000, 0.0952500000000000 ) );
#13390 = CARTESIAN_POINT( '', ( 0.120500000000000, 0.255000000000000, 0.000000000000000 ) );
#13391 = VECTOR( '', #14703, 39.3700787402000 );
#13392 = CARTESIAN_POINT( '', ( 0.300000000000000, 0.255000000000000, 0.0952500000000000 ) );
#13393 = VECTOR( '', #14704, 39.3700787402000 );
#13394 = COLOUR_RGB( '', 0.689999997600000, 0.689999997600000, 0.689999997600000 );
#13395 = CARTESIAN_POINT( '', ( 0.112500000000000, 0.260000000000000, 0.193000000000000 ) );
#13396 = VECTOR( '', #14705, 39.3700787402000 );
#13397 = CARTESIAN_POINT( '', ( 0.112500000000000, 0.260000000000000, 0.193000000000000 ) );
#13398 = VECTOR( '', #14706, 39.3700787402000 );
#13399 = COLOUR_RGB( '', 0.689999997600000, 0.689999997600000, 0.689999997600000 );
#13400 = COLOUR_RGB( '', 0.689999997600000, 0.689999997600000, 0.689999997600000 );
#13401 = CARTESIAN_POINT( '', ( 0.0750000000000000, 0.0500000000000000, 0.125000000000000 ) );
#13402 = VECTOR( '', #14707, 39.3700787402000 );
#13403 = CARTESIAN_POINT( '', ( 0.0750000000000000, 0.0500000000000000, 0.117000000000000 ) );
#13404 = VECTOR( '', #14708, 39.3700787402000 );
#13405 = COLOUR_RGB( '', 0.689999997600000, 0.689999997600000, 0.689999997600000 );
#13406 = CARTESIAN_POINT( '', ( 0.112500000000000, 0.235000000000000, 0.168000000000000 ) );
#13407 = VECTOR( '', #14709, 39.3700787402000 );
#13408 = COLOUR_RGB( '', 0.689999997600000, 0.689999997600000, 0.689999997600000 );
#13409 = CARTESIAN_POINT( '', ( 0.229000000000000, 0.000000000000000, 0.176500000000000 ) );
#13410 = CARTESIAN_POINT( '', ( 0.229000000000000, 0.000000000000000, 0.176500000000000 ) );
#13411 = VECTOR( '', #14710, 39.3700787402000 );
#13412 = CARTESIAN_POINT( '', ( 0.229000000000000, 0.0500000000000000, 0.176500000000000 ) );
#13413 = VECTOR( '', #14711, 39.3700787402000 );
#13414 = COLOUR_RGB( '', 0.689999997600000, 0.689999997600000, 0.689999997600000 );
#13415 = CARTESIAN_POINT( '', ( 0.0925000000000000, 0.000000000000000, 0.0137500000000000 ) );
#13416 = VECTOR( '', #14712, 39.3700787402000 );
#13417 = CARTESIAN_POINT( '', ( -0.107500000000000, 0.000000000000000, -0.103250000000000 ) );
#13418 = CARTESIAN_POINT( '', ( -0.107500000000000, 0.000000000000000, -0.103250000000000 ) );
#13419 = VECTOR( '', #14713, 39.3700787402000 );
#13420 = CARTESIAN_POINT( '', ( -0.107500000000000, 0.000000000000000, -0.0137500000000000 ) );
#13421 = VECTOR( '', #14714, 39.3700787402000 );
#13422 = CARTESIAN_POINT( '', ( 0.0925000000000000, 0.000000000000000, -0.0137500000000000 ) );
#13423 = VECTOR( '', #14715, 39.3700787402000 );
#13424 = CARTESIAN_POINT( '', ( -0.0925000000000000, 0.000000000000000, 0.103250000000000 ) );
#13425 = CARTESIAN_POINT( '', ( -0.0925000000000000, 0.000000000000000, 0.0137500000000000 ) );
#13426 = VECTOR( '', #14716, 39.3700787402000 );
#13427 = CARTESIAN_POINT( '', ( -0.00750000000000002, 0.000000000000000, 0.103250000000000 ) );
#13428 = CARTESIAN_POINT( '', ( -0.0925000000000000, 0.000000000000000, 0.103250000000000 ) );
#13429 = VECTOR( '', #14717, 39.3700787402000 );
#13430 = CARTESIAN_POINT( '', ( -0.00750000000000002, 0.000000000000000, 0.103250000000000 ) );
#13431 = VECTOR( '', #14718, 39.3700787402000 );
#13432 = CARTESIAN_POINT( '', ( -0.107500000000000, 0.000000000000000, 0.103250000000000 ) );
#13433 = VECTOR( '', #14719, 39.3700787402000 );
#13434 = CARTESIAN_POINT( '', ( 0.107500000000000, 0.000000000000000, -0.0137500000000000 ) );
#13435 = VECTOR( '', #14720, 39.3700787402000 );
#13436 = CARTESIAN_POINT( '', ( -0.00750000000000002, 0.000000000000000, -0.103250000000000 ) );
#13437 = CARTESIAN_POINT( '', ( -0.00750000000000002, 0.000000000000000, -0.103250000000000 ) );
#13438 = VECTOR( '', #14721, 39.3700787402000 );
#13439 = CARTESIAN_POINT( '', ( -0.00750000000000002, 0.000000000000000, -0.0137500000000000 ) );
#13440 = VECTOR( '', #14722, 39.3700787402000 );
#13441 = CARTESIAN_POINT( '', ( 0.229000000000000, 0.000000000000000, 0.176500000000000 ) );
#13442 = VECTOR( '', #14723, 39.3700787402000 );
#13443 = CARTESIAN_POINT( '', ( 0.128500000000000, 0.000000000000000, 0.125000000000000 ) );
#13444 = VECTOR( '', #14724, 39.3700787402000 );
#13445 = COLOUR_RGB( '', 0.689999997600000, 0.689999997600000, 0.689999997600000 );
#13446 = COLOUR_RGB( '', 0.689999997600000, 0.689999997600000, 0.689999997600000 );
#13447 = CARTESIAN_POINT( '', ( 0.100000000000000, 0.362000000000000, -0.0948346153846154 ) );
#13448 = VECTOR( '', #14725, 39.3700787402000 );
#13449 = CARTESIAN_POINT( '', ( 0.200000000000000, 0.362000000000000, -0.108897500000000 ) );
#13450 = VECTOR( '', #14726, 39.3700787402000 );
#13451 = COLOUR_RGB( '', 0.689999997600000, 0.689999997600000, 0.689999997600000 );
#13452 = COLOUR_RGB( '', 0.689999997600000, 0.689999997600000, 0.689999997600000 );
#13453 = CARTESIAN_POINT( '', ( 0.0795000000000000, 0.480000000000000, 0.0907500000000000 ) );
#13454 = VECTOR( '', #14727, 39.3700787402000 );
#13455 = CARTESIAN_POINT( '', ( 0.0795000000000000, 0.480000000000000, 0.0907500000000000 ) );
#13456 = CARTESIAN_POINT( '', ( 0.0795000000000000, 0.480000000000000, 0.0217500000000000 ) );
#13457 = VECTOR( '', #14728, 39.3700787402000 );
#13458 = CARTESIAN_POINT( '', ( 0.0795000000000000, 0.480000000000000, 0.0907500000000000 ) );
#13459 = VECTOR( '', #14729, 39.3700787402000 );
#13460 = CARTESIAN_POINT( '', ( 0.0655000000000000, 0.480000000000000, 0.0345000000000000 ) );
#13461 = CARTESIAN_POINT( '', ( 0.0655000000000000, 0.480000000000000, 0.0345000000000000 ) );
#13462 = VECTOR( '', #14730, 39.3700787402000 );
#13463 = CARTESIAN_POINT( '', ( 0.0655000000000000, 0.480000000000000, 0.0655000000000000 ) );
#13464 = VECTOR( '', #14731, 39.3700787402000 );
#13465 = COLOUR_RGB( '', 0.689999997600000, 0.689999997600000, 0.689999997600000 );
#13466 = CARTESIAN_POINT( '', ( -0.175000000000000, 0.0500000000000000, -0.117000000000000 ) );
#13467 = VECTOR( '', #14732, 39.3700787402000 );
#13468 = COLOUR_RGB( '', 0.689999997600000, 0.689999997600000, 0.689999997600000 );
#13469 = CARTESIAN_POINT( '', ( 0.170000000000000, 0.362000000000000, 0.111500000000000 ) );
#13470 = VECTOR( '', #14733, 39.3700787402000 );
#13471 = CARTESIAN_POINT( '', ( 0.170000000000000, 0.505000000000000, 0.0805000000000000 ) );
#13472 = CARTESIAN_POINT( '', ( 0.170000000000000, 0.505000000000000, 0.0131500000000000 ) );
#13473 = VECTOR( '', #14734, 39.3700787402000 );
#13474 = CARTESIAN_POINT( '', ( 0.170000000000000, 0.362000000000000, 0.0805000000000000 ) );
#13475 = VECTOR( '', #14735, 39.3700787402000 );
#13476 = COLOUR_RGB( '', 0.689999997600000, 0.689999997600000, 0.689999997600000 );
#13477 = CARTESIAN_POINT( '', ( -0.0129500000000000, 0.485000000000000, 0.107136363636364 ) );
#13478 = CARTESIAN_POINT( '', ( -0.0131986254812992, 0.501855964833840, 0.106895016867152 ) );
#13479 = VECTOR( '', #14736, 39.3700787402000 );
#13480 = CARTESIAN_POINT( '', ( -0.0129500000000000, 0.485000000000000, 0.0128636363636364 ) );
#13481 = CARTESIAN_POINT( '', ( -0.00995433117340537, 0.281903808366463, 0.00995566816524709 ) );
#13482 = VECTOR( '', #14737, 39.3700787402000 );
#13483 = CARTESIAN_POINT( '', ( -0.0129500000000000, 0.485000000000000, 0.125000000000000 ) );
#13484 = VECTOR( '', #14738, 39.3700787402000 );
#13485 = COLOUR_RGB( '', 0.689999997600000, 0.689999997600000, 0.689999997600000 );
#13486 = COLOUR_RGB( '', 0.689999997600000, 0.689999997600000, 0.689999997600000 );
#13487 = COLOUR_RGB( '', 0.689999997600000, 0.689999997600000, 0.689999997600000 );
#13488 = COLOUR_RGB( '', 0.689999997600000, 0.689999997600000, 0.689999997600000 );
#13489 = CARTESIAN_POINT( '', ( 0.135000000000000, 0.385000000000000, -0.0165000000000000 ) );
#13490 = VECTOR( '', #14739, 39.3700787402000 );
#13491 = COLOUR_RGB( '', 0.689999997600000, 0.689999997600000, 0.689999997600000 );
#13492 = CARTESIAN_POINT( '', ( 0.165000000000000, 0.385000000000000, 0.0185000000000000 ) );
#13493 = VECTOR( '', #14740, 39.3700787402000 );
#13494 = COLOUR_RGB( '', 0.689999997600000, 0.689999997600000, 0.689999997600000 );
#13495 = COLOUR_RGB( '', 0.689999997600000, 0.689999997600000, 0.689999997600000 );
#13496 = CARTESIAN_POINT( '', ( 0.0250000000000000, 0.0500000000000000, 0.125000000000000 ) );
#13497 = VECTOR( '', #14741, 39.3700787402000 );
#13498 = CARTESIAN_POINT( '', ( 0.0250000000000000, 0.0500000000000000, 0.117000000000000 ) );
#13499 = VECTOR( '', #14742, 39.3700787402000 );
#13500 = COLOUR_RGB( '', 0.689999997600000, 0.689999997600000, 0.689999997600000 );
#13501 = COLOUR_RGB( '', 0.689999997600000, 0.689999997600000, 0.689999997600000 );
#13502 = CARTESIAN_POINT( '', ( 0.125000000000000, 0.0500000000000000, 0.117000000000000 ) );
#13503 = VECTOR( '', #14743, 39.3700787402000 );
#13504 = COLOUR_RGB( '', 0.689999997600000, 0.689999997600000, 0.689999997600000 );
#13505 = CARTESIAN_POINT( '', ( 0.0655000000000000, 0.455000000000000, 0.0345000000000000 ) );
#13506 = VECTOR( '', #14744, 39.3700787402000 );
#13507 = COLOUR_RGB( '', 0.689999997600000, 0.689999997600000, 0.689999997600000 );
#13508 = CARTESIAN_POINT( '', ( -0.189915186464896, 0.290750070176570, 0.0100823305502554 ) );
#13509 = VECTOR( '', #14745, 39.3700787402000 );
#13510 = COLOUR_RGB( '', 0.689999997600000, 0.689999997600000, 0.689999997600000 );
#13511 = CARTESIAN_POINT( '', ( 0.200000000000000, 0.362000000000000, 0.108897500000000 ) );
#13512 = VECTOR( '', #14746, 39.3700787402000 );
#13513 = CARTESIAN_POINT( '', ( 0.0908697127132573, 0.472267624289142, 0.107318668106769 ) );
#13514 = VECTOR( '', #14747, 39.3700787402000 );
#13515 = COLOUR_RGB( '', 0.689999997600000, 0.689999997600000, 0.689999997600000 );
#13516 = CARTESIAN_POINT( '', ( -0.0875000000000000, 0.255000000000000, 0.0187500000000000 ) );
#13517 = VECTOR( '', #14748, 39.3700787402000 );
#13518 = COLOUR_RGB( '', 0.689999997600000, 0.689999997600000, 0.689999997600000 );
#13519 = CARTESIAN_POINT( '', ( -0.165500000000000, 0.455000000000000, -0.0655000000000000 ) );
#13520 = VECTOR( '', #14749, 39.3700787402000 );
#13521 = COLOUR_RGB( '', 0.689999997600000, 0.689999997600000, 0.689999997600000 );
#13522 = CARTESIAN_POINT( '', ( 0.0871309068475868, 0.479514789994116, -0.0321100368559358 ) );
#13523 = VECTOR( '', #14750, 39.3700787402000 );
#13524 = COLOUR_RGB( '', 0.689999997600000, 0.689999997600000, 0.689999997600000 );
#13525 = CARTESIAN_POINT( '', ( 0.118950000000000, 0.505000000000000, 0.125000000000000 ) );
#13526 = VECTOR( '', #14751, 39.3700787402000 );
#13527 = COLOUR_RGB( '', 0.689999997600000, 0.689999997600000, 0.689999997600000 );
#13528 = CARTESIAN_POINT( '', ( 0.0470000000000000, 0.0750000000000000, 0.245000000000000 ) );
#13529 = VECTOR( '', #14752, 39.3700787402000 );
#13530 = COLOUR_RGB( '', 0.689999997600000, 0.689999997600000, 0.689999997600000 );
#13531 = CARTESIAN_POINT( '', ( -0.0300000000000000, 0.362000000000000, 0.0805000000000000 ) );
#13532 = VECTOR( '', #14753, 39.3700787402000 );
#13533 = CARTESIAN_POINT( '', ( -0.0700000000000000, 0.362000000000000, 0.0805000000000000 ) );
#13534 = VECTOR( '', #14754, 39.3700787402000 );
#13535 = COLOUR_RGB( '', 0.689999997600000, 0.689999997600000, 0.689999997600000 );
#13536 = COLOUR_RGB( '', 0.689999997600000, 0.689999997600000, 0.689999997600000 );
#13537 = COLOUR_RGB( '', 0.689999997600000, 0.689999997600000, 0.689999997600000 );
#13538 = COLOUR_RGB( '', 0.689999997600000, 0.689999997600000, 0.689999997600000 );
#13539 = CARTESIAN_POINT( '', ( -0.0925000000000000, 0.100000000000000, 0.103250000000000 ) );
#13540 = VECTOR( '', #14755, 39.3700787402000 );
#13541 = CARTESIAN_POINT( '', ( -0.00750000000000002, 0.100000000000000, 0.103250000000000 ) );
#13542 = VECTOR( '', #14756, 39.3700787402000 );
#13543 = COLOUR_RGB( '', 0.689999997600000, 0.689999997600000, 0.689999997600000 );
#13544 = CARTESIAN_POINT( '', ( 0.130000000000000, 0.362000000000000, 0.0805000000000000 ) );
#13545 = VECTOR( '', #14757, 39.3700787402000 );
#13546 = COLOUR_RGB( '', 0.689999997600000, 0.689999997600000, 0.689999997600000 );
#13547 = CARTESIAN_POINT( '', ( -0.0700000000000000, 0.362495604379368, 0.0948174598484065 ) );
#13548 = VECTOR( '', #14758, 39.3700787402000 );
#13549 = CARTESIAN_POINT( '', ( -0.0700000000000000, 0.505000000000000, 0.106850000000000 ) );
#13550 = VECTOR( '', #14759, 39.3700787402000 );
#13551 = COLOUR_RGB( '', 0.689999997600000, 0.689999997600000, 0.689999997600000 );
#13552 = COLOUR_RGB( '', 0.689999997600000, 0.689999997600000, 0.689999997600000 );
#13553 = CARTESIAN_POINT( '', ( -0.0650000000000000, 0.285000000000000, 0.0100000000000000 ) );
#13554 = VECTOR( '', #14760, 39.3700787402000 );
#13555 = CARTESIAN_POINT( '', ( -0.118399884008945, 0.380500386636849, 0.0113673918995731 ) );
#13556 = VECTOR( '', #14761, 39.3700787402000 );
#13557 = CARTESIAN_POINT( '', ( 0.0596765242496232, 0.242911585834589, 0.00939737043354071 ) );
#13558 = VECTOR( '', #14762, 39.3700787402000 );
#13559 = COLOUR_RGB( '', 0.689999997600000, 0.689999997600000, 0.689999997600000 );
#13560 = CARTESIAN_POINT( '', ( -0.104000000000000, 0.170000000000000, 0.125000000000000 ) );
#13561 = VECTOR( '', #14763, 39.3700787402000 );
#13562 = CARTESIAN_POINT( '', ( -0.104000000000000, 0.180000000000000, 0.125000000000000 ) );
#13563 = CARTESIAN_POINT( '', ( 0.112500000000000, 0.180000000000000, 0.125000000000000 ) );
#13564 = VECTOR( '', #14764, 39.3700787402000 );
#13565 = CARTESIAN_POINT( '', ( -0.104000000000000, 0.280000000000000, 0.125000000000000 ) );
#13566 = VECTOR( '', #14765, 39.3700787402000 );
#13567 = CARTESIAN_POINT( '', ( 0.125000000000000, 0.0500000000000000, 0.125000000000000 ) );
#13568 = VECTOR( '', #14766, 39.3700787402000 );
#13569 = CARTESIAN_POINT( '', ( 0.112500000000000, 0.260000000000000, 0.125000000000000 ) );
#13570 = VECTOR( '', #14767, 39.3700787402000 );
#13571 = CARTESIAN_POINT( '', ( 0.112500000000000, 0.180000000000000, 0.125000000000000 ) );
#13572 = VECTOR( '', #14768, 39.3700787402000 );
#13573 = CARTESIAN_POINT( '', ( -0.0250000000000000, 0.0500000000000000, 0.125000000000000 ) );
#13574 = CARTESIAN_POINT( '', ( -0.0250000000000000, 0.0500000000000000, 0.125000000000000 ) );
#13575 = VECTOR( '', #14769, 39.3700787402000 );
#13576 = CARTESIAN_POINT( '', ( 0.229000000000000, 0.0500000000000000, 0.125000000000000 ) );
#13577 = VECTOR( '', #14770, 39.3700787402000 );
#13578 = COLOUR_RGB( '', 0.689999997600000, 0.689999997600000, 0.689999997600000 );
#13579 = CARTESIAN_POINT( '', ( -0.0578484005207149, 0.582338664930950, 0.105742650933943 ) );
#13580 = VECTOR( '', #14771, 39.3700787402000 );
#13581 = CARTESIAN_POINT( '', ( -0.000874959238607141, 0.444749864128690, 0.107712672399976 ) );
#13582 = VECTOR( '', #14772, 39.3700787402000 );
#13583 = CARTESIAN_POINT( '', ( -0.0300000000000000, 0.505000000000000, 0.106850000000000 ) );
#13584 = VECTOR( '', #14773, 39.3700787402000 );
#13585 = COLOUR_RGB( '', 0.689999997600000, 0.689999997600000, 0.689999997600000 );
#13586 = CARTESIAN_POINT( '', ( 0.0205000000000000, 0.350000000000000, -0.0952500000000000 ) );
#13587 = VECTOR( '', #14774, 39.3700787402000 );
#13588 = COLOUR_RGB( '', 0.689999997600000, 0.689999997600000, 0.689999997600000 );
#13589 = CARTESIAN_POINT( '', ( -0.0125000000000000, 0.255000000000000, -0.0187500000000000 ) );
#13590 = VECTOR( '', #14775, 39.3700787402000 );
#13591 = CARTESIAN_POINT( '', ( -0.0125000000000000, 0.255000000000000, -0.0982500000000000 ) );
#13592 = VECTOR( '', #14776, 39.3700787402000 );
#13593 = COLOUR_RGB( '', 0.689999997600000, 0.689999997600000, 0.689999997600000 );
#13594 = COLOUR_RGB( '', 0.689999997600000, 0.689999997600000, 0.689999997600000 );
#13595 = CARTESIAN_POINT( '', ( 0.200000000000000, 0.362000000000000, 0.0948346153846154 ) );
#13596 = VECTOR( '', #14777, 39.3700787402000 );
#13597 = CARTESIAN_POINT( '', ( 0.0795000000000000, 0.480000000000000, 0.0907500000000000 ) );
#13598 = VECTOR( '', #14778, 39.3700787402000 );
#13599 = COLOUR_RGB( '', 0.689999997600000, 0.689999997600000, 0.689999997600000 );
#13600 = COLOUR_RGB( '', 0.689999997600000, 0.689999997600000, 0.689999997600000 );
#13601 = COLOUR_RGB( '', 0.689999997600000, 0.689999997600000, 0.689999997600000 );
#13602 = CARTESIAN_POINT( '', ( -0.107500000000000, 0.100000000000000, -0.103250000000000 ) );
#13603 = VECTOR( '', #14779, 39.3700787402000 );
#13604 = COLOUR_RGB( '', 0.689999997600000, 0.689999997600000, 0.689999997600000 );
#13605 = COLOUR_RGB( '', 0.689999997600000, 0.689999997600000, 0.689999997600000 );
#13606 = CARTESIAN_POINT( '', ( -0.118950000000000, 0.505000000000000, 0.0131500000000000 ) );
#13607 = CARTESIAN_POINT( '', ( -0.0320681477022413, 0.215393825674137, 0.00900336614033424 ) );
#13608 = VECTOR( '', #14780, 39.3700787402000 );
#13609 = CARTESIAN_POINT( '', ( -0.118950000000000, 0.505000000000000, 0.125000000000000 ) );
#13610 = VECTOR( '', #14781, 39.3700787402000 );
#13611 = COLOUR_RGB( '', 0.689999997600000, 0.689999997600000, 0.689999997600000 );
#13612 = CARTESIAN_POINT( '', ( 0.130000000000000, 0.361423811704910, -0.0948545603640608 ) );
#13613 = VECTOR( '', #14782, 39.3700787402000 );
#13614 = COLOUR_RGB( '', 0.689999997600000, 0.689999997600000, 0.689999997600000 );
#13615 = CARTESIAN_POINT( '', ( -0.0300000000000000, 0.361423811704910, 0.0948545603640608 ) );
#13616 = VECTOR( '', #14783, 39.3700787402000 );
#13617 = COLOUR_RGB( '', 0.689999997600000, 0.689999997600000, 0.689999997600000 );
#13618 = CARTESIAN_POINT( '', ( 0.134500000000000, 0.505000000000000, 0.0655000000000000 ) );
#13619 = VECTOR( '', #14784, 39.3700787402000 );
#13620 = COLOUR_RGB( '', 0.689999997600000, 0.689999997600000, 0.689999997600000 );
#13621 = COLOUR_RGB( '', 0.689999997600000, 0.689999997600000, 0.689999997600000 );
#13622 = COLOUR_RGB( '', 0.689999997600000, 0.689999997600000, 0.689999997600000 );
#13623 = CARTESIAN_POINT( '', ( 0.112500000000000, 0.235000000000000, 0.150000000000000 ) );
#13624 = VECTOR( '', #14785, 39.3700787402000 );
#13625 = COLOUR_RGB( '', 0.689999997600000, 0.689999997600000, 0.689999997600000 );
#13626 = COLOUR_RGB( '', 0.689999997600000, 0.689999997600000, 0.689999997600000 );
#13627 = CARTESIAN_POINT( '', ( -0.0795000000000000, 0.480000000000000, 0.0907500000000000 ) );
#13628 = VECTOR( '', #14786, 39.3700787402000 );
#13629 = COLOUR_RGB( '', 0.689999997600000, 0.689999997600000, 0.689999997600000 );
#13630 = COLOUR_RGB( '', 0.689999997600000, 0.689999997600000, 0.689999997600000 );
#13631 = CARTESIAN_POINT( '', ( -0.00750000000000002, 0.100000000000000, -0.103250000000000 ) );
#13632 = VECTOR( '', #14787, 39.3700787402000 );
#13633 = COLOUR_RGB( '', 0.689999997600000, 0.689999997600000, 0.689999997600000 );
#13634 = COLOUR_RGB( '', 0.689999997600000, 0.689999997600000, 0.689999997600000 );
#13635 = COLOUR_RGB( '', 0.689999997600000, 0.689999997600000, 0.689999997600000 );
#13636 = COLOUR_RGB( '', 0.689999997600000, 0.689999997600000, 0.689999997600000 );
#13637 = CARTESIAN_POINT( '', ( 0.130000000000000, 0.505000000000000, 0.0805000000000000 ) );
#13638 = CARTESIAN_POINT( '', ( 0.130000000000000, 0.505000000000000, 0.0805000000000000 ) );
#13639 = VECTOR( '', #14788, 39.3700787402000 );
#13640 = CARTESIAN_POINT( '', ( 0.170000000000000, 0.505000000000000, 0.0805000000000000 ) );
#13641 = VECTOR( '', #14789, 39.3700787402000 );
#13642 = COLOUR_RGB( '', 0.689999997600000, 0.689999997600000, 0.689999997600000 );
#13643 = AXIS2_PLACEMENT_3D( '', #14790, #14791, #14792 );
#13644 = COLOUR_RGB( '', 0.689999997600000, 0.689999997600000, 0.689999997600000 );
#13645 = CARTESIAN_POINT( '', ( 0.130000000000000, 0.362000000000000, 0.0805000000000000 ) );
#13646 = VECTOR( '', #14793, 39.3700787402000 );
#13647 = COLOUR_RGB( '', 0.689999997600000, 0.689999997600000, 0.689999997600000 );
#13648 = COLOUR_RGB( '', 0.689999997600000, 0.689999997600000, 0.689999997600000 );
#13649 = COLOUR_RGB( '', 0.689999997600000, 0.689999997600000, 0.689999997600000 );
#13650 = CARTESIAN_POINT( '', ( 0.134500000000000, 0.455000000000000, -0.0345000000000000 ) );
#13651 = VECTOR( '', #14794, 39.3700787402000 );
#13652 = COLOUR_RGB( '', 0.689999997600000, 0.689999997600000, 0.689999997600000 );
#13653 = COLOUR_RGB( '', 0.689999997600000, 0.689999997600000, 0.689999997600000 );
#13654 = COLOUR_RGB( '', 0.689999997600000, 0.689999997600000, 0.689999997600000 );
#13655 = COLOUR_RGB( '', 0.689999997600000, 0.689999997600000, 0.689999997600000 );
#13656 = COLOUR_RGB( '', 0.689999997600000, 0.689999997600000, 0.689999997600000 );
#13657 = COLOUR_RGB( '', 0.689999997600000, 0.689999997600000, 0.689999997600000 );
#13658 = COLOUR_RGB( '', 0.689999997600000, 0.689999997600000, 0.689999997600000 );
#13659 = CARTESIAN_POINT( '', ( 0.120500000000000, 0.350000000000000, 0.0952500000000000 ) );
#13660 = VECTOR( '', #14795, 39.3700787402000 );
#13661 = COLOUR_RGB( '', 0.689999997600000, 0.689999997600000, 0.689999997600000 );
#13662 = CARTESIAN_POINT( '', ( -0.130000000000000, 0.362000000000000, 0.111500000000000 ) );
#13663 = VECTOR( '', #14796, 39.3700787402000 );
#13664 = COLOUR_RGB( '', 0.689999997600000, 0.689999997600000, 0.689999997600000 );
#13665 = COLOUR_RGB( '', 0.689999997600000, 0.689999997600000, 0.689999997600000 );
#13666 = CARTESIAN_POINT( '', ( -0.130000000000000, 0.505000000000000, 0.0131500000000000 ) );
#13667 = VECTOR( '', #14797, 39.3700787402000 );
#13668 = COLOUR_RGB( '', 0.689999997600000, 0.689999997600000, 0.689999997600000 );
#13669 = COLOUR_RGB( '', 0.689999997600000, 0.689999997600000, 0.689999997600000 );
#13670 = COLOUR_RGB( '', 0.689999997600000, 0.689999997600000, 0.689999997600000 );
#13671 = COLOUR_RGB( '', 0.689999997600000, 0.689999997600000, 0.689999997600000 );
#13672 = COLOUR_RGB( '', 0.689999997600000, 0.689999997600000, 0.689999997600000 );
#13673 = COLOUR_RGB( '', 0.689999997600000, 0.689999997600000, 0.689999997600000 );
#13674 = CARTESIAN_POINT( '', ( 0.112500000000000, 0.235000000000000, 0.168000000000000 ) );
#13675 = VECTOR( '', #14798, 39.3700787402000 );
#13676 = COLOUR_RGB( '', 0.689999997600000, 0.689999997600000, 0.689999997600000 );
#13677 = COLOUR_RGB( '', 0.689999997600000, 0.689999997600000, 0.689999997600000 );
#13678 = CARTESIAN_POINT( '', ( -0.0795000000000000, 0.350000000000000, -0.0217500000000000 ) );
#13679 = VECTOR( '', #14799, 39.3700787402000 );
#13680 = COLOUR_RGB( '', 0.689999997600000, 0.689999997600000, 0.689999997600000 );
#13681 = CARTESIAN_POINT( '', ( -0.134500000000000, 0.505000000000000, 0.0655000000000000 ) );
#13682 = VECTOR( '', #14800, 39.3700787402000 );
#13683 = COLOUR_RGB( '', 0.689999997600000, 0.689999997600000, 0.689999997600000 );
#13684 = COLOUR_RGB( '', 0.689999997600000, 0.689999997600000, 0.689999997600000 );
#13685 = COLOUR_RGB( '', 0.689999997600000, 0.689999997600000, 0.689999997600000 );
#13686 = COLOUR_RGB( '', 0.689999997600000, 0.689999997600000, 0.689999997600000 );
#13687 = CARTESIAN_POINT( '', ( 0.200000000000000, 0.505000000000000, 0.0131500000000000 ) );
#13688 = VECTOR( '', #14801, 39.3700787402000 );
#13689 = COLOUR_RGB( '', 0.689999997600000, 0.689999997600000, 0.689999997600000 );
#13690 = CARTESIAN_POINT( '', ( -0.0795000000000000, 0.350000000000000, -0.0952500000000000 ) );
#13691 = VECTOR( '', #14802, 39.3700787402000 );
#13692 = COLOUR_RGB( '', 0.689999997600000, 0.689999997600000, 0.689999997600000 );
#13693 = COLOUR_RGB( '', 0.689999997600000, 0.689999997600000, 0.689999997600000 );
#13694 = COLOUR_RGB( '', 0.689999997600000, 0.689999997600000, 0.689999997600000 );
#13695 = COLOUR_RGB( '', 0.689999997600000, 0.689999997600000, 0.689999997600000 );
#13696 = COLOUR_RGB( '', 0.689999997600000, 0.689999997600000, 0.689999997600000 );
#13697 = COLOUR_RGB( '', 0.689999997600000, 0.689999997600000, 0.689999997600000 );
#13698 = CARTESIAN_POINT( '', ( 0.107500000000000, 0.118700000000000, -0.0137500000000000 ) );
#13699 = VECTOR( '', #14803, 39.3700787402000 );
#13700 = COLOUR_RGB( '', 0.689999997600000, 0.689999997600000, 0.689999997600000 );
#13701 = COLOUR_RGB( '', 0.689999997600000, 0.689999997600000, 0.689999997600000 );
#13702 = COLOUR_RGB( '', 0.689999997600000, 0.689999997600000, 0.689999997600000 );
#13703 = COLOUR_RGB( '', 0.689999997600000, 0.689999997600000, 0.689999997600000 );
#13704 = COLOUR_RGB( '', 0.689999997600000, 0.689999997600000, 0.689999997600000 );
#13705 = COLOUR_RGB( '', 0.689999997600000, 0.689999997600000, 0.689999997600000 );
#13706 = CARTESIAN_POINT( '', ( -0.0250000000000000, 0.0500000000000000, 0.117000000000000 ) );
#13707 = VECTOR( '', #14804, 39.3700787402000 );
#13708 = COLOUR_RGB( '', 0.689999997600000, 0.689999997600000, 0.689999997600000 );
#13709 = COLOUR_RGB( '', 0.689999997600000, 0.689999997600000, 0.689999997600000 );
#13710 = COLOUR_RGB( '', 0.689999997600000, 0.689999997600000, 0.689999997600000 );
#13711 = COLOUR_RGB( '', 0.689999997600000, 0.689999997600000, 0.689999997600000 );
#13712 = COLOUR_RGB( '', 0.689999997600000, 0.689999997600000, 0.689999997600000 );
#13713 = COLOUR_RGB( '', 0.689999997600000, 0.689999997600000, 0.689999997600000 );
#13714 = COLOUR_RGB( '', 0.689999997600000, 0.689999997600000, 0.689999997600000 );
#13715 = COLOUR_RGB( '', 0.689999997600000, 0.689999997600000, 0.689999997600000 );
#13716 = COLOUR_RGB( '', 0.689999997600000, 0.689999997600000, 0.689999997600000 );
#13717 = COLOUR_RGB( '', 0.689999997600000, 0.689999997600000, 0.689999997600000 );
#13718 = COLOUR_RGB( '', 0.689999997600000, 0.689999997600000, 0.689999997600000 );
#13719 = COLOUR_RGB( '', 0.689999997600000, 0.689999997600000, 0.689999997600000 );
#13720 = COLOUR_RGB( '', 0.689999997600000, 0.689999997600000, 0.689999997600000 );
#13721 = COLOUR_RGB( '', 0.689999997600000, 0.689999997600000, 0.689999997600000 );
#13722 = DIRECTION( '', ( 0.000000000000000, -0.000000000000000, -1.00000000000000 ) );
#13723 = DIRECTION( '', ( -0.000000000000000, -1.00000000000000, -0.000000000000000 ) );
#13724 = DIRECTION( '', ( 0.000000000000000, 0.000000000000000, 1.00000000000000 ) );
#13725 = DIRECTION( '', ( 0.000000000000000, -0.999401425440469, 0.0345946647267853 ) );
#13726 = DIRECTION( '', ( -0.000000000000000, -1.00000000000000, -0.000000000000000 ) );
#13727 = DIRECTION( '', ( 0.0147468845127300, -0.999788780524063, 0.0143151575393218 ) );
#13728 = DIRECTION( '', ( -0.000000000000000, -0.000000000000000, -1.00000000000000 ) );
#13729 = DIRECTION( '', ( -0.0147468845127300, 0.999788780524063, 0.0143151575393218 ) );
#13730 = DIRECTION( '', ( -0.000000000000000, -0.000000000000000, -1.00000000000000 ) );
#13731 = DIRECTION( '', ( -1.00000000000000, -0.000000000000000, -0.000000000000000 ) );
#13732 = DIRECTION( '', ( 0.000000000000000, 0.000000000000000, -1.00000000000000 ) );
#13733 = DIRECTION( '', ( -1.00000000000000, -0.000000000000000, -0.000000000000000 ) );
#13734 = DIRECTION( '', ( 0.000000000000000, 0.000000000000000, 1.00000000000000 ) );
#13735 = DIRECTION( '', ( -1.00000000000000, 0.000000000000000, 0.000000000000000 ) );
#13736 = DIRECTION( '', ( 0.000000000000000, 0.000000000000000, -1.00000000000000 ) );
#13737 = DIRECTION( '', ( 1.00000000000000, 0.000000000000000, 0.000000000000000 ) );
#13738 = DIRECTION( '', ( 0.000000000000000, 0.000000000000000, 1.00000000000000 ) );
#13739 = DIRECTION( '', ( 0.000000000000000, 0.000000000000000, 1.00000000000000 ) );
#13740 = DIRECTION( '', ( 0.000000000000000, 1.00000000000000, 0.000000000000000 ) );
#13741 = DIRECTION( '', ( 0.000000000000000, 0.000000000000000, 1.00000000000000 ) );
#13742 = DIRECTION( '', ( 0.000000000000000, 1.00000000000000, 0.000000000000000 ) );
#13743 = DIRECTION( '', ( 0.000000000000000, 0.000000000000000, -1.00000000000000 ) );
#13744 = DIRECTION( '', ( 0.000000000000000, 1.00000000000000, 0.000000000000000 ) );
#13745 = DIRECTION( '', ( 0.000000000000000, 0.000000000000000, -1.00000000000000 ) );
#13746 = DIRECTION( '', ( 0.000000000000000, 0.999897510592982, 0.0143167143562177 ) );
#13747 = DIRECTION( '', ( 0.000000000000000, 0.000000000000000, -1.00000000000000 ) );
#13748 = DIRECTION( '', ( 0.000000000000000, -0.999401425440469, -0.0345946647267854 ) );
#13749 = DIRECTION( '', ( 0.0147468845127300, -0.999788780524063, 0.0143151575393218 ) );
#13750 = DIRECTION( '', ( -0.000000000000000, -0.000000000000000, -1.00000000000000 ) );
#13751 = DIRECTION( '', ( -0.0147468845127300, 0.999788780524063, 0.0143151575393218 ) );
#13752 = DIRECTION( '', ( -0.000000000000000, -0.000000000000000, -1.00000000000000 ) );
#13753 = DIRECTION( '', ( -1.00000000000000, 0.000000000000000, 0.000000000000000 ) );
#13754 = DIRECTION( '', ( 0.000000000000000, -1.00000000000000, 0.000000000000000 ) );
#13755 = DIRECTION( '', ( -1.00000000000000, 0.000000000000000, 0.000000000000000 ) );
#13756 = DIRECTION( '', ( 0.000000000000000, 1.00000000000000, 0.000000000000000 ) );
#13757 = DIRECTION( '', ( 1.00000000000000, 0.000000000000000, 0.000000000000000 ) );
#13758 = DIRECTION( '', ( 0.000000000000000, 1.00000000000000, 0.000000000000000 ) );
#13759 = DIRECTION( '', ( -1.00000000000000, 0.000000000000000, 0.000000000000000 ) );
#13760 = DIRECTION( '', ( 0.000000000000000, 1.00000000000000, 0.000000000000000 ) );
#13761 = DIRECTION( '', ( -1.00000000000000, 0.000000000000000, 0.000000000000000 ) );
#13762 = DIRECTION( '', ( 0.000000000000000, 1.00000000000000, 0.000000000000000 ) );
#13763 = DIRECTION( '', ( -1.00000000000000, 0.000000000000000, 0.000000000000000 ) );
#13764 = DIRECTION( '', ( 0.000000000000000, 1.00000000000000, 0.000000000000000 ) );
#13765 = DIRECTION( '', ( 0.000000000000000, 0.000000000000000, -1.00000000000000 ) );
#13766 = DIRECTION( '', ( 0.000000000000000, 1.00000000000000, 0.000000000000000 ) );
#13767 = DIRECTION( '', ( 0.000000000000000, 0.000000000000000, -1.00000000000000 ) );
#13768 = DIRECTION( '', ( 0.000000000000000, 1.00000000000000, 0.000000000000000 ) );
#13769 = DIRECTION( '', ( 0.000000000000000, 0.000000000000000, 1.00000000000000 ) );
#13770 = DIRECTION( '', ( 0.000000000000000, 1.00000000000000, 0.000000000000000 ) );
#13771 = DIRECTION( '', ( 0.000000000000000, 0.000000000000000, 1.00000000000000 ) );
#13772 = DIRECTION( '', ( 0.000000000000000, 1.00000000000000, 0.000000000000000 ) );
#13773 = DIRECTION( '', ( 0.000000000000000, 0.000000000000000, 1.00000000000000 ) );
#13774 = DIRECTION( '', ( -1.00000000000000, -0.000000000000000, -0.000000000000000 ) );
#13775 = DIRECTION( '', ( 0.000000000000000, 0.000000000000000, 1.00000000000000 ) );
#13776 = DIRECTION( '', ( -1.00000000000000, -0.000000000000000, -0.000000000000000 ) );
#13777 = DIRECTION( '', ( 0.000000000000000, 0.000000000000000, 1.00000000000000 ) );
#13778 = DIRECTION( '', ( -1.00000000000000, 0.000000000000000, 0.000000000000000 ) );
#13779 = DIRECTION( '', ( 0.000000000000000, 0.000000000000000, -1.00000000000000 ) );
#13780 = DIRECTION( '', ( -1.00000000000000, -0.000000000000000, -0.000000000000000 ) );
#13781 = DIRECTION( '', ( 0.000000000000000, 0.000000000000000, 1.00000000000000 ) );
#13782 = DIRECTION( '', ( 0.000000000000000, 0.000000000000000, -1.00000000000000 ) );
#13783 = DIRECTION( '', ( -1.00000000000000, -0.000000000000000, -0.000000000000000 ) );
#13784 = DIRECTION( '', ( 0.000000000000000, 0.000000000000000, 1.00000000000000 ) );
#13785 = DIRECTION( '', ( -1.00000000000000, 0.000000000000000, 0.000000000000000 ) );
#13786 = DIRECTION( '', ( 0.000000000000000, 0.000000000000000, -1.00000000000000 ) );
#13787 = DIRECTION( '', ( -1.00000000000000, -0.000000000000000, -0.000000000000000 ) );
#13788 = DIRECTION( '', ( 0.000000000000000, 0.000000000000000, 1.00000000000000 ) );
#13789 = DIRECTION( '', ( -1.00000000000000, 0.000000000000000, 0.000000000000000 ) );
#13790 = DIRECTION( '', ( -4.26851249010039E-15, 0.000000000000000, -1.00000000000000 ) );
#13791 = DIRECTION( '', ( -1.00000000000000, -0.000000000000000, -0.000000000000000 ) );
#13792 = DIRECTION( '', ( 0.000000000000000, 0.000000000000000, 1.00000000000000 ) );
#13793 = DIRECTION( '', ( -1.00000000000000, -0.000000000000000, -0.000000000000000 ) );
#13794 = DIRECTION( '', ( 0.000000000000000, 0.000000000000000, -1.00000000000000 ) );
#13795 = DIRECTION( '', ( 1.00000000000000, 0.000000000000000, 0.000000000000000 ) );
#13796 = DIRECTION( '', ( 0.000000000000000, 0.000000000000000, 1.00000000000000 ) );
#13797 = DIRECTION( '', ( -1.00000000000000, -0.000000000000000, -0.000000000000000 ) );
#13798 = DIRECTION( '', ( 0.000000000000000, 0.000000000000000, -1.00000000000000 ) );
#13799 = DIRECTION( '', ( 1.00000000000000, 0.000000000000000, 0.000000000000000 ) );
#13800 = DIRECTION( '', ( 0.000000000000000, 0.000000000000000, 1.00000000000000 ) );
#13801 = DIRECTION( '', ( -1.00000000000000, -0.000000000000000, -0.000000000000000 ) );
#13802 = DIRECTION( '', ( -4.26851249010041E-15, 0.000000000000000, -1.00000000000000 ) );
#13803 = DIRECTION( '', ( 1.00000000000000, 0.000000000000000, 0.000000000000000 ) );
#13804 = DIRECTION( '', ( 0.000000000000000, 0.000000000000000, 1.00000000000000 ) );
#13805 = DIRECTION( '', ( -1.00000000000000, -0.000000000000000, -0.000000000000000 ) );
#13806 = DIRECTION( '', ( 0.000000000000000, 0.000000000000000, -1.00000000000000 ) );
#13807 = DIRECTION( '', ( 1.00000000000000, 0.000000000000000, 0.000000000000000 ) );
#13808 = DIRECTION( '', ( 0.000000000000000, 0.000000000000000, 1.00000000000000 ) );
#13809 = DIRECTION( '', ( -1.00000000000000, -0.000000000000000, -0.000000000000000 ) );
#13810 = DIRECTION( '', ( -0.000000000000000, -0.000000000000000, -1.00000000000000 ) );
#13811 = DIRECTION( '', ( -1.00000000000000, -0.000000000000000, -0.000000000000000 ) );
#13812 = DIRECTION( '', ( -0.000000000000000, -0.000000000000000, -1.00000000000000 ) );
#13813 = DIRECTION( '', ( -1.00000000000000, -0.000000000000000, -0.000000000000000 ) );
#13814 = DIRECTION( '', ( 0.000000000000000, 0.000000000000000, -1.00000000000000 ) );
#13815 = DIRECTION( '', ( -1.00000000000000, -0.000000000000000, -0.000000000000000 ) );
#13816 = DIRECTION( '', ( -0.000000000000000, -0.000000000000000, -1.00000000000000 ) );
#13817 = DIRECTION( '', ( -1.00000000000000, -0.000000000000000, -0.000000000000000 ) );
#13818 = DIRECTION( '', ( -0.000000000000000, -0.000000000000000, -1.00000000000000 ) );
#13819 = DIRECTION( '', ( -1.00000000000000, -0.000000000000000, -0.000000000000000 ) );
#13820 = DIRECTION( '', ( 0.000000000000000, 0.000000000000000, 1.00000000000000 ) );
#13821 = DIRECTION( '', ( -1.00000000000000, -0.000000000000000, -0.000000000000000 ) );
#13822 = DIRECTION( '', ( -0.000000000000000, -0.000000000000000, -1.00000000000000 ) );
#13823 = DIRECTION( '', ( -1.00000000000000, -0.000000000000000, -0.000000000000000 ) );
#13824 = DIRECTION( '', ( -0.000000000000000, -0.000000000000000, -1.00000000000000 ) );
#13825 = DIRECTION( '', ( -1.00000000000000, -0.000000000000000, -0.000000000000000 ) );
#13826 = DIRECTION( '', ( -0.000000000000000, -0.000000000000000, -1.00000000000000 ) );
#13827 = DIRECTION( '', ( -1.00000000000000, -0.000000000000000, -0.000000000000000 ) );
#13828 = DIRECTION( '', ( -1.00000000000000, -0.000000000000000, -0.000000000000000 ) );
#13829 = DIRECTION( '', ( 0.000000000000000, 0.000000000000000, -1.00000000000000 ) );
#13830 = DIRECTION( '', ( -1.00000000000000, -0.000000000000000, -0.000000000000000 ) );
#13831 = DIRECTION( '', ( -0.000000000000000, -0.000000000000000, -1.00000000000000 ) );
#13832 = DIRECTION( '', ( -1.00000000000000, -0.000000000000000, -0.000000000000000 ) );
#13833 = DIRECTION( '', ( -0.000000000000000, -0.000000000000000, -1.00000000000000 ) );
#13834 = DIRECTION( '', ( -1.00000000000000, -0.000000000000000, -0.000000000000000 ) );
#13835 = DIRECTION( '', ( 0.000000000000000, 0.000000000000000, 1.00000000000000 ) );
#13836 = DIRECTION( '', ( -1.00000000000000, -0.000000000000000, -0.000000000000000 ) );
#13837 = DIRECTION( '', ( -0.000000000000000, -0.000000000000000, -1.00000000000000 ) );
#13838 = DIRECTION( '', ( -1.00000000000000, -0.000000000000000, -0.000000000000000 ) );
#13839 = DIRECTION( '', ( -0.000000000000000, -0.000000000000000, -1.00000000000000 ) );
#13840 = DIRECTION( '', ( -1.00000000000000, -0.000000000000000, -0.000000000000000 ) );
#13841 = DIRECTION( '', ( 0.000000000000000, 0.000000000000000, -1.00000000000000 ) );
#13842 = DIRECTION( '', ( -1.00000000000000, -0.000000000000000, -0.000000000000000 ) );
#13843 = DIRECTION( '', ( -1.00000000000000, -0.000000000000000, -0.000000000000000 ) );
#13844 = DIRECTION( '', ( -0.000000000000000, -0.000000000000000, -1.00000000000000 ) );
#13845 = DIRECTION( '', ( -1.00000000000000, -0.000000000000000, -0.000000000000000 ) );
#13846 = DIRECTION( '', ( 0.000000000000000, 0.000000000000000, 1.00000000000000 ) );
#13847 = DIRECTION( '', ( -1.00000000000000, -0.000000000000000, -0.000000000000000 ) );
#13848 = DIRECTION( '', ( -0.000000000000000, -0.000000000000000, -1.00000000000000 ) );
#13849 = DIRECTION( '', ( -1.00000000000000, -0.000000000000000, -0.000000000000000 ) );
#13850 = DIRECTION( '', ( -0.000000000000000, -0.000000000000000, -1.00000000000000 ) );
#13851 = DIRECTION( '', ( -1.00000000000000, -0.000000000000000, -0.000000000000000 ) );
#13852 = DIRECTION( '', ( -0.000000000000000, -0.000000000000000, -1.00000000000000 ) );
#13853 = DIRECTION( '', ( -1.00000000000000, -0.000000000000000, -0.000000000000000 ) );
#13854 = DIRECTION( '', ( -0.000000000000000, -0.000000000000000, -1.00000000000000 ) );
#13855 = DIRECTION( '', ( -1.00000000000000, -0.000000000000000, -0.000000000000000 ) );
#13856 = DIRECTION( '', ( 0.000000000000000, 0.000000000000000, -1.00000000000000 ) );
#13857 = DIRECTION( '', ( -1.00000000000000, -0.000000000000000, -0.000000000000000 ) );
#13858 = DIRECTION( '', ( -0.000000000000000, -0.000000000000000, -1.00000000000000 ) );
#13859 = DIRECTION( '', ( -1.00000000000000, -0.000000000000000, -0.000000000000000 ) );
#13860 = DIRECTION( '', ( -0.000000000000000, -0.000000000000000, -1.00000000000000 ) );
#13861 = DIRECTION( '', ( -1.00000000000000, -0.000000000000000, -0.000000000000000 ) );
#13862 = DIRECTION( '', ( 1.00000000000000, 0.000000000000000, 0.000000000000000 ) );
#13863 = DIRECTION( '', ( 0.000000000000000, 0.000000000000000, 1.00000000000000 ) );
#13864 = DIRECTION( '', ( -1.00000000000000, -0.000000000000000, -0.000000000000000 ) );
#13865 = DIRECTION( '', ( 0.000000000000000, 0.000000000000000, -1.00000000000000 ) );
#13866 = DIRECTION( '', ( 0.000000000000000, 0.000000000000000, -1.00000000000000 ) );
#13867 = DIRECTION( '', ( 0.000000000000000, 1.00000000000000, 0.000000000000000 ) );
#13868 = DIRECTION( '', ( 0.000000000000000, 1.00000000000000, 0.000000000000000 ) );
#13869 = DIRECTION( '', ( 0.287320866769812, -0.957736222566041, 0.0137130413685592 ) );
#13870 = DIRECTION( '', ( -0.287320866769812, 0.957736222566041, 0.0137130413685592 ) );
#13871 = DIRECTION( '', ( 0.000000000000000, 0.000000000000000, 1.00000000000000 ) );
#13872 = DIRECTION( '', ( 0.000000000000000, 0.000000000000000, 1.00000000000000 ) );
#13873 = DIRECTION( '', ( -1.00000000000000, 0.000000000000000, 0.000000000000000 ) );
#13874 = DIRECTION( '', ( 0.000000000000000, 0.000000000000000, -1.00000000000000 ) );
#13875 = DIRECTION( '', ( -1.00000000000000, -0.000000000000000, -0.000000000000000 ) );
#13876 = DIRECTION( '', ( 0.000000000000000, 1.00000000000000, 0.000000000000000 ) );
#13877 = DIRECTION( '', ( 0.000000000000000, 0.000000000000000, 1.00000000000000 ) );
#13878 = DIRECTION( '', ( 0.000000000000000, 1.00000000000000, 0.000000000000000 ) );
#13879 = DIRECTION( '', ( 0.000000000000000, 0.000000000000000, -1.00000000000000 ) );
#13880 = DIRECTION( '', ( -0.000000000000000, -1.00000000000000, -0.000000000000000 ) );
#13881 = DIRECTION( '', ( 0.000000000000000, 0.000000000000000, -1.00000000000000 ) );
#13882 = DIRECTION( '', ( -0.000000000000000, -1.00000000000000, -0.000000000000000 ) );
#13883 = DIRECTION( '', ( -0.000000000000000, -0.000000000000000, -1.00000000000000 ) );
#13884 = DIRECTION( '', ( 0.287187282104694, 0.957290940348981, 0.0334293362644652 ) );
#13885 = DIRECTION( '', ( 0.275767066154022, 0.919223553846744, 0.281034843530417 ) );
#13886 = DIRECTION( '', ( 0.000000000000000, 0.000000000000000, -1.00000000000000 ) );
#13887 = DIRECTION( '', ( -0.287320866769811, -0.957736222566041, -0.0137130413685592 ) );
#13888 = DIRECTION( '', ( 1.00000000000000, 0.000000000000000, 0.000000000000000 ) );
#13889 = DIRECTION( '', ( -0.000000000000000, -1.00000000000000, -0.000000000000000 ) );
#13890 = DIRECTION( '', ( 1.00000000000000, 0.000000000000000, 0.000000000000000 ) );
#13891 = DIRECTION( '', ( -0.000000000000000, -1.00000000000000, -0.000000000000000 ) );
#13892 = DIRECTION( '', ( 0.000000000000000, 1.00000000000000, 0.000000000000000 ) );
#13893 = DIRECTION( '', ( 0.000000000000000, 0.000000000000000, 1.00000000000000 ) );
#13894 = DIRECTION( '', ( 0.000000000000000, 0.342020143325669, 0.939692620785908 ) );
#13895 = DIRECTION( '', ( 0.000000000000000, -1.00000000000000, 0.000000000000000 ) );
#13896 = DIRECTION( '', ( 0.000000000000000, -0.829037572555042, -0.559192903470747 ) );
#13897 = DIRECTION( '', ( 0.000000000000000, 0.000000000000000, -1.00000000000000 ) );
#13898 = DIRECTION( '', ( -1.00000000000000, 0.000000000000000, 0.000000000000000 ) );
#13899 = DIRECTION( '', ( -0.000000000000000, -1.00000000000000, -0.000000000000000 ) );
#13900 = DIRECTION( '', ( 1.00000000000000, 0.000000000000000, 0.000000000000000 ) );
#13901 = DIRECTION( '', ( -0.000000000000000, -1.00000000000000, -0.000000000000000 ) );
#13902 = DIRECTION( '', ( 0.0147394133665747, 0.999282262140650, 0.0348957055334059 ) );
#13903 = DIRECTION( '', ( -0.0147468845127300, -0.999788780524063, -0.0143151575393218 ) );
#13904 = DIRECTION( '', ( 1.00000000000000, 0.000000000000000, 0.000000000000000 ) );
#13905 = DIRECTION( '', ( -0.000000000000000, -1.00000000000000, -0.000000000000000 ) );
#13906 = DIRECTION( '', ( -1.00000000000000, 0.000000000000000, 0.000000000000000 ) );
#13907 = DIRECTION( '', ( -0.000000000000000, -1.00000000000000, -0.000000000000000 ) );
#13908 = DIRECTION( '', ( -1.00000000000000, -0.000000000000000, -0.000000000000000 ) );
#13909 = DIRECTION( '', ( 0.275767066154022, -0.919223553846744, -0.281034843530417 ) );
#13910 = DIRECTION( '', ( -1.00000000000000, -0.000000000000000, -0.000000000000000 ) );
#13911 = DIRECTION( '', ( 0.000000000000000, 0.000000000000000, -1.00000000000000 ) );
#13912 = DIRECTION( '', ( 0.000000000000000, 1.00000000000000, 0.000000000000000 ) );
#13913 = DIRECTION( '', ( 0.000000000000000, 0.000000000000000, -1.00000000000000 ) );
#13914 = DIRECTION( '', ( 0.000000000000000, 1.00000000000000, 0.000000000000000 ) );
#13915 = DIRECTION( '', ( 0.000000000000000, 0.000000000000000, 1.00000000000000 ) );
#13916 = DIRECTION( '', ( 0.000000000000000, 1.00000000000000, 0.000000000000000 ) );
#13917 = DIRECTION( '', ( 0.000000000000000, 0.000000000000000, 1.00000000000000 ) );
#13918 = DIRECTION( '', ( 0.000000000000000, 1.00000000000000, 0.000000000000000 ) );
#13919 = DIRECTION( '', ( -1.00000000000000, 0.000000000000000, 0.000000000000000 ) );
#13920 = DIRECTION( '', ( 0.000000000000000, 1.00000000000000, 0.000000000000000 ) );
#13921 = DIRECTION( '', ( -1.00000000000000, 0.000000000000000, 0.000000000000000 ) );
#13922 = DIRECTION( '', ( 0.000000000000000, 1.00000000000000, 0.000000000000000 ) );
#13923 = DIRECTION( '', ( 0.000000000000000, 1.00000000000000, 0.000000000000000 ) );
#13924 = DIRECTION( '', ( -1.00000000000000, 0.000000000000000, 0.000000000000000 ) );
#13925 = DIRECTION( '', ( 0.000000000000000, 1.00000000000000, 0.000000000000000 ) );
#13926 = DIRECTION( '', ( -1.00000000000000, 0.000000000000000, 0.000000000000000 ) );
#13927 = DIRECTION( '', ( 0.000000000000000, 0.000000000000000, -1.00000000000000 ) );
#13928 = DIRECTION( '', ( 0.000000000000000, 0.000000000000000, 1.00000000000000 ) );
#13929 = DIRECTION( '', ( 1.00000000000000, 0.000000000000000, 0.000000000000000 ) );
#13930 = DIRECTION( '', ( 0.000000000000000, -0.000000000000000, -1.00000000000000 ) );
#13931 = DIRECTION( '', ( -1.00000000000000, 0.000000000000000, 0.000000000000000 ) );
#13932 = DIRECTION( '', ( 0.000000000000000, 0.000000000000000, 1.00000000000000 ) );
#13933 = DIRECTION( '', ( -1.00000000000000, 0.000000000000000, 0.000000000000000 ) );
#13934 = DIRECTION( '', ( 0.000000000000000, 0.000000000000000, -1.00000000000000 ) );
#13935 = DIRECTION( '', ( 1.00000000000000, 0.000000000000000, 0.000000000000000 ) );
#13936 = DIRECTION( '', ( 0.000000000000000, 0.000000000000000, 1.00000000000000 ) );
#13937 = DIRECTION( '', ( 1.00000000000000, 0.000000000000000, 0.000000000000000 ) );
#13938 = DIRECTION( '', ( 0.000000000000000, -0.000000000000000, -1.00000000000000 ) );
#13939 = DIRECTION( '', ( -1.00000000000000, 0.000000000000000, 0.000000000000000 ) );
#13940 = DIRECTION( '', ( 0.000000000000000, 0.000000000000000, 1.00000000000000 ) );
#13941 = DIRECTION( '', ( 0.000000000000000, 1.00000000000000, 0.000000000000000 ) );
#13942 = DIRECTION( '', ( 1.00000000000000, 0.000000000000000, 0.000000000000000 ) );
#13943 = DIRECTION( '', ( 0.000000000000000, 1.00000000000000, 0.000000000000000 ) );
#13944 = DIRECTION( '', ( -0.000000000000000, -0.000000000000000, -1.00000000000000 ) );
#13945 = DIRECTION( '', ( -0.0147394133665746, -0.999282262140650, 0.0348957055334059 ) );
#13946 = DIRECTION( '', ( 0.0147468845127299, 0.999788780524063, -0.0143151575393218 ) );
#13947 = DIRECTION( '', ( -0.000000000000000, -0.000000000000000, -1.00000000000000 ) );
#13948 = DIRECTION( '', ( -0.287187282104694, 0.957290940348981, -0.0334293362644652 ) );
#13949 = DIRECTION( '', ( -0.275767066154022, 0.919223553846744, -0.281034843530416 ) );
#13950 = DIRECTION( '', ( 0.000000000000000, 0.000000000000000, 1.00000000000000 ) );
#13951 = DIRECTION( '', ( 0.287320866769811, -0.957736222566041, 0.0137130413685592 ) );
#13952 = DIRECTION( '', ( -0.000000000000000, 0.999897510592982, 0.0143167143562177 ) );
#13953 = DIRECTION( '', ( -0.0147468845127299, -0.999788780524063, -0.0143151575393218 ) );
#13954 = DIRECTION( '', ( -0.287320866769812, -0.957736222566040, -0.0137130413685592 ) );
#13955 = DIRECTION( '', ( -1.00000000000000, -0.000000000000000, -0.000000000000000 ) );
#13956 = DIRECTION( '', ( -0.287320866769812, 0.957736222566040, 0.0137130413685592 ) );
#13957 = DIRECTION( '', ( -0.0147468845127299, 0.999788780524063, 0.0143151575393218 ) );
#13958 = DIRECTION( '', ( 0.000000000000000, -0.999897510592982, -0.0143167143562177 ) );
#13959 = DIRECTION( '', ( -1.00000000000000, 0.000000000000000, 0.000000000000000 ) );
#13960 = DIRECTION( '', ( 0.000000000000000, 0.000000000000000, -1.00000000000000 ) );
#13961 = DIRECTION( '', ( -0.000000000000000, -1.00000000000000, -0.000000000000000 ) );
#13962 = DIRECTION( '', ( 0.000000000000000, 0.000000000000000, -1.00000000000000 ) );
#13963 = DIRECTION( '', ( -0.000000000000000, -1.00000000000000, -0.000000000000000 ) );
#13964 = DIRECTION( '', ( 0.000000000000000, 0.000000000000000, 1.00000000000000 ) );
#13965 = DIRECTION( '', ( -0.000000000000000, -1.00000000000000, -0.000000000000000 ) );
#13966 = DIRECTION( '', ( 0.000000000000000, 0.000000000000000, 1.00000000000000 ) );
#13967 = DIRECTION( '', ( -0.000000000000000, -1.00000000000000, -0.000000000000000 ) );
#13968 = DIRECTION( '', ( -1.00000000000000, 0.000000000000000, 0.000000000000000 ) );
#13969 = DIRECTION( '', ( 0.000000000000000, 1.00000000000000, 0.000000000000000 ) );
#13970 = DIRECTION( '', ( -1.00000000000000, 0.000000000000000, 0.000000000000000 ) );
#13971 = DIRECTION( '', ( 0.000000000000000, 1.00000000000000, 0.000000000000000 ) );
#13972 = DIRECTION( '', ( 1.00000000000000, 0.000000000000000, 0.000000000000000 ) );
#13973 = DIRECTION( '', ( -0.000000000000000, -1.00000000000000, -0.000000000000000 ) );
#13974 = DIRECTION( '', ( 1.00000000000000, 0.000000000000000, 0.000000000000000 ) );
#13975 = DIRECTION( '', ( -0.000000000000000, -1.00000000000000, -0.000000000000000 ) );
#13976 = DIRECTION( '', ( 0.000000000000000, -1.00000000000000, 0.000000000000000 ) );
#13977 = DIRECTION( '', ( -1.00000000000000, -0.000000000000000, -0.000000000000000 ) );
#13978 = DIRECTION( '', ( 0.000000000000000, -1.00000000000000, 0.000000000000000 ) );
#13979 = DIRECTION( '', ( -1.00000000000000, -0.000000000000000, -0.000000000000000 ) );
#13980 = DIRECTION( '', ( -0.000000000000000, 0.000000000000000, 1.00000000000000 ) );
#13981 = DIRECTION( '', ( 0.000000000000000, -1.00000000000000, 0.000000000000000 ) );
#13982 = DIRECTION( '', ( 0.000000000000000, 0.000000000000000, 1.00000000000000 ) );
#13983 = DIRECTION( '', ( -0.000000000000000, -1.00000000000000, -0.000000000000000 ) );
#13984 = DIRECTION( '', ( 0.000000000000000, 0.000000000000000, -1.00000000000000 ) );
#13985 = DIRECTION( '', ( 0.000000000000000, 1.00000000000000, 0.000000000000000 ) );
#13986 = DIRECTION( '', ( 0.000000000000000, 0.000000000000000, -1.00000000000000 ) );
#13987 = DIRECTION( '', ( 0.000000000000000, 1.00000000000000, 0.000000000000000 ) );
#13988 = DIRECTION( '', ( 0.000000000000000, 0.000000000000000, 1.00000000000000 ) );
#13989 = DIRECTION( '', ( 0.000000000000000, 1.00000000000000, 0.000000000000000 ) );
#13990 = DIRECTION( '', ( 1.00000000000000, 0.000000000000000, -0.000000000000000 ) );
#13991 = DIRECTION( '', ( 1.00000000000000, 0.000000000000000, 0.000000000000000 ) );
#13992 = DIRECTION( '', ( 0.000000000000000, 1.00000000000000, 0.000000000000000 ) );
#13993 = DIRECTION( '', ( 1.00000000000000, 0.000000000000000, -0.000000000000000 ) );
#13994 = DIRECTION( '', ( 0.000000000000000, 1.00000000000000, 0.000000000000000 ) );
#13995 = DIRECTION( '', ( 1.00000000000000, 0.000000000000000, 0.000000000000000 ) );
#13996 = DIRECTION( '', ( 0.000000000000000, 1.00000000000000, 0.000000000000000 ) );
#13997 = DIRECTION( '', ( 0.000000000000000, 0.829037572555042, 0.559192903470747 ) );
#13998 = DIRECTION( '', ( 0.000000000000000, 1.00000000000000, -0.000000000000000 ) );
#13999 = DIRECTION( '', ( 0.000000000000000, -0.342020143325669, -0.939692620785908 ) );
#14000 = DIRECTION( '', ( 0.000000000000000, 0.000000000000000, -1.00000000000000 ) );
#14001 = DIRECTION( '', ( 0.000000000000000, 1.00000000000000, 0.000000000000000 ) );
#14002 = DIRECTION( '', ( 0.000000000000000, 0.000000000000000, 1.00000000000000 ) );
#14003 = DIRECTION( '', ( 0.000000000000000, 0.000000000000000, 1.00000000000000 ) );
#14004 = DIRECTION( '', ( -0.000000000000000, -1.00000000000000, -0.000000000000000 ) );
#14005 = DIRECTION( '', ( 0.000000000000000, 0.000000000000000, 1.00000000000000 ) );
#14006 = DIRECTION( '', ( -0.000000000000000, -1.00000000000000, -0.000000000000000 ) );
#14007 = DIRECTION( '', ( -1.00000000000000, 0.000000000000000, 0.000000000000000 ) );
#14008 = DIRECTION( '', ( 0.000000000000000, 0.000000000000000, 1.00000000000000 ) );
#14009 = DIRECTION( '', ( -1.00000000000000, -0.000000000000000, -0.000000000000000 ) );
#14010 = DIRECTION( '', ( -1.00000000000000, 0.000000000000000, 0.000000000000000 ) );
#14011 = DIRECTION( '', ( 0.000000000000000, 0.000000000000000, -1.00000000000000 ) );
#14012 = DIRECTION( '', ( -1.00000000000000, -0.000000000000000, -0.000000000000000 ) );
#14013 = DIRECTION( '', ( 0.000000000000000, 0.000000000000000, 1.00000000000000 ) );
#14014 = DIRECTION( '', ( -1.00000000000000, 0.000000000000000, 0.000000000000000 ) );
#14015 = DIRECTION( '', ( -1.00000000000000, -0.000000000000000, -0.000000000000000 ) );
#14016 = DIRECTION( '', ( 0.000000000000000, -0.999897510592982, 0.0143167143562177 ) );
#14017 = DIRECTION( '', ( 1.00000000000000, 0.000000000000000, 0.000000000000000 ) );
#14018 = DIRECTION( '', ( 0.000000000000000, 0.999897510592982, -0.0143167143562177 ) );
#14019 = DIRECTION( '', ( -1.00000000000000, -0.000000000000000, -0.000000000000000 ) );
#14020 = DIRECTION( '', ( 0.287320866769811, 0.957736222566041, -0.0137130413685592 ) );
#14021 = DIRECTION( '', ( 0.0147468845127300, 0.999788780524063, -0.0143151575393218 ) );
#14022 = DIRECTION( '', ( 0.000000000000000, 1.00000000000000, 0.000000000000000 ) );
#14023 = DIRECTION( '', ( -1.00000000000000, 0.000000000000000, 0.000000000000000 ) );
#14024 = DIRECTION( '', ( 0.000000000000000, 1.00000000000000, 0.000000000000000 ) );
#14025 = DIRECTION( '', ( 0.000000000000000, -0.999897510592982, 0.0143167143562177 ) );
#14026 = DIRECTION( '', ( 1.00000000000000, 0.000000000000000, 0.000000000000000 ) );
#14027 = DIRECTION( '', ( 0.000000000000000, 0.999897510592982, -0.0143167143562177 ) );
#14028 = DIRECTION( '', ( 0.0147468845127299, -0.999788780524063, 0.0143151575393218 ) );
#14029 = DIRECTION( '', ( 0.287320866769812, -0.957736222566040, 0.0137130413685592 ) );
#14030 = DIRECTION( '', ( -1.00000000000000, -0.000000000000000, -0.000000000000000 ) );
#14031 = DIRECTION( '', ( 0.287320866769812, 0.957736222566040, -0.0137130413685592 ) );
#14032 = DIRECTION( '', ( 1.00000000000000, 0.000000000000000, 0.000000000000000 ) );
#14033 = DIRECTION( '', ( -0.000000000000000, -1.00000000000000, -0.000000000000000 ) );
#14034 = DIRECTION( '', ( 1.00000000000000, 0.000000000000000, 0.000000000000000 ) );
#14035 = DIRECTION( '', ( -1.00000000000000, -0.000000000000000, -0.000000000000000 ) );
#14036 = DIRECTION( '', ( -1.00000000000000, -0.000000000000000, -0.000000000000000 ) );
#14037 = DIRECTION( '', ( 0.000000000000000, 0.000000000000000, -1.00000000000000 ) );
#14038 = DIRECTION( '', ( -1.00000000000000, 0.000000000000000, 0.000000000000000 ) );
#14039 = DIRECTION( '', ( 0.000000000000000, 0.000000000000000, 1.00000000000000 ) );
#14040 = DIRECTION( '', ( -1.00000000000000, 0.000000000000000, 0.000000000000000 ) );
#14041 = DIRECTION( '', ( 0.000000000000000, 0.000000000000000, -1.00000000000000 ) );
#14042 = DIRECTION( '', ( 1.00000000000000, 0.000000000000000, 0.000000000000000 ) );
#14043 = DIRECTION( '', ( 0.000000000000000, 0.000000000000000, 1.00000000000000 ) );
#14044 = DIRECTION( '', ( -1.00000000000000, 0.000000000000000, 0.000000000000000 ) );
#14045 = DIRECTION( '', ( 0.000000000000000, 0.000000000000000, -1.00000000000000 ) );
#14046 = DIRECTION( '', ( 1.00000000000000, 0.000000000000000, 0.000000000000000 ) );
#14047 = DIRECTION( '', ( 0.000000000000000, 0.000000000000000, 1.00000000000000 ) );
#14048 = DIRECTION( '', ( 1.00000000000000, 0.000000000000000, 0.000000000000000 ) );
#14049 = DIRECTION( '', ( -1.00000000000000, 0.000000000000000, 0.000000000000000 ) );
#14050 = DIRECTION( '', ( 0.000000000000000, 0.000000000000000, 1.00000000000000 ) );
#14051 = DIRECTION( '', ( 0.000000000000000, 0.000000000000000, -1.00000000000000 ) );
#14052 = DIRECTION( '', ( -1.00000000000000, 0.000000000000000, 0.000000000000000 ) );
#14053 = DIRECTION( '', ( 0.000000000000000, 0.000000000000000, 1.00000000000000 ) );
#14054 = DIRECTION( '', ( 1.00000000000000, 0.000000000000000, 0.000000000000000 ) );
#14055 = DIRECTION( '', ( -0.000000000000000, -1.00000000000000, -0.000000000000000 ) );
#14056 = DIRECTION( '', ( -1.00000000000000, 0.000000000000000, 0.000000000000000 ) );
#14057 = DIRECTION( '', ( -0.000000000000000, -1.00000000000000, -0.000000000000000 ) );
#14058 = DIRECTION( '', ( -1.00000000000000, -0.000000000000000, -0.000000000000000 ) );
#14059 = CARTESIAN_POINT( '', ( -0.0415000000000000, 0.260000000000000, 0.150000000000000 ) );
#14060 = DIRECTION( '', ( -1.00000000000000, 0.000000000000000, 0.000000000000000 ) );
#14061 = DIRECTION( '', ( 0.000000000000000, 0.000000000000000, 1.00000000000000 ) );
#14062 = DIRECTION( '', ( -1.00000000000000, -0.000000000000000, -0.000000000000000 ) );
#14063 = CARTESIAN_POINT( '', ( -0.104000000000000, 0.260000000000000, 0.150000000000000 ) );
#14064 = DIRECTION( '', ( -0.707106781186548, -0.707106781186548, 0.000000000000000 ) );
#14065 = DIRECTION( '', ( 0.707106781186548, -0.707106781186548, 0.000000000000000 ) );
#14066 = DIRECTION( '', ( 0.000000000000000, 0.000000000000000, 1.00000000000000 ) );
#14067 = DIRECTION( '', ( 0.000000000000000, 0.999401425440469, 0.0345946647267854 ) );
#14068 = DIRECTION( '', ( 0.000000000000000, 0.000000000000000, 1.00000000000000 ) );
#14069 = DIRECTION( '', ( 0.000000000000000, -0.999897510592982, -0.0143167143562177 ) );
#14070 = DIRECTION( '', ( 0.000000000000000, 0.000000000000000, -1.00000000000000 ) );
#14071 = DIRECTION( '', ( 0.000000000000000, 1.00000000000000, 0.000000000000000 ) );
#14072 = DIRECTION( '', ( -0.275767066154023, -0.919223553846743, 0.281034843530416 ) );
#14073 = DIRECTION( '', ( -0.287187282104694, -0.957290940348981, 0.0334293362644652 ) );
#14074 = DIRECTION( '', ( 0.000000000000000, 0.000000000000000, -1.00000000000000 ) );
#14075 = DIRECTION( '', ( 0.000000000000000, -0.999401425440469, 0.0345946647267853 ) );
#14076 = DIRECTION( '', ( -1.00000000000000, 0.000000000000000, 0.000000000000000 ) );
#14077 = DIRECTION( '', ( 0.000000000000000, 0.999401425440469, -0.0345946647267853 ) );
#14078 = DIRECTION( '', ( -1.00000000000000, -0.000000000000000, -0.000000000000000 ) );
#14079 = DIRECTION( '', ( 0.000000000000000, -0.999401425440469, 0.0345946647267853 ) );
#14080 = DIRECTION( '', ( 1.00000000000000, 0.000000000000000, 0.000000000000000 ) );
#14081 = DIRECTION( '', ( -1.00000000000000, -0.000000000000000, -0.000000000000000 ) );
#14082 = DIRECTION( '', ( -1.00000000000000, 0.000000000000000, 0.000000000000000 ) );
#14083 = DIRECTION( '', ( -0.000000000000000, -1.00000000000000, -0.000000000000000 ) );
#14084 = DIRECTION( '', ( 0.0147468845127300, -0.999788780524063, 0.0143151575393218 ) );
#14085 = DIRECTION( '', ( -0.0147468845127300, 0.999788780524063, 0.0143151575393218 ) );
#14086 = DIRECTION( '', ( -0.000000000000000, -0.000000000000000, -1.00000000000000 ) );
#14087 = DIRECTION( '', ( -0.000000000000000, -1.00000000000000, -0.000000000000000 ) );
#14088 = CARTESIAN_POINT( '', ( 0.104000000000000, 0.180000000000000, 0.150000000000000 ) );
#14089 = DIRECTION( '', ( -0.707106781186548, -0.707106781186548, 0.000000000000000 ) );
#14090 = DIRECTION( '', ( 0.707106781186547, -0.707106781186547, 0.000000000000000 ) );
#14091 = DIRECTION( '', ( -0.000000000000000, -1.00000000000000, -0.000000000000000 ) );
#14092 = CARTESIAN_POINT( '', ( 0.104000000000000, 0.260000000000000, 0.150000000000000 ) );
#14093 = DIRECTION( '', ( 0.707106781186548, -0.707106781186548, 0.000000000000000 ) );
#14094 = DIRECTION( '', ( -0.707106781186547, -0.707106781186547, -0.000000000000000 ) );
#14095 = DIRECTION( '', ( 0.000000000000000, 1.00000000000000, 0.000000000000000 ) );
#14096 = DIRECTION( '', ( 0.000000000000000, 1.00000000000000, 0.000000000000000 ) );
#14097 = DIRECTION( '', ( -1.00000000000000, 0.000000000000000, 0.000000000000000 ) );
#14098 = DIRECTION( '', ( 0.000000000000000, -1.00000000000000, 0.000000000000000 ) );
#14099 = DIRECTION( '', ( 1.00000000000000, 0.000000000000000, -0.000000000000000 ) );
#14100 = DIRECTION( '', ( 0.000000000000000, 1.00000000000000, 0.000000000000000 ) );
#14101 = DIRECTION( '', ( 1.00000000000000, 0.000000000000000, 0.000000000000000 ) );
#14102 = DIRECTION( '', ( 0.000000000000000, 1.00000000000000, 0.000000000000000 ) );
#14103 = DIRECTION( '', ( -0.000000000000000, -0.000000000000000, -1.00000000000000 ) );
#14104 = DIRECTION( '', ( -0.287187282104694, 0.957290940348981, -0.0334293362644652 ) );
#14105 = DIRECTION( '', ( -0.275767066154022, 0.919223553846744, -0.281034843530416 ) );
#14106 = DIRECTION( '', ( 0.000000000000000, 0.000000000000000, 1.00000000000000 ) );
#14107 = DIRECTION( '', ( 0.287320866769811, -0.957736222566041, 0.0137130413685592 ) );
#14108 = DIRECTION( '', ( 1.00000000000000, 0.000000000000000, 0.000000000000000 ) );
#14109 = DIRECTION( '', ( -0.000000000000000, -1.00000000000000, -0.000000000000000 ) );
#14110 = DIRECTION( '', ( -0.000000000000000, -1.00000000000000, -0.000000000000000 ) );
#14111 = DIRECTION( '', ( 0.000000000000000, 0.000000000000000, 1.00000000000000 ) );
#14112 = DIRECTION( '', ( 0.000000000000000, 1.00000000000000, 0.000000000000000 ) );
#14113 = DIRECTION( '', ( 0.000000000000000, 0.000000000000000, 1.00000000000000 ) );
#14114 = DIRECTION( '', ( 0.000000000000000, 1.00000000000000, 0.000000000000000 ) );
#14115 = DIRECTION( '', ( -0.000000000000000, 4.97302426031116E-16, 1.00000000000000 ) );
#14116 = DIRECTION( '', ( 0.000000000000000, 0.000000000000000, 1.00000000000000 ) );
#14117 = DIRECTION( '', ( -0.000000000000000, -1.00000000000000, -0.000000000000000 ) );
#14118 = DIRECTION( '', ( 0.000000000000000, 1.00000000000000, 0.000000000000000 ) );
#14119 = DIRECTION( '', ( 0.000000000000000, 0.000000000000000, -1.00000000000000 ) );
#14120 = DIRECTION( '', ( 0.000000000000000, 0.000000000000000, -1.00000000000000 ) );
#14121 = DIRECTION( '', ( -0.000000000000000, -1.00000000000000, -0.000000000000000 ) );
#14122 = DIRECTION( '', ( 0.000000000000000, 0.000000000000000, -1.00000000000000 ) );
#14123 = DIRECTION( '', ( -0.000000000000000, -1.00000000000000, -0.000000000000000 ) );
#14124 = DIRECTION( '', ( 0.000000000000000, 0.000000000000000, 1.00000000000000 ) );
#14125 = DIRECTION( '', ( 1.00000000000000, 0.000000000000000, -0.000000000000000 ) );
#14126 = DIRECTION( '', ( 0.000000000000000, 0.000000000000000, -1.00000000000000 ) );
#14127 = DIRECTION( '', ( -1.00000000000000, 0.000000000000000, 0.000000000000000 ) );
#14128 = DIRECTION( '', ( -1.00000000000000, 0.000000000000000, 0.000000000000000 ) );
#14129 = DIRECTION( '', ( 1.00000000000000, 0.000000000000000, 0.000000000000000 ) );
#14130 = DIRECTION( '', ( 0.000000000000000, 0.000000000000000, 1.00000000000000 ) );
#14131 = DIRECTION( '', ( 1.00000000000000, 0.000000000000000, 0.000000000000000 ) );
#14132 = DIRECTION( '', ( 0.000000000000000, -0.000000000000000, -1.00000000000000 ) );
#14133 = DIRECTION( '', ( -1.00000000000000, 0.000000000000000, 0.000000000000000 ) );
#14134 = DIRECTION( '', ( 0.000000000000000, 0.000000000000000, 1.00000000000000 ) );
#14135 = DIRECTION( '', ( -1.00000000000000, -0.000000000000000, -0.000000000000000 ) );
#14136 = DIRECTION( '', ( -1.00000000000000, 0.000000000000000, 0.000000000000000 ) );
#14137 = DIRECTION( '', ( 0.000000000000000, 0.999897510592982, 0.0143167143562177 ) );
#14138 = DIRECTION( '', ( -1.00000000000000, -0.000000000000000, -0.000000000000000 ) );
#14139 = DIRECTION( '', ( -0.287320866769811, 0.957736222566041, 0.0137130413685592 ) );
#14140 = DIRECTION( '', ( -0.0147468845127300, 0.999788780524063, 0.0143151575393218 ) );
#14141 = DIRECTION( '', ( -0.0147468845127299, -0.999788780524063, -0.0143151575393218 ) );
#14142 = DIRECTION( '', ( -0.287320866769812, -0.957736222566040, -0.0137130413685592 ) );
#14143 = DIRECTION( '', ( -1.00000000000000, 0.000000000000000, 0.000000000000000 ) );
#14144 = DIRECTION( '', ( -0.000000000000000, -1.00000000000000, -0.000000000000000 ) );
#14145 = DIRECTION( '', ( -1.00000000000000, 0.000000000000000, 0.000000000000000 ) );
#14146 = DIRECTION( '', ( 0.0147394133665746, 0.999282262140650, 0.0348957055334059 ) );
#14147 = DIRECTION( '', ( -0.000000000000000, -0.000000000000000, -1.00000000000000 ) );
#14148 = DIRECTION( '', ( -0.0147468845127299, -0.999788780524063, -0.0143151575393218 ) );
#14149 = DIRECTION( '', ( -1.00000000000000, 0.000000000000000, 0.000000000000000 ) );
#14150 = DIRECTION( '', ( -0.000000000000000, -1.00000000000000, -0.000000000000000 ) );
#14151 = DIRECTION( '', ( -0.000000000000000, -1.00000000000000, -0.000000000000000 ) );
#14152 = DIRECTION( '', ( 0.000000000000000, 0.000000000000000, -1.00000000000000 ) );
#14153 = DIRECTION( '', ( -0.000000000000000, -1.00000000000000, -0.000000000000000 ) );
#14154 = DIRECTION( '', ( -0.000000000000000, -1.00000000000000, -0.000000000000000 ) );
#14155 = DIRECTION( '', ( 0.0147468845127300, 0.999788780524063, -0.0143151575393218 ) );
#14156 = DIRECTION( '', ( -0.000000000000000, -0.000000000000000, -1.00000000000000 ) );
#14157 = DIRECTION( '', ( -0.0147468845127300, -0.999788780524063, -0.0143151575393218 ) );
#14158 = DIRECTION( '', ( 0.000000000000000, 1.00000000000000, 0.000000000000000 ) );
#14159 = DIRECTION( '', ( -1.00000000000000, -0.000000000000000, -0.000000000000000 ) );
#14160 = DIRECTION( '', ( 0.000000000000000, 1.00000000000000, 0.000000000000000 ) );
#14161 = DIRECTION( '', ( -0.000000000000000, 1.00000000000000, 0.000000000000000 ) );
#14162 = CARTESIAN_POINT( '', ( -0.0790000000000000, 0.260000000000000, 0.168000000000000 ) );
#14163 = DIRECTION( '', ( 1.00000000000000, 0.000000000000000, 0.000000000000000 ) );
#14164 = DIRECTION( '', ( 0.000000000000000, 0.000000000000000, -1.00000000000000 ) );
#14165 = DIRECTION( '', ( 0.000000000000000, -0.000000000000000, 1.00000000000000 ) );
#14166 = DIRECTION( '', ( -0.000000000000000, -1.00000000000000, -0.000000000000000 ) );
#14167 = DIRECTION( '', ( 0.000000000000000, 0.000000000000000, -1.00000000000000 ) );
#14168 = DIRECTION( '', ( 0.000000000000000, 1.00000000000000, 0.000000000000000 ) );
#14169 = DIRECTION( '', ( 0.000000000000000, 0.000000000000000, -1.00000000000000 ) );
#14170 = DIRECTION( '', ( 0.000000000000000, -1.00000000000000, 0.000000000000000 ) );
#14171 = DIRECTION( '', ( 1.00000000000000, 0.000000000000000, -0.000000000000000 ) );
#14172 = DIRECTION( '', ( 0.000000000000000, 0.000000000000000, -1.00000000000000 ) );
#14173 = DIRECTION( '', ( 0.287187282104694, -0.957290940348981, -0.0334293362644652 ) );
#14174 = DIRECTION( '', ( -0.000000000000000, -0.000000000000000, -1.00000000000000 ) );
#14175 = DIRECTION( '', ( 0.000000000000000, 0.000000000000000, 1.00000000000000 ) );
#14176 = DIRECTION( '', ( 0.000000000000000, 0.000000000000000, 1.00000000000000 ) );
#14177 = DIRECTION( '', ( -1.00000000000000, -0.000000000000000, -0.000000000000000 ) );
#14178 = DIRECTION( '', ( 0.000000000000000, 0.000000000000000, 1.00000000000000 ) );
#14179 = DIRECTION( '', ( -1.00000000000000, -0.000000000000000, -0.000000000000000 ) );
#14180 = DIRECTION( '', ( 0.000000000000000, 0.000000000000000, 1.00000000000000 ) );
#14181 = DIRECTION( '', ( -1.00000000000000, -0.000000000000000, -0.000000000000000 ) );
#14182 = DIRECTION( '', ( 0.000000000000000, 0.000000000000000, -1.00000000000000 ) );
#14183 = DIRECTION( '', ( -1.00000000000000, 0.000000000000000, 0.000000000000000 ) );
#14184 = DIRECTION( '', ( -1.00000000000000, 0.000000000000000, 0.000000000000000 ) );
#14185 = DIRECTION( '', ( 0.000000000000000, 0.000000000000000, 1.00000000000000 ) );
#14186 = DIRECTION( '', ( 1.00000000000000, 0.000000000000000, -0.000000000000000 ) );
#14187 = DIRECTION( '', ( 0.000000000000000, 0.000000000000000, 1.00000000000000 ) );
#14188 = DIRECTION( '', ( -0.000000000000000, -1.00000000000000, -0.000000000000000 ) );
#14189 = DIRECTION( '', ( 0.000000000000000, 0.000000000000000, 1.00000000000000 ) );
#14190 = DIRECTION( '', ( -0.000000000000000, -1.00000000000000, -0.000000000000000 ) );
#14191 = DIRECTION( '', ( -1.00000000000000, 0.000000000000000, 0.000000000000000 ) );
#14192 = DIRECTION( '', ( 0.000000000000000, 1.00000000000000, 0.000000000000000 ) );
#14193 = DIRECTION( '', ( -1.00000000000000, 0.000000000000000, 0.000000000000000 ) );
#14194 = DIRECTION( '', ( 1.00000000000000, 0.000000000000000, 0.000000000000000 ) );
#14195 = DIRECTION( '', ( 0.000000000000000, 0.000000000000000, 1.00000000000000 ) );
#14196 = DIRECTION( '', ( -1.00000000000000, 0.000000000000000, 0.000000000000000 ) );
#14197 = DIRECTION( '', ( 1.00000000000000, 0.000000000000000, 0.000000000000000 ) );
#14198 = DIRECTION( '', ( 1.00000000000000, 0.000000000000000, 0.000000000000000 ) );
#14199 = DIRECTION( '', ( 0.000000000000000, 0.000000000000000, -1.00000000000000 ) );
#14200 = DIRECTION( '', ( -1.00000000000000, -0.000000000000000, -0.000000000000000 ) );
#14201 = DIRECTION( '', ( 0.000000000000000, 0.000000000000000, -1.00000000000000 ) );
#14202 = DIRECTION( '', ( -1.00000000000000, -0.000000000000000, -0.000000000000000 ) );
#14203 = DIRECTION( '', ( -1.00000000000000, -0.000000000000000, -0.000000000000000 ) );
#14204 = DIRECTION( '', ( 0.000000000000000, 0.000000000000000, 1.00000000000000 ) );
#14205 = DIRECTION( '', ( -1.00000000000000, -0.000000000000000, -0.000000000000000 ) );
#14206 = DIRECTION( '', ( 0.000000000000000, 0.000000000000000, -1.00000000000000 ) );
#14207 = DIRECTION( '', ( 0.000000000000000, 0.000000000000000, -1.00000000000000 ) );
#14208 = DIRECTION( '', ( -1.00000000000000, -0.000000000000000, -0.000000000000000 ) );
#14209 = DIRECTION( '', ( 0.000000000000000, 0.000000000000000, -1.00000000000000 ) );
#14210 = DIRECTION( '', ( -1.00000000000000, -0.000000000000000, -0.000000000000000 ) );
#14211 = DIRECTION( '', ( 0.000000000000000, 0.000000000000000, 1.00000000000000 ) );
#14212 = DIRECTION( '', ( -1.00000000000000, -0.000000000000000, -0.000000000000000 ) );
#14213 = DIRECTION( '', ( 0.000000000000000, 0.000000000000000, -1.00000000000000 ) );
#14214 = DIRECTION( '', ( -1.00000000000000, 0.000000000000000, 0.000000000000000 ) );
#14215 = DIRECTION( '', ( 0.000000000000000, 1.00000000000000, 0.000000000000000 ) );
#14216 = DIRECTION( '', ( 0.000000000000000, 1.00000000000000, 0.000000000000000 ) );
#14217 = DIRECTION( '', ( -1.00000000000000, -0.000000000000000, -0.000000000000000 ) );
#14218 = DIRECTION( '', ( 0.000000000000000, 1.00000000000000, 0.000000000000000 ) );
#14219 = DIRECTION( '', ( -1.00000000000000, -0.000000000000000, -0.000000000000000 ) );
#14220 = DIRECTION( '', ( 0.000000000000000, -0.999401425440469, 0.0345946647267853 ) );
#14221 = DIRECTION( '', ( -1.00000000000000, 0.000000000000000, 0.000000000000000 ) );
#14222 = DIRECTION( '', ( 0.000000000000000, 0.999401425440469, -0.0345946647267853 ) );
#14223 = DIRECTION( '', ( 0.000000000000000, -0.999401425440469, 0.0345946647267853 ) );
#14224 = DIRECTION( '', ( 1.00000000000000, 0.000000000000000, 0.000000000000000 ) );
#14225 = DIRECTION( '', ( 0.000000000000000, -0.999401425440469, 0.0345946647267853 ) );
#14226 = DIRECTION( '', ( 0.000000000000000, 0.000000000000000, 1.00000000000000 ) );
#14227 = DIRECTION( '', ( -1.00000000000000, -0.000000000000000, -0.000000000000000 ) );
#14228 = DIRECTION( '', ( 0.000000000000000, 0.000000000000000, 1.00000000000000 ) );
#14229 = DIRECTION( '', ( 0.000000000000000, 0.000000000000000, -1.00000000000000 ) );
#14230 = DIRECTION( '', ( 0.000000000000000, 0.000000000000000, 1.00000000000000 ) );
#14231 = DIRECTION( '', ( 1.00000000000000, 0.000000000000000, -0.000000000000000 ) );
#14232 = DIRECTION( '', ( 0.000000000000000, 0.000000000000000, -1.00000000000000 ) );
#14233 = DIRECTION( '', ( 0.000000000000000, 0.000000000000000, -1.00000000000000 ) );
#14234 = DIRECTION( '', ( 0.000000000000000, 1.00000000000000, 0.000000000000000 ) );
#14235 = DIRECTION( '', ( 0.000000000000000, 1.00000000000000, 0.000000000000000 ) );
#14236 = DIRECTION( '', ( -1.00000000000000, -0.000000000000000, -0.000000000000000 ) );
#14237 = DIRECTION( '', ( 0.000000000000000, 0.000000000000000, -1.00000000000000 ) );
#14238 = DIRECTION( '', ( 0.000000000000000, 1.00000000000000, 0.000000000000000 ) );
#14239 = DIRECTION( '', ( 0.000000000000000, 0.999897510592982, 0.0143167143562177 ) );
#14240 = DIRECTION( '', ( 0.000000000000000, -0.999401425440469, -0.0345946647267854 ) );
#14241 = DIRECTION( '', ( -1.00000000000000, 0.000000000000000, 0.000000000000000 ) );
#14242 = DIRECTION( '', ( 0.000000000000000, 0.000000000000000, -1.00000000000000 ) );
#14243 = DIRECTION( '', ( 0.000000000000000, 0.000000000000000, 1.00000000000000 ) );
#14244 = DIRECTION( '', ( 0.000000000000000, -0.000000000000000, -1.00000000000000 ) );
#14245 = DIRECTION( '', ( -0.000000000000000, -1.00000000000000, -0.000000000000000 ) );
#14246 = DIRECTION( '', ( 0.000000000000000, 0.000000000000000, 1.00000000000000 ) );
#14247 = DIRECTION( '', ( 0.000000000000000, -0.999401425440469, 0.0345946647267853 ) );
#14248 = DIRECTION( '', ( -0.000000000000000, -1.00000000000000, -0.000000000000000 ) );
#14249 = DIRECTION( '', ( 0.000000000000000, 0.000000000000000, 1.00000000000000 ) );
#14250 = DIRECTION( '', ( 0.000000000000000, 0.000000000000000, -1.00000000000000 ) );
#14251 = DIRECTION( '', ( -1.00000000000000, 0.000000000000000, 0.000000000000000 ) );
#14252 = DIRECTION( '', ( 0.000000000000000, 0.000000000000000, -1.00000000000000 ) );
#14253 = DIRECTION( '', ( -1.00000000000000, 0.000000000000000, 0.000000000000000 ) );
#14254 = DIRECTION( '', ( 4.26851249010041E-15, 0.000000000000000, 1.00000000000000 ) );
#14255 = DIRECTION( '', ( -1.00000000000000, -0.000000000000000, -0.000000000000000 ) );
#14256 = DIRECTION( '', ( 0.000000000000000, 0.000000000000000, -1.00000000000000 ) );
#14257 = DIRECTION( '', ( 0.000000000000000, 0.000000000000000, 1.00000000000000 ) );
#14258 = DIRECTION( '', ( -1.00000000000000, -0.000000000000000, -0.000000000000000 ) );
#14259 = DIRECTION( '', ( 0.000000000000000, 0.000000000000000, 1.00000000000000 ) );
#14260 = DIRECTION( '', ( -1.00000000000000, -0.000000000000000, -0.000000000000000 ) );
#14261 = DIRECTION( '', ( 0.000000000000000, 0.000000000000000, 1.00000000000000 ) );
#14262 = DIRECTION( '', ( -1.00000000000000, 0.000000000000000, 0.000000000000000 ) );
#14263 = DIRECTION( '', ( -0.000000000000000, -1.00000000000000, -0.000000000000000 ) );
#14264 = DIRECTION( '', ( -1.00000000000000, 0.000000000000000, 0.000000000000000 ) );
#14265 = DIRECTION( '', ( 0.287320866769812, 0.957736222566041, -0.0137130413685592 ) );
#14266 = DIRECTION( '', ( -0.000000000000000, -0.000000000000000, -1.00000000000000 ) );
#14267 = DIRECTION( '', ( -0.287320866769812, -0.957736222566041, -0.0137130413685592 ) );
#14268 = DIRECTION( '', ( -0.000000000000000, -0.000000000000000, -1.00000000000000 ) );
#14269 = DIRECTION( '', ( 0.000000000000000, -0.000000000000000, -1.00000000000000 ) );
#14270 = DIRECTION( '', ( 0.000000000000000, 0.999401425440469, 0.0345946647267854 ) );
#14271 = DIRECTION( '', ( 0.000000000000000, 0.000000000000000, 1.00000000000000 ) );
#14272 = DIRECTION( '', ( -0.000000000000000, -1.00000000000000, -0.000000000000000 ) );
#14273 = DIRECTION( '', ( 0.000000000000000, 0.000000000000000, 1.00000000000000 ) );
#14274 = DIRECTION( '', ( -0.000000000000000, -1.00000000000000, -0.000000000000000 ) );
#14275 = DIRECTION( '', ( 0.000000000000000, 0.000000000000000, -1.00000000000000 ) );
#14276 = DIRECTION( '', ( 0.000000000000000, 0.999897510592982, 0.0143167143562177 ) );
#14277 = DIRECTION( '', ( 0.000000000000000, 0.000000000000000, -1.00000000000000 ) );
#14278 = DIRECTION( '', ( 0.000000000000000, -0.999401425440469, -0.0345946647267854 ) );
#14279 = DIRECTION( '', ( -0.000000000000000, -1.00000000000000, -0.000000000000000 ) );
#14280 = DIRECTION( '', ( 0.000000000000000, 0.000000000000000, 1.00000000000000 ) );
#14281 = DIRECTION( '', ( 0.000000000000000, 0.999401425440469, 0.0345946647267854 ) );
#14282 = DIRECTION( '', ( -0.000000000000000, 0.000000000000000, 1.00000000000000 ) );
#14283 = DIRECTION( '', ( 1.00000000000000, 0.000000000000000, 0.000000000000000 ) );
#14284 = DIRECTION( '', ( 0.000000000000000, 0.000000000000000, -1.00000000000000 ) );
#14285 = DIRECTION( '', ( 0.000000000000000, 0.000000000000000, 1.00000000000000 ) );
#14286 = DIRECTION( '', ( 0.000000000000000, 0.999401425440469, 0.0345946647267854 ) );
#14287 = DIRECTION( '', ( 0.000000000000000, -0.999897510592982, -0.0143167143562177 ) );
#14288 = DIRECTION( '', ( 0.000000000000000, 1.00000000000000, 0.000000000000000 ) );
#14289 = DIRECTION( '', ( 0.000000000000000, 0.000000000000000, -1.00000000000000 ) );
#14290 = DIRECTION( '', ( -0.000000000000000, -1.00000000000000, -0.000000000000000 ) );
#14291 = DIRECTION( '', ( 0.000000000000000, 0.000000000000000, -1.00000000000000 ) );
#14292 = DIRECTION( '', ( -0.000000000000000, -1.00000000000000, -0.000000000000000 ) );
#14293 = DIRECTION( '', ( 1.00000000000000, 0.000000000000000, 0.000000000000000 ) );
#14294 = DIRECTION( '', ( -0.000000000000000, -1.00000000000000, -0.000000000000000 ) );
#14295 = DIRECTION( '', ( 1.00000000000000, 0.000000000000000, 0.000000000000000 ) );
#14296 = DIRECTION( '', ( -0.000000000000000, -1.00000000000000, -0.000000000000000 ) );
#14297 = DIRECTION( '', ( 0.000000000000000, 0.000000000000000, 1.00000000000000 ) );
#14298 = DIRECTION( '', ( -1.00000000000000, 0.000000000000000, 0.000000000000000 ) );
#14299 = DIRECTION( '', ( -1.00000000000000, -0.000000000000000, -0.000000000000000 ) );
#14300 = DIRECTION( '', ( 0.287320866769812, 0.957736222566041, -0.0137130413685592 ) );
#14301 = DIRECTION( '', ( -0.287320866769812, -0.957736222566041, -0.0137130413685592 ) );
#14302 = DIRECTION( '', ( -0.000000000000000, -0.000000000000000, -1.00000000000000 ) );
#14303 = DIRECTION( '', ( 0.000000000000000, 1.00000000000000, 0.000000000000000 ) );
#14304 = DIRECTION( '', ( 0.000000000000000, -0.999401425440469, 0.0345946647267853 ) );
#14305 = DIRECTION( '', ( 0.000000000000000, 0.000000000000000, 1.00000000000000 ) );
#14306 = DIRECTION( '', ( 0.000000000000000, 0.000000000000000, 1.00000000000000 ) );
#14307 = DIRECTION( '', ( 0.000000000000000, 0.999897510592982, -0.0143167143562177 ) );
#14308 = DIRECTION( '', ( 0.000000000000000, 0.000000000000000, 1.00000000000000 ) );
#14309 = DIRECTION( '', ( 0.000000000000000, 0.000000000000000, 1.00000000000000 ) );
#14310 = DIRECTION( '', ( -0.000000000000000, -1.00000000000000, -0.000000000000000 ) );
#14311 = DIRECTION( '', ( 0.000000000000000, 0.000000000000000, 1.00000000000000 ) );
#14312 = DIRECTION( '', ( -0.000000000000000, -1.00000000000000, -0.000000000000000 ) );
#14313 = DIRECTION( '', ( -0.000000000000000, -1.00000000000000, -0.000000000000000 ) );
#14314 = DIRECTION( '', ( 0.000000000000000, 0.999401425440469, 0.0345946647267854 ) );
#14315 = DIRECTION( '', ( 0.000000000000000, 0.000000000000000, 1.00000000000000 ) );
#14316 = DIRECTION( '', ( -0.000000000000000, -1.00000000000000, -0.000000000000000 ) );
#14317 = DIRECTION( '', ( -1.00000000000000, 0.000000000000000, 0.000000000000000 ) );
#14318 = DIRECTION( '', ( 0.000000000000000, 0.000000000000000, -1.00000000000000 ) );
#14319 = DIRECTION( '', ( 0.000000000000000, 0.000000000000000, 1.00000000000000 ) );
#14320 = DIRECTION( '', ( 1.00000000000000, 0.000000000000000, 0.000000000000000 ) );
#14321 = DIRECTION( '', ( -1.00000000000000, 0.000000000000000, 0.000000000000000 ) );
#14322 = DIRECTION( '', ( 0.000000000000000, 0.000000000000000, 1.00000000000000 ) );
#14323 = DIRECTION( '', ( 0.0147468845127300, 0.999788780524063, -0.0143151575393218 ) );
#14324 = DIRECTION( '', ( -0.0147468845127300, -0.999788780524063, -0.0143151575393218 ) );
#14325 = DIRECTION( '', ( 1.00000000000000, 0.000000000000000, 0.000000000000000 ) );
#14326 = DIRECTION( '', ( 0.000000000000000, 0.999897510592982, -0.0143167143562177 ) );
#14327 = DIRECTION( '', ( -1.00000000000000, -0.000000000000000, -0.000000000000000 ) );
#14328 = DIRECTION( '', ( 0.287320866769812, 0.957736222566040, -0.0137130413685592 ) );
#14329 = DIRECTION( '', ( 0.0147468845127299, 0.999788780524063, -0.0143151575393218 ) );
#14330 = DIRECTION( '', ( 0.287320866769811, -0.957736222566041, 0.0137130413685592 ) );
#14331 = DIRECTION( '', ( -1.00000000000000, -0.000000000000000, -0.000000000000000 ) );
#14332 = DIRECTION( '', ( -0.000000000000000, -0.999897510592982, 0.0143167143562177 ) );
#14333 = DIRECTION( '', ( -1.00000000000000, 0.000000000000000, 0.000000000000000 ) );
#14334 = DIRECTION( '', ( 0.000000000000000, 0.000000000000000, 1.00000000000000 ) );
#14335 = DIRECTION( '', ( -1.00000000000000, 0.000000000000000, 0.000000000000000 ) );
#14336 = DIRECTION( '', ( 0.000000000000000, 0.000000000000000, 1.00000000000000 ) );
#14337 = DIRECTION( '', ( -0.287320866769811, 0.957736222566041, 0.0137130413685592 ) );
#14338 = DIRECTION( '', ( -0.0147468845127300, 0.999788780524063, 0.0143151575393218 ) );
#14339 = DIRECTION( '', ( -0.0147468845127300, -0.999788780524063, -0.0143151575393218 ) );
#14340 = DIRECTION( '', ( -0.000000000000000, -0.000000000000000, -1.00000000000000 ) );
#14341 = DIRECTION( '', ( 0.0147394133665747, -0.999282262140650, -0.0348957055334059 ) );
#14342 = DIRECTION( '', ( 0.000000000000000, 1.00000000000000, 0.000000000000000 ) );
#14343 = DIRECTION( '', ( 0.000000000000000, 1.00000000000000, 0.000000000000000 ) );
#14344 = DIRECTION( '', ( -0.000000000000000, -1.00000000000000, -0.000000000000000 ) );
#14345 = DIRECTION( '', ( -0.000000000000000, -1.00000000000000, -0.000000000000000 ) );
#14346 = DIRECTION( '', ( 0.000000000000000, 1.00000000000000, 0.000000000000000 ) );
#14347 = DIRECTION( '', ( 0.000000000000000, 0.000000000000000, 1.00000000000000 ) );
#14348 = DIRECTION( '', ( 0.000000000000000, 1.00000000000000, 0.000000000000000 ) );
#14349 = DIRECTION( '', ( 0.000000000000000, 0.000000000000000, 1.00000000000000 ) );
#14350 = DIRECTION( '', ( 1.00000000000000, 0.000000000000000, -0.000000000000000 ) );
#14351 = DIRECTION( '', ( -1.00000000000000, -0.000000000000000, -0.000000000000000 ) );
#14352 = DIRECTION( '', ( 0.000000000000000, 0.000000000000000, 1.00000000000000 ) );
#14353 = DIRECTION( '', ( -1.00000000000000, -0.000000000000000, -0.000000000000000 ) );
#14354 = DIRECTION( '', ( 0.000000000000000, 0.000000000000000, 1.00000000000000 ) );
#14355 = DIRECTION( '', ( -1.00000000000000, -0.000000000000000, -0.000000000000000 ) );
#14356 = DIRECTION( '', ( -1.00000000000000, 0.000000000000000, 0.000000000000000 ) );
#14357 = DIRECTION( '', ( 0.000000000000000, 0.000000000000000, -1.00000000000000 ) );
#14358 = DIRECTION( '', ( 0.000000000000000, 0.000000000000000, -1.00000000000000 ) );
#14359 = DIRECTION( '', ( 0.000000000000000, -0.999897510592982, -0.0143167143562177 ) );
#14360 = DIRECTION( '', ( 0.000000000000000, 0.999897510592982, -0.0143167143562177 ) );
#14361 = DIRECTION( '', ( 0.000000000000000, 0.000000000000000, 1.00000000000000 ) );
#14362 = DIRECTION( '', ( -1.00000000000000, -0.000000000000000, -0.000000000000000 ) );
#14363 = DIRECTION( '', ( 0.000000000000000, 0.000000000000000, 1.00000000000000 ) );
#14364 = DIRECTION( '', ( -1.00000000000000, -0.000000000000000, -0.000000000000000 ) );
#14365 = DIRECTION( '', ( 0.000000000000000, 0.000000000000000, 1.00000000000000 ) );
#14366 = DIRECTION( '', ( -1.00000000000000, -0.000000000000000, -0.000000000000000 ) );
#14367 = DIRECTION( '', ( 0.000000000000000, 0.000000000000000, -1.00000000000000 ) );
#14368 = DIRECTION( '', ( -1.00000000000000, 0.000000000000000, 0.000000000000000 ) );
#14369 = DIRECTION( '', ( -1.00000000000000, 0.000000000000000, 0.000000000000000 ) );
#14370 = DIRECTION( '', ( 1.00000000000000, 0.000000000000000, -0.000000000000000 ) );
#14371 = DIRECTION( '', ( 0.000000000000000, 0.000000000000000, -1.00000000000000 ) );
#14372 = DIRECTION( '', ( 1.00000000000000, 0.000000000000000, -0.000000000000000 ) );
#14373 = DIRECTION( '', ( 0.000000000000000, 0.000000000000000, 1.00000000000000 ) );
#14374 = DIRECTION( '', ( 0.000000000000000, -0.999401425440469, 0.0345946647267853 ) );
#14375 = DIRECTION( '', ( -0.000000000000000, -1.00000000000000, -0.000000000000000 ) );
#14376 = DIRECTION( '', ( 0.000000000000000, 1.00000000000000, 0.000000000000000 ) );
#14377 = DIRECTION( '', ( 4.26851249010039E-15, 0.000000000000000, 1.00000000000000 ) );
#14378 = DIRECTION( '', ( 0.000000000000000, 1.00000000000000, 0.000000000000000 ) );
#14379 = DIRECTION( '', ( -0.275767066154022, -0.919223553846744, 0.281034843530416 ) );
#14380 = DIRECTION( '', ( -0.287187282104694, -0.957290940348981, 0.0334293362644652 ) );
#14381 = DIRECTION( '', ( -0.000000000000000, -0.000000000000000, -1.00000000000000 ) );
#14382 = DIRECTION( '', ( 0.000000000000000, 0.000000000000000, -1.00000000000000 ) );
#14383 = DIRECTION( '', ( 0.000000000000000, -0.999897510592982, 0.0143167143562177 ) );
#14384 = DIRECTION( '', ( 1.00000000000000, 0.000000000000000, 0.000000000000000 ) );
#14385 = DIRECTION( '', ( 0.0147468845127300, -0.999788780524063, 0.0143151575393218 ) );
#14386 = DIRECTION( '', ( -1.00000000000000, -0.000000000000000, -0.000000000000000 ) );
#14387 = DIRECTION( '', ( 0.287320866769812, 0.957736222566040, -0.0137130413685592 ) );
#14388 = DIRECTION( '', ( 0.0147468845127299, 0.999788780524063, -0.0143151575393218 ) );
#14389 = DIRECTION( '', ( 0.000000000000000, -0.999897510592982, 0.0143167143562177 ) );
#14390 = DIRECTION( '', ( 0.000000000000000, 0.999897510592982, -0.0143167143562177 ) );
#14391 = DIRECTION( '', ( 0.0147468845127300, -0.999788780524063, 0.0143151575393218 ) );
#14392 = DIRECTION( '', ( 0.0147468845127300, 0.999788780524063, -0.0143151575393218 ) );
#14393 = DIRECTION( '', ( -0.000000000000000, -0.000000000000000, -1.00000000000000 ) );
#14394 = DIRECTION( '', ( -1.00000000000000, 0.000000000000000, 0.000000000000000 ) );
#14395 = DIRECTION( '', ( 0.000000000000000, 0.000000000000000, 1.00000000000000 ) );
#14396 = DIRECTION( '', ( 1.00000000000000, 0.000000000000000, 0.000000000000000 ) );
#14397 = DIRECTION( '', ( 0.000000000000000, 0.000000000000000, -1.00000000000000 ) );
#14398 = DIRECTION( '', ( 0.000000000000000, 0.000000000000000, 1.00000000000000 ) );
#14399 = DIRECTION( '', ( -0.000000000000000, -1.00000000000000, -0.000000000000000 ) );
#14400 = DIRECTION( '', ( -0.000000000000000, -1.00000000000000, -0.000000000000000 ) );
#14401 = DIRECTION( '', ( 0.000000000000000, 0.000000000000000, -1.00000000000000 ) );
#14402 = DIRECTION( '', ( 0.000000000000000, 0.000000000000000, 1.00000000000000 ) );
#14403 = DIRECTION( '', ( 0.000000000000000, 0.000000000000000, -1.00000000000000 ) );
#14404 = DIRECTION( '', ( 1.00000000000000, 0.000000000000000, 0.000000000000000 ) );
#14405 = DIRECTION( '', ( 1.00000000000000, 0.000000000000000, 0.000000000000000 ) );
#14406 = DIRECTION( '', ( 1.00000000000000, 0.000000000000000, 0.000000000000000 ) );
#14407 = DIRECTION( '', ( -0.000000000000000, -1.00000000000000, -0.000000000000000 ) );
#14408 = DIRECTION( '', ( 1.00000000000000, 0.000000000000000, -0.000000000000000 ) );
#14409 = DIRECTION( '', ( 0.000000000000000, 0.000000000000000, -1.00000000000000 ) );
#14410 = DIRECTION( '', ( -1.00000000000000, -0.000000000000000, -0.000000000000000 ) );
#14411 = DIRECTION( '', ( 0.000000000000000, 0.000000000000000, 1.00000000000000 ) );
#14412 = DIRECTION( '', ( -1.00000000000000, -0.000000000000000, -0.000000000000000 ) );
#14413 = DIRECTION( '', ( -1.00000000000000, -0.000000000000000, -0.000000000000000 ) );
#14414 = DIRECTION( '', ( -1.00000000000000, 0.000000000000000, 0.000000000000000 ) );
#14415 = DIRECTION( '', ( 0.000000000000000, 0.000000000000000, 1.00000000000000 ) );
#14416 = DIRECTION( '', ( 0.000000000000000, 0.000000000000000, -1.00000000000000 ) );
#14417 = DIRECTION( '', ( 0.000000000000000, 0.000000000000000, 1.00000000000000 ) );
#14418 = DIRECTION( '', ( -0.000000000000000, -1.00000000000000, -0.000000000000000 ) );
#14419 = DIRECTION( '', ( -0.000000000000000, -1.00000000000000, -0.000000000000000 ) );
#14420 = DIRECTION( '', ( 0.000000000000000, 1.00000000000000, 0.000000000000000 ) );
#14421 = DIRECTION( '', ( 1.00000000000000, 0.000000000000000, 0.000000000000000 ) );
#14422 = DIRECTION( '', ( 1.00000000000000, 0.000000000000000, 0.000000000000000 ) );
#14423 = DIRECTION( '', ( -0.000000000000000, -1.00000000000000, -0.000000000000000 ) );
#14424 = DIRECTION( '', ( 1.00000000000000, 0.000000000000000, 0.000000000000000 ) );
#14425 = DIRECTION( '', ( -0.000000000000000, -1.00000000000000, -0.000000000000000 ) );
#14426 = DIRECTION( '', ( 0.000000000000000, -0.999897510592982, -0.0143167143562177 ) );
#14427 = DIRECTION( '', ( -1.00000000000000, 0.000000000000000, 0.000000000000000 ) );
#14428 = DIRECTION( '', ( -0.287320866769812, 0.957736222566040, 0.0137130413685592 ) );
#14429 = DIRECTION( '', ( -0.0147468845127299, 0.999788780524063, 0.0143151575393218 ) );
#14430 = DIRECTION( '', ( -0.287320866769812, -0.957736222566040, -0.0137130413685592 ) );
#14431 = DIRECTION( '', ( -0.000000000000000, -0.000000000000000, -1.00000000000000 ) );
#14432 = DIRECTION( '', ( -0.000000000000000, -1.00000000000000, -0.000000000000000 ) );
#14433 = DIRECTION( '', ( 0.000000000000000, 0.999401425440469, 0.0345946647267854 ) );
#14434 = DIRECTION( '', ( -0.000000000000000, -1.00000000000000, -0.000000000000000 ) );
#14435 = DIRECTION( '', ( -1.00000000000000, -0.000000000000000, -0.000000000000000 ) );
#14436 = DIRECTION( '', ( -0.000000000000000, -1.00000000000000, -0.000000000000000 ) );
#14437 = DIRECTION( '', ( 0.000000000000000, 1.00000000000000, 0.000000000000000 ) );
#14438 = DIRECTION( '', ( 0.000000000000000, 1.00000000000000, 0.000000000000000 ) );
#14439 = DIRECTION( '', ( 1.00000000000000, 0.000000000000000, 0.000000000000000 ) );
#14440 = DIRECTION( '', ( -0.000000000000000, -1.00000000000000, -0.000000000000000 ) );
#14441 = DIRECTION( '', ( -1.00000000000000, -0.000000000000000, -0.000000000000000 ) );
#14442 = DIRECTION( '', ( -1.00000000000000, 0.000000000000000, 0.000000000000000 ) );
#14443 = DIRECTION( '', ( 0.000000000000000, 0.000000000000000, -1.00000000000000 ) );
#14444 = DIRECTION( '', ( 0.000000000000000, 0.000000000000000, 1.00000000000000 ) );
#14445 = DIRECTION( '', ( 1.00000000000000, 0.000000000000000, 0.000000000000000 ) );
#14446 = DIRECTION( '', ( 0.000000000000000, -0.000000000000000, -1.00000000000000 ) );
#14447 = DIRECTION( '', ( 0.000000000000000, 0.000000000000000, 1.00000000000000 ) );
#14448 = DIRECTION( '', ( -0.000000000000000, -1.00000000000000, -0.000000000000000 ) );
#14449 = DIRECTION( '', ( 0.000000000000000, 0.000000000000000, 1.00000000000000 ) );
#14450 = DIRECTION( '', ( -0.000000000000000, -1.00000000000000, -0.000000000000000 ) );
#14451 = DIRECTION( '', ( 1.00000000000000, 0.000000000000000, -0.000000000000000 ) );
#14452 = DIRECTION( '', ( 0.000000000000000, 0.000000000000000, -1.00000000000000 ) );
#14453 = DIRECTION( '', ( 0.000000000000000, 0.000000000000000, -1.00000000000000 ) );
#14454 = DIRECTION( '', ( 0.000000000000000, 1.00000000000000, 0.000000000000000 ) );
#14455 = DIRECTION( '', ( -1.00000000000000, 0.000000000000000, 0.000000000000000 ) );
#14456 = DIRECTION( '', ( 0.000000000000000, 0.000000000000000, -1.00000000000000 ) );
#14457 = DIRECTION( '', ( -1.00000000000000, 0.000000000000000, 0.000000000000000 ) );
#14458 = DIRECTION( '', ( 0.000000000000000, 0.000000000000000, 1.00000000000000 ) );
#14459 = DIRECTION( '', ( 1.00000000000000, 0.000000000000000, 0.000000000000000 ) );
#14460 = DIRECTION( '', ( -1.00000000000000, 0.000000000000000, 0.000000000000000 ) );
#14461 = DIRECTION( '', ( 0.000000000000000, 0.000000000000000, -1.00000000000000 ) );
#14462 = DIRECTION( '', ( 1.00000000000000, 0.000000000000000, 0.000000000000000 ) );
#14463 = DIRECTION( '', ( 0.287187282104694, 0.957290940348981, 0.0334293362644652 ) );
#14464 = DIRECTION( '', ( 0.275767066154023, 0.919223553846743, 0.281034843530417 ) );
#14465 = DIRECTION( '', ( 1.00000000000000, 0.000000000000000, 0.000000000000000 ) );
#14466 = DIRECTION( '', ( 0.000000000000000, 1.00000000000000, 0.000000000000000 ) );
#14467 = DIRECTION( '', ( -1.00000000000000, 0.000000000000000, 0.000000000000000 ) );
#14468 = DIRECTION( '', ( -0.000000000000000, -1.00000000000000, -0.000000000000000 ) );
#14469 = DIRECTION( '', ( -1.00000000000000, 0.000000000000000, 0.000000000000000 ) );
#14470 = DIRECTION( '', ( -0.000000000000000, -1.00000000000000, -0.000000000000000 ) );
#14471 = DIRECTION( '', ( -1.00000000000000, 0.000000000000000, 0.000000000000000 ) );
#14472 = DIRECTION( '', ( 1.00000000000000, 0.000000000000000, 0.000000000000000 ) );
#14473 = DIRECTION( '', ( 1.00000000000000, 0.000000000000000, 0.000000000000000 ) );
#14474 = DIRECTION( '', ( 0.000000000000000, 0.000000000000000, 1.00000000000000 ) );
#14475 = DIRECTION( '', ( -1.00000000000000, 0.000000000000000, 0.000000000000000 ) );
#14476 = DIRECTION( '', ( 0.000000000000000, 0.000000000000000, -1.00000000000000 ) );
#14477 = DIRECTION( '', ( -1.00000000000000, 0.000000000000000, 0.000000000000000 ) );
#14478 = DIRECTION( '', ( 0.000000000000000, 0.000000000000000, 1.00000000000000 ) );
#14479 = DIRECTION( '', ( -1.00000000000000, 0.000000000000000, 0.000000000000000 ) );
#14480 = DIRECTION( '', ( 0.000000000000000, 0.000000000000000, -1.00000000000000 ) );
#14481 = DIRECTION( '', ( 1.00000000000000, 0.000000000000000, 0.000000000000000 ) );
#14482 = DIRECTION( '', ( 0.000000000000000, 0.000000000000000, 1.00000000000000 ) );
#14483 = DIRECTION( '', ( 0.287320866769812, -0.957736222566040, 0.0137130413685592 ) );
#14484 = DIRECTION( '', ( -0.000000000000000, -0.000000000000000, -1.00000000000000 ) );
#14485 = DIRECTION( '', ( -0.000000000000000, -0.000000000000000, -1.00000000000000 ) );
#14486 = DIRECTION( '', ( 1.00000000000000, 0.000000000000000, 0.000000000000000 ) );
#14487 = DIRECTION( '', ( -0.000000000000000, -1.00000000000000, -0.000000000000000 ) );
#14488 = DIRECTION( '', ( -1.00000000000000, 0.000000000000000, 0.000000000000000 ) );
#14489 = DIRECTION( '', ( -1.00000000000000, -0.000000000000000, -0.000000000000000 ) );
#14490 = DIRECTION( '', ( 0.000000000000000, 4.97302426031116E-16, 1.00000000000000 ) );
#14491 = DIRECTION( '', ( 0.000000000000000, 1.00000000000000, 0.000000000000000 ) );
#14492 = DIRECTION( '', ( 0.000000000000000, 0.000000000000000, -1.00000000000000 ) );
#14493 = DIRECTION( '', ( 0.000000000000000, 0.000000000000000, -1.00000000000000 ) );
#14494 = DIRECTION( '', ( 0.0147394133665747, -0.999282262140650, -0.0348957055334059 ) );
#14495 = DIRECTION( '', ( 0.000000000000000, 0.999401425440469, 0.0345946647267854 ) );
#14496 = DIRECTION( '', ( 0.000000000000000, -0.999401425440469, -0.0345946647267854 ) );
#14497 = DIRECTION( '', ( -0.000000000000000, -0.000000000000000, -1.00000000000000 ) );
#14498 = DIRECTION( '', ( -0.287320866769812, -0.957736222566040, -0.0137130413685592 ) );
#14499 = DIRECTION( '', ( -0.000000000000000, -0.000000000000000, -1.00000000000000 ) );
#14500 = DIRECTION( '', ( 0.000000000000000, 1.00000000000000, 0.000000000000000 ) );
#14501 = DIRECTION( '', ( 0.000000000000000, 0.000000000000000, 1.00000000000000 ) );
#14502 = DIRECTION( '', ( -1.00000000000000, -0.000000000000000, -0.000000000000000 ) );
#14503 = DIRECTION( '', ( 0.000000000000000, 0.000000000000000, 1.00000000000000 ) );
#14504 = DIRECTION( '', ( -1.00000000000000, -0.000000000000000, -0.000000000000000 ) );
#14505 = DIRECTION( '', ( 0.000000000000000, 0.000000000000000, 1.00000000000000 ) );
#14506 = DIRECTION( '', ( 1.00000000000000, 0.000000000000000, -0.000000000000000 ) );
#14507 = DIRECTION( '', ( 1.00000000000000, 0.000000000000000, -0.000000000000000 ) );
#14508 = DIRECTION( '', ( 1.00000000000000, 0.000000000000000, 0.000000000000000 ) );
#14509 = DIRECTION( '', ( 0.000000000000000, 1.00000000000000, 0.000000000000000 ) );
#14510 = DIRECTION( '', ( -1.00000000000000, -0.000000000000000, -0.000000000000000 ) );
#14511 = DIRECTION( '', ( 0.000000000000000, 0.000000000000000, 1.00000000000000 ) );
#14512 = DIRECTION( '', ( -1.00000000000000, 0.000000000000000, 0.000000000000000 ) );
#14513 = DIRECTION( '', ( 0.000000000000000, 0.000000000000000, 1.00000000000000 ) );
#14514 = DIRECTION( '', ( -1.00000000000000, -0.000000000000000, -0.000000000000000 ) );
#14515 = DIRECTION( '', ( -0.000000000000000, -0.000000000000000, -1.00000000000000 ) );
#14516 = DIRECTION( '', ( -1.00000000000000, -0.000000000000000, -0.000000000000000 ) );
#14517 = DIRECTION( '', ( -0.000000000000000, -0.000000000000000, -1.00000000000000 ) );
#14518 = DIRECTION( '', ( 0.000000000000000, 0.000000000000000, -1.00000000000000 ) );
#14519 = DIRECTION( '', ( -1.00000000000000, -0.000000000000000, -0.000000000000000 ) );
#14520 = DIRECTION( '', ( -0.0147394133665747, 0.999282262140650, -0.0348957055334059 ) );
#14521 = DIRECTION( '', ( -0.0147394133665747, -0.999282262140650, 0.0348957055334059 ) );
#14522 = DIRECTION( '', ( -0.000000000000000, 0.999897510592982, 0.0143167143562177 ) );
#14523 = DIRECTION( '', ( 0.000000000000000, 0.000000000000000, 1.00000000000000 ) );
#14524 = DIRECTION( '', ( 0.000000000000000, 0.000000000000000, 1.00000000000000 ) );
#14525 = DIRECTION( '', ( 1.00000000000000, 0.000000000000000, 0.000000000000000 ) );
#14526 = DIRECTION( '', ( -1.00000000000000, 0.000000000000000, 0.000000000000000 ) );
#14527 = DIRECTION( '', ( 0.000000000000000, -0.999897510592982, -0.0143167143562177 ) );
#14528 = DIRECTION( '', ( 0.000000000000000, 0.000000000000000, 1.00000000000000 ) );
#14529 = DIRECTION( '', ( -0.000000000000000, -1.00000000000000, -0.000000000000000 ) );
#14530 = DIRECTION( '', ( -0.000000000000000, -1.00000000000000, -0.000000000000000 ) );
#14531 = DIRECTION( '', ( 1.00000000000000, 0.000000000000000, 0.000000000000000 ) );
#14532 = DIRECTION( '', ( -0.000000000000000, -1.00000000000000, -0.000000000000000 ) );
#14533 = DIRECTION( '', ( -0.000000000000000, -1.00000000000000, -0.000000000000000 ) );
#14534 = DIRECTION( '', ( 0.000000000000000, 0.000000000000000, 1.00000000000000 ) );
#14535 = DIRECTION( '', ( -1.00000000000000, 0.000000000000000, 0.000000000000000 ) );
#14536 = DIRECTION( '', ( 0.000000000000000, 0.000000000000000, -1.00000000000000 ) );
#14537 = DIRECTION( '', ( -1.00000000000000, 0.000000000000000, 0.000000000000000 ) );
#14538 = DIRECTION( '', ( 0.000000000000000, 0.000000000000000, -1.00000000000000 ) );
#14539 = DIRECTION( '', ( 1.00000000000000, 0.000000000000000, 0.000000000000000 ) );
#14540 = DIRECTION( '', ( 0.000000000000000, 0.000000000000000, -1.00000000000000 ) );
#14541 = DIRECTION( '', ( -1.00000000000000, -0.000000000000000, -0.000000000000000 ) );
#14542 = DIRECTION( '', ( -1.00000000000000, -0.000000000000000, -0.000000000000000 ) );
#14543 = DIRECTION( '', ( 0.000000000000000, 0.000000000000000, -1.00000000000000 ) );
#14544 = DIRECTION( '', ( -1.00000000000000, -0.000000000000000, -0.000000000000000 ) );
#14545 = DIRECTION( '', ( 0.000000000000000, 0.000000000000000, -1.00000000000000 ) );
#14546 = DIRECTION( '', ( -1.00000000000000, 0.000000000000000, 0.000000000000000 ) );
#14547 = DIRECTION( '', ( -0.000000000000000, -1.00000000000000, -0.000000000000000 ) );
#14548 = DIRECTION( '', ( -1.00000000000000, -0.000000000000000, -0.000000000000000 ) );
#14549 = DIRECTION( '', ( 1.00000000000000, 0.000000000000000, 0.000000000000000 ) );
#14550 = DIRECTION( '', ( -0.000000000000000, -1.00000000000000, -0.000000000000000 ) );
#14551 = DIRECTION( '', ( -1.00000000000000, 0.000000000000000, 0.000000000000000 ) );
#14552 = DIRECTION( '', ( 0.000000000000000, 0.000000000000000, 1.00000000000000 ) );
#14553 = DIRECTION( '', ( -0.000000000000000, -1.00000000000000, -0.000000000000000 ) );
#14554 = DIRECTION( '', ( 0.000000000000000, -1.00000000000000, 0.000000000000000 ) );
#14555 = DIRECTION( '', ( 0.000000000000000, 0.000000000000000, -1.00000000000000 ) );
#14556 = DIRECTION( '', ( 0.000000000000000, 1.00000000000000, 0.000000000000000 ) );
#14557 = DIRECTION( '', ( 0.000000000000000, 0.000000000000000, -1.00000000000000 ) );
#14558 = CARTESIAN_POINT( '', ( 0.0790000000000000, 0.260000000000000, 0.168000000000000 ) );
#14559 = DIRECTION( '', ( -1.00000000000000, 0.000000000000000, 0.000000000000000 ) );
#14560 = DIRECTION( '', ( 0.000000000000000, 0.000000000000000, 1.00000000000000 ) );
#14561 = DIRECTION( '', ( -0.000000000000000, -1.00000000000000, -0.000000000000000 ) );
#14562 = DIRECTION( '', ( -1.00000000000000, 0.000000000000000, 0.000000000000000 ) );
#14563 = DIRECTION( '', ( -0.000000000000000, -1.00000000000000, -0.000000000000000 ) );
#14564 = DIRECTION( '', ( 1.00000000000000, 0.000000000000000, 0.000000000000000 ) );
#14565 = DIRECTION( '', ( -1.00000000000000, -0.000000000000000, -0.000000000000000 ) );
#14566 = DIRECTION( '', ( -1.00000000000000, -0.000000000000000, -0.000000000000000 ) );
#14567 = DIRECTION( '', ( 0.000000000000000, 0.000000000000000, 1.00000000000000 ) );
#14568 = DIRECTION( '', ( -1.00000000000000, -0.000000000000000, -0.000000000000000 ) );
#14569 = DIRECTION( '', ( -1.00000000000000, 0.000000000000000, 0.000000000000000 ) );
#14570 = DIRECTION( '', ( -1.00000000000000, -0.000000000000000, -0.000000000000000 ) );
#14571 = DIRECTION( '', ( 0.000000000000000, -1.00000000000000, 0.000000000000000 ) );
#14572 = DIRECTION( '', ( 0.000000000000000, 1.00000000000000, 0.000000000000000 ) );
#14573 = DIRECTION( '', ( -0.000000000000000, -1.00000000000000, -0.000000000000000 ) );
#14574 = DIRECTION( '', ( -0.000000000000000, -1.00000000000000, -0.000000000000000 ) );
#14575 = DIRECTION( '', ( 0.000000000000000, 0.000000000000000, 1.00000000000000 ) );
#14576 = DIRECTION( '', ( 0.000000000000000, 1.00000000000000, 0.000000000000000 ) );
#14577 = DIRECTION( '', ( 0.000000000000000, -4.97302426031116E-16, -1.00000000000000 ) );
#14578 = DIRECTION( '', ( -1.00000000000000, -0.000000000000000, -0.000000000000000 ) );
#14579 = DIRECTION( '', ( 0.000000000000000, 4.97302426031116E-16, 1.00000000000000 ) );
#14580 = DIRECTION( '', ( 1.00000000000000, 0.000000000000000, 0.000000000000000 ) );
#14581 = DIRECTION( '', ( 0.000000000000000, 0.000000000000000, -1.00000000000000 ) );
#14582 = DIRECTION( '', ( -1.00000000000000, 0.000000000000000, 0.000000000000000 ) );
#14583 = DIRECTION( '', ( -0.000000000000000, -1.00000000000000, -0.000000000000000 ) );
#14584 = DIRECTION( '', ( 0.000000000000000, 0.999401425440469, 0.0345946647267854 ) );
#14585 = DIRECTION( '', ( -0.000000000000000, -1.00000000000000, -0.000000000000000 ) );
#14586 = DIRECTION( '', ( 0.000000000000000, 1.00000000000000, 0.000000000000000 ) );
#14587 = DIRECTION( '', ( 0.000000000000000, 0.999401425440469, 0.0345946647267854 ) );
#14588 = DIRECTION( '', ( 0.000000000000000, 0.000000000000000, 1.00000000000000 ) );
#14589 = DIRECTION( '', ( 0.000000000000000, -0.999897510592982, -0.0143167143562177 ) );
#14590 = DIRECTION( '', ( -1.00000000000000, 0.000000000000000, 0.000000000000000 ) );
#14591 = DIRECTION( '', ( 0.0147468845127299, -0.999788780524063, 0.0143151575393218 ) );
#14592 = DIRECTION( '', ( -1.00000000000000, 0.000000000000000, 0.000000000000000 ) );
#14593 = DIRECTION( '', ( -1.00000000000000, 0.000000000000000, 0.000000000000000 ) );
#14594 = DIRECTION( '', ( -0.000000000000000, -1.00000000000000, -0.000000000000000 ) );
#14595 = DIRECTION( '', ( 0.000000000000000, 0.000000000000000, -1.00000000000000 ) );
#14596 = DIRECTION( '', ( -0.000000000000000, -1.00000000000000, -0.000000000000000 ) );
#14597 = DIRECTION( '', ( 0.000000000000000, 0.000000000000000, 1.00000000000000 ) );
#14598 = DIRECTION( '', ( -1.00000000000000, -0.000000000000000, -0.000000000000000 ) );
#14599 = DIRECTION( '', ( -1.00000000000000, -0.000000000000000, -0.000000000000000 ) );
#14600 = DIRECTION( '', ( 0.000000000000000, 0.000000000000000, 1.00000000000000 ) );
#14601 = DIRECTION( '', ( 1.00000000000000, 0.000000000000000, -0.000000000000000 ) );
#14602 = DIRECTION( '', ( 0.000000000000000, 0.000000000000000, -1.00000000000000 ) );
#14603 = DIRECTION( '', ( -1.00000000000000, -0.000000000000000, -0.000000000000000 ) );
#14604 = DIRECTION( '', ( 0.000000000000000, 1.00000000000000, 0.000000000000000 ) );
#14605 = DIRECTION( '', ( -1.00000000000000, -0.000000000000000, -0.000000000000000 ) );
#14606 = DIRECTION( '', ( -0.000000000000000, -1.00000000000000, -0.000000000000000 ) );
#14607 = DIRECTION( '', ( 0.000000000000000, 0.000000000000000, -1.00000000000000 ) );
#14608 = DIRECTION( '', ( 0.000000000000000, 1.00000000000000, 0.000000000000000 ) );
#14609 = DIRECTION( '', ( 1.00000000000000, 0.000000000000000, 0.000000000000000 ) );
#14610 = DIRECTION( '', ( 0.000000000000000, 0.999897510592982, -0.0143167143562177 ) );
#14611 = DIRECTION( '', ( -1.00000000000000, -0.000000000000000, -0.000000000000000 ) );
#14612 = DIRECTION( '', ( 0.287320866769812, 0.957736222566040, -0.0137130413685592 ) );
#14613 = DIRECTION( '', ( 0.0147468845127299, 0.999788780524063, -0.0143151575393218 ) );
#14614 = DIRECTION( '', ( -1.00000000000000, -0.000000000000000, -0.000000000000000 ) );
#14615 = DIRECTION( '', ( -0.000000000000000, -0.999897510592982, 0.0143167143562177 ) );
#14616 = DIRECTION( '', ( 0.000000000000000, 0.000000000000000, 1.00000000000000 ) );
#14617 = DIRECTION( '', ( 0.000000000000000, 0.000000000000000, 1.00000000000000 ) );
#14618 = DIRECTION( '', ( -1.00000000000000, -0.000000000000000, -0.000000000000000 ) );
#14619 = DIRECTION( '', ( -1.00000000000000, 0.000000000000000, 0.000000000000000 ) );
#14620 = DIRECTION( '', ( 0.000000000000000, 0.000000000000000, 1.00000000000000 ) );
#14621 = DIRECTION( '', ( -1.00000000000000, 0.000000000000000, 0.000000000000000 ) );
#14622 = DIRECTION( '', ( 0.000000000000000, 0.000000000000000, -1.00000000000000 ) );
#14623 = DIRECTION( '', ( 1.00000000000000, 0.000000000000000, 0.000000000000000 ) );
#14624 = DIRECTION( '', ( 0.000000000000000, 0.000000000000000, 1.00000000000000 ) );
#14625 = DIRECTION( '', ( 0.287187282104694, -0.957290940348981, -0.0334293362644652 ) );
#14626 = DIRECTION( '', ( -1.00000000000000, -0.000000000000000, -0.000000000000000 ) );
#14627 = DIRECTION( '', ( -1.00000000000000, 0.000000000000000, 0.000000000000000 ) );
#14628 = DIRECTION( '', ( 1.00000000000000, 0.000000000000000, 0.000000000000000 ) );
#14629 = DIRECTION( '', ( 0.000000000000000, 1.00000000000000, 0.000000000000000 ) );
#14630 = DIRECTION( '', ( 0.000000000000000, -1.00000000000000, 0.000000000000000 ) );
#14631 = CARTESIAN_POINT( '', ( -0.0415000000000000, 0.180000000000000, 0.150000000000000 ) );
#14632 = DIRECTION( '', ( -1.00000000000000, 0.000000000000000, 0.000000000000000 ) );
#14633 = DIRECTION( '', ( 0.000000000000000, 0.000000000000000, 1.00000000000000 ) );
#14634 = DIRECTION( '', ( 0.000000000000000, 1.00000000000000, -0.000000000000000 ) );
#14635 = DIRECTION( '', ( 0.000000000000000, 0.000000000000000, -1.00000000000000 ) );
#14636 = DIRECTION( '', ( 0.000000000000000, 1.00000000000000, -0.000000000000000 ) );
#14637 = DIRECTION( '', ( 0.000000000000000, 0.000000000000000, -1.00000000000000 ) );
#14638 = CARTESIAN_POINT( '', ( -0.0415000000000000, 0.260000000000000, 0.168000000000000 ) );
#14639 = DIRECTION( '', ( -1.00000000000000, 0.000000000000000, 0.000000000000000 ) );
#14640 = DIRECTION( '', ( 0.000000000000000, 0.000000000000000, 1.00000000000000 ) );
#14641 = DIRECTION( '', ( 0.000000000000000, 1.00000000000000, -0.000000000000000 ) );
#14642 = DIRECTION( '', ( 0.000000000000000, 0.000000000000000, -1.00000000000000 ) );
#14643 = DIRECTION( '', ( 0.000000000000000, -1.00000000000000, 0.000000000000000 ) );
#14644 = DIRECTION( '', ( -1.00000000000000, 0.000000000000000, 0.000000000000000 ) );
#14645 = DIRECTION( '', ( 1.00000000000000, 0.000000000000000, 0.000000000000000 ) );
#14646 = DIRECTION( '', ( -0.000000000000000, -1.00000000000000, -0.000000000000000 ) );
#14647 = DIRECTION( '', ( 1.00000000000000, 0.000000000000000, 0.000000000000000 ) );
#14648 = DIRECTION( '', ( 0.000000000000000, 1.00000000000000, 0.000000000000000 ) );
#14649 = DIRECTION( '', ( -0.000000000000000, -0.000000000000000, -1.00000000000000 ) );
#14650 = DIRECTION( '', ( -0.000000000000000, -1.00000000000000, -0.000000000000000 ) );
#14651 = DIRECTION( '', ( -0.000000000000000, -1.00000000000000, -0.000000000000000 ) );
#14652 = DIRECTION( '', ( 0.000000000000000, -1.00000000000000, 0.000000000000000 ) );
#14653 = CARTESIAN_POINT( '', ( 0.0415000000000000, 0.260000000000000, 0.168000000000000 ) );
#14654 = DIRECTION( '', ( 1.00000000000000, 0.000000000000000, 0.000000000000000 ) );
#14655 = DIRECTION( '', ( 0.000000000000000, 0.000000000000000, -1.00000000000000 ) );
#14656 = DIRECTION( '', ( 0.000000000000000, -0.000000000000000, 1.00000000000000 ) );
#14657 = CARTESIAN_POINT( '', ( 0.0415000000000000, 0.260000000000000, 0.150000000000000 ) );
#14658 = DIRECTION( '', ( 1.00000000000000, 0.000000000000000, 0.000000000000000 ) );
#14659 = DIRECTION( '', ( 0.000000000000000, 0.000000000000000, -1.00000000000000 ) );
#14660 = DIRECTION( '', ( 0.000000000000000, -1.00000000000000, 0.000000000000000 ) );
#14661 = DIRECTION( '', ( 0.000000000000000, 1.00000000000000, 0.000000000000000 ) );
#14662 = DIRECTION( '', ( 0.000000000000000, -1.00000000000000, 0.000000000000000 ) );
#14663 = CARTESIAN_POINT( '', ( 0.0415000000000000, 0.180000000000000, 0.150000000000000 ) );
#14664 = DIRECTION( '', ( 1.00000000000000, 0.000000000000000, 0.000000000000000 ) );
#14665 = DIRECTION( '', ( 0.000000000000000, 0.000000000000000, -1.00000000000000 ) );
#14666 = DIRECTION( '', ( 0.000000000000000, 1.00000000000000, -0.000000000000000 ) );
#14667 = DIRECTION( '', ( 0.000000000000000, 1.00000000000000, 0.000000000000000 ) );
#14668 = DIRECTION( '', ( 0.000000000000000, 0.000000000000000, 1.00000000000000 ) );
#14669 = DIRECTION( '', ( 1.00000000000000, 0.000000000000000, -0.000000000000000 ) );
#14670 = DIRECTION( '', ( 0.275767066154022, -0.919223553846744, -0.281034843530417 ) );
#14671 = DIRECTION( '', ( 0.000000000000000, 0.000000000000000, -1.00000000000000 ) );
#14672 = DIRECTION( '', ( -1.00000000000000, 0.000000000000000, 0.000000000000000 ) );
#14673 = DIRECTION( '', ( 0.000000000000000, 0.000000000000000, -1.00000000000000 ) );
#14674 = DIRECTION( '', ( 0.000000000000000, 0.000000000000000, 1.00000000000000 ) );
#14675 = DIRECTION( '', ( 0.000000000000000, 0.999401425440469, -0.0345946647267853 ) );
#14676 = DIRECTION( '', ( 0.000000000000000, 0.000000000000000, -1.00000000000000 ) );
#14677 = DIRECTION( '', ( -0.000000000000000, -0.999897510592982, 0.0143167143562177 ) );
#14678 = DIRECTION( '', ( 0.000000000000000, 0.000000000000000, 1.00000000000000 ) );
#14679 = DIRECTION( '', ( 0.000000000000000, 0.000000000000000, -1.00000000000000 ) );
#14680 = DIRECTION( '', ( 0.000000000000000, 1.00000000000000, 0.000000000000000 ) );
#14681 = DIRECTION( '', ( -0.000000000000000, 0.999897510592982, 0.0143167143562177 ) );
#14682 = DIRECTION( '', ( -1.00000000000000, -0.000000000000000, -0.000000000000000 ) );
#14683 = DIRECTION( '', ( -0.287320866769811, 0.957736222566041, 0.0137130413685592 ) );
#14684 = DIRECTION( '', ( 0.000000000000000, -0.999897510592982, -0.0143167143562177 ) );
#14685 = DIRECTION( '', ( 0.000000000000000, 1.00000000000000, 0.000000000000000 ) );
#14686 = DIRECTION( '', ( 0.000000000000000, 0.000000000000000, -1.00000000000000 ) );
#14687 = DIRECTION( '', ( 0.000000000000000, 1.00000000000000, 0.000000000000000 ) );
#14688 = DIRECTION( '', ( -1.00000000000000, -0.000000000000000, -0.000000000000000 ) );
#14689 = DIRECTION( '', ( -1.00000000000000, -0.000000000000000, -0.000000000000000 ) );
#14690 = DIRECTION( '', ( -0.000000000000000, -0.000000000000000, -1.00000000000000 ) );
#14691 = DIRECTION( '', ( -1.00000000000000, 0.000000000000000, 0.000000000000000 ) );
#14692 = DIRECTION( '', ( 0.000000000000000, 0.000000000000000, -1.00000000000000 ) );
#14693 = DIRECTION( '', ( -1.00000000000000, 0.000000000000000, 0.000000000000000 ) );
#14694 = DIRECTION( '', ( -0.000000000000000, -1.00000000000000, -0.000000000000000 ) );
#14695 = DIRECTION( '', ( -0.000000000000000, -1.00000000000000, -0.000000000000000 ) );
#14696 = DIRECTION( '', ( 0.000000000000000, 0.000000000000000, 1.00000000000000 ) );
#14697 = DIRECTION( '', ( -0.000000000000000, -1.00000000000000, -0.000000000000000 ) );
#14698 = DIRECTION( '', ( -0.000000000000000, 0.000000000000000, 1.00000000000000 ) );
#14699 = DIRECTION( '', ( 0.000000000000000, 1.00000000000000, 0.000000000000000 ) );
#14700 = DIRECTION( '', ( 0.000000000000000, 0.000000000000000, -1.00000000000000 ) );
#14701 = DIRECTION( '', ( -0.000000000000000, -1.00000000000000, -0.000000000000000 ) );
#14702 = DIRECTION( '', ( 1.00000000000000, 0.000000000000000, 0.000000000000000 ) );
#14703 = DIRECTION( '', ( 0.000000000000000, -0.000000000000000, -1.00000000000000 ) );
#14704 = DIRECTION( '', ( -1.00000000000000, 0.000000000000000, 0.000000000000000 ) );
#14705 = DIRECTION( '', ( -1.00000000000000, -0.000000000000000, -0.000000000000000 ) );
#14706 = DIRECTION( '', ( -1.00000000000000, -0.000000000000000, -0.000000000000000 ) );
#14707 = DIRECTION( '', ( 0.000000000000000, 1.00000000000000, 0.000000000000000 ) );
#14708 = DIRECTION( '', ( 0.000000000000000, 1.00000000000000, 0.000000000000000 ) );
#14709 = DIRECTION( '', ( -1.00000000000000, -0.000000000000000, -0.000000000000000 ) );
#14710 = DIRECTION( '', ( -1.00000000000000, -0.000000000000000, -0.000000000000000 ) );
#14711 = DIRECTION( '', ( 0.000000000000000, -1.00000000000000, 0.000000000000000 ) );
#14712 = DIRECTION( '', ( -1.00000000000000, 0.000000000000000, 0.000000000000000 ) );
#14713 = DIRECTION( '', ( -1.00000000000000, 0.000000000000000, 0.000000000000000 ) );
#14714 = DIRECTION( '', ( 0.000000000000000, 0.000000000000000, -1.00000000000000 ) );
#14715 = DIRECTION( '', ( 0.000000000000000, 0.000000000000000, -1.00000000000000 ) );
#14716 = DIRECTION( '', ( 0.000000000000000, 0.000000000000000, 1.00000000000000 ) );
#14717 = DIRECTION( '', ( 1.00000000000000, 0.000000000000000, 0.000000000000000 ) );
#14718 = DIRECTION( '', ( 0.000000000000000, 0.000000000000000, -1.00000000000000 ) );
#14719 = DIRECTION( '', ( 0.000000000000000, 0.000000000000000, -1.00000000000000 ) );
#14720 = DIRECTION( '', ( 1.00000000000000, 0.000000000000000, 0.000000000000000 ) );
#14721 = DIRECTION( '', ( -1.00000000000000, 0.000000000000000, 0.000000000000000 ) );
#14722 = DIRECTION( '', ( 0.000000000000000, 0.000000000000000, -1.00000000000000 ) );
#14723 = DIRECTION( '', ( 0.000000000000000, 0.000000000000000, -1.00000000000000 ) );
#14724 = DIRECTION( '', ( -1.00000000000000, 0.000000000000000, 0.000000000000000 ) );
#14725 = DIRECTION( '', ( 1.00000000000000, 0.000000000000000, -0.000000000000000 ) );
#14726 = DIRECTION( '', ( -1.00000000000000, 0.000000000000000, 0.000000000000000 ) );
#14727 = DIRECTION( '', ( -1.00000000000000, -0.000000000000000, -0.000000000000000 ) );
#14728 = DIRECTION( '', ( 0.000000000000000, 0.000000000000000, 1.00000000000000 ) );
#14729 = DIRECTION( '', ( -1.00000000000000, -0.000000000000000, -0.000000000000000 ) );
#14730 = DIRECTION( '', ( -1.00000000000000, 0.000000000000000, 0.000000000000000 ) );
#14731 = DIRECTION( '', ( 0.000000000000000, 0.000000000000000, -1.00000000000000 ) );
#14732 = DIRECTION( '', ( 0.000000000000000, 1.00000000000000, 0.000000000000000 ) );
#14733 = DIRECTION( '', ( 0.000000000000000, 0.000000000000000, -1.00000000000000 ) );
#14734 = DIRECTION( '', ( 0.000000000000000, 0.000000000000000, 1.00000000000000 ) );
#14735 = DIRECTION( '', ( 0.000000000000000, 1.00000000000000, 0.000000000000000 ) );
#14736 = DIRECTION( '', ( 0.0147468845127300, -0.999788780524063, 0.0143151575393218 ) );
#14737 = DIRECTION( '', ( -0.0147468845127300, 0.999788780524063, 0.0143151575393218 ) );
#14738 = DIRECTION( '', ( -0.000000000000000, -0.000000000000000, -1.00000000000000 ) );
#14739 = DIRECTION( '', ( 0.000000000000000, 0.000000000000000, 1.00000000000000 ) );
#14740 = DIRECTION( '', ( 0.000000000000000, 0.000000000000000, -1.00000000000000 ) );
#14741 = DIRECTION( '', ( 0.000000000000000, 1.00000000000000, 0.000000000000000 ) );
#14742 = DIRECTION( '', ( 0.000000000000000, 1.00000000000000, 0.000000000000000 ) );
#14743 = DIRECTION( '', ( 0.000000000000000, 1.00000000000000, 0.000000000000000 ) );
#14744 = DIRECTION( '', ( 0.000000000000000, 1.00000000000000, 0.000000000000000 ) );
#14745 = DIRECTION( '', ( -0.0147468845127299, -0.999788780524063, -0.0143151575393218 ) );
#14746 = DIRECTION( '', ( 1.00000000000000, 0.000000000000000, 0.000000000000000 ) );
#14747 = DIRECTION( '', ( 0.287320866769811, -0.957736222566041, 0.0137130413685592 ) );
#14748 = DIRECTION( '', ( -0.000000000000000, -1.00000000000000, -0.000000000000000 ) );
#14749 = DIRECTION( '', ( 0.000000000000000, 1.00000000000000, 0.000000000000000 ) );
#14750 = DIRECTION( '', ( -0.0147394133665747, 0.999282262140650, -0.0348957055334059 ) );
#14751 = DIRECTION( '', ( -0.000000000000000, -0.000000000000000, -1.00000000000000 ) );
#14752 = DIRECTION( '', ( 0.000000000000000, 0.000000000000000, 1.00000000000000 ) );
#14753 = DIRECTION( '', ( 0.000000000000000, 1.00000000000000, 0.000000000000000 ) );
#14754 = DIRECTION( '', ( 0.000000000000000, 1.00000000000000, 0.000000000000000 ) );
#14755 = DIRECTION( '', ( -0.000000000000000, -1.00000000000000, -0.000000000000000 ) );
#14756 = DIRECTION( '', ( -0.000000000000000, -1.00000000000000, -0.000000000000000 ) );
#14757 = DIRECTION( '', ( 0.000000000000000, 0.000000000000000, 1.00000000000000 ) );
#14758 = DIRECTION( '', ( 0.000000000000000, -0.999401425440469, 0.0345946647267853 ) );
#14759 = DIRECTION( '', ( 0.000000000000000, 0.999897510592982, -0.0143167143562177 ) );
#14760 = DIRECTION( '', ( -0.000000000000000, 0.999897510592982, 0.0143167143562177 ) );
#14761 = DIRECTION( '', ( -0.287320866769811, -0.957736222566041, -0.0137130413685592 ) );
#14762 = DIRECTION( '', ( -0.287320866769812, 0.957736222566041, 0.0137130413685592 ) );
#14763 = DIRECTION( '', ( 1.00000000000000, 0.000000000000000, 0.000000000000000 ) );
#14764 = DIRECTION( '', ( -1.00000000000000, -0.000000000000000, -0.000000000000000 ) );
#14765 = DIRECTION( '', ( -0.000000000000000, -1.00000000000000, -0.000000000000000 ) );
#14766 = DIRECTION( '', ( 0.000000000000000, 1.00000000000000, 0.000000000000000 ) );
#14767 = DIRECTION( '', ( -1.00000000000000, -0.000000000000000, -0.000000000000000 ) );
#14768 = DIRECTION( '', ( -1.00000000000000, -0.000000000000000, -0.000000000000000 ) );
#14769 = DIRECTION( '', ( 0.000000000000000, 1.00000000000000, 0.000000000000000 ) );
#14770 = DIRECTION( '', ( -1.00000000000000, 0.000000000000000, 0.000000000000000 ) );
#14771 = DIRECTION( '', ( 0.287320866769811, 0.957736222566041, -0.0137130413685592 ) );
#14772 = DIRECTION( '', ( 0.287320866769812, -0.957736222566041, 0.0137130413685592 ) );
#14773 = DIRECTION( '', ( -0.000000000000000, -0.999897510592982, 0.0143167143562177 ) );
#14774 = DIRECTION( '', ( 0.000000000000000, 0.999401425440469, 0.0345946647267854 ) );
#14775 = DIRECTION( '', ( -0.000000000000000, -1.00000000000000, -0.000000000000000 ) );
#14776 = DIRECTION( '', ( -0.000000000000000, -1.00000000000000, -0.000000000000000 ) );
#14777 = DIRECTION( '', ( -1.00000000000000, 0.000000000000000, 0.000000000000000 ) );
#14778 = DIRECTION( '', ( 0.000000000000000, -0.999401425440469, 0.0345946647267853 ) );
#14779 = DIRECTION( '', ( -0.000000000000000, -1.00000000000000, -0.000000000000000 ) );
#14780 = DIRECTION( '', ( -0.287320866769811, 0.957736222566041, 0.0137130413685592 ) );
#14781 = DIRECTION( '', ( -0.000000000000000, -0.000000000000000, -1.00000000000000 ) );
#14782 = DIRECTION( '', ( 0.000000000000000, 0.999401425440469, 0.0345946647267854 ) );
#14783 = DIRECTION( '', ( 0.000000000000000, 0.999401425440469, -0.0345946647267853 ) );
#14784 = DIRECTION( '', ( 1.00000000000000, 0.000000000000000, 0.000000000000000 ) );
#14785 = DIRECTION( '', ( -1.00000000000000, -0.000000000000000, -0.000000000000000 ) );
#14786 = DIRECTION( '', ( 0.000000000000000, -0.999401425440469, 0.0345946647267853 ) );
#14787 = DIRECTION( '', ( -0.000000000000000, -1.00000000000000, -0.000000000000000 ) );
#14788 = DIRECTION( '', ( 0.000000000000000, 0.000000000000000, 1.00000000000000 ) );
#14789 = DIRECTION( '', ( -1.00000000000000, 0.000000000000000, 0.000000000000000 ) );
#14790 = CARTESIAN_POINT( '', ( -0.104000000000000, 0.180000000000000, 0.150000000000000 ) );
#14791 = DIRECTION( '', ( 0.707106781186548, -0.707106781186548, 0.000000000000000 ) );
#14792 = DIRECTION( '', ( -0.707106781186548, -0.707106781186548, -0.000000000000000 ) );
#14793 = DIRECTION( '', ( 0.000000000000000, 1.00000000000000, 0.000000000000000 ) );
#14794 = DIRECTION( '', ( 0.000000000000000, 1.00000000000000, 0.000000000000000 ) );
#14795 = DIRECTION( '', ( -0.000000000000000, -1.00000000000000, -0.000000000000000 ) );
#14796 = DIRECTION( '', ( 0.000000000000000, 0.000000000000000, -1.00000000000000 ) );
#14797 = DIRECTION( '', ( 0.000000000000000, 0.000000000000000, 1.00000000000000 ) );
#14798 = DIRECTION( '', ( -1.00000000000000, -0.000000000000000, -0.000000000000000 ) );
#14799 = DIRECTION( '', ( -0.000000000000000, -1.00000000000000, -0.000000000000000 ) );
#14800 = DIRECTION( '', ( 0.000000000000000, 0.000000000000000, -1.00000000000000 ) );
#14801 = DIRECTION( '', ( -1.00000000000000, -0.000000000000000, -0.000000000000000 ) );
#14802 = DIRECTION( '', ( 0.000000000000000, 0.999401425440469, 0.0345946647267854 ) );
#14803 = DIRECTION( '', ( 1.00000000000000, 0.000000000000000, 0.000000000000000 ) );
#14804 = DIRECTION( '', ( 0.000000000000000, 0.000000000000000, 1.00000000000000 ) );
ENDSEC;
END-ISO-10303-21;
