ISO-10303-21;
HEADER;
FILE_DESCRIPTION( ( 'STEP AP214' ), '1' );
FILE_NAME( 'p:/temp/worker_3/temp/exporttempdir_4204_682_7XS1b/format_0/IPS1-105-01-L-D-RA.stp', '2019-10-22T20:36:26', ( '' ), ( '' ), ' ', 'PARTsolutions', ' ' );
FILE_SCHEMA( ( 'AUTOMOTIVE_DESIGN { 1 0 10303 214 1 1 1 1 }' ) );
ENDSEC;
DATA;
#1 = PRODUCT_DEFINITION_CONTEXT( '', #18, 'design' );
#2 = APPLICATION_PROTOCOL_DEFINITION( 'international standard', 'automotive_design', 2001, #18 );
#3 = PRODUCT_CATEGORY_RELATIONSHIP( 'NONE', 'NONE', #19, #20 );
#4 = SHAPE_DEFINITION_REPRESENTATION( #21, #22 );
#5 = PRODUCT_CATEGORY_RELATIONSHIP( 'NONE', 'NONE', #19, #23 );
#6 = CONTEXT_DEPENDENT_SHAPE_REPRESENTATION( #24, #25 );
#7 = SHAPE_DEFINITION_REPRESENTATION( #26, #27 );
#8 = SHAPE_REPRESENTATION_RELATIONSHIP( 'NONE', 'NONE', #27, #28 );
#9 = PRODUCT_CATEGORY_RELATIONSHIP( 'NONE', 'NONE', #19, #29 );
#10 = CONTEXT_DEPENDENT_SHAPE_REPRESENTATION( #30, #31 );
#11 = SHAPE_DEFINITION_REPRESENTATION( #32, #33 );
#12 = SHAPE_REPRESENTATION_RELATIONSHIP( 'NONE', 'NONE', #33, #34 );
#13 = MECHANICAL_DESIGN_GEOMETRIC_PRESENTATION_REPRESENTATION( ' ', ( #35, #36, #37, #38, #39, #40, #41, #42, #43, #44, #45, #46, #47, #48, #49, #50, #51, #52, #53, #54, #55, #56, #57, #58, #59, #60, #61, #62, #63, #64, #65, #66, #67, #68, #69, #70, #71, #72, #73, #74, #75, #76, #77, #78, #79, #80, #81, #82, #83, #84, #85, #86, #87, #88, #89, #90, #91, #92, #93, #94, #95, #96, #97, #98, #99, #100, #101, #102, #103, #104, #105, #106, #107, #108, #109, #110, #111, #112, #113, #114, #115, #116, #117, #118, #119, #120, #121, #122, #123, #124, #125, #126, #127, #128, #129, #130, #131, #132, #133, #134, #135, #136, #137, #138, #139, #140, #141, #142, #143, #144, #145, #146, #147, #148, #149, #150, #151, #152, #153, #154, #155, #156, #157, #158, #159, #160, #161, #162, #163, #164, #165, #166, #167, #168, #169, #170, #171, #172, #173, #174, #175, #176, #177, #178, #179, #180, #181, #182, #183, #184, #185, #186, #187, #188, #189, #190, #191, #192, #193, #194, #195, #196, #197, #198, #199, #200, #201, #202, #203, #204, #205, #206, #207, #208, #209, #210, #211, #212, #213, #214, #215, #216, #217, #218, #219, #220, #221, #222, #223, #224, #225, #226, #227, #228, #229, #230, #231, #232, #233, #234, #235, #236, #237, #238, #239, #240, #241, #242, #243, #244, #245, #246, #247, #248, #249, #250, #251, #252, #253, #254, #255, #256, #257, #258, #259, #260, #261, #262, #263, #264, #265, #266, #267, #268, #269, #270, #271, #272, #273, #274, #275, #276, #277, #278, #279, #280, #281, #282, #283, #284, #285, #286, #287, #288, #289, #290, #291, #292, #293, #294, #295, #296, #297, #298, #299, #300, #301, #302, #303, #304, #305, #306, #307, #308, #309, #310, #311, #312, #313, #314, #315, #316, #317, #318, #319, #320, #321, #322, #323, #324, #325, #326, #327, #328, #329, #330, #331, #332, #333, #334, #335, #336, #337, #338, #339, #340, #341, #342 ), #14 );
#14 =  ( GEOMETRIC_REPRESENTATION_CONTEXT( 3 )GLOBAL_UNCERTAINTY_ASSIGNED_CONTEXT( ( #345 ) )GLOBAL_UNIT_ASSIGNED_CONTEXT( ( #347, #348, #349 ) )REPRESENTATION_CONTEXT( 'NONE', 'WORKSPACE' ) );
#18 = APPLICATION_CONTEXT( 'core data for automotive mechanical design processes' );
#19 = PRODUCT_CATEGORY( 'part', 'NONE' );
#20 = PRODUCT_RELATED_PRODUCT_CATEGORY( 'detail', ' ', ( #351 ) );
#21 = PRODUCT_DEFINITION_SHAPE( 'NONE', 'NONE', #352 );
#22 = SHAPE_REPRESENTATION( 'IPS1-105-01-L-D-RA', ( #353, #354, #355 ), #356 );
#23 = PRODUCT_RELATED_PRODUCT_CATEGORY( 'detail', ' ', ( #357 ) );
#24 = ( REPRESENTATION_RELATIONSHIP( '', '', #27, #22 )REPRESENTATION_RELATIONSHIP_WITH_TRANSFORMATION( #360 )SHAPE_REPRESENTATION_RELATIONSHIP(  ) );
#25 = PRODUCT_DEFINITION_SHAPE( 'NAUO-PROD-DEF', 'NAUO-PROD-DEF', #362 );
#26 = PRODUCT_DEFINITION_SHAPE( 'NONE', 'NONE', #363 );
#27 = SHAPE_REPRESENTATION( '_IPS1-105-01-L-D-RAt', ( #353 ), #356 );
#28 = ADVANCED_BREP_SHAPE_REPRESENTATION( '_IPS1-105-01-L-D-RAt', ( #364 ), #14 );
#29 = PRODUCT_RELATED_PRODUCT_CATEGORY( 'detail', ' ', ( #365 ) );
#30 = ( REPRESENTATION_RELATIONSHIP( '', '', #33, #22 )REPRESENTATION_RELATIONSHIP_WITH_TRANSFORMATION( #368 )SHAPE_REPRESENTATION_RELATIONSHIP(  ) );
#31 = PRODUCT_DEFINITION_SHAPE( 'NAUO-PROD-DEF', 'NAUO-PROD-DEF', #370 );
#32 = PRODUCT_DEFINITION_SHAPE( 'NONE', 'NONE', #371 );
#33 = SHAPE_REPRESENTATION( '_IPS1-105-01-D-RA_pin', ( #353 ), #356 );
#34 = ADVANCED_BREP_SHAPE_REPRESENTATION( '_IPS1-105-01-D-RA_pin', ( #372 ), #14 );
#35 = STYLED_ITEM( '', ( #373 ), #374 );
#36 = STYLED_ITEM( '', ( #375 ), #376 );
#37 = STYLED_ITEM( '', ( #377 ), #378 );
#38 = STYLED_ITEM( '', ( #379 ), #380 );
#39 = STYLED_ITEM( '', ( #381 ), #382 );
#40 = STYLED_ITEM( '', ( #383 ), #384 );
#41 = STYLED_ITEM( '', ( #385 ), #386 );
#42 = STYLED_ITEM( '', ( #387 ), #388 );
#43 = STYLED_ITEM( '', ( #389 ), #390 );
#44 = STYLED_ITEM( '', ( #391 ), #392 );
#45 = STYLED_ITEM( '', ( #393 ), #394 );
#46 = STYLED_ITEM( '', ( #395 ), #396 );
#47 = STYLED_ITEM( '', ( #397 ), #398 );
#48 = STYLED_ITEM( '', ( #399 ), #400 );
#49 = STYLED_ITEM( '', ( #401 ), #402 );
#50 = STYLED_ITEM( '', ( #403 ), #404 );
#51 = STYLED_ITEM( '', ( #405 ), #406 );
#52 = STYLED_ITEM( '', ( #407 ), #408 );
#53 = STYLED_ITEM( '', ( #409 ), #410 );
#54 = STYLED_ITEM( '', ( #411 ), #412 );
#55 = STYLED_ITEM( '', ( #413 ), #414 );
#56 = STYLED_ITEM( '', ( #415 ), #416 );
#57 = STYLED_ITEM( '', ( #417 ), #418 );
#58 = STYLED_ITEM( '', ( #419 ), #420 );
#59 = STYLED_ITEM( '', ( #421 ), #422 );
#60 = STYLED_ITEM( '', ( #423 ), #424 );
#61 = STYLED_ITEM( '', ( #425 ), #426 );
#62 = STYLED_ITEM( '', ( #427 ), #428 );
#63 = STYLED_ITEM( '', ( #429 ), #430 );
#64 = STYLED_ITEM( '', ( #431 ), #432 );
#65 = STYLED_ITEM( '', ( #433 ), #434 );
#66 = STYLED_ITEM( '', ( #435 ), #436 );
#67 = STYLED_ITEM( '', ( #437 ), #438 );
#68 = STYLED_ITEM( '', ( #439 ), #440 );
#69 = STYLED_ITEM( '', ( #441 ), #442 );
#70 = STYLED_ITEM( '', ( #443 ), #444 );
#71 = STYLED_ITEM( '', ( #445 ), #446 );
#72 = STYLED_ITEM( '', ( #447 ), #448 );
#73 = STYLED_ITEM( '', ( #449 ), #450 );
#74 = STYLED_ITEM( '', ( #451 ), #452 );
#75 = STYLED_ITEM( '', ( #453 ), #454 );
#76 = STYLED_ITEM( '', ( #455 ), #456 );
#77 = STYLED_ITEM( '', ( #457 ), #458 );
#78 = STYLED_ITEM( '', ( #459 ), #460 );
#79 = STYLED_ITEM( '', ( #461 ), #462 );
#80 = STYLED_ITEM( '', ( #463 ), #464 );
#81 = STYLED_ITEM( '', ( #465 ), #466 );
#82 = STYLED_ITEM( '', ( #467 ), #468 );
#83 = STYLED_ITEM( '', ( #469 ), #470 );
#84 = STYLED_ITEM( '', ( #471 ), #472 );
#85 = STYLED_ITEM( '', ( #473 ), #474 );
#86 = STYLED_ITEM( '', ( #475 ), #476 );
#87 = STYLED_ITEM( '', ( #477 ), #478 );
#88 = STYLED_ITEM( '', ( #479 ), #480 );
#89 = STYLED_ITEM( '', ( #481 ), #482 );
#90 = STYLED_ITEM( '', ( #483 ), #484 );
#91 = STYLED_ITEM( '', ( #485 ), #486 );
#92 = STYLED_ITEM( '', ( #487 ), #488 );
#93 = STYLED_ITEM( '', ( #489 ), #490 );
#94 = STYLED_ITEM( '', ( #491 ), #492 );
#95 = STYLED_ITEM( '', ( #493 ), #494 );
#96 = STYLED_ITEM( '', ( #495 ), #496 );
#97 = STYLED_ITEM( '', ( #497 ), #498 );
#98 = STYLED_ITEM( '', ( #499 ), #500 );
#99 = STYLED_ITEM( '', ( #501 ), #502 );
#100 = STYLED_ITEM( '', ( #503 ), #504 );
#101 = STYLED_ITEM( '', ( #505 ), #506 );
#102 = STYLED_ITEM( '', ( #507 ), #508 );
#103 = STYLED_ITEM( '', ( #509 ), #510 );
#104 = STYLED_ITEM( '', ( #511 ), #512 );
#105 = STYLED_ITEM( '', ( #513 ), #514 );
#106 = STYLED_ITEM( '', ( #515 ), #516 );
#107 = STYLED_ITEM( '', ( #517 ), #518 );
#108 = STYLED_ITEM( '', ( #519 ), #520 );
#109 = STYLED_ITEM( '', ( #521 ), #522 );
#110 = STYLED_ITEM( '', ( #523 ), #524 );
#111 = STYLED_ITEM( '', ( #525 ), #526 );
#112 = STYLED_ITEM( '', ( #527 ), #528 );
#113 = STYLED_ITEM( '', ( #529 ), #530 );
#114 = STYLED_ITEM( '', ( #531 ), #532 );
#115 = STYLED_ITEM( '', ( #533 ), #534 );
#116 = STYLED_ITEM( '', ( #535 ), #536 );
#117 = STYLED_ITEM( '', ( #537 ), #538 );
#118 = STYLED_ITEM( '', ( #539 ), #540 );
#119 = STYLED_ITEM( '', ( #541 ), #542 );
#120 = STYLED_ITEM( '', ( #543 ), #544 );
#121 = STYLED_ITEM( '', ( #545 ), #546 );
#122 = STYLED_ITEM( '', ( #547 ), #548 );
#123 = STYLED_ITEM( '', ( #549 ), #550 );
#124 = STYLED_ITEM( '', ( #551 ), #552 );
#125 = STYLED_ITEM( '', ( #553 ), #554 );
#126 = STYLED_ITEM( '', ( #555 ), #556 );
#127 = STYLED_ITEM( '', ( #557 ), #558 );
#128 = STYLED_ITEM( '', ( #559 ), #560 );
#129 = STYLED_ITEM( '', ( #561 ), #562 );
#130 = STYLED_ITEM( '', ( #563 ), #564 );
#131 = STYLED_ITEM( '', ( #565 ), #566 );
#132 = STYLED_ITEM( '', ( #567 ), #568 );
#133 = STYLED_ITEM( '', ( #569 ), #570 );
#134 = STYLED_ITEM( '', ( #571 ), #572 );
#135 = STYLED_ITEM( '', ( #573 ), #574 );
#136 = STYLED_ITEM( '', ( #575 ), #576 );
#137 = STYLED_ITEM( '', ( #577 ), #578 );
#138 = STYLED_ITEM( '', ( #579 ), #580 );
#139 = STYLED_ITEM( '', ( #581 ), #582 );
#140 = STYLED_ITEM( '', ( #583 ), #584 );
#141 = STYLED_ITEM( '', ( #585 ), #586 );
#142 = STYLED_ITEM( '', ( #587 ), #588 );
#143 = STYLED_ITEM( '', ( #589 ), #590 );
#144 = STYLED_ITEM( '', ( #591 ), #592 );
#145 = STYLED_ITEM( '', ( #593 ), #594 );
#146 = STYLED_ITEM( '', ( #595 ), #596 );
#147 = STYLED_ITEM( '', ( #597 ), #598 );
#148 = STYLED_ITEM( '', ( #599 ), #600 );
#149 = STYLED_ITEM( '', ( #601 ), #602 );
#150 = STYLED_ITEM( '', ( #603 ), #604 );
#151 = STYLED_ITEM( '', ( #605 ), #606 );
#152 = STYLED_ITEM( '', ( #607 ), #608 );
#153 = STYLED_ITEM( '', ( #609 ), #610 );
#154 = STYLED_ITEM( '', ( #611 ), #612 );
#155 = STYLED_ITEM( '', ( #613 ), #614 );
#156 = STYLED_ITEM( '', ( #615 ), #616 );
#157 = STYLED_ITEM( '', ( #617 ), #618 );
#158 = STYLED_ITEM( '', ( #619 ), #620 );
#159 = STYLED_ITEM( '', ( #621 ), #622 );
#160 = STYLED_ITEM( '', ( #623 ), #624 );
#161 = STYLED_ITEM( '', ( #625 ), #626 );
#162 = STYLED_ITEM( '', ( #627 ), #628 );
#163 = STYLED_ITEM( '', ( #629 ), #630 );
#164 = STYLED_ITEM( '', ( #631 ), #632 );
#165 = STYLED_ITEM( '', ( #633 ), #634 );
#166 = STYLED_ITEM( '', ( #635 ), #636 );
#167 = STYLED_ITEM( '', ( #637 ), #638 );
#168 = STYLED_ITEM( '', ( #639 ), #640 );
#169 = STYLED_ITEM( '', ( #641 ), #642 );
#170 = STYLED_ITEM( '', ( #643 ), #644 );
#171 = STYLED_ITEM( '', ( #645 ), #646 );
#172 = STYLED_ITEM( '', ( #647 ), #648 );
#173 = STYLED_ITEM( '', ( #649 ), #650 );
#174 = STYLED_ITEM( '', ( #651 ), #652 );
#175 = STYLED_ITEM( '', ( #653 ), #654 );
#176 = STYLED_ITEM( '', ( #655 ), #656 );
#177 = STYLED_ITEM( '', ( #657 ), #658 );
#178 = STYLED_ITEM( '', ( #659 ), #660 );
#179 = STYLED_ITEM( '', ( #661 ), #662 );
#180 = STYLED_ITEM( '', ( #663 ), #664 );
#181 = STYLED_ITEM( '', ( #665 ), #666 );
#182 = STYLED_ITEM( '', ( #667 ), #668 );
#183 = STYLED_ITEM( '', ( #669 ), #670 );
#184 = STYLED_ITEM( '', ( #671 ), #672 );
#185 = STYLED_ITEM( '', ( #673 ), #674 );
#186 = STYLED_ITEM( '', ( #675 ), #676 );
#187 = STYLED_ITEM( '', ( #677 ), #678 );
#188 = STYLED_ITEM( '', ( #679 ), #680 );
#189 = STYLED_ITEM( '', ( #681 ), #682 );
#190 = STYLED_ITEM( '', ( #683 ), #684 );
#191 = STYLED_ITEM( '', ( #685 ), #686 );
#192 = STYLED_ITEM( '', ( #687 ), #688 );
#193 = STYLED_ITEM( '', ( #689 ), #690 );
#194 = STYLED_ITEM( '', ( #691 ), #692 );
#195 = STYLED_ITEM( '', ( #693 ), #694 );
#196 = STYLED_ITEM( '', ( #695 ), #696 );
#197 = STYLED_ITEM( '', ( #697 ), #698 );
#198 = STYLED_ITEM( '', ( #699 ), #700 );
#199 = STYLED_ITEM( '', ( #701 ), #702 );
#200 = STYLED_ITEM( '', ( #703 ), #704 );
#201 = STYLED_ITEM( '', ( #705 ), #706 );
#202 = STYLED_ITEM( '', ( #707 ), #708 );
#203 = STYLED_ITEM( '', ( #709 ), #710 );
#204 = STYLED_ITEM( '', ( #711 ), #712 );
#205 = STYLED_ITEM( '', ( #713 ), #714 );
#206 = STYLED_ITEM( '', ( #715 ), #716 );
#207 = STYLED_ITEM( '', ( #717 ), #718 );
#208 = STYLED_ITEM( '', ( #719 ), #720 );
#209 = STYLED_ITEM( '', ( #721 ), #722 );
#210 = STYLED_ITEM( '', ( #723 ), #724 );
#211 = STYLED_ITEM( '', ( #725 ), #726 );
#212 = STYLED_ITEM( '', ( #727 ), #728 );
#213 = STYLED_ITEM( '', ( #729 ), #730 );
#214 = STYLED_ITEM( '', ( #731 ), #732 );
#215 = STYLED_ITEM( '', ( #733 ), #734 );
#216 = STYLED_ITEM( '', ( #735 ), #736 );
#217 = STYLED_ITEM( '', ( #737 ), #738 );
#218 = STYLED_ITEM( '', ( #739 ), #740 );
#219 = STYLED_ITEM( '', ( #741 ), #742 );
#220 = STYLED_ITEM( '', ( #743 ), #744 );
#221 = STYLED_ITEM( '', ( #745 ), #746 );
#222 = STYLED_ITEM( '', ( #747 ), #748 );
#223 = STYLED_ITEM( '', ( #749 ), #750 );
#224 = STYLED_ITEM( '', ( #751 ), #752 );
#225 = STYLED_ITEM( '', ( #753 ), #754 );
#226 = STYLED_ITEM( '', ( #755 ), #756 );
#227 = STYLED_ITEM( '', ( #757 ), #758 );
#228 = STYLED_ITEM( '', ( #759 ), #760 );
#229 = STYLED_ITEM( '', ( #761 ), #762 );
#230 = STYLED_ITEM( '', ( #763 ), #764 );
#231 = STYLED_ITEM( '', ( #765 ), #766 );
#232 = STYLED_ITEM( '', ( #767 ), #768 );
#233 = STYLED_ITEM( '', ( #769 ), #770 );
#234 = STYLED_ITEM( '', ( #771 ), #772 );
#235 = STYLED_ITEM( '', ( #773 ), #774 );
#236 = STYLED_ITEM( '', ( #775 ), #776 );
#237 = STYLED_ITEM( '', ( #777 ), #778 );
#238 = STYLED_ITEM( '', ( #779 ), #780 );
#239 = STYLED_ITEM( '', ( #781 ), #782 );
#240 = STYLED_ITEM( '', ( #783 ), #784 );
#241 = STYLED_ITEM( '', ( #785 ), #786 );
#242 = STYLED_ITEM( '', ( #787 ), #788 );
#243 = STYLED_ITEM( '', ( #789 ), #790 );
#244 = STYLED_ITEM( '', ( #791 ), #792 );
#245 = STYLED_ITEM( '', ( #793 ), #794 );
#246 = STYLED_ITEM( '', ( #795 ), #796 );
#247 = STYLED_ITEM( '', ( #797 ), #798 );
#248 = STYLED_ITEM( '', ( #799 ), #800 );
#249 = STYLED_ITEM( '', ( #801 ), #802 );
#250 = STYLED_ITEM( '', ( #803 ), #804 );
#251 = STYLED_ITEM( '', ( #805 ), #806 );
#252 = STYLED_ITEM( '', ( #807 ), #808 );
#253 = STYLED_ITEM( '', ( #809 ), #810 );
#254 = STYLED_ITEM( '', ( #811 ), #812 );
#255 = STYLED_ITEM( '', ( #813 ), #814 );
#256 = STYLED_ITEM( '', ( #815 ), #816 );
#257 = STYLED_ITEM( '', ( #817 ), #818 );
#258 = STYLED_ITEM( '', ( #819 ), #820 );
#259 = STYLED_ITEM( '', ( #821 ), #822 );
#260 = STYLED_ITEM( '', ( #823 ), #824 );
#261 = STYLED_ITEM( '', ( #825 ), #826 );
#262 = STYLED_ITEM( '', ( #827 ), #828 );
#263 = STYLED_ITEM( '', ( #829 ), #830 );
#264 = STYLED_ITEM( '', ( #831 ), #832 );
#265 = STYLED_ITEM( '', ( #833 ), #834 );
#266 = STYLED_ITEM( '', ( #835 ), #836 );
#267 = STYLED_ITEM( '', ( #837 ), #838 );
#268 = STYLED_ITEM( '', ( #839 ), #840 );
#269 = STYLED_ITEM( '', ( #841 ), #842 );
#270 = STYLED_ITEM( '', ( #843 ), #844 );
#271 = STYLED_ITEM( '', ( #845 ), #846 );
#272 = STYLED_ITEM( '', ( #847 ), #848 );
#273 = STYLED_ITEM( '', ( #849 ), #850 );
#274 = STYLED_ITEM( '', ( #851 ), #852 );
#275 = STYLED_ITEM( '', ( #853 ), #854 );
#276 = STYLED_ITEM( '', ( #855 ), #856 );
#277 = STYLED_ITEM( '', ( #857 ), #858 );
#278 = STYLED_ITEM( '', ( #859 ), #860 );
#279 = STYLED_ITEM( '', ( #861 ), #862 );
#280 = STYLED_ITEM( '', ( #863 ), #864 );
#281 = STYLED_ITEM( '', ( #865 ), #866 );
#282 = STYLED_ITEM( '', ( #867 ), #868 );
#283 = STYLED_ITEM( '', ( #869 ), #870 );
#284 = STYLED_ITEM( '', ( #871 ), #872 );
#285 = STYLED_ITEM( '', ( #873 ), #874 );
#286 = STYLED_ITEM( '', ( #875 ), #876 );
#287 = STYLED_ITEM( '', ( #877 ), #878 );
#288 = STYLED_ITEM( '', ( #879 ), #880 );
#289 = STYLED_ITEM( '', ( #881 ), #882 );
#290 = STYLED_ITEM( '', ( #883 ), #884 );
#291 = STYLED_ITEM( '', ( #885 ), #886 );
#292 = STYLED_ITEM( '', ( #887 ), #888 );
#293 = STYLED_ITEM( '', ( #889 ), #890 );
#294 = STYLED_ITEM( '', ( #891 ), #892 );
#295 = STYLED_ITEM( '', ( #893 ), #894 );
#296 = STYLED_ITEM( '', ( #895 ), #896 );
#297 = STYLED_ITEM( '', ( #897 ), #898 );
#298 = STYLED_ITEM( '', ( #899 ), #900 );
#299 = STYLED_ITEM( '', ( #901 ), #902 );
#300 = STYLED_ITEM( '', ( #903 ), #904 );
#301 = STYLED_ITEM( '', ( #905 ), #906 );
#302 = STYLED_ITEM( '', ( #907 ), #908 );
#303 = STYLED_ITEM( '', ( #909 ), #910 );
#304 = STYLED_ITEM( '', ( #911 ), #912 );
#305 = STYLED_ITEM( '', ( #913 ), #914 );
#306 = STYLED_ITEM( '', ( #915 ), #916 );
#307 = STYLED_ITEM( '', ( #917 ), #918 );
#308 = STYLED_ITEM( '', ( #919 ), #920 );
#309 = STYLED_ITEM( '', ( #921 ), #922 );
#310 = STYLED_ITEM( '', ( #923 ), #924 );
#311 = STYLED_ITEM( '', ( #925 ), #926 );
#312 = STYLED_ITEM( '', ( #927 ), #928 );
#313 = STYLED_ITEM( '', ( #929 ), #930 );
#314 = STYLED_ITEM( '', ( #931 ), #932 );
#315 = STYLED_ITEM( '', ( #933 ), #934 );
#316 = STYLED_ITEM( '', ( #935 ), #936 );
#317 = STYLED_ITEM( '', ( #937 ), #938 );
#318 = STYLED_ITEM( '', ( #939 ), #940 );
#319 = STYLED_ITEM( '', ( #941 ), #942 );
#320 = STYLED_ITEM( '', ( #943 ), #944 );
#321 = STYLED_ITEM( '', ( #945 ), #946 );
#322 = STYLED_ITEM( '', ( #947 ), #948 );
#323 = STYLED_ITEM( '', ( #949 ), #950 );
#324 = STYLED_ITEM( '', ( #951 ), #952 );
#325 = STYLED_ITEM( '', ( #953 ), #954 );
#326 = STYLED_ITEM( '', ( #955 ), #956 );
#327 = STYLED_ITEM( '', ( #957 ), #958 );
#328 = STYLED_ITEM( '', ( #959 ), #960 );
#329 = STYLED_ITEM( '', ( #961 ), #962 );
#330 = STYLED_ITEM( '', ( #963 ), #964 );
#331 = STYLED_ITEM( '', ( #965 ), #966 );
#332 = STYLED_ITEM( '', ( #967 ), #968 );
#333 = STYLED_ITEM( '', ( #969 ), #970 );
#334 = STYLED_ITEM( '', ( #971 ), #972 );
#335 = STYLED_ITEM( '', ( #973 ), #974 );
#336 = STYLED_ITEM( '', ( #975 ), #976 );
#337 = STYLED_ITEM( '', ( #977 ), #978 );
#338 = STYLED_ITEM( '', ( #979 ), #980 );
#339 = STYLED_ITEM( '', ( #981 ), #982 );
#340 = STYLED_ITEM( '', ( #983 ), #984 );
#341 = STYLED_ITEM( '', ( #985 ), #986 );
#342 = STYLED_ITEM( '', ( #987 ), #988 );
#345 = UNCERTAINTY_MEASURE_WITH_UNIT( LENGTH_MEASURE( 3.93701000000000E-05 ), #347, '', '' );
#347 =  ( CONVERSION_BASED_UNIT( 'INCH', #991 )LENGTH_UNIT(  )NAMED_UNIT( #994 ) );
#348 =  ( NAMED_UNIT( #996 )PLANE_ANGLE_UNIT(  )SI_UNIT( $, .RADIAN. ) );
#349 =  ( NAMED_UNIT( #996 )SI_UNIT( $, .STERADIAN. )SOLID_ANGLE_UNIT(  ) );
#351 = PRODUCT( 'IPS1-105-01-L-D-RA', 'IPS1-105-01-L-D-RA', 'PART-IPS1-105-01-L-D-RA-DESC', ( #1002 ) );
#352 = PRODUCT_DEFINITION( 'NONE', 'NONE', #1003, #1 );
#353 = AXIS2_PLACEMENT_3D( '', #1004, #1005, #1006 );
#354 = AXIS2_PLACEMENT_3D( '', #1007, #1008, #1009 );
#355 = AXIS2_PLACEMENT_3D( '', #1010, #1011, #1012 );
#356 =  ( GEOMETRIC_REPRESENTATION_CONTEXT( 3 )GLOBAL_UNCERTAINTY_ASSIGNED_CONTEXT( ( #1015 ) )GLOBAL_UNIT_ASSIGNED_CONTEXT( ( #1017, #1018, #1019 ) )REPRESENTATION_CONTEXT( 'NONE', 'WORKSPACE' ) );
#357 = PRODUCT( '_IPS1-105-01-L-D-RAt', '_IPS1-105-01-L-D-RAt', 'PART-_IPS1-105-01-L-D-RAt-DESC', ( #1002 ) );
#360 = ITEM_DEFINED_TRANSFORMATION( '', '', #353, #354 );
#362 = NEXT_ASSEMBLY_USAGE_OCCURRENCE( 'NAUO1', '_IPS1-105-01-L-D-RAt', '_IPS1-105-01-L-D-RAt', #352, #363, $ );
#363 = PRODUCT_DEFINITION( '_IPS1-105-01-L-D-RAt', '_IPS1-105-01-L-D-RAt', #1021, #1 );
#364 = MANIFOLD_SOLID_BREP( '_IPS1-105-01-L-D-RAt', #1022 );
#365 = PRODUCT( '_IPS1-105-01-D-RA_pin', '_IPS1-105-01-D-RA_pin', 'PART-_IPS1-105-01-D-RA_pin-DESC', ( #1002 ) );
#368 = ITEM_DEFINED_TRANSFORMATION( '', '', #353, #355 );
#370 = NEXT_ASSEMBLY_USAGE_OCCURRENCE( 'NAUO2', '_IPS1-105-01-D-RA_pin', '_IPS1-105-01-D-RA_pin', #352, #371, $ );
#371 = PRODUCT_DEFINITION( '_IPS1-105-01-D-RA_pin', '_IPS1-105-01-D-RA_pin', #1023, #1 );
#372 = MANIFOLD_SOLID_BREP( '_IPS1-105-01-D-RA_pin', #1024 );
#373 = PRESENTATION_STYLE_ASSIGNMENT( ( #1025 ) );
#374 = ADVANCED_FACE( '', ( #1026 ), #1027, .T. );
#375 = PRESENTATION_STYLE_ASSIGNMENT( ( #1028 ) );
#376 = ADVANCED_FACE( '', ( #1029 ), #1030, .F. );
#377 = PRESENTATION_STYLE_ASSIGNMENT( ( #1031 ) );
#378 = ADVANCED_FACE( '', ( #1032 ), #1033, .T. );
#379 = PRESENTATION_STYLE_ASSIGNMENT( ( #1034 ) );
#380 = ADVANCED_FACE( '', ( #1035 ), #1036, .T. );
#381 = PRESENTATION_STYLE_ASSIGNMENT( ( #1037 ) );
#382 = ADVANCED_FACE( '', ( #1038 ), #1039, .F. );
#383 = PRESENTATION_STYLE_ASSIGNMENT( ( #1040 ) );
#384 = ADVANCED_FACE( '', ( #1041 ), #1042, .T. );
#385 = PRESENTATION_STYLE_ASSIGNMENT( ( #1043 ) );
#386 = ADVANCED_FACE( '', ( #1044 ), #1045, .T. );
#387 = PRESENTATION_STYLE_ASSIGNMENT( ( #1046 ) );
#388 = ADVANCED_FACE( '', ( #1047 ), #1048, .F. );
#389 = PRESENTATION_STYLE_ASSIGNMENT( ( #1049 ) );
#390 = ADVANCED_FACE( '', ( #1050 ), #1051, .T. );
#391 = PRESENTATION_STYLE_ASSIGNMENT( ( #1052 ) );
#392 = ADVANCED_FACE( '', ( #1053 ), #1054, .F. );
#393 = PRESENTATION_STYLE_ASSIGNMENT( ( #1055 ) );
#394 = ADVANCED_FACE( '', ( #1056 ), #1057, .F. );
#395 = PRESENTATION_STYLE_ASSIGNMENT( ( #1058 ) );
#396 = ADVANCED_FACE( '', ( #1059 ), #1060, .T. );
#397 = PRESENTATION_STYLE_ASSIGNMENT( ( #1061 ) );
#398 = ADVANCED_FACE( '', ( #1062 ), #1063, .F. );
#399 = PRESENTATION_STYLE_ASSIGNMENT( ( #1064 ) );
#400 = ADVANCED_FACE( '', ( #1065 ), #1066, .T. );
#401 = PRESENTATION_STYLE_ASSIGNMENT( ( #1067 ) );
#402 = ADVANCED_FACE( '', ( #1068 ), #1069, .T. );
#403 = PRESENTATION_STYLE_ASSIGNMENT( ( #1070 ) );
#404 = ADVANCED_FACE( '', ( #1071 ), #1072, .T. );
#405 = PRESENTATION_STYLE_ASSIGNMENT( ( #1073 ) );
#406 = ADVANCED_FACE( '', ( #1074 ), #1075, .T. );
#407 = PRESENTATION_STYLE_ASSIGNMENT( ( #1076 ) );
#408 = ADVANCED_FACE( '', ( #1077, #1078 ), #1079, .T. );
#409 = PRESENTATION_STYLE_ASSIGNMENT( ( #1080 ) );
#410 = ADVANCED_FACE( '', ( #1081 ), #1082, .T. );
#411 = PRESENTATION_STYLE_ASSIGNMENT( ( #1083 ) );
#412 = ADVANCED_FACE( '', ( #1084 ), #1085, .T. );
#413 = PRESENTATION_STYLE_ASSIGNMENT( ( #1086 ) );
#414 = ADVANCED_FACE( '', ( #1087 ), #1088, .F. );
#415 = PRESENTATION_STYLE_ASSIGNMENT( ( #1089 ) );
#416 = ADVANCED_FACE( '', ( #1090 ), #1091, .T. );
#417 = PRESENTATION_STYLE_ASSIGNMENT( ( #1092 ) );
#418 = ADVANCED_FACE( '', ( #1093 ), #1094, .F. );
#419 = PRESENTATION_STYLE_ASSIGNMENT( ( #1095 ) );
#420 = ADVANCED_FACE( '', ( #1096 ), #1097, .T. );
#421 = PRESENTATION_STYLE_ASSIGNMENT( ( #1098 ) );
#422 = ADVANCED_FACE( '', ( #1099 ), #1100, .F. );
#423 = PRESENTATION_STYLE_ASSIGNMENT( ( #1101 ) );
#424 = ADVANCED_FACE( '', ( #1102 ), #1103, .T. );
#425 = PRESENTATION_STYLE_ASSIGNMENT( ( #1104 ) );
#426 = ADVANCED_FACE( '', ( #1105 ), #1106, .F. );
#427 = PRESENTATION_STYLE_ASSIGNMENT( ( #1107 ) );
#428 = ADVANCED_FACE( '', ( #1108 ), #1109, .T. );
#429 = PRESENTATION_STYLE_ASSIGNMENT( ( #1110 ) );
#430 = ADVANCED_FACE( '', ( #1111 ), #1112, .T. );
#431 = PRESENTATION_STYLE_ASSIGNMENT( ( #1113 ) );
#432 = ADVANCED_FACE( '', ( #1114 ), #1115, .F. );
#433 = PRESENTATION_STYLE_ASSIGNMENT( ( #1116 ) );
#434 = ADVANCED_FACE( '', ( #1117, #1118, #1119 ), #1120, .T. );
#435 = PRESENTATION_STYLE_ASSIGNMENT( ( #1121 ) );
#436 = ADVANCED_FACE( '', ( #1122 ), #1123, .T. );
#437 = PRESENTATION_STYLE_ASSIGNMENT( ( #1124 ) );
#438 = ADVANCED_FACE( '', ( #1125 ), #1126, .F. );
#439 = PRESENTATION_STYLE_ASSIGNMENT( ( #1127 ) );
#440 = ADVANCED_FACE( '', ( #1128, #1129 ), #1130, .T. );
#441 = PRESENTATION_STYLE_ASSIGNMENT( ( #1131 ) );
#442 = ADVANCED_FACE( '', ( #1132, #1133 ), #1134, .T. );
#443 = PRESENTATION_STYLE_ASSIGNMENT( ( #1135 ) );
#444 = ADVANCED_FACE( '', ( #1136 ), #1137, .T. );
#445 = PRESENTATION_STYLE_ASSIGNMENT( ( #1138 ) );
#446 = ADVANCED_FACE( '', ( #1139 ), #1140, .F. );
#447 = PRESENTATION_STYLE_ASSIGNMENT( ( #1141 ) );
#448 = ADVANCED_FACE( '', ( #1142 ), #1143, .F. );
#449 = PRESENTATION_STYLE_ASSIGNMENT( ( #1144 ) );
#450 = ADVANCED_FACE( '', ( #1145 ), #1146, .F. );
#451 = PRESENTATION_STYLE_ASSIGNMENT( ( #1147 ) );
#452 = ADVANCED_FACE( '', ( #1148 ), #1149, .F. );
#453 = PRESENTATION_STYLE_ASSIGNMENT( ( #1150 ) );
#454 = ADVANCED_FACE( '', ( #1151 ), #1152, .F. );
#455 = PRESENTATION_STYLE_ASSIGNMENT( ( #1153 ) );
#456 = ADVANCED_FACE( '', ( #1154 ), #1155, .F. );
#457 = PRESENTATION_STYLE_ASSIGNMENT( ( #1156 ) );
#458 = ADVANCED_FACE( '', ( #1157 ), #1158, .F. );
#459 = PRESENTATION_STYLE_ASSIGNMENT( ( #1159 ) );
#460 = ADVANCED_FACE( '', ( #1160 ), #1161, .T. );
#461 = PRESENTATION_STYLE_ASSIGNMENT( ( #1162 ) );
#462 = ADVANCED_FACE( '', ( #1163 ), #1164, .T. );
#463 = PRESENTATION_STYLE_ASSIGNMENT( ( #1165 ) );
#464 = ADVANCED_FACE( '', ( #1166 ), #1167, .T. );
#465 = PRESENTATION_STYLE_ASSIGNMENT( ( #1168 ) );
#466 = ADVANCED_FACE( '', ( #1169 ), #1170, .T. );
#467 = PRESENTATION_STYLE_ASSIGNMENT( ( #1171 ) );
#468 = ADVANCED_FACE( '', ( #1172 ), #1173, .F. );
#469 = PRESENTATION_STYLE_ASSIGNMENT( ( #1174 ) );
#470 = ADVANCED_FACE( '', ( #1175 ), #1176, .T. );
#471 = PRESENTATION_STYLE_ASSIGNMENT( ( #1177 ) );
#472 = ADVANCED_FACE( '', ( #1178 ), #1179, .T. );
#473 = PRESENTATION_STYLE_ASSIGNMENT( ( #1180 ) );
#474 = ADVANCED_FACE( '', ( #1181 ), #1182, .F. );
#475 = PRESENTATION_STYLE_ASSIGNMENT( ( #1183 ) );
#476 = ADVANCED_FACE( '', ( #1184 ), #1185, .F. );
#477 = PRESENTATION_STYLE_ASSIGNMENT( ( #1186 ) );
#478 = ADVANCED_FACE( '', ( #1187 ), #1188, .F. );
#479 = PRESENTATION_STYLE_ASSIGNMENT( ( #1189 ) );
#480 = ADVANCED_FACE( '', ( #1190 ), #1191, .T. );
#481 = PRESENTATION_STYLE_ASSIGNMENT( ( #1192 ) );
#482 = ADVANCED_FACE( '', ( #1193 ), #1194, .T. );
#483 = PRESENTATION_STYLE_ASSIGNMENT( ( #1195 ) );
#484 = ADVANCED_FACE( '', ( #1196 ), #1197, .T. );
#485 = PRESENTATION_STYLE_ASSIGNMENT( ( #1198 ) );
#486 = ADVANCED_FACE( '', ( #1199 ), #1200, .F. );
#487 = PRESENTATION_STYLE_ASSIGNMENT( ( #1201 ) );
#488 = ADVANCED_FACE( '', ( #1202 ), #1203, .T. );
#489 = PRESENTATION_STYLE_ASSIGNMENT( ( #1204 ) );
#490 = ADVANCED_FACE( '', ( #1205, #1206, #1207 ), #1208, .T. );
#491 = PRESENTATION_STYLE_ASSIGNMENT( ( #1209 ) );
#492 = ADVANCED_FACE( '', ( #1210 ), #1211, .F. );
#493 = PRESENTATION_STYLE_ASSIGNMENT( ( #1212 ) );
#494 = ADVANCED_FACE( '', ( #1213 ), #1214, .T. );
#495 = PRESENTATION_STYLE_ASSIGNMENT( ( #1215 ) );
#496 = ADVANCED_FACE( '', ( #1216 ), #1217, .T. );
#497 = PRESENTATION_STYLE_ASSIGNMENT( ( #1218 ) );
#498 = ADVANCED_FACE( '', ( #1219 ), #1220, .T. );
#499 = PRESENTATION_STYLE_ASSIGNMENT( ( #1221 ) );
#500 = ADVANCED_FACE( '', ( #1222 ), #1223, .T. );
#501 = PRESENTATION_STYLE_ASSIGNMENT( ( #1224 ) );
#502 = ADVANCED_FACE( '', ( #1225 ), #1226, .F. );
#503 = PRESENTATION_STYLE_ASSIGNMENT( ( #1227 ) );
#504 = ADVANCED_FACE( '', ( #1228 ), #1229, .T. );
#505 = PRESENTATION_STYLE_ASSIGNMENT( ( #1230 ) );
#506 = ADVANCED_FACE( '', ( #1231 ), #1232, .F. );
#507 = PRESENTATION_STYLE_ASSIGNMENT( ( #1233 ) );
#508 = ADVANCED_FACE( '', ( #1234 ), #1235, .T. );
#509 = PRESENTATION_STYLE_ASSIGNMENT( ( #1236 ) );
#510 = ADVANCED_FACE( '', ( #1237 ), #1238, .T. );
#511 = PRESENTATION_STYLE_ASSIGNMENT( ( #1239 ) );
#512 = ADVANCED_FACE( '', ( #1240 ), #1241, .T. );
#513 = PRESENTATION_STYLE_ASSIGNMENT( ( #1242 ) );
#514 = ADVANCED_FACE( '', ( #1243 ), #1244, .F. );
#515 = PRESENTATION_STYLE_ASSIGNMENT( ( #1245 ) );
#516 = ADVANCED_FACE( '', ( #1246 ), #1247, .T. );
#517 = PRESENTATION_STYLE_ASSIGNMENT( ( #1248 ) );
#518 = ADVANCED_FACE( '', ( #1249 ), #1250, .F. );
#519 = PRESENTATION_STYLE_ASSIGNMENT( ( #1251 ) );
#520 = ADVANCED_FACE( '', ( #1252 ), #1253, .T. );
#521 = PRESENTATION_STYLE_ASSIGNMENT( ( #1254 ) );
#522 = ADVANCED_FACE( '', ( #1255 ), #1256, .T. );
#523 = PRESENTATION_STYLE_ASSIGNMENT( ( #1257 ) );
#524 = ADVANCED_FACE( '', ( #1258 ), #1259, .F. );
#525 = PRESENTATION_STYLE_ASSIGNMENT( ( #1260 ) );
#526 = ADVANCED_FACE( '', ( #1261 ), #1262, .F. );
#527 = PRESENTATION_STYLE_ASSIGNMENT( ( #1263 ) );
#528 = ADVANCED_FACE( '', ( #1264 ), #1265, .F. );
#529 = PRESENTATION_STYLE_ASSIGNMENT( ( #1266 ) );
#530 = ADVANCED_FACE( '', ( #1267 ), #1268, .T. );
#531 = PRESENTATION_STYLE_ASSIGNMENT( ( #1269 ) );
#532 = ADVANCED_FACE( '', ( #1270 ), #1271, .T. );
#533 = PRESENTATION_STYLE_ASSIGNMENT( ( #1272 ) );
#534 = ADVANCED_FACE( '', ( #1273 ), #1274, .F. );
#535 = PRESENTATION_STYLE_ASSIGNMENT( ( #1275 ) );
#536 = ADVANCED_FACE( '', ( #1276 ), #1277, .T. );
#537 = PRESENTATION_STYLE_ASSIGNMENT( ( #1278 ) );
#538 = ADVANCED_FACE( '', ( #1279 ), #1280, .T. );
#539 = PRESENTATION_STYLE_ASSIGNMENT( ( #1281 ) );
#540 = ADVANCED_FACE( '', ( #1282 ), #1283, .T. );
#541 = PRESENTATION_STYLE_ASSIGNMENT( ( #1284 ) );
#542 = ADVANCED_FACE( '', ( #1285 ), #1286, .T. );
#543 = PRESENTATION_STYLE_ASSIGNMENT( ( #1287 ) );
#544 = ADVANCED_FACE( '', ( #1288 ), #1289, .T. );
#545 = PRESENTATION_STYLE_ASSIGNMENT( ( #1290 ) );
#546 = ADVANCED_FACE( '', ( #1291 ), #1292, .T. );
#547 = PRESENTATION_STYLE_ASSIGNMENT( ( #1293 ) );
#548 = ADVANCED_FACE( '', ( #1294 ), #1295, .T. );
#549 = PRESENTATION_STYLE_ASSIGNMENT( ( #1296 ) );
#550 = ADVANCED_FACE( '', ( #1297 ), #1298, .T. );
#551 = PRESENTATION_STYLE_ASSIGNMENT( ( #1299 ) );
#552 = ADVANCED_FACE( '', ( #1300 ), #1301, .T. );
#553 = PRESENTATION_STYLE_ASSIGNMENT( ( #1302 ) );
#554 = ADVANCED_FACE( '', ( #1303 ), #1304, .F. );
#555 = PRESENTATION_STYLE_ASSIGNMENT( ( #1305 ) );
#556 = ADVANCED_FACE( '', ( #1306, #1307, #1308 ), #1309, .T. );
#557 = PRESENTATION_STYLE_ASSIGNMENT( ( #1310 ) );
#558 = ADVANCED_FACE( '', ( #1311 ), #1312, .T. );
#559 = PRESENTATION_STYLE_ASSIGNMENT( ( #1313 ) );
#560 = ADVANCED_FACE( '', ( #1314 ), #1315, .T. );
#561 = PRESENTATION_STYLE_ASSIGNMENT( ( #1316 ) );
#562 = ADVANCED_FACE( '', ( #1317 ), #1318, .F. );
#563 = PRESENTATION_STYLE_ASSIGNMENT( ( #1319 ) );
#564 = ADVANCED_FACE( '', ( #1320 ), #1321, .F. );
#565 = PRESENTATION_STYLE_ASSIGNMENT( ( #1322 ) );
#566 = ADVANCED_FACE( '', ( #1323 ), #1324, .F. );
#567 = PRESENTATION_STYLE_ASSIGNMENT( ( #1325 ) );
#568 = ADVANCED_FACE( '', ( #1326 ), #1327, .F. );
#569 = PRESENTATION_STYLE_ASSIGNMENT( ( #1328 ) );
#570 = ADVANCED_FACE( '', ( #1329 ), #1330, .T. );
#571 = PRESENTATION_STYLE_ASSIGNMENT( ( #1331 ) );
#572 = ADVANCED_FACE( '', ( #1332 ), #1333, .T. );
#573 = PRESENTATION_STYLE_ASSIGNMENT( ( #1334 ) );
#574 = ADVANCED_FACE( '', ( #1335, #1336 ), #1337, .T. );
#575 = PRESENTATION_STYLE_ASSIGNMENT( ( #1338 ) );
#576 = ADVANCED_FACE( '', ( #1339 ), #1340, .T. );
#577 = PRESENTATION_STYLE_ASSIGNMENT( ( #1341 ) );
#578 = ADVANCED_FACE( '', ( #1342 ), #1343, .T. );
#579 = PRESENTATION_STYLE_ASSIGNMENT( ( #1344 ) );
#580 = ADVANCED_FACE( '', ( #1345 ), #1346, .F. );
#581 = PRESENTATION_STYLE_ASSIGNMENT( ( #1347 ) );
#582 = ADVANCED_FACE( '', ( #1348 ), #1349, .T. );
#583 = PRESENTATION_STYLE_ASSIGNMENT( ( #1350 ) );
#584 = ADVANCED_FACE( '', ( #1351 ), #1352, .F. );
#585 = PRESENTATION_STYLE_ASSIGNMENT( ( #1353 ) );
#586 = ADVANCED_FACE( '', ( #1354 ), #1355, .F. );
#587 = PRESENTATION_STYLE_ASSIGNMENT( ( #1356 ) );
#588 = ADVANCED_FACE( '', ( #1357, #1358 ), #1359, .T. );
#589 = PRESENTATION_STYLE_ASSIGNMENT( ( #1360 ) );
#590 = ADVANCED_FACE( '', ( #1361 ), #1362, .F. );
#591 = PRESENTATION_STYLE_ASSIGNMENT( ( #1363 ) );
#592 = ADVANCED_FACE( '', ( #1364 ), #1365, .T. );
#593 = PRESENTATION_STYLE_ASSIGNMENT( ( #1366 ) );
#594 = ADVANCED_FACE( '', ( #1367 ), #1368, .F. );
#595 = PRESENTATION_STYLE_ASSIGNMENT( ( #1369 ) );
#596 = ADVANCED_FACE( '', ( #1370 ), #1371, .T. );
#597 = PRESENTATION_STYLE_ASSIGNMENT( ( #1372 ) );
#598 = ADVANCED_FACE( '', ( #1373 ), #1374, .T. );
#599 = PRESENTATION_STYLE_ASSIGNMENT( ( #1375 ) );
#600 = ADVANCED_FACE( '', ( #1376 ), #1377, .T. );
#601 = PRESENTATION_STYLE_ASSIGNMENT( ( #1378 ) );
#602 = ADVANCED_FACE( '', ( #1379, #1380, #1381 ), #1382, .T. );
#603 = PRESENTATION_STYLE_ASSIGNMENT( ( #1383 ) );
#604 = ADVANCED_FACE( '', ( #1384 ), #1385, .F. );
#605 = PRESENTATION_STYLE_ASSIGNMENT( ( #1386 ) );
#606 = ADVANCED_FACE( '', ( #1387 ), #1388, .T. );
#607 = PRESENTATION_STYLE_ASSIGNMENT( ( #1389 ) );
#608 = ADVANCED_FACE( '', ( #1390 ), #1391, .T. );
#609 = PRESENTATION_STYLE_ASSIGNMENT( ( #1392 ) );
#610 = ADVANCED_FACE( '', ( #1393 ), #1394, .T. );
#611 = PRESENTATION_STYLE_ASSIGNMENT( ( #1395 ) );
#612 = ADVANCED_FACE( '', ( #1396 ), #1397, .T. );
#613 = PRESENTATION_STYLE_ASSIGNMENT( ( #1398 ) );
#614 = ADVANCED_FACE( '', ( #1399 ), #1400, .F. );
#615 = PRESENTATION_STYLE_ASSIGNMENT( ( #1401 ) );
#616 = ADVANCED_FACE( '', ( #1402 ), #1403, .T. );
#617 = PRESENTATION_STYLE_ASSIGNMENT( ( #1404 ) );
#618 = ADVANCED_FACE( '', ( #1405 ), #1406, .T. );
#619 = PRESENTATION_STYLE_ASSIGNMENT( ( #1407 ) );
#620 = ADVANCED_FACE( '', ( #1408 ), #1409, .F. );
#621 = PRESENTATION_STYLE_ASSIGNMENT( ( #1410 ) );
#622 = ADVANCED_FACE( '', ( #1411 ), #1412, .F. );
#623 = PRESENTATION_STYLE_ASSIGNMENT( ( #1413 ) );
#624 = ADVANCED_FACE( '', ( #1414 ), #1415, .F. );
#625 = PRESENTATION_STYLE_ASSIGNMENT( ( #1416 ) );
#626 = ADVANCED_FACE( '', ( #1417 ), #1418, .F. );
#627 = PRESENTATION_STYLE_ASSIGNMENT( ( #1419 ) );
#628 = ADVANCED_FACE( '', ( #1420 ), #1421, .T. );
#629 = PRESENTATION_STYLE_ASSIGNMENT( ( #1422 ) );
#630 = ADVANCED_FACE( '', ( #1423 ), #1424, .T. );
#631 = PRESENTATION_STYLE_ASSIGNMENT( ( #1425 ) );
#632 = ADVANCED_FACE( '', ( #1426 ), #1427, .T. );
#633 = PRESENTATION_STYLE_ASSIGNMENT( ( #1428 ) );
#634 = ADVANCED_FACE( '', ( #1429 ), #1430, .F. );
#635 = PRESENTATION_STYLE_ASSIGNMENT( ( #1431 ) );
#636 = ADVANCED_FACE( '', ( #1432 ), #1433, .T. );
#637 = PRESENTATION_STYLE_ASSIGNMENT( ( #1434 ) );
#638 = ADVANCED_FACE( '', ( #1435 ), #1436, .T. );
#639 = PRESENTATION_STYLE_ASSIGNMENT( ( #1437 ) );
#640 = ADVANCED_FACE( '', ( #1438 ), #1439, .T. );
#641 = PRESENTATION_STYLE_ASSIGNMENT( ( #1440 ) );
#642 = ADVANCED_FACE( '', ( #1441 ), #1442, .T. );
#643 = PRESENTATION_STYLE_ASSIGNMENT( ( #1443 ) );
#644 = ADVANCED_FACE( '', ( #1444 ), #1445, .T. );
#645 = PRESENTATION_STYLE_ASSIGNMENT( ( #1446 ) );
#646 = ADVANCED_FACE( '', ( #1447 ), #1448, .T. );
#647 = PRESENTATION_STYLE_ASSIGNMENT( ( #1449 ) );
#648 = ADVANCED_FACE( '', ( #1450, #1451 ), #1452, .T. );
#649 = PRESENTATION_STYLE_ASSIGNMENT( ( #1453 ) );
#650 = ADVANCED_FACE( '', ( #1454 ), #1455, .F. );
#651 = PRESENTATION_STYLE_ASSIGNMENT( ( #1456 ) );
#652 = ADVANCED_FACE( '', ( #1457 ), #1458, .F. );
#653 = PRESENTATION_STYLE_ASSIGNMENT( ( #1459 ) );
#654 = ADVANCED_FACE( '', ( #1460 ), #1461, .F. );
#655 = PRESENTATION_STYLE_ASSIGNMENT( ( #1462 ) );
#656 = ADVANCED_FACE( '', ( #1463 ), #1464, .F. );
#657 = PRESENTATION_STYLE_ASSIGNMENT( ( #1465 ) );
#658 = ADVANCED_FACE( '', ( #1466 ), #1467, .T. );
#659 = PRESENTATION_STYLE_ASSIGNMENT( ( #1468 ) );
#660 = ADVANCED_FACE( '', ( #1469 ), #1470, .T. );
#661 = PRESENTATION_STYLE_ASSIGNMENT( ( #1471 ) );
#662 = ADVANCED_FACE( '', ( #1472 ), #1473, .T. );
#663 = PRESENTATION_STYLE_ASSIGNMENT( ( #1474 ) );
#664 = ADVANCED_FACE( '', ( #1475 ), #1476, .T. );
#665 = PRESENTATION_STYLE_ASSIGNMENT( ( #1477 ) );
#666 = ADVANCED_FACE( '', ( #1478 ), #1479, .T. );
#667 = PRESENTATION_STYLE_ASSIGNMENT( ( #1480 ) );
#668 = ADVANCED_FACE( '', ( #1481 ), #1482, .T. );
#669 = PRESENTATION_STYLE_ASSIGNMENT( ( #1483 ) );
#670 = ADVANCED_FACE( '', ( #1484 ), #1485, .T. );
#671 = PRESENTATION_STYLE_ASSIGNMENT( ( #1486 ) );
#672 = ADVANCED_FACE( '', ( #1487 ), #1488, .T. );
#673 = PRESENTATION_STYLE_ASSIGNMENT( ( #1489 ) );
#674 = ADVANCED_FACE( '', ( #1490 ), #1491, .T. );
#675 = PRESENTATION_STYLE_ASSIGNMENT( ( #1492 ) );
#676 = ADVANCED_FACE( '', ( #1493 ), #1494, .T. );
#677 = PRESENTATION_STYLE_ASSIGNMENT( ( #1495 ) );
#678 = ADVANCED_FACE( '', ( #1496 ), #1497, .T. );
#679 = PRESENTATION_STYLE_ASSIGNMENT( ( #1498 ) );
#680 = ADVANCED_FACE( '', ( #1499 ), #1500, .T. );
#681 = PRESENTATION_STYLE_ASSIGNMENT( ( #1501 ) );
#682 = ADVANCED_FACE( '', ( #1502 ), #1503, .F. );
#683 = PRESENTATION_STYLE_ASSIGNMENT( ( #1504 ) );
#684 = ADVANCED_FACE( '', ( #1505 ), #1506, .T. );
#685 = PRESENTATION_STYLE_ASSIGNMENT( ( #1507 ) );
#686 = ADVANCED_FACE( '', ( #1508 ), #1509, .T. );
#687 = PRESENTATION_STYLE_ASSIGNMENT( ( #1510 ) );
#688 = ADVANCED_FACE( '', ( #1511 ), #1512, .T. );
#689 = PRESENTATION_STYLE_ASSIGNMENT( ( #1513 ) );
#690 = ADVANCED_FACE( '', ( #1514 ), #1515, .T. );
#691 = PRESENTATION_STYLE_ASSIGNMENT( ( #1516 ) );
#692 = ADVANCED_FACE( '', ( #1517 ), #1518, .T. );
#693 = PRESENTATION_STYLE_ASSIGNMENT( ( #1519 ) );
#694 = ADVANCED_FACE( '', ( #1520, #1521 ), #1522, .T. );
#695 = PRESENTATION_STYLE_ASSIGNMENT( ( #1523 ) );
#696 = ADVANCED_FACE( '', ( #1524 ), #1525, .T. );
#697 = PRESENTATION_STYLE_ASSIGNMENT( ( #1526 ) );
#698 = ADVANCED_FACE( '', ( #1527 ), #1528, .T. );
#699 = PRESENTATION_STYLE_ASSIGNMENT( ( #1529 ) );
#700 = ADVANCED_FACE( '', ( #1530 ), #1531, .F. );
#701 = PRESENTATION_STYLE_ASSIGNMENT( ( #1532 ) );
#702 = ADVANCED_FACE( '', ( #1533 ), #1534, .T. );
#703 = PRESENTATION_STYLE_ASSIGNMENT( ( #1535 ) );
#704 = ADVANCED_FACE( '', ( #1536 ), #1537, .T. );
#705 = PRESENTATION_STYLE_ASSIGNMENT( ( #1538 ) );
#706 = ADVANCED_FACE( '', ( #1539 ), #1540, .T. );
#707 = PRESENTATION_STYLE_ASSIGNMENT( ( #1541 ) );
#708 = ADVANCED_FACE( '', ( #1542 ), #1543, .T. );
#709 = PRESENTATION_STYLE_ASSIGNMENT( ( #1544 ) );
#710 = ADVANCED_FACE( '', ( #1545 ), #1546, .F. );
#711 = PRESENTATION_STYLE_ASSIGNMENT( ( #1547 ) );
#712 = ADVANCED_FACE( '', ( #1548 ), #1549, .T. );
#713 = PRESENTATION_STYLE_ASSIGNMENT( ( #1550 ) );
#714 = ADVANCED_FACE( '', ( #1551 ), #1552, .T. );
#715 = PRESENTATION_STYLE_ASSIGNMENT( ( #1553 ) );
#716 = ADVANCED_FACE( '', ( #1554 ), #1555, .F. );
#717 = PRESENTATION_STYLE_ASSIGNMENT( ( #1556 ) );
#718 = ADVANCED_FACE( '', ( #1557 ), #1558, .T. );
#719 = PRESENTATION_STYLE_ASSIGNMENT( ( #1559 ) );
#720 = ADVANCED_FACE( '', ( #1560 ), #1561, .T. );
#721 = PRESENTATION_STYLE_ASSIGNMENT( ( #1562 ) );
#722 = ADVANCED_FACE( '', ( #1563 ), #1564, .F. );
#723 = PRESENTATION_STYLE_ASSIGNMENT( ( #1565 ) );
#724 = ADVANCED_FACE( '', ( #1566 ), #1567, .F. );
#725 = PRESENTATION_STYLE_ASSIGNMENT( ( #1568 ) );
#726 = ADVANCED_FACE( '', ( #1569 ), #1570, .T. );
#727 = PRESENTATION_STYLE_ASSIGNMENT( ( #1571 ) );
#728 = ADVANCED_FACE( '', ( #1572 ), #1573, .T. );
#729 = PRESENTATION_STYLE_ASSIGNMENT( ( #1574 ) );
#730 = ADVANCED_FACE( '', ( #1575 ), #1576, .T. );
#731 = PRESENTATION_STYLE_ASSIGNMENT( ( #1577 ) );
#732 = ADVANCED_FACE( '', ( #1578 ), #1579, .F. );
#733 = PRESENTATION_STYLE_ASSIGNMENT( ( #1580 ) );
#734 = ADVANCED_FACE( '', ( #1581 ), #1582, .T. );
#735 = PRESENTATION_STYLE_ASSIGNMENT( ( #1583 ) );
#736 = ADVANCED_FACE( '', ( #1584 ), #1585, .F. );
#737 = PRESENTATION_STYLE_ASSIGNMENT( ( #1586 ) );
#738 = ADVANCED_FACE( '', ( #1587 ), #1588, .T. );
#739 = PRESENTATION_STYLE_ASSIGNMENT( ( #1589 ) );
#740 = ADVANCED_FACE( '', ( #1590 ), #1591, .T. );
#741 = PRESENTATION_STYLE_ASSIGNMENT( ( #1592 ) );
#742 = ADVANCED_FACE( '', ( #1593 ), #1594, .T. );
#743 = PRESENTATION_STYLE_ASSIGNMENT( ( #1595 ) );
#744 = ADVANCED_FACE( '', ( #1596 ), #1597, .T. );
#745 = PRESENTATION_STYLE_ASSIGNMENT( ( #1598 ) );
#746 = ADVANCED_FACE( '', ( #1599 ), #1600, .T. );
#747 = PRESENTATION_STYLE_ASSIGNMENT( ( #1601 ) );
#748 = ADVANCED_FACE( '', ( #1602 ), #1603, .T. );
#749 = PRESENTATION_STYLE_ASSIGNMENT( ( #1604 ) );
#750 = ADVANCED_FACE( '', ( #1605 ), #1606, .F. );
#751 = PRESENTATION_STYLE_ASSIGNMENT( ( #1607 ) );
#752 = ADVANCED_FACE( '', ( #1608 ), #1609, .T. );
#753 = PRESENTATION_STYLE_ASSIGNMENT( ( #1610 ) );
#754 = ADVANCED_FACE( '', ( #1611 ), #1612, .T. );
#755 = PRESENTATION_STYLE_ASSIGNMENT( ( #1613 ) );
#756 = ADVANCED_FACE( '', ( #1614 ), #1615, .F. );
#757 = PRESENTATION_STYLE_ASSIGNMENT( ( #1616 ) );
#758 = ADVANCED_FACE( '', ( #1617 ), #1618, .T. );
#759 = PRESENTATION_STYLE_ASSIGNMENT( ( #1619 ) );
#760 = ADVANCED_FACE( '', ( #1620 ), #1621, .F. );
#761 = PRESENTATION_STYLE_ASSIGNMENT( ( #1622 ) );
#762 = ADVANCED_FACE( '', ( #1623 ), #1624, .F. );
#763 = PRESENTATION_STYLE_ASSIGNMENT( ( #1625 ) );
#764 = ADVANCED_FACE( '', ( #1626 ), #1627, .F. );
#765 = PRESENTATION_STYLE_ASSIGNMENT( ( #1628 ) );
#766 = ADVANCED_FACE( '', ( #1629 ), #1630, .T. );
#767 = PRESENTATION_STYLE_ASSIGNMENT( ( #1631 ) );
#768 = ADVANCED_FACE( '', ( #1632 ), #1633, .T. );
#769 = PRESENTATION_STYLE_ASSIGNMENT( ( #1634 ) );
#770 = ADVANCED_FACE( '', ( #1635 ), #1636, .T. );
#771 = PRESENTATION_STYLE_ASSIGNMENT( ( #1637 ) );
#772 = ADVANCED_FACE( '', ( #1638 ), #1639, .F. );
#773 = PRESENTATION_STYLE_ASSIGNMENT( ( #1640 ) );
#774 = ADVANCED_FACE( '', ( #1641, #1642, #1643 ), #1644, .T. );
#775 = PRESENTATION_STYLE_ASSIGNMENT( ( #1645 ) );
#776 = ADVANCED_FACE( '', ( #1646 ), #1647, .T. );
#777 = PRESENTATION_STYLE_ASSIGNMENT( ( #1648 ) );
#778 = ADVANCED_FACE( '', ( #1649 ), #1650, .T. );
#779 = PRESENTATION_STYLE_ASSIGNMENT( ( #1651 ) );
#780 = ADVANCED_FACE( '', ( #1652 ), #1653, .F. );
#781 = PRESENTATION_STYLE_ASSIGNMENT( ( #1654 ) );
#782 = ADVANCED_FACE( '', ( #1655 ), #1656, .T. );
#783 = PRESENTATION_STYLE_ASSIGNMENT( ( #1657 ) );
#784 = ADVANCED_FACE( '', ( #1658 ), #1659, .F. );
#785 = PRESENTATION_STYLE_ASSIGNMENT( ( #1660 ) );
#786 = ADVANCED_FACE( '', ( #1661 ), #1662, .T. );
#787 = PRESENTATION_STYLE_ASSIGNMENT( ( #1663 ) );
#788 = ADVANCED_FACE( '', ( #1664 ), #1665, .F. );
#789 = PRESENTATION_STYLE_ASSIGNMENT( ( #1666 ) );
#790 = ADVANCED_FACE( '', ( #1667 ), #1668, .T. );
#791 = PRESENTATION_STYLE_ASSIGNMENT( ( #1669 ) );
#792 = ADVANCED_FACE( '', ( #1670 ), #1671, .T. );
#793 = PRESENTATION_STYLE_ASSIGNMENT( ( #1672 ) );
#794 = ADVANCED_FACE( '', ( #1673 ), #1674, .T. );
#795 = PRESENTATION_STYLE_ASSIGNMENT( ( #1675 ) );
#796 = ADVANCED_FACE( '', ( #1676 ), #1677, .T. );
#797 = PRESENTATION_STYLE_ASSIGNMENT( ( #1678 ) );
#798 = ADVANCED_FACE( '', ( #1679 ), #1680, .T. );
#799 = PRESENTATION_STYLE_ASSIGNMENT( ( #1681 ) );
#800 = ADVANCED_FACE( '', ( #1682 ), #1683, .F. );
#801 = PRESENTATION_STYLE_ASSIGNMENT( ( #1684 ) );
#802 = ADVANCED_FACE( '', ( #1685 ), #1686, .T. );
#803 = PRESENTATION_STYLE_ASSIGNMENT( ( #1687 ) );
#804 = ADVANCED_FACE( '', ( #1688 ), #1689, .T. );
#805 = PRESENTATION_STYLE_ASSIGNMENT( ( #1690 ) );
#806 = ADVANCED_FACE( '', ( #1691 ), #1692, .T. );
#807 = PRESENTATION_STYLE_ASSIGNMENT( ( #1693 ) );
#808 = ADVANCED_FACE( '', ( #1694 ), #1695, .T. );
#809 = PRESENTATION_STYLE_ASSIGNMENT( ( #1696 ) );
#810 = ADVANCED_FACE( '', ( #1697 ), #1698, .F. );
#811 = PRESENTATION_STYLE_ASSIGNMENT( ( #1699 ) );
#812 = ADVANCED_FACE( '', ( #1700 ), #1701, .F. );
#813 = PRESENTATION_STYLE_ASSIGNMENT( ( #1702 ) );
#814 = ADVANCED_FACE( '', ( #1703 ), #1704, .T. );
#815 = PRESENTATION_STYLE_ASSIGNMENT( ( #1705 ) );
#816 = ADVANCED_FACE( '', ( #1706 ), #1707, .T. );
#817 = PRESENTATION_STYLE_ASSIGNMENT( ( #1708 ) );
#818 = ADVANCED_FACE( '', ( #1709 ), #1710, .F. );
#819 = PRESENTATION_STYLE_ASSIGNMENT( ( #1711 ) );
#820 = ADVANCED_FACE( '', ( #1712 ), #1713, .F. );
#821 = PRESENTATION_STYLE_ASSIGNMENT( ( #1714 ) );
#822 = ADVANCED_FACE( '', ( #1715 ), #1716, .T. );
#823 = PRESENTATION_STYLE_ASSIGNMENT( ( #1717 ) );
#824 = ADVANCED_FACE( '', ( #1718 ), #1719, .T. );
#825 = PRESENTATION_STYLE_ASSIGNMENT( ( #1720 ) );
#826 = ADVANCED_FACE( '', ( #1721 ), #1722, .T. );
#827 = PRESENTATION_STYLE_ASSIGNMENT( ( #1723 ) );
#828 = ADVANCED_FACE( '', ( #1724 ), #1725, .T. );
#829 = PRESENTATION_STYLE_ASSIGNMENT( ( #1726 ) );
#830 = ADVANCED_FACE( '', ( #1727 ), #1728, .T. );
#831 = PRESENTATION_STYLE_ASSIGNMENT( ( #1729 ) );
#832 = ADVANCED_FACE( '', ( #1730 ), #1731, .T. );
#833 = PRESENTATION_STYLE_ASSIGNMENT( ( #1732 ) );
#834 = ADVANCED_FACE( '', ( #1733, #1734, #1735, #1736, #1737, #1738, #1739, #1740, #1741, #1742, #1743 ), #1744, .T. );
#835 = PRESENTATION_STYLE_ASSIGNMENT( ( #1745 ) );
#836 = ADVANCED_FACE( '', ( #1746 ), #1747, .T. );
#837 = PRESENTATION_STYLE_ASSIGNMENT( ( #1748 ) );
#838 = ADVANCED_FACE( '', ( #1749 ), #1750, .T. );
#839 = PRESENTATION_STYLE_ASSIGNMENT( ( #1751 ) );
#840 = ADVANCED_FACE( '', ( #1752, #1753 ), #1754, .T. );
#841 = PRESENTATION_STYLE_ASSIGNMENT( ( #1755 ) );
#842 = ADVANCED_FACE( '', ( #1756 ), #1757, .T. );
#843 = PRESENTATION_STYLE_ASSIGNMENT( ( #1758 ) );
#844 = ADVANCED_FACE( '', ( #1759 ), #1760, .T. );
#845 = PRESENTATION_STYLE_ASSIGNMENT( ( #1761 ) );
#846 = ADVANCED_FACE( '', ( #1762 ), #1763, .T. );
#847 = PRESENTATION_STYLE_ASSIGNMENT( ( #1764 ) );
#848 = ADVANCED_FACE( '', ( #1765 ), #1766, .T. );
#849 = PRESENTATION_STYLE_ASSIGNMENT( ( #1767 ) );
#850 = ADVANCED_FACE( '', ( #1768 ), #1769, .F. );
#851 = PRESENTATION_STYLE_ASSIGNMENT( ( #1770 ) );
#852 = ADVANCED_FACE( '', ( #1771 ), #1772, .T. );
#853 = PRESENTATION_STYLE_ASSIGNMENT( ( #1773 ) );
#854 = ADVANCED_FACE( '', ( #1774 ), #1775, .F. );
#855 = PRESENTATION_STYLE_ASSIGNMENT( ( #1776 ) );
#856 = ADVANCED_FACE( '', ( #1777 ), #1778, .T. );
#857 = PRESENTATION_STYLE_ASSIGNMENT( ( #1779 ) );
#858 = ADVANCED_FACE( '', ( #1780 ), #1781, .F. );
#859 = PRESENTATION_STYLE_ASSIGNMENT( ( #1782 ) );
#860 = ADVANCED_FACE( '', ( #1783 ), #1784, .T. );
#861 = PRESENTATION_STYLE_ASSIGNMENT( ( #1785 ) );
#862 = ADVANCED_FACE( '', ( #1786 ), #1787, .F. );
#863 = PRESENTATION_STYLE_ASSIGNMENT( ( #1788 ) );
#864 = ADVANCED_FACE( '', ( #1789 ), #1790, .F. );
#865 = PRESENTATION_STYLE_ASSIGNMENT( ( #1791 ) );
#866 = ADVANCED_FACE( '', ( #1792 ), #1793, .T. );
#867 = PRESENTATION_STYLE_ASSIGNMENT( ( #1794 ) );
#868 = ADVANCED_FACE( '', ( #1795 ), #1796, .F. );
#869 = PRESENTATION_STYLE_ASSIGNMENT( ( #1797 ) );
#870 = ADVANCED_FACE( '', ( #1798 ), #1799, .T. );
#871 = PRESENTATION_STYLE_ASSIGNMENT( ( #1800 ) );
#872 = ADVANCED_FACE( '', ( #1801 ), #1802, .T. );
#873 = PRESENTATION_STYLE_ASSIGNMENT( ( #1803 ) );
#874 = ADVANCED_FACE( '', ( #1804 ), #1805, .F. );
#875 = PRESENTATION_STYLE_ASSIGNMENT( ( #1806 ) );
#876 = ADVANCED_FACE( '', ( #1807 ), #1808, .T. );
#877 = PRESENTATION_STYLE_ASSIGNMENT( ( #1809 ) );
#878 = ADVANCED_FACE( '', ( #1810 ), #1811, .T. );
#879 = PRESENTATION_STYLE_ASSIGNMENT( ( #1812 ) );
#880 = ADVANCED_FACE( '', ( #1813 ), #1814, .T. );
#881 = PRESENTATION_STYLE_ASSIGNMENT( ( #1815 ) );
#882 = ADVANCED_FACE( '', ( #1816 ), #1817, .F. );
#883 = PRESENTATION_STYLE_ASSIGNMENT( ( #1818 ) );
#884 = ADVANCED_FACE( '', ( #1819 ), #1820, .F. );
#885 = PRESENTATION_STYLE_ASSIGNMENT( ( #1821 ) );
#886 = ADVANCED_FACE( '', ( #1822 ), #1823, .F. );
#887 = PRESENTATION_STYLE_ASSIGNMENT( ( #1824 ) );
#888 = ADVANCED_FACE( '', ( #1825 ), #1826, .F. );
#889 = PRESENTATION_STYLE_ASSIGNMENT( ( #1827 ) );
#890 = ADVANCED_FACE( '', ( #1828 ), #1829, .T. );
#891 = PRESENTATION_STYLE_ASSIGNMENT( ( #1830 ) );
#892 = ADVANCED_FACE( '', ( #1831 ), #1832, .T. );
#893 = PRESENTATION_STYLE_ASSIGNMENT( ( #1833 ) );
#894 = ADVANCED_FACE( '', ( #1834 ), #1835, .T. );
#895 = PRESENTATION_STYLE_ASSIGNMENT( ( #1836 ) );
#896 = ADVANCED_FACE( '', ( #1837 ), #1838, .F. );
#897 = PRESENTATION_STYLE_ASSIGNMENT( ( #1839 ) );
#898 = ADVANCED_FACE( '', ( #1840 ), #1841, .F. );
#899 = PRESENTATION_STYLE_ASSIGNMENT( ( #1842 ) );
#900 = ADVANCED_FACE( '', ( #1843 ), #1844, .F. );
#901 = PRESENTATION_STYLE_ASSIGNMENT( ( #1845 ) );
#902 = ADVANCED_FACE( '', ( #1846 ), #1847, .T. );
#903 = PRESENTATION_STYLE_ASSIGNMENT( ( #1848 ) );
#904 = ADVANCED_FACE( '', ( #1849 ), #1850, .T. );
#905 = PRESENTATION_STYLE_ASSIGNMENT( ( #1851 ) );
#906 = ADVANCED_FACE( '', ( #1852 ), #1853, .T. );
#907 = PRESENTATION_STYLE_ASSIGNMENT( ( #1854 ) );
#908 = ADVANCED_FACE( '', ( #1855, #1856 ), #1857, .T. );
#909 = PRESENTATION_STYLE_ASSIGNMENT( ( #1858 ) );
#910 = ADVANCED_FACE( '', ( #1859 ), #1860, .T. );
#911 = PRESENTATION_STYLE_ASSIGNMENT( ( #1861 ) );
#912 = ADVANCED_FACE( '', ( #1862 ), #1863, .T. );
#913 = PRESENTATION_STYLE_ASSIGNMENT( ( #1864 ) );
#914 = ADVANCED_FACE( '', ( #1865 ), #1866, .T. );
#915 = PRESENTATION_STYLE_ASSIGNMENT( ( #1867 ) );
#916 = ADVANCED_FACE( '', ( #1868 ), #1869, .T. );
#917 = PRESENTATION_STYLE_ASSIGNMENT( ( #1870 ) );
#918 = ADVANCED_FACE( '', ( #1871 ), #1872, .T. );
#919 = PRESENTATION_STYLE_ASSIGNMENT( ( #1873 ) );
#920 = ADVANCED_FACE( '', ( #1874 ), #1875, .T. );
#921 = PRESENTATION_STYLE_ASSIGNMENT( ( #1876 ) );
#922 = ADVANCED_FACE( '', ( #1877 ), #1878, .F. );
#923 = PRESENTATION_STYLE_ASSIGNMENT( ( #1879 ) );
#924 = ADVANCED_FACE( '', ( #1880 ), #1881, .T. );
#925 = PRESENTATION_STYLE_ASSIGNMENT( ( #1882 ) );
#926 = ADVANCED_FACE( '', ( #1883 ), #1884, .F. );
#927 = PRESENTATION_STYLE_ASSIGNMENT( ( #1885 ) );
#928 = ADVANCED_FACE( '', ( #1886 ), #1887, .F. );
#929 = PRESENTATION_STYLE_ASSIGNMENT( ( #1888 ) );
#930 = ADVANCED_FACE( '', ( #1889 ), #1890, .F. );
#931 = PRESENTATION_STYLE_ASSIGNMENT( ( #1891 ) );
#932 = ADVANCED_FACE( '', ( #1892 ), #1893, .F. );
#933 = PRESENTATION_STYLE_ASSIGNMENT( ( #1894 ) );
#934 = ADVANCED_FACE( '', ( #1895 ), #1896, .T. );
#935 = PRESENTATION_STYLE_ASSIGNMENT( ( #1897 ) );
#936 = ADVANCED_FACE( '', ( #1898 ), #1899, .F. );
#937 = PRESENTATION_STYLE_ASSIGNMENT( ( #1900 ) );
#938 = ADVANCED_FACE( '', ( #1901 ), #1902, .F. );
#939 = PRESENTATION_STYLE_ASSIGNMENT( ( #1903 ) );
#940 = ADVANCED_FACE( '', ( #1904 ), #1905, .T. );
#941 = PRESENTATION_STYLE_ASSIGNMENT( ( #1906 ) );
#942 = ADVANCED_FACE( '', ( #1907 ), #1908, .F. );
#943 = PRESENTATION_STYLE_ASSIGNMENT( ( #1909 ) );
#944 = ADVANCED_FACE( '', ( #1910 ), #1911, .T. );
#945 = PRESENTATION_STYLE_ASSIGNMENT( ( #1912 ) );
#946 = ADVANCED_FACE( '', ( #1913 ), #1914, .F. );
#947 = PRESENTATION_STYLE_ASSIGNMENT( ( #1915 ) );
#948 = ADVANCED_FACE( '', ( #1916 ), #1917, .T. );
#949 = PRESENTATION_STYLE_ASSIGNMENT( ( #1918 ) );
#950 = ADVANCED_FACE( '', ( #1919 ), #1920, .F. );
#951 = PRESENTATION_STYLE_ASSIGNMENT( ( #1921 ) );
#952 = ADVANCED_FACE( '', ( #1922 ), #1923, .F. );
#953 = PRESENTATION_STYLE_ASSIGNMENT( ( #1924 ) );
#954 = ADVANCED_FACE( '', ( #1925 ), #1926, .T. );
#955 = PRESENTATION_STYLE_ASSIGNMENT( ( #1927 ) );
#956 = ADVANCED_FACE( '', ( #1928 ), #1929, .F. );
#957 = PRESENTATION_STYLE_ASSIGNMENT( ( #1930 ) );
#958 = ADVANCED_FACE( '', ( #1931 ), #1932, .T. );
#959 = PRESENTATION_STYLE_ASSIGNMENT( ( #1933 ) );
#960 = ADVANCED_FACE( '', ( #1934 ), #1935, .T. );
#961 = PRESENTATION_STYLE_ASSIGNMENT( ( #1936 ) );
#962 = ADVANCED_FACE( '', ( #1937 ), #1938, .F. );
#963 = PRESENTATION_STYLE_ASSIGNMENT( ( #1939 ) );
#964 = ADVANCED_FACE( '', ( #1940 ), #1941, .T. );
#965 = PRESENTATION_STYLE_ASSIGNMENT( ( #1942 ) );
#966 = ADVANCED_FACE( '', ( #1943 ), #1944, .F. );
#967 = PRESENTATION_STYLE_ASSIGNMENT( ( #1945 ) );
#968 = ADVANCED_FACE( '', ( #1946 ), #1947, .F. );
#969 = PRESENTATION_STYLE_ASSIGNMENT( ( #1948 ) );
#970 = ADVANCED_FACE( '', ( #1949 ), #1950, .T. );
#971 = PRESENTATION_STYLE_ASSIGNMENT( ( #1951 ) );
#972 = ADVANCED_FACE( '', ( #1952 ), #1953, .T. );
#973 = PRESENTATION_STYLE_ASSIGNMENT( ( #1954 ) );
#974 = ADVANCED_FACE( '', ( #1955 ), #1956, .T. );
#975 = PRESENTATION_STYLE_ASSIGNMENT( ( #1957 ) );
#976 = ADVANCED_FACE( '', ( #1958 ), #1959, .T. );
#977 = PRESENTATION_STYLE_ASSIGNMENT( ( #1960 ) );
#978 = ADVANCED_FACE( '', ( #1961 ), #1962, .T. );
#979 = PRESENTATION_STYLE_ASSIGNMENT( ( #1963 ) );
#980 = ADVANCED_FACE( '', ( #1964 ), #1965, .T. );
#981 = PRESENTATION_STYLE_ASSIGNMENT( ( #1966 ) );
#982 = ADVANCED_FACE( '', ( #1967 ), #1968, .T. );
#983 = PRESENTATION_STYLE_ASSIGNMENT( ( #1969 ) );
#984 = ADVANCED_FACE( '', ( #1970 ), #1971, .T. );
#985 = PRESENTATION_STYLE_ASSIGNMENT( ( #1972 ) );
#986 = ADVANCED_FACE( '', ( #1973 ), #1974, .T. );
#987 = PRESENTATION_STYLE_ASSIGNMENT( ( #1975 ) );
#988 = ADVANCED_FACE( '', ( #1976, #1977 ), #1978, .T. );
#991 = LENGTH_MEASURE_WITH_UNIT( LENGTH_MEASURE( 25.4000000000000 ), #1979 );
#994 = DIMENSIONAL_EXPONENTS( 1.00000000000000, 0.000000000000000, 0.000000000000000, 0.000000000000000, 0.000000000000000, 0.000000000000000, 0.000000000000000 );
#996 = DIMENSIONAL_EXPONENTS( 0.000000000000000, 0.000000000000000, 0.000000000000000, 0.000000000000000, 0.000000000000000, 0.000000000000000, 0.000000000000000 );
#1002 = PRODUCT_CONTEXT( '', #18, 'mechanical' );
#1003 = PRODUCT_DEFINITION_FORMATION_WITH_SPECIFIED_SOURCE( ' ', 'NONE', #351, .NOT_KNOWN. );
#1004 = CARTESIAN_POINT( '', ( 0.000000000000000, 0.000000000000000, 0.000000000000000 ) );
#1005 = DIRECTION( '', ( 0.000000000000000, 0.000000000000000, 1.00000000000000 ) );
#1006 = DIRECTION( '', ( 1.00000000000000, 0.000000000000000, 0.000000000000000 ) );
#1007 = CARTESIAN_POINT( '', ( 0.000000000000000, 0.000000000000000, 0.000000000000000 ) );
#1008 = DIRECTION( '', ( 0.000000000000000, 0.000000000000000, 1.00000000000000 ) );
#1009 = DIRECTION( '', ( 1.00000000000000, 0.000000000000000, 0.000000000000000 ) );
#1010 = CARTESIAN_POINT( '', ( 0.000000000000000, -0.0680000000000000, 0.000000000000000 ) );
#1011 = DIRECTION( '', ( 0.000000000000000, 0.000000000000000, 1.00000000000000 ) );
#1012 = DIRECTION( '', ( 1.00000000000000, 0.000000000000000, 0.000000000000000 ) );
#1015 = UNCERTAINTY_MEASURE_WITH_UNIT( LENGTH_MEASURE( 3.93701000000000E-05 ), #1017, '', '' );
#1017 =  ( CONVERSION_BASED_UNIT( 'INCH', #1982 )LENGTH_UNIT(  )NAMED_UNIT( #1985 ) );
#1018 =  ( NAMED_UNIT( #1987 )PLANE_ANGLE_UNIT(  )SI_UNIT( $, .RADIAN. ) );
#1019 =  ( NAMED_UNIT( #1987 )SI_UNIT( $, .STERADIAN. )SOLID_ANGLE_UNIT(  ) );
#1021 = PRODUCT_DEFINITION_FORMATION_WITH_SPECIFIED_SOURCE( ' ', 'NONE', #357, .NOT_KNOWN. );
#1022 = CLOSED_SHELL( '', ( #460, #580, #636, #844, #434, #602, #482, #462, #466, #424, #556, #696, #374, #774, #814, #742, #490, #804, #766, #834, #780, #950, #586, #750, #862, #480, #944, #552, #440, #822, #740, #902, #464, #988, #672, #712, #572, #816, #908, #404, #880, #600, #714, #648, #610, #380, #692, #824, #694, #576, #412, #744, #406, #836, #678, #588, #758, #964, #906, #752, #638, #658, #442, #542, #544, #538, #718, #400, #532, #574, #690, #986, #720, #738, #384, #540, #840, #470, #826, #768, #856, #472, #444, #518, #910, #494, #732, #726, #546, #640, #608, #704, #728, #934, #510, #642, #870, #410, #686, #612, #912, #914, #378, #876, #708, #916, #644, #808, #918, #548, #890, #878, #680, #846, #428, #578, #838, #748, #592, #790, #786, #536, #522, #508, #842, #848, #684, #734, #646, #408, #970, #860, #584, #414, #604, #474, #650, #500, #788, #850, #924, #736, #668, #940, #530, #974, #982, #582, #526, #416, #722, #616, #776, #892, #778, #550, #654, #770, #810, #420, #754, #484, #386, #598, #656, #606, #898, #894, #558, #828, #430, #660, #486, #920, #698, #394, #666, #618, #520, #782, #566, #792, #662, #958, #512, #928, #706, #488, #560, #852, #492, #676, #670, #730, #402, #620, #688, #674, #854, #984, #960, #772, #496, #498, #802, #702 ) );
#1023 = PRODUCT_DEFINITION_FORMATION_WITH_SPECIFIED_SOURCE( ' ', 'NONE', #365, .NOT_KNOWN. );
#1024 = CLOSED_SHELL( '', ( #926, #446, #784, #818, #502, #716, #930, #762, #972, #746, #980, #390, #516, #596, #866, #806, #882, #820, #760, #448, #432, #506, #884, #948, #832, #888, #872, #630, #798, #452, #622, #962, #476, #534, #562, #946, #478, #864, #422, #896, #968, #868, #528, #700, #764, #426, #524, #682, #614, #932, #628, #396, #664, #904, #632, #570, #830, #976, #978, #794, #952, #504, #954, #796, #800, #514, #756, #450, #812, #942, #724, #468, #886, #436, #594, #568, #634, #454, #564, #710, #858, #438, #398, #936, #922, #900, #418, #624, #388, #590, #874, #626, #956, #456, #458, #966, #382, #554, #376, #938, #652, #392 ) );
#1025 = SURFACE_STYLE_USAGE( .BOTH., #1993 );
#1026 = FACE_OUTER_BOUND( '', #1994, .T. );
#1027 = PLANE( '', #1995 );
#1028 = SURFACE_STYLE_USAGE( .BOTH., #1996 );
#1029 = FACE_OUTER_BOUND( '', #1997, .T. );
#1030 = PLANE( '', #1998 );
#1031 = SURFACE_STYLE_USAGE( .BOTH., #1999 );
#1032 = FACE_OUTER_BOUND( '', #2000, .T. );
#1033 = PLANE( '', #2001 );
#1034 = SURFACE_STYLE_USAGE( .BOTH., #2002 );
#1035 = FACE_OUTER_BOUND( '', #2003, .T. );
#1036 = PLANE( '', #2004 );
#1037 = SURFACE_STYLE_USAGE( .BOTH., #2005 );
#1038 = FACE_OUTER_BOUND( '', #2006, .T. );
#1039 = PLANE( '', #2007 );
#1040 = SURFACE_STYLE_USAGE( .BOTH., #2008 );
#1041 = FACE_OUTER_BOUND( '', #2009, .T. );
#1042 = PLANE( '', #2010 );
#1043 = SURFACE_STYLE_USAGE( .BOTH., #2011 );
#1044 = FACE_OUTER_BOUND( '', #2012, .T. );
#1045 = PLANE( '', #2013 );
#1046 = SURFACE_STYLE_USAGE( .BOTH., #2014 );
#1047 = FACE_OUTER_BOUND( '', #2015, .T. );
#1048 = PLANE( '', #2016 );
#1049 = SURFACE_STYLE_USAGE( .BOTH., #2017 );
#1050 = FACE_OUTER_BOUND( '', #2018, .T. );
#1051 = PLANE( '', #2019 );
#1052 = SURFACE_STYLE_USAGE( .BOTH., #2020 );
#1053 = FACE_OUTER_BOUND( '', #2021, .T. );
#1054 = PLANE( '', #2022 );
#1055 = SURFACE_STYLE_USAGE( .BOTH., #2023 );
#1056 = FACE_OUTER_BOUND( '', #2024, .T. );
#1057 = PLANE( '', #2025 );
#1058 = SURFACE_STYLE_USAGE( .BOTH., #2026 );
#1059 = FACE_OUTER_BOUND( '', #2027, .T. );
#1060 = PLANE( '', #2028 );
#1061 = SURFACE_STYLE_USAGE( .BOTH., #2029 );
#1062 = FACE_OUTER_BOUND( '', #2030, .T. );
#1063 = PLANE( '', #2031 );
#1064 = SURFACE_STYLE_USAGE( .BOTH., #2032 );
#1065 = FACE_OUTER_BOUND( '', #2033, .T. );
#1066 = PLANE( '', #2034 );
#1067 = SURFACE_STYLE_USAGE( .BOTH., #2035 );
#1068 = FACE_OUTER_BOUND( '', #2036, .T. );
#1069 = PLANE( '', #2037 );
#1070 = SURFACE_STYLE_USAGE( .BOTH., #2038 );
#1071 = FACE_OUTER_BOUND( '', #2039, .T. );
#1072 = PLANE( '', #2040 );
#1073 = SURFACE_STYLE_USAGE( .BOTH., #2041 );
#1074 = FACE_OUTER_BOUND( '', #2042, .T. );
#1075 = CONICAL_SURFACE( '', #2043, 0.0150000000000000, 0.0157079633000000 );
#1076 = SURFACE_STYLE_USAGE( .BOTH., #2044 );
#1077 = FACE_OUTER_BOUND( '', #2045, .T. );
#1078 = FACE_BOUND( '', #2046, .T. );
#1079 = PLANE( '', #2047 );
#1080 = SURFACE_STYLE_USAGE( .BOTH., #2048 );
#1081 = FACE_OUTER_BOUND( '', #2049, .T. );
#1082 = PLANE( '', #2050 );
#1083 = SURFACE_STYLE_USAGE( .BOTH., #2051 );
#1084 = FACE_OUTER_BOUND( '', #2052, .T. );
#1085 = CONICAL_SURFACE( '', #2053, 0.0150000000000000, 0.0157079633000000 );
#1086 = SURFACE_STYLE_USAGE( .BOTH., #2054 );
#1087 = FACE_OUTER_BOUND( '', #2055, .T. );
#1088 = PLANE( '', #2056 );
#1089 = SURFACE_STYLE_USAGE( .BOTH., #2057 );
#1090 = FACE_OUTER_BOUND( '', #2058, .T. );
#1091 = PLANE( '', #2059 );
#1092 = SURFACE_STYLE_USAGE( .BOTH., #2060 );
#1093 = FACE_OUTER_BOUND( '', #2061, .T. );
#1094 = PLANE( '', #2062 );
#1095 = SURFACE_STYLE_USAGE( .BOTH., #2063 );
#1096 = FACE_OUTER_BOUND( '', #2064, .T. );
#1097 = PLANE( '', #2065 );
#1098 = SURFACE_STYLE_USAGE( .BOTH., #2066 );
#1099 = FACE_OUTER_BOUND( '', #2067, .T. );
#1100 = CYLINDRICAL_SURFACE( '', #2068, 0.0200000000000000 );
#1101 = SURFACE_STYLE_USAGE( .BOTH., #2069 );
#1102 = FACE_OUTER_BOUND( '', #2070, .T. );
#1103 = PLANE( '', #2071 );
#1104 = SURFACE_STYLE_USAGE( .BOTH., #2072 );
#1105 = FACE_OUTER_BOUND( '', #2073, .T. );
#1106 = PLANE( '', #2074 );
#1107 = SURFACE_STYLE_USAGE( .BOTH., #2075 );
#1108 = FACE_OUTER_BOUND( '', #2076, .T. );
#1109 = PLANE( '', #2077 );
#1110 = SURFACE_STYLE_USAGE( .BOTH., #2078 );
#1111 = FACE_OUTER_BOUND( '', #2079, .T. );
#1112 = PLANE( '', #2080 );
#1113 = SURFACE_STYLE_USAGE( .BOTH., #2081 );
#1114 = FACE_OUTER_BOUND( '', #2082, .T. );
#1115 = PLANE( '', #2083 );
#1116 = SURFACE_STYLE_USAGE( .BOTH., #2084 );
#1117 = FACE_OUTER_BOUND( '', #2085, .T. );
#1118 = FACE_BOUND( '', #2086, .T. );
#1119 = FACE_BOUND( '', #2087, .T. );
#1120 = PLANE( '', #2088 );
#1121 = SURFACE_STYLE_USAGE( .BOTH., #2089 );
#1122 = FACE_OUTER_BOUND( '', #2090, .T. );
#1123 = CYLINDRICAL_SURFACE( '', #2091, 0.0360000000000000 );
#1124 = SURFACE_STYLE_USAGE( .BOTH., #2092 );
#1125 = FACE_OUTER_BOUND( '', #2093, .T. );
#1126 = PLANE( '', #2094 );
#1127 = SURFACE_STYLE_USAGE( .BOTH., #2095 );
#1128 = FACE_OUTER_BOUND( '', #2096, .T. );
#1129 = FACE_BOUND( '', #2097, .T. );
#1130 = PLANE( '', #2098 );
#1131 = SURFACE_STYLE_USAGE( .BOTH., #2099 );
#1132 = FACE_OUTER_BOUND( '', #2100, .T. );
#1133 = FACE_BOUND( '', #2101, .T. );
#1134 = PLANE( '', #2102 );
#1135 = SURFACE_STYLE_USAGE( .BOTH., #2103 );
#1136 = FACE_OUTER_BOUND( '', #2104, .T. );
#1137 = PLANE( '', #2105 );
#1138 = SURFACE_STYLE_USAGE( .BOTH., #2106 );
#1139 = FACE_OUTER_BOUND( '', #2107, .T. );
#1140 = PLANE( '', #2108 );
#1141 = SURFACE_STYLE_USAGE( .BOTH., #2109 );
#1142 = FACE_OUTER_BOUND( '', #2110, .T. );
#1143 = CYLINDRICAL_SURFACE( '', #2111, 0.0200000000000000 );
#1144 = SURFACE_STYLE_USAGE( .BOTH., #2112 );
#1145 = FACE_OUTER_BOUND( '', #2113, .T. );
#1146 = PLANE( '', #2114 );
#1147 = SURFACE_STYLE_USAGE( .BOTH., #2115 );
#1148 = FACE_OUTER_BOUND( '', #2116, .T. );
#1149 = PLANE( '', #2117 );
#1150 = SURFACE_STYLE_USAGE( .BOTH., #2118 );
#1151 = FACE_OUTER_BOUND( '', #2119, .T. );
#1152 = PLANE( '', #2120 );
#1153 = SURFACE_STYLE_USAGE( .BOTH., #2121 );
#1154 = FACE_OUTER_BOUND( '', #2122, .T. );
#1155 = PLANE( '', #2123 );
#1156 = SURFACE_STYLE_USAGE( .BOTH., #2124 );
#1157 = FACE_OUTER_BOUND( '', #2125, .T. );
#1158 = PLANE( '', #2126 );
#1159 = SURFACE_STYLE_USAGE( .BOTH., #2127 );
#1160 = FACE_OUTER_BOUND( '', #2128, .T. );
#1161 = PLANE( '', #2129 );
#1162 = SURFACE_STYLE_USAGE( .BOTH., #2130 );
#1163 = FACE_OUTER_BOUND( '', #2131, .T. );
#1164 = PLANE( '', #2132 );
#1165 = SURFACE_STYLE_USAGE( .BOTH., #2133 );
#1166 = FACE_OUTER_BOUND( '', #2134, .T. );
#1167 = PLANE( '', #2135 );
#1168 = SURFACE_STYLE_USAGE( .BOTH., #2136 );
#1169 = FACE_OUTER_BOUND( '', #2137, .T. );
#1170 = PLANE( '', #2138 );
#1171 = SURFACE_STYLE_USAGE( .BOTH., #2139 );
#1172 = FACE_OUTER_BOUND( '', #2140, .T. );
#1173 = PLANE( '', #2141 );
#1174 = SURFACE_STYLE_USAGE( .BOTH., #2142 );
#1175 = FACE_OUTER_BOUND( '', #2143, .T. );
#1176 = PLANE( '', #2144 );
#1177 = SURFACE_STYLE_USAGE( .BOTH., #2145 );
#1178 = FACE_OUTER_BOUND( '', #2146, .T. );
#1179 = PLANE( '', #2147 );
#1180 = SURFACE_STYLE_USAGE( .BOTH., #2148 );
#1181 = FACE_OUTER_BOUND( '', #2149, .T. );
#1182 = PLANE( '', #2150 );
#1183 = SURFACE_STYLE_USAGE( .BOTH., #2151 );
#1184 = FACE_OUTER_BOUND( '', #2152, .T. );
#1185 = PLANE( '', #2153 );
#1186 = SURFACE_STYLE_USAGE( .BOTH., #2154 );
#1187 = FACE_OUTER_BOUND( '', #2155, .T. );
#1188 = PLANE( '', #2156 );
#1189 = SURFACE_STYLE_USAGE( .BOTH., #2157 );
#1190 = FACE_OUTER_BOUND( '', #2158, .T. );
#1191 = PLANE( '', #2159 );
#1192 = SURFACE_STYLE_USAGE( .BOTH., #2160 );
#1193 = FACE_OUTER_BOUND( '', #2161, .T. );
#1194 = PLANE( '', #2162 );
#1195 = SURFACE_STYLE_USAGE( .BOTH., #2163 );
#1196 = FACE_OUTER_BOUND( '', #2164, .T. );
#1197 = PLANE( '', #2165 );
#1198 = SURFACE_STYLE_USAGE( .BOTH., #2166 );
#1199 = FACE_OUTER_BOUND( '', #2167, .T. );
#1200 = PLANE( '', #2168 );
#1201 = SURFACE_STYLE_USAGE( .BOTH., #2169 );
#1202 = FACE_OUTER_BOUND( '', #2170, .T. );
#1203 = PLANE( '', #2171 );
#1204 = SURFACE_STYLE_USAGE( .BOTH., #2172 );
#1205 = FACE_OUTER_BOUND( '', #2173, .T. );
#1206 = FACE_BOUND( '', #2174, .T. );
#1207 = FACE_BOUND( '', #2175, .T. );
#1208 = PLANE( '', #2176 );
#1209 = SURFACE_STYLE_USAGE( .BOTH., #2177 );
#1210 = FACE_OUTER_BOUND( '', #2178, .T. );
#1211 = PLANE( '', #2179 );
#1212 = SURFACE_STYLE_USAGE( .BOTH., #2180 );
#1213 = FACE_OUTER_BOUND( '', #2181, .T. );
#1214 = PLANE( '', #2182 );
#1215 = SURFACE_STYLE_USAGE( .BOTH., #2183 );
#1216 = FACE_OUTER_BOUND( '', #2184, .T. );
#1217 = PLANE( '', #2185 );
#1218 = SURFACE_STYLE_USAGE( .BOTH., #2186 );
#1219 = FACE_OUTER_BOUND( '', #2187, .T. );
#1220 = PLANE( '', #2188 );
#1221 = SURFACE_STYLE_USAGE( .BOTH., #2189 );
#1222 = FACE_OUTER_BOUND( '', #2190, .T. );
#1223 = PLANE( '', #2191 );
#1224 = SURFACE_STYLE_USAGE( .BOTH., #2192 );
#1225 = FACE_OUTER_BOUND( '', #2193, .T. );
#1226 = PLANE( '', #2194 );
#1227 = SURFACE_STYLE_USAGE( .BOTH., #2195 );
#1228 = FACE_OUTER_BOUND( '', #2196, .T. );
#1229 = CYLINDRICAL_SURFACE( '', #2197, 0.0360000000000000 );
#1230 = SURFACE_STYLE_USAGE( .BOTH., #2198 );
#1231 = FACE_OUTER_BOUND( '', #2199, .T. );
#1232 = PLANE( '', #2200 );
#1233 = SURFACE_STYLE_USAGE( .BOTH., #2201 );
#1234 = FACE_OUTER_BOUND( '', #2202, .T. );
#1235 = PLANE( '', #2203 );
#1236 = SURFACE_STYLE_USAGE( .BOTH., #2204 );
#1237 = FACE_OUTER_BOUND( '', #2205, .T. );
#1238 = PLANE( '', #2206 );
#1239 = SURFACE_STYLE_USAGE( .BOTH., #2207 );
#1240 = FACE_OUTER_BOUND( '', #2208, .T. );
#1241 = PLANE( '', #2209 );
#1242 = SURFACE_STYLE_USAGE( .BOTH., #2210 );
#1243 = FACE_OUTER_BOUND( '', #2211, .T. );
#1244 = PLANE( '', #2212 );
#1245 = SURFACE_STYLE_USAGE( .BOTH., #2213 );
#1246 = FACE_OUTER_BOUND( '', #2214, .T. );
#1247 = PLANE( '', #2215 );
#1248 = SURFACE_STYLE_USAGE( .BOTH., #2216 );
#1249 = FACE_OUTER_BOUND( '', #2217, .T. );
#1250 = PLANE( '', #2218 );
#1251 = SURFACE_STYLE_USAGE( .BOTH., #2219 );
#1252 = FACE_OUTER_BOUND( '', #2220, .T. );
#1253 = PLANE( '', #2221 );
#1254 = SURFACE_STYLE_USAGE( .BOTH., #2222 );
#1255 = FACE_OUTER_BOUND( '', #2223, .T. );
#1256 = PLANE( '', #2224 );
#1257 = SURFACE_STYLE_USAGE( .BOTH., #2225 );
#1258 = FACE_OUTER_BOUND( '', #2226, .T. );
#1259 = PLANE( '', #2227 );
#1260 = SURFACE_STYLE_USAGE( .BOTH., #2228 );
#1261 = FACE_OUTER_BOUND( '', #2229, .T. );
#1262 = PLANE( '', #2230 );
#1263 = SURFACE_STYLE_USAGE( .BOTH., #2231 );
#1264 = FACE_OUTER_BOUND( '', #2232, .T. );
#1265 = PLANE( '', #2233 );
#1266 = SURFACE_STYLE_USAGE( .BOTH., #2234 );
#1267 = FACE_OUTER_BOUND( '', #2235, .T. );
#1268 = PLANE( '', #2236 );
#1269 = SURFACE_STYLE_USAGE( .BOTH., #2237 );
#1270 = FACE_OUTER_BOUND( '', #2238, .T. );
#1271 = PLANE( '', #2239 );
#1272 = SURFACE_STYLE_USAGE( .BOTH., #2240 );
#1273 = FACE_OUTER_BOUND( '', #2241, .T. );
#1274 = PLANE( '', #2242 );
#1275 = SURFACE_STYLE_USAGE( .BOTH., #2243 );
#1276 = FACE_OUTER_BOUND( '', #2244, .T. );
#1277 = PLANE( '', #2245 );
#1278 = SURFACE_STYLE_USAGE( .BOTH., #2246 );
#1279 = FACE_OUTER_BOUND( '', #2247, .T. );
#1280 = PLANE( '', #2248 );
#1281 = SURFACE_STYLE_USAGE( .BOTH., #2249 );
#1282 = FACE_OUTER_BOUND( '', #2250, .T. );
#1283 = PLANE( '', #2251 );
#1284 = SURFACE_STYLE_USAGE( .BOTH., #2252 );
#1285 = FACE_OUTER_BOUND( '', #2253, .T. );
#1286 = PLANE( '', #2254 );
#1287 = SURFACE_STYLE_USAGE( .BOTH., #2255 );
#1288 = FACE_OUTER_BOUND( '', #2256, .T. );
#1289 = CONICAL_SURFACE( '', #2257, 0.0150000000000000, 0.0157079633000000 );
#1290 = SURFACE_STYLE_USAGE( .BOTH., #2258 );
#1291 = FACE_OUTER_BOUND( '', #2259, .T. );
#1292 = PLANE( '', #2260 );
#1293 = SURFACE_STYLE_USAGE( .BOTH., #2261 );
#1294 = FACE_OUTER_BOUND( '', #2262, .T. );
#1295 = PLANE( '', #2263 );
#1296 = SURFACE_STYLE_USAGE( .BOTH., #2264 );
#1297 = FACE_OUTER_BOUND( '', #2265, .T. );
#1298 = PLANE( '', #2266 );
#1299 = SURFACE_STYLE_USAGE( .BOTH., #2267 );
#1300 = FACE_OUTER_BOUND( '', #2268, .T. );
#1301 = PLANE( '', #2269 );
#1302 = SURFACE_STYLE_USAGE( .BOTH., #2270 );
#1303 = FACE_OUTER_BOUND( '', #2271, .T. );
#1304 = PLANE( '', #2272 );
#1305 = SURFACE_STYLE_USAGE( .BOTH., #2273 );
#1306 = FACE_OUTER_BOUND( '', #2274, .T. );
#1307 = FACE_BOUND( '', #2275, .T. );
#1308 = FACE_BOUND( '', #2276, .T. );
#1309 = PLANE( '', #2277 );
#1310 = SURFACE_STYLE_USAGE( .BOTH., #2278 );
#1311 = FACE_OUTER_BOUND( '', #2279, .T. );
#1312 = PLANE( '', #2280 );
#1313 = SURFACE_STYLE_USAGE( .BOTH., #2281 );
#1314 = FACE_OUTER_BOUND( '', #2282, .T. );
#1315 = PLANE( '', #2283 );
#1316 = SURFACE_STYLE_USAGE( .BOTH., #2284 );
#1317 = FACE_OUTER_BOUND( '', #2285, .T. );
#1318 = PLANE( '', #2286 );
#1319 = SURFACE_STYLE_USAGE( .BOTH., #2287 );
#1320 = FACE_OUTER_BOUND( '', #2288, .T. );
#1321 = PLANE( '', #2289 );
#1322 = SURFACE_STYLE_USAGE( .BOTH., #2290 );
#1323 = FACE_OUTER_BOUND( '', #2291, .T. );
#1324 = PLANE( '', #2292 );
#1325 = SURFACE_STYLE_USAGE( .BOTH., #2293 );
#1326 = FACE_OUTER_BOUND( '', #2294, .T. );
#1327 = CYLINDRICAL_SURFACE( '', #2295, 0.0200000000000000 );
#1328 = SURFACE_STYLE_USAGE( .BOTH., #2296 );
#1329 = FACE_OUTER_BOUND( '', #2297, .T. );
#1330 = PLANE( '', #2298 );
#1331 = SURFACE_STYLE_USAGE( .BOTH., #2299 );
#1332 = FACE_OUTER_BOUND( '', #2300, .T. );
#1333 = PLANE( '', #2301 );
#1334 = SURFACE_STYLE_USAGE( .BOTH., #2302 );
#1335 = FACE_OUTER_BOUND( '', #2303, .T. );
#1336 = FACE_BOUND( '', #2304, .T. );
#1337 = PLANE( '', #2305 );
#1338 = SURFACE_STYLE_USAGE( .BOTH., #2306 );
#1339 = FACE_OUTER_BOUND( '', #2307, .T. );
#1340 = PLANE( '', #2308 );
#1341 = SURFACE_STYLE_USAGE( .BOTH., #2309 );
#1342 = FACE_OUTER_BOUND( '', #2310, .T. );
#1343 = PLANE( '', #2311 );
#1344 = SURFACE_STYLE_USAGE( .BOTH., #2312 );
#1345 = FACE_OUTER_BOUND( '', #2313, .T. );
#1346 = PLANE( '', #2314 );
#1347 = SURFACE_STYLE_USAGE( .BOTH., #2315 );
#1348 = FACE_OUTER_BOUND( '', #2316, .T. );
#1349 = PLANE( '', #2317 );
#1350 = SURFACE_STYLE_USAGE( .BOTH., #2318 );
#1351 = FACE_OUTER_BOUND( '', #2319, .T. );
#1352 = PLANE( '', #2320 );
#1353 = SURFACE_STYLE_USAGE( .BOTH., #2321 );
#1354 = FACE_OUTER_BOUND( '', #2322, .T. );
#1355 = PLANE( '', #2323 );
#1356 = SURFACE_STYLE_USAGE( .BOTH., #2324 );
#1357 = FACE_OUTER_BOUND( '', #2325, .T. );
#1358 = FACE_BOUND( '', #2326, .T. );
#1359 = PLANE( '', #2327 );
#1360 = SURFACE_STYLE_USAGE( .BOTH., #2328 );
#1361 = FACE_OUTER_BOUND( '', #2329, .T. );
#1362 = CYLINDRICAL_SURFACE( '', #2330, 0.0200000000000000 );
#1363 = SURFACE_STYLE_USAGE( .BOTH., #2331 );
#1364 = FACE_OUTER_BOUND( '', #2332, .T. );
#1365 = PLANE( '', #2333 );
#1366 = SURFACE_STYLE_USAGE( .BOTH., #2334 );
#1367 = FACE_OUTER_BOUND( '', #2335, .T. );
#1368 = PLANE( '', #2336 );
#1369 = SURFACE_STYLE_USAGE( .BOTH., #2337 );
#1370 = FACE_OUTER_BOUND( '', #2338, .T. );
#1371 = PLANE( '', #2339 );
#1372 = SURFACE_STYLE_USAGE( .BOTH., #2340 );
#1373 = FACE_OUTER_BOUND( '', #2341, .T. );
#1374 = PLANE( '', #2342 );
#1375 = SURFACE_STYLE_USAGE( .BOTH., #2343 );
#1376 = FACE_OUTER_BOUND( '', #2344, .T. );
#1377 = PLANE( '', #2345 );
#1378 = SURFACE_STYLE_USAGE( .BOTH., #2346 );
#1379 = FACE_OUTER_BOUND( '', #2347, .T. );
#1380 = FACE_BOUND( '', #2348, .T. );
#1381 = FACE_BOUND( '', #2349, .T. );
#1382 = PLANE( '', #2350 );
#1383 = SURFACE_STYLE_USAGE( .BOTH., #2351 );
#1384 = FACE_OUTER_BOUND( '', #2352, .T. );
#1385 = PLANE( '', #2353 );
#1386 = SURFACE_STYLE_USAGE( .BOTH., #2354 );
#1387 = FACE_OUTER_BOUND( '', #2355, .T. );
#1388 = PLANE( '', #2356 );
#1389 = SURFACE_STYLE_USAGE( .BOTH., #2357 );
#1390 = FACE_OUTER_BOUND( '', #2358, .T. );
#1391 = PLANE( '', #2359 );
#1392 = SURFACE_STYLE_USAGE( .BOTH., #2360 );
#1393 = FACE_OUTER_BOUND( '', #2361, .T. );
#1394 = PLANE( '', #2362 );
#1395 = SURFACE_STYLE_USAGE( .BOTH., #2363 );
#1396 = FACE_OUTER_BOUND( '', #2364, .T. );
#1397 = PLANE( '', #2365 );
#1398 = SURFACE_STYLE_USAGE( .BOTH., #2366 );
#1399 = FACE_OUTER_BOUND( '', #2367, .T. );
#1400 = PLANE( '', #2368 );
#1401 = SURFACE_STYLE_USAGE( .BOTH., #2369 );
#1402 = FACE_OUTER_BOUND( '', #2370, .T. );
#1403 = PLANE( '', #2371 );
#1404 = SURFACE_STYLE_USAGE( .BOTH., #2372 );
#1405 = FACE_OUTER_BOUND( '', #2373, .T. );
#1406 = PLANE( '', #2374 );
#1407 = SURFACE_STYLE_USAGE( .BOTH., #2375 );
#1408 = FACE_OUTER_BOUND( '', #2376, .T. );
#1409 = PLANE( '', #2377 );
#1410 = SURFACE_STYLE_USAGE( .BOTH., #2378 );
#1411 = FACE_OUTER_BOUND( '', #2379, .T. );
#1412 = PLANE( '', #2380 );
#1413 = SURFACE_STYLE_USAGE( .BOTH., #2381 );
#1414 = FACE_OUTER_BOUND( '', #2382, .T. );
#1415 = PLANE( '', #2383 );
#1416 = SURFACE_STYLE_USAGE( .BOTH., #2384 );
#1417 = FACE_OUTER_BOUND( '', #2385, .T. );
#1418 = CYLINDRICAL_SURFACE( '', #2386, 0.0200000000000000 );
#1419 = SURFACE_STYLE_USAGE( .BOTH., #2387 );
#1420 = FACE_OUTER_BOUND( '', #2388, .T. );
#1421 = PLANE( '', #2389 );
#1422 = SURFACE_STYLE_USAGE( .BOTH., #2390 );
#1423 = FACE_OUTER_BOUND( '', #2391, .T. );
#1424 = CYLINDRICAL_SURFACE( '', #2392, 0.0360000000000000 );
#1425 = SURFACE_STYLE_USAGE( .BOTH., #2393 );
#1426 = FACE_OUTER_BOUND( '', #2394, .T. );
#1427 = PLANE( '', #2395 );
#1428 = SURFACE_STYLE_USAGE( .BOTH., #2396 );
#1429 = FACE_OUTER_BOUND( '', #2397, .T. );
#1430 = PLANE( '', #2398 );
#1431 = SURFACE_STYLE_USAGE( .BOTH., #2399 );
#1432 = FACE_OUTER_BOUND( '', #2400, .T. );
#1433 = PLANE( '', #2401 );
#1434 = SURFACE_STYLE_USAGE( .BOTH., #2402 );
#1435 = FACE_OUTER_BOUND( '', #2403, .T. );
#1436 = PLANE( '', #2404 );
#1437 = SURFACE_STYLE_USAGE( .BOTH., #2405 );
#1438 = FACE_OUTER_BOUND( '', #2406, .T. );
#1439 = PLANE( '', #2407 );
#1440 = SURFACE_STYLE_USAGE( .BOTH., #2408 );
#1441 = FACE_OUTER_BOUND( '', #2409, .T. );
#1442 = PLANE( '', #2410 );
#1443 = SURFACE_STYLE_USAGE( .BOTH., #2411 );
#1444 = FACE_OUTER_BOUND( '', #2412, .T. );
#1445 = PLANE( '', #2413 );
#1446 = SURFACE_STYLE_USAGE( .BOTH., #2414 );
#1447 = FACE_OUTER_BOUND( '', #2415, .T. );
#1448 = PLANE( '', #2416 );
#1449 = SURFACE_STYLE_USAGE( .BOTH., #2417 );
#1450 = FACE_OUTER_BOUND( '', #2418, .T. );
#1451 = FACE_BOUND( '', #2419, .T. );
#1452 = PLANE( '', #2420 );
#1453 = SURFACE_STYLE_USAGE( .BOTH., #2421 );
#1454 = FACE_OUTER_BOUND( '', #2422, .T. );
#1455 = PLANE( '', #2423 );
#1456 = SURFACE_STYLE_USAGE( .BOTH., #2424 );
#1457 = FACE_OUTER_BOUND( '', #2425, .T. );
#1458 = PLANE( '', #2426 );
#1459 = SURFACE_STYLE_USAGE( .BOTH., #2427 );
#1460 = FACE_OUTER_BOUND( '', #2428, .T. );
#1461 = PLANE( '', #2429 );
#1462 = SURFACE_STYLE_USAGE( .BOTH., #2430 );
#1463 = FACE_OUTER_BOUND( '', #2431, .T. );
#1464 = PLANE( '', #2432 );
#1465 = SURFACE_STYLE_USAGE( .BOTH., #2433 );
#1466 = FACE_OUTER_BOUND( '', #2434, .T. );
#1467 = PLANE( '', #2435 );
#1468 = SURFACE_STYLE_USAGE( .BOTH., #2436 );
#1469 = FACE_OUTER_BOUND( '', #2437, .T. );
#1470 = PLANE( '', #2438 );
#1471 = SURFACE_STYLE_USAGE( .BOTH., #2439 );
#1472 = FACE_OUTER_BOUND( '', #2440, .T. );
#1473 = PLANE( '', #2441 );
#1474 = SURFACE_STYLE_USAGE( .BOTH., #2442 );
#1475 = FACE_OUTER_BOUND( '', #2443, .T. );
#1476 = PLANE( '', #2444 );
#1477 = SURFACE_STYLE_USAGE( .BOTH., #2445 );
#1478 = FACE_OUTER_BOUND( '', #2446, .T. );
#1479 = PLANE( '', #2447 );
#1480 = SURFACE_STYLE_USAGE( .BOTH., #2448 );
#1481 = FACE_OUTER_BOUND( '', #2449, .T. );
#1482 = PLANE( '', #2450 );
#1483 = SURFACE_STYLE_USAGE( .BOTH., #2451 );
#1484 = FACE_OUTER_BOUND( '', #2452, .T. );
#1485 = PLANE( '', #2453 );
#1486 = SURFACE_STYLE_USAGE( .BOTH., #2454 );
#1487 = FACE_OUTER_BOUND( '', #2455, .T. );
#1488 = PLANE( '', #2456 );
#1489 = SURFACE_STYLE_USAGE( .BOTH., #2457 );
#1490 = FACE_OUTER_BOUND( '', #2458, .T. );
#1491 = PLANE( '', #2459 );
#1492 = SURFACE_STYLE_USAGE( .BOTH., #2460 );
#1493 = FACE_OUTER_BOUND( '', #2461, .T. );
#1494 = PLANE( '', #2462 );
#1495 = SURFACE_STYLE_USAGE( .BOTH., #2463 );
#1496 = FACE_OUTER_BOUND( '', #2464, .T. );
#1497 = PLANE( '', #2465 );
#1498 = SURFACE_STYLE_USAGE( .BOTH., #2466 );
#1499 = FACE_OUTER_BOUND( '', #2467, .T. );
#1500 = PLANE( '', #2468 );
#1501 = SURFACE_STYLE_USAGE( .BOTH., #2469 );
#1502 = FACE_OUTER_BOUND( '', #2470, .T. );
#1503 = PLANE( '', #2471 );
#1504 = SURFACE_STYLE_USAGE( .BOTH., #2472 );
#1505 = FACE_OUTER_BOUND( '', #2473, .T. );
#1506 = PLANE( '', #2474 );
#1507 = SURFACE_STYLE_USAGE( .BOTH., #2475 );
#1508 = FACE_OUTER_BOUND( '', #2476, .T. );
#1509 = PLANE( '', #2477 );
#1510 = SURFACE_STYLE_USAGE( .BOTH., #2478 );
#1511 = FACE_OUTER_BOUND( '', #2479, .T. );
#1512 = PLANE( '', #2480 );
#1513 = SURFACE_STYLE_USAGE( .BOTH., #2481 );
#1514 = FACE_OUTER_BOUND( '', #2482, .T. );
#1515 = PLANE( '', #2483 );
#1516 = SURFACE_STYLE_USAGE( .BOTH., #2484 );
#1517 = FACE_OUTER_BOUND( '', #2485, .T. );
#1518 = PLANE( '', #2486 );
#1519 = SURFACE_STYLE_USAGE( .BOTH., #2487 );
#1520 = FACE_OUTER_BOUND( '', #2488, .T. );
#1521 = FACE_BOUND( '', #2489, .T. );
#1522 = PLANE( '', #2490 );
#1523 = SURFACE_STYLE_USAGE( .BOTH., #2491 );
#1524 = FACE_OUTER_BOUND( '', #2492, .T. );
#1525 = PLANE( '', #2493 );
#1526 = SURFACE_STYLE_USAGE( .BOTH., #2494 );
#1527 = FACE_OUTER_BOUND( '', #2495, .T. );
#1528 = PLANE( '', #2496 );
#1529 = SURFACE_STYLE_USAGE( .BOTH., #2497 );
#1530 = FACE_OUTER_BOUND( '', #2498, .T. );
#1531 = PLANE( '', #2499 );
#1532 = SURFACE_STYLE_USAGE( .BOTH., #2500 );
#1533 = FACE_OUTER_BOUND( '', #2501, .T. );
#1534 = PLANE( '', #2502 );
#1535 = SURFACE_STYLE_USAGE( .BOTH., #2503 );
#1536 = FACE_OUTER_BOUND( '', #2504, .T. );
#1537 = PLANE( '', #2505 );
#1538 = SURFACE_STYLE_USAGE( .BOTH., #2506 );
#1539 = FACE_OUTER_BOUND( '', #2507, .T. );
#1540 = PLANE( '', #2508 );
#1541 = SURFACE_STYLE_USAGE( .BOTH., #2509 );
#1542 = FACE_OUTER_BOUND( '', #2510, .T. );
#1543 = PLANE( '', #2511 );
#1544 = SURFACE_STYLE_USAGE( .BOTH., #2512 );
#1545 = FACE_OUTER_BOUND( '', #2513, .T. );
#1546 = PLANE( '', #2514 );
#1547 = SURFACE_STYLE_USAGE( .BOTH., #2515 );
#1548 = FACE_OUTER_BOUND( '', #2516, .T. );
#1549 = PLANE( '', #2517 );
#1550 = SURFACE_STYLE_USAGE( .BOTH., #2518 );
#1551 = FACE_OUTER_BOUND( '', #2519, .T. );
#1552 = PLANE( '', #2520 );
#1553 = SURFACE_STYLE_USAGE( .BOTH., #2521 );
#1554 = FACE_OUTER_BOUND( '', #2522, .T. );
#1555 = PLANE( '', #2523 );
#1556 = SURFACE_STYLE_USAGE( .BOTH., #2524 );
#1557 = FACE_OUTER_BOUND( '', #2525, .T. );
#1558 = CONICAL_SURFACE( '', #2526, 0.0150000000000000, 0.0157079633000000 );
#1559 = SURFACE_STYLE_USAGE( .BOTH., #2527 );
#1560 = FACE_OUTER_BOUND( '', #2528, .T. );
#1561 = PLANE( '', #2529 );
#1562 = SURFACE_STYLE_USAGE( .BOTH., #2530 );
#1563 = FACE_OUTER_BOUND( '', #2531, .T. );
#1564 = PLANE( '', #2532 );
#1565 = SURFACE_STYLE_USAGE( .BOTH., #2533 );
#1566 = FACE_OUTER_BOUND( '', #2534, .T. );
#1567 = PLANE( '', #2535 );
#1568 = SURFACE_STYLE_USAGE( .BOTH., #2536 );
#1569 = FACE_OUTER_BOUND( '', #2537, .T. );
#1570 = PLANE( '', #2538 );
#1571 = SURFACE_STYLE_USAGE( .BOTH., #2539 );
#1572 = FACE_OUTER_BOUND( '', #2540, .T. );
#1573 = PLANE( '', #2541 );
#1574 = SURFACE_STYLE_USAGE( .BOTH., #2542 );
#1575 = FACE_OUTER_BOUND( '', #2543, .T. );
#1576 = PLANE( '', #2544 );
#1577 = SURFACE_STYLE_USAGE( .BOTH., #2545 );
#1578 = FACE_OUTER_BOUND( '', #2546, .T. );
#1579 = PLANE( '', #2547 );
#1580 = SURFACE_STYLE_USAGE( .BOTH., #2548 );
#1581 = FACE_OUTER_BOUND( '', #2549, .T. );
#1582 = PLANE( '', #2550 );
#1583 = SURFACE_STYLE_USAGE( .BOTH., #2551 );
#1584 = FACE_OUTER_BOUND( '', #2552, .T. );
#1585 = PLANE( '', #2553 );
#1586 = SURFACE_STYLE_USAGE( .BOTH., #2554 );
#1587 = FACE_OUTER_BOUND( '', #2555, .T. );
#1588 = CONICAL_SURFACE( '', #2556, 0.0150000000000000, 0.0157079633000000 );
#1589 = SURFACE_STYLE_USAGE( .BOTH., #2557 );
#1590 = FACE_OUTER_BOUND( '', #2558, .T. );
#1591 = PLANE( '', #2559 );
#1592 = SURFACE_STYLE_USAGE( .BOTH., #2560 );
#1593 = FACE_OUTER_BOUND( '', #2561, .T. );
#1594 = PLANE( '', #2562 );
#1595 = SURFACE_STYLE_USAGE( .BOTH., #2563 );
#1596 = FACE_OUTER_BOUND( '', #2564, .T. );
#1597 = PLANE( '', #2565 );
#1598 = SURFACE_STYLE_USAGE( .BOTH., #2566 );
#1599 = FACE_OUTER_BOUND( '', #2567, .T. );
#1600 = PLANE( '', #2568 );
#1601 = SURFACE_STYLE_USAGE( .BOTH., #2569 );
#1602 = FACE_OUTER_BOUND( '', #2570, .T. );
#1603 = PLANE( '', #2571 );
#1604 = SURFACE_STYLE_USAGE( .BOTH., #2572 );
#1605 = FACE_OUTER_BOUND( '', #2573, .T. );
#1606 = PLANE( '', #2574 );
#1607 = SURFACE_STYLE_USAGE( .BOTH., #2575 );
#1608 = FACE_OUTER_BOUND( '', #2576, .T. );
#1609 = CONICAL_SURFACE( '', #2577, 0.0150000000000000, 0.0157079633000000 );
#1610 = SURFACE_STYLE_USAGE( .BOTH., #2578 );
#1611 = FACE_OUTER_BOUND( '', #2579, .T. );
#1612 = PLANE( '', #2580 );
#1613 = SURFACE_STYLE_USAGE( .BOTH., #2581 );
#1614 = FACE_OUTER_BOUND( '', #2582, .T. );
#1615 = PLANE( '', #2583 );
#1616 = SURFACE_STYLE_USAGE( .BOTH., #2584 );
#1617 = FACE_OUTER_BOUND( '', #2585, .T. );
#1618 = PLANE( '', #2586 );
#1619 = SURFACE_STYLE_USAGE( .BOTH., #2587 );
#1620 = FACE_OUTER_BOUND( '', #2588, .T. );
#1621 = PLANE( '', #2589 );
#1622 = SURFACE_STYLE_USAGE( .BOTH., #2590 );
#1623 = FACE_OUTER_BOUND( '', #2591, .T. );
#1624 = PLANE( '', #2592 );
#1625 = SURFACE_STYLE_USAGE( .BOTH., #2593 );
#1626 = FACE_OUTER_BOUND( '', #2594, .T. );
#1627 = PLANE( '', #2595 );
#1628 = SURFACE_STYLE_USAGE( .BOTH., #2596 );
#1629 = FACE_OUTER_BOUND( '', #2597, .T. );
#1630 = PLANE( '', #2598 );
#1631 = SURFACE_STYLE_USAGE( .BOTH., #2599 );
#1632 = FACE_OUTER_BOUND( '', #2600, .T. );
#1633 = PLANE( '', #2601 );
#1634 = SURFACE_STYLE_USAGE( .BOTH., #2602 );
#1635 = FACE_OUTER_BOUND( '', #2603, .T. );
#1636 = PLANE( '', #2604 );
#1637 = SURFACE_STYLE_USAGE( .BOTH., #2605 );
#1638 = FACE_OUTER_BOUND( '', #2606, .T. );
#1639 = PLANE( '', #2607 );
#1640 = SURFACE_STYLE_USAGE( .BOTH., #2608 );
#1641 = FACE_OUTER_BOUND( '', #2609, .T. );
#1642 = FACE_BOUND( '', #2610, .T. );
#1643 = FACE_BOUND( '', #2611, .T. );
#1644 = PLANE( '', #2612 );
#1645 = SURFACE_STYLE_USAGE( .BOTH., #2613 );
#1646 = FACE_OUTER_BOUND( '', #2614, .T. );
#1647 = PLANE( '', #2615 );
#1648 = SURFACE_STYLE_USAGE( .BOTH., #2616 );
#1649 = FACE_OUTER_BOUND( '', #2617, .T. );
#1650 = PLANE( '', #2618 );
#1651 = SURFACE_STYLE_USAGE( .BOTH., #2619 );
#1652 = FACE_OUTER_BOUND( '', #2620, .T. );
#1653 = PLANE( '', #2621 );
#1654 = SURFACE_STYLE_USAGE( .BOTH., #2622 );
#1655 = FACE_OUTER_BOUND( '', #2623, .T. );
#1656 = PLANE( '', #2624 );
#1657 = SURFACE_STYLE_USAGE( .BOTH., #2625 );
#1658 = FACE_OUTER_BOUND( '', #2626, .T. );
#1659 = PLANE( '', #2627 );
#1660 = SURFACE_STYLE_USAGE( .BOTH., #2628 );
#1661 = FACE_OUTER_BOUND( '', #2629, .T. );
#1662 = PLANE( '', #2630 );
#1663 = SURFACE_STYLE_USAGE( .BOTH., #2631 );
#1664 = FACE_OUTER_BOUND( '', #2632, .T. );
#1665 = PLANE( '', #2633 );
#1666 = SURFACE_STYLE_USAGE( .BOTH., #2634 );
#1667 = FACE_OUTER_BOUND( '', #2635, .T. );
#1668 = PLANE( '', #2636 );
#1669 = SURFACE_STYLE_USAGE( .BOTH., #2637 );
#1670 = FACE_OUTER_BOUND( '', #2638, .T. );
#1671 = PLANE( '', #2639 );
#1672 = SURFACE_STYLE_USAGE( .BOTH., #2640 );
#1673 = FACE_OUTER_BOUND( '', #2641, .T. );
#1674 = CYLINDRICAL_SURFACE( '', #2642, 0.0360000000000000 );
#1675 = SURFACE_STYLE_USAGE( .BOTH., #2643 );
#1676 = FACE_OUTER_BOUND( '', #2644, .T. );
#1677 = CYLINDRICAL_SURFACE( '', #2645, 0.0360000000000000 );
#1678 = SURFACE_STYLE_USAGE( .BOTH., #2646 );
#1679 = FACE_OUTER_BOUND( '', #2647, .T. );
#1680 = CYLINDRICAL_SURFACE( '', #2648, 0.0360000000000000 );
#1681 = SURFACE_STYLE_USAGE( .BOTH., #2649 );
#1682 = FACE_OUTER_BOUND( '', #2650, .T. );
#1683 = PLANE( '', #2651 );
#1684 = SURFACE_STYLE_USAGE( .BOTH., #2652 );
#1685 = FACE_OUTER_BOUND( '', #2653, .T. );
#1686 = PLANE( '', #2654 );
#1687 = SURFACE_STYLE_USAGE( .BOTH., #2655 );
#1688 = FACE_OUTER_BOUND( '', #2656, .T. );
#1689 = PLANE( '', #2657 );
#1690 = SURFACE_STYLE_USAGE( .BOTH., #2658 );
#1691 = FACE_OUTER_BOUND( '', #2659, .T. );
#1692 = PLANE( '', #2660 );
#1693 = SURFACE_STYLE_USAGE( .BOTH., #2661 );
#1694 = FACE_OUTER_BOUND( '', #2662, .T. );
#1695 = PLANE( '', #2663 );
#1696 = SURFACE_STYLE_USAGE( .BOTH., #2664 );
#1697 = FACE_OUTER_BOUND( '', #2665, .T. );
#1698 = PLANE( '', #2666 );
#1699 = SURFACE_STYLE_USAGE( .BOTH., #2667 );
#1700 = FACE_OUTER_BOUND( '', #2668, .T. );
#1701 = PLANE( '', #2669 );
#1702 = SURFACE_STYLE_USAGE( .BOTH., #2670 );
#1703 = FACE_OUTER_BOUND( '', #2671, .T. );
#1704 = PLANE( '', #2672 );
#1705 = SURFACE_STYLE_USAGE( .BOTH., #2673 );
#1706 = FACE_OUTER_BOUND( '', #2674, .T. );
#1707 = PLANE( '', #2675 );
#1708 = SURFACE_STYLE_USAGE( .BOTH., #2676 );
#1709 = FACE_OUTER_BOUND( '', #2677, .T. );
#1710 = PLANE( '', #2678 );
#1711 = SURFACE_STYLE_USAGE( .BOTH., #2679 );
#1712 = FACE_OUTER_BOUND( '', #2680, .T. );
#1713 = PLANE( '', #2681 );
#1714 = SURFACE_STYLE_USAGE( .BOTH., #2682 );
#1715 = FACE_OUTER_BOUND( '', #2683, .T. );
#1716 = PLANE( '', #2684 );
#1717 = SURFACE_STYLE_USAGE( .BOTH., #2685 );
#1718 = FACE_OUTER_BOUND( '', #2686, .T. );
#1719 = PLANE( '', #2687 );
#1720 = SURFACE_STYLE_USAGE( .BOTH., #2688 );
#1721 = FACE_OUTER_BOUND( '', #2689, .T. );
#1722 = CONICAL_SURFACE( '', #2690, 0.0150000000000000, 0.0157079633000000 );
#1723 = SURFACE_STYLE_USAGE( .BOTH., #2691 );
#1724 = FACE_OUTER_BOUND( '', #2692, .T. );
#1725 = PLANE( '', #2693 );
#1726 = SURFACE_STYLE_USAGE( .BOTH., #2694 );
#1727 = FACE_OUTER_BOUND( '', #2695, .T. );
#1728 = PLANE( '', #2696 );
#1729 = SURFACE_STYLE_USAGE( .BOTH., #2697 );
#1730 = FACE_OUTER_BOUND( '', #2698, .T. );
#1731 = CYLINDRICAL_SURFACE( '', #2699, 0.0360000000000000 );
#1732 = SURFACE_STYLE_USAGE( .BOTH., #2700 );
#1733 = FACE_OUTER_BOUND( '', #2701, .T. );
#1734 = FACE_BOUND( '', #2702, .T. );
#1735 = FACE_BOUND( '', #2703, .T. );
#1736 = FACE_BOUND( '', #2704, .T. );
#1737 = FACE_BOUND( '', #2705, .T. );
#1738 = FACE_BOUND( '', #2706, .T. );
#1739 = FACE_BOUND( '', #2707, .T. );
#1740 = FACE_BOUND( '', #2708, .T. );
#1741 = FACE_BOUND( '', #2709, .T. );
#1742 = FACE_BOUND( '', #2710, .T. );
#1743 = FACE_BOUND( '', #2711, .T. );
#1744 = PLANE( '', #2712 );
#1745 = SURFACE_STYLE_USAGE( .BOTH., #2713 );
#1746 = FACE_OUTER_BOUND( '', #2714, .T. );
#1747 = PLANE( '', #2715 );
#1748 = SURFACE_STYLE_USAGE( .BOTH., #2716 );
#1749 = FACE_OUTER_BOUND( '', #2717, .T. );
#1750 = PLANE( '', #2718 );
#1751 = SURFACE_STYLE_USAGE( .BOTH., #2719 );
#1752 = FACE_OUTER_BOUND( '', #2720, .T. );
#1753 = FACE_BOUND( '', #2721, .T. );
#1754 = PLANE( '', #2722 );
#1755 = SURFACE_STYLE_USAGE( .BOTH., #2723 );
#1756 = FACE_OUTER_BOUND( '', #2724, .T. );
#1757 = PLANE( '', #2725 );
#1758 = SURFACE_STYLE_USAGE( .BOTH., #2726 );
#1759 = FACE_OUTER_BOUND( '', #2727, .T. );
#1760 = PLANE( '', #2728 );
#1761 = SURFACE_STYLE_USAGE( .BOTH., #2729 );
#1762 = FACE_OUTER_BOUND( '', #2730, .T. );
#1763 = PLANE( '', #2731 );
#1764 = SURFACE_STYLE_USAGE( .BOTH., #2732 );
#1765 = FACE_OUTER_BOUND( '', #2733, .T. );
#1766 = PLANE( '', #2734 );
#1767 = SURFACE_STYLE_USAGE( .BOTH., #2735 );
#1768 = FACE_OUTER_BOUND( '', #2736, .T. );
#1769 = PLANE( '', #2737 );
#1770 = SURFACE_STYLE_USAGE( .BOTH., #2738 );
#1771 = FACE_OUTER_BOUND( '', #2739, .T. );
#1772 = PLANE( '', #2740 );
#1773 = SURFACE_STYLE_USAGE( .BOTH., #2741 );
#1774 = FACE_OUTER_BOUND( '', #2742, .T. );
#1775 = PLANE( '', #2743 );
#1776 = SURFACE_STYLE_USAGE( .BOTH., #2744 );
#1777 = FACE_OUTER_BOUND( '', #2745, .T. );
#1778 = CONICAL_SURFACE( '', #2746, 0.0150000000000000, 0.0157079633000000 );
#1779 = SURFACE_STYLE_USAGE( .BOTH., #2747 );
#1780 = FACE_OUTER_BOUND( '', #2748, .T. );
#1781 = PLANE( '', #2749 );
#1782 = SURFACE_STYLE_USAGE( .BOTH., #2750 );
#1783 = FACE_OUTER_BOUND( '', #2751, .T. );
#1784 = PLANE( '', #2752 );
#1785 = SURFACE_STYLE_USAGE( .BOTH., #2753 );
#1786 = FACE_OUTER_BOUND( '', #2754, .T. );
#1787 = PLANE( '', #2755 );
#1788 = SURFACE_STYLE_USAGE( .BOTH., #2756 );
#1789 = FACE_OUTER_BOUND( '', #2757, .T. );
#1790 = CYLINDRICAL_SURFACE( '', #2758, 0.0200000000000000 );
#1791 = SURFACE_STYLE_USAGE( .BOTH., #2759 );
#1792 = FACE_OUTER_BOUND( '', #2760, .T. );
#1793 = PLANE( '', #2761 );
#1794 = SURFACE_STYLE_USAGE( .BOTH., #2762 );
#1795 = FACE_OUTER_BOUND( '', #2763, .T. );
#1796 = PLANE( '', #2764 );
#1797 = SURFACE_STYLE_USAGE( .BOTH., #2765 );
#1798 = FACE_OUTER_BOUND( '', #2766, .T. );
#1799 = PLANE( '', #2767 );
#1800 = SURFACE_STYLE_USAGE( .BOTH., #2768 );
#1801 = FACE_OUTER_BOUND( '', #2769, .T. );
#1802 = CYLINDRICAL_SURFACE( '', #2770, 0.0360000000000000 );
#1803 = SURFACE_STYLE_USAGE( .BOTH., #2771 );
#1804 = FACE_OUTER_BOUND( '', #2772, .T. );
#1805 = CYLINDRICAL_SURFACE( '', #2773, 0.0200000000000000 );
#1806 = SURFACE_STYLE_USAGE( .BOTH., #2774 );
#1807 = FACE_OUTER_BOUND( '', #2775, .T. );
#1808 = PLANE( '', #2776 );
#1809 = SURFACE_STYLE_USAGE( .BOTH., #2777 );
#1810 = FACE_OUTER_BOUND( '', #2778, .T. );
#1811 = PLANE( '', #2779 );
#1812 = SURFACE_STYLE_USAGE( .BOTH., #2780 );
#1813 = FACE_OUTER_BOUND( '', #2781, .T. );
#1814 = PLANE( '', #2782 );
#1815 = SURFACE_STYLE_USAGE( .BOTH., #2783 );
#1816 = FACE_OUTER_BOUND( '', #2784, .T. );
#1817 = PLANE( '', #2785 );
#1818 = SURFACE_STYLE_USAGE( .BOTH., #2786 );
#1819 = FACE_OUTER_BOUND( '', #2787, .T. );
#1820 = PLANE( '', #2788 );
#1821 = SURFACE_STYLE_USAGE( .BOTH., #2789 );
#1822 = FACE_OUTER_BOUND( '', #2790, .T. );
#1823 = PLANE( '', #2791 );
#1824 = SURFACE_STYLE_USAGE( .BOTH., #2792 );
#1825 = FACE_OUTER_BOUND( '', #2793, .T. );
#1826 = PLANE( '', #2794 );
#1827 = SURFACE_STYLE_USAGE( .BOTH., #2795 );
#1828 = FACE_OUTER_BOUND( '', #2796, .T. );
#1829 = PLANE( '', #2797 );
#1830 = SURFACE_STYLE_USAGE( .BOTH., #2798 );
#1831 = FACE_OUTER_BOUND( '', #2799, .T. );
#1832 = PLANE( '', #2800 );
#1833 = SURFACE_STYLE_USAGE( .BOTH., #2801 );
#1834 = FACE_OUTER_BOUND( '', #2802, .T. );
#1835 = PLANE( '', #2803 );
#1836 = SURFACE_STYLE_USAGE( .BOTH., #2804 );
#1837 = FACE_OUTER_BOUND( '', #2805, .T. );
#1838 = CYLINDRICAL_SURFACE( '', #2806, 0.0200000000000000 );
#1839 = SURFACE_STYLE_USAGE( .BOTH., #2807 );
#1840 = FACE_OUTER_BOUND( '', #2808, .T. );
#1841 = PLANE( '', #2809 );
#1842 = SURFACE_STYLE_USAGE( .BOTH., #2810 );
#1843 = FACE_OUTER_BOUND( '', #2811, .T. );
#1844 = PLANE( '', #2812 );
#1845 = SURFACE_STYLE_USAGE( .BOTH., #2813 );
#1846 = FACE_OUTER_BOUND( '', #2814, .T. );
#1847 = PLANE( '', #2815 );
#1848 = SURFACE_STYLE_USAGE( .BOTH., #2816 );
#1849 = FACE_OUTER_BOUND( '', #2817, .T. );
#1850 = PLANE( '', #2818 );
#1851 = SURFACE_STYLE_USAGE( .BOTH., #2819 );
#1852 = FACE_OUTER_BOUND( '', #2820, .T. );
#1853 = PLANE( '', #2821 );
#1854 = SURFACE_STYLE_USAGE( .BOTH., #2822 );
#1855 = FACE_OUTER_BOUND( '', #2823, .T. );
#1856 = FACE_BOUND( '', #2824, .T. );
#1857 = PLANE( '', #2825 );
#1858 = SURFACE_STYLE_USAGE( .BOTH., #2826 );
#1859 = FACE_OUTER_BOUND( '', #2827, .T. );
#1860 = PLANE( '', #2828 );
#1861 = SURFACE_STYLE_USAGE( .BOTH., #2829 );
#1862 = FACE_OUTER_BOUND( '', #2830, .T. );
#1863 = PLANE( '', #2831 );
#1864 = SURFACE_STYLE_USAGE( .BOTH., #2832 );
#1865 = FACE_OUTER_BOUND( '', #2833, .T. );
#1866 = PLANE( '', #2834 );
#1867 = SURFACE_STYLE_USAGE( .BOTH., #2835 );
#1868 = FACE_OUTER_BOUND( '', #2836, .T. );
#1869 = PLANE( '', #2837 );
#1870 = SURFACE_STYLE_USAGE( .BOTH., #2838 );
#1871 = FACE_OUTER_BOUND( '', #2839, .T. );
#1872 = PLANE( '', #2840 );
#1873 = SURFACE_STYLE_USAGE( .BOTH., #2841 );
#1874 = FACE_OUTER_BOUND( '', #2842, .T. );
#1875 = PLANE( '', #2843 );
#1876 = SURFACE_STYLE_USAGE( .BOTH., #2844 );
#1877 = FACE_OUTER_BOUND( '', #2845, .T. );
#1878 = PLANE( '', #2846 );
#1879 = SURFACE_STYLE_USAGE( .BOTH., #2847 );
#1880 = FACE_OUTER_BOUND( '', #2848, .T. );
#1881 = PLANE( '', #2849 );
#1882 = SURFACE_STYLE_USAGE( .BOTH., #2850 );
#1883 = FACE_OUTER_BOUND( '', #2851, .T. );
#1884 = PLANE( '', #2852 );
#1885 = SURFACE_STYLE_USAGE( .BOTH., #2853 );
#1886 = FACE_OUTER_BOUND( '', #2854, .T. );
#1887 = PLANE( '', #2855 );
#1888 = SURFACE_STYLE_USAGE( .BOTH., #2856 );
#1889 = FACE_OUTER_BOUND( '', #2857, .T. );
#1890 = PLANE( '', #2858 );
#1891 = SURFACE_STYLE_USAGE( .BOTH., #2859 );
#1892 = FACE_OUTER_BOUND( '', #2860, .T. );
#1893 = PLANE( '', #2861 );
#1894 = SURFACE_STYLE_USAGE( .BOTH., #2862 );
#1895 = FACE_OUTER_BOUND( '', #2863, .T. );
#1896 = PLANE( '', #2864 );
#1897 = SURFACE_STYLE_USAGE( .BOTH., #2865 );
#1898 = FACE_OUTER_BOUND( '', #2866, .T. );
#1899 = PLANE( '', #2867 );
#1900 = SURFACE_STYLE_USAGE( .BOTH., #2868 );
#1901 = FACE_OUTER_BOUND( '', #2869, .T. );
#1902 = PLANE( '', #2870 );
#1903 = SURFACE_STYLE_USAGE( .BOTH., #2871 );
#1904 = FACE_OUTER_BOUND( '', #2872, .T. );
#1905 = PLANE( '', #2873 );
#1906 = SURFACE_STYLE_USAGE( .BOTH., #2874 );
#1907 = FACE_OUTER_BOUND( '', #2875, .T. );
#1908 = PLANE( '', #2876 );
#1909 = SURFACE_STYLE_USAGE( .BOTH., #2877 );
#1910 = FACE_OUTER_BOUND( '', #2878, .T. );
#1911 = PLANE( '', #2879 );
#1912 = SURFACE_STYLE_USAGE( .BOTH., #2880 );
#1913 = FACE_OUTER_BOUND( '', #2881, .T. );
#1914 = PLANE( '', #2882 );
#1915 = SURFACE_STYLE_USAGE( .BOTH., #2883 );
#1916 = FACE_OUTER_BOUND( '', #2884, .T. );
#1917 = CYLINDRICAL_SURFACE( '', #2885, 0.0360000000000000 );
#1918 = SURFACE_STYLE_USAGE( .BOTH., #2886 );
#1919 = FACE_OUTER_BOUND( '', #2887, .T. );
#1920 = PLANE( '', #2888 );
#1921 = SURFACE_STYLE_USAGE( .BOTH., #2889 );
#1922 = FACE_OUTER_BOUND( '', #2890, .T. );
#1923 = PLANE( '', #2891 );
#1924 = SURFACE_STYLE_USAGE( .BOTH., #2892 );
#1925 = FACE_OUTER_BOUND( '', #2893, .T. );
#1926 = CYLINDRICAL_SURFACE( '', #2894, 0.0360000000000000 );
#1927 = SURFACE_STYLE_USAGE( .BOTH., #2895 );
#1928 = FACE_OUTER_BOUND( '', #2896, .T. );
#1929 = CYLINDRICAL_SURFACE( '', #2897, 0.0200000000000000 );
#1930 = SURFACE_STYLE_USAGE( .BOTH., #2898 );
#1931 = FACE_OUTER_BOUND( '', #2899, .T. );
#1932 = PLANE( '', #2900 );
#1933 = SURFACE_STYLE_USAGE( .BOTH., #2901 );
#1934 = FACE_OUTER_BOUND( '', #2902, .T. );
#1935 = PLANE( '', #2903 );
#1936 = SURFACE_STYLE_USAGE( .BOTH., #2904 );
#1937 = FACE_OUTER_BOUND( '', #2905, .T. );
#1938 = PLANE( '', #2906 );
#1939 = SURFACE_STYLE_USAGE( .BOTH., #2907 );
#1940 = FACE_OUTER_BOUND( '', #2908, .T. );
#1941 = CONICAL_SURFACE( '', #2909, 0.0150000000000000, 0.0157079633000000 );
#1942 = SURFACE_STYLE_USAGE( .BOTH., #2910 );
#1943 = FACE_OUTER_BOUND( '', #2911, .T. );
#1944 = PLANE( '', #2912 );
#1945 = SURFACE_STYLE_USAGE( .BOTH., #2913 );
#1946 = FACE_OUTER_BOUND( '', #2914, .T. );
#1947 = CYLINDRICAL_SURFACE( '', #2915, 0.0200000000000000 );
#1948 = SURFACE_STYLE_USAGE( .BOTH., #2916 );
#1949 = FACE_OUTER_BOUND( '', #2917, .T. );
#1950 = PLANE( '', #2918 );
#1951 = SURFACE_STYLE_USAGE( .BOTH., #2919 );
#1952 = FACE_OUTER_BOUND( '', #2920, .T. );
#1953 = PLANE( '', #2921 );
#1954 = SURFACE_STYLE_USAGE( .BOTH., #2922 );
#1955 = FACE_OUTER_BOUND( '', #2923, .T. );
#1956 = PLANE( '', #2924 );
#1957 = SURFACE_STYLE_USAGE( .BOTH., #2925 );
#1958 = FACE_OUTER_BOUND( '', #2926, .T. );
#1959 = PLANE( '', #2927 );
#1960 = SURFACE_STYLE_USAGE( .BOTH., #2928 );
#1961 = FACE_OUTER_BOUND( '', #2929, .T. );
#1962 = PLANE( '', #2930 );
#1963 = SURFACE_STYLE_USAGE( .BOTH., #2931 );
#1964 = FACE_OUTER_BOUND( '', #2932, .T. );
#1965 = PLANE( '', #2933 );
#1966 = SURFACE_STYLE_USAGE( .BOTH., #2934 );
#1967 = FACE_OUTER_BOUND( '', #2935, .T. );
#1968 = PLANE( '', #2936 );
#1969 = SURFACE_STYLE_USAGE( .BOTH., #2937 );
#1970 = FACE_OUTER_BOUND( '', #2938, .T. );
#1971 = PLANE( '', #2939 );
#1972 = SURFACE_STYLE_USAGE( .BOTH., #2940 );
#1973 = FACE_OUTER_BOUND( '', #2941, .T. );
#1974 = CONICAL_SURFACE( '', #2942, 0.0150000000000000, 0.0157079633000000 );
#1975 = SURFACE_STYLE_USAGE( .BOTH., #2943 );
#1976 = FACE_OUTER_BOUND( '', #2944, .T. );
#1977 = FACE_BOUND( '', #2945, .T. );
#1978 = PLANE( '', #2946 );
#1979 =  ( LENGTH_UNIT(  )NAMED_UNIT( #994 )SI_UNIT( .MILLI., .METRE. ) );
#1982 = LENGTH_MEASURE_WITH_UNIT( LENGTH_MEASURE( 25.4000000000000 ), #2948 );
#1985 = DIMENSIONAL_EXPONENTS( 1.00000000000000, 0.000000000000000, 0.000000000000000, 0.000000000000000, 0.000000000000000, 0.000000000000000, 0.000000000000000 );
#1987 = DIMENSIONAL_EXPONENTS( 0.000000000000000, 0.000000000000000, 0.000000000000000, 0.000000000000000, 0.000000000000000, 0.000000000000000, 0.000000000000000 );
#1993 = SURFACE_SIDE_STYLE( '', ( #2949 ) );
#1994 = EDGE_LOOP( '', ( #2950, #2951, #2952, #2953 ) );
#1995 = AXIS2_PLACEMENT_3D( '', #2954, #2955, #2956 );
#1996 = SURFACE_SIDE_STYLE( '', ( #2957 ) );
#1997 = EDGE_LOOP( '', ( #2958, #2959, #2960, #2961 ) );
#1998 = AXIS2_PLACEMENT_3D( '', #2962, #2963, #2964 );
#1999 = SURFACE_SIDE_STYLE( '', ( #2965 ) );
#2000 = EDGE_LOOP( '', ( #2966, #2967, #2968, #2969, #2970, #2971, #2972, #2973 ) );
#2001 = AXIS2_PLACEMENT_3D( '', #2974, #2975, #2976 );
#2002 = SURFACE_SIDE_STYLE( '', ( #2977 ) );
#2003 = EDGE_LOOP( '', ( #2978, #2979, #2980, #2981 ) );
#2004 = AXIS2_PLACEMENT_3D( '', #2982, #2983, #2984 );
#2005 = SURFACE_SIDE_STYLE( '', ( #2985 ) );
#2006 = EDGE_LOOP( '', ( #2986, #2987, #2988, #2989 ) );
#2007 = AXIS2_PLACEMENT_3D( '', #2990, #2991, #2992 );
#2008 = SURFACE_SIDE_STYLE( '', ( #2993 ) );
#2009 = EDGE_LOOP( '', ( #2994, #2995, #2996, #2997 ) );
#2010 = AXIS2_PLACEMENT_3D( '', #2998, #2999, #3000 );
#2011 = SURFACE_SIDE_STYLE( '', ( #3001 ) );
#2012 = EDGE_LOOP( '', ( #3002, #3003, #3004, #3005 ) );
#2013 = AXIS2_PLACEMENT_3D( '', #3006, #3007, #3008 );
#2014 = SURFACE_SIDE_STYLE( '', ( #3009 ) );
#2015 = EDGE_LOOP( '', ( #3010, #3011, #3012, #3013 ) );
#2016 = AXIS2_PLACEMENT_3D( '', #3014, #3015, #3016 );
#2017 = SURFACE_SIDE_STYLE( '', ( #3017 ) );
#2018 = EDGE_LOOP( '', ( #3018, #3019, #3020, #3021, #3022, #3023, #3024, #3025, #3026, #3027 ) );
#2019 = AXIS2_PLACEMENT_3D( '', #3028, #3029, #3030 );
#2020 = SURFACE_SIDE_STYLE( '', ( #3031 ) );
#2021 = EDGE_LOOP( '', ( #3032, #3033, #3034, #3035 ) );
#2022 = AXIS2_PLACEMENT_3D( '', #3036, #3037, #3038 );
#2023 = SURFACE_SIDE_STYLE( '', ( #3039 ) );
#2024 = EDGE_LOOP( '', ( #3040, #3041, #3042, #3043 ) );
#2025 = AXIS2_PLACEMENT_3D( '', #3044, #3045, #3046 );
#2026 = SURFACE_SIDE_STYLE( '', ( #3047 ) );
#2027 = EDGE_LOOP( '', ( #3048, #3049, #3050, #3051, #3052, #3053, #3054, #3055, #3056, #3057 ) );
#2028 = AXIS2_PLACEMENT_3D( '', #3058, #3059, #3060 );
#2029 = SURFACE_SIDE_STYLE( '', ( #3061 ) );
#2030 = EDGE_LOOP( '', ( #3062, #3063, #3064, #3065 ) );
#2031 = AXIS2_PLACEMENT_3D( '', #3066, #3067, #3068 );
#2032 = SURFACE_SIDE_STYLE( '', ( #3069 ) );
#2033 = EDGE_LOOP( '', ( #3070, #3071, #3072, #3073 ) );
#2034 = AXIS2_PLACEMENT_3D( '', #3074, #3075, #3076 );
#2035 = SURFACE_SIDE_STYLE( '', ( #3077 ) );
#2036 = EDGE_LOOP( '', ( #3078, #3079, #3080, #3081 ) );
#2037 = AXIS2_PLACEMENT_3D( '', #3082, #3083, #3084 );
#2038 = SURFACE_SIDE_STYLE( '', ( #3085 ) );
#2039 = EDGE_LOOP( '', ( #3086, #3087, #3088, #3089 ) );
#2040 = AXIS2_PLACEMENT_3D( '', #3090, #3091, #3092 );
#2041 = SURFACE_SIDE_STYLE( '', ( #3093 ) );
#2042 = EDGE_LOOP( '', ( #3094, #3095, #3096, #3097 ) );
#2043 = AXIS2_PLACEMENT_3D( '', #3098, #3099, #3100 );
#2044 = SURFACE_SIDE_STYLE( '', ( #3101 ) );
#2045 = EDGE_LOOP( '', ( #3102, #3103, #3104, #3105 ) );
#2046 = EDGE_LOOP( '', ( #3106, #3107, #3108, #3109 ) );
#2047 = AXIS2_PLACEMENT_3D( '', #3110, #3111, #3112 );
#2048 = SURFACE_SIDE_STYLE( '', ( #3113 ) );
#2049 = EDGE_LOOP( '', ( #3114, #3115, #3116, #3117 ) );
#2050 = AXIS2_PLACEMENT_3D( '', #3118, #3119, #3120 );
#2051 = SURFACE_SIDE_STYLE( '', ( #3121 ) );
#2052 = EDGE_LOOP( '', ( #3122, #3123, #3124, #3125 ) );
#2053 = AXIS2_PLACEMENT_3D( '', #3126, #3127, #3128 );
#2054 = SURFACE_SIDE_STYLE( '', ( #3129 ) );
#2055 = EDGE_LOOP( '', ( #3130, #3131, #3132, #3133 ) );
#2056 = AXIS2_PLACEMENT_3D( '', #3134, #3135, #3136 );
#2057 = SURFACE_SIDE_STYLE( '', ( #3137 ) );
#2058 = EDGE_LOOP( '', ( #3138, #3139, #3140, #3141 ) );
#2059 = AXIS2_PLACEMENT_3D( '', #3142, #3143, #3144 );
#2060 = SURFACE_SIDE_STYLE( '', ( #3145 ) );
#2061 = EDGE_LOOP( '', ( #3146, #3147, #3148, #3149 ) );
#2062 = AXIS2_PLACEMENT_3D( '', #3150, #3151, #3152 );
#2063 = SURFACE_SIDE_STYLE( '', ( #3153 ) );
#2064 = EDGE_LOOP( '', ( #3154, #3155, #3156, #3157 ) );
#2065 = AXIS2_PLACEMENT_3D( '', #3158, #3159, #3160 );
#2066 = SURFACE_SIDE_STYLE( '', ( #3161 ) );
#2067 = EDGE_LOOP( '', ( #3162, #3163, #3164, #3165 ) );
#2068 = AXIS2_PLACEMENT_3D( '', #3166, #3167, #3168 );
#2069 = SURFACE_SIDE_STYLE( '', ( #3169 ) );
#2070 = EDGE_LOOP( '', ( #3170, #3171, #3172, #3173 ) );
#2071 = AXIS2_PLACEMENT_3D( '', #3174, #3175, #3176 );
#2072 = SURFACE_SIDE_STYLE( '', ( #3177 ) );
#2073 = EDGE_LOOP( '', ( #3178, #3179, #3180, #3181 ) );
#2074 = AXIS2_PLACEMENT_3D( '', #3182, #3183, #3184 );
#2075 = SURFACE_SIDE_STYLE( '', ( #3185 ) );
#2076 = EDGE_LOOP( '', ( #3186, #3187, #3188, #3189, #3190, #3191, #3192, #3193 ) );
#2077 = AXIS2_PLACEMENT_3D( '', #3194, #3195, #3196 );
#2078 = SURFACE_SIDE_STYLE( '', ( #3197 ) );
#2079 = EDGE_LOOP( '', ( #3198, #3199, #3200, #3201 ) );
#2080 = AXIS2_PLACEMENT_3D( '', #3202, #3203, #3204 );
#2081 = SURFACE_SIDE_STYLE( '', ( #3205 ) );
#2082 = EDGE_LOOP( '', ( #3206, #3207, #3208, #3209 ) );
#2083 = AXIS2_PLACEMENT_3D( '', #3210, #3211, #3212 );
#2084 = SURFACE_SIDE_STYLE( '', ( #3213 ) );
#2085 = EDGE_LOOP( '', ( #3214, #3215, #3216, #3217 ) );
#2086 = EDGE_LOOP( '', ( #3218, #3219, #3220, #3221, #3222, #3223, #3224, #3225, #3226, #3227, #3228, #3229 ) );
#2087 = EDGE_LOOP( '', ( #3230, #3231, #3232, #3233, #3234, #3235, #3236, #3237, #3238, #3239, #3240, #3241 ) );
#2088 = AXIS2_PLACEMENT_3D( '', #3242, #3243, #3244 );
#2089 = SURFACE_SIDE_STYLE( '', ( #3245 ) );
#2090 = EDGE_LOOP( '', ( #3246, #3247, #3248, #3249 ) );
#2091 = AXIS2_PLACEMENT_3D( '', #3250, #3251, #3252 );
#2092 = SURFACE_SIDE_STYLE( '', ( #3253 ) );
#2093 = EDGE_LOOP( '', ( #3254, #3255, #3256, #3257 ) );
#2094 = AXIS2_PLACEMENT_3D( '', #3258, #3259, #3260 );
#2095 = SURFACE_SIDE_STYLE( '', ( #3261 ) );
#2096 = EDGE_LOOP( '', ( #3262, #3263, #3264, #3265 ) );
#2097 = EDGE_LOOP( '', ( #3266, #3267, #3268, #3269 ) );
#2098 = AXIS2_PLACEMENT_3D( '', #3270, #3271, #3272 );
#2099 = SURFACE_SIDE_STYLE( '', ( #3273 ) );
#2100 = EDGE_LOOP( '', ( #3274, #3275, #3276, #3277, #3278, #3279 ) );
#2101 = EDGE_LOOP( '', ( #3280, #3281, #3282, #3283 ) );
#2102 = AXIS2_PLACEMENT_3D( '', #3284, #3285, #3286 );
#2103 = SURFACE_SIDE_STYLE( '', ( #3287 ) );
#2104 = EDGE_LOOP( '', ( #3288, #3289, #3290, #3291 ) );
#2105 = AXIS2_PLACEMENT_3D( '', #3292, #3293, #3294 );
#2106 = SURFACE_SIDE_STYLE( '', ( #3295 ) );
#2107 = EDGE_LOOP( '', ( #3296, #3297, #3298, #3299 ) );
#2108 = AXIS2_PLACEMENT_3D( '', #3300, #3301, #3302 );
#2109 = SURFACE_SIDE_STYLE( '', ( #3303 ) );
#2110 = EDGE_LOOP( '', ( #3304, #3305, #3306, #3307 ) );
#2111 = AXIS2_PLACEMENT_3D( '', #3308, #3309, #3310 );
#2112 = SURFACE_SIDE_STYLE( '', ( #3311 ) );
#2113 = EDGE_LOOP( '', ( #3312, #3313, #3314, #3315 ) );
#2114 = AXIS2_PLACEMENT_3D( '', #3316, #3317, #3318 );
#2115 = SURFACE_SIDE_STYLE( '', ( #3319 ) );
#2116 = EDGE_LOOP( '', ( #3320, #3321, #3322, #3323 ) );
#2117 = AXIS2_PLACEMENT_3D( '', #3324, #3325, #3326 );
#2118 = SURFACE_SIDE_STYLE( '', ( #3327 ) );
#2119 = EDGE_LOOP( '', ( #3328, #3329, #3330, #3331 ) );
#2120 = AXIS2_PLACEMENT_3D( '', #3332, #3333, #3334 );
#2121 = SURFACE_SIDE_STYLE( '', ( #3335 ) );
#2122 = EDGE_LOOP( '', ( #3336, #3337, #3338, #3339 ) );
#2123 = AXIS2_PLACEMENT_3D( '', #3340, #3341, #3342 );
#2124 = SURFACE_SIDE_STYLE( '', ( #3343 ) );
#2125 = EDGE_LOOP( '', ( #3344, #3345, #3346, #3347 ) );
#2126 = AXIS2_PLACEMENT_3D( '', #3348, #3349, #3350 );
#2127 = SURFACE_SIDE_STYLE( '', ( #3351 ) );
#2128 = EDGE_LOOP( '', ( #3352, #3353, #3354, #3355 ) );
#2129 = AXIS2_PLACEMENT_3D( '', #3356, #3357, #3358 );
#2130 = SURFACE_SIDE_STYLE( '', ( #3359 ) );
#2131 = EDGE_LOOP( '', ( #3360, #3361, #3362, #3363 ) );
#2132 = AXIS2_PLACEMENT_3D( '', #3364, #3365, #3366 );
#2133 = SURFACE_SIDE_STYLE( '', ( #3367 ) );
#2134 = EDGE_LOOP( '', ( #3368, #3369, #3370, #3371 ) );
#2135 = AXIS2_PLACEMENT_3D( '', #3372, #3373, #3374 );
#2136 = SURFACE_SIDE_STYLE( '', ( #3375 ) );
#2137 = EDGE_LOOP( '', ( #3376, #3377, #3378, #3379 ) );
#2138 = AXIS2_PLACEMENT_3D( '', #3380, #3381, #3382 );
#2139 = SURFACE_SIDE_STYLE( '', ( #3383 ) );
#2140 = EDGE_LOOP( '', ( #3384, #3385, #3386, #3387 ) );
#2141 = AXIS2_PLACEMENT_3D( '', #3388, #3389, #3390 );
#2142 = SURFACE_SIDE_STYLE( '', ( #3391 ) );
#2143 = EDGE_LOOP( '', ( #3392, #3393, #3394, #3395 ) );
#2144 = AXIS2_PLACEMENT_3D( '', #3396, #3397, #3398 );
#2145 = SURFACE_SIDE_STYLE( '', ( #3399 ) );
#2146 = EDGE_LOOP( '', ( #3400, #3401, #3402, #3403 ) );
#2147 = AXIS2_PLACEMENT_3D( '', #3404, #3405, #3406 );
#2148 = SURFACE_SIDE_STYLE( '', ( #3407 ) );
#2149 = EDGE_LOOP( '', ( #3408, #3409, #3410, #3411 ) );
#2150 = AXIS2_PLACEMENT_3D( '', #3412, #3413, #3414 );
#2151 = SURFACE_SIDE_STYLE( '', ( #3415 ) );
#2152 = EDGE_LOOP( '', ( #3416, #3417, #3418, #3419 ) );
#2153 = AXIS2_PLACEMENT_3D( '', #3420, #3421, #3422 );
#2154 = SURFACE_SIDE_STYLE( '', ( #3423 ) );
#2155 = EDGE_LOOP( '', ( #3424, #3425, #3426, #3427 ) );
#2156 = AXIS2_PLACEMENT_3D( '', #3428, #3429, #3430 );
#2157 = SURFACE_SIDE_STYLE( '', ( #3431 ) );
#2158 = EDGE_LOOP( '', ( #3432, #3433, #3434, #3435 ) );
#2159 = AXIS2_PLACEMENT_3D( '', #3436, #3437, #3438 );
#2160 = SURFACE_SIDE_STYLE( '', ( #3439 ) );
#2161 = EDGE_LOOP( '', ( #3440, #3441, #3442, #3443 ) );
#2162 = AXIS2_PLACEMENT_3D( '', #3444, #3445, #3446 );
#2163 = SURFACE_SIDE_STYLE( '', ( #3447 ) );
#2164 = EDGE_LOOP( '', ( #3448, #3449, #3450, #3451 ) );
#2165 = AXIS2_PLACEMENT_3D( '', #3452, #3453, #3454 );
#2166 = SURFACE_SIDE_STYLE( '', ( #3455 ) );
#2167 = EDGE_LOOP( '', ( #3456, #3457, #3458, #3459 ) );
#2168 = AXIS2_PLACEMENT_3D( '', #3460, #3461, #3462 );
#2169 = SURFACE_SIDE_STYLE( '', ( #3463 ) );
#2170 = EDGE_LOOP( '', ( #3464, #3465, #3466, #3467 ) );
#2171 = AXIS2_PLACEMENT_3D( '', #3468, #3469, #3470 );
#2172 = SURFACE_SIDE_STYLE( '', ( #3471 ) );
#2173 = EDGE_LOOP( '', ( #3472, #3473, #3474, #3475 ) );
#2174 = EDGE_LOOP( '', ( #3476, #3477, #3478, #3479, #3480, #3481, #3482, #3483, #3484, #3485, #3486, #3487 ) );
#2175 = EDGE_LOOP( '', ( #3488, #3489, #3490, #3491, #3492, #3493, #3494, #3495, #3496, #3497, #3498, #3499 ) );
#2176 = AXIS2_PLACEMENT_3D( '', #3500, #3501, #3502 );
#2177 = SURFACE_SIDE_STYLE( '', ( #3503 ) );
#2178 = EDGE_LOOP( '', ( #3504, #3505, #3506, #3507 ) );
#2179 = AXIS2_PLACEMENT_3D( '', #3508, #3509, #3510 );
#2180 = SURFACE_SIDE_STYLE( '', ( #3511 ) );
#2181 = EDGE_LOOP( '', ( #3512, #3513, #3514, #3515 ) );
#2182 = AXIS2_PLACEMENT_3D( '', #3516, #3517, #3518 );
#2183 = SURFACE_SIDE_STYLE( '', ( #3519 ) );
#2184 = EDGE_LOOP( '', ( #3520, #3521, #3522, #3523 ) );
#2185 = AXIS2_PLACEMENT_3D( '', #3524, #3525, #3526 );
#2186 = SURFACE_SIDE_STYLE( '', ( #3527 ) );
#2187 = EDGE_LOOP( '', ( #3528, #3529, #3530, #3531 ) );
#2188 = AXIS2_PLACEMENT_3D( '', #3532, #3533, #3534 );
#2189 = SURFACE_SIDE_STYLE( '', ( #3535 ) );
#2190 = EDGE_LOOP( '', ( #3536, #3537, #3538, #3539 ) );
#2191 = AXIS2_PLACEMENT_3D( '', #3540, #3541, #3542 );
#2192 = SURFACE_SIDE_STYLE( '', ( #3543 ) );
#2193 = EDGE_LOOP( '', ( #3544, #3545, #3546, #3547 ) );
#2194 = AXIS2_PLACEMENT_3D( '', #3548, #3549, #3550 );
#2195 = SURFACE_SIDE_STYLE( '', ( #3551 ) );
#2196 = EDGE_LOOP( '', ( #3552, #3553, #3554, #3555 ) );
#2197 = AXIS2_PLACEMENT_3D( '', #3556, #3557, #3558 );
#2198 = SURFACE_SIDE_STYLE( '', ( #3559 ) );
#2199 = EDGE_LOOP( '', ( #3560, #3561, #3562, #3563, #3564, #3565, #3566, #3567, #3568, #3569, #3570, #3571, #3572, #3573, #3574, #3575, #3576, #3577, #3578, #3579, #3580, #3581, #3582, #3583, #3584, #3585, #3586, #3587, #3588, #3589, #3590, #3591, #3592, #3593, #3594, #3595 ) );
#2200 = AXIS2_PLACEMENT_3D( '', #3596, #3597, #3598 );
#2201 = SURFACE_SIDE_STYLE( '', ( #3599 ) );
#2202 = EDGE_LOOP( '', ( #3600, #3601, #3602, #3603 ) );
#2203 = AXIS2_PLACEMENT_3D( '', #3604, #3605, #3606 );
#2204 = SURFACE_SIDE_STYLE( '', ( #3607 ) );
#2205 = EDGE_LOOP( '', ( #3608, #3609, #3610, #3611 ) );
#2206 = AXIS2_PLACEMENT_3D( '', #3612, #3613, #3614 );
#2207 = SURFACE_SIDE_STYLE( '', ( #3615 ) );
#2208 = EDGE_LOOP( '', ( #3616, #3617, #3618, #3619 ) );
#2209 = AXIS2_PLACEMENT_3D( '', #3620, #3621, #3622 );
#2210 = SURFACE_SIDE_STYLE( '', ( #3623 ) );
#2211 = EDGE_LOOP( '', ( #3624, #3625, #3626, #3627 ) );
#2212 = AXIS2_PLACEMENT_3D( '', #3628, #3629, #3630 );
#2213 = SURFACE_SIDE_STYLE( '', ( #3631 ) );
#2214 = EDGE_LOOP( '', ( #3632, #3633, #3634, #3635, #3636, #3637, #3638, #3639, #3640, #3641 ) );
#2215 = AXIS2_PLACEMENT_3D( '', #3642, #3643, #3644 );
#2216 = SURFACE_SIDE_STYLE( '', ( #3645 ) );
#2217 = EDGE_LOOP( '', ( #3646, #3647, #3648, #3649 ) );
#2218 = AXIS2_PLACEMENT_3D( '', #3650, #3651, #3652 );
#2219 = SURFACE_SIDE_STYLE( '', ( #3653 ) );
#2220 = EDGE_LOOP( '', ( #3654, #3655, #3656, #3657 ) );
#2221 = AXIS2_PLACEMENT_3D( '', #3658, #3659, #3660 );
#2222 = SURFACE_SIDE_STYLE( '', ( #3661 ) );
#2223 = EDGE_LOOP( '', ( #3662, #3663, #3664, #3665, #3666, #3667, #3668, #3669 ) );
#2224 = AXIS2_PLACEMENT_3D( '', #3670, #3671, #3672 );
#2225 = SURFACE_SIDE_STYLE( '', ( #3673 ) );
#2226 = EDGE_LOOP( '', ( #3674, #3675, #3676, #3677 ) );
#2227 = AXIS2_PLACEMENT_3D( '', #3678, #3679, #3680 );
#2228 = SURFACE_SIDE_STYLE( '', ( #3681 ) );
#2229 = EDGE_LOOP( '', ( #3682, #3683, #3684, #3685 ) );
#2230 = AXIS2_PLACEMENT_3D( '', #3686, #3687, #3688 );
#2231 = SURFACE_SIDE_STYLE( '', ( #3689 ) );
#2232 = EDGE_LOOP( '', ( #3690, #3691, #3692, #3693 ) );
#2233 = AXIS2_PLACEMENT_3D( '', #3694, #3695, #3696 );
#2234 = SURFACE_SIDE_STYLE( '', ( #3697 ) );
#2235 = EDGE_LOOP( '', ( #3698, #3699, #3700, #3701 ) );
#2236 = AXIS2_PLACEMENT_3D( '', #3702, #3703, #3704 );
#2237 = SURFACE_SIDE_STYLE( '', ( #3705 ) );
#2238 = EDGE_LOOP( '', ( #3706, #3707, #3708, #3709 ) );
#2239 = AXIS2_PLACEMENT_3D( '', #3710, #3711, #3712 );
#2240 = SURFACE_SIDE_STYLE( '', ( #3713 ) );
#2241 = EDGE_LOOP( '', ( #3714, #3715, #3716, #3717 ) );
#2242 = AXIS2_PLACEMENT_3D( '', #3718, #3719, #3720 );
#2243 = SURFACE_SIDE_STYLE( '', ( #3721 ) );
#2244 = EDGE_LOOP( '', ( #3722, #3723, #3724, #3725 ) );
#2245 = AXIS2_PLACEMENT_3D( '', #3726, #3727, #3728 );
#2246 = SURFACE_SIDE_STYLE( '', ( #3729 ) );
#2247 = EDGE_LOOP( '', ( #3730, #3731, #3732, #3733 ) );
#2248 = AXIS2_PLACEMENT_3D( '', #3734, #3735, #3736 );
#2249 = SURFACE_SIDE_STYLE( '', ( #3737 ) );
#2250 = EDGE_LOOP( '', ( #3738, #3739, #3740, #3741 ) );
#2251 = AXIS2_PLACEMENT_3D( '', #3742, #3743, #3744 );
#2252 = SURFACE_SIDE_STYLE( '', ( #3745 ) );
#2253 = EDGE_LOOP( '', ( #3746, #3747, #3748, #3749 ) );
#2254 = AXIS2_PLACEMENT_3D( '', #3750, #3751, #3752 );
#2255 = SURFACE_SIDE_STYLE( '', ( #3753 ) );
#2256 = EDGE_LOOP( '', ( #3754, #3755, #3756, #3757 ) );
#2257 = AXIS2_PLACEMENT_3D( '', #3758, #3759, #3760 );
#2258 = SURFACE_SIDE_STYLE( '', ( #3761 ) );
#2259 = EDGE_LOOP( '', ( #3762, #3763, #3764, #3765 ) );
#2260 = AXIS2_PLACEMENT_3D( '', #3766, #3767, #3768 );
#2261 = SURFACE_SIDE_STYLE( '', ( #3769 ) );
#2262 = EDGE_LOOP( '', ( #3770, #3771, #3772, #3773 ) );
#2263 = AXIS2_PLACEMENT_3D( '', #3774, #3775, #3776 );
#2264 = SURFACE_SIDE_STYLE( '', ( #3777 ) );
#2265 = EDGE_LOOP( '', ( #3778, #3779, #3780, #3781 ) );
#2266 = AXIS2_PLACEMENT_3D( '', #3782, #3783, #3784 );
#2267 = SURFACE_SIDE_STYLE( '', ( #3785 ) );
#2268 = EDGE_LOOP( '', ( #3786, #3787, #3788, #3789 ) );
#2269 = AXIS2_PLACEMENT_3D( '', #3790, #3791, #3792 );
#2270 = SURFACE_SIDE_STYLE( '', ( #3793 ) );
#2271 = EDGE_LOOP( '', ( #3794, #3795, #3796, #3797 ) );
#2272 = AXIS2_PLACEMENT_3D( '', #3798, #3799, #3800 );
#2273 = SURFACE_SIDE_STYLE( '', ( #3801 ) );
#2274 = EDGE_LOOP( '', ( #3802, #3803, #3804, #3805 ) );
#2275 = EDGE_LOOP( '', ( #3806, #3807, #3808, #3809, #3810, #3811, #3812, #3813, #3814, #3815, #3816, #3817 ) );
#2276 = EDGE_LOOP( '', ( #3818, #3819, #3820, #3821, #3822, #3823, #3824, #3825, #3826, #3827, #3828, #3829 ) );
#2277 = AXIS2_PLACEMENT_3D( '', #3830, #3831, #3832 );
#2278 = SURFACE_SIDE_STYLE( '', ( #3833 ) );
#2279 = EDGE_LOOP( '', ( #3834, #3835, #3836, #3837 ) );
#2280 = AXIS2_PLACEMENT_3D( '', #3838, #3839, #3840 );
#2281 = SURFACE_SIDE_STYLE( '', ( #3841 ) );
#2282 = EDGE_LOOP( '', ( #3842, #3843, #3844, #3845 ) );
#2283 = AXIS2_PLACEMENT_3D( '', #3846, #3847, #3848 );
#2284 = SURFACE_SIDE_STYLE( '', ( #3849 ) );
#2285 = EDGE_LOOP( '', ( #3850, #3851, #3852, #3853 ) );
#2286 = AXIS2_PLACEMENT_3D( '', #3854, #3855, #3856 );
#2287 = SURFACE_SIDE_STYLE( '', ( #3857 ) );
#2288 = EDGE_LOOP( '', ( #3858, #3859, #3860, #3861 ) );
#2289 = AXIS2_PLACEMENT_3D( '', #3862, #3863, #3864 );
#2290 = SURFACE_SIDE_STYLE( '', ( #3865 ) );
#2291 = EDGE_LOOP( '', ( #3866, #3867, #3868, #3869 ) );
#2292 = AXIS2_PLACEMENT_3D( '', #3870, #3871, #3872 );
#2293 = SURFACE_SIDE_STYLE( '', ( #3873 ) );
#2294 = EDGE_LOOP( '', ( #3874, #3875, #3876, #3877 ) );
#2295 = AXIS2_PLACEMENT_3D( '', #3878, #3879, #3880 );
#2296 = SURFACE_SIDE_STYLE( '', ( #3881 ) );
#2297 = EDGE_LOOP( '', ( #3882, #3883, #3884, #3885, #3886, #3887, #3888, #3889, #3890, #3891 ) );
#2298 = AXIS2_PLACEMENT_3D( '', #3892, #3893, #3894 );
#2299 = SURFACE_SIDE_STYLE( '', ( #3895 ) );
#2300 = EDGE_LOOP( '', ( #3896, #3897, #3898, #3899 ) );
#2301 = AXIS2_PLACEMENT_3D( '', #3900, #3901, #3902 );
#2302 = SURFACE_SIDE_STYLE( '', ( #3903 ) );
#2303 = EDGE_LOOP( '', ( #3904, #3905, #3906, #3907, #3908, #3909 ) );
#2304 = EDGE_LOOP( '', ( #3910, #3911, #3912, #3913 ) );
#2305 = AXIS2_PLACEMENT_3D( '', #3914, #3915, #3916 );
#2306 = SURFACE_SIDE_STYLE( '', ( #3917 ) );
#2307 = EDGE_LOOP( '', ( #3918, #3919, #3920, #3921 ) );
#2308 = AXIS2_PLACEMENT_3D( '', #3922, #3923, #3924 );
#2309 = SURFACE_SIDE_STYLE( '', ( #3925 ) );
#2310 = EDGE_LOOP( '', ( #3926, #3927, #3928, #3929 ) );
#2311 = AXIS2_PLACEMENT_3D( '', #3930, #3931, #3932 );
#2312 = SURFACE_SIDE_STYLE( '', ( #3933 ) );
#2313 = EDGE_LOOP( '', ( #3934, #3935, #3936, #3937 ) );
#2314 = AXIS2_PLACEMENT_3D( '', #3938, #3939, #3940 );
#2315 = SURFACE_SIDE_STYLE( '', ( #3941 ) );
#2316 = EDGE_LOOP( '', ( #3942, #3943, #3944, #3945 ) );
#2317 = AXIS2_PLACEMENT_3D( '', #3946, #3947, #3948 );
#2318 = SURFACE_SIDE_STYLE( '', ( #3949 ) );
#2319 = EDGE_LOOP( '', ( #3950, #3951, #3952, #3953, #3954, #3955, #3956, #3957, #3958, #3959, #3960, #3961, #3962, #3963, #3964, #3965, #3966, #3967, #3968, #3969, #3970, #3971, #3972, #3973 ) );
#2320 = AXIS2_PLACEMENT_3D( '', #3974, #3975, #3976 );
#2321 = SURFACE_SIDE_STYLE( '', ( #3977 ) );
#2322 = EDGE_LOOP( '', ( #3978, #3979, #3980, #3981, #3982, #3983, #3984, #3985, #3986, #3987, #3988, #3989, #3990, #3991, #3992, #3993, #3994, #3995, #3996, #3997, #3998, #3999, #4000, #4001 ) );
#2323 = AXIS2_PLACEMENT_3D( '', #4002, #4003, #4004 );
#2324 = SURFACE_SIDE_STYLE( '', ( #4005 ) );
#2325 = EDGE_LOOP( '', ( #4006, #4007, #4008, #4009, #4010, #4011 ) );
#2326 = EDGE_LOOP( '', ( #4012, #4013, #4014, #4015 ) );
#2327 = AXIS2_PLACEMENT_3D( '', #4016, #4017, #4018 );
#2328 = SURFACE_SIDE_STYLE( '', ( #4019 ) );
#2329 = EDGE_LOOP( '', ( #4020, #4021, #4022, #4023 ) );
#2330 = AXIS2_PLACEMENT_3D( '', #4024, #4025, #4026 );
#2331 = SURFACE_SIDE_STYLE( '', ( #4027 ) );
#2332 = EDGE_LOOP( '', ( #4028, #4029, #4030, #4031, #4032, #4033, #4034, #4035 ) );
#2333 = AXIS2_PLACEMENT_3D( '', #4036, #4037, #4038 );
#2334 = SURFACE_SIDE_STYLE( '', ( #4039 ) );
#2335 = EDGE_LOOP( '', ( #4040, #4041, #4042, #4043, #4044, #4045, #4046, #4047, #4048, #4049, #4050, #4051, #4052, #4053, #4054, #4055, #4056, #4057, #4058, #4059 ) );
#2336 = AXIS2_PLACEMENT_3D( '', #4060, #4061, #4062 );
#2337 = SURFACE_SIDE_STYLE( '', ( #4063 ) );
#2338 = EDGE_LOOP( '', ( #4064, #4065, #4066, #4067, #4068, #4069, #4070, #4071, #4072, #4073 ) );
#2339 = AXIS2_PLACEMENT_3D( '', #4074, #4075, #4076 );
#2340 = SURFACE_SIDE_STYLE( '', ( #4077 ) );
#2341 = EDGE_LOOP( '', ( #4078, #4079, #4080, #4081 ) );
#2342 = AXIS2_PLACEMENT_3D( '', #4082, #4083, #4084 );
#2343 = SURFACE_SIDE_STYLE( '', ( #4085 ) );
#2344 = EDGE_LOOP( '', ( #4086, #4087, #4088, #4089 ) );
#2345 = AXIS2_PLACEMENT_3D( '', #4090, #4091, #4092 );
#2346 = SURFACE_SIDE_STYLE( '', ( #4093 ) );
#2347 = EDGE_LOOP( '', ( #4094, #4095, #4096, #4097 ) );
#2348 = EDGE_LOOP( '', ( #4098, #4099, #4100, #4101, #4102, #4103, #4104, #4105, #4106, #4107, #4108, #4109 ) );
#2349 = EDGE_LOOP( '', ( #4110, #4111, #4112, #4113, #4114, #4115, #4116, #4117, #4118, #4119, #4120, #4121 ) );
#2350 = AXIS2_PLACEMENT_3D( '', #4122, #4123, #4124 );
#2351 = SURFACE_SIDE_STYLE( '', ( #4125 ) );
#2352 = EDGE_LOOP( '', ( #4126, #4127, #4128, #4129 ) );
#2353 = AXIS2_PLACEMENT_3D( '', #4130, #4131, #4132 );
#2354 = SURFACE_SIDE_STYLE( '', ( #4133 ) );
#2355 = EDGE_LOOP( '', ( #4134, #4135, #4136, #4137 ) );
#2356 = AXIS2_PLACEMENT_3D( '', #4138, #4139, #4140 );
#2357 = SURFACE_SIDE_STYLE( '', ( #4141 ) );
#2358 = EDGE_LOOP( '', ( #4142, #4143, #4144, #4145 ) );
#2359 = AXIS2_PLACEMENT_3D( '', #4146, #4147, #4148 );
#2360 = SURFACE_SIDE_STYLE( '', ( #4149 ) );
#2361 = EDGE_LOOP( '', ( #4150, #4151, #4152, #4153 ) );
#2362 = AXIS2_PLACEMENT_3D( '', #4154, #4155, #4156 );
#2363 = SURFACE_SIDE_STYLE( '', ( #4157 ) );
#2364 = EDGE_LOOP( '', ( #4158, #4159, #4160, #4161 ) );
#2365 = AXIS2_PLACEMENT_3D( '', #4162, #4163, #4164 );
#2366 = SURFACE_SIDE_STYLE( '', ( #4165 ) );
#2367 = EDGE_LOOP( '', ( #4166, #4167, #4168, #4169 ) );
#2368 = AXIS2_PLACEMENT_3D( '', #4170, #4171, #4172 );
#2369 = SURFACE_SIDE_STYLE( '', ( #4173 ) );
#2370 = EDGE_LOOP( '', ( #4174, #4175, #4176, #4177 ) );
#2371 = AXIS2_PLACEMENT_3D( '', #4178, #4179, #4180 );
#2372 = SURFACE_SIDE_STYLE( '', ( #4181 ) );
#2373 = EDGE_LOOP( '', ( #4182, #4183, #4184, #4185 ) );
#2374 = AXIS2_PLACEMENT_3D( '', #4186, #4187, #4188 );
#2375 = SURFACE_SIDE_STYLE( '', ( #4189 ) );
#2376 = EDGE_LOOP( '', ( #4190, #4191, #4192, #4193 ) );
#2377 = AXIS2_PLACEMENT_3D( '', #4194, #4195, #4196 );
#2378 = SURFACE_SIDE_STYLE( '', ( #4197 ) );
#2379 = EDGE_LOOP( '', ( #4198, #4199, #4200, #4201 ) );
#2380 = AXIS2_PLACEMENT_3D( '', #4202, #4203, #4204 );
#2381 = SURFACE_SIDE_STYLE( '', ( #4205 ) );
#2382 = EDGE_LOOP( '', ( #4206, #4207, #4208, #4209 ) );
#2383 = AXIS2_PLACEMENT_3D( '', #4210, #4211, #4212 );
#2384 = SURFACE_SIDE_STYLE( '', ( #4213 ) );
#2385 = EDGE_LOOP( '', ( #4214, #4215, #4216, #4217 ) );
#2386 = AXIS2_PLACEMENT_3D( '', #4218, #4219, #4220 );
#2387 = SURFACE_SIDE_STYLE( '', ( #4221 ) );
#2388 = EDGE_LOOP( '', ( #4222, #4223, #4224, #4225, #4226, #4227, #4228, #4229, #4230, #4231 ) );
#2389 = AXIS2_PLACEMENT_3D( '', #4232, #4233, #4234 );
#2390 = SURFACE_SIDE_STYLE( '', ( #4235 ) );
#2391 = EDGE_LOOP( '', ( #4236, #4237, #4238, #4239 ) );
#2392 = AXIS2_PLACEMENT_3D( '', #4240, #4241, #4242 );
#2393 = SURFACE_SIDE_STYLE( '', ( #4243 ) );
#2394 = EDGE_LOOP( '', ( #4244, #4245, #4246, #4247, #4248, #4249, #4250, #4251, #4252, #4253 ) );
#2395 = AXIS2_PLACEMENT_3D( '', #4254, #4255, #4256 );
#2396 = SURFACE_SIDE_STYLE( '', ( #4257 ) );
#2397 = EDGE_LOOP( '', ( #4258, #4259, #4260, #4261 ) );
#2398 = AXIS2_PLACEMENT_3D( '', #4262, #4263, #4264 );
#2399 = SURFACE_SIDE_STYLE( '', ( #4265 ) );
#2400 = EDGE_LOOP( '', ( #4266, #4267, #4268, #4269 ) );
#2401 = AXIS2_PLACEMENT_3D( '', #4270, #4271, #4272 );
#2402 = SURFACE_SIDE_STYLE( '', ( #4273 ) );
#2403 = EDGE_LOOP( '', ( #4274, #4275, #4276, #4277 ) );
#2404 = AXIS2_PLACEMENT_3D( '', #4278, #4279, #4280 );
#2405 = SURFACE_SIDE_STYLE( '', ( #4281 ) );
#2406 = EDGE_LOOP( '', ( #4282, #4283, #4284, #4285 ) );
#2407 = AXIS2_PLACEMENT_3D( '', #4286, #4287, #4288 );
#2408 = SURFACE_SIDE_STYLE( '', ( #4289 ) );
#2409 = EDGE_LOOP( '', ( #4290, #4291, #4292, #4293, #4294, #4295, #4296, #4297 ) );
#2410 = AXIS2_PLACEMENT_3D( '', #4298, #4299, #4300 );
#2411 = SURFACE_SIDE_STYLE( '', ( #4301 ) );
#2412 = EDGE_LOOP( '', ( #4302, #4303, #4304, #4305, #4306, #4307, #4308, #4309 ) );
#2413 = AXIS2_PLACEMENT_3D( '', #4310, #4311, #4312 );
#2414 = SURFACE_SIDE_STYLE( '', ( #4313 ) );
#2415 = EDGE_LOOP( '', ( #4314, #4315, #4316, #4317, #4318, #4319, #4320, #4321 ) );
#2416 = AXIS2_PLACEMENT_3D( '', #4322, #4323, #4324 );
#2417 = SURFACE_SIDE_STYLE( '', ( #4325 ) );
#2418 = EDGE_LOOP( '', ( #4326, #4327, #4328, #4329 ) );
#2419 = EDGE_LOOP( '', ( #4330, #4331, #4332, #4333 ) );
#2420 = AXIS2_PLACEMENT_3D( '', #4334, #4335, #4336 );
#2421 = SURFACE_SIDE_STYLE( '', ( #4337 ) );
#2422 = EDGE_LOOP( '', ( #4338, #4339, #4340, #4341 ) );
#2423 = AXIS2_PLACEMENT_3D( '', #4342, #4343, #4344 );
#2424 = SURFACE_SIDE_STYLE( '', ( #4345 ) );
#2425 = EDGE_LOOP( '', ( #4346, #4347, #4348, #4349 ) );
#2426 = AXIS2_PLACEMENT_3D( '', #4350, #4351, #4352 );
#2427 = SURFACE_SIDE_STYLE( '', ( #4353 ) );
#2428 = EDGE_LOOP( '', ( #4354, #4355, #4356, #4357 ) );
#2429 = AXIS2_PLACEMENT_3D( '', #4358, #4359, #4360 );
#2430 = SURFACE_SIDE_STYLE( '', ( #4361 ) );
#2431 = EDGE_LOOP( '', ( #4362, #4363, #4364, #4365 ) );
#2432 = AXIS2_PLACEMENT_3D( '', #4366, #4367, #4368 );
#2433 = SURFACE_SIDE_STYLE( '', ( #4369 ) );
#2434 = EDGE_LOOP( '', ( #4370, #4371, #4372, #4373 ) );
#2435 = AXIS2_PLACEMENT_3D( '', #4374, #4375, #4376 );
#2436 = SURFACE_SIDE_STYLE( '', ( #4377 ) );
#2437 = EDGE_LOOP( '', ( #4378, #4379, #4380, #4381 ) );
#2438 = AXIS2_PLACEMENT_3D( '', #4382, #4383, #4384 );
#2439 = SURFACE_SIDE_STYLE( '', ( #4385 ) );
#2440 = EDGE_LOOP( '', ( #4386, #4387, #4388, #4389 ) );
#2441 = AXIS2_PLACEMENT_3D( '', #4390, #4391, #4392 );
#2442 = SURFACE_SIDE_STYLE( '', ( #4393 ) );
#2443 = EDGE_LOOP( '', ( #4394, #4395, #4396, #4397, #4398, #4399, #4400, #4401, #4402, #4403 ) );
#2444 = AXIS2_PLACEMENT_3D( '', #4404, #4405, #4406 );
#2445 = SURFACE_SIDE_STYLE( '', ( #4407 ) );
#2446 = EDGE_LOOP( '', ( #4408, #4409, #4410, #4411 ) );
#2447 = AXIS2_PLACEMENT_3D( '', #4412, #4413, #4414 );
#2448 = SURFACE_SIDE_STYLE( '', ( #4415 ) );
#2449 = EDGE_LOOP( '', ( #4416, #4417, #4418, #4419 ) );
#2450 = AXIS2_PLACEMENT_3D( '', #4420, #4421, #4422 );
#2451 = SURFACE_SIDE_STYLE( '', ( #4423 ) );
#2452 = EDGE_LOOP( '', ( #4424, #4425, #4426, #4427 ) );
#2453 = AXIS2_PLACEMENT_3D( '', #4428, #4429, #4430 );
#2454 = SURFACE_SIDE_STYLE( '', ( #4431 ) );
#2455 = EDGE_LOOP( '', ( #4432, #4433, #4434, #4435 ) );
#2456 = AXIS2_PLACEMENT_3D( '', #4436, #4437, #4438 );
#2457 = SURFACE_SIDE_STYLE( '', ( #4439 ) );
#2458 = EDGE_LOOP( '', ( #4440, #4441, #4442, #4443 ) );
#2459 = AXIS2_PLACEMENT_3D( '', #4444, #4445, #4446 );
#2460 = SURFACE_SIDE_STYLE( '', ( #4447 ) );
#2461 = EDGE_LOOP( '', ( #4448, #4449, #4450, #4451 ) );
#2462 = AXIS2_PLACEMENT_3D( '', #4452, #4453, #4454 );
#2463 = SURFACE_SIDE_STYLE( '', ( #4455 ) );
#2464 = EDGE_LOOP( '', ( #4456, #4457, #4458, #4459 ) );
#2465 = AXIS2_PLACEMENT_3D( '', #4460, #4461, #4462 );
#2466 = SURFACE_SIDE_STYLE( '', ( #4463 ) );
#2467 = EDGE_LOOP( '', ( #4464, #4465, #4466, #4467, #4468, #4469, #4470, #4471 ) );
#2468 = AXIS2_PLACEMENT_3D( '', #4472, #4473, #4474 );
#2469 = SURFACE_SIDE_STYLE( '', ( #4475 ) );
#2470 = EDGE_LOOP( '', ( #4476, #4477, #4478, #4479 ) );
#2471 = AXIS2_PLACEMENT_3D( '', #4480, #4481, #4482 );
#2472 = SURFACE_SIDE_STYLE( '', ( #4483 ) );
#2473 = EDGE_LOOP( '', ( #4484, #4485, #4486, #4487, #4488, #4489, #4490, #4491 ) );
#2474 = AXIS2_PLACEMENT_3D( '', #4492, #4493, #4494 );
#2475 = SURFACE_SIDE_STYLE( '', ( #4495 ) );
#2476 = EDGE_LOOP( '', ( #4496, #4497, #4498, #4499, #4500, #4501, #4502, #4503 ) );
#2477 = AXIS2_PLACEMENT_3D( '', #4504, #4505, #4506 );
#2478 = SURFACE_SIDE_STYLE( '', ( #4507 ) );
#2479 = EDGE_LOOP( '', ( #4508, #4509, #4510, #4511 ) );
#2480 = AXIS2_PLACEMENT_3D( '', #4512, #4513, #4514 );
#2481 = SURFACE_SIDE_STYLE( '', ( #4515 ) );
#2482 = EDGE_LOOP( '', ( #4516, #4517, #4518, #4519 ) );
#2483 = AXIS2_PLACEMENT_3D( '', #4520, #4521, #4522 );
#2484 = SURFACE_SIDE_STYLE( '', ( #4523 ) );
#2485 = EDGE_LOOP( '', ( #4524, #4525, #4526, #4527 ) );
#2486 = AXIS2_PLACEMENT_3D( '', #4528, #4529, #4530 );
#2487 = SURFACE_SIDE_STYLE( '', ( #4531 ) );
#2488 = EDGE_LOOP( '', ( #4532, #4533, #4534, #4535, #4536, #4537 ) );
#2489 = EDGE_LOOP( '', ( #4538, #4539, #4540, #4541 ) );
#2490 = AXIS2_PLACEMENT_3D( '', #4542, #4543, #4544 );
#2491 = SURFACE_SIDE_STYLE( '', ( #4545 ) );
#2492 = EDGE_LOOP( '', ( #4546, #4547, #4548, #4549 ) );
#2493 = AXIS2_PLACEMENT_3D( '', #4550, #4551, #4552 );
#2494 = SURFACE_SIDE_STYLE( '', ( #4553 ) );
#2495 = EDGE_LOOP( '', ( #4554, #4555, #4556, #4557 ) );
#2496 = AXIS2_PLACEMENT_3D( '', #4558, #4559, #4560 );
#2497 = SURFACE_SIDE_STYLE( '', ( #4561 ) );
#2498 = EDGE_LOOP( '', ( #4562, #4563, #4564, #4565 ) );
#2499 = AXIS2_PLACEMENT_3D( '', #4566, #4567, #4568 );
#2500 = SURFACE_SIDE_STYLE( '', ( #4569 ) );
#2501 = EDGE_LOOP( '', ( #4570, #4571, #4572, #4573 ) );
#2502 = AXIS2_PLACEMENT_3D( '', #4574, #4575, #4576 );
#2503 = SURFACE_SIDE_STYLE( '', ( #4577 ) );
#2504 = EDGE_LOOP( '', ( #4578, #4579, #4580, #4581, #4582, #4583, #4584, #4585 ) );
#2505 = AXIS2_PLACEMENT_3D( '', #4586, #4587, #4588 );
#2506 = SURFACE_SIDE_STYLE( '', ( #4589 ) );
#2507 = EDGE_LOOP( '', ( #4590, #4591, #4592, #4593 ) );
#2508 = AXIS2_PLACEMENT_3D( '', #4594, #4595, #4596 );
#2509 = SURFACE_SIDE_STYLE( '', ( #4597 ) );
#2510 = EDGE_LOOP( '', ( #4598, #4599, #4600, #4601, #4602, #4603, #4604, #4605 ) );
#2511 = AXIS2_PLACEMENT_3D( '', #4606, #4607, #4608 );
#2512 = SURFACE_SIDE_STYLE( '', ( #4609 ) );
#2513 = EDGE_LOOP( '', ( #4610, #4611, #4612, #4613 ) );
#2514 = AXIS2_PLACEMENT_3D( '', #4614, #4615, #4616 );
#2515 = SURFACE_SIDE_STYLE( '', ( #4617 ) );
#2516 = EDGE_LOOP( '', ( #4618, #4619, #4620, #4621 ) );
#2517 = AXIS2_PLACEMENT_3D( '', #4622, #4623, #4624 );
#2518 = SURFACE_SIDE_STYLE( '', ( #4625 ) );
#2519 = EDGE_LOOP( '', ( #4626, #4627, #4628, #4629 ) );
#2520 = AXIS2_PLACEMENT_3D( '', #4630, #4631, #4632 );
#2521 = SURFACE_SIDE_STYLE( '', ( #4633 ) );
#2522 = EDGE_LOOP( '', ( #4634, #4635, #4636, #4637 ) );
#2523 = AXIS2_PLACEMENT_3D( '', #4638, #4639, #4640 );
#2524 = SURFACE_SIDE_STYLE( '', ( #4641 ) );
#2525 = EDGE_LOOP( '', ( #4642, #4643, #4644, #4645 ) );
#2526 = AXIS2_PLACEMENT_3D( '', #4646, #4647, #4648 );
#2527 = SURFACE_SIDE_STYLE( '', ( #4649 ) );
#2528 = EDGE_LOOP( '', ( #4650, #4651, #4652, #4653 ) );
#2529 = AXIS2_PLACEMENT_3D( '', #4654, #4655, #4656 );
#2530 = SURFACE_SIDE_STYLE( '', ( #4657 ) );
#2531 = EDGE_LOOP( '', ( #4658, #4659, #4660, #4661 ) );
#2532 = AXIS2_PLACEMENT_3D( '', #4662, #4663, #4664 );
#2533 = SURFACE_SIDE_STYLE( '', ( #4665 ) );
#2534 = EDGE_LOOP( '', ( #4666, #4667, #4668, #4669 ) );
#2535 = AXIS2_PLACEMENT_3D( '', #4670, #4671, #4672 );
#2536 = SURFACE_SIDE_STYLE( '', ( #4673 ) );
#2537 = EDGE_LOOP( '', ( #4674, #4675, #4676, #4677 ) );
#2538 = AXIS2_PLACEMENT_3D( '', #4678, #4679, #4680 );
#2539 = SURFACE_SIDE_STYLE( '', ( #4681 ) );
#2540 = EDGE_LOOP( '', ( #4682, #4683, #4684, #4685 ) );
#2541 = AXIS2_PLACEMENT_3D( '', #4686, #4687, #4688 );
#2542 = SURFACE_SIDE_STYLE( '', ( #4689 ) );
#2543 = EDGE_LOOP( '', ( #4690, #4691, #4692, #4693 ) );
#2544 = AXIS2_PLACEMENT_3D( '', #4694, #4695, #4696 );
#2545 = SURFACE_SIDE_STYLE( '', ( #4697 ) );
#2546 = EDGE_LOOP( '', ( #4698, #4699, #4700, #4701 ) );
#2547 = AXIS2_PLACEMENT_3D( '', #4702, #4703, #4704 );
#2548 = SURFACE_SIDE_STYLE( '', ( #4705 ) );
#2549 = EDGE_LOOP( '', ( #4706, #4707, #4708, #4709 ) );
#2550 = AXIS2_PLACEMENT_3D( '', #4710, #4711, #4712 );
#2551 = SURFACE_SIDE_STYLE( '', ( #4713 ) );
#2552 = EDGE_LOOP( '', ( #4714, #4715, #4716, #4717 ) );
#2553 = AXIS2_PLACEMENT_3D( '', #4718, #4719, #4720 );
#2554 = SURFACE_SIDE_STYLE( '', ( #4721 ) );
#2555 = EDGE_LOOP( '', ( #4722, #4723, #4724, #4725 ) );
#2556 = AXIS2_PLACEMENT_3D( '', #4726, #4727, #4728 );
#2557 = SURFACE_SIDE_STYLE( '', ( #4729 ) );
#2558 = EDGE_LOOP( '', ( #4730, #4731, #4732, #4733 ) );
#2559 = AXIS2_PLACEMENT_3D( '', #4734, #4735, #4736 );
#2560 = SURFACE_SIDE_STYLE( '', ( #4737 ) );
#2561 = EDGE_LOOP( '', ( #4738, #4739, #4740, #4741 ) );
#2562 = AXIS2_PLACEMENT_3D( '', #4742, #4743, #4744 );
#2563 = SURFACE_SIDE_STYLE( '', ( #4745 ) );
#2564 = EDGE_LOOP( '', ( #4746, #4747, #4748, #4749 ) );
#2565 = AXIS2_PLACEMENT_3D( '', #4750, #4751, #4752 );
#2566 = SURFACE_SIDE_STYLE( '', ( #4753 ) );
#2567 = EDGE_LOOP( '', ( #4754, #4755, #4756, #4757, #4758, #4759, #4760, #4761, #4762, #4763 ) );
#2568 = AXIS2_PLACEMENT_3D( '', #4764, #4765, #4766 );
#2569 = SURFACE_SIDE_STYLE( '', ( #4767 ) );
#2570 = EDGE_LOOP( '', ( #4768, #4769, #4770, #4771 ) );
#2571 = AXIS2_PLACEMENT_3D( '', #4772, #4773, #4774 );
#2572 = SURFACE_SIDE_STYLE( '', ( #4775 ) );
#2573 = EDGE_LOOP( '', ( #4776, #4777, #4778, #4779 ) );
#2574 = AXIS2_PLACEMENT_3D( '', #4780, #4781, #4782 );
#2575 = SURFACE_SIDE_STYLE( '', ( #4783 ) );
#2576 = EDGE_LOOP( '', ( #4784, #4785, #4786, #4787 ) );
#2577 = AXIS2_PLACEMENT_3D( '', #4788, #4789, #4790 );
#2578 = SURFACE_SIDE_STYLE( '', ( #4791 ) );
#2579 = EDGE_LOOP( '', ( #4792, #4793, #4794, #4795 ) );
#2580 = AXIS2_PLACEMENT_3D( '', #4796, #4797, #4798 );
#2581 = SURFACE_SIDE_STYLE( '', ( #4799 ) );
#2582 = EDGE_LOOP( '', ( #4800, #4801, #4802, #4803 ) );
#2583 = AXIS2_PLACEMENT_3D( '', #4804, #4805, #4806 );
#2584 = SURFACE_SIDE_STYLE( '', ( #4807 ) );
#2585 = EDGE_LOOP( '', ( #4808, #4809, #4810, #4811 ) );
#2586 = AXIS2_PLACEMENT_3D( '', #4812, #4813, #4814 );
#2587 = SURFACE_SIDE_STYLE( '', ( #4815 ) );
#2588 = EDGE_LOOP( '', ( #4816, #4817, #4818, #4819 ) );
#2589 = AXIS2_PLACEMENT_3D( '', #4820, #4821, #4822 );
#2590 = SURFACE_SIDE_STYLE( '', ( #4823 ) );
#2591 = EDGE_LOOP( '', ( #4824, #4825, #4826, #4827 ) );
#2592 = AXIS2_PLACEMENT_3D( '', #4828, #4829, #4830 );
#2593 = SURFACE_SIDE_STYLE( '', ( #4831 ) );
#2594 = EDGE_LOOP( '', ( #4832, #4833, #4834, #4835 ) );
#2595 = AXIS2_PLACEMENT_3D( '', #4836, #4837, #4838 );
#2596 = SURFACE_SIDE_STYLE( '', ( #4839 ) );
#2597 = EDGE_LOOP( '', ( #4840, #4841, #4842, #4843 ) );
#2598 = AXIS2_PLACEMENT_3D( '', #4844, #4845, #4846 );
#2599 = SURFACE_SIDE_STYLE( '', ( #4847 ) );
#2600 = EDGE_LOOP( '', ( #4848, #4849, #4850, #4851 ) );
#2601 = AXIS2_PLACEMENT_3D( '', #4852, #4853, #4854 );
#2602 = SURFACE_SIDE_STYLE( '', ( #4855 ) );
#2603 = EDGE_LOOP( '', ( #4856, #4857, #4858, #4859 ) );
#2604 = AXIS2_PLACEMENT_3D( '', #4860, #4861, #4862 );
#2605 = SURFACE_SIDE_STYLE( '', ( #4863 ) );
#2606 = EDGE_LOOP( '', ( #4864, #4865, #4866, #4867 ) );
#2607 = AXIS2_PLACEMENT_3D( '', #4868, #4869, #4870 );
#2608 = SURFACE_SIDE_STYLE( '', ( #4871 ) );
#2609 = EDGE_LOOP( '', ( #4872, #4873, #4874, #4875 ) );
#2610 = EDGE_LOOP( '', ( #4876, #4877, #4878, #4879, #4880, #4881, #4882, #4883, #4884, #4885, #4886, #4887 ) );
#2611 = EDGE_LOOP( '', ( #4888, #4889, #4890, #4891, #4892, #4893, #4894, #4895, #4896, #4897, #4898, #4899 ) );
#2612 = AXIS2_PLACEMENT_3D( '', #4900, #4901, #4902 );
#2613 = SURFACE_SIDE_STYLE( '', ( #4903 ) );
#2614 = EDGE_LOOP( '', ( #4904, #4905, #4906, #4907 ) );
#2615 = AXIS2_PLACEMENT_3D( '', #4908, #4909, #4910 );
#2616 = SURFACE_SIDE_STYLE( '', ( #4911 ) );
#2617 = EDGE_LOOP( '', ( #4912, #4913, #4914, #4915 ) );
#2618 = AXIS2_PLACEMENT_3D( '', #4916, #4917, #4918 );
#2619 = SURFACE_SIDE_STYLE( '', ( #4919 ) );
#2620 = EDGE_LOOP( '', ( #4920, #4921, #4922, #4923 ) );
#2621 = AXIS2_PLACEMENT_3D( '', #4924, #4925, #4926 );
#2622 = SURFACE_SIDE_STYLE( '', ( #4927 ) );
#2623 = EDGE_LOOP( '', ( #4928, #4929, #4930, #4931 ) );
#2624 = AXIS2_PLACEMENT_3D( '', #4932, #4933, #4934 );
#2625 = SURFACE_SIDE_STYLE( '', ( #4935 ) );
#2626 = EDGE_LOOP( '', ( #4936, #4937, #4938, #4939 ) );
#2627 = AXIS2_PLACEMENT_3D( '', #4940, #4941, #4942 );
#2628 = SURFACE_SIDE_STYLE( '', ( #4943 ) );
#2629 = EDGE_LOOP( '', ( #4944, #4945, #4946, #4947, #4948, #4949, #4950, #4951 ) );
#2630 = AXIS2_PLACEMENT_3D( '', #4952, #4953, #4954 );
#2631 = SURFACE_SIDE_STYLE( '', ( #4955 ) );
#2632 = EDGE_LOOP( '', ( #4956, #4957, #4958, #4959 ) );
#2633 = AXIS2_PLACEMENT_3D( '', #4960, #4961, #4962 );
#2634 = SURFACE_SIDE_STYLE( '', ( #4963 ) );
#2635 = EDGE_LOOP( '', ( #4964, #4965, #4966, #4967 ) );
#2636 = AXIS2_PLACEMENT_3D( '', #4968, #4969, #4970 );
#2637 = SURFACE_SIDE_STYLE( '', ( #4971 ) );
#2638 = EDGE_LOOP( '', ( #4972, #4973, #4974, #4975 ) );
#2639 = AXIS2_PLACEMENT_3D( '', #4976, #4977, #4978 );
#2640 = SURFACE_SIDE_STYLE( '', ( #4979 ) );
#2641 = EDGE_LOOP( '', ( #4980, #4981, #4982, #4983 ) );
#2642 = AXIS2_PLACEMENT_3D( '', #4984, #4985, #4986 );
#2643 = SURFACE_SIDE_STYLE( '', ( #4987 ) );
#2644 = EDGE_LOOP( '', ( #4988, #4989, #4990, #4991 ) );
#2645 = AXIS2_PLACEMENT_3D( '', #4992, #4993, #4994 );
#2646 = SURFACE_SIDE_STYLE( '', ( #4995 ) );
#2647 = EDGE_LOOP( '', ( #4996, #4997, #4998, #4999 ) );
#2648 = AXIS2_PLACEMENT_3D( '', #5000, #5001, #5002 );
#2649 = SURFACE_SIDE_STYLE( '', ( #5003 ) );
#2650 = EDGE_LOOP( '', ( #5004, #5005, #5006, #5007 ) );
#2651 = AXIS2_PLACEMENT_3D( '', #5008, #5009, #5010 );
#2652 = SURFACE_SIDE_STYLE( '', ( #5011 ) );
#2653 = EDGE_LOOP( '', ( #5012, #5013, #5014, #5015 ) );
#2654 = AXIS2_PLACEMENT_3D( '', #5016, #5017, #5018 );
#2655 = SURFACE_SIDE_STYLE( '', ( #5019 ) );
#2656 = EDGE_LOOP( '', ( #5020, #5021, #5022, #5023 ) );
#2657 = AXIS2_PLACEMENT_3D( '', #5024, #5025, #5026 );
#2658 = SURFACE_SIDE_STYLE( '', ( #5027 ) );
#2659 = EDGE_LOOP( '', ( #5028, #5029, #5030, #5031, #5032, #5033, #5034, #5035, #5036, #5037, #5038, #5039, #5040, #5041, #5042, #5043, #5044, #5045, #5046, #5047 ) );
#2660 = AXIS2_PLACEMENT_3D( '', #5048, #5049, #5050 );
#2661 = SURFACE_SIDE_STYLE( '', ( #5051 ) );
#2662 = EDGE_LOOP( '', ( #5052, #5053, #5054, #5055 ) );
#2663 = AXIS2_PLACEMENT_3D( '', #5056, #5057, #5058 );
#2664 = SURFACE_SIDE_STYLE( '', ( #5059 ) );
#2665 = EDGE_LOOP( '', ( #5060, #5061, #5062, #5063 ) );
#2666 = AXIS2_PLACEMENT_3D( '', #5064, #5065, #5066 );
#2667 = SURFACE_SIDE_STYLE( '', ( #5067 ) );
#2668 = EDGE_LOOP( '', ( #5068, #5069, #5070, #5071 ) );
#2669 = AXIS2_PLACEMENT_3D( '', #5072, #5073, #5074 );
#2670 = SURFACE_SIDE_STYLE( '', ( #5075 ) );
#2671 = EDGE_LOOP( '', ( #5076, #5077, #5078, #5079 ) );
#2672 = AXIS2_PLACEMENT_3D( '', #5080, #5081, #5082 );
#2673 = SURFACE_SIDE_STYLE( '', ( #5083 ) );
#2674 = EDGE_LOOP( '', ( #5084, #5085, #5086, #5087 ) );
#2675 = AXIS2_PLACEMENT_3D( '', #5088, #5089, #5090 );
#2676 = SURFACE_SIDE_STYLE( '', ( #5091 ) );
#2677 = EDGE_LOOP( '', ( #5092, #5093, #5094, #5095 ) );
#2678 = AXIS2_PLACEMENT_3D( '', #5096, #5097, #5098 );
#2679 = SURFACE_SIDE_STYLE( '', ( #5099 ) );
#2680 = EDGE_LOOP( '', ( #5100, #5101, #5102, #5103 ) );
#2681 = AXIS2_PLACEMENT_3D( '', #5104, #5105, #5106 );
#2682 = SURFACE_SIDE_STYLE( '', ( #5107 ) );
#2683 = EDGE_LOOP( '', ( #5108, #5109, #5110, #5111 ) );
#2684 = AXIS2_PLACEMENT_3D( '', #5112, #5113, #5114 );
#2685 = SURFACE_SIDE_STYLE( '', ( #5115 ) );
#2686 = EDGE_LOOP( '', ( #5116, #5117, #5118, #5119 ) );
#2687 = AXIS2_PLACEMENT_3D( '', #5120, #5121, #5122 );
#2688 = SURFACE_SIDE_STYLE( '', ( #5123 ) );
#2689 = EDGE_LOOP( '', ( #5124, #5125, #5126, #5127 ) );
#2690 = AXIS2_PLACEMENT_3D( '', #5128, #5129, #5130 );
#2691 = SURFACE_SIDE_STYLE( '', ( #5131 ) );
#2692 = EDGE_LOOP( '', ( #5132, #5133, #5134, #5135 ) );
#2693 = AXIS2_PLACEMENT_3D( '', #5136, #5137, #5138 );
#2694 = SURFACE_SIDE_STYLE( '', ( #5139 ) );
#2695 = EDGE_LOOP( '', ( #5140, #5141, #5142, #5143, #5144, #5145, #5146, #5147, #5148, #5149 ) );
#2696 = AXIS2_PLACEMENT_3D( '', #5150, #5151, #5152 );
#2697 = SURFACE_SIDE_STYLE( '', ( #5153 ) );
#2698 = EDGE_LOOP( '', ( #5154, #5155, #5156, #5157 ) );
#2699 = AXIS2_PLACEMENT_3D( '', #5158, #5159, #5160 );
#2700 = SURFACE_SIDE_STYLE( '', ( #5161 ) );
#2701 = EDGE_LOOP( '', ( #5162, #5163, #5164, #5165 ) );
#2702 = EDGE_LOOP( '', ( #5166, #5167, #5168, #5169, #5170, #5171 ) );
#2703 = EDGE_LOOP( '', ( #5172, #5173, #5174, #5175, #5176, #5177 ) );
#2704 = EDGE_LOOP( '', ( #5178, #5179, #5180, #5181, #5182, #5183 ) );
#2705 = EDGE_LOOP( '', ( #5184, #5185, #5186, #5187, #5188, #5189 ) );
#2706 = EDGE_LOOP( '', ( #5190, #5191, #5192, #5193, #5194, #5195 ) );
#2707 = EDGE_LOOP( '', ( #5196, #5197, #5198, #5199 ) );
#2708 = EDGE_LOOP( '', ( #5200, #5201, #5202, #5203 ) );
#2709 = EDGE_LOOP( '', ( #5204, #5205, #5206, #5207 ) );
#2710 = EDGE_LOOP( '', ( #5208, #5209, #5210, #5211 ) );
#2711 = EDGE_LOOP( '', ( #5212, #5213, #5214, #5215 ) );
#2712 = AXIS2_PLACEMENT_3D( '', #5216, #5217, #5218 );
#2713 = SURFACE_SIDE_STYLE( '', ( #5219 ) );
#2714 = EDGE_LOOP( '', ( #5220, #5221, #5222, #5223 ) );
#2715 = AXIS2_PLACEMENT_3D( '', #5224, #5225, #5226 );
#2716 = SURFACE_SIDE_STYLE( '', ( #5227 ) );
#2717 = EDGE_LOOP( '', ( #5228, #5229, #5230, #5231, #5232, #5233, #5234, #5235 ) );
#2718 = AXIS2_PLACEMENT_3D( '', #5236, #5237, #5238 );
#2719 = SURFACE_SIDE_STYLE( '', ( #5239 ) );
#2720 = EDGE_LOOP( '', ( #5240, #5241, #5242, #5243, #5244, #5245 ) );
#2721 = EDGE_LOOP( '', ( #5246, #5247, #5248, #5249 ) );
#2722 = AXIS2_PLACEMENT_3D( '', #5250, #5251, #5252 );
#2723 = SURFACE_SIDE_STYLE( '', ( #5253 ) );
#2724 = EDGE_LOOP( '', ( #5254, #5255, #5256, #5257, #5258, #5259, #5260, #5261 ) );
#2725 = AXIS2_PLACEMENT_3D( '', #5262, #5263, #5264 );
#2726 = SURFACE_SIDE_STYLE( '', ( #5265 ) );
#2727 = EDGE_LOOP( '', ( #5266, #5267, #5268, #5269 ) );
#2728 = AXIS2_PLACEMENT_3D( '', #5270, #5271, #5272 );
#2729 = SURFACE_SIDE_STYLE( '', ( #5273 ) );
#2730 = EDGE_LOOP( '', ( #5274, #5275, #5276, #5277 ) );
#2731 = AXIS2_PLACEMENT_3D( '', #5278, #5279, #5280 );
#2732 = SURFACE_SIDE_STYLE( '', ( #5281 ) );
#2733 = EDGE_LOOP( '', ( #5282, #5283, #5284, #5285 ) );
#2734 = AXIS2_PLACEMENT_3D( '', #5286, #5287, #5288 );
#2735 = SURFACE_SIDE_STYLE( '', ( #5289 ) );
#2736 = EDGE_LOOP( '', ( #5290, #5291, #5292, #5293 ) );
#2737 = AXIS2_PLACEMENT_3D( '', #5294, #5295, #5296 );
#2738 = SURFACE_SIDE_STYLE( '', ( #5297 ) );
#2739 = EDGE_LOOP( '', ( #5298, #5299, #5300, #5301 ) );
#2740 = AXIS2_PLACEMENT_3D( '', #5302, #5303, #5304 );
#2741 = SURFACE_SIDE_STYLE( '', ( #5305 ) );
#2742 = EDGE_LOOP( '', ( #5306, #5307, #5308, #5309 ) );
#2743 = AXIS2_PLACEMENT_3D( '', #5310, #5311, #5312 );
#2744 = SURFACE_SIDE_STYLE( '', ( #5313 ) );
#2745 = EDGE_LOOP( '', ( #5314, #5315, #5316, #5317 ) );
#2746 = AXIS2_PLACEMENT_3D( '', #5318, #5319, #5320 );
#2747 = SURFACE_SIDE_STYLE( '', ( #5321 ) );
#2748 = EDGE_LOOP( '', ( #5322, #5323, #5324, #5325 ) );
#2749 = AXIS2_PLACEMENT_3D( '', #5326, #5327, #5328 );
#2750 = SURFACE_SIDE_STYLE( '', ( #5329 ) );
#2751 = EDGE_LOOP( '', ( #5330, #5331, #5332, #5333 ) );
#2752 = AXIS2_PLACEMENT_3D( '', #5334, #5335, #5336 );
#2753 = SURFACE_SIDE_STYLE( '', ( #5337 ) );
#2754 = EDGE_LOOP( '', ( #5338, #5339, #5340, #5341 ) );
#2755 = AXIS2_PLACEMENT_3D( '', #5342, #5343, #5344 );
#2756 = SURFACE_SIDE_STYLE( '', ( #5345 ) );
#2757 = EDGE_LOOP( '', ( #5346, #5347, #5348, #5349 ) );
#2758 = AXIS2_PLACEMENT_3D( '', #5350, #5351, #5352 );
#2759 = SURFACE_SIDE_STYLE( '', ( #5353 ) );
#2760 = EDGE_LOOP( '', ( #5354, #5355, #5356, #5357, #5358, #5359, #5360, #5361, #5362, #5363 ) );
#2761 = AXIS2_PLACEMENT_3D( '', #5364, #5365, #5366 );
#2762 = SURFACE_SIDE_STYLE( '', ( #5367 ) );
#2763 = EDGE_LOOP( '', ( #5368, #5369, #5370, #5371 ) );
#2764 = AXIS2_PLACEMENT_3D( '', #5372, #5373, #5374 );
#2765 = SURFACE_SIDE_STYLE( '', ( #5375 ) );
#2766 = EDGE_LOOP( '', ( #5376, #5377, #5378, #5379, #5380, #5381, #5382, #5383 ) );
#2767 = AXIS2_PLACEMENT_3D( '', #5384, #5385, #5386 );
#2768 = SURFACE_SIDE_STYLE( '', ( #5387 ) );
#2769 = EDGE_LOOP( '', ( #5388, #5389, #5390, #5391 ) );
#2770 = AXIS2_PLACEMENT_3D( '', #5392, #5393, #5394 );
#2771 = SURFACE_SIDE_STYLE( '', ( #5395 ) );
#2772 = EDGE_LOOP( '', ( #5396, #5397, #5398, #5399 ) );
#2773 = AXIS2_PLACEMENT_3D( '', #5400, #5401, #5402 );
#2774 = SURFACE_SIDE_STYLE( '', ( #5403 ) );
#2775 = EDGE_LOOP( '', ( #5404, #5405, #5406, #5407 ) );
#2776 = AXIS2_PLACEMENT_3D( '', #5408, #5409, #5410 );
#2777 = SURFACE_SIDE_STYLE( '', ( #5411 ) );
#2778 = EDGE_LOOP( '', ( #5412, #5413, #5414, #5415 ) );
#2779 = AXIS2_PLACEMENT_3D( '', #5416, #5417, #5418 );
#2780 = SURFACE_SIDE_STYLE( '', ( #5419 ) );
#2781 = EDGE_LOOP( '', ( #5420, #5421, #5422, #5423 ) );
#2782 = AXIS2_PLACEMENT_3D( '', #5424, #5425, #5426 );
#2783 = SURFACE_SIDE_STYLE( '', ( #5427 ) );
#2784 = EDGE_LOOP( '', ( #5428, #5429, #5430, #5431, #5432, #5433, #5434, #5435, #5436, #5437, #5438, #5439, #5440, #5441, #5442, #5443, #5444, #5445, #5446, #5447 ) );
#2785 = AXIS2_PLACEMENT_3D( '', #5448, #5449, #5450 );
#2786 = SURFACE_SIDE_STYLE( '', ( #5451 ) );
#2787 = EDGE_LOOP( '', ( #5452, #5453, #5454, #5455 ) );
#2788 = AXIS2_PLACEMENT_3D( '', #5456, #5457, #5458 );
#2789 = SURFACE_SIDE_STYLE( '', ( #5459 ) );
#2790 = EDGE_LOOP( '', ( #5460, #5461, #5462, #5463 ) );
#2791 = AXIS2_PLACEMENT_3D( '', #5464, #5465, #5466 );
#2792 = SURFACE_SIDE_STYLE( '', ( #5467 ) );
#2793 = EDGE_LOOP( '', ( #5468, #5469, #5470, #5471 ) );
#2794 = AXIS2_PLACEMENT_3D( '', #5472, #5473, #5474 );
#2795 = SURFACE_SIDE_STYLE( '', ( #5475 ) );
#2796 = EDGE_LOOP( '', ( #5476, #5477, #5478, #5479, #5480, #5481, #5482, #5483 ) );
#2797 = AXIS2_PLACEMENT_3D( '', #5484, #5485, #5486 );
#2798 = SURFACE_SIDE_STYLE( '', ( #5487 ) );
#2799 = EDGE_LOOP( '', ( #5488, #5489, #5490, #5491 ) );
#2800 = AXIS2_PLACEMENT_3D( '', #5492, #5493, #5494 );
#2801 = SURFACE_SIDE_STYLE( '', ( #5495 ) );
#2802 = EDGE_LOOP( '', ( #5496, #5497, #5498, #5499 ) );
#2803 = AXIS2_PLACEMENT_3D( '', #5500, #5501, #5502 );
#2804 = SURFACE_SIDE_STYLE( '', ( #5503 ) );
#2805 = EDGE_LOOP( '', ( #5504, #5505, #5506, #5507 ) );
#2806 = AXIS2_PLACEMENT_3D( '', #5508, #5509, #5510 );
#2807 = SURFACE_SIDE_STYLE( '', ( #5511 ) );
#2808 = EDGE_LOOP( '', ( #5512, #5513, #5514, #5515 ) );
#2809 = AXIS2_PLACEMENT_3D( '', #5516, #5517, #5518 );
#2810 = SURFACE_SIDE_STYLE( '', ( #5519 ) );
#2811 = EDGE_LOOP( '', ( #5520, #5521, #5522, #5523 ) );
#2812 = AXIS2_PLACEMENT_3D( '', #5524, #5525, #5526 );
#2813 = SURFACE_SIDE_STYLE( '', ( #5527 ) );
#2814 = EDGE_LOOP( '', ( #5528, #5529, #5530, #5531 ) );
#2815 = AXIS2_PLACEMENT_3D( '', #5532, #5533, #5534 );
#2816 = SURFACE_SIDE_STYLE( '', ( #5535 ) );
#2817 = EDGE_LOOP( '', ( #5536, #5537, #5538, #5539, #5540, #5541, #5542, #5543, #5544, #5545 ) );
#2818 = AXIS2_PLACEMENT_3D( '', #5546, #5547, #5548 );
#2819 = SURFACE_SIDE_STYLE( '', ( #5549 ) );
#2820 = EDGE_LOOP( '', ( #5550, #5551, #5552, #5553 ) );
#2821 = AXIS2_PLACEMENT_3D( '', #5554, #5555, #5556 );
#2822 = SURFACE_SIDE_STYLE( '', ( #5557 ) );
#2823 = EDGE_LOOP( '', ( #5558, #5559, #5560, #5561 ) );
#2824 = EDGE_LOOP( '', ( #5562, #5563, #5564, #5565 ) );
#2825 = AXIS2_PLACEMENT_3D( '', #5566, #5567, #5568 );
#2826 = SURFACE_SIDE_STYLE( '', ( #5569 ) );
#2827 = EDGE_LOOP( '', ( #5570, #5571, #5572, #5573 ) );
#2828 = AXIS2_PLACEMENT_3D( '', #5574, #5575, #5576 );
#2829 = SURFACE_SIDE_STYLE( '', ( #5577 ) );
#2830 = EDGE_LOOP( '', ( #5578, #5579, #5580, #5581, #5582, #5583, #5584, #5585 ) );
#2831 = AXIS2_PLACEMENT_3D( '', #5586, #5587, #5588 );
#2832 = SURFACE_SIDE_STYLE( '', ( #5589 ) );
#2833 = EDGE_LOOP( '', ( #5590, #5591, #5592, #5593 ) );
#2834 = AXIS2_PLACEMENT_3D( '', #5594, #5595, #5596 );
#2835 = SURFACE_SIDE_STYLE( '', ( #5597 ) );
#2836 = EDGE_LOOP( '', ( #5598, #5599, #5600, #5601 ) );
#2837 = AXIS2_PLACEMENT_3D( '', #5602, #5603, #5604 );
#2838 = SURFACE_SIDE_STYLE( '', ( #5605 ) );
#2839 = EDGE_LOOP( '', ( #5606, #5607, #5608, #5609, #5610, #5611, #5612, #5613 ) );
#2840 = AXIS2_PLACEMENT_3D( '', #5614, #5615, #5616 );
#2841 = SURFACE_SIDE_STYLE( '', ( #5617 ) );
#2842 = EDGE_LOOP( '', ( #5618, #5619, #5620, #5621 ) );
#2843 = AXIS2_PLACEMENT_3D( '', #5622, #5623, #5624 );
#2844 = SURFACE_SIDE_STYLE( '', ( #5625 ) );
#2845 = EDGE_LOOP( '', ( #5626, #5627, #5628, #5629 ) );
#2846 = AXIS2_PLACEMENT_3D( '', #5630, #5631, #5632 );
#2847 = SURFACE_SIDE_STYLE( '', ( #5633 ) );
#2848 = EDGE_LOOP( '', ( #5634, #5635, #5636, #5637 ) );
#2849 = AXIS2_PLACEMENT_3D( '', #5638, #5639, #5640 );
#2850 = SURFACE_SIDE_STYLE( '', ( #5641 ) );
#2851 = EDGE_LOOP( '', ( #5642, #5643, #5644, #5645 ) );
#2852 = AXIS2_PLACEMENT_3D( '', #5646, #5647, #5648 );
#2853 = SURFACE_SIDE_STYLE( '', ( #5649 ) );
#2854 = EDGE_LOOP( '', ( #5650, #5651, #5652, #5653 ) );
#2855 = AXIS2_PLACEMENT_3D( '', #5654, #5655, #5656 );
#2856 = SURFACE_SIDE_STYLE( '', ( #5657 ) );
#2857 = EDGE_LOOP( '', ( #5658, #5659, #5660, #5661 ) );
#2858 = AXIS2_PLACEMENT_3D( '', #5662, #5663, #5664 );
#2859 = SURFACE_SIDE_STYLE( '', ( #5665 ) );
#2860 = EDGE_LOOP( '', ( #5666, #5667, #5668, #5669 ) );
#2861 = AXIS2_PLACEMENT_3D( '', #5670, #5671, #5672 );
#2862 = SURFACE_SIDE_STYLE( '', ( #5673 ) );
#2863 = EDGE_LOOP( '', ( #5674, #5675, #5676, #5677, #5678, #5679, #5680, #5681 ) );
#2864 = AXIS2_PLACEMENT_3D( '', #5682, #5683, #5684 );
#2865 = SURFACE_SIDE_STYLE( '', ( #5685 ) );
#2866 = EDGE_LOOP( '', ( #5686, #5687, #5688, #5689 ) );
#2867 = AXIS2_PLACEMENT_3D( '', #5690, #5691, #5692 );
#2868 = SURFACE_SIDE_STYLE( '', ( #5693 ) );
#2869 = EDGE_LOOP( '', ( #5694, #5695, #5696, #5697 ) );
#2870 = AXIS2_PLACEMENT_3D( '', #5698, #5699, #5700 );
#2871 = SURFACE_SIDE_STYLE( '', ( #5701 ) );
#2872 = EDGE_LOOP( '', ( #5702, #5703, #5704, #5705 ) );
#2873 = AXIS2_PLACEMENT_3D( '', #5706, #5707, #5708 );
#2874 = SURFACE_SIDE_STYLE( '', ( #5709 ) );
#2875 = EDGE_LOOP( '', ( #5710, #5711, #5712, #5713 ) );
#2876 = AXIS2_PLACEMENT_3D( '', #5714, #5715, #5716 );
#2877 = SURFACE_SIDE_STYLE( '', ( #5717 ) );
#2878 = EDGE_LOOP( '', ( #5718, #5719, #5720, #5721 ) );
#2879 = AXIS2_PLACEMENT_3D( '', #5722, #5723, #5724 );
#2880 = SURFACE_SIDE_STYLE( '', ( #5725 ) );
#2881 = EDGE_LOOP( '', ( #5726, #5727, #5728, #5729 ) );
#2882 = AXIS2_PLACEMENT_3D( '', #5730, #5731, #5732 );
#2883 = SURFACE_SIDE_STYLE( '', ( #5733 ) );
#2884 = EDGE_LOOP( '', ( #5734, #5735, #5736, #5737 ) );
#2885 = AXIS2_PLACEMENT_3D( '', #5738, #5739, #5740 );
#2886 = SURFACE_SIDE_STYLE( '', ( #5741 ) );
#2887 = EDGE_LOOP( '', ( #5742, #5743, #5744, #5745 ) );
#2888 = AXIS2_PLACEMENT_3D( '', #5746, #5747, #5748 );
#2889 = SURFACE_SIDE_STYLE( '', ( #5749 ) );
#2890 = EDGE_LOOP( '', ( #5750, #5751, #5752, #5753, #5754, #5755, #5756, #5757, #5758, #5759, #5760, #5761, #5762, #5763, #5764, #5765, #5766, #5767, #5768, #5769 ) );
#2891 = AXIS2_PLACEMENT_3D( '', #5770, #5771, #5772 );
#2892 = SURFACE_SIDE_STYLE( '', ( #5773 ) );
#2893 = EDGE_LOOP( '', ( #5774, #5775, #5776, #5777 ) );
#2894 = AXIS2_PLACEMENT_3D( '', #5778, #5779, #5780 );
#2895 = SURFACE_SIDE_STYLE( '', ( #5781 ) );
#2896 = EDGE_LOOP( '', ( #5782, #5783, #5784, #5785 ) );
#2897 = AXIS2_PLACEMENT_3D( '', #5786, #5787, #5788 );
#2898 = SURFACE_SIDE_STYLE( '', ( #5789 ) );
#2899 = EDGE_LOOP( '', ( #5790, #5791, #5792, #5793 ) );
#2900 = AXIS2_PLACEMENT_3D( '', #5794, #5795, #5796 );
#2901 = SURFACE_SIDE_STYLE( '', ( #5797 ) );
#2902 = EDGE_LOOP( '', ( #5798, #5799, #5800, #5801 ) );
#2903 = AXIS2_PLACEMENT_3D( '', #5802, #5803, #5804 );
#2904 = SURFACE_SIDE_STYLE( '', ( #5805 ) );
#2905 = EDGE_LOOP( '', ( #5806, #5807, #5808, #5809 ) );
#2906 = AXIS2_PLACEMENT_3D( '', #5810, #5811, #5812 );
#2907 = SURFACE_SIDE_STYLE( '', ( #5813 ) );
#2908 = EDGE_LOOP( '', ( #5814, #5815, #5816, #5817 ) );
#2909 = AXIS2_PLACEMENT_3D( '', #5818, #5819, #5820 );
#2910 = SURFACE_SIDE_STYLE( '', ( #5821 ) );
#2911 = EDGE_LOOP( '', ( #5822, #5823, #5824, #5825 ) );
#2912 = AXIS2_PLACEMENT_3D( '', #5826, #5827, #5828 );
#2913 = SURFACE_SIDE_STYLE( '', ( #5829 ) );
#2914 = EDGE_LOOP( '', ( #5830, #5831, #5832, #5833 ) );
#2915 = AXIS2_PLACEMENT_3D( '', #5834, #5835, #5836 );
#2916 = SURFACE_SIDE_STYLE( '', ( #5837 ) );
#2917 = EDGE_LOOP( '', ( #5838, #5839, #5840, #5841 ) );
#2918 = AXIS2_PLACEMENT_3D( '', #5842, #5843, #5844 );
#2919 = SURFACE_SIDE_STYLE( '', ( #5845 ) );
#2920 = EDGE_LOOP( '', ( #5846, #5847, #5848, #5849, #5850, #5851, #5852, #5853, #5854, #5855 ) );
#2921 = AXIS2_PLACEMENT_3D( '', #5856, #5857, #5858 );
#2922 = SURFACE_SIDE_STYLE( '', ( #5859 ) );
#2923 = EDGE_LOOP( '', ( #5860, #5861, #5862, #5863 ) );
#2924 = AXIS2_PLACEMENT_3D( '', #5864, #5865, #5866 );
#2925 = SURFACE_SIDE_STYLE( '', ( #5867 ) );
#2926 = EDGE_LOOP( '', ( #5868, #5869, #5870, #5871, #5872, #5873, #5874, #5875, #5876, #5877 ) );
#2927 = AXIS2_PLACEMENT_3D( '', #5878, #5879, #5880 );
#2928 = SURFACE_SIDE_STYLE( '', ( #5881 ) );
#2929 = EDGE_LOOP( '', ( #5882, #5883, #5884, #5885, #5886, #5887, #5888, #5889, #5890, #5891 ) );
#2930 = AXIS2_PLACEMENT_3D( '', #5892, #5893, #5894 );
#2931 = SURFACE_SIDE_STYLE( '', ( #5895 ) );
#2932 = EDGE_LOOP( '', ( #5896, #5897, #5898, #5899, #5900, #5901, #5902, #5903, #5904, #5905 ) );
#2933 = AXIS2_PLACEMENT_3D( '', #5906, #5907, #5908 );
#2934 = SURFACE_SIDE_STYLE( '', ( #5909 ) );
#2935 = EDGE_LOOP( '', ( #5910, #5911, #5912, #5913 ) );
#2936 = AXIS2_PLACEMENT_3D( '', #5914, #5915, #5916 );
#2937 = SURFACE_SIDE_STYLE( '', ( #5917 ) );
#2938 = EDGE_LOOP( '', ( #5918, #5919, #5920, #5921 ) );
#2939 = AXIS2_PLACEMENT_3D( '', #5922, #5923, #5924 );
#2940 = SURFACE_SIDE_STYLE( '', ( #5925 ) );
#2941 = EDGE_LOOP( '', ( #5926, #5927, #5928, #5929 ) );
#2942 = AXIS2_PLACEMENT_3D( '', #5930, #5931, #5932 );
#2943 = SURFACE_SIDE_STYLE( '', ( #5933 ) );
#2944 = EDGE_LOOP( '', ( #5934, #5935, #5936, #5937 ) );
#2945 = EDGE_LOOP( '', ( #5938, #5939, #5940, #5941 ) );
#2946 = AXIS2_PLACEMENT_3D( '', #5942, #5943, #5944 );
#2948 =  ( LENGTH_UNIT(  )NAMED_UNIT( #1985 )SI_UNIT( .MILLI., .METRE. ) );
#2949 = SURFACE_STYLE_FILL_AREA( #5946 );
#2950 = ORIENTED_EDGE( '', *, *, #5947, .T. );
#2951 = ORIENTED_EDGE( '', *, *, #5948, .F. );
#2952 = ORIENTED_EDGE( '', *, *, #5949, .T. );
#2953 = ORIENTED_EDGE( '', *, *, #5950, .T. );
#2954 = CARTESIAN_POINT( '', ( 0.0600000000000000, 0.0200000000000000, 0.250000000000000 ) );
#2955 = DIRECTION( '', ( 1.00000000000000, 0.000000000000000, -0.000000000000000 ) );
#2956 = DIRECTION( '', ( -0.000000000000000, 0.000000000000000, -1.00000000000000 ) );
#2957 = SURFACE_STYLE_FILL_AREA( #5951 );
#2958 = ORIENTED_EDGE( '', *, *, #5952, .F. );
#2959 = ORIENTED_EDGE( '', *, *, #5953, .T. );
#2960 = ORIENTED_EDGE( '', *, *, #5954, .F. );
#2961 = ORIENTED_EDGE( '', *, *, #5955, .F. );
#2962 = CARTESIAN_POINT( '', ( 0.215500000000000, 0.0120000000000000, 0.197500000000000 ) );
#2963 = DIRECTION( '', ( 0.000000000000000, 0.000000000000000, -1.00000000000000 ) );
#2964 = DIRECTION( '', ( -1.00000000000000, 0.000000000000000, 0.000000000000000 ) );
#2965 = SURFACE_STYLE_FILL_AREA( #5956 );
#2966 = ORIENTED_EDGE( '', *, *, #5957, .F. );
#2967 = ORIENTED_EDGE( '', *, *, #5958, .T. );
#2968 = ORIENTED_EDGE( '', *, *, #5959, .F. );
#2969 = ORIENTED_EDGE( '', *, *, #5960, .T. );
#2970 = ORIENTED_EDGE( '', *, *, #5961, .F. );
#2971 = ORIENTED_EDGE( '', *, *, #5962, .F. );
#2972 = ORIENTED_EDGE( '', *, *, #5963, .T. );
#2973 = ORIENTED_EDGE( '', *, *, #5964, .T. );
#2974 = CARTESIAN_POINT( '', ( 0.0155000000000000, 0.335000000000000, 0.0655000000000000 ) );
#2975 = DIRECTION( '', ( -1.00000000000000, 0.000000000000000, 0.000000000000000 ) );
#2976 = DIRECTION( '', ( 0.000000000000000, 0.000000000000000, 1.00000000000000 ) );
#2977 = SURFACE_STYLE_FILL_AREA( #5965 );
#2978 = ORIENTED_EDGE( '', *, *, #5966, .T. );
#2979 = ORIENTED_EDGE( '', *, *, #5967, .F. );
#2980 = ORIENTED_EDGE( '', *, *, #5968, .F. );
#2981 = ORIENTED_EDGE( '', *, *, #5969, .T. );
#2982 = CARTESIAN_POINT( '', ( -0.240000000000000, 0.185000000000000, -0.0174817400000000 ) );
#2983 = DIRECTION( '', ( 0.000000000000000, 0.0157073173118207, 0.999876632481661 ) );
#2984 = DIRECTION( '', ( 0.000000000000000, -0.999876632481661, 0.0157073173118207 ) );
#2985 = SURFACE_STYLE_FILL_AREA( #5970 );
#2986 = ORIENTED_EDGE( '', *, *, #5971, .F. );
#2987 = ORIENTED_EDGE( '', *, *, #5972, .T. );
#2988 = ORIENTED_EDGE( '', *, *, #5973, .F. );
#2989 = ORIENTED_EDGE( '', *, *, #5974, .F. );
#2990 = CARTESIAN_POINT( '', ( 0.215500000000000, 0.0160000000000000, 0.193500000000000 ) );
#2991 = DIRECTION( '', ( 0.000000000000000, -0.707106781186548, -0.707106781186547 ) );
#2992 = DIRECTION( '', ( 0.000000000000000, 0.707106781186547, -0.707106781186548 ) );
#2993 = SURFACE_STYLE_FILL_AREA( #5975 );
#2994 = ORIENTED_EDGE( '', *, *, #5976, .T. );
#2995 = ORIENTED_EDGE( '', *, *, #5977, .F. );
#2996 = ORIENTED_EDGE( '', *, *, #5978, .F. );
#2997 = ORIENTED_EDGE( '', *, *, #5979, .T. );
#2998 = CARTESIAN_POINT( '', ( -0.0600000000000000, 0.185000000000000, 0.0675182600000000 ) );
#2999 = DIRECTION( '', ( 0.999876632481661, 0.0157073173118207, 0.000000000000000 ) );
#3000 = DIRECTION( '', ( -0.0157073173118207, 0.999876632481661, 0.000000000000000 ) );
#3001 = SURFACE_STYLE_FILL_AREA( #5980 );
#3002 = ORIENTED_EDGE( '', *, *, #5981, .F. );
#3003 = ORIENTED_EDGE( '', *, *, #5982, .T. );
#3004 = ORIENTED_EDGE( '', *, *, #5983, .F. );
#3005 = ORIENTED_EDGE( '', *, *, #5984, .F. );
#3006 = CARTESIAN_POINT( '', ( 0.0330000000000000, 0.300000000000000, -0.0605000000000000 ) );
#3007 = DIRECTION( '', ( 0.000000000000000, -0.000000000000000, 1.00000000000000 ) );
#3008 = DIRECTION( '', ( 1.00000000000000, 0.000000000000000, -0.000000000000000 ) );
#3009 = SURFACE_STYLE_FILL_AREA( #5985 );
#3010 = ORIENTED_EDGE( '', *, *, #5986, .F. );
#3011 = ORIENTED_EDGE( '', *, *, #5987, .F. );
#3012 = ORIENTED_EDGE( '', *, *, #5988, .F. );
#3013 = ORIENTED_EDGE( '', *, *, #5989, .T. );
#3014 = CARTESIAN_POINT( '', ( 0.215500000000000, 0.0160000000000000, 0.0780000000000000 ) );
#3015 = DIRECTION( '', ( 0.000000000000000, -1.00000000000000, 0.000000000000000 ) );
#3016 = DIRECTION( '', ( 0.000000000000000, 0.000000000000000, -1.00000000000000 ) );
#3017 = SURFACE_STYLE_FILL_AREA( #5990 );
#3018 = ORIENTED_EDGE( '', *, *, #5991, .T. );
#3019 = ORIENTED_EDGE( '', *, *, #5992, .F. );
#3020 = ORIENTED_EDGE( '', *, *, #5993, .T. );
#3021 = ORIENTED_EDGE( '', *, *, #5994, .T. );
#3022 = ORIENTED_EDGE( '', *, *, #5952, .T. );
#3023 = ORIENTED_EDGE( '', *, *, #5995, .T. );
#3024 = ORIENTED_EDGE( '', *, *, #5996, .T. );
#3025 = ORIENTED_EDGE( '', *, *, #5997, .T. );
#3026 = ORIENTED_EDGE( '', *, *, #5998, .T. );
#3027 = ORIENTED_EDGE( '', *, *, #5999, .F. );
#3028 = CARTESIAN_POINT( '', ( 0.115500000000000, 0.0930000000000000, 5.00000000000000 ) );
#3029 = DIRECTION( '', ( 1.00000000000000, 0.000000000000000, -0.000000000000000 ) );
#3030 = DIRECTION( '', ( -0.000000000000000, 0.000000000000000, -1.00000000000000 ) );
#3031 = SURFACE_STYLE_FILL_AREA( #6000 );
#3032 = ORIENTED_EDGE( '', *, *, #6001, .F. );
#3033 = ORIENTED_EDGE( '', *, *, #6002, .T. );
#3034 = ORIENTED_EDGE( '', *, *, #6003, .F. );
#3035 = ORIENTED_EDGE( '', *, *, #6004, .F. );
#3036 = CARTESIAN_POINT( '', ( 0.215500000000000, -0.0880000000000000, 0.197500000000000 ) );
#3037 = DIRECTION( '', ( 0.000000000000000, 0.000000000000000, -1.00000000000000 ) );
#3038 = DIRECTION( '', ( -1.00000000000000, 0.000000000000000, 0.000000000000000 ) );
#3039 = SURFACE_STYLE_FILL_AREA( #6005 );
#3040 = ORIENTED_EDGE( '', *, *, #6006, .T. );
#3041 = ORIENTED_EDGE( '', *, *, #6007, .F. );
#3042 = ORIENTED_EDGE( '', *, *, #6008, .F. );
#3043 = ORIENTED_EDGE( '', *, *, #6009, .F. );
#3044 = CARTESIAN_POINT( '', ( 0.100000000000000, 0.300000000000000, 0.000000000000000 ) );
#3045 = DIRECTION( '', ( 0.000000000000000, 1.00000000000000, -0.000000000000000 ) );
#3046 = DIRECTION( '', ( 0.000000000000000, 0.000000000000000, 1.00000000000000 ) );
#3047 = SURFACE_STYLE_FILL_AREA( #6010 );
#3048 = ORIENTED_EDGE( '', *, *, #6011, .T. );
#3049 = ORIENTED_EDGE( '', *, *, #6012, .F. );
#3050 = ORIENTED_EDGE( '', *, *, #6013, .T. );
#3051 = ORIENTED_EDGE( '', *, *, #6014, .F. );
#3052 = ORIENTED_EDGE( '', *, *, #6015, .T. );
#3053 = ORIENTED_EDGE( '', *, *, #6016, .T. );
#3054 = ORIENTED_EDGE( '', *, *, #6017, .T. );
#3055 = ORIENTED_EDGE( '', *, *, #6018, .T. );
#3056 = ORIENTED_EDGE( '', *, *, #6019, .T. );
#3057 = ORIENTED_EDGE( '', *, *, #6020, .T. );
#3058 = CARTESIAN_POINT( '', ( -0.184500000000000, 0.0930000000000000, 5.00000000000000 ) );
#3059 = DIRECTION( '', ( 1.00000000000000, 0.000000000000000, -0.000000000000000 ) );
#3060 = DIRECTION( '', ( -0.000000000000000, 0.000000000000000, -1.00000000000000 ) );
#3061 = SURFACE_STYLE_FILL_AREA( #6021 );
#3062 = ORIENTED_EDGE( '', *, *, #6022, .F. );
#3063 = ORIENTED_EDGE( '', *, *, #6023, .T. );
#3064 = ORIENTED_EDGE( '', *, *, #6024, .F. );
#3065 = ORIENTED_EDGE( '', *, *, #6025, .F. );
#3066 = CARTESIAN_POINT( '', ( 0.215500000000000, 0.00400000000000000, 0.197500000000000 ) );
#3067 = DIRECTION( '', ( 0.000000000000000, 0.707106781186548, -0.707106781186547 ) );
#3068 = DIRECTION( '', ( 0.000000000000000, 0.707106781186546, 0.707106781186548 ) );
#3069 = SURFACE_STYLE_FILL_AREA( #6026 );
#3070 = ORIENTED_EDGE( '', *, *, #6027, .T. );
#3071 = ORIENTED_EDGE( '', *, *, #6028, .F. );
#3072 = ORIENTED_EDGE( '', *, *, #6029, .F. );
#3073 = ORIENTED_EDGE( '', *, *, #6030, .T. );
#3074 = CARTESIAN_POINT( '', ( 0.0400000000000000, 0.185000000000000, 0.0675182600000000 ) );
#3075 = DIRECTION( '', ( 0.999876632481661, 0.0157073173118207, 0.000000000000000 ) );
#3076 = DIRECTION( '', ( -0.0157073173118207, 0.999876632481661, 0.000000000000000 ) );
#3077 = SURFACE_STYLE_FILL_AREA( #6031 );
#3078 = ORIENTED_EDGE( '', *, *, #6032, .F. );
#3079 = ORIENTED_EDGE( '', *, *, #6033, .T. );
#3080 = ORIENTED_EDGE( '', *, *, #6034, .F. );
#3081 = ORIENTED_EDGE( '', *, *, #6035, .F. );
#3082 = CARTESIAN_POINT( '', ( 0.167000000000000, 0.300000000000000, 0.0605000000000000 ) );
#3083 = DIRECTION( '', ( 0.000000000000000, 0.000000000000000, -1.00000000000000 ) );
#3084 = DIRECTION( '', ( -1.00000000000000, 0.000000000000000, 0.000000000000000 ) );
#3085 = SURFACE_STYLE_FILL_AREA( #6036 );
#3086 = ORIENTED_EDGE( '', *, *, #6037, .T. );
#3087 = ORIENTED_EDGE( '', *, *, #6038, .F. );
#3088 = ORIENTED_EDGE( '', *, *, #6039, .F. );
#3089 = ORIENTED_EDGE( '', *, *, #6040, .T. );
#3090 = CARTESIAN_POINT( '', ( -0.140000000000000, 0.185000000000000, -0.0825182600000000 ) );
#3091 = DIRECTION( '', ( -0.999876632481661, 0.0157073173118207, 0.000000000000000 ) );
#3092 = DIRECTION( '', ( -0.0157073173118207, -0.999876632481661, 0.000000000000000 ) );
#3093 = SURFACE_STYLE_FILL_AREA( #6041 );
#3094 = ORIENTED_EDGE( '', *, *, #6042, .T. );
#3095 = ORIENTED_EDGE( '', *, *, #6043, .F. );
#3096 = ORIENTED_EDGE( '', *, *, #6044, .F. );
#3097 = ORIENTED_EDGE( '', *, *, #6045, .T. );
#3098 = CARTESIAN_POINT( '', ( 0.225000000000000, 0.185000000000000, 0.0675182600000000 ) );
#3099 = DIRECTION( '', ( -0.000000000000000, -1.00000000000000, -0.000000000000000 ) );
#3100 = DIRECTION( '', ( 1.00000000000000, 0.000000000000000, 0.000000000000000 ) );
#3101 = SURFACE_STYLE_FILL_AREA( #6046 );
#3102 = ORIENTED_EDGE( '', *, *, #6047, .T. );
#3103 = ORIENTED_EDGE( '', *, *, #6048, .T. );
#3104 = ORIENTED_EDGE( '', *, *, #6049, .T. );
#3105 = ORIENTED_EDGE( '', *, *, #6050, .T. );
#3106 = ORIENTED_EDGE( '', *, *, #6051, .F. );
#3107 = ORIENTED_EDGE( '', *, *, #6052, .F. );
#3108 = ORIENTED_EDGE( '', *, *, #6053, .F. );
#3109 = ORIENTED_EDGE( '', *, *, #6054, .F. );
#3110 = CARTESIAN_POINT( '', ( 0.400000000000000, 0.335000000000000, 0.000000000000000 ) );
#3111 = DIRECTION( '', ( 0.000000000000000, 1.00000000000000, 0.000000000000000 ) );
#3112 = DIRECTION( '', ( 0.000000000000000, -0.000000000000000, 1.00000000000000 ) );
#3113 = SURFACE_STYLE_FILL_AREA( #6055 );
#3114 = ORIENTED_EDGE( '', *, *, #6056, .F. );
#3115 = ORIENTED_EDGE( '', *, *, #6057, .T. );
#3116 = ORIENTED_EDGE( '', *, *, #6058, .T. );
#3117 = ORIENTED_EDGE( '', *, *, #6059, .F. );
#3118 = CARTESIAN_POINT( '', ( -0.0845000000000000, 0.335000000000000, 0.0345000000000000 ) );
#3119 = DIRECTION( '', ( 0.000000000000000, -0.000000000000000, 1.00000000000000 ) );
#3120 = DIRECTION( '', ( 1.00000000000000, 0.000000000000000, -0.000000000000000 ) );
#3121 = SURFACE_STYLE_FILL_AREA( #6060 );
#3122 = ORIENTED_EDGE( '', *, *, #6061, .T. );
#3123 = ORIENTED_EDGE( '', *, *, #6062, .F. );
#3124 = ORIENTED_EDGE( '', *, *, #6063, .F. );
#3125 = ORIENTED_EDGE( '', *, *, #6064, .T. );
#3126 = CARTESIAN_POINT( '', ( 0.175000000000000, 0.185000000000000, 0.0675182600000000 ) );
#3127 = DIRECTION( '', ( -0.000000000000000, -1.00000000000000, -0.000000000000000 ) );
#3128 = DIRECTION( '', ( 1.00000000000000, 0.000000000000000, 0.000000000000000 ) );
#3129 = SURFACE_STYLE_FILL_AREA( #6065 );
#3130 = ORIENTED_EDGE( '', *, *, #6066, .F. );
#3131 = ORIENTED_EDGE( '', *, *, #6067, .F. );
#3132 = ORIENTED_EDGE( '', *, *, #6068, .F. );
#3133 = ORIENTED_EDGE( '', *, *, #6069, .F. );
#3134 = CARTESIAN_POINT( '', ( 0.000000000000000, 0.000000000000000, -0.000000000000000 ) );
#3135 = DIRECTION( '', ( 0.000000000000000, 1.00000000000000, -0.000000000000000 ) );
#3136 = DIRECTION( '', ( 0.000000000000000, 0.000000000000000, 1.00000000000000 ) );
#3137 = SURFACE_STYLE_FILL_AREA( #6070 );
#3138 = ORIENTED_EDGE( '', *, *, #6071, .F. );
#3139 = ORIENTED_EDGE( '', *, *, #6072, .T. );
#3140 = ORIENTED_EDGE( '', *, *, #6073, .T. );
#3141 = ORIENTED_EDGE( '', *, *, #6074, .F. );
#3142 = CARTESIAN_POINT( '', ( 0.0670000000000000, 0.300000000000000, -0.0605000000000000 ) );
#3143 = DIRECTION( '', ( 1.00000000000000, 0.000000000000000, 0.000000000000000 ) );
#3144 = DIRECTION( '', ( 0.000000000000000, 0.000000000000000, -1.00000000000000 ) );
#3145 = SURFACE_STYLE_FILL_AREA( #6075 );
#3146 = ORIENTED_EDGE( '', *, *, #6076, .F. );
#3147 = ORIENTED_EDGE( '', *, *, #6077, .T. );
#3148 = ORIENTED_EDGE( '', *, *, #6078, .F. );
#3149 = ORIENTED_EDGE( '', *, *, #5972, .F. );
#3150 = CARTESIAN_POINT( '', ( 0.215500000000000, 0.0160000000000000, 0.0780000000000000 ) );
#3151 = DIRECTION( '', ( 0.000000000000000, -1.00000000000000, 0.000000000000000 ) );
#3152 = DIRECTION( '', ( 0.000000000000000, 0.000000000000000, -1.00000000000000 ) );
#3153 = SURFACE_STYLE_FILL_AREA( #6079 );
#3154 = ORIENTED_EDGE( '', *, *, #6080, .F. );
#3155 = ORIENTED_EDGE( '', *, *, #6081, .T. );
#3156 = ORIENTED_EDGE( '', *, *, #6082, .F. );
#3157 = ORIENTED_EDGE( '', *, *, #6083, .F. );
#3158 = CARTESIAN_POINT( '', ( -0.0330000000000000, 0.300000000000000, -0.0395000000000000 ) );
#3159 = DIRECTION( '', ( 0.000000000000000, 0.000000000000000, -1.00000000000000 ) );
#3160 = DIRECTION( '', ( -1.00000000000000, 0.000000000000000, 0.000000000000000 ) );
#3161 = SURFACE_STYLE_FILL_AREA( #6084 );
#3162 = ORIENTED_EDGE( '', *, *, #6085, .F. );
#3163 = ORIENTED_EDGE( '', *, *, #6086, .T. );
#3164 = ORIENTED_EDGE( '', *, *, #6087, .T. );
#3165 = ORIENTED_EDGE( '', *, *, #6088, .T. );
#3166 = CARTESIAN_POINT( '', ( 0.215500000000000, -0.0640000000000000, -0.0220000000000000 ) );
#3167 = DIRECTION( '', ( 1.00000000000000, -0.000000000000000, -0.000000000000000 ) );
#3168 = DIRECTION( '', ( 0.000000000000000, 0.000000000000000, 1.00000000000000 ) );
#3169 = SURFACE_STYLE_FILL_AREA( #6089 );
#3170 = ORIENTED_EDGE( '', *, *, #6090, .T. );
#3171 = ORIENTED_EDGE( '', *, *, #6091, .F. );
#3172 = ORIENTED_EDGE( '', *, *, #6092, .T. );
#3173 = ORIENTED_EDGE( '', *, *, #6093, .T. );
#3174 = CARTESIAN_POINT( '', ( -0.0400000000000000, 0.0200000000000000, 0.250000000000000 ) );
#3175 = DIRECTION( '', ( 1.00000000000000, 0.000000000000000, -0.000000000000000 ) );
#3176 = DIRECTION( '', ( -0.000000000000000, 0.000000000000000, -1.00000000000000 ) );
#3177 = SURFACE_STYLE_FILL_AREA( #6094 );
#3178 = ORIENTED_EDGE( '', *, *, #6095, .F. );
#3179 = ORIENTED_EDGE( '', *, *, #6096, .F. );
#3180 = ORIENTED_EDGE( '', *, *, #6097, .F. );
#3181 = ORIENTED_EDGE( '', *, *, #6098, .T. );
#3182 = CARTESIAN_POINT( '', ( 0.215500000000000, -0.0840000000000000, 0.193500000000000 ) );
#3183 = DIRECTION( '', ( 0.000000000000000, -0.707106781186549, -0.707106781186546 ) );
#3184 = DIRECTION( '', ( 0.000000000000000, 0.707106781186546, -0.707106781186549 ) );
#3185 = SURFACE_STYLE_FILL_AREA( #6099 );
#3186 = ORIENTED_EDGE( '', *, *, #6100, .F. );
#3187 = ORIENTED_EDGE( '', *, *, #6101, .T. );
#3188 = ORIENTED_EDGE( '', *, *, #6102, .F. );
#3189 = ORIENTED_EDGE( '', *, *, #6103, .T. );
#3190 = ORIENTED_EDGE( '', *, *, #6104, .F. );
#3191 = ORIENTED_EDGE( '', *, *, #6105, .F. );
#3192 = ORIENTED_EDGE( '', *, *, #6106, .T. );
#3193 = ORIENTED_EDGE( '', *, *, #6107, .T. );
#3194 = CARTESIAN_POINT( '', ( 0.115500000000000, 0.335000000000000, -0.0345000000000000 ) );
#3195 = DIRECTION( '', ( -1.00000000000000, 0.000000000000000, 0.000000000000000 ) );
#3196 = DIRECTION( '', ( 0.000000000000000, 0.000000000000000, 1.00000000000000 ) );
#3197 = SURFACE_STYLE_FILL_AREA( #6108 );
#3198 = ORIENTED_EDGE( '', *, *, #6109, .F. );
#3199 = ORIENTED_EDGE( '', *, *, #6110, .T. );
#3200 = ORIENTED_EDGE( '', *, *, #6111, .F. );
#3201 = ORIENTED_EDGE( '', *, *, #6112, .F. );
#3202 = CARTESIAN_POINT( '', ( -0.0670000000000000, 0.300000000000000, -0.0605000000000000 ) );
#3203 = DIRECTION( '', ( 0.000000000000000, -0.000000000000000, 1.00000000000000 ) );
#3204 = DIRECTION( '', ( 1.00000000000000, 0.000000000000000, -0.000000000000000 ) );
#3205 = SURFACE_STYLE_FILL_AREA( #6113 );
#3206 = ORIENTED_EDGE( '', *, *, #6013, .F. );
#3207 = ORIENTED_EDGE( '', *, *, #6114, .T. );
#3208 = ORIENTED_EDGE( '', *, *, #6115, .T. );
#3209 = ORIENTED_EDGE( '', *, *, #6116, .F. );
#3210 = CARTESIAN_POINT( '', ( 0.215500000000000, 0.0930000000000000, -0.0420000000000000 ) );
#3211 = DIRECTION( '', ( 0.000000000000000, 0.000000000000000, -1.00000000000000 ) );
#3212 = DIRECTION( '', ( -1.00000000000000, 0.000000000000000, 0.000000000000000 ) );
#3213 = SURFACE_STYLE_FILL_AREA( #6117 );
#3214 = ORIENTED_EDGE( '', *, *, #6118, .T. );
#3215 = ORIENTED_EDGE( '', *, *, #6119, .F. );
#3216 = ORIENTED_EDGE( '', *, *, #6120, .T. );
#3217 = ORIENTED_EDGE( '', *, *, #6121, .T. );
#3218 = ORIENTED_EDGE( '', *, *, #6122, .T. );
#3219 = ORIENTED_EDGE( '', *, *, #6123, .T. );
#3220 = ORIENTED_EDGE( '', *, *, #6124, .T. );
#3221 = ORIENTED_EDGE( '', *, *, #6125, .T. );
#3222 = ORIENTED_EDGE( '', *, *, #6126, .T. );
#3223 = ORIENTED_EDGE( '', *, *, #6127, .T. );
#3224 = ORIENTED_EDGE( '', *, *, #6128, .T. );
#3225 = ORIENTED_EDGE( '', *, *, #6129, .T. );
#3226 = ORIENTED_EDGE( '', *, *, #6130, .T. );
#3227 = ORIENTED_EDGE( '', *, *, #6131, .T. );
#3228 = ORIENTED_EDGE( '', *, *, #6132, .T. );
#3229 = ORIENTED_EDGE( '', *, *, #6133, .T. );
#3230 = ORIENTED_EDGE( '', *, *, #6134, .T. );
#3231 = ORIENTED_EDGE( '', *, *, #6135, .T. );
#3232 = ORIENTED_EDGE( '', *, *, #6136, .T. );
#3233 = ORIENTED_EDGE( '', *, *, #6137, .T. );
#3234 = ORIENTED_EDGE( '', *, *, #6138, .T. );
#3235 = ORIENTED_EDGE( '', *, *, #6139, .T. );
#3236 = ORIENTED_EDGE( '', *, *, #6140, .T. );
#3237 = ORIENTED_EDGE( '', *, *, #6141, .T. );
#3238 = ORIENTED_EDGE( '', *, *, #6142, .T. );
#3239 = ORIENTED_EDGE( '', *, *, #6143, .T. );
#3240 = ORIENTED_EDGE( '', *, *, #6144, .T. );
#3241 = ORIENTED_EDGE( '', *, *, #6145, .T. );
#3242 = CARTESIAN_POINT( '', ( -0.160000000000000, 0.0200000000000000, 0.250000000000000 ) );
#3243 = DIRECTION( '', ( 0.000000000000000, -1.00000000000000, 0.000000000000000 ) );
#3244 = DIRECTION( '', ( 0.000000000000000, 0.000000000000000, -1.00000000000000 ) );
#3245 = SURFACE_STYLE_FILL_AREA( #6146 );
#3246 = ORIENTED_EDGE( '', *, *, #6147, .F. );
#3247 = ORIENTED_EDGE( '', *, *, #6148, .T. );
#3248 = ORIENTED_EDGE( '', *, *, #6149, .F. );
#3249 = ORIENTED_EDGE( '', *, *, #6150, .F. );
#3250 = CARTESIAN_POINT( '', ( 0.215500000000000, -0.0640000000000000, -0.0220000000000000 ) );
#3251 = DIRECTION( '', ( 1.00000000000000, -0.000000000000000, -0.000000000000000 ) );
#3252 = DIRECTION( '', ( 0.000000000000000, 0.000000000000000, 1.00000000000000 ) );
#3253 = SURFACE_STYLE_FILL_AREA( #6151 );
#3254 = ORIENTED_EDGE( '', *, *, #6152, .F. );
#3255 = ORIENTED_EDGE( '', *, *, #5974, .T. );
#3256 = ORIENTED_EDGE( '', *, *, #6153, .F. );
#3257 = ORIENTED_EDGE( '', *, *, #6023, .F. );
#3258 = CARTESIAN_POINT( '', ( 0.215500000000000, 0.0120000000000000, 0.197500000000000 ) );
#3259 = DIRECTION( '', ( 0.000000000000000, 0.000000000000000, -1.00000000000000 ) );
#3260 = DIRECTION( '', ( -1.00000000000000, 0.000000000000000, 0.000000000000000 ) );
#3261 = SURFACE_STYLE_FILL_AREA( #6154 );
#3262 = ORIENTED_EDGE( '', *, *, #6155, .T. );
#3263 = ORIENTED_EDGE( '', *, *, #6156, .T. );
#3264 = ORIENTED_EDGE( '', *, *, #6157, .T. );
#3265 = ORIENTED_EDGE( '', *, *, #6158, .T. );
#3266 = ORIENTED_EDGE( '', *, *, #6159, .F. );
#3267 = ORIENTED_EDGE( '', *, *, #6160, .F. );
#3268 = ORIENTED_EDGE( '', *, *, #6106, .F. );
#3269 = ORIENTED_EDGE( '', *, *, #6161, .F. );
#3270 = CARTESIAN_POINT( '', ( 0.300000000000000, 0.335000000000000, 0.000000000000000 ) );
#3271 = DIRECTION( '', ( 0.000000000000000, 1.00000000000000, 0.000000000000000 ) );
#3272 = DIRECTION( '', ( 0.000000000000000, -0.000000000000000, 1.00000000000000 ) );
#3273 = SURFACE_STYLE_FILL_AREA( #6162 );
#3274 = ORIENTED_EDGE( '', *, *, #6163, .T. );
#3275 = ORIENTED_EDGE( '', *, *, #6164, .T. );
#3276 = ORIENTED_EDGE( '', *, *, #6165, .T. );
#3277 = ORIENTED_EDGE( '', *, *, #6166, .T. );
#3278 = ORIENTED_EDGE( '', *, *, #6029, .T. );
#3279 = ORIENTED_EDGE( '', *, *, #6167, .T. );
#3280 = ORIENTED_EDGE( '', *, *, #6168, .F. );
#3281 = ORIENTED_EDGE( '', *, *, #6169, .F. );
#3282 = ORIENTED_EDGE( '', *, *, #5963, .F. );
#3283 = ORIENTED_EDGE( '', *, *, #6170, .F. );
#3284 = CARTESIAN_POINT( '', ( -0.0249999999999999, 0.335000000000000, 0.0675182600000000 ) );
#3285 = DIRECTION( '', ( 0.000000000000000, 1.00000000000000, 0.000000000000000 ) );
#3286 = DIRECTION( '', ( 0.000000000000000, -0.000000000000000, 1.00000000000000 ) );
#3287 = SURFACE_STYLE_FILL_AREA( #6171 );
#3288 = ORIENTED_EDGE( '', *, *, #6172, .T. );
#3289 = ORIENTED_EDGE( '', *, *, #6173, .F. );
#3290 = ORIENTED_EDGE( '', *, *, #6174, .F. );
#3291 = ORIENTED_EDGE( '', *, *, #6175, .T. );
#3292 = CARTESIAN_POINT( '', ( -0.160000000000000, 0.185000000000000, 0.0174817400000000 ) );
#3293 = DIRECTION( '', ( -2.66749118394219E-17, 0.0157073173118207, -0.999876632481661 ) );
#3294 = DIRECTION( '', ( 0.000000000000000, 0.999876632481661, 0.0157073173118207 ) );
#3295 = SURFACE_STYLE_FILL_AREA( #6176 );
#3296 = ORIENTED_EDGE( '', *, *, #6177, .F. );
#3297 = ORIENTED_EDGE( '', *, *, #6178, .T. );
#3298 = ORIENTED_EDGE( '', *, *, #6179, .F. );
#3299 = ORIENTED_EDGE( '', *, *, #6180, .F. );
#3300 = CARTESIAN_POINT( '', ( 0.215500000000000, 0.000000000000000, 0.193500000000000 ) );
#3301 = DIRECTION( '', ( -0.000000000000000, 1.00000000000000, 0.000000000000000 ) );
#3302 = DIRECTION( '', ( 0.000000000000000, -0.000000000000000, 1.00000000000000 ) );
#3303 = SURFACE_STYLE_FILL_AREA( #6181 );
#3304 = ORIENTED_EDGE( '', *, *, #6182, .F. );
#3305 = ORIENTED_EDGE( '', *, *, #6014, .T. );
#3306 = ORIENTED_EDGE( '', *, *, #6116, .T. );
#3307 = ORIENTED_EDGE( '', *, *, #6183, .F. );
#3308 = CARTESIAN_POINT( '', ( 0.215500000000000, -0.0640000000000000, -0.0220000000000000 ) );
#3309 = DIRECTION( '', ( 1.00000000000000, -0.000000000000000, -0.000000000000000 ) );
#3310 = DIRECTION( '', ( 0.000000000000000, 0.000000000000000, 1.00000000000000 ) );
#3311 = SURFACE_STYLE_FILL_AREA( #6184 );
#3312 = ORIENTED_EDGE( '', *, *, #6185, .T. );
#3313 = ORIENTED_EDGE( '', *, *, #6186, .F. );
#3314 = ORIENTED_EDGE( '', *, *, #6187, .F. );
#3315 = ORIENTED_EDGE( '', *, *, #6188, .T. );
#3316 = CARTESIAN_POINT( '', ( 0.215500000000000, -0.100000000000000, 0.193500000000000 ) );
#3317 = DIRECTION( '', ( -0.000000000000000, 1.00000000000000, 0.000000000000000 ) );
#3318 = DIRECTION( '', ( 0.000000000000000, -0.000000000000000, 1.00000000000000 ) );
#3319 = SURFACE_STYLE_FILL_AREA( #6189 );
#3320 = ORIENTED_EDGE( '', *, *, #6190, .F. );
#3321 = ORIENTED_EDGE( '', *, *, #6191, .F. );
#3322 = ORIENTED_EDGE( '', *, *, #6192, .F. );
#3323 = ORIENTED_EDGE( '', *, *, #6193, .T. );
#3324 = CARTESIAN_POINT( '', ( 0.215500000000000, 0.0360000000000000, 0.0420000000000000 ) );
#3325 = DIRECTION( '', ( 0.000000000000000, 0.000000000000000, 1.00000000000000 ) );
#3326 = DIRECTION( '', ( 1.00000000000000, 0.000000000000000, -0.000000000000000 ) );
#3327 = SURFACE_STYLE_FILL_AREA( #6194 );
#3328 = ORIENTED_EDGE( '', *, *, #6195, .F. );
#3329 = ORIENTED_EDGE( '', *, *, #6196, .T. );
#3330 = ORIENTED_EDGE( '', *, *, #6197, .T. );
#3331 = ORIENTED_EDGE( '', *, *, #6198, .F. );
#3332 = CARTESIAN_POINT( '', ( 0.215500000000000, 0.0160000000000000, 0.193500000000000 ) );
#3333 = DIRECTION( '', ( 0.000000000000000, -0.707106781186548, -0.707106781186547 ) );
#3334 = DIRECTION( '', ( 0.000000000000000, 0.707106781186547, -0.707106781186548 ) );
#3335 = SURFACE_STYLE_FILL_AREA( #6199 );
#3336 = ORIENTED_EDGE( '', *, *, #6200, .F. );
#3337 = ORIENTED_EDGE( '', *, *, #6201, .F. );
#3338 = ORIENTED_EDGE( '', *, *, #6202, .F. );
#3339 = ORIENTED_EDGE( '', *, *, #5987, .T. );
#3340 = CARTESIAN_POINT( '', ( 0.215500000000000, 0.0160000000000000, 0.193500000000000 ) );
#3341 = DIRECTION( '', ( 0.000000000000000, -0.707106781186548, -0.707106781186547 ) );
#3342 = DIRECTION( '', ( 0.000000000000000, 0.707106781186547, -0.707106781186548 ) );
#3343 = SURFACE_STYLE_FILL_AREA( #6203 );
#3344 = ORIENTED_EDGE( '', *, *, #5994, .F. );
#3345 = ORIENTED_EDGE( '', *, *, #6204, .T. );
#3346 = ORIENTED_EDGE( '', *, *, #6205, .F. );
#3347 = ORIENTED_EDGE( '', *, *, #5953, .F. );
#3348 = CARTESIAN_POINT( '', ( 0.215500000000000, 0.0160000000000000, 0.193500000000000 ) );
#3349 = DIRECTION( '', ( 0.000000000000000, -0.707106781186548, -0.707106781186547 ) );
#3350 = DIRECTION( '', ( 0.000000000000000, 0.707106781186547, -0.707106781186548 ) );
#3351 = SURFACE_STYLE_FILL_AREA( #6206 );
#3352 = ORIENTED_EDGE( '', *, *, #6207, .F. );
#3353 = ORIENTED_EDGE( '', *, *, #6208, .T. );
#3354 = ORIENTED_EDGE( '', *, *, #6209, .F. );
#3355 = ORIENTED_EDGE( '', *, *, #6137, .F. );
#3356 = CARTESIAN_POINT( '', ( -0.233000000000000, 0.300000000000000, -0.0395000000000000 ) );
#3357 = DIRECTION( '', ( 0.000000000000000, 0.000000000000000, -1.00000000000000 ) );
#3358 = DIRECTION( '', ( -1.00000000000000, 0.000000000000000, 0.000000000000000 ) );
#3359 = SURFACE_STYLE_FILL_AREA( #6210 );
#3360 = ORIENTED_EDGE( '', *, *, #6211, .T. );
#3361 = ORIENTED_EDGE( '', *, *, #6212, .F. );
#3362 = ORIENTED_EDGE( '', *, *, #6213, .T. );
#3363 = ORIENTED_EDGE( '', *, *, #6214, .T. );
#3364 = CARTESIAN_POINT( '', ( -0.140000000000000, 0.0200000000000000, 0.250000000000000 ) );
#3365 = DIRECTION( '', ( 1.00000000000000, 0.000000000000000, -0.000000000000000 ) );
#3366 = DIRECTION( '', ( -0.000000000000000, 0.000000000000000, -1.00000000000000 ) );
#3367 = SURFACE_STYLE_FILL_AREA( #6215 );
#3368 = ORIENTED_EDGE( '', *, *, #6216, .T. );
#3369 = ORIENTED_EDGE( '', *, *, #6217, .F. );
#3370 = ORIENTED_EDGE( '', *, *, #6158, .F. );
#3371 = ORIENTED_EDGE( '', *, *, #6218, .T. );
#3372 = CARTESIAN_POINT( '', ( 0.140000000000000, 0.185000000000000, -0.0825182600000000 ) );
#3373 = DIRECTION( '', ( 0.000000000000000, 0.0157073173118207, -0.999876632481661 ) );
#3374 = DIRECTION( '', ( 0.000000000000000, 0.999876632481661, 0.0157073173118207 ) );
#3375 = SURFACE_STYLE_FILL_AREA( #6219 );
#3376 = ORIENTED_EDGE( '', *, *, #6220, .T. );
#3377 = ORIENTED_EDGE( '', *, *, #6221, .T. );
#3378 = ORIENTED_EDGE( '', *, *, #6222, .T. );
#3379 = ORIENTED_EDGE( '', *, *, #6223, .T. );
#3380 = CARTESIAN_POINT( '', ( -0.0600000000000000, 0.000000000000000, 0.250000000000000 ) );
#3381 = DIRECTION( '', ( -1.00000000000000, 0.000000000000000, 0.000000000000000 ) );
#3382 = DIRECTION( '', ( 0.000000000000000, 0.000000000000000, 1.00000000000000 ) );
#3383 = SURFACE_STYLE_FILL_AREA( #6224 );
#3384 = ORIENTED_EDGE( '', *, *, #6225, .F. );
#3385 = ORIENTED_EDGE( '', *, *, #6188, .F. );
#3386 = ORIENTED_EDGE( '', *, *, #6226, .F. );
#3387 = ORIENTED_EDGE( '', *, *, #6227, .T. );
#3388 = CARTESIAN_POINT( '', ( 0.215500000000000, -0.0960000000000000, 0.197500000000000 ) );
#3389 = DIRECTION( '', ( 0.000000000000000, 0.707106781186548, -0.707106781186548 ) );
#3390 = DIRECTION( '', ( 0.000000000000000, 0.707106781186547, 0.707106781186547 ) );
#3391 = SURFACE_STYLE_FILL_AREA( #6228 );
#3392 = ORIENTED_EDGE( '', *, *, #6229, .T. );
#3393 = ORIENTED_EDGE( '', *, *, #6230, .F. );
#3394 = ORIENTED_EDGE( '', *, *, #6231, .F. );
#3395 = ORIENTED_EDGE( '', *, *, #6173, .T. );
#3396 = CARTESIAN_POINT( '', ( -0.240000000000000, 0.185000000000000, 0.0174817400000000 ) );
#3397 = DIRECTION( '', ( -0.999876632481661, 0.0157073173118207, 0.000000000000000 ) );
#3398 = DIRECTION( '', ( -0.0157073173118207, -0.999876632481661, 0.000000000000000 ) );
#3399 = SURFACE_STYLE_FILL_AREA( #6232 );
#3400 = ORIENTED_EDGE( '', *, *, #6233, .T. );
#3401 = ORIENTED_EDGE( '', *, *, #6175, .F. );
#3402 = ORIENTED_EDGE( '', *, *, #6234, .F. );
#3403 = ORIENTED_EDGE( '', *, *, #6235, .T. );
#3404 = CARTESIAN_POINT( '', ( -0.160000000000000, 0.185000000000000, 0.0675182600000000 ) );
#3405 = DIRECTION( '', ( 0.999876632481661, 0.0157073173118207, 0.000000000000000 ) );
#3406 = DIRECTION( '', ( -0.0157073173118207, 0.999876632481661, 0.000000000000000 ) );
#3407 = SURFACE_STYLE_FILL_AREA( #6236 );
#3408 = ORIENTED_EDGE( '', *, *, #5950, .F. );
#3409 = ORIENTED_EDGE( '', *, *, #6237, .F. );
#3410 = ORIENTED_EDGE( '', *, *, #6238, .F. );
#3411 = ORIENTED_EDGE( '', *, *, #6239, .F. );
#3412 = CARTESIAN_POINT( '', ( 0.000000000000000, 0.000000000000000, -0.000000000000000 ) );
#3413 = DIRECTION( '', ( 0.000000000000000, 1.00000000000000, -0.000000000000000 ) );
#3414 = DIRECTION( '', ( 0.000000000000000, 0.000000000000000, 1.00000000000000 ) );
#3415 = SURFACE_STYLE_FILL_AREA( #6240 );
#3416 = ORIENTED_EDGE( '', *, *, #6241, .F. );
#3417 = ORIENTED_EDGE( '', *, *, #6242, .T. );
#3418 = ORIENTED_EDGE( '', *, *, #6243, .F. );
#3419 = ORIENTED_EDGE( '', *, *, #6244, .F. );
#3420 = CARTESIAN_POINT( '', ( 0.215500000000000, 0.0360000000000000, 0.0420000000000000 ) );
#3421 = DIRECTION( '', ( 0.000000000000000, 0.000000000000000, 1.00000000000000 ) );
#3422 = DIRECTION( '', ( 1.00000000000000, 0.000000000000000, -0.000000000000000 ) );
#3423 = SURFACE_STYLE_FILL_AREA( #6245 );
#3424 = ORIENTED_EDGE( '', *, *, #6246, .F. );
#3425 = ORIENTED_EDGE( '', *, *, #6247, .T. );
#3426 = ORIENTED_EDGE( '', *, *, #6248, .F. );
#3427 = ORIENTED_EDGE( '', *, *, #6249, .F. );
#3428 = CARTESIAN_POINT( '', ( 0.215500000000000, 0.0930000000000000, -0.0420000000000000 ) );
#3429 = DIRECTION( '', ( 0.000000000000000, 0.000000000000000, -1.00000000000000 ) );
#3430 = DIRECTION( '', ( -1.00000000000000, 0.000000000000000, 0.000000000000000 ) );
#3431 = SURFACE_STYLE_FILL_AREA( #6250 );
#3432 = ORIENTED_EDGE( '', *, *, #6251, .T. );
#3433 = ORIENTED_EDGE( '', *, *, #6252, .F. );
#3434 = ORIENTED_EDGE( '', *, *, #6050, .F. );
#3435 = ORIENTED_EDGE( '', *, *, #6253, .T. );
#3436 = CARTESIAN_POINT( '', ( 0.240000000000000, 0.185000000000000, -0.0825182600000000 ) );
#3437 = DIRECTION( '', ( 0.000000000000000, 0.0157073173118207, -0.999876632481661 ) );
#3438 = DIRECTION( '', ( 0.000000000000000, 0.999876632481661, 0.0157073173118207 ) );
#3439 = SURFACE_STYLE_FILL_AREA( #6254 );
#3440 = ORIENTED_EDGE( '', *, *, #6255, .T. );
#3441 = ORIENTED_EDGE( '', *, *, #6256, .T. );
#3442 = ORIENTED_EDGE( '', *, *, #6257, .T. );
#3443 = ORIENTED_EDGE( '', *, *, #6119, .T. );
#3444 = CARTESIAN_POINT( '', ( -0.160000000000000, 0.000000000000000, 0.250000000000000 ) );
#3445 = DIRECTION( '', ( -1.00000000000000, 0.000000000000000, 0.000000000000000 ) );
#3446 = DIRECTION( '', ( 0.000000000000000, 0.000000000000000, 1.00000000000000 ) );
#3447 = SURFACE_STYLE_FILL_AREA( #6258 );
#3448 = ORIENTED_EDGE( '', *, *, #6259, .F. );
#3449 = ORIENTED_EDGE( '', *, *, #6260, .T. );
#3450 = ORIENTED_EDGE( '', *, *, #5981, .T. );
#3451 = ORIENTED_EDGE( '', *, *, #6261, .F. );
#3452 = CARTESIAN_POINT( '', ( 0.0330000000000000, 0.300000000000000, -0.0395000000000000 ) );
#3453 = DIRECTION( '', ( -1.00000000000000, 0.000000000000000, 0.000000000000000 ) );
#3454 = DIRECTION( '', ( 0.000000000000000, 0.000000000000000, 1.00000000000000 ) );
#3455 = SURFACE_STYLE_FILL_AREA( #6262 );
#3456 = ORIENTED_EDGE( '', *, *, #6263, .T. );
#3457 = ORIENTED_EDGE( '', *, *, #6110, .F. );
#3458 = ORIENTED_EDGE( '', *, *, #6264, .F. );
#3459 = ORIENTED_EDGE( '', *, *, #6265, .F. );
#3460 = CARTESIAN_POINT( '', ( 0.100000000000000, 0.300000000000000, -0.100000000000000 ) );
#3461 = DIRECTION( '', ( 0.000000000000000, 1.00000000000000, -0.000000000000000 ) );
#3462 = DIRECTION( '', ( 0.000000000000000, 0.000000000000000, 1.00000000000000 ) );
#3463 = SURFACE_STYLE_FILL_AREA( #6266 );
#3464 = ORIENTED_EDGE( '', *, *, #6267, .F. );
#3465 = ORIENTED_EDGE( '', *, *, #6268, .T. );
#3466 = ORIENTED_EDGE( '', *, *, #6269, .T. );
#3467 = ORIENTED_EDGE( '', *, *, #6270, .F. );
#3468 = CARTESIAN_POINT( '', ( 0.0670000000000000, 0.300000000000000, 0.0605000000000000 ) );
#3469 = DIRECTION( '', ( 0.000000000000000, 0.000000000000000, -1.00000000000000 ) );
#3470 = DIRECTION( '', ( -1.00000000000000, 0.000000000000000, 0.000000000000000 ) );
#3471 = SURFACE_STYLE_FILL_AREA( #6271 );
#3472 = ORIENTED_EDGE( '', *, *, #6272, .T. );
#3473 = ORIENTED_EDGE( '', *, *, #6273, .F. );
#3474 = ORIENTED_EDGE( '', *, *, #6274, .T. );
#3475 = ORIENTED_EDGE( '', *, *, #6275, .T. );
#3476 = ORIENTED_EDGE( '', *, *, #6276, .T. );
#3477 = ORIENTED_EDGE( '', *, *, #6277, .T. );
#3478 = ORIENTED_EDGE( '', *, *, #6278, .T. );
#3479 = ORIENTED_EDGE( '', *, *, #6279, .T. );
#3480 = ORIENTED_EDGE( '', *, *, #6280, .T. );
#3481 = ORIENTED_EDGE( '', *, *, #6281, .T. );
#3482 = ORIENTED_EDGE( '', *, *, #6282, .T. );
#3483 = ORIENTED_EDGE( '', *, *, #6283, .T. );
#3484 = ORIENTED_EDGE( '', *, *, #6284, .T. );
#3485 = ORIENTED_EDGE( '', *, *, #6285, .T. );
#3486 = ORIENTED_EDGE( '', *, *, #6286, .T. );
#3487 = ORIENTED_EDGE( '', *, *, #6287, .T. );
#3488 = ORIENTED_EDGE( '', *, *, #6288, .T. );
#3489 = ORIENTED_EDGE( '', *, *, #6289, .T. );
#3490 = ORIENTED_EDGE( '', *, *, #6290, .T. );
#3491 = ORIENTED_EDGE( '', *, *, #6035, .T. );
#3492 = ORIENTED_EDGE( '', *, *, #6291, .T. );
#3493 = ORIENTED_EDGE( '', *, *, #6292, .T. );
#3494 = ORIENTED_EDGE( '', *, *, #6293, .T. );
#3495 = ORIENTED_EDGE( '', *, *, #6294, .T. );
#3496 = ORIENTED_EDGE( '', *, *, #6295, .T. );
#3497 = ORIENTED_EDGE( '', *, *, #6296, .T. );
#3498 = ORIENTED_EDGE( '', *, *, #6297, .T. );
#3499 = ORIENTED_EDGE( '', *, *, #6298, .T. );
#3500 = CARTESIAN_POINT( '', ( 0.240000000000000, 0.0200000000000000, 0.250000000000000 ) );
#3501 = DIRECTION( '', ( 0.000000000000000, -1.00000000000000, 0.000000000000000 ) );
#3502 = DIRECTION( '', ( 0.000000000000000, 0.000000000000000, -1.00000000000000 ) );
#3503 = SURFACE_STYLE_FILL_AREA( #6299 );
#3504 = ORIENTED_EDGE( '', *, *, #6300, .T. );
#3505 = ORIENTED_EDGE( '', *, *, #6301, .F. );
#3506 = ORIENTED_EDGE( '', *, *, #6302, .F. );
#3507 = ORIENTED_EDGE( '', *, *, #6303, .F. );
#3508 = CARTESIAN_POINT( '', ( 0.400000000000000, 0.300000000000000, 0.000000000000000 ) );
#3509 = DIRECTION( '', ( 0.000000000000000, 1.00000000000000, -0.000000000000000 ) );
#3510 = DIRECTION( '', ( 0.000000000000000, 0.000000000000000, 1.00000000000000 ) );
#3511 = SURFACE_STYLE_FILL_AREA( #6304 );
#3512 = ORIENTED_EDGE( '', *, *, #6305, .F. );
#3513 = ORIENTED_EDGE( '', *, *, #6306, .T. );
#3514 = ORIENTED_EDGE( '', *, *, #6307, .T. );
#3515 = ORIENTED_EDGE( '', *, *, #6308, .F. );
#3516 = CARTESIAN_POINT( '', ( -0.115500000000000, 0.335000000000000, 0.0655000000000000 ) );
#3517 = DIRECTION( '', ( 0.000000000000000, 0.000000000000000, -1.00000000000000 ) );
#3518 = DIRECTION( '', ( -1.00000000000000, 0.000000000000000, 0.000000000000000 ) );
#3519 = SURFACE_STYLE_FILL_AREA( #6309 );
#3520 = ORIENTED_EDGE( '', *, *, #6310, .F. );
#3521 = ORIENTED_EDGE( '', *, *, #6311, .T. );
#3522 = ORIENTED_EDGE( '', *, *, #6312, .F. );
#3523 = ORIENTED_EDGE( '', *, *, #6313, .F. );
#3524 = CARTESIAN_POINT( '', ( -0.133000000000000, 0.300000000000000, 0.0605000000000000 ) );
#3525 = DIRECTION( '', ( 0.000000000000000, 0.000000000000000, -1.00000000000000 ) );
#3526 = DIRECTION( '', ( -1.00000000000000, 0.000000000000000, 0.000000000000000 ) );
#3527 = SURFACE_STYLE_FILL_AREA( #6314 );
#3528 = ORIENTED_EDGE( '', *, *, #6315, .F. );
#3529 = ORIENTED_EDGE( '', *, *, #6316, .T. );
#3530 = ORIENTED_EDGE( '', *, *, #6317, .T. );
#3531 = ORIENTED_EDGE( '', *, *, #6318, .F. );
#3532 = CARTESIAN_POINT( '', ( -0.0670000000000000, 0.300000000000000, 0.0395000000000000 ) );
#3533 = DIRECTION( '', ( 0.000000000000000, -0.000000000000000, 1.00000000000000 ) );
#3534 = DIRECTION( '', ( 1.00000000000000, 0.000000000000000, -0.000000000000000 ) );
#3535 = SURFACE_STYLE_FILL_AREA( #6319 );
#3536 = ORIENTED_EDGE( '', *, *, #6320, .F. );
#3537 = ORIENTED_EDGE( '', *, *, #6321, .T. );
#3538 = ORIENTED_EDGE( '', *, *, #6032, .T. );
#3539 = ORIENTED_EDGE( '', *, *, #6290, .F. );
#3540 = CARTESIAN_POINT( '', ( 0.167000000000000, 0.300000000000000, 0.0395000000000000 ) );
#3541 = DIRECTION( '', ( 1.00000000000000, 0.000000000000000, 0.000000000000000 ) );
#3542 = DIRECTION( '', ( 0.000000000000000, 0.000000000000000, -1.00000000000000 ) );
#3543 = SURFACE_STYLE_FILL_AREA( #6322 );
#3544 = ORIENTED_EDGE( '', *, *, #6323, .F. );
#3545 = ORIENTED_EDGE( '', *, *, #6227, .F. );
#3546 = ORIENTED_EDGE( '', *, *, #6324, .F. );
#3547 = ORIENTED_EDGE( '', *, *, #6096, .T. );
#3548 = CARTESIAN_POINT( '', ( 0.215500000000000, -0.0880000000000000, 0.197500000000000 ) );
#3549 = DIRECTION( '', ( 0.000000000000000, 0.000000000000000, -1.00000000000000 ) );
#3550 = DIRECTION( '', ( -1.00000000000000, 0.000000000000000, 0.000000000000000 ) );
#3551 = SURFACE_STYLE_FILL_AREA( #6325 );
#3552 = ORIENTED_EDGE( '', *, *, #6326, .F. );
#3553 = ORIENTED_EDGE( '', *, *, #6327, .T. );
#3554 = ORIENTED_EDGE( '', *, *, #6328, .F. );
#3555 = ORIENTED_EDGE( '', *, *, #6329, .F. );
#3556 = CARTESIAN_POINT( '', ( 0.215500000000000, -0.0640000000000000, -0.0220000000000000 ) );
#3557 = DIRECTION( '', ( 1.00000000000000, -0.000000000000000, -0.000000000000000 ) );
#3558 = DIRECTION( '', ( 0.000000000000000, 0.000000000000000, 1.00000000000000 ) );
#3559 = SURFACE_STYLE_FILL_AREA( #6330 );
#3560 = ORIENTED_EDGE( '', *, *, #6244, .T. );
#3561 = ORIENTED_EDGE( '', *, *, #6331, .F. );
#3562 = ORIENTED_EDGE( '', *, *, #6332, .T. );
#3563 = ORIENTED_EDGE( '', *, *, #6333, .T. );
#3564 = ORIENTED_EDGE( '', *, *, #6334, .T. );
#3565 = ORIENTED_EDGE( '', *, *, #6335, .T. );
#3566 = ORIENTED_EDGE( '', *, *, #6114, .F. );
#3567 = ORIENTED_EDGE( '', *, *, #6012, .T. );
#3568 = ORIENTED_EDGE( '', *, *, #6336, .T. );
#3569 = ORIENTED_EDGE( '', *, *, #6337, .F. );
#3570 = ORIENTED_EDGE( '', *, *, #6247, .F. );
#3571 = ORIENTED_EDGE( '', *, *, #6338, .T. );
#3572 = ORIENTED_EDGE( '', *, *, #6339, .T. );
#3573 = ORIENTED_EDGE( '', *, *, #6340, .F. );
#3574 = ORIENTED_EDGE( '', *, *, #6341, .F. );
#3575 = ORIENTED_EDGE( '', *, *, #6342, .T. );
#3576 = ORIENTED_EDGE( '', *, *, #6343, .T. );
#3577 = ORIENTED_EDGE( '', *, *, #6344, .F. );
#3578 = ORIENTED_EDGE( '', *, *, #6345, .F. );
#3579 = ORIENTED_EDGE( '', *, *, #6346, .T. );
#3580 = ORIENTED_EDGE( '', *, *, #6347, .T. );
#3581 = ORIENTED_EDGE( '', *, *, #6348, .F. );
#3582 = ORIENTED_EDGE( '', *, *, #6349, .F. );
#3583 = ORIENTED_EDGE( '', *, *, #6350, .F. );
#3584 = ORIENTED_EDGE( '', *, *, #6191, .T. );
#3585 = ORIENTED_EDGE( '', *, *, #6351, .F. );
#3586 = ORIENTED_EDGE( '', *, *, #6352, .T. );
#3587 = ORIENTED_EDGE( '', *, *, #5999, .T. );
#3588 = ORIENTED_EDGE( '', *, *, #6353, .T. );
#3589 = ORIENTED_EDGE( '', *, *, #6354, .F. );
#3590 = ORIENTED_EDGE( '', *, *, #6355, .T. );
#3591 = ORIENTED_EDGE( '', *, *, #6356, .T. );
#3592 = ORIENTED_EDGE( '', *, *, #6357, .T. );
#3593 = ORIENTED_EDGE( '', *, *, #6358, .F. );
#3594 = ORIENTED_EDGE( '', *, *, #6359, .T. );
#3595 = ORIENTED_EDGE( '', *, *, #6360, .T. );
#3596 = CARTESIAN_POINT( '', ( 0.215500000000000, 0.0930000000000000, 0.0420000000000000 ) );
#3597 = DIRECTION( '', ( -0.000000000000000, 1.00000000000000, 0.000000000000000 ) );
#3598 = DIRECTION( '', ( 0.000000000000000, -0.000000000000000, 1.00000000000000 ) );
#3599 = SURFACE_STYLE_FILL_AREA( #6361 );
#3600 = ORIENTED_EDGE( '', *, *, #6362, .F. );
#3601 = ORIENTED_EDGE( '', *, *, #6054, .T. );
#3602 = ORIENTED_EDGE( '', *, *, #6363, .T. );
#3603 = ORIENTED_EDGE( '', *, *, #6281, .F. );
#3604 = CARTESIAN_POINT( '', ( 0.184500000000000, 0.335000000000000, -0.0345000000000000 ) );
#3605 = DIRECTION( '', ( 0.000000000000000, 0.000000000000000, -1.00000000000000 ) );
#3606 = DIRECTION( '', ( -1.00000000000000, 0.000000000000000, 0.000000000000000 ) );
#3607 = SURFACE_STYLE_FILL_AREA( #6364 );
#3608 = ORIENTED_EDGE( '', *, *, #6365, .F. );
#3609 = ORIENTED_EDGE( '', *, *, #6366, .T. );
#3610 = ORIENTED_EDGE( '', *, *, #6367, .T. );
#3611 = ORIENTED_EDGE( '', *, *, #6145, .F. );
#3612 = CARTESIAN_POINT( '', ( -0.184500000000000, 0.335000000000000, -0.0655000000000000 ) );
#3613 = DIRECTION( '', ( 0.000000000000000, -0.000000000000000, 1.00000000000000 ) );
#3614 = DIRECTION( '', ( 1.00000000000000, 0.000000000000000, -0.000000000000000 ) );
#3615 = SURFACE_STYLE_FILL_AREA( #6368 );
#3616 = ORIENTED_EDGE( '', *, *, #6369, .F. );
#3617 = ORIENTED_EDGE( '', *, *, #6370, .T. );
#3618 = ORIENTED_EDGE( '', *, *, #5958, .F. );
#3619 = ORIENTED_EDGE( '', *, *, #6371, .F. );
#3620 = CARTESIAN_POINT( '', ( 0.0330000000000000, 0.300000000000000, 0.0395000000000000 ) );
#3621 = DIRECTION( '', ( 0.000000000000000, -0.000000000000000, 1.00000000000000 ) );
#3622 = DIRECTION( '', ( 1.00000000000000, 0.000000000000000, -0.000000000000000 ) );
#3623 = SURFACE_STYLE_FILL_AREA( #6372 );
#3624 = ORIENTED_EDGE( '', *, *, #6373, .F. );
#3625 = ORIENTED_EDGE( '', *, *, #6374, .T. );
#3626 = ORIENTED_EDGE( '', *, *, #6375, .T. );
#3627 = ORIENTED_EDGE( '', *, *, #6327, .F. );
#3628 = CARTESIAN_POINT( '', ( 0.215500000000000, -0.100000000000000, 0.193500000000000 ) );
#3629 = DIRECTION( '', ( -0.000000000000000, 1.00000000000000, 0.000000000000000 ) );
#3630 = DIRECTION( '', ( 0.000000000000000, -0.000000000000000, 1.00000000000000 ) );
#3631 = SURFACE_STYLE_FILL_AREA( #6376 );
#3632 = ORIENTED_EDGE( '', *, *, #6377, .T. );
#3633 = ORIENTED_EDGE( '', *, *, #6351, .T. );
#3634 = ORIENTED_EDGE( '', *, *, #6190, .T. );
#3635 = ORIENTED_EDGE( '', *, *, #6378, .T. );
#3636 = ORIENTED_EDGE( '', *, *, #6379, .T. );
#3637 = ORIENTED_EDGE( '', *, *, #6380, .T. );
#3638 = ORIENTED_EDGE( '', *, *, #6381, .T. );
#3639 = ORIENTED_EDGE( '', *, *, #6200, .T. );
#3640 = ORIENTED_EDGE( '', *, *, #5986, .T. );
#3641 = ORIENTED_EDGE( '', *, *, #6382, .F. );
#3642 = CARTESIAN_POINT( '', ( 0.184500000000000, -0.100000000000000, 5.00000000000000 ) );
#3643 = DIRECTION( '', ( -1.00000000000000, 0.000000000000000, 0.000000000000000 ) );
#3644 = DIRECTION( '', ( 0.000000000000000, 0.000000000000000, 1.00000000000000 ) );
#3645 = SURFACE_STYLE_FILL_AREA( #6383 );
#3646 = ORIENTED_EDGE( '', *, *, #6384, .T. );
#3647 = ORIENTED_EDGE( '', *, *, #6385, .F. );
#3648 = ORIENTED_EDGE( '', *, *, #6386, .F. );
#3649 = ORIENTED_EDGE( '', *, *, #6387, .F. );
#3650 = CARTESIAN_POINT( '', ( 0.000000000000000, 0.300000000000000, 0.000000000000000 ) );
#3651 = DIRECTION( '', ( 0.000000000000000, 1.00000000000000, -0.000000000000000 ) );
#3652 = DIRECTION( '', ( 0.000000000000000, 0.000000000000000, 1.00000000000000 ) );
#3653 = SURFACE_STYLE_FILL_AREA( #6388 );
#3654 = ORIENTED_EDGE( '', *, *, #6317, .F. );
#3655 = ORIENTED_EDGE( '', *, *, #6389, .T. );
#3656 = ORIENTED_EDGE( '', *, *, #6310, .T. );
#3657 = ORIENTED_EDGE( '', *, *, #6390, .F. );
#3658 = CARTESIAN_POINT( '', ( -0.133000000000000, 0.300000000000000, 0.0395000000000000 ) );
#3659 = DIRECTION( '', ( 1.00000000000000, 0.000000000000000, 0.000000000000000 ) );
#3660 = DIRECTION( '', ( 0.000000000000000, 0.000000000000000, -1.00000000000000 ) );
#3661 = SURFACE_STYLE_FILL_AREA( #6391 );
#3662 = ORIENTED_EDGE( '', *, *, #6286, .F. );
#3663 = ORIENTED_EDGE( '', *, *, #6392, .T. );
#3664 = ORIENTED_EDGE( '', *, *, #6393, .F. );
#3665 = ORIENTED_EDGE( '', *, *, #6394, .T. );
#3666 = ORIENTED_EDGE( '', *, *, #6282, .F. );
#3667 = ORIENTED_EDGE( '', *, *, #6363, .F. );
#3668 = ORIENTED_EDGE( '', *, *, #6053, .T. );
#3669 = ORIENTED_EDGE( '', *, *, #6395, .T. );
#3670 = CARTESIAN_POINT( '', ( 0.215500000000000, 0.335000000000000, -0.0345000000000000 ) );
#3671 = DIRECTION( '', ( -1.00000000000000, 0.000000000000000, 0.000000000000000 ) );
#3672 = DIRECTION( '', ( 0.000000000000000, 0.000000000000000, 1.00000000000000 ) );
#3673 = SURFACE_STYLE_FILL_AREA( #6396 );
#3674 = ORIENTED_EDGE( '', *, *, #6397, .F. );
#3675 = ORIENTED_EDGE( '', *, *, #6398, .T. );
#3676 = ORIENTED_EDGE( '', *, *, #6399, .F. );
#3677 = ORIENTED_EDGE( '', *, *, #6002, .F. );
#3678 = CARTESIAN_POINT( '', ( 0.215500000000000, -0.0840000000000000, 0.193500000000000 ) );
#3679 = DIRECTION( '', ( 0.000000000000000, -0.707106781186549, -0.707106781186546 ) );
#3680 = DIRECTION( '', ( 0.000000000000000, 0.707106781186546, -0.707106781186549 ) );
#3681 = SURFACE_STYLE_FILL_AREA( #6400 );
#3682 = ORIENTED_EDGE( '', *, *, #6401, .T. );
#3683 = ORIENTED_EDGE( '', *, *, #6402, .F. );
#3684 = ORIENTED_EDGE( '', *, *, #6403, .F. );
#3685 = ORIENTED_EDGE( '', *, *, #6404, .F. );
#3686 = CARTESIAN_POINT( '', ( 0.400000000000000, 0.300000000000000, -0.100000000000000 ) );
#3687 = DIRECTION( '', ( 0.000000000000000, 1.00000000000000, -0.000000000000000 ) );
#3688 = DIRECTION( '', ( 0.000000000000000, 0.000000000000000, 1.00000000000000 ) );
#3689 = SURFACE_STYLE_FILL_AREA( #6405 );
#3690 = ORIENTED_EDGE( '', *, *, #6406, .F. );
#3691 = ORIENTED_EDGE( '', *, *, #6085, .T. );
#3692 = ORIENTED_EDGE( '', *, *, #6407, .F. );
#3693 = ORIENTED_EDGE( '', *, *, #6398, .F. );
#3694 = CARTESIAN_POINT( '', ( 0.215500000000000, -0.0840000000000000, -0.0220000000000000 ) );
#3695 = DIRECTION( '', ( 0.000000000000000, -1.00000000000000, 0.000000000000000 ) );
#3696 = DIRECTION( '', ( 0.000000000000000, 0.000000000000000, -1.00000000000000 ) );
#3697 = SURFACE_STYLE_FILL_AREA( #6408 );
#3698 = ORIENTED_EDGE( '', *, *, #6409, .F. );
#3699 = ORIENTED_EDGE( '', *, *, #6403, .T. );
#3700 = ORIENTED_EDGE( '', *, *, #6410, .T. );
#3701 = ORIENTED_EDGE( '', *, *, #6278, .F. );
#3702 = CARTESIAN_POINT( '', ( 0.167000000000000, 0.300000000000000, -0.0605000000000000 ) );
#3703 = DIRECTION( '', ( 1.00000000000000, 0.000000000000000, 0.000000000000000 ) );
#3704 = DIRECTION( '', ( 0.000000000000000, 0.000000000000000, -1.00000000000000 ) );
#3705 = SURFACE_STYLE_FILL_AREA( #6411 );
#3706 = ORIENTED_EDGE( '', *, *, #6412, .T. );
#3707 = ORIENTED_EDGE( '', *, *, #6413, .F. );
#3708 = ORIENTED_EDGE( '', *, *, #6167, .F. );
#3709 = ORIENTED_EDGE( '', *, *, #6028, .T. );
#3710 = CARTESIAN_POINT( '', ( 0.0400000000000000, 0.185000000000000, 0.0174817400000000 ) );
#3711 = DIRECTION( '', ( -2.66749118394219E-17, 0.0157073173118207, -0.999876632481661 ) );
#3712 = DIRECTION( '', ( 0.000000000000000, 0.999876632481661, 0.0157073173118207 ) );
#3713 = SURFACE_STYLE_FILL_AREA( #6414 );
#3714 = ORIENTED_EDGE( '', *, *, #6415, .F. );
#3715 = ORIENTED_EDGE( '', *, *, #6416, .F. );
#3716 = ORIENTED_EDGE( '', *, *, #6417, .F. );
#3717 = ORIENTED_EDGE( '', *, *, #6349, .T. );
#3718 = CARTESIAN_POINT( '', ( 0.215500000000000, 0.0930000000000000, -0.0420000000000000 ) );
#3719 = DIRECTION( '', ( 0.000000000000000, 0.000000000000000, -1.00000000000000 ) );
#3720 = DIRECTION( '', ( -1.00000000000000, 0.000000000000000, 0.000000000000000 ) );
#3721 = SURFACE_STYLE_FILL_AREA( #6418 );
#3722 = ORIENTED_EDGE( '', *, *, #6419, .F. );
#3723 = ORIENTED_EDGE( '', *, *, #6420, .T. );
#3724 = ORIENTED_EDGE( '', *, *, #6421, .T. );
#3725 = ORIENTED_EDGE( '', *, *, #6298, .F. );
#3726 = CARTESIAN_POINT( '', ( 0.215500000000000, 0.335000000000000, 0.0345000000000000 ) );
#3727 = DIRECTION( '', ( 0.000000000000000, -0.000000000000000, 1.00000000000000 ) );
#3728 = DIRECTION( '', ( 1.00000000000000, 0.000000000000000, -0.000000000000000 ) );
#3729 = SURFACE_STYLE_FILL_AREA( #6422 );
#3730 = ORIENTED_EDGE( '', *, *, #6423, .T. );
#3731 = ORIENTED_EDGE( '', *, *, #6424, .F. );
#3732 = ORIENTED_EDGE( '', *, *, #6165, .F. );
#3733 = ORIENTED_EDGE( '', *, *, #6425, .T. );
#3734 = CARTESIAN_POINT( '', ( -0.0250000000000000, 0.185000000000000, 0.0825182600000000 ) );
#3735 = DIRECTION( '', ( 0.000000000000000, 0.0157073173118207, 0.999876632481661 ) );
#3736 = DIRECTION( '', ( 0.000000000000000, -0.999876632481661, 0.0157073173118207 ) );
#3737 = SURFACE_STYLE_FILL_AREA( #6426 );
#3738 = ORIENTED_EDGE( '', *, *, #6427, .T. );
#3739 = ORIENTED_EDGE( '', *, *, #6428, .F. );
#3740 = ORIENTED_EDGE( '', *, *, #6429, .F. );
#3741 = ORIENTED_EDGE( '', *, *, #5977, .T. );
#3742 = CARTESIAN_POINT( '', ( -0.0600000000000000, 0.185000000000000, 0.0174817400000000 ) );
#3743 = DIRECTION( '', ( -2.66749118394219E-17, 0.0157073173118207, -0.999876632481661 ) );
#3744 = DIRECTION( '', ( 0.000000000000000, 0.999876632481661, 0.0157073173118207 ) );
#3745 = SURFACE_STYLE_FILL_AREA( #6430 );
#3746 = ORIENTED_EDGE( '', *, *, #6431, .T. );
#3747 = ORIENTED_EDGE( '', *, *, #6432, .F. );
#3748 = ORIENTED_EDGE( '', *, *, #6163, .F. );
#3749 = ORIENTED_EDGE( '', *, *, #6413, .T. );
#3750 = CARTESIAN_POINT( '', ( -0.0400000000000000, 0.185000000000000, 0.0174817400000000 ) );
#3751 = DIRECTION( '', ( -0.999876632481661, 0.0157073173118207, 0.000000000000000 ) );
#3752 = DIRECTION( '', ( -0.0157073173118207, -0.999876632481661, 0.000000000000000 ) );
#3753 = SURFACE_STYLE_FILL_AREA( #6433 );
#3754 = ORIENTED_EDGE( '', *, *, #6434, .T. );
#3755 = ORIENTED_EDGE( '', *, *, #6425, .F. );
#3756 = ORIENTED_EDGE( '', *, *, #6164, .F. );
#3757 = ORIENTED_EDGE( '', *, *, #6432, .T. );
#3758 = CARTESIAN_POINT( '', ( -0.0249999999999999, 0.185000000000000, 0.0675182600000000 ) );
#3759 = DIRECTION( '', ( -0.000000000000000, -1.00000000000000, -0.000000000000000 ) );
#3760 = DIRECTION( '', ( 1.00000000000000, 0.000000000000000, 0.000000000000000 ) );
#3761 = SURFACE_STYLE_FILL_AREA( #6435 );
#3762 = ORIENTED_EDGE( '', *, *, #6436, .F. );
#3763 = ORIENTED_EDGE( '', *, *, #6437, .T. );
#3764 = ORIENTED_EDGE( '', *, *, #6438, .F. );
#3765 = ORIENTED_EDGE( '', *, *, #6125, .F. );
#3766 = CARTESIAN_POINT( '', ( -0.233000000000000, 0.300000000000000, 0.0605000000000000 ) );
#3767 = DIRECTION( '', ( 0.000000000000000, 0.000000000000000, -1.00000000000000 ) );
#3768 = DIRECTION( '', ( -1.00000000000000, 0.000000000000000, 0.000000000000000 ) );
#3769 = SURFACE_STYLE_FILL_AREA( #6439 );
#3770 = ORIENTED_EDGE( '', *, *, #6440, .F. );
#3771 = ORIENTED_EDGE( '', *, *, #6441, .T. );
#3772 = ORIENTED_EDGE( '', *, *, #6442, .T. );
#3773 = ORIENTED_EDGE( '', *, *, #6443, .F. );
#3774 = CARTESIAN_POINT( '', ( 0.0155000000000000, 0.335000000000000, -0.0655000000000000 ) );
#3775 = DIRECTION( '', ( 0.000000000000000, -0.000000000000000, 1.00000000000000 ) );
#3776 = DIRECTION( '', ( 1.00000000000000, 0.000000000000000, -0.000000000000000 ) );
#3777 = SURFACE_STYLE_FILL_AREA( #6444 );
#3778 = ORIENTED_EDGE( '', *, *, #6103, .F. );
#3779 = ORIENTED_EDGE( '', *, *, #6445, .T. );
#3780 = ORIENTED_EDGE( '', *, *, #6446, .T. );
#3781 = ORIENTED_EDGE( '', *, *, #6447, .F. );
#3782 = CARTESIAN_POINT( '', ( 0.0670000000000000, 0.300000000000000, -0.0395000000000000 ) );
#3783 = DIRECTION( '', ( 0.000000000000000, 0.000000000000000, -1.00000000000000 ) );
#3784 = DIRECTION( '', ( -1.00000000000000, 0.000000000000000, 0.000000000000000 ) );
#3785 = SURFACE_STYLE_FILL_AREA( #6448 );
#3786 = ORIENTED_EDGE( '', *, *, #6449, .T. );
#3787 = ORIENTED_EDGE( '', *, *, #6253, .F. );
#3788 = ORIENTED_EDGE( '', *, *, #6049, .F. );
#3789 = ORIENTED_EDGE( '', *, *, #6450, .T. );
#3790 = CARTESIAN_POINT( '', ( 0.240000000000000, 0.185000000000000, -0.0174817400000000 ) );
#3791 = DIRECTION( '', ( 0.999876632481661, 0.0157073173118207, 0.000000000000000 ) );
#3792 = DIRECTION( '', ( -0.0157073173118207, 0.999876632481661, 0.000000000000000 ) );
#3793 = SURFACE_STYLE_FILL_AREA( #6451 );
#3794 = ORIENTED_EDGE( '', *, *, #6381, .F. );
#3795 = ORIENTED_EDGE( '', *, *, #6452, .F. );
#3796 = ORIENTED_EDGE( '', *, *, #6453, .F. );
#3797 = ORIENTED_EDGE( '', *, *, #6201, .T. );
#3798 = CARTESIAN_POINT( '', ( 0.215500000000000, 0.0120000000000000, 0.197500000000000 ) );
#3799 = DIRECTION( '', ( 0.000000000000000, 0.000000000000000, -1.00000000000000 ) );
#3800 = DIRECTION( '', ( -1.00000000000000, 0.000000000000000, 0.000000000000000 ) );
#3801 = SURFACE_STYLE_FILL_AREA( #6454 );
#3802 = ORIENTED_EDGE( '', *, *, #6455, .T. );
#3803 = ORIENTED_EDGE( '', *, *, #6456, .F. );
#3804 = ORIENTED_EDGE( '', *, *, #6457, .T. );
#3805 = ORIENTED_EDGE( '', *, *, #6091, .T. );
#3806 = ORIENTED_EDGE( '', *, *, #6458, .T. );
#3807 = ORIENTED_EDGE( '', *, *, #6459, .T. );
#3808 = ORIENTED_EDGE( '', *, *, #6460, .T. );
#3809 = ORIENTED_EDGE( '', *, *, #6083, .T. );
#3810 = ORIENTED_EDGE( '', *, *, #6461, .T. );
#3811 = ORIENTED_EDGE( '', *, *, #6462, .T. );
#3812 = ORIENTED_EDGE( '', *, *, #6463, .T. );
#3813 = ORIENTED_EDGE( '', *, *, #6464, .T. );
#3814 = ORIENTED_EDGE( '', *, *, #6261, .T. );
#3815 = ORIENTED_EDGE( '', *, *, #5984, .T. );
#3816 = ORIENTED_EDGE( '', *, *, #6465, .T. );
#3817 = ORIENTED_EDGE( '', *, *, #6443, .T. );
#3818 = ORIENTED_EDGE( '', *, *, #6466, .T. );
#3819 = ORIENTED_EDGE( '', *, *, #6467, .T. );
#3820 = ORIENTED_EDGE( '', *, *, #6468, .T. );
#3821 = ORIENTED_EDGE( '', *, *, #6469, .T. );
#3822 = ORIENTED_EDGE( '', *, *, #6470, .T. );
#3823 = ORIENTED_EDGE( '', *, *, #6471, .T. );
#3824 = ORIENTED_EDGE( '', *, *, #5961, .T. );
#3825 = ORIENTED_EDGE( '', *, *, #6472, .T. );
#3826 = ORIENTED_EDGE( '', *, *, #6473, .T. );
#3827 = ORIENTED_EDGE( '', *, *, #6371, .T. );
#3828 = ORIENTED_EDGE( '', *, *, #5957, .T. );
#3829 = ORIENTED_EDGE( '', *, *, #6474, .T. );
#3830 = CARTESIAN_POINT( '', ( 0.0400000000000000, 0.0200000000000000, 0.250000000000000 ) );
#3831 = DIRECTION( '', ( 0.000000000000000, -1.00000000000000, 0.000000000000000 ) );
#3832 = DIRECTION( '', ( 0.000000000000000, 0.000000000000000, -1.00000000000000 ) );
#3833 = SURFACE_STYLE_FILL_AREA( #6475 );
#3834 = ORIENTED_EDGE( '', *, *, #6476, .F. );
#3835 = ORIENTED_EDGE( '', *, *, #6477, .T. );
#3836 = ORIENTED_EDGE( '', *, *, #6478, .T. );
#3837 = ORIENTED_EDGE( '', *, *, #6479, .F. );
#3838 = CARTESIAN_POINT( '', ( -0.0670000000000000, 0.300000000000000, -0.0605000000000000 ) );
#3839 = DIRECTION( '', ( 0.000000000000000, -0.000000000000000, 1.00000000000000 ) );
#3840 = DIRECTION( '', ( 1.00000000000000, 0.000000000000000, -0.000000000000000 ) );
#3841 = SURFACE_STYLE_FILL_AREA( #6480 );
#3842 = ORIENTED_EDGE( '', *, *, #6481, .F. );
#3843 = ORIENTED_EDGE( '', *, *, #6482, .T. );
#3844 = ORIENTED_EDGE( '', *, *, #6483, .T. );
#3845 = ORIENTED_EDGE( '', *, *, #6484, .F. );
#3846 = CARTESIAN_POINT( '', ( 0.0670000000000000, 0.300000000000000, 0.0395000000000000 ) );
#3847 = DIRECTION( '', ( 1.00000000000000, 0.000000000000000, 0.000000000000000 ) );
#3848 = DIRECTION( '', ( 0.000000000000000, 0.000000000000000, -1.00000000000000 ) );
#3849 = SURFACE_STYLE_FILL_AREA( #6485 );
#3850 = ORIENTED_EDGE( '', *, *, #6486, .F. );
#3851 = ORIENTED_EDGE( '', *, *, #6345, .T. );
#3852 = ORIENTED_EDGE( '', *, *, #6487, .F. );
#3853 = ORIENTED_EDGE( '', *, *, #6087, .F. );
#3854 = CARTESIAN_POINT( '', ( 0.215500000000000, 0.0930000000000000, -0.0420000000000000 ) );
#3855 = DIRECTION( '', ( 0.000000000000000, 0.000000000000000, -1.00000000000000 ) );
#3856 = DIRECTION( '', ( -1.00000000000000, 0.000000000000000, 0.000000000000000 ) );
#3857 = SURFACE_STYLE_FILL_AREA( #6488 );
#3858 = ORIENTED_EDGE( '', *, *, #6489, .F. );
#3859 = ORIENTED_EDGE( '', *, *, #6198, .T. );
#3860 = ORIENTED_EDGE( '', *, *, #6490, .T. );
#3861 = ORIENTED_EDGE( '', *, *, #6491, .F. );
#3862 = CARTESIAN_POINT( '', ( 0.215500000000000, 0.0120000000000000, 0.197500000000000 ) );
#3863 = DIRECTION( '', ( 0.000000000000000, 0.000000000000000, -1.00000000000000 ) );
#3864 = DIRECTION( '', ( -1.00000000000000, 0.000000000000000, 0.000000000000000 ) );
#3865 = SURFACE_STYLE_FILL_AREA( #6492 );
#3866 = ORIENTED_EDGE( '', *, *, #5959, .T. );
#3867 = ORIENTED_EDGE( '', *, *, #6370, .F. );
#3868 = ORIENTED_EDGE( '', *, *, #6493, .F. );
#3869 = ORIENTED_EDGE( '', *, *, #6494, .F. );
#3870 = CARTESIAN_POINT( '', ( 0.200000000000000, 0.300000000000000, 0.000000000000000 ) );
#3871 = DIRECTION( '', ( 0.000000000000000, 1.00000000000000, -0.000000000000000 ) );
#3872 = DIRECTION( '', ( 0.000000000000000, 0.000000000000000, 1.00000000000000 ) );
#3873 = SURFACE_STYLE_FILL_AREA( #6495 );
#3874 = ORIENTED_EDGE( '', *, *, #6496, .F. );
#3875 = ORIENTED_EDGE( '', *, *, #6497, .T. );
#3876 = ORIENTED_EDGE( '', *, *, #6498, .T. );
#3877 = ORIENTED_EDGE( '', *, *, #6499, .F. );
#3878 = CARTESIAN_POINT( '', ( 0.215500000000000, 0.0360000000000000, 0.0780000000000000 ) );
#3879 = DIRECTION( '', ( 1.00000000000000, -0.000000000000000, -0.000000000000000 ) );
#3880 = DIRECTION( '', ( 0.000000000000000, 0.000000000000000, 1.00000000000000 ) );
#3881 = SURFACE_STYLE_FILL_AREA( #6500 );
#3882 = ORIENTED_EDGE( '', *, *, #6326, .T. );
#3883 = ORIENTED_EDGE( '', *, *, #6501, .T. );
#3884 = ORIENTED_EDGE( '', *, *, #6342, .F. );
#3885 = ORIENTED_EDGE( '', *, *, #6502, .T. );
#3886 = ORIENTED_EDGE( '', *, *, #6503, .F. );
#3887 = ORIENTED_EDGE( '', *, *, #6504, .T. );
#3888 = ORIENTED_EDGE( '', *, *, #6505, .T. );
#3889 = ORIENTED_EDGE( '', *, *, #6506, .T. );
#3890 = ORIENTED_EDGE( '', *, *, #6507, .T. );
#3891 = ORIENTED_EDGE( '', *, *, #6373, .T. );
#3892 = CARTESIAN_POINT( '', ( 0.0155000000000000, 0.0930000000000000, 5.00000000000000 ) );
#3893 = DIRECTION( '', ( 1.00000000000000, 0.000000000000000, -0.000000000000000 ) );
#3894 = DIRECTION( '', ( -0.000000000000000, 0.000000000000000, -1.00000000000000 ) );
#3895 = SURFACE_STYLE_FILL_AREA( #6508 );
#3896 = ORIENTED_EDGE( '', *, *, #6509, .T. );
#3897 = ORIENTED_EDGE( '', *, *, #6510, .F. );
#3898 = ORIENTED_EDGE( '', *, *, #6511, .F. );
#3899 = ORIENTED_EDGE( '', *, *, #6512, .T. );
#3900 = CARTESIAN_POINT( '', ( 0.0400000000000000, 0.185000000000000, -0.0174817400000000 ) );
#3901 = DIRECTION( '', ( 0.999876632481661, 0.0157073173118207, 0.000000000000000 ) );
#3902 = DIRECTION( '', ( -0.0157073173118207, 0.999876632481661, 0.000000000000000 ) );
#3903 = SURFACE_STYLE_FILL_AREA( #6513 );
#3904 = ORIENTED_EDGE( '', *, *, #6514, .T. );
#3905 = ORIENTED_EDGE( '', *, *, #6515, .T. );
#3906 = ORIENTED_EDGE( '', *, *, #6516, .T. );
#3907 = ORIENTED_EDGE( '', *, *, #6517, .T. );
#3908 = ORIENTED_EDGE( '', *, *, #5978, .T. );
#3909 = ORIENTED_EDGE( '', *, *, #6429, .T. );
#3910 = ORIENTED_EDGE( '', *, *, #6518, .F. );
#3911 = ORIENTED_EDGE( '', *, *, #6057, .F. );
#3912 = ORIENTED_EDGE( '', *, *, #6519, .F. );
#3913 = ORIENTED_EDGE( '', *, *, #6306, .F. );
#3914 = CARTESIAN_POINT( '', ( -0.125000000000000, 0.335000000000000, 0.0675182600000000 ) );
#3915 = DIRECTION( '', ( 0.000000000000000, 1.00000000000000, 0.000000000000000 ) );
#3916 = DIRECTION( '', ( 0.000000000000000, -0.000000000000000, 1.00000000000000 ) );
#3917 = SURFACE_STYLE_FILL_AREA( #6520 );
#3918 = ORIENTED_EDGE( '', *, *, #6521, .T. );
#3919 = ORIENTED_EDGE( '', *, *, #6064, .F. );
#3920 = ORIENTED_EDGE( '', *, *, #6522, .F. );
#3921 = ORIENTED_EDGE( '', *, *, #6523, .T. );
#3922 = CARTESIAN_POINT( '', ( 0.160000000000000, 0.185000000000000, 0.0174817400000000 ) );
#3923 = DIRECTION( '', ( -0.999876632481661, 0.0157073173118207, 0.000000000000000 ) );
#3924 = DIRECTION( '', ( -0.0157073173118207, -0.999876632481661, 0.000000000000000 ) );
#3925 = SURFACE_STYLE_FILL_AREA( #6524 );
#3926 = ORIENTED_EDGE( '', *, *, #6525, .F. );
#3927 = ORIENTED_EDGE( '', *, *, #6161, .T. );
#3928 = ORIENTED_EDGE( '', *, *, #6105, .T. );
#3929 = ORIENTED_EDGE( '', *, *, #6526, .F. );
#3930 = CARTESIAN_POINT( '', ( 0.0845000000000000, 0.335000000000000, -0.0345000000000000 ) );
#3931 = DIRECTION( '', ( 0.000000000000000, 0.000000000000000, -1.00000000000000 ) );
#3932 = DIRECTION( '', ( -1.00000000000000, 0.000000000000000, 0.000000000000000 ) );
#3933 = SURFACE_STYLE_FILL_AREA( #6527 );
#3934 = ORIENTED_EDGE( '', *, *, #6528, .T. );
#3935 = ORIENTED_EDGE( '', *, *, #6208, .F. );
#3936 = ORIENTED_EDGE( '', *, *, #6529, .F. );
#3937 = ORIENTED_EDGE( '', *, *, #6530, .F. );
#3938 = CARTESIAN_POINT( '', ( 0.000000000000000, 0.300000000000000, -0.100000000000000 ) );
#3939 = DIRECTION( '', ( 0.000000000000000, 1.00000000000000, -0.000000000000000 ) );
#3940 = DIRECTION( '', ( 0.000000000000000, 0.000000000000000, 1.00000000000000 ) );
#3941 = SURFACE_STYLE_FILL_AREA( #6531 );
#3942 = ORIENTED_EDGE( '', *, *, #6410, .F. );
#3943 = ORIENTED_EDGE( '', *, *, #6402, .T. );
#3944 = ORIENTED_EDGE( '', *, *, #6532, .F. );
#3945 = ORIENTED_EDGE( '', *, *, #6279, .F. );
#3946 = CARTESIAN_POINT( '', ( 0.167000000000000, 0.300000000000000, -0.0395000000000000 ) );
#3947 = DIRECTION( '', ( 0.000000000000000, 0.000000000000000, -1.00000000000000 ) );
#3948 = DIRECTION( '', ( -1.00000000000000, 0.000000000000000, 0.000000000000000 ) );
#3949 = SURFACE_STYLE_FILL_AREA( #6533 );
#3950 = ORIENTED_EDGE( '', *, *, #6534, .F. );
#3951 = ORIENTED_EDGE( '', *, *, #6272, .F. );
#3952 = ORIENTED_EDGE( '', *, *, #6535, .F. );
#3953 = ORIENTED_EDGE( '', *, *, #6536, .T. );
#3954 = ORIENTED_EDGE( '', *, *, #6537, .F. );
#3955 = ORIENTED_EDGE( '', *, *, #6538, .F. );
#3956 = ORIENTED_EDGE( '', *, *, #5947, .F. );
#3957 = ORIENTED_EDGE( '', *, *, #6239, .T. );
#3958 = ORIENTED_EDGE( '', *, *, #6539, .F. );
#3959 = ORIENTED_EDGE( '', *, *, #6455, .F. );
#3960 = ORIENTED_EDGE( '', *, *, #6090, .F. );
#3961 = ORIENTED_EDGE( '', *, *, #6540, .T. );
#3962 = ORIENTED_EDGE( '', *, *, #6220, .F. );
#3963 = ORIENTED_EDGE( '', *, *, #6541, .F. );
#3964 = ORIENTED_EDGE( '', *, *, #6211, .F. );
#3965 = ORIENTED_EDGE( '', *, *, #6542, .T. );
#3966 = ORIENTED_EDGE( '', *, *, #6255, .F. );
#3967 = ORIENTED_EDGE( '', *, *, #6118, .F. );
#3968 = ORIENTED_EDGE( '', *, *, #6543, .F. );
#3969 = ORIENTED_EDGE( '', *, *, #6544, .T. );
#3970 = ORIENTED_EDGE( '', *, *, #6545, .F. );
#3971 = ORIENTED_EDGE( '', *, *, #6546, .F. );
#3972 = ORIENTED_EDGE( '', *, *, #6547, .T. );
#3973 = ORIENTED_EDGE( '', *, *, #6067, .T. );
#3974 = CARTESIAN_POINT( '', ( 0.257500000000000, 0.185000000000000, -0.0975000000000000 ) );
#3975 = DIRECTION( '', ( 0.000000000000000, -0.000000000000000, 1.00000000000000 ) );
#3976 = DIRECTION( '', ( 1.00000000000000, 0.000000000000000, -0.000000000000000 ) );
#3977 = SURFACE_STYLE_FILL_AREA( #6548 );
#3978 = ORIENTED_EDGE( '', *, *, #6549, .F. );
#3979 = ORIENTED_EDGE( '', *, *, #6069, .T. );
#3980 = ORIENTED_EDGE( '', *, *, #6550, .F. );
#3981 = ORIENTED_EDGE( '', *, *, #6551, .F. );
#3982 = ORIENTED_EDGE( '', *, *, #6552, .T. );
#3983 = ORIENTED_EDGE( '', *, *, #6553, .T. );
#3984 = ORIENTED_EDGE( '', *, *, #6554, .F. );
#3985 = ORIENTED_EDGE( '', *, *, #6120, .F. );
#3986 = ORIENTED_EDGE( '', *, *, #6257, .F. );
#3987 = ORIENTED_EDGE( '', *, *, #6555, .T. );
#3988 = ORIENTED_EDGE( '', *, *, #6213, .F. );
#3989 = ORIENTED_EDGE( '', *, *, #6556, .F. );
#3990 = ORIENTED_EDGE( '', *, *, #6222, .F. );
#3991 = ORIENTED_EDGE( '', *, *, #6557, .T. );
#3992 = ORIENTED_EDGE( '', *, *, #6092, .F. );
#3993 = ORIENTED_EDGE( '', *, *, #6457, .F. );
#3994 = ORIENTED_EDGE( '', *, *, #6558, .F. );
#3995 = ORIENTED_EDGE( '', *, *, #6237, .T. );
#3996 = ORIENTED_EDGE( '', *, *, #5949, .F. );
#3997 = ORIENTED_EDGE( '', *, *, #6559, .F. );
#3998 = ORIENTED_EDGE( '', *, *, #6560, .F. );
#3999 = ORIENTED_EDGE( '', *, *, #6561, .T. );
#4000 = ORIENTED_EDGE( '', *, *, #6562, .F. );
#4001 = ORIENTED_EDGE( '', *, *, #6274, .F. );
#4002 = CARTESIAN_POINT( '', ( -0.257500000000000, 0.185000000000000, 0.0975000000000000 ) );
#4003 = DIRECTION( '', ( 0.000000000000000, 0.000000000000000, -1.00000000000000 ) );
#4004 = DIRECTION( '', ( -1.00000000000000, 0.000000000000000, 0.000000000000000 ) );
#4005 = SURFACE_STYLE_FILL_AREA( #6563 );
#4006 = ORIENTED_EDGE( '', *, *, #6564, .T. );
#4007 = ORIENTED_EDGE( '', *, *, #6565, .T. );
#4008 = ORIENTED_EDGE( '', *, *, #6566, .T. );
#4009 = ORIENTED_EDGE( '', *, *, #6567, .T. );
#4010 = ORIENTED_EDGE( '', *, *, #6568, .T. );
#4011 = ORIENTED_EDGE( '', *, *, #6569, .T. );
#4012 = ORIENTED_EDGE( '', *, *, #6570, .F. );
#4013 = ORIENTED_EDGE( '', *, *, #6571, .F. );
#4014 = ORIENTED_EDGE( '', *, *, #6572, .F. );
#4015 = ORIENTED_EDGE( '', *, *, #6573, .F. );
#4016 = CARTESIAN_POINT( '', ( 0.0750000000000001, 0.335000000000000, 0.0675182600000000 ) );
#4017 = DIRECTION( '', ( 0.000000000000000, 1.00000000000000, 0.000000000000000 ) );
#4018 = DIRECTION( '', ( 0.000000000000000, -0.000000000000000, 1.00000000000000 ) );
#4019 = SURFACE_STYLE_FILL_AREA( #6574 );
#4020 = ORIENTED_EDGE( '', *, *, #6077, .F. );
#4021 = ORIENTED_EDGE( '', *, *, #6575, .T. );
#4022 = ORIENTED_EDGE( '', *, *, #6576, .T. );
#4023 = ORIENTED_EDGE( '', *, *, #6577, .T. );
#4024 = CARTESIAN_POINT( '', ( 0.215500000000000, 0.0360000000000000, 0.0780000000000000 ) );
#4025 = DIRECTION( '', ( 1.00000000000000, -0.000000000000000, -0.000000000000000 ) );
#4026 = DIRECTION( '', ( 0.000000000000000, 0.000000000000000, 1.00000000000000 ) );
#4027 = SURFACE_STYLE_FILL_AREA( #6578 );
#4028 = ORIENTED_EDGE( '', *, *, #6297, .F. );
#4029 = ORIENTED_EDGE( '', *, *, #6579, .T. );
#4030 = ORIENTED_EDGE( '', *, *, #6300, .F. );
#4031 = ORIENTED_EDGE( '', *, *, #6580, .T. );
#4032 = ORIENTED_EDGE( '', *, *, #6293, .F. );
#4033 = ORIENTED_EDGE( '', *, *, #6581, .F. );
#4034 = ORIENTED_EDGE( '', *, *, #6582, .T. );
#4035 = ORIENTED_EDGE( '', *, *, #6419, .T. );
#4036 = CARTESIAN_POINT( '', ( 0.215500000000000, 0.335000000000000, 0.0655000000000000 ) );
#4037 = DIRECTION( '', ( -1.00000000000000, 0.000000000000000, 0.000000000000000 ) );
#4038 = DIRECTION( '', ( 0.000000000000000, 0.000000000000000, 1.00000000000000 ) );
#4039 = SURFACE_STYLE_FILL_AREA( #6583 );
#4040 = ORIENTED_EDGE( '', *, *, #6377, .F. );
#4041 = ORIENTED_EDGE( '', *, *, #6584, .F. );
#4042 = ORIENTED_EDGE( '', *, *, #6585, .F. );
#4043 = ORIENTED_EDGE( '', *, *, #6586, .T. );
#4044 = ORIENTED_EDGE( '', *, *, #6587, .T. );
#4045 = ORIENTED_EDGE( '', *, *, #6498, .F. );
#4046 = ORIENTED_EDGE( '', *, *, #6588, .F. );
#4047 = ORIENTED_EDGE( '', *, *, #6332, .F. );
#4048 = ORIENTED_EDGE( '', *, *, #6589, .F. );
#4049 = ORIENTED_EDGE( '', *, *, #6576, .F. );
#4050 = ORIENTED_EDGE( '', *, *, #6590, .F. );
#4051 = ORIENTED_EDGE( '', *, *, #6359, .F. );
#4052 = ORIENTED_EDGE( '', *, *, #6591, .F. );
#4053 = ORIENTED_EDGE( '', *, *, #6592, .F. );
#4054 = ORIENTED_EDGE( '', *, *, #6593, .F. );
#4055 = ORIENTED_EDGE( '', *, *, #6355, .F. );
#4056 = ORIENTED_EDGE( '', *, *, #6594, .F. );
#4057 = ORIENTED_EDGE( '', *, *, #6595, .F. );
#4058 = ORIENTED_EDGE( '', *, *, #5991, .F. );
#4059 = ORIENTED_EDGE( '', *, *, #6352, .F. );
#4060 = CARTESIAN_POINT( '', ( 0.215500000000000, 0.0980000000000000, 0.0580000000000000 ) );
#4061 = DIRECTION( '', ( 0.000000000000000, 0.000000000000000, -1.00000000000000 ) );
#4062 = DIRECTION( '', ( -1.00000000000000, 0.000000000000000, 0.000000000000000 ) );
#4063 = SURFACE_STYLE_FILL_AREA( #6596 );
#4064 = ORIENTED_EDGE( '', *, *, #6594, .T. );
#4065 = ORIENTED_EDGE( '', *, *, #6354, .T. );
#4066 = ORIENTED_EDGE( '', *, *, #6597, .T. );
#4067 = ORIENTED_EDGE( '', *, *, #6598, .T. );
#4068 = ORIENTED_EDGE( '', *, *, #6599, .T. );
#4069 = ORIENTED_EDGE( '', *, *, #6600, .T. );
#4070 = ORIENTED_EDGE( '', *, *, #5954, .T. );
#4071 = ORIENTED_EDGE( '', *, *, #6205, .T. );
#4072 = ORIENTED_EDGE( '', *, *, #6601, .T. );
#4073 = ORIENTED_EDGE( '', *, *, #6602, .F. );
#4074 = CARTESIAN_POINT( '', ( 0.0845000000000000, -0.100000000000000, 5.00000000000000 ) );
#4075 = DIRECTION( '', ( -1.00000000000000, 0.000000000000000, 0.000000000000000 ) );
#4076 = DIRECTION( '', ( 0.000000000000000, 0.000000000000000, 1.00000000000000 ) );
#4077 = SURFACE_STYLE_FILL_AREA( #6603 );
#4078 = ORIENTED_EDGE( '', *, *, #6604, .F. );
#4079 = ORIENTED_EDGE( '', *, *, #6605, .T. );
#4080 = ORIENTED_EDGE( '', *, *, #6259, .T. );
#4081 = ORIENTED_EDGE( '', *, *, #6464, .F. );
#4082 = CARTESIAN_POINT( '', ( -0.0330000000000000, 0.300000000000000, -0.0395000000000000 ) );
#4083 = DIRECTION( '', ( 0.000000000000000, 0.000000000000000, -1.00000000000000 ) );
#4084 = DIRECTION( '', ( -1.00000000000000, 0.000000000000000, 0.000000000000000 ) );
#4085 = SURFACE_STYLE_FILL_AREA( #6606 );
#4086 = ORIENTED_EDGE( '', *, *, #6607, .T. );
#4087 = ORIENTED_EDGE( '', *, *, #6608, .F. );
#4088 = ORIENTED_EDGE( '', *, *, #6609, .F. );
#4089 = ORIENTED_EDGE( '', *, *, #6610, .T. );
#4090 = CARTESIAN_POINT( '', ( -0.0600000000000000, 0.185000000000000, -0.0174817400000000 ) );
#4091 = DIRECTION( '', ( 0.999876632481661, 0.0157073173118207, 0.000000000000000 ) );
#4092 = DIRECTION( '', ( -0.0157073173118207, 0.999876632481661, 0.000000000000000 ) );
#4093 = SURFACE_STYLE_FILL_AREA( #6611 );
#4094 = ORIENTED_EDGE( '', *, *, #6541, .T. );
#4095 = ORIENTED_EDGE( '', *, *, #6223, .F. );
#4096 = ORIENTED_EDGE( '', *, *, #6556, .T. );
#4097 = ORIENTED_EDGE( '', *, *, #6212, .T. );
#4098 = ORIENTED_EDGE( '', *, *, #6612, .T. );
#4099 = ORIENTED_EDGE( '', *, *, #6479, .T. );
#4100 = ORIENTED_EDGE( '', *, *, #6613, .T. );
#4101 = ORIENTED_EDGE( '', *, *, #6614, .T. );
#4102 = ORIENTED_EDGE( '', *, *, #6615, .T. );
#4103 = ORIENTED_EDGE( '', *, *, #6616, .T. );
#4104 = ORIENTED_EDGE( '', *, *, #6617, .T. );
#4105 = ORIENTED_EDGE( '', *, *, #6618, .T. );
#4106 = ORIENTED_EDGE( '', *, *, #6619, .T. );
#4107 = ORIENTED_EDGE( '', *, *, #6112, .T. );
#4108 = ORIENTED_EDGE( '', *, *, #6620, .T. );
#4109 = ORIENTED_EDGE( '', *, *, #6621, .T. );
#4110 = ORIENTED_EDGE( '', *, *, #6622, .T. );
#4111 = ORIENTED_EDGE( '', *, *, #6318, .T. );
#4112 = ORIENTED_EDGE( '', *, *, #6390, .T. );
#4113 = ORIENTED_EDGE( '', *, *, #6313, .T. );
#4114 = ORIENTED_EDGE( '', *, *, #6623, .T. );
#4115 = ORIENTED_EDGE( '', *, *, #6308, .T. );
#4116 = ORIENTED_EDGE( '', *, *, #6624, .T. );
#4117 = ORIENTED_EDGE( '', *, *, #6625, .T. );
#4118 = ORIENTED_EDGE( '', *, *, #6626, .T. );
#4119 = ORIENTED_EDGE( '', *, *, #6627, .T. );
#4120 = ORIENTED_EDGE( '', *, *, #6628, .T. );
#4121 = ORIENTED_EDGE( '', *, *, #6059, .T. );
#4122 = CARTESIAN_POINT( '', ( -0.0600000000000000, 0.0200000000000000, 0.250000000000000 ) );
#4123 = DIRECTION( '', ( 0.000000000000000, -1.00000000000000, 0.000000000000000 ) );
#4124 = DIRECTION( '', ( 0.000000000000000, 0.000000000000000, -1.00000000000000 ) );
#4125 = SURFACE_STYLE_FILL_AREA( #6629 );
#4126 = ORIENTED_EDGE( '', *, *, #6630, .F. );
#4127 = ORIENTED_EDGE( '', *, *, #6561, .F. );
#4128 = ORIENTED_EDGE( '', *, *, #6631, .F. );
#4129 = ORIENTED_EDGE( '', *, *, #6536, .F. );
#4130 = CARTESIAN_POINT( '', ( 0.000000000000000, 0.000000000000000, -0.000000000000000 ) );
#4131 = DIRECTION( '', ( 0.000000000000000, 1.00000000000000, -0.000000000000000 ) );
#4132 = DIRECTION( '', ( 0.000000000000000, 0.000000000000000, 1.00000000000000 ) );
#4133 = SURFACE_STYLE_FILL_AREA( #6632 );
#4134 = ORIENTED_EDGE( '', *, *, #6478, .F. );
#4135 = ORIENTED_EDGE( '', *, *, #6633, .T. );
#4136 = ORIENTED_EDGE( '', *, *, #6634, .T. );
#4137 = ORIENTED_EDGE( '', *, *, #6613, .F. );
#4138 = CARTESIAN_POINT( '', ( -0.133000000000000, 0.300000000000000, -0.0605000000000000 ) );
#4139 = DIRECTION( '', ( 1.00000000000000, 0.000000000000000, 0.000000000000000 ) );
#4140 = DIRECTION( '', ( 0.000000000000000, 0.000000000000000, -1.00000000000000 ) );
#4141 = SURFACE_STYLE_FILL_AREA( #6635 );
#4142 = ORIENTED_EDGE( '', *, *, #6636, .F. );
#4143 = ORIENTED_EDGE( '', *, *, #6385, .T. );
#4144 = ORIENTED_EDGE( '', *, *, #6637, .F. );
#4145 = ORIENTED_EDGE( '', *, *, #6131, .F. );
#4146 = CARTESIAN_POINT( '', ( -0.167000000000000, 0.300000000000000, 0.0395000000000000 ) );
#4147 = DIRECTION( '', ( 0.000000000000000, -0.000000000000000, 1.00000000000000 ) );
#4148 = DIRECTION( '', ( 1.00000000000000, 0.000000000000000, -0.000000000000000 ) );
#4149 = SURFACE_STYLE_FILL_AREA( #6638 );
#4150 = ORIENTED_EDGE( '', *, *, #6639, .T. );
#4151 = ORIENTED_EDGE( '', *, *, #5969, .F. );
#4152 = ORIENTED_EDGE( '', *, *, #6640, .F. );
#4153 = ORIENTED_EDGE( '', *, *, #6641, .T. );
#4154 = CARTESIAN_POINT( '', ( -0.240000000000000, 0.185000000000000, -0.0825182600000000 ) );
#4155 = DIRECTION( '', ( -0.999876632481661, 0.0157073173118207, 0.000000000000000 ) );
#4156 = DIRECTION( '', ( -0.0157073173118207, -0.999876632481661, 0.000000000000000 ) );
#4157 = SURFACE_STYLE_FILL_AREA( #6642 );
#4158 = ORIENTED_EDGE( '', *, *, #6643, .F. );
#4159 = ORIENTED_EDGE( '', *, *, #6644, .T. );
#4160 = ORIENTED_EDGE( '', *, *, #6645, .T. );
#4161 = ORIENTED_EDGE( '', *, *, #6616, .F. );
#4162 = CARTESIAN_POINT( '', ( -0.115500000000000, 0.335000000000000, -0.0345000000000000 ) );
#4163 = DIRECTION( '', ( 0.000000000000000, 0.000000000000000, -1.00000000000000 ) );
#4164 = DIRECTION( '', ( -1.00000000000000, 0.000000000000000, 0.000000000000000 ) );
#4165 = SURFACE_STYLE_FILL_AREA( #6646 );
#4166 = ORIENTED_EDGE( '', *, *, #6647, .F. );
#4167 = ORIENTED_EDGE( '', *, *, #6648, .T. );
#4168 = ORIENTED_EDGE( '', *, *, #6649, .F. );
#4169 = ORIENTED_EDGE( '', *, *, #6650, .F. );
#4170 = CARTESIAN_POINT( '', ( 0.215500000000000, -0.0840000000000000, 0.193500000000000 ) );
#4171 = DIRECTION( '', ( 0.000000000000000, -0.707106781186549, -0.707106781186546 ) );
#4172 = DIRECTION( '', ( 0.000000000000000, 0.707106781186546, -0.707106781186549 ) );
#4173 = SURFACE_STYLE_FILL_AREA( #6651 );
#4174 = ORIENTED_EDGE( '', *, *, #6073, .F. );
#4175 = ORIENTED_EDGE( '', *, *, #6652, .T. );
#4176 = ORIENTED_EDGE( '', *, *, #6653, .F. );
#4177 = ORIENTED_EDGE( '', *, *, #6654, .F. );
#4178 = CARTESIAN_POINT( '', ( 0.0670000000000000, 0.300000000000000, -0.0395000000000000 ) );
#4179 = DIRECTION( '', ( 0.000000000000000, 0.000000000000000, -1.00000000000000 ) );
#4180 = DIRECTION( '', ( -1.00000000000000, 0.000000000000000, 0.000000000000000 ) );
#4181 = SURFACE_STYLE_FILL_AREA( #6655 );
#4182 = ORIENTED_EDGE( '', *, *, #6656, .F. );
#4183 = ORIENTED_EDGE( '', *, *, #6009, .T. );
#4184 = ORIENTED_EDGE( '', *, *, #6657, .T. );
#4185 = ORIENTED_EDGE( '', *, *, #6625, .F. );
#4186 = CARTESIAN_POINT( '', ( -0.133000000000000, 0.300000000000000, 0.0605000000000000 ) );
#4187 = DIRECTION( '', ( 0.000000000000000, 0.000000000000000, -1.00000000000000 ) );
#4188 = DIRECTION( '', ( -1.00000000000000, 0.000000000000000, 0.000000000000000 ) );
#4189 = SURFACE_STYLE_FILL_AREA( #6658 );
#4190 = ORIENTED_EDGE( '', *, *, #6659, .T. );
#4191 = ORIENTED_EDGE( '', *, *, #6660, .F. );
#4192 = ORIENTED_EDGE( '', *, *, #6482, .F. );
#4193 = ORIENTED_EDGE( '', *, *, #6661, .F. );
#4194 = CARTESIAN_POINT( '', ( 0.300000000000000, 0.300000000000000, 0.000000000000000 ) );
#4195 = DIRECTION( '', ( 0.000000000000000, 1.00000000000000, -0.000000000000000 ) );
#4196 = DIRECTION( '', ( 0.000000000000000, 0.000000000000000, 1.00000000000000 ) );
#4197 = SURFACE_STYLE_FILL_AREA( #6662 );
#4198 = ORIENTED_EDGE( '', *, *, #5998, .F. );
#4199 = ORIENTED_EDGE( '', *, *, #6663, .T. );
#4200 = ORIENTED_EDGE( '', *, *, #6597, .F. );
#4201 = ORIENTED_EDGE( '', *, *, #6353, .F. );
#4202 = CARTESIAN_POINT( '', ( 0.215500000000000, 0.0360000000000000, 0.0420000000000000 ) );
#4203 = DIRECTION( '', ( 0.000000000000000, 0.000000000000000, 1.00000000000000 ) );
#4204 = DIRECTION( '', ( 1.00000000000000, 0.000000000000000, -0.000000000000000 ) );
#4205 = SURFACE_STYLE_FILL_AREA( #6664 );
#4206 = ORIENTED_EDGE( '', *, *, #5993, .F. );
#4207 = ORIENTED_EDGE( '', *, *, #6665, .T. );
#4208 = ORIENTED_EDGE( '', *, *, #6601, .F. );
#4209 = ORIENTED_EDGE( '', *, *, #6204, .F. );
#4210 = CARTESIAN_POINT( '', ( 0.215500000000000, 0.0160000000000000, 0.0780000000000000 ) );
#4211 = DIRECTION( '', ( 0.000000000000000, -1.00000000000000, 0.000000000000000 ) );
#4212 = DIRECTION( '', ( 0.000000000000000, 0.000000000000000, -1.00000000000000 ) );
#4213 = SURFACE_STYLE_FILL_AREA( #6666 );
#4214 = ORIENTED_EDGE( '', *, *, #6665, .F. );
#4215 = ORIENTED_EDGE( '', *, *, #5992, .T. );
#4216 = ORIENTED_EDGE( '', *, *, #6595, .T. );
#4217 = ORIENTED_EDGE( '', *, *, #6602, .T. );
#4218 = CARTESIAN_POINT( '', ( 0.215500000000000, 0.0360000000000000, 0.0780000000000000 ) );
#4219 = DIRECTION( '', ( 1.00000000000000, -0.000000000000000, -0.000000000000000 ) );
#4220 = DIRECTION( '', ( 0.000000000000000, 0.000000000000000, 1.00000000000000 ) );
#4221 = SURFACE_STYLE_FILL_AREA( #6667 );
#4222 = ORIENTED_EDGE( '', *, *, #6668, .T. );
#4223 = ORIENTED_EDGE( '', *, *, #6669, .F. );
#4224 = ORIENTED_EDGE( '', *, *, #6670, .T. );
#4225 = ORIENTED_EDGE( '', *, *, #6671, .T. );
#4226 = ORIENTED_EDGE( '', *, *, #6649, .T. );
#4227 = ORIENTED_EDGE( '', *, *, #6672, .T. );
#4228 = ORIENTED_EDGE( '', *, *, #6673, .F. );
#4229 = ORIENTED_EDGE( '', *, *, #6248, .T. );
#4230 = ORIENTED_EDGE( '', *, *, #6337, .T. );
#4231 = ORIENTED_EDGE( '', *, *, #6674, .T. );
#4232 = CARTESIAN_POINT( '', ( -0.115500000000000, -0.100000000000000, 5.00000000000000 ) );
#4233 = DIRECTION( '', ( -1.00000000000000, 0.000000000000000, 0.000000000000000 ) );
#4234 = DIRECTION( '', ( 0.000000000000000, 0.000000000000000, 1.00000000000000 ) );
#4235 = SURFACE_STYLE_FILL_AREA( #6675 );
#4236 = ORIENTED_EDGE( '', *, *, #6676, .F. );
#4237 = ORIENTED_EDGE( '', *, *, #6180, .T. );
#4238 = ORIENTED_EDGE( '', *, *, #6677, .F. );
#4239 = ORIENTED_EDGE( '', *, *, #6678, .F. );
#4240 = CARTESIAN_POINT( '', ( 0.215500000000000, 0.0360000000000000, 0.0780000000000000 ) );
#4241 = DIRECTION( '', ( 1.00000000000000, -0.000000000000000, -0.000000000000000 ) );
#4242 = DIRECTION( '', ( 0.000000000000000, 0.000000000000000, 1.00000000000000 ) );
#4243 = SURFACE_STYLE_FILL_AREA( #6679 );
#4244 = ORIENTED_EDGE( '', *, *, #6149, .T. );
#4245 = ORIENTED_EDGE( '', *, *, #6680, .F. );
#4246 = ORIENTED_EDGE( '', *, *, #6681, .T. );
#4247 = ORIENTED_EDGE( '', *, *, #6003, .T. );
#4248 = ORIENTED_EDGE( '', *, *, #6399, .T. );
#4249 = ORIENTED_EDGE( '', *, *, #6407, .T. );
#4250 = ORIENTED_EDGE( '', *, *, #6088, .F. );
#4251 = ORIENTED_EDGE( '', *, *, #6487, .T. );
#4252 = ORIENTED_EDGE( '', *, *, #6344, .T. );
#4253 = ORIENTED_EDGE( '', *, *, #6682, .T. );
#4254 = CARTESIAN_POINT( '', ( 0.0845000000000000, -0.100000000000000, 5.00000000000000 ) );
#4255 = DIRECTION( '', ( -1.00000000000000, 0.000000000000000, 0.000000000000000 ) );
#4256 = DIRECTION( '', ( 0.000000000000000, 0.000000000000000, 1.00000000000000 ) );
#4257 = SURFACE_STYLE_FILL_AREA( #6683 );
#4258 = ORIENTED_EDGE( '', *, *, #6684, .F. );
#4259 = ORIENTED_EDGE( '', *, *, #6496, .T. );
#4260 = ORIENTED_EDGE( '', *, *, #6685, .T. );
#4261 = ORIENTED_EDGE( '', *, *, #6196, .F. );
#4262 = CARTESIAN_POINT( '', ( 0.215500000000000, 0.0160000000000000, 0.0780000000000000 ) );
#4263 = DIRECTION( '', ( 0.000000000000000, -1.00000000000000, 0.000000000000000 ) );
#4264 = DIRECTION( '', ( 0.000000000000000, 0.000000000000000, -1.00000000000000 ) );
#4265 = SURFACE_STYLE_FILL_AREA( #6686 );
#4266 = ORIENTED_EDGE( '', *, *, #6687, .F. );
#4267 = ORIENTED_EDGE( '', *, *, #6530, .T. );
#4268 = ORIENTED_EDGE( '', *, *, #6688, .T. );
#4269 = ORIENTED_EDGE( '', *, *, #6135, .F. );
#4270 = CARTESIAN_POINT( '', ( -0.167000000000000, 0.300000000000000, -0.0605000000000000 ) );
#4271 = DIRECTION( '', ( 0.000000000000000, -0.000000000000000, 1.00000000000000 ) );
#4272 = DIRECTION( '', ( 1.00000000000000, 0.000000000000000, -0.000000000000000 ) );
#4273 = SURFACE_STYLE_FILL_AREA( #6689 );
#4274 = ORIENTED_EDGE( '', *, *, #6690, .T. );
#4275 = ORIENTED_EDGE( '', *, *, #6691, .F. );
#4276 = ORIENTED_EDGE( '', *, *, #6568, .F. );
#4277 = ORIENTED_EDGE( '', *, *, #6692, .T. );
#4278 = CARTESIAN_POINT( '', ( 0.140000000000000, 0.185000000000000, 0.0675182600000000 ) );
#4279 = DIRECTION( '', ( 0.999876632481661, 0.0157073173118207, 0.000000000000000 ) );
#4280 = DIRECTION( '', ( -0.0157073173118207, 0.999876632481661, 0.000000000000000 ) );
#4281 = SURFACE_STYLE_FILL_AREA( #6693 );
#4282 = ORIENTED_EDGE( '', *, *, #6694, .F. );
#4283 = ORIENTED_EDGE( '', *, *, #6695, .T. );
#4284 = ORIENTED_EDGE( '', *, *, #6696, .T. );
#4285 = ORIENTED_EDGE( '', *, *, #6123, .F. );
#4286 = CARTESIAN_POINT( '', ( -0.167000000000000, 0.300000000000000, 0.0395000000000000 ) );
#4287 = DIRECTION( '', ( 0.000000000000000, -0.000000000000000, 1.00000000000000 ) );
#4288 = DIRECTION( '', ( 1.00000000000000, 0.000000000000000, -0.000000000000000 ) );
#4289 = SURFACE_STYLE_FILL_AREA( #6697 );
#4290 = ORIENTED_EDGE( '', *, *, #6628, .F. );
#4291 = ORIENTED_EDGE( '', *, *, #6698, .T. );
#4292 = ORIENTED_EDGE( '', *, *, #6006, .F. );
#4293 = ORIENTED_EDGE( '', *, *, #6656, .T. );
#4294 = ORIENTED_EDGE( '', *, *, #6624, .F. );
#4295 = ORIENTED_EDGE( '', *, *, #6307, .F. );
#4296 = ORIENTED_EDGE( '', *, *, #6519, .T. );
#4297 = ORIENTED_EDGE( '', *, *, #6056, .T. );
#4298 = CARTESIAN_POINT( '', ( -0.0845000000000000, 0.335000000000000, 0.0655000000000000 ) );
#4299 = DIRECTION( '', ( -1.00000000000000, 0.000000000000000, 0.000000000000000 ) );
#4300 = DIRECTION( '', ( 0.000000000000000, 0.000000000000000, 1.00000000000000 ) );
#4301 = SURFACE_STYLE_FILL_AREA( #6699 );
#4302 = ORIENTED_EDGE( '', *, *, #6465, .F. );
#4303 = ORIENTED_EDGE( '', *, *, #5983, .T. );
#4304 = ORIENTED_EDGE( '', *, *, #6700, .F. );
#4305 = ORIENTED_EDGE( '', *, *, #6604, .T. );
#4306 = ORIENTED_EDGE( '', *, *, #6463, .F. );
#4307 = ORIENTED_EDGE( '', *, *, #6701, .F. );
#4308 = ORIENTED_EDGE( '', *, *, #6702, .T. );
#4309 = ORIENTED_EDGE( '', *, *, #6440, .T. );
#4310 = CARTESIAN_POINT( '', ( 0.0155000000000000, 0.335000000000000, -0.0345000000000000 ) );
#4311 = DIRECTION( '', ( -1.00000000000000, 0.000000000000000, 0.000000000000000 ) );
#4312 = DIRECTION( '', ( 0.000000000000000, 0.000000000000000, 1.00000000000000 ) );
#4313 = SURFACE_STYLE_FILL_AREA( #6703 );
#4314 = ORIENTED_EDGE( '', *, *, #6704, .F. );
#4315 = ORIENTED_EDGE( '', *, *, #6694, .T. );
#4316 = ORIENTED_EDGE( '', *, *, #6122, .F. );
#4317 = ORIENTED_EDGE( '', *, *, #6705, .F. );
#4318 = ORIENTED_EDGE( '', *, *, #6706, .T. );
#4319 = ORIENTED_EDGE( '', *, *, #6707, .T. );
#4320 = ORIENTED_EDGE( '', *, *, #6126, .F. );
#4321 = ORIENTED_EDGE( '', *, *, #6438, .T. );
#4322 = CARTESIAN_POINT( '', ( -0.215500000000000, 0.335000000000000, 0.0345000000000000 ) );
#4323 = DIRECTION( '', ( 1.00000000000000, 0.000000000000000, 0.000000000000000 ) );
#4324 = DIRECTION( '', ( 0.000000000000000, 0.000000000000000, -1.00000000000000 ) );
#4325 = SURFACE_STYLE_FILL_AREA( #6708 );
#4326 = ORIENTED_EDGE( '', *, *, #6640, .T. );
#4327 = ORIENTED_EDGE( '', *, *, #5968, .T. );
#4328 = ORIENTED_EDGE( '', *, *, #6709, .T. );
#4329 = ORIENTED_EDGE( '', *, *, #6710, .T. );
#4330 = ORIENTED_EDGE( '', *, *, #6711, .F. );
#4331 = ORIENTED_EDGE( '', *, *, #6366, .F. );
#4332 = ORIENTED_EDGE( '', *, *, #6712, .F. );
#4333 = ORIENTED_EDGE( '', *, *, #6713, .F. );
#4334 = CARTESIAN_POINT( '', ( 0.000000000000000, 0.335000000000000, 0.000000000000000 ) );
#4335 = DIRECTION( '', ( 0.000000000000000, 1.00000000000000, 0.000000000000000 ) );
#4336 = DIRECTION( '', ( 0.000000000000000, -0.000000000000000, 1.00000000000000 ) );
#4337 = SURFACE_STYLE_FILL_AREA( #6714 );
#4338 = ORIENTED_EDGE( '', *, *, #6093, .F. );
#4339 = ORIENTED_EDGE( '', *, *, #6557, .F. );
#4340 = ORIENTED_EDGE( '', *, *, #6221, .F. );
#4341 = ORIENTED_EDGE( '', *, *, #6540, .F. );
#4342 = CARTESIAN_POINT( '', ( 0.000000000000000, 0.000000000000000, -0.000000000000000 ) );
#4343 = DIRECTION( '', ( 0.000000000000000, 1.00000000000000, -0.000000000000000 ) );
#4344 = DIRECTION( '', ( 0.000000000000000, 0.000000000000000, 1.00000000000000 ) );
#4345 = SURFACE_STYLE_FILL_AREA( #6715 );
#4346 = ORIENTED_EDGE( '', *, *, #5995, .F. );
#4347 = ORIENTED_EDGE( '', *, *, #5955, .T. );
#4348 = ORIENTED_EDGE( '', *, *, #6600, .F. );
#4349 = ORIENTED_EDGE( '', *, *, #6716, .F. );
#4350 = CARTESIAN_POINT( '', ( 0.215500000000000, 0.00400000000000000, 0.197500000000000 ) );
#4351 = DIRECTION( '', ( 0.000000000000000, 0.707106781186548, -0.707106781186547 ) );
#4352 = DIRECTION( '', ( 0.000000000000000, 0.707106781186546, 0.707106781186548 ) );
#4353 = SURFACE_STYLE_FILL_AREA( #6717 );
#4354 = ORIENTED_EDGE( '', *, *, #6102, .T. );
#4355 = ORIENTED_EDGE( '', *, *, #6718, .F. );
#4356 = ORIENTED_EDGE( '', *, *, #6719, .F. );
#4357 = ORIENTED_EDGE( '', *, *, #6445, .F. );
#4358 = CARTESIAN_POINT( '', ( 0.300000000000000, 0.300000000000000, -0.100000000000000 ) );
#4359 = DIRECTION( '', ( 0.000000000000000, 1.00000000000000, -0.000000000000000 ) );
#4360 = DIRECTION( '', ( 0.000000000000000, 0.000000000000000, 1.00000000000000 ) );
#4361 = SURFACE_STYLE_FILL_AREA( #6720 );
#4362 = ORIENTED_EDGE( '', *, *, #6700, .T. );
#4363 = ORIENTED_EDGE( '', *, *, #5982, .F. );
#4364 = ORIENTED_EDGE( '', *, *, #6260, .F. );
#4365 = ORIENTED_EDGE( '', *, *, #6605, .F. );
#4366 = CARTESIAN_POINT( '', ( 0.200000000000000, 0.300000000000000, -0.100000000000000 ) );
#4367 = DIRECTION( '', ( 0.000000000000000, 1.00000000000000, -0.000000000000000 ) );
#4368 = DIRECTION( '', ( 0.000000000000000, 0.000000000000000, 1.00000000000000 ) );
#4369 = SURFACE_STYLE_FILL_AREA( #6721 );
#4370 = ORIENTED_EDGE( '', *, *, #6722, .T. );
#4371 = ORIENTED_EDGE( '', *, *, #6723, .F. );
#4372 = ORIENTED_EDGE( '', *, *, #6569, .F. );
#4373 = ORIENTED_EDGE( '', *, *, #6691, .T. );
#4374 = CARTESIAN_POINT( '', ( 0.140000000000000, 0.185000000000000, 0.0174817400000000 ) );
#4375 = DIRECTION( '', ( -2.66749118394219E-17, 0.0157073173118207, -0.999876632481661 ) );
#4376 = DIRECTION( '', ( 0.000000000000000, 0.999876632481661, 0.0157073173118207 ) );
#4377 = SURFACE_STYLE_FILL_AREA( #6724 );
#4378 = ORIENTED_EDGE( '', *, *, #6725, .F. );
#4379 = ORIENTED_EDGE( '', *, *, #6265, .T. );
#4380 = ORIENTED_EDGE( '', *, *, #6726, .T. );
#4381 = ORIENTED_EDGE( '', *, *, #6618, .F. );
#4382 = CARTESIAN_POINT( '', ( -0.133000000000000, 0.300000000000000, -0.0395000000000000 ) );
#4383 = DIRECTION( '', ( 0.000000000000000, 0.000000000000000, -1.00000000000000 ) );
#4384 = DIRECTION( '', ( -1.00000000000000, 0.000000000000000, 0.000000000000000 ) );
#4385 = SURFACE_STYLE_FILL_AREA( #6727 );
#4386 = ORIENTED_EDGE( '', *, *, #5960, .F. );
#4387 = ORIENTED_EDGE( '', *, *, #6494, .T. );
#4388 = ORIENTED_EDGE( '', *, *, #6728, .T. );
#4389 = ORIENTED_EDGE( '', *, *, #6472, .F. );
#4390 = CARTESIAN_POINT( '', ( -0.0330000000000000, 0.300000000000000, 0.0605000000000000 ) );
#4391 = DIRECTION( '', ( 0.000000000000000, 0.000000000000000, -1.00000000000000 ) );
#4392 = DIRECTION( '', ( -1.00000000000000, 0.000000000000000, 0.000000000000000 ) );
#4393 = SURFACE_STYLE_FILL_AREA( #6729 );
#4394 = ORIENTED_EDGE( '', *, *, #6328, .T. );
#4395 = ORIENTED_EDGE( '', *, *, #6375, .F. );
#4396 = ORIENTED_EDGE( '', *, *, #6730, .T. );
#4397 = ORIENTED_EDGE( '', *, *, #6731, .T. );
#4398 = ORIENTED_EDGE( '', *, *, #6732, .T. );
#4399 = ORIENTED_EDGE( '', *, *, #6733, .T. );
#4400 = ORIENTED_EDGE( '', *, *, #6734, .F. );
#4401 = ORIENTED_EDGE( '', *, *, #6735, .T. );
#4402 = ORIENTED_EDGE( '', *, *, #6340, .T. );
#4403 = ORIENTED_EDGE( '', *, *, #6736, .T. );
#4404 = CARTESIAN_POINT( '', ( -0.0155000000000000, -0.100000000000000, 5.00000000000000 ) );
#4405 = DIRECTION( '', ( -1.00000000000000, 0.000000000000000, 0.000000000000000 ) );
#4406 = DIRECTION( '', ( 0.000000000000000, 0.000000000000000, 1.00000000000000 ) );
#4407 = SURFACE_STYLE_FILL_AREA( #6737 );
#4408 = ORIENTED_EDGE( '', *, *, #6657, .F. );
#4409 = ORIENTED_EDGE( '', *, *, #6008, .T. );
#4410 = ORIENTED_EDGE( '', *, *, #6738, .T. );
#4411 = ORIENTED_EDGE( '', *, *, #6626, .F. );
#4412 = CARTESIAN_POINT( '', ( -0.0670000000000000, 0.300000000000000, 0.0605000000000000 ) );
#4413 = DIRECTION( '', ( -1.00000000000000, 0.000000000000000, 0.000000000000000 ) );
#4414 = DIRECTION( '', ( 0.000000000000000, 0.000000000000000, 1.00000000000000 ) );
#4415 = SURFACE_STYLE_FILL_AREA( #6739 );
#4416 = ORIENTED_EDGE( '', *, *, #6740, .F. );
#4417 = ORIENTED_EDGE( '', *, *, #6741, .T. );
#4418 = ORIENTED_EDGE( '', *, *, #6742, .T. );
#4419 = ORIENTED_EDGE( '', *, *, #6284, .F. );
#4420 = CARTESIAN_POINT( '', ( 0.233000000000000, 0.300000000000000, -0.0395000000000000 ) );
#4421 = DIRECTION( '', ( -1.00000000000000, 0.000000000000000, 0.000000000000000 ) );
#4422 = DIRECTION( '', ( 0.000000000000000, 0.000000000000000, 1.00000000000000 ) );
#4423 = SURFACE_STYLE_FILL_AREA( #6743 );
#4424 = ORIENTED_EDGE( '', *, *, #6744, .F. );
#4425 = ORIENTED_EDGE( '', *, *, #6745, .T. );
#4426 = ORIENTED_EDGE( '', *, *, #6320, .T. );
#4427 = ORIENTED_EDGE( '', *, *, #6289, .F. );
#4428 = CARTESIAN_POINT( '', ( 0.233000000000000, 0.300000000000000, 0.0395000000000000 ) );
#4429 = DIRECTION( '', ( 0.000000000000000, -0.000000000000000, 1.00000000000000 ) );
#4430 = DIRECTION( '', ( 1.00000000000000, 0.000000000000000, -0.000000000000000 ) );
#4431 = SURFACE_STYLE_FILL_AREA( #6746 );
#4432 = ORIENTED_EDGE( '', *, *, #6747, .T. );
#4433 = ORIENTED_EDGE( '', *, *, #6748, .F. );
#4434 = ORIENTED_EDGE( '', *, *, #6749, .F. );
#4435 = ORIENTED_EDGE( '', *, *, #6750, .T. );
#4436 = CARTESIAN_POINT( '', ( -0.0400000000000000, 0.185000000000000, -0.0825182600000000 ) );
#4437 = DIRECTION( '', ( -0.999876632481661, 0.0157073173118207, 0.000000000000000 ) );
#4438 = DIRECTION( '', ( -0.0157073173118207, -0.999876632481661, 0.000000000000000 ) );
#4439 = SURFACE_STYLE_FILL_AREA( #6751 );
#4440 = ORIENTED_EDGE( '', *, *, #6752, .F. );
#4441 = ORIENTED_EDGE( '', *, *, #6661, .T. );
#4442 = ORIENTED_EDGE( '', *, *, #6481, .T. );
#4443 = ORIENTED_EDGE( '', *, *, #6753, .F. );
#4444 = CARTESIAN_POINT( '', ( 0.133000000000000, 0.300000000000000, 0.0395000000000000 ) );
#4445 = DIRECTION( '', ( 0.000000000000000, -0.000000000000000, 1.00000000000000 ) );
#4446 = DIRECTION( '', ( 1.00000000000000, 0.000000000000000, -0.000000000000000 ) );
#4447 = SURFACE_STYLE_FILL_AREA( #6754 );
#4448 = ORIENTED_EDGE( '', *, *, #6755, .F. );
#4449 = ORIENTED_EDGE( '', *, *, #6302, .T. );
#4450 = ORIENTED_EDGE( '', *, *, #6756, .T. );
#4451 = ORIENTED_EDGE( '', *, *, #6295, .F. );
#4452 = CARTESIAN_POINT( '', ( 0.233000000000000, 0.300000000000000, 0.0605000000000000 ) );
#4453 = DIRECTION( '', ( -1.00000000000000, 0.000000000000000, 0.000000000000000 ) );
#4454 = DIRECTION( '', ( 0.000000000000000, 0.000000000000000, 1.00000000000000 ) );
#4455 = SURFACE_STYLE_FILL_AREA( #6757 );
#4456 = ORIENTED_EDGE( '', *, *, #6758, .T. );
#4457 = ORIENTED_EDGE( '', *, *, #6523, .F. );
#4458 = ORIENTED_EDGE( '', *, *, #6759, .F. );
#4459 = ORIENTED_EDGE( '', *, *, #6760, .T. );
#4460 = CARTESIAN_POINT( '', ( 0.240000000000000, 0.185000000000000, 0.0174817400000000 ) );
#4461 = DIRECTION( '', ( -2.66749118394219E-17, 0.0157073173118207, -0.999876632481661 ) );
#4462 = DIRECTION( '', ( 0.000000000000000, 0.999876632481661, 0.0157073173118207 ) );
#4463 = SURFACE_STYLE_FILL_AREA( #6761 );
#4464 = ORIENTED_EDGE( '', *, *, #6659, .F. );
#4465 = ORIENTED_EDGE( '', *, *, #6752, .T. );
#4466 = ORIENTED_EDGE( '', *, *, #6762, .F. );
#4467 = ORIENTED_EDGE( '', *, *, #6763, .F. );
#4468 = ORIENTED_EDGE( '', *, *, #6570, .T. );
#4469 = ORIENTED_EDGE( '', *, *, #6764, .T. );
#4470 = ORIENTED_EDGE( '', *, *, #6765, .F. );
#4471 = ORIENTED_EDGE( '', *, *, #6766, .T. );
#4472 = CARTESIAN_POINT( '', ( 0.0845000000000000, 0.335000000000000, 0.0345000000000000 ) );
#4473 = DIRECTION( '', ( 1.00000000000000, 0.000000000000000, 0.000000000000000 ) );
#4474 = DIRECTION( '', ( 0.000000000000000, 0.000000000000000, -1.00000000000000 ) );
#4475 = SURFACE_STYLE_FILL_AREA( #6767 );
#4476 = ORIENTED_EDGE( '', *, *, #6505, .F. );
#4477 = ORIENTED_EDGE( '', *, *, #6768, .T. );
#4478 = ORIENTED_EDGE( '', *, *, #6732, .F. );
#4479 = ORIENTED_EDGE( '', *, *, #6769, .F. );
#4480 = CARTESIAN_POINT( '', ( 0.215500000000000, -0.0840000000000000, 0.193500000000000 ) );
#4481 = DIRECTION( '', ( 0.000000000000000, -0.707106781186549, -0.707106781186546 ) );
#4482 = DIRECTION( '', ( 0.000000000000000, 0.707106781186546, -0.707106781186549 ) );
#4483 = SURFACE_STYLE_FILL_AREA( #6770 );
#4484 = ORIENTED_EDGE( '', *, *, #6132, .F. );
#4485 = ORIENTED_EDGE( '', *, *, #6637, .T. );
#4486 = ORIENTED_EDGE( '', *, *, #6384, .F. );
#4487 = ORIENTED_EDGE( '', *, *, #6771, .T. );
#4488 = ORIENTED_EDGE( '', *, *, #6128, .F. );
#4489 = ORIENTED_EDGE( '', *, *, #6772, .F. );
#4490 = ORIENTED_EDGE( '', *, *, #6773, .T. );
#4491 = ORIENTED_EDGE( '', *, *, #6774, .T. );
#4492 = CARTESIAN_POINT( '', ( -0.184500000000000, 0.335000000000000, 0.0655000000000000 ) );
#4493 = DIRECTION( '', ( -1.00000000000000, 0.000000000000000, 0.000000000000000 ) );
#4494 = DIRECTION( '', ( 0.000000000000000, 0.000000000000000, 1.00000000000000 ) );
#4495 = SURFACE_STYLE_FILL_AREA( #6775 );
#4496 = ORIENTED_EDGE( '', *, *, #6620, .F. );
#4497 = ORIENTED_EDGE( '', *, *, #6111, .T. );
#4498 = ORIENTED_EDGE( '', *, *, #6263, .F. );
#4499 = ORIENTED_EDGE( '', *, *, #6725, .T. );
#4500 = ORIENTED_EDGE( '', *, *, #6617, .F. );
#4501 = ORIENTED_EDGE( '', *, *, #6645, .F. );
#4502 = ORIENTED_EDGE( '', *, *, #6776, .T. );
#4503 = ORIENTED_EDGE( '', *, *, #6777, .T. );
#4504 = CARTESIAN_POINT( '', ( -0.0845000000000000, 0.335000000000000, -0.0345000000000000 ) );
#4505 = DIRECTION( '', ( -1.00000000000000, 0.000000000000000, 0.000000000000000 ) );
#4506 = DIRECTION( '', ( 0.000000000000000, 0.000000000000000, 1.00000000000000 ) );
#4507 = SURFACE_STYLE_FILL_AREA( #6778 );
#4508 = ORIENTED_EDGE( '', *, *, #6483, .F. );
#4509 = ORIENTED_EDGE( '', *, *, #6660, .T. );
#4510 = ORIENTED_EDGE( '', *, *, #6766, .F. );
#4511 = ORIENTED_EDGE( '', *, *, #6779, .F. );
#4512 = CARTESIAN_POINT( '', ( 0.0670000000000000, 0.300000000000000, 0.0605000000000000 ) );
#4513 = DIRECTION( '', ( 0.000000000000000, 0.000000000000000, -1.00000000000000 ) );
#4514 = DIRECTION( '', ( -1.00000000000000, 0.000000000000000, 0.000000000000000 ) );
#4515 = SURFACE_STYLE_FILL_AREA( #6780 );
#4516 = ORIENTED_EDGE( '', *, *, #6781, .T. );
#4517 = ORIENTED_EDGE( '', *, *, #6782, .F. );
#4518 = ORIENTED_EDGE( '', *, *, #6514, .F. );
#4519 = ORIENTED_EDGE( '', *, *, #6428, .T. );
#4520 = CARTESIAN_POINT( '', ( -0.140000000000000, 0.185000000000000, 0.0174817400000000 ) );
#4521 = DIRECTION( '', ( -0.999876632481661, 0.0157073173118207, 0.000000000000000 ) );
#4522 = DIRECTION( '', ( -0.0157073173118207, -0.999876632481661, 0.000000000000000 ) );
#4523 = SURFACE_STYLE_FILL_AREA( #6783 );
#4524 = ORIENTED_EDGE( '', *, *, #6784, .T. );
#4525 = ORIENTED_EDGE( '', *, *, #6785, .F. );
#4526 = ORIENTED_EDGE( '', *, *, #6709, .F. );
#4527 = ORIENTED_EDGE( '', *, *, #5967, .T. );
#4528 = CARTESIAN_POINT( '', ( -0.160000000000000, 0.185000000000000, -0.0174817400000000 ) );
#4529 = DIRECTION( '', ( 0.999876632481661, 0.0157073173118207, 0.000000000000000 ) );
#4530 = DIRECTION( '', ( -0.0157073173118207, 0.999876632481661, 0.000000000000000 ) );
#4531 = SURFACE_STYLE_FILL_AREA( #6786 );
#4532 = ORIENTED_EDGE( '', *, *, #6522, .T. );
#4533 = ORIENTED_EDGE( '', *, *, #6063, .T. );
#4534 = ORIENTED_EDGE( '', *, *, #6787, .T. );
#4535 = ORIENTED_EDGE( '', *, *, #6044, .T. );
#4536 = ORIENTED_EDGE( '', *, *, #6788, .T. );
#4537 = ORIENTED_EDGE( '', *, *, #6759, .T. );
#4538 = ORIENTED_EDGE( '', *, *, #6789, .F. );
#4539 = ORIENTED_EDGE( '', *, *, #6420, .F. );
#4540 = ORIENTED_EDGE( '', *, *, #6582, .F. );
#4541 = ORIENTED_EDGE( '', *, *, #6790, .F. );
#4542 = CARTESIAN_POINT( '', ( 0.175000000000000, 0.335000000000000, 0.0675182600000000 ) );
#4543 = DIRECTION( '', ( 0.000000000000000, 1.00000000000000, 0.000000000000000 ) );
#4544 = DIRECTION( '', ( 0.000000000000000, -0.000000000000000, 1.00000000000000 ) );
#4545 = SURFACE_STYLE_FILL_AREA( #6791 );
#4546 = ORIENTED_EDGE( '', *, *, #6539, .T. );
#4547 = ORIENTED_EDGE( '', *, *, #6238, .T. );
#4548 = ORIENTED_EDGE( '', *, *, #6558, .T. );
#4549 = ORIENTED_EDGE( '', *, *, #6456, .T. );
#4550 = CARTESIAN_POINT( '', ( 0.0400000000000000, 0.000000000000000, 0.250000000000000 ) );
#4551 = DIRECTION( '', ( -1.00000000000000, 0.000000000000000, 0.000000000000000 ) );
#4552 = DIRECTION( '', ( 0.000000000000000, 0.000000000000000, 1.00000000000000 ) );
#4553 = SURFACE_STYLE_FILL_AREA( #6792 );
#4554 = ORIENTED_EDGE( '', *, *, #6793, .F. );
#4555 = ORIENTED_EDGE( '', *, *, #6794, .T. );
#4556 = ORIENTED_EDGE( '', *, *, #6795, .F. );
#4557 = ORIENTED_EDGE( '', *, *, #6143, .F. );
#4558 = CARTESIAN_POINT( '', ( -0.167000000000000, 0.300000000000000, -0.0605000000000000 ) );
#4559 = DIRECTION( '', ( 0.000000000000000, -0.000000000000000, 1.00000000000000 ) );
#4560 = DIRECTION( '', ( 1.00000000000000, 0.000000000000000, -0.000000000000000 ) );
#4561 = SURFACE_STYLE_FILL_AREA( #6796 );
#4562 = ORIENTED_EDGE( '', *, *, #6504, .F. );
#4563 = ORIENTED_EDGE( '', *, *, #6797, .T. );
#4564 = ORIENTED_EDGE( '', *, *, #6733, .F. );
#4565 = ORIENTED_EDGE( '', *, *, #6768, .F. );
#4566 = CARTESIAN_POINT( '', ( 0.215500000000000, -0.0840000000000000, -0.0220000000000000 ) );
#4567 = DIRECTION( '', ( 0.000000000000000, -1.00000000000000, 0.000000000000000 ) );
#4568 = DIRECTION( '', ( 0.000000000000000, 0.000000000000000, -1.00000000000000 ) );
#4569 = SURFACE_STYLE_FILL_AREA( #6798 );
#4570 = ORIENTED_EDGE( '', *, *, #6799, .F. );
#4571 = ORIENTED_EDGE( '', *, *, #6386, .T. );
#4572 = ORIENTED_EDGE( '', *, *, #6636, .T. );
#4573 = ORIENTED_EDGE( '', *, *, #6130, .F. );
#4574 = CARTESIAN_POINT( '', ( -0.167000000000000, 0.300000000000000, 0.0605000000000000 ) );
#4575 = DIRECTION( '', ( -1.00000000000000, 0.000000000000000, 0.000000000000000 ) );
#4576 = DIRECTION( '', ( 0.000000000000000, 0.000000000000000, 1.00000000000000 ) );
#4577 = SURFACE_STYLE_FILL_AREA( #6800 );
#4578 = ORIENTED_EDGE( '', *, *, #6144, .F. );
#4579 = ORIENTED_EDGE( '', *, *, #6795, .T. );
#4580 = ORIENTED_EDGE( '', *, *, #6801, .F. );
#4581 = ORIENTED_EDGE( '', *, *, #6802, .T. );
#4582 = ORIENTED_EDGE( '', *, *, #6140, .F. );
#4583 = ORIENTED_EDGE( '', *, *, #6803, .F. );
#4584 = ORIENTED_EDGE( '', *, *, #6712, .T. );
#4585 = ORIENTED_EDGE( '', *, *, #6365, .T. );
#4586 = CARTESIAN_POINT( '', ( -0.184500000000000, 0.335000000000000, -0.0345000000000000 ) );
#4587 = DIRECTION( '', ( -1.00000000000000, 0.000000000000000, 0.000000000000000 ) );
#4588 = DIRECTION( '', ( 0.000000000000000, 0.000000000000000, 1.00000000000000 ) );
#4589 = SURFACE_STYLE_FILL_AREA( #6804 );
#4590 = ORIENTED_EDGE( '', *, *, #6269, .F. );
#4591 = ORIENTED_EDGE( '', *, *, #6805, .T. );
#4592 = ORIENTED_EDGE( '', *, *, #6806, .T. );
#4593 = ORIENTED_EDGE( '', *, *, #6807, .F. );
#4594 = CARTESIAN_POINT( '', ( 0.133000000000000, 0.300000000000000, 0.0605000000000000 ) );
#4595 = DIRECTION( '', ( -1.00000000000000, 0.000000000000000, 0.000000000000000 ) );
#4596 = DIRECTION( '', ( 0.000000000000000, 0.000000000000000, 1.00000000000000 ) );
#4597 = SURFACE_STYLE_FILL_AREA( #6808 );
#4598 = ORIENTED_EDGE( '', *, *, #6809, .F. );
#4599 = ORIENTED_EDGE( '', *, *, #6810, .T. );
#4600 = ORIENTED_EDGE( '', *, *, #6466, .F. );
#4601 = ORIENTED_EDGE( '', *, *, #6811, .F. );
#4602 = ORIENTED_EDGE( '', *, *, #6168, .T. );
#4603 = ORIENTED_EDGE( '', *, *, #6812, .T. );
#4604 = ORIENTED_EDGE( '', *, *, #6470, .F. );
#4605 = ORIENTED_EDGE( '', *, *, #6813, .T. );
#4606 = CARTESIAN_POINT( '', ( -0.0155000000000000, 0.335000000000000, 0.0345000000000000 ) );
#4607 = DIRECTION( '', ( 1.00000000000000, 0.000000000000000, 0.000000000000000 ) );
#4608 = DIRECTION( '', ( 0.000000000000000, 0.000000000000000, -1.00000000000000 ) );
#4609 = SURFACE_STYLE_FILL_AREA( #6814 );
#4610 = ORIENTED_EDGE( '', *, *, #6815, .F. );
#4611 = ORIENTED_EDGE( '', *, *, #6491, .T. );
#4612 = ORIENTED_EDGE( '', *, *, #6816, .T. );
#4613 = ORIENTED_EDGE( '', *, *, #6817, .F. );
#4614 = CARTESIAN_POINT( '', ( 0.215500000000000, 0.00400000000000000, 0.197500000000000 ) );
#4615 = DIRECTION( '', ( 0.000000000000000, 0.707106781186548, -0.707106781186547 ) );
#4616 = DIRECTION( '', ( 0.000000000000000, 0.707106781186546, 0.707106781186548 ) );
#4617 = SURFACE_STYLE_FILL_AREA( #6818 );
#4618 = ORIENTED_EDGE( '', *, *, #6819, .T. );
#4619 = ORIENTED_EDGE( '', *, *, #6512, .F. );
#4620 = ORIENTED_EDGE( '', *, *, #6820, .F. );
#4621 = ORIENTED_EDGE( '', *, *, #6748, .T. );
#4622 = CARTESIAN_POINT( '', ( -0.0400000000000000, 0.185000000000000, -0.0174817400000000 ) );
#4623 = DIRECTION( '', ( 0.000000000000000, 0.0157073173118207, 0.999876632481661 ) );
#4624 = DIRECTION( '', ( 0.000000000000000, -0.999876632481661, 0.0157073173118207 ) );
#4625 = SURFACE_STYLE_FILL_AREA( #6821 );
#4626 = ORIENTED_EDGE( '', *, *, #6822, .T. );
#4627 = ORIENTED_EDGE( '', *, *, #6040, .F. );
#4628 = ORIENTED_EDGE( '', *, *, #6823, .F. );
#4629 = ORIENTED_EDGE( '', *, *, #6608, .T. );
#4630 = CARTESIAN_POINT( '', ( -0.0600000000000000, 0.185000000000000, -0.0825182600000000 ) );
#4631 = DIRECTION( '', ( 0.000000000000000, 0.0157073173118207, -0.999876632481661 ) );
#4632 = DIRECTION( '', ( 0.000000000000000, 0.999876632481661, 0.0157073173118207 ) );
#4633 = SURFACE_STYLE_FILL_AREA( #6824 );
#4634 = ORIENTED_EDGE( '', *, *, #6825, .F. );
#4635 = ORIENTED_EDGE( '', *, *, #6650, .T. );
#4636 = ORIENTED_EDGE( '', *, *, #6671, .F. );
#4637 = ORIENTED_EDGE( '', *, *, #6826, .F. );
#4638 = CARTESIAN_POINT( '', ( 0.215500000000000, -0.0880000000000000, 0.197500000000000 ) );
#4639 = DIRECTION( '', ( 0.000000000000000, 0.000000000000000, -1.00000000000000 ) );
#4640 = DIRECTION( '', ( -1.00000000000000, 0.000000000000000, 0.000000000000000 ) );
#4641 = SURFACE_STYLE_FILL_AREA( #6827 );
#4642 = ORIENTED_EDGE( '', *, *, #6828, .T. );
#4643 = ORIENTED_EDGE( '', *, *, #6030, .F. );
#4644 = ORIENTED_EDGE( '', *, *, #6166, .F. );
#4645 = ORIENTED_EDGE( '', *, *, #6424, .T. );
#4646 = CARTESIAN_POINT( '', ( 0.0250000000000000, 0.185000000000000, 0.0675182600000000 ) );
#4647 = DIRECTION( '', ( -0.000000000000000, -1.00000000000000, -0.000000000000000 ) );
#4648 = DIRECTION( '', ( 1.00000000000000, 0.000000000000000, 0.000000000000000 ) );
#4649 = SURFACE_STYLE_FILL_AREA( #6829 );
#4650 = ORIENTED_EDGE( '', *, *, #6830, .T. );
#4651 = ORIENTED_EDGE( '', *, *, #6831, .F. );
#4652 = ORIENTED_EDGE( '', *, *, #6516, .F. );
#4653 = ORIENTED_EDGE( '', *, *, #6832, .T. );
#4654 = CARTESIAN_POINT( '', ( -0.125000000000000, 0.185000000000000, 0.0825182600000000 ) );
#4655 = DIRECTION( '', ( 0.000000000000000, 0.0157073173118207, 0.999876632481661 ) );
#4656 = DIRECTION( '', ( 0.000000000000000, -0.999876632481661, 0.0157073173118207 ) );
#4657 = SURFACE_STYLE_FILL_AREA( #6833 );
#4658 = ORIENTED_EDGE( '', *, *, #6834, .T. );
#4659 = ORIENTED_EDGE( '', *, *, #6652, .F. );
#4660 = ORIENTED_EDGE( '', *, *, #6072, .F. );
#4661 = ORIENTED_EDGE( '', *, *, #6835, .F. );
#4662 = CARTESIAN_POINT( '', ( 0.300000000000000, 0.300000000000000, -0.100000000000000 ) );
#4663 = DIRECTION( '', ( 0.000000000000000, 1.00000000000000, -0.000000000000000 ) );
#4664 = DIRECTION( '', ( 0.000000000000000, 0.000000000000000, 1.00000000000000 ) );
#4665 = SURFACE_STYLE_FILL_AREA( #6836 );
#4666 = ORIENTED_EDGE( '', *, *, #6837, .F. );
#4667 = ORIENTED_EDGE( '', *, *, #6004, .T. );
#4668 = ORIENTED_EDGE( '', *, *, #6681, .F. );
#4669 = ORIENTED_EDGE( '', *, *, #6838, .F. );
#4670 = CARTESIAN_POINT( '', ( 0.215500000000000, -0.0960000000000000, 0.197500000000000 ) );
#4671 = DIRECTION( '', ( 0.000000000000000, 0.707106781186548, -0.707106781186548 ) );
#4672 = DIRECTION( '', ( 0.000000000000000, 0.707106781186547, 0.707106781186547 ) );
#4673 = SURFACE_STYLE_FILL_AREA( #6839 );
#4674 = ORIENTED_EDGE( '', *, *, #6696, .F. );
#4675 = ORIENTED_EDGE( '', *, *, #6840, .T. );
#4676 = ORIENTED_EDGE( '', *, *, #6436, .T. );
#4677 = ORIENTED_EDGE( '', *, *, #6124, .F. );
#4678 = CARTESIAN_POINT( '', ( -0.233000000000000, 0.300000000000000, 0.0395000000000000 ) );
#4679 = DIRECTION( '', ( 1.00000000000000, 0.000000000000000, 0.000000000000000 ) );
#4680 = DIRECTION( '', ( 0.000000000000000, 0.000000000000000, -1.00000000000000 ) );
#4681 = SURFACE_STYLE_FILL_AREA( #6841 );
#4682 = ORIENTED_EDGE( '', *, *, #6842, .F. );
#4683 = ORIENTED_EDGE( '', *, *, #6713, .T. );
#4684 = ORIENTED_EDGE( '', *, *, #6803, .T. );
#4685 = ORIENTED_EDGE( '', *, *, #6139, .F. );
#4686 = CARTESIAN_POINT( '', ( -0.215500000000000, 0.335000000000000, -0.0345000000000000 ) );
#4687 = DIRECTION( '', ( 0.000000000000000, 0.000000000000000, -1.00000000000000 ) );
#4688 = DIRECTION( '', ( -1.00000000000000, 0.000000000000000, 0.000000000000000 ) );
#4689 = SURFACE_STYLE_FILL_AREA( #6843 );
#4690 = ORIENTED_EDGE( '', *, *, #6580, .F. );
#4691 = ORIENTED_EDGE( '', *, *, #6303, .T. );
#4692 = ORIENTED_EDGE( '', *, *, #6755, .T. );
#4693 = ORIENTED_EDGE( '', *, *, #6294, .F. );
#4694 = CARTESIAN_POINT( '', ( 0.167000000000000, 0.300000000000000, 0.0605000000000000 ) );
#4695 = DIRECTION( '', ( 0.000000000000000, 0.000000000000000, -1.00000000000000 ) );
#4696 = DIRECTION( '', ( -1.00000000000000, 0.000000000000000, 0.000000000000000 ) );
#4697 = SURFACE_STYLE_FILL_AREA( #6844 );
#4698 = ORIENTED_EDGE( '', *, *, #6704, .T. );
#4699 = ORIENTED_EDGE( '', *, *, #6437, .F. );
#4700 = ORIENTED_EDGE( '', *, *, #6840, .F. );
#4701 = ORIENTED_EDGE( '', *, *, #6695, .F. );
#4702 = CARTESIAN_POINT( '', ( 0.000000000000000, 0.300000000000000, 0.000000000000000 ) );
#4703 = DIRECTION( '', ( 0.000000000000000, 1.00000000000000, -0.000000000000000 ) );
#4704 = DIRECTION( '', ( 0.000000000000000, 0.000000000000000, 1.00000000000000 ) );
#4705 = SURFACE_STYLE_FILL_AREA( #6845 );
#4706 = ORIENTED_EDGE( '', *, *, #6707, .F. );
#4707 = ORIENTED_EDGE( '', *, *, #6846, .T. );
#4708 = ORIENTED_EDGE( '', *, *, #6772, .T. );
#4709 = ORIENTED_EDGE( '', *, *, #6127, .F. );
#4710 = CARTESIAN_POINT( '', ( -0.215500000000000, 0.335000000000000, 0.0655000000000000 ) );
#4711 = DIRECTION( '', ( 0.000000000000000, 0.000000000000000, -1.00000000000000 ) );
#4712 = DIRECTION( '', ( -1.00000000000000, 0.000000000000000, 0.000000000000000 ) );
#4713 = SURFACE_STYLE_FILL_AREA( #6847 );
#4714 = ORIENTED_EDGE( '', *, *, #6393, .T. );
#4715 = ORIENTED_EDGE( '', *, *, #6848, .F. );
#4716 = ORIENTED_EDGE( '', *, *, #6741, .F. );
#4717 = ORIENTED_EDGE( '', *, *, #6849, .F. );
#4718 = CARTESIAN_POINT( '', ( 0.400000000000000, 0.300000000000000, -0.100000000000000 ) );
#4719 = DIRECTION( '', ( 0.000000000000000, 1.00000000000000, -0.000000000000000 ) );
#4720 = DIRECTION( '', ( 0.000000000000000, 0.000000000000000, 1.00000000000000 ) );
#4721 = SURFACE_STYLE_FILL_AREA( #6850 );
#4722 = ORIENTED_EDGE( '', *, *, #6851, .T. );
#4723 = ORIENTED_EDGE( '', *, *, #5979, .F. );
#4724 = ORIENTED_EDGE( '', *, *, #6517, .F. );
#4725 = ORIENTED_EDGE( '', *, *, #6831, .T. );
#4726 = CARTESIAN_POINT( '', ( -0.0750000000000000, 0.185000000000000, 0.0675182600000000 ) );
#4727 = DIRECTION( '', ( -0.000000000000000, -1.00000000000000, -0.000000000000000 ) );
#4728 = DIRECTION( '', ( 1.00000000000000, 0.000000000000000, 0.000000000000000 ) );
#4729 = SURFACE_STYLE_FILL_AREA( #6852 );
#4730 = ORIENTED_EDGE( '', *, *, #6853, .T. );
#4731 = ORIENTED_EDGE( '', *, *, #6854, .F. );
#4732 = ORIENTED_EDGE( '', *, *, #6156, .F. );
#4733 = ORIENTED_EDGE( '', *, *, #6855, .T. );
#4734 = CARTESIAN_POINT( '', ( 0.0600000000000000, 0.185000000000000, -0.0174817400000000 ) );
#4735 = DIRECTION( '', ( 0.000000000000000, 0.0157073173118207, 0.999876632481661 ) );
#4736 = DIRECTION( '', ( 0.000000000000000, -0.999876632481661, 0.0157073173118207 ) );
#4737 = SURFACE_STYLE_FILL_AREA( #6856 );
#4738 = ORIENTED_EDGE( '', *, *, #6535, .T. );
#4739 = ORIENTED_EDGE( '', *, *, #6275, .F. );
#4740 = ORIENTED_EDGE( '', *, *, #6562, .T. );
#4741 = ORIENTED_EDGE( '', *, *, #6630, .T. );
#4742 = CARTESIAN_POINT( '', ( 0.160000000000000, 0.0200000000000000, 0.250000000000000 ) );
#4743 = DIRECTION( '', ( 1.00000000000000, 0.000000000000000, -0.000000000000000 ) );
#4744 = DIRECTION( '', ( -0.000000000000000, 0.000000000000000, -1.00000000000000 ) );
#4745 = SURFACE_STYLE_FILL_AREA( #6857 );
#4746 = ORIENTED_EDGE( '', *, *, #6858, .T. );
#4747 = ORIENTED_EDGE( '', *, *, #6045, .F. );
#4748 = ORIENTED_EDGE( '', *, *, #6787, .F. );
#4749 = ORIENTED_EDGE( '', *, *, #6062, .T. );
#4750 = CARTESIAN_POINT( '', ( 0.175000000000000, 0.185000000000000, 0.0825182600000000 ) );
#4751 = DIRECTION( '', ( 0.000000000000000, 0.0157073173118207, 0.999876632481661 ) );
#4752 = DIRECTION( '', ( 0.000000000000000, -0.999876632481661, 0.0157073173118207 ) );
#4753 = SURFACE_STYLE_FILL_AREA( #6859 );
#4754 = ORIENTED_EDGE( '', *, *, #6589, .T. );
#4755 = ORIENTED_EDGE( '', *, *, #6331, .T. );
#4756 = ORIENTED_EDGE( '', *, *, #6243, .T. );
#4757 = ORIENTED_EDGE( '', *, *, #6860, .T. );
#4758 = ORIENTED_EDGE( '', *, *, #6861, .T. );
#4759 = ORIENTED_EDGE( '', *, *, #6024, .T. );
#4760 = ORIENTED_EDGE( '', *, *, #6153, .T. );
#4761 = ORIENTED_EDGE( '', *, *, #5973, .T. );
#4762 = ORIENTED_EDGE( '', *, *, #6078, .T. );
#4763 = ORIENTED_EDGE( '', *, *, #6577, .F. );
#4764 = CARTESIAN_POINT( '', ( -0.115500000000000, -0.100000000000000, 5.00000000000000 ) );
#4765 = DIRECTION( '', ( -1.00000000000000, 0.000000000000000, 0.000000000000000 ) );
#4766 = DIRECTION( '', ( 0.000000000000000, 0.000000000000000, 1.00000000000000 ) );
#4767 = SURFACE_STYLE_FILL_AREA( #6862 );
#4768 = ORIENTED_EDGE( '', *, *, #6107, .F. );
#4769 = ORIENTED_EDGE( '', *, *, #6160, .T. );
#4770 = ORIENTED_EDGE( '', *, *, #6863, .T. );
#4771 = ORIENTED_EDGE( '', *, *, #6864, .F. );
#4772 = CARTESIAN_POINT( '', ( 0.115500000000000, 0.335000000000000, -0.0655000000000000 ) );
#4773 = DIRECTION( '', ( 0.000000000000000, -0.000000000000000, 1.00000000000000 ) );
#4774 = DIRECTION( '', ( 1.00000000000000, 0.000000000000000, -0.000000000000000 ) );
#4775 = SURFACE_STYLE_FILL_AREA( #6865 );
#4776 = ORIENTED_EDGE( '', *, *, #6866, .T. );
#4777 = ORIENTED_EDGE( '', *, *, #6552, .F. );
#4778 = ORIENTED_EDGE( '', *, *, #6867, .F. );
#4779 = ORIENTED_EDGE( '', *, *, #6545, .T. );
#4780 = CARTESIAN_POINT( '', ( -0.257500000000000, 0.185000000000000, -0.0975000000000000 ) );
#4781 = DIRECTION( '', ( 1.00000000000000, 0.000000000000000, 0.000000000000000 ) );
#4782 = DIRECTION( '', ( 0.000000000000000, 0.000000000000000, -1.00000000000000 ) );
#4783 = SURFACE_STYLE_FILL_AREA( #6868 );
#4784 = ORIENTED_EDGE( '', *, *, #6869, .T. );
#4785 = ORIENTED_EDGE( '', *, *, #6692, .F. );
#4786 = ORIENTED_EDGE( '', *, *, #6567, .F. );
#4787 = ORIENTED_EDGE( '', *, *, #6870, .T. );
#4788 = CARTESIAN_POINT( '', ( 0.125000000000000, 0.185000000000000, 0.0675182600000000 ) );
#4789 = DIRECTION( '', ( -0.000000000000000, -1.00000000000000, -0.000000000000000 ) );
#4790 = DIRECTION( '', ( 1.00000000000000, 0.000000000000000, 0.000000000000000 ) );
#4791 = SURFACE_STYLE_FILL_AREA( #6871 );
#4792 = ORIENTED_EDGE( '', *, *, #6872, .F. );
#4793 = ORIENTED_EDGE( '', *, *, #6873, .T. );
#4794 = ORIENTED_EDGE( '', *, *, #6874, .T. );
#4795 = ORIENTED_EDGE( '', *, *, #6459, .F. );
#4796 = CARTESIAN_POINT( '', ( 0.0330000000000000, 0.300000000000000, -0.0605000000000000 ) );
#4797 = DIRECTION( '', ( 0.000000000000000, -0.000000000000000, 1.00000000000000 ) );
#4798 = DIRECTION( '', ( 1.00000000000000, 0.000000000000000, -0.000000000000000 ) );
#4799 = SURFACE_STYLE_FILL_AREA( #6875 );
#4800 = ORIENTED_EDGE( '', *, *, #6019, .F. );
#4801 = ORIENTED_EDGE( '', *, *, #6876, .T. );
#4802 = ORIENTED_EDGE( '', *, *, #6877, .T. );
#4803 = ORIENTED_EDGE( '', *, *, #6878, .F. );
#4804 = CARTESIAN_POINT( '', ( 0.215500000000000, -0.100000000000000, 0.193500000000000 ) );
#4805 = DIRECTION( '', ( -0.000000000000000, 1.00000000000000, 0.000000000000000 ) );
#4806 = DIRECTION( '', ( 0.000000000000000, -0.000000000000000, 1.00000000000000 ) );
#4807 = SURFACE_STYLE_FILL_AREA( #6879 );
#4808 = ORIENTED_EDGE( '', *, *, #6880, .T. );
#4809 = ORIENTED_EDGE( '', *, *, #6881, .F. );
#4810 = ORIENTED_EDGE( '', *, *, #6564, .F. );
#4811 = ORIENTED_EDGE( '', *, *, #6723, .T. );
#4812 = CARTESIAN_POINT( '', ( 0.0600000000000000, 0.185000000000000, 0.0174817400000000 ) );
#4813 = DIRECTION( '', ( -0.999876632481661, 0.0157073173118207, 0.000000000000000 ) );
#4814 = DIRECTION( '', ( -0.0157073173118207, -0.999876632481661, 0.000000000000000 ) );
#4815 = SURFACE_STYLE_FILL_AREA( #6882 );
#4816 = ORIENTED_EDGE( '', *, *, #6015, .F. );
#4817 = ORIENTED_EDGE( '', *, *, #6182, .T. );
#4818 = ORIENTED_EDGE( '', *, *, #6883, .T. );
#4819 = ORIENTED_EDGE( '', *, *, #6884, .F. );
#4820 = CARTESIAN_POINT( '', ( 0.215500000000000, -0.0840000000000000, -0.0220000000000000 ) );
#4821 = DIRECTION( '', ( 0.000000000000000, -1.00000000000000, 0.000000000000000 ) );
#4822 = DIRECTION( '', ( 0.000000000000000, 0.000000000000000, -1.00000000000000 ) );
#4823 = SURFACE_STYLE_FILL_AREA( #6885 );
#4824 = ORIENTED_EDGE( '', *, *, #6506, .F. );
#4825 = ORIENTED_EDGE( '', *, *, #6769, .T. );
#4826 = ORIENTED_EDGE( '', *, *, #6731, .F. );
#4827 = ORIENTED_EDGE( '', *, *, #6886, .F. );
#4828 = CARTESIAN_POINT( '', ( 0.215500000000000, -0.0880000000000000, 0.197500000000000 ) );
#4829 = DIRECTION( '', ( 0.000000000000000, 0.000000000000000, -1.00000000000000 ) );
#4830 = DIRECTION( '', ( -1.00000000000000, 0.000000000000000, 0.000000000000000 ) );
#4831 = SURFACE_STYLE_FILL_AREA( #6887 );
#4832 = ORIENTED_EDGE( '', *, *, #6888, .F. );
#4833 = ORIENTED_EDGE( '', *, *, #6889, .T. );
#4834 = ORIENTED_EDGE( '', *, *, #6672, .F. );
#4835 = ORIENTED_EDGE( '', *, *, #6648, .F. );
#4836 = CARTESIAN_POINT( '', ( 0.215500000000000, -0.0840000000000000, -0.0220000000000000 ) );
#4837 = DIRECTION( '', ( 0.000000000000000, -1.00000000000000, 0.000000000000000 ) );
#4838 = DIRECTION( '', ( 0.000000000000000, 0.000000000000000, -1.00000000000000 ) );
#4839 = SURFACE_STYLE_FILL_AREA( #6890 );
#4840 = ORIENTED_EDGE( '', *, *, #6543, .T. );
#4841 = ORIENTED_EDGE( '', *, *, #6121, .F. );
#4842 = ORIENTED_EDGE( '', *, *, #6554, .T. );
#4843 = ORIENTED_EDGE( '', *, *, #6891, .T. );
#4844 = CARTESIAN_POINT( '', ( -0.240000000000000, 0.0200000000000000, 0.250000000000000 ) );
#4845 = DIRECTION( '', ( 1.00000000000000, 0.000000000000000, -0.000000000000000 ) );
#4846 = DIRECTION( '', ( -0.000000000000000, 0.000000000000000, -1.00000000000000 ) );
#4847 = SURFACE_STYLE_FILL_AREA( #6892 );
#4848 = ORIENTED_EDGE( '', *, *, #6893, .T. );
#4849 = ORIENTED_EDGE( '', *, *, #6894, .F. );
#4850 = ORIENTED_EDGE( '', *, *, #6895, .F. );
#4851 = ORIENTED_EDGE( '', *, *, #6896, .T. );
#4852 = CARTESIAN_POINT( '', ( -0.225000000000000, 0.185000000000000, 0.0825182600000000 ) );
#4853 = DIRECTION( '', ( 0.000000000000000, 0.0157073173118207, 0.999876632481661 ) );
#4854 = DIRECTION( '', ( 0.000000000000000, -0.999876632481661, 0.0157073173118207 ) );
#4855 = SURFACE_STYLE_FILL_AREA( #6897 );
#4856 = ORIENTED_EDGE( '', *, *, #6874, .F. );
#4857 = ORIENTED_EDGE( '', *, *, #6898, .T. );
#4858 = ORIENTED_EDGE( '', *, *, #6080, .T. );
#4859 = ORIENTED_EDGE( '', *, *, #6460, .F. );
#4860 = CARTESIAN_POINT( '', ( -0.0330000000000000, 0.300000000000000, -0.0605000000000000 ) );
#4861 = DIRECTION( '', ( 1.00000000000000, 0.000000000000000, 0.000000000000000 ) );
#4862 = DIRECTION( '', ( 0.000000000000000, 0.000000000000000, -1.00000000000000 ) );
#4863 = SURFACE_STYLE_FILL_AREA( #6899 );
#4864 = ORIENTED_EDGE( '', *, *, #6900, .T. );
#4865 = ORIENTED_EDGE( '', *, *, #6311, .F. );
#4866 = ORIENTED_EDGE( '', *, *, #6389, .F. );
#4867 = ORIENTED_EDGE( '', *, *, #6316, .F. );
#4868 = CARTESIAN_POINT( '', ( 0.100000000000000, 0.300000000000000, 0.000000000000000 ) );
#4869 = DIRECTION( '', ( 0.000000000000000, 1.00000000000000, -0.000000000000000 ) );
#4870 = DIRECTION( '', ( 0.000000000000000, 0.000000000000000, 1.00000000000000 ) );
#4871 = SURFACE_STYLE_FILL_AREA( #6901 );
#4872 = ORIENTED_EDGE( '', *, *, #6538, .T. );
#4873 = ORIENTED_EDGE( '', *, *, #6902, .F. );
#4874 = ORIENTED_EDGE( '', *, *, #6559, .T. );
#4875 = ORIENTED_EDGE( '', *, *, #5948, .T. );
#4876 = ORIENTED_EDGE( '', *, *, #6903, .T. );
#4877 = ORIENTED_EDGE( '', *, *, #6904, .T. );
#4878 = ORIENTED_EDGE( '', *, *, #6074, .T. );
#4879 = ORIENTED_EDGE( '', *, *, #6654, .T. );
#4880 = ORIENTED_EDGE( '', *, *, #6905, .T. );
#4881 = ORIENTED_EDGE( '', *, *, #6526, .T. );
#4882 = ORIENTED_EDGE( '', *, *, #6104, .T. );
#4883 = ORIENTED_EDGE( '', *, *, #6447, .T. );
#4884 = ORIENTED_EDGE( '', *, *, #6906, .T. );
#4885 = ORIENTED_EDGE( '', *, *, #6907, .T. );
#4886 = ORIENTED_EDGE( '', *, *, #6100, .T. );
#4887 = ORIENTED_EDGE( '', *, *, #6864, .T. );
#4888 = ORIENTED_EDGE( '', *, *, #6762, .T. );
#4889 = ORIENTED_EDGE( '', *, *, #6753, .T. );
#4890 = ORIENTED_EDGE( '', *, *, #6484, .T. );
#4891 = ORIENTED_EDGE( '', *, *, #6779, .T. );
#4892 = ORIENTED_EDGE( '', *, *, #6765, .T. );
#4893 = ORIENTED_EDGE( '', *, *, #6908, .T. );
#4894 = ORIENTED_EDGE( '', *, *, #6909, .T. );
#4895 = ORIENTED_EDGE( '', *, *, #6270, .T. );
#4896 = ORIENTED_EDGE( '', *, *, #6807, .T. );
#4897 = ORIENTED_EDGE( '', *, *, #6910, .T. );
#4898 = ORIENTED_EDGE( '', *, *, #6911, .T. );
#4899 = ORIENTED_EDGE( '', *, *, #6912, .T. );
#4900 = CARTESIAN_POINT( '', ( 0.140000000000000, 0.0200000000000000, 0.250000000000000 ) );
#4901 = DIRECTION( '', ( 0.000000000000000, -1.00000000000000, 0.000000000000000 ) );
#4902 = DIRECTION( '', ( 0.000000000000000, 0.000000000000000, -1.00000000000000 ) );
#4903 = SURFACE_STYLE_FILL_AREA( #6913 );
#4904 = ORIENTED_EDGE( '', *, *, #6914, .F. );
#4905 = ORIENTED_EDGE( '', *, *, #6835, .T. );
#4906 = ORIENTED_EDGE( '', *, *, #6071, .T. );
#4907 = ORIENTED_EDGE( '', *, *, #6904, .F. );
#4908 = CARTESIAN_POINT( '', ( 0.133000000000000, 0.300000000000000, -0.0605000000000000 ) );
#4909 = DIRECTION( '', ( 0.000000000000000, -0.000000000000000, 1.00000000000000 ) );
#4910 = DIRECTION( '', ( 1.00000000000000, 0.000000000000000, -0.000000000000000 ) );
#4911 = SURFACE_STYLE_FILL_AREA( #6915 );
#4912 = ORIENTED_EDGE( '', *, *, #6916, .F. );
#4913 = ORIENTED_EDGE( '', *, *, #6718, .T. );
#4914 = ORIENTED_EDGE( '', *, *, #6101, .F. );
#4915 = ORIENTED_EDGE( '', *, *, #6907, .F. );
#4916 = CARTESIAN_POINT( '', ( 0.133000000000000, 0.300000000000000, -0.0605000000000000 ) );
#4917 = DIRECTION( '', ( 0.000000000000000, -0.000000000000000, 1.00000000000000 ) );
#4918 = DIRECTION( '', ( 1.00000000000000, 0.000000000000000, -0.000000000000000 ) );
#4919 = SURFACE_STYLE_FILL_AREA( #6917 );
#4920 = ORIENTED_EDGE( '', *, *, #6891, .F. );
#4921 = ORIENTED_EDGE( '', *, *, #6553, .F. );
#4922 = ORIENTED_EDGE( '', *, *, #6866, .F. );
#4923 = ORIENTED_EDGE( '', *, *, #6544, .F. );
#4924 = CARTESIAN_POINT( '', ( 0.000000000000000, 0.000000000000000, -0.000000000000000 ) );
#4925 = DIRECTION( '', ( 0.000000000000000, 1.00000000000000, -0.000000000000000 ) );
#4926 = DIRECTION( '', ( 0.000000000000000, 0.000000000000000, 1.00000000000000 ) );
#4927 = SURFACE_STYLE_FILL_AREA( #6918 );
#4928 = ORIENTED_EDGE( '', *, *, #6738, .F. );
#4929 = ORIENTED_EDGE( '', *, *, #6007, .T. );
#4930 = ORIENTED_EDGE( '', *, *, #6698, .F. );
#4931 = ORIENTED_EDGE( '', *, *, #6627, .F. );
#4932 = CARTESIAN_POINT( '', ( -0.0670000000000000, 0.300000000000000, 0.0395000000000000 ) );
#4933 = DIRECTION( '', ( 0.000000000000000, -0.000000000000000, 1.00000000000000 ) );
#4934 = DIRECTION( '', ( 1.00000000000000, 0.000000000000000, -0.000000000000000 ) );
#4935 = SURFACE_STYLE_FILL_AREA( #6919 );
#4936 = ORIENTED_EDGE( '', *, *, #6379, .F. );
#4937 = ORIENTED_EDGE( '', *, *, #6920, .F. );
#4938 = ORIENTED_EDGE( '', *, *, #6921, .F. );
#4939 = ORIENTED_EDGE( '', *, *, #6922, .T. );
#4940 = CARTESIAN_POINT( '', ( 0.215500000000000, 0.000000000000000, 0.193500000000000 ) );
#4941 = DIRECTION( '', ( -0.000000000000000, 1.00000000000000, 0.000000000000000 ) );
#4942 = DIRECTION( '', ( 0.000000000000000, -0.000000000000000, 1.00000000000000 ) );
#4943 = SURFACE_STYLE_FILL_AREA( #6923 );
#4944 = ORIENTED_EDGE( '', *, *, #6924, .F. );
#4945 = ORIENTED_EDGE( '', *, *, #6744, .T. );
#4946 = ORIENTED_EDGE( '', *, *, #6288, .F. );
#4947 = ORIENTED_EDGE( '', *, *, #6421, .F. );
#4948 = ORIENTED_EDGE( '', *, *, #6789, .T. );
#4949 = ORIENTED_EDGE( '', *, *, #6925, .T. );
#4950 = ORIENTED_EDGE( '', *, *, #6291, .F. );
#4951 = ORIENTED_EDGE( '', *, *, #6034, .T. );
#4952 = CARTESIAN_POINT( '', ( 0.184500000000000, 0.335000000000000, 0.0345000000000000 ) );
#4953 = DIRECTION( '', ( 1.00000000000000, 0.000000000000000, 0.000000000000000 ) );
#4954 = DIRECTION( '', ( 0.000000000000000, 0.000000000000000, -1.00000000000000 ) );
#4955 = SURFACE_STYLE_FILL_AREA( #6926 );
#4956 = ORIENTED_EDGE( '', *, *, #6801, .T. );
#4957 = ORIENTED_EDGE( '', *, *, #6794, .F. );
#4958 = ORIENTED_EDGE( '', *, *, #6927, .F. );
#4959 = ORIENTED_EDGE( '', *, *, #6928, .F. );
#4960 = CARTESIAN_POINT( '', ( 0.000000000000000, 0.300000000000000, -0.100000000000000 ) );
#4961 = DIRECTION( '', ( 0.000000000000000, 1.00000000000000, -0.000000000000000 ) );
#4962 = DIRECTION( '', ( 0.000000000000000, 0.000000000000000, 1.00000000000000 ) );
#4963 = SURFACE_STYLE_FILL_AREA( #6929 );
#4964 = ORIENTED_EDGE( '', *, *, #6925, .F. );
#4965 = ORIENTED_EDGE( '', *, *, #6790, .T. );
#4966 = ORIENTED_EDGE( '', *, *, #6581, .T. );
#4967 = ORIENTED_EDGE( '', *, *, #6292, .F. );
#4968 = CARTESIAN_POINT( '', ( 0.184500000000000, 0.335000000000000, 0.0655000000000000 ) );
#4969 = DIRECTION( '', ( 0.000000000000000, 0.000000000000000, -1.00000000000000 ) );
#4970 = DIRECTION( '', ( -1.00000000000000, 0.000000000000000, 0.000000000000000 ) );
#4971 = SURFACE_STYLE_FILL_AREA( #6930 );
#4972 = ORIENTED_EDGE( '', *, *, #6728, .F. );
#4973 = ORIENTED_EDGE( '', *, *, #6493, .T. );
#4974 = ORIENTED_EDGE( '', *, *, #6369, .T. );
#4975 = ORIENTED_EDGE( '', *, *, #6473, .F. );
#4976 = CARTESIAN_POINT( '', ( 0.0330000000000000, 0.300000000000000, 0.0605000000000000 ) );
#4977 = DIRECTION( '', ( -1.00000000000000, 0.000000000000000, 0.000000000000000 ) );
#4978 = DIRECTION( '', ( 0.000000000000000, 0.000000000000000, 1.00000000000000 ) );
#4979 = SURFACE_STYLE_FILL_AREA( #6931 );
#4980 = ORIENTED_EDGE( '', *, *, #6932, .F. );
#4981 = ORIENTED_EDGE( '', *, *, #6933, .T. );
#4982 = ORIENTED_EDGE( '', *, *, #6668, .F. );
#4983 = ORIENTED_EDGE( '', *, *, #6934, .F. );
#4984 = CARTESIAN_POINT( '', ( 0.215500000000000, -0.0640000000000000, -0.0220000000000000 ) );
#4985 = DIRECTION( '', ( 1.00000000000000, -0.000000000000000, -0.000000000000000 ) );
#4986 = DIRECTION( '', ( 0.000000000000000, 0.000000000000000, 1.00000000000000 ) );
#4987 = SURFACE_STYLE_FILL_AREA( #6935 );
#4988 = ORIENTED_EDGE( '', *, *, #6936, .F. );
#4989 = ORIENTED_EDGE( '', *, *, #6937, .F. );
#4990 = ORIENTED_EDGE( '', *, *, #6938, .F. );
#4991 = ORIENTED_EDGE( '', *, *, #6186, .T. );
#4992 = CARTESIAN_POINT( '', ( 0.215500000000000, -0.0640000000000000, -0.0220000000000000 ) );
#4993 = DIRECTION( '', ( 1.00000000000000, -0.000000000000000, -0.000000000000000 ) );
#4994 = DIRECTION( '', ( 0.000000000000000, 0.000000000000000, 1.00000000000000 ) );
#4995 = SURFACE_STYLE_FILL_AREA( #6939 );
#4996 = ORIENTED_EDGE( '', *, *, #5997, .F. );
#4997 = ORIENTED_EDGE( '', *, *, #6940, .T. );
#4998 = ORIENTED_EDGE( '', *, *, #6598, .F. );
#4999 = ORIENTED_EDGE( '', *, *, #6663, .F. );
#5000 = CARTESIAN_POINT( '', ( 0.215500000000000, 0.0360000000000000, 0.0780000000000000 ) );
#5001 = DIRECTION( '', ( 1.00000000000000, -0.000000000000000, -0.000000000000000 ) );
#5002 = DIRECTION( '', ( 0.000000000000000, 0.000000000000000, 1.00000000000000 ) );
#5003 = SURFACE_STYLE_FILL_AREA( #6941 );
#5004 = ORIENTED_EDGE( '', *, *, #6942, .F. );
#5005 = ORIENTED_EDGE( '', *, *, #6943, .T. );
#5006 = ORIENTED_EDGE( '', *, *, #6669, .T. );
#5007 = ORIENTED_EDGE( '', *, *, #6933, .F. );
#5008 = CARTESIAN_POINT( '', ( 0.215500000000000, -0.100000000000000, 0.193500000000000 ) );
#5009 = DIRECTION( '', ( -0.000000000000000, 1.00000000000000, 0.000000000000000 ) );
#5010 = DIRECTION( '', ( 0.000000000000000, -0.000000000000000, 1.00000000000000 ) );
#5011 = SURFACE_STYLE_FILL_AREA( #6944 );
#5012 = ORIENTED_EDGE( '', *, *, #6945, .F. );
#5013 = ORIENTED_EDGE( '', *, *, #6927, .T. );
#5014 = ORIENTED_EDGE( '', *, *, #6793, .T. );
#5015 = ORIENTED_EDGE( '', *, *, #6142, .F. );
#5016 = CARTESIAN_POINT( '', ( -0.167000000000000, 0.300000000000000, -0.0395000000000000 ) );
#5017 = DIRECTION( '', ( -1.00000000000000, 0.000000000000000, 0.000000000000000 ) );
#5018 = DIRECTION( '', ( 0.000000000000000, 0.000000000000000, 1.00000000000000 ) );
#5019 = SURFACE_STYLE_FILL_AREA( #6946 );
#5020 = ORIENTED_EDGE( '', *, *, #6534, .T. );
#5021 = ORIENTED_EDGE( '', *, *, #6066, .T. );
#5022 = ORIENTED_EDGE( '', *, *, #6549, .T. );
#5023 = ORIENTED_EDGE( '', *, *, #6273, .T. );
#5024 = CARTESIAN_POINT( '', ( 0.240000000000000, 0.000000000000000, 0.250000000000000 ) );
#5025 = DIRECTION( '', ( -1.00000000000000, 0.000000000000000, 0.000000000000000 ) );
#5026 = DIRECTION( '', ( 0.000000000000000, 0.000000000000000, 1.00000000000000 ) );
#5027 = SURFACE_STYLE_FILL_AREA( #6947 );
#5028 = ORIENTED_EDGE( '', *, *, #6948, .T. );
#5029 = ORIENTED_EDGE( '', *, *, #6949, .T. );
#5030 = ORIENTED_EDGE( '', *, *, #6585, .T. );
#5031 = ORIENTED_EDGE( '', *, *, #6950, .F. );
#5032 = ORIENTED_EDGE( '', *, *, #5988, .T. );
#5033 = ORIENTED_EDGE( '', *, *, #6202, .T. );
#5034 = ORIENTED_EDGE( '', *, *, #6453, .T. );
#5035 = ORIENTED_EDGE( '', *, *, #6951, .T. );
#5036 = ORIENTED_EDGE( '', *, *, #6921, .T. );
#5037 = ORIENTED_EDGE( '', *, *, #6952, .T. );
#5038 = ORIENTED_EDGE( '', *, *, #6192, .T. );
#5039 = ORIENTED_EDGE( '', *, *, #6350, .T. );
#5040 = ORIENTED_EDGE( '', *, *, #6417, .T. );
#5041 = ORIENTED_EDGE( '', *, *, #6953, .F. );
#5042 = ORIENTED_EDGE( '', *, *, #6954, .T. );
#5043 = ORIENTED_EDGE( '', *, *, #6097, .T. );
#5044 = ORIENTED_EDGE( '', *, *, #6324, .T. );
#5045 = ORIENTED_EDGE( '', *, *, #6226, .T. );
#5046 = ORIENTED_EDGE( '', *, *, #6187, .T. );
#5047 = ORIENTED_EDGE( '', *, *, #6938, .T. );
#5048 = CARTESIAN_POINT( '', ( 0.215500000000000, -0.0640000000000000, -0.0220000000000000 ) );
#5049 = DIRECTION( '', ( 1.00000000000000, 0.000000000000000, 0.000000000000000 ) );
#5050 = DIRECTION( '', ( 0.000000000000000, 0.000000000000000, -1.00000000000000 ) );
#5051 = SURFACE_STYLE_FILL_AREA( #6955 );
#5052 = ORIENTED_EDGE( '', *, *, #6956, .F. );
#5053 = ORIENTED_EDGE( '', *, *, #6957, .T. );
#5054 = ORIENTED_EDGE( '', *, *, #6701, .T. );
#5055 = ORIENTED_EDGE( '', *, *, #6462, .F. );
#5056 = CARTESIAN_POINT( '', ( -0.0155000000000000, 0.335000000000000, -0.0345000000000000 ) );
#5057 = DIRECTION( '', ( 0.000000000000000, 0.000000000000000, -1.00000000000000 ) );
#5058 = DIRECTION( '', ( -1.00000000000000, 0.000000000000000, 0.000000000000000 ) );
#5059 = SURFACE_STYLE_FILL_AREA( #6958 );
#5060 = ORIENTED_EDGE( '', *, *, #6959, .T. );
#5061 = ORIENTED_EDGE( '', *, *, #6081, .F. );
#5062 = ORIENTED_EDGE( '', *, *, #6898, .F. );
#5063 = ORIENTED_EDGE( '', *, *, #6873, .F. );
#5064 = CARTESIAN_POINT( '', ( 0.200000000000000, 0.300000000000000, -0.100000000000000 ) );
#5065 = DIRECTION( '', ( 0.000000000000000, 1.00000000000000, -0.000000000000000 ) );
#5066 = DIRECTION( '', ( 0.000000000000000, 0.000000000000000, 1.00000000000000 ) );
#5067 = SURFACE_STYLE_FILL_AREA( #6960 );
#5068 = ORIENTED_EDGE( '', *, *, #6961, .F. );
#5069 = ORIENTED_EDGE( '', *, *, #6826, .T. );
#5070 = ORIENTED_EDGE( '', *, *, #6670, .F. );
#5071 = ORIENTED_EDGE( '', *, *, #6943, .F. );
#5072 = CARTESIAN_POINT( '', ( 0.215500000000000, -0.0960000000000000, 0.197500000000000 ) );
#5073 = DIRECTION( '', ( 0.000000000000000, 0.707106781186548, -0.707106781186548 ) );
#5074 = DIRECTION( '', ( 0.000000000000000, 0.707106781186547, 0.707106781186547 ) );
#5075 = SURFACE_STYLE_FILL_AREA( #6962 );
#5076 = ORIENTED_EDGE( '', *, *, #6537, .T. );
#5077 = ORIENTED_EDGE( '', *, *, #6631, .T. );
#5078 = ORIENTED_EDGE( '', *, *, #6560, .T. );
#5079 = ORIENTED_EDGE( '', *, *, #6902, .T. );
#5080 = CARTESIAN_POINT( '', ( 0.140000000000000, 0.000000000000000, 0.250000000000000 ) );
#5081 = DIRECTION( '', ( -1.00000000000000, 0.000000000000000, 0.000000000000000 ) );
#5082 = DIRECTION( '', ( 0.000000000000000, 0.000000000000000, 1.00000000000000 ) );
#5083 = SURFACE_STYLE_FILL_AREA( #6963 );
#5084 = ORIENTED_EDGE( '', *, *, #6964, .T. );
#5085 = ORIENTED_EDGE( '', *, *, #6750, .F. );
#5086 = ORIENTED_EDGE( '', *, *, #6965, .F. );
#5087 = ORIENTED_EDGE( '', *, *, #6510, .T. );
#5088 = CARTESIAN_POINT( '', ( 0.0400000000000000, 0.185000000000000, -0.0825182600000000 ) );
#5089 = DIRECTION( '', ( 0.000000000000000, 0.0157073173118207, -0.999876632481661 ) );
#5090 = DIRECTION( '', ( 0.000000000000000, 0.999876632481661, 0.0157073173118207 ) );
#5091 = SURFACE_STYLE_FILL_AREA( #6966 );
#5092 = ORIENTED_EDGE( '', *, *, #6017, .F. );
#5093 = ORIENTED_EDGE( '', *, *, #6967, .T. );
#5094 = ORIENTED_EDGE( '', *, *, #6968, .T. );
#5095 = ORIENTED_EDGE( '', *, *, #6969, .F. );
#5096 = CARTESIAN_POINT( '', ( 0.215500000000000, -0.0880000000000000, 0.197500000000000 ) );
#5097 = DIRECTION( '', ( 0.000000000000000, 0.000000000000000, -1.00000000000000 ) );
#5098 = DIRECTION( '', ( -1.00000000000000, 0.000000000000000, 0.000000000000000 ) );
#5099 = SURFACE_STYLE_FILL_AREA( #6970 );
#5100 = ORIENTED_EDGE( '', *, *, #6016, .F. );
#5101 = ORIENTED_EDGE( '', *, *, #6884, .T. );
#5102 = ORIENTED_EDGE( '', *, *, #6971, .T. );
#5103 = ORIENTED_EDGE( '', *, *, #6967, .F. );
#5104 = CARTESIAN_POINT( '', ( 0.215500000000000, -0.0840000000000000, 0.193500000000000 ) );
#5105 = DIRECTION( '', ( 0.000000000000000, -0.707106781186549, -0.707106781186546 ) );
#5106 = DIRECTION( '', ( 0.000000000000000, 0.707106781186546, -0.707106781186549 ) );
#5107 = SURFACE_STYLE_FILL_AREA( #6972 );
#5108 = ORIENTED_EDGE( '', *, *, #6973, .T. );
#5109 = ORIENTED_EDGE( '', *, *, #6855, .F. );
#5110 = ORIENTED_EDGE( '', *, *, #6155, .F. );
#5111 = ORIENTED_EDGE( '', *, *, #6217, .T. );
#5112 = CARTESIAN_POINT( '', ( 0.0600000000000000, 0.185000000000000, -0.0825182600000000 ) );
#5113 = DIRECTION( '', ( -0.999876632481661, 0.0157073173118207, 0.000000000000000 ) );
#5114 = DIRECTION( '', ( -0.0157073173118207, -0.999876632481661, 0.000000000000000 ) );
#5115 = SURFACE_STYLE_FILL_AREA( #6974 );
#5116 = ORIENTED_EDGE( '', *, *, #6975, .T. );
#5117 = ORIENTED_EDGE( '', *, *, #6641, .F. );
#5118 = ORIENTED_EDGE( '', *, *, #6710, .F. );
#5119 = ORIENTED_EDGE( '', *, *, #6785, .T. );
#5120 = CARTESIAN_POINT( '', ( -0.160000000000000, 0.185000000000000, -0.0825182600000000 ) );
#5121 = DIRECTION( '', ( 0.000000000000000, 0.0157073173118207, -0.999876632481661 ) );
#5122 = DIRECTION( '', ( 0.000000000000000, 0.999876632481661, 0.0157073173118207 ) );
#5123 = SURFACE_STYLE_FILL_AREA( #6976 );
#5124 = ORIENTED_EDGE( '', *, *, #6977, .T. );
#5125 = ORIENTED_EDGE( '', *, *, #6896, .F. );
#5126 = ORIENTED_EDGE( '', *, *, #6978, .F. );
#5127 = ORIENTED_EDGE( '', *, *, #6230, .T. );
#5128 = CARTESIAN_POINT( '', ( -0.225000000000000, 0.185000000000000, 0.0675182600000000 ) );
#5129 = DIRECTION( '', ( -0.000000000000000, -1.00000000000000, -0.000000000000000 ) );
#5130 = DIRECTION( '', ( 1.00000000000000, 0.000000000000000, 0.000000000000000 ) );
#5131 = SURFACE_STYLE_FILL_AREA( #6979 );
#5132 = ORIENTED_EDGE( '', *, *, #6726, .F. );
#5133 = ORIENTED_EDGE( '', *, *, #6264, .T. );
#5134 = ORIENTED_EDGE( '', *, *, #6109, .T. );
#5135 = ORIENTED_EDGE( '', *, *, #6619, .F. );
#5136 = CARTESIAN_POINT( '', ( -0.0670000000000000, 0.300000000000000, -0.0395000000000000 ) );
#5137 = DIRECTION( '', ( -1.00000000000000, 0.000000000000000, 0.000000000000000 ) );
#5138 = DIRECTION( '', ( 0.000000000000000, 0.000000000000000, 1.00000000000000 ) );
#5139 = SURFACE_STYLE_FILL_AREA( #6980 );
#5140 = ORIENTED_EDGE( '', *, *, #6593, .T. );
#5141 = ORIENTED_EDGE( '', *, *, #6981, .F. );
#5142 = ORIENTED_EDGE( '', *, *, #6982, .T. );
#5143 = ORIENTED_EDGE( '', *, *, #6983, .T. );
#5144 = ORIENTED_EDGE( '', *, *, #6984, .T. );
#5145 = ORIENTED_EDGE( '', *, *, #6985, .T. );
#5146 = ORIENTED_EDGE( '', *, *, #6177, .T. );
#5147 = ORIENTED_EDGE( '', *, *, #6676, .T. );
#5148 = ORIENTED_EDGE( '', *, *, #6986, .T. );
#5149 = ORIENTED_EDGE( '', *, *, #6356, .F. );
#5150 = CARTESIAN_POINT( '', ( 0.0155000000000000, 0.0930000000000000, 5.00000000000000 ) );
#5151 = DIRECTION( '', ( 1.00000000000000, 0.000000000000000, -0.000000000000000 ) );
#5152 = DIRECTION( '', ( -0.000000000000000, 0.000000000000000, -1.00000000000000 ) );
#5153 = SURFACE_STYLE_FILL_AREA( #6987 );
#5154 = ORIENTED_EDGE( '', *, *, #6378, .F. );
#5155 = ORIENTED_EDGE( '', *, *, #6193, .F. );
#5156 = ORIENTED_EDGE( '', *, *, #6952, .F. );
#5157 = ORIENTED_EDGE( '', *, *, #6920, .T. );
#5158 = CARTESIAN_POINT( '', ( 0.215500000000000, 0.0360000000000000, 0.0780000000000000 ) );
#5159 = DIRECTION( '', ( 1.00000000000000, -0.000000000000000, -0.000000000000000 ) );
#5160 = DIRECTION( '', ( 0.000000000000000, 0.000000000000000, 1.00000000000000 ) );
#5161 = SURFACE_STYLE_FILL_AREA( #6988 );
#5162 = ORIENTED_EDGE( '', *, *, #6546, .T. );
#5163 = ORIENTED_EDGE( '', *, *, #6867, .T. );
#5164 = ORIENTED_EDGE( '', *, *, #6551, .T. );
#5165 = ORIENTED_EDGE( '', *, *, #6989, .T. );
#5166 = ORIENTED_EDGE( '', *, *, #6977, .F. );
#5167 = ORIENTED_EDGE( '', *, *, #6229, .F. );
#5168 = ORIENTED_EDGE( '', *, *, #6172, .F. );
#5169 = ORIENTED_EDGE( '', *, *, #6233, .F. );
#5170 = ORIENTED_EDGE( '', *, *, #6990, .F. );
#5171 = ORIENTED_EDGE( '', *, *, #6893, .F. );
#5172 = ORIENTED_EDGE( '', *, *, #6991, .F. );
#5173 = ORIENTED_EDGE( '', *, *, #6781, .F. );
#5174 = ORIENTED_EDGE( '', *, *, #6427, .F. );
#5175 = ORIENTED_EDGE( '', *, *, #5976, .F. );
#5176 = ORIENTED_EDGE( '', *, *, #6851, .F. );
#5177 = ORIENTED_EDGE( '', *, *, #6830, .F. );
#5178 = ORIENTED_EDGE( '', *, *, #6434, .F. );
#5179 = ORIENTED_EDGE( '', *, *, #6431, .F. );
#5180 = ORIENTED_EDGE( '', *, *, #6412, .F. );
#5181 = ORIENTED_EDGE( '', *, *, #6027, .F. );
#5182 = ORIENTED_EDGE( '', *, *, #6828, .F. );
#5183 = ORIENTED_EDGE( '', *, *, #6423, .F. );
#5184 = ORIENTED_EDGE( '', *, *, #6992, .F. );
#5185 = ORIENTED_EDGE( '', *, *, #6880, .F. );
#5186 = ORIENTED_EDGE( '', *, *, #6722, .F. );
#5187 = ORIENTED_EDGE( '', *, *, #6690, .F. );
#5188 = ORIENTED_EDGE( '', *, *, #6869, .F. );
#5189 = ORIENTED_EDGE( '', *, *, #6993, .F. );
#5190 = ORIENTED_EDGE( '', *, *, #6061, .F. );
#5191 = ORIENTED_EDGE( '', *, *, #6521, .F. );
#5192 = ORIENTED_EDGE( '', *, *, #6758, .F. );
#5193 = ORIENTED_EDGE( '', *, *, #6994, .F. );
#5194 = ORIENTED_EDGE( '', *, *, #6042, .F. );
#5195 = ORIENTED_EDGE( '', *, *, #6858, .F. );
#5196 = ORIENTED_EDGE( '', *, *, #5966, .F. );
#5197 = ORIENTED_EDGE( '', *, *, #6639, .F. );
#5198 = ORIENTED_EDGE( '', *, *, #6975, .F. );
#5199 = ORIENTED_EDGE( '', *, *, #6784, .F. );
#5200 = ORIENTED_EDGE( '', *, *, #6995, .F. );
#5201 = ORIENTED_EDGE( '', *, *, #6037, .F. );
#5202 = ORIENTED_EDGE( '', *, *, #6822, .F. );
#5203 = ORIENTED_EDGE( '', *, *, #6607, .F. );
#5204 = ORIENTED_EDGE( '', *, *, #6819, .F. );
#5205 = ORIENTED_EDGE( '', *, *, #6747, .F. );
#5206 = ORIENTED_EDGE( '', *, *, #6964, .F. );
#5207 = ORIENTED_EDGE( '', *, *, #6509, .F. );
#5208 = ORIENTED_EDGE( '', *, *, #6853, .F. );
#5209 = ORIENTED_EDGE( '', *, *, #6973, .F. );
#5210 = ORIENTED_EDGE( '', *, *, #6216, .F. );
#5211 = ORIENTED_EDGE( '', *, *, #6996, .F. );
#5212 = ORIENTED_EDGE( '', *, *, #6997, .F. );
#5213 = ORIENTED_EDGE( '', *, *, #6998, .F. );
#5214 = ORIENTED_EDGE( '', *, *, #6251, .F. );
#5215 = ORIENTED_EDGE( '', *, *, #6449, .F. );
#5216 = CARTESIAN_POINT( '', ( 0.000000000000000, 0.185000000000000, 0.000000000000000 ) );
#5217 = DIRECTION( '', ( 0.000000000000000, 1.00000000000000, -0.000000000000000 ) );
#5218 = DIRECTION( '', ( 0.000000000000000, 0.000000000000000, 1.00000000000000 ) );
#5219 = SURFACE_STYLE_FILL_AREA( #6999 );
#5220 = ORIENTED_EDGE( '', *, *, #6994, .T. );
#5221 = ORIENTED_EDGE( '', *, *, #6760, .F. );
#5222 = ORIENTED_EDGE( '', *, *, #6788, .F. );
#5223 = ORIENTED_EDGE( '', *, *, #6043, .T. );
#5224 = CARTESIAN_POINT( '', ( 0.240000000000000, 0.185000000000000, 0.0675182600000000 ) );
#5225 = DIRECTION( '', ( 0.999876632481661, 0.0157073173118207, 0.000000000000000 ) );
#5226 = DIRECTION( '', ( -0.0157073173118207, 0.999876632481661, 0.000000000000000 ) );
#5227 = SURFACE_STYLE_FILL_AREA( #7000 );
#5228 = ORIENTED_EDGE( '', *, *, #6834, .F. );
#5229 = ORIENTED_EDGE( '', *, *, #6914, .T. );
#5230 = ORIENTED_EDGE( '', *, *, #6903, .F. );
#5231 = ORIENTED_EDGE( '', *, *, #6863, .F. );
#5232 = ORIENTED_EDGE( '', *, *, #6159, .T. );
#5233 = ORIENTED_EDGE( '', *, *, #6525, .T. );
#5234 = ORIENTED_EDGE( '', *, *, #6905, .F. );
#5235 = ORIENTED_EDGE( '', *, *, #6653, .T. );
#5236 = CARTESIAN_POINT( '', ( 0.0845000000000000, 0.335000000000000, -0.0655000000000000 ) );
#5237 = DIRECTION( '', ( 1.00000000000000, 0.000000000000000, 0.000000000000000 ) );
#5238 = DIRECTION( '', ( 0.000000000000000, 0.000000000000000, -1.00000000000000 ) );
#5239 = SURFACE_STYLE_FILL_AREA( #7001 );
#5240 = ORIENTED_EDGE( '', *, *, #6231, .T. );
#5241 = ORIENTED_EDGE( '', *, *, #6978, .T. );
#5242 = ORIENTED_EDGE( '', *, *, #6895, .T. );
#5243 = ORIENTED_EDGE( '', *, *, #7002, .T. );
#5244 = ORIENTED_EDGE( '', *, *, #6234, .T. );
#5245 = ORIENTED_EDGE( '', *, *, #6174, .T. );
#5246 = ORIENTED_EDGE( '', *, *, #6706, .F. );
#5247 = ORIENTED_EDGE( '', *, *, #7003, .F. );
#5248 = ORIENTED_EDGE( '', *, *, #6773, .F. );
#5249 = ORIENTED_EDGE( '', *, *, #6846, .F. );
#5250 = CARTESIAN_POINT( '', ( -0.225000000000000, 0.335000000000000, 0.0675182600000000 ) );
#5251 = DIRECTION( '', ( 0.000000000000000, 1.00000000000000, 0.000000000000000 ) );
#5252 = DIRECTION( '', ( 0.000000000000000, -0.000000000000000, 1.00000000000000 ) );
#5253 = SURFACE_STYLE_FILL_AREA( #7004 );
#5254 = ORIENTED_EDGE( '', *, *, #6401, .F. );
#5255 = ORIENTED_EDGE( '', *, *, #7005, .T. );
#5256 = ORIENTED_EDGE( '', *, *, #6276, .F. );
#5257 = ORIENTED_EDGE( '', *, *, #7006, .F. );
#5258 = ORIENTED_EDGE( '', *, *, #6051, .T. );
#5259 = ORIENTED_EDGE( '', *, *, #6362, .T. );
#5260 = ORIENTED_EDGE( '', *, *, #6280, .F. );
#5261 = ORIENTED_EDGE( '', *, *, #6532, .T. );
#5262 = CARTESIAN_POINT( '', ( 0.184500000000000, 0.335000000000000, -0.0655000000000000 ) );
#5263 = DIRECTION( '', ( 1.00000000000000, 0.000000000000000, 0.000000000000000 ) );
#5264 = DIRECTION( '', ( 0.000000000000000, 0.000000000000000, -1.00000000000000 ) );
#5265 = SURFACE_STYLE_FILL_AREA( #7007 );
#5266 = ORIENTED_EDGE( '', *, *, #6802, .F. );
#5267 = ORIENTED_EDGE( '', *, *, #6928, .T. );
#5268 = ORIENTED_EDGE( '', *, *, #6945, .T. );
#5269 = ORIENTED_EDGE( '', *, *, #6141, .F. );
#5270 = CARTESIAN_POINT( '', ( -0.233000000000000, 0.300000000000000, -0.0395000000000000 ) );
#5271 = DIRECTION( '', ( 0.000000000000000, 0.000000000000000, -1.00000000000000 ) );
#5272 = DIRECTION( '', ( -1.00000000000000, 0.000000000000000, 0.000000000000000 ) );
#5273 = SURFACE_STYLE_FILL_AREA( #7008 );
#5274 = ORIENTED_EDGE( '', *, *, #7009, .F. );
#5275 = ORIENTED_EDGE( '', *, *, #6571, .T. );
#5276 = ORIENTED_EDGE( '', *, *, #6763, .T. );
#5277 = ORIENTED_EDGE( '', *, *, #6912, .F. );
#5278 = CARTESIAN_POINT( '', ( 0.115500000000000, 0.335000000000000, 0.0345000000000000 ) );
#5279 = DIRECTION( '', ( 0.000000000000000, -0.000000000000000, 1.00000000000000 ) );
#5280 = DIRECTION( '', ( 1.00000000000000, 0.000000000000000, -0.000000000000000 ) );
#5281 = SURFACE_STYLE_FILL_AREA( #7010 );
#5282 = ORIENTED_EDGE( '', *, *, #6395, .F. );
#5283 = ORIENTED_EDGE( '', *, *, #6052, .T. );
#5284 = ORIENTED_EDGE( '', *, *, #7006, .T. );
#5285 = ORIENTED_EDGE( '', *, *, #6287, .F. );
#5286 = CARTESIAN_POINT( '', ( 0.215500000000000, 0.335000000000000, -0.0655000000000000 ) );
#5287 = DIRECTION( '', ( 0.000000000000000, -0.000000000000000, 1.00000000000000 ) );
#5288 = DIRECTION( '', ( 1.00000000000000, 0.000000000000000, -0.000000000000000 ) );
#5289 = SURFACE_STYLE_FILL_AREA( #7011 );
#5290 = ORIENTED_EDGE( '', *, *, #6924, .T. );
#5291 = ORIENTED_EDGE( '', *, *, #6033, .F. );
#5292 = ORIENTED_EDGE( '', *, *, #6321, .F. );
#5293 = ORIENTED_EDGE( '', *, *, #6745, .F. );
#5294 = CARTESIAN_POINT( '', ( 0.400000000000000, 0.300000000000000, 0.000000000000000 ) );
#5295 = DIRECTION( '', ( 0.000000000000000, 1.00000000000000, -0.000000000000000 ) );
#5296 = DIRECTION( '', ( 0.000000000000000, 0.000000000000000, 1.00000000000000 ) );
#5297 = SURFACE_STYLE_FILL_AREA( #7012 );
#5298 = ORIENTED_EDGE( '', *, *, #6806, .F. );
#5299 = ORIENTED_EDGE( '', *, *, #7013, .T. );
#5300 = ORIENTED_EDGE( '', *, *, #7014, .F. );
#5301 = ORIENTED_EDGE( '', *, *, #6910, .F. );
#5302 = CARTESIAN_POINT( '', ( 0.133000000000000, 0.300000000000000, 0.0395000000000000 ) );
#5303 = DIRECTION( '', ( 0.000000000000000, -0.000000000000000, 1.00000000000000 ) );
#5304 = DIRECTION( '', ( 1.00000000000000, 0.000000000000000, -0.000000000000000 ) );
#5305 = SURFACE_STYLE_FILL_AREA( #7015 );
#5306 = ORIENTED_EDGE( '', *, *, #6809, .T. );
#5307 = ORIENTED_EDGE( '', *, *, #7016, .F. );
#5308 = ORIENTED_EDGE( '', *, *, #7017, .F. );
#5309 = ORIENTED_EDGE( '', *, *, #7018, .F. );
#5310 = CARTESIAN_POINT( '', ( 0.200000000000000, 0.300000000000000, 0.000000000000000 ) );
#5311 = DIRECTION( '', ( 0.000000000000000, 1.00000000000000, -0.000000000000000 ) );
#5312 = DIRECTION( '', ( 0.000000000000000, 0.000000000000000, 1.00000000000000 ) );
#5313 = SURFACE_STYLE_FILL_AREA( #7019 );
#5314 = ORIENTED_EDGE( '', *, *, #6990, .T. );
#5315 = ORIENTED_EDGE( '', *, *, #6235, .F. );
#5316 = ORIENTED_EDGE( '', *, *, #7002, .F. );
#5317 = ORIENTED_EDGE( '', *, *, #6894, .T. );
#5318 = CARTESIAN_POINT( '', ( -0.175000000000000, 0.185000000000000, 0.0675182600000000 ) );
#5319 = DIRECTION( '', ( -0.000000000000000, -1.00000000000000, -0.000000000000000 ) );
#5320 = DIRECTION( '', ( 1.00000000000000, 0.000000000000000, 0.000000000000000 ) );
#5321 = SURFACE_STYLE_FILL_AREA( #7020 );
#5322 = ORIENTED_EDGE( '', *, *, #6380, .F. );
#5323 = ORIENTED_EDGE( '', *, *, #6922, .F. );
#5324 = ORIENTED_EDGE( '', *, *, #6951, .F. );
#5325 = ORIENTED_EDGE( '', *, *, #6452, .T. );
#5326 = CARTESIAN_POINT( '', ( 0.215500000000000, 0.00400000000000000, 0.197500000000000 ) );
#5327 = DIRECTION( '', ( 0.000000000000000, 0.707106781186548, -0.707106781186547 ) );
#5328 = DIRECTION( '', ( 0.000000000000000, 0.707106781186546, 0.707106781186548 ) );
#5329 = SURFACE_STYLE_FILL_AREA( #7021 );
#5330 = ORIENTED_EDGE( '', *, *, #6997, .T. );
#5331 = ORIENTED_EDGE( '', *, *, #6450, .F. );
#5332 = ORIENTED_EDGE( '', *, *, #6048, .F. );
#5333 = ORIENTED_EDGE( '', *, *, #7022, .T. );
#5334 = CARTESIAN_POINT( '', ( 0.160000000000000, 0.185000000000000, -0.0174817400000000 ) );
#5335 = DIRECTION( '', ( 0.000000000000000, 0.0157073173118207, 0.999876632481661 ) );
#5336 = DIRECTION( '', ( 0.000000000000000, -0.999876632481661, 0.0157073173118207 ) );
#5337 = SURFACE_STYLE_FILL_AREA( #7023 );
#5338 = ORIENTED_EDGE( '', *, *, #6214, .F. );
#5339 = ORIENTED_EDGE( '', *, *, #6555, .F. );
#5340 = ORIENTED_EDGE( '', *, *, #6256, .F. );
#5341 = ORIENTED_EDGE( '', *, *, #6542, .F. );
#5342 = CARTESIAN_POINT( '', ( 0.000000000000000, 0.000000000000000, -0.000000000000000 ) );
#5343 = DIRECTION( '', ( 0.000000000000000, 1.00000000000000, -0.000000000000000 ) );
#5344 = DIRECTION( '', ( 0.000000000000000, 0.000000000000000, 1.00000000000000 ) );
#5345 = SURFACE_STYLE_FILL_AREA( #7024 );
#5346 = ORIENTED_EDGE( '', *, *, #6416, .T. );
#5347 = ORIENTED_EDGE( '', *, *, #7025, .T. );
#5348 = ORIENTED_EDGE( '', *, *, #7026, .F. );
#5349 = ORIENTED_EDGE( '', *, *, #6953, .T. );
#5350 = CARTESIAN_POINT( '', ( 0.215500000000000, -0.0640000000000000, -0.0220000000000000 ) );
#5351 = DIRECTION( '', ( 1.00000000000000, -0.000000000000000, -0.000000000000000 ) );
#5352 = DIRECTION( '', ( 0.000000000000000, 0.000000000000000, 1.00000000000000 ) );
#5353 = SURFACE_STYLE_FILL_AREA( #7027 );
#5354 = ORIENTED_EDGE( '', *, *, #6588, .T. );
#5355 = ORIENTED_EDGE( '', *, *, #6497, .F. );
#5356 = ORIENTED_EDGE( '', *, *, #6684, .T. );
#5357 = ORIENTED_EDGE( '', *, *, #6195, .T. );
#5358 = ORIENTED_EDGE( '', *, *, #6489, .T. );
#5359 = ORIENTED_EDGE( '', *, *, #6815, .T. );
#5360 = ORIENTED_EDGE( '', *, *, #7028, .T. );
#5361 = ORIENTED_EDGE( '', *, *, #7029, .T. );
#5362 = ORIENTED_EDGE( '', *, *, #7030, .T. );
#5363 = ORIENTED_EDGE( '', *, *, #6333, .F. );
#5364 = CARTESIAN_POINT( '', ( -0.184500000000000, 0.0930000000000000, 5.00000000000000 ) );
#5365 = DIRECTION( '', ( 1.00000000000000, 0.000000000000000, -0.000000000000000 ) );
#5366 = DIRECTION( '', ( -0.000000000000000, 0.000000000000000, -1.00000000000000 ) );
#5367 = SURFACE_STYLE_FILL_AREA( #7031 );
#5368 = ORIENTED_EDGE( '', *, *, #7032, .F. );
#5369 = ORIENTED_EDGE( '', *, *, #6098, .F. );
#5370 = ORIENTED_EDGE( '', *, *, #6954, .F. );
#5371 = ORIENTED_EDGE( '', *, *, #7026, .T. );
#5372 = CARTESIAN_POINT( '', ( 0.215500000000000, -0.0840000000000000, -0.0220000000000000 ) );
#5373 = DIRECTION( '', ( 0.000000000000000, -1.00000000000000, 0.000000000000000 ) );
#5374 = DIRECTION( '', ( 0.000000000000000, 0.000000000000000, -1.00000000000000 ) );
#5375 = SURFACE_STYLE_FILL_AREA( #7033 );
#5376 = ORIENTED_EDGE( '', *, *, #6900, .F. );
#5377 = ORIENTED_EDGE( '', *, *, #6315, .T. );
#5378 = ORIENTED_EDGE( '', *, *, #6622, .F. );
#5379 = ORIENTED_EDGE( '', *, *, #6058, .F. );
#5380 = ORIENTED_EDGE( '', *, *, #6518, .T. );
#5381 = ORIENTED_EDGE( '', *, *, #6305, .T. );
#5382 = ORIENTED_EDGE( '', *, *, #6623, .F. );
#5383 = ORIENTED_EDGE( '', *, *, #6312, .T. );
#5384 = CARTESIAN_POINT( '', ( -0.115500000000000, 0.335000000000000, 0.0345000000000000 ) );
#5385 = DIRECTION( '', ( 1.00000000000000, 0.000000000000000, 0.000000000000000 ) );
#5386 = DIRECTION( '', ( 0.000000000000000, 0.000000000000000, -1.00000000000000 ) );
#5387 = SURFACE_STYLE_FILL_AREA( #7034 );
#5388 = ORIENTED_EDGE( '', *, *, #7035, .F. );
#5389 = ORIENTED_EDGE( '', *, *, #7036, .T. );
#5390 = ORIENTED_EDGE( '', *, *, #6860, .F. );
#5391 = ORIENTED_EDGE( '', *, *, #6242, .F. );
#5392 = CARTESIAN_POINT( '', ( 0.215500000000000, 0.0360000000000000, 0.0780000000000000 ) );
#5393 = DIRECTION( '', ( 1.00000000000000, -0.000000000000000, -0.000000000000000 ) );
#5394 = DIRECTION( '', ( 0.000000000000000, 0.000000000000000, 1.00000000000000 ) );
#5395 = SURFACE_STYLE_FILL_AREA( #7037 );
#5396 = ORIENTED_EDGE( '', *, *, #7038, .F. );
#5397 = ORIENTED_EDGE( '', *, *, #6981, .T. );
#5398 = ORIENTED_EDGE( '', *, *, #6592, .T. );
#5399 = ORIENTED_EDGE( '', *, *, #7039, .T. );
#5400 = CARTESIAN_POINT( '', ( 0.215500000000000, 0.0360000000000000, 0.0780000000000000 ) );
#5401 = DIRECTION( '', ( 1.00000000000000, -0.000000000000000, -0.000000000000000 ) );
#5402 = DIRECTION( '', ( 0.000000000000000, 0.000000000000000, 1.00000000000000 ) );
#5403 = SURFACE_STYLE_FILL_AREA( #7040 );
#5404 = ORIENTED_EDGE( '', *, *, #6812, .F. );
#5405 = ORIENTED_EDGE( '', *, *, #6170, .T. );
#5406 = ORIENTED_EDGE( '', *, *, #5962, .T. );
#5407 = ORIENTED_EDGE( '', *, *, #6471, .F. );
#5408 = CARTESIAN_POINT( '', ( -0.0155000000000000, 0.335000000000000, 0.0655000000000000 ) );
#5409 = DIRECTION( '', ( 0.000000000000000, 0.000000000000000, -1.00000000000000 ) );
#5410 = DIRECTION( '', ( -1.00000000000000, 0.000000000000000, 0.000000000000000 ) );
#5411 = SURFACE_STYLE_FILL_AREA( #7041 );
#5412 = ORIENTED_EDGE( '', *, *, #6764, .F. );
#5413 = ORIENTED_EDGE( '', *, *, #6573, .T. );
#5414 = ORIENTED_EDGE( '', *, *, #7042, .T. );
#5415 = ORIENTED_EDGE( '', *, *, #6908, .F. );
#5416 = CARTESIAN_POINT( '', ( 0.0845000000000000, 0.335000000000000, 0.0655000000000000 ) );
#5417 = DIRECTION( '', ( 0.000000000000000, 0.000000000000000, -1.00000000000000 ) );
#5418 = DIRECTION( '', ( -1.00000000000000, 0.000000000000000, 0.000000000000000 ) );
#5419 = SURFACE_STYLE_FILL_AREA( #7043 );
#5420 = ORIENTED_EDGE( '', *, *, #6995, .T. );
#5421 = ORIENTED_EDGE( '', *, *, #6610, .F. );
#5422 = ORIENTED_EDGE( '', *, *, #7044, .F. );
#5423 = ORIENTED_EDGE( '', *, *, #6038, .T. );
#5424 = CARTESIAN_POINT( '', ( -0.140000000000000, 0.185000000000000, -0.0174817400000000 ) );
#5425 = DIRECTION( '', ( 0.000000000000000, 0.0157073173118207, 0.999876632481661 ) );
#5426 = DIRECTION( '', ( 0.000000000000000, -0.999876632481661, 0.0157073173118207 ) );
#5427 = SURFACE_STYLE_FILL_AREA( #7045 );
#5428 = ORIENTED_EDGE( '', *, *, #6968, .F. );
#5429 = ORIENTED_EDGE( '', *, *, #6971, .F. );
#5430 = ORIENTED_EDGE( '', *, *, #6883, .F. );
#5431 = ORIENTED_EDGE( '', *, *, #6183, .T. );
#5432 = ORIENTED_EDGE( '', *, *, #6115, .F. );
#5433 = ORIENTED_EDGE( '', *, *, #6335, .F. );
#5434 = ORIENTED_EDGE( '', *, *, #7046, .F. );
#5435 = ORIENTED_EDGE( '', *, *, #7047, .F. );
#5436 = ORIENTED_EDGE( '', *, *, #7048, .F. );
#5437 = ORIENTED_EDGE( '', *, *, #6816, .F. );
#5438 = ORIENTED_EDGE( '', *, *, #6490, .F. );
#5439 = ORIENTED_EDGE( '', *, *, #6197, .F. );
#5440 = ORIENTED_EDGE( '', *, *, #6685, .F. );
#5441 = ORIENTED_EDGE( '', *, *, #6499, .T. );
#5442 = ORIENTED_EDGE( '', *, *, #6587, .F. );
#5443 = ORIENTED_EDGE( '', *, *, #7049, .F. );
#5444 = ORIENTED_EDGE( '', *, *, #7050, .F. );
#5445 = ORIENTED_EDGE( '', *, *, #7051, .F. );
#5446 = ORIENTED_EDGE( '', *, *, #6877, .F. );
#5447 = ORIENTED_EDGE( '', *, *, #7052, .F. );
#5448 = CARTESIAN_POINT( '', ( -0.215500000000000, -0.0640000000000000, -0.0220000000000000 ) );
#5449 = DIRECTION( '', ( 1.00000000000000, 0.000000000000000, 0.000000000000000 ) );
#5450 = DIRECTION( '', ( 0.000000000000000, 0.000000000000000, -1.00000000000000 ) );
#5451 = SURFACE_STYLE_FILL_AREA( #7053 );
#5452 = ORIENTED_EDGE( '', *, *, #7030, .F. );
#5453 = ORIENTED_EDGE( '', *, *, #7054, .T. );
#5454 = ORIENTED_EDGE( '', *, *, #7046, .T. );
#5455 = ORIENTED_EDGE( '', *, *, #6334, .F. );
#5456 = CARTESIAN_POINT( '', ( 0.215500000000000, 0.0360000000000000, 0.0420000000000000 ) );
#5457 = DIRECTION( '', ( 0.000000000000000, 0.000000000000000, 1.00000000000000 ) );
#5458 = DIRECTION( '', ( 1.00000000000000, 0.000000000000000, -0.000000000000000 ) );
#5459 = SURFACE_STYLE_FILL_AREA( #7055 );
#5460 = ORIENTED_EDGE( '', *, *, #7056, .F. );
#5461 = ORIENTED_EDGE( '', *, *, #6838, .T. );
#5462 = ORIENTED_EDGE( '', *, *, #6680, .T. );
#5463 = ORIENTED_EDGE( '', *, *, #6148, .F. );
#5464 = CARTESIAN_POINT( '', ( 0.215500000000000, -0.100000000000000, 0.193500000000000 ) );
#5465 = DIRECTION( '', ( -0.000000000000000, 1.00000000000000, 0.000000000000000 ) );
#5466 = DIRECTION( '', ( 0.000000000000000, -0.000000000000000, 1.00000000000000 ) );
#5467 = SURFACE_STYLE_FILL_AREA( #7057 );
#5468 = ORIENTED_EDGE( '', *, *, #7058, .F. );
#5469 = ORIENTED_EDGE( '', *, *, #6025, .T. );
#5470 = ORIENTED_EDGE( '', *, *, #6861, .F. );
#5471 = ORIENTED_EDGE( '', *, *, #7036, .F. );
#5472 = CARTESIAN_POINT( '', ( 0.215500000000000, 0.000000000000000, 0.193500000000000 ) );
#5473 = DIRECTION( '', ( -0.000000000000000, 1.00000000000000, 0.000000000000000 ) );
#5474 = DIRECTION( '', ( 0.000000000000000, -0.000000000000000, 1.00000000000000 ) );
#5475 = SURFACE_STYLE_FILL_AREA( #7059 );
#5476 = ORIENTED_EDGE( '', *, *, #6911, .F. );
#5477 = ORIENTED_EDGE( '', *, *, #7014, .T. );
#5478 = ORIENTED_EDGE( '', *, *, #7060, .F. );
#5479 = ORIENTED_EDGE( '', *, *, #6267, .T. );
#5480 = ORIENTED_EDGE( '', *, *, #6909, .F. );
#5481 = ORIENTED_EDGE( '', *, *, #7042, .F. );
#5482 = ORIENTED_EDGE( '', *, *, #6572, .T. );
#5483 = ORIENTED_EDGE( '', *, *, #7009, .T. );
#5484 = CARTESIAN_POINT( '', ( 0.115500000000000, 0.335000000000000, 0.0655000000000000 ) );
#5485 = DIRECTION( '', ( -1.00000000000000, 0.000000000000000, 0.000000000000000 ) );
#5486 = DIRECTION( '', ( 0.000000000000000, 0.000000000000000, 1.00000000000000 ) );
#5487 = SURFACE_STYLE_FILL_AREA( #7061 );
#5488 = ORIENTED_EDGE( '', *, *, #6446, .F. );
#5489 = ORIENTED_EDGE( '', *, *, #6719, .T. );
#5490 = ORIENTED_EDGE( '', *, *, #6916, .T. );
#5491 = ORIENTED_EDGE( '', *, *, #6906, .F. );
#5492 = CARTESIAN_POINT( '', ( 0.133000000000000, 0.300000000000000, -0.0395000000000000 ) );
#5493 = DIRECTION( '', ( -1.00000000000000, 0.000000000000000, 0.000000000000000 ) );
#5494 = DIRECTION( '', ( 0.000000000000000, 0.000000000000000, 1.00000000000000 ) );
#5495 = SURFACE_STYLE_FILL_AREA( #7062 );
#5496 = ORIENTED_EDGE( '', *, *, #6634, .F. );
#5497 = ORIENTED_EDGE( '', *, *, #7063, .T. );
#5498 = ORIENTED_EDGE( '', *, *, #7064, .F. );
#5499 = ORIENTED_EDGE( '', *, *, #6614, .F. );
#5500 = CARTESIAN_POINT( '', ( -0.133000000000000, 0.300000000000000, -0.0395000000000000 ) );
#5501 = DIRECTION( '', ( 0.000000000000000, 0.000000000000000, -1.00000000000000 ) );
#5502 = DIRECTION( '', ( -1.00000000000000, 0.000000000000000, 0.000000000000000 ) );
#5503 = SURFACE_STYLE_FILL_AREA( #7065 );
#5504 = ORIENTED_EDGE( '', *, *, #6797, .F. );
#5505 = ORIENTED_EDGE( '', *, *, #6503, .T. );
#5506 = ORIENTED_EDGE( '', *, *, #7066, .T. );
#5507 = ORIENTED_EDGE( '', *, *, #6734, .T. );
#5508 = CARTESIAN_POINT( '', ( 0.215500000000000, -0.0640000000000000, -0.0220000000000000 ) );
#5509 = DIRECTION( '', ( 1.00000000000000, -0.000000000000000, -0.000000000000000 ) );
#5510 = DIRECTION( '', ( 0.000000000000000, 0.000000000000000, 1.00000000000000 ) );
#5511 = SURFACE_STYLE_FILL_AREA( #7067 );
#5512 = ORIENTED_EDGE( '', *, *, #7068, .T. );
#5513 = ORIENTED_EDGE( '', *, *, #7063, .F. );
#5514 = ORIENTED_EDGE( '', *, *, #6633, .F. );
#5515 = ORIENTED_EDGE( '', *, *, #6477, .F. );
#5516 = CARTESIAN_POINT( '', ( 0.100000000000000, 0.300000000000000, -0.100000000000000 ) );
#5517 = DIRECTION( '', ( 0.000000000000000, 1.00000000000000, -0.000000000000000 ) );
#5518 = DIRECTION( '', ( 0.000000000000000, 0.000000000000000, 1.00000000000000 ) );
#5519 = SURFACE_STYLE_FILL_AREA( #7069 );
#5520 = ORIENTED_EDGE( '', *, *, #6982, .F. );
#5521 = ORIENTED_EDGE( '', *, *, #7038, .T. );
#5522 = ORIENTED_EDGE( '', *, *, #7070, .F. );
#5523 = ORIENTED_EDGE( '', *, *, #7071, .F. );
#5524 = CARTESIAN_POINT( '', ( 0.215500000000000, 0.0160000000000000, 0.0780000000000000 ) );
#5525 = DIRECTION( '', ( 0.000000000000000, -1.00000000000000, 0.000000000000000 ) );
#5526 = DIRECTION( '', ( 0.000000000000000, 0.000000000000000, -1.00000000000000 ) );
#5527 = SURFACE_STYLE_FILL_AREA( #7072 );
#5528 = ORIENTED_EDGE( '', *, *, #6996, .T. );
#5529 = ORIENTED_EDGE( '', *, *, #6218, .F. );
#5530 = ORIENTED_EDGE( '', *, *, #6157, .F. );
#5531 = ORIENTED_EDGE( '', *, *, #6854, .T. );
#5532 = CARTESIAN_POINT( '', ( 0.140000000000000, 0.185000000000000, -0.0174817400000000 ) );
#5533 = DIRECTION( '', ( 0.999876632481661, 0.0157073173118207, 0.000000000000000 ) );
#5534 = DIRECTION( '', ( -0.0157073173118207, 0.999876632481661, 0.000000000000000 ) );
#5535 = SURFACE_STYLE_FILL_AREA( #7073 );
#5536 = ORIENTED_EDGE( '', *, *, #6932, .T. );
#5537 = ORIENTED_EDGE( '', *, *, #7074, .T. );
#5538 = ORIENTED_EDGE( '', *, *, #6338, .F. );
#5539 = ORIENTED_EDGE( '', *, *, #6246, .T. );
#5540 = ORIENTED_EDGE( '', *, *, #7075, .F. );
#5541 = ORIENTED_EDGE( '', *, *, #6888, .T. );
#5542 = ORIENTED_EDGE( '', *, *, #6647, .T. );
#5543 = ORIENTED_EDGE( '', *, *, #6825, .T. );
#5544 = ORIENTED_EDGE( '', *, *, #6961, .T. );
#5545 = ORIENTED_EDGE( '', *, *, #6942, .T. );
#5546 = CARTESIAN_POINT( '', ( -0.0845000000000000, 0.0930000000000000, 5.00000000000000 ) );
#5547 = DIRECTION( '', ( 1.00000000000000, 0.000000000000000, -0.000000000000000 ) );
#5548 = DIRECTION( '', ( -0.000000000000000, 0.000000000000000, -1.00000000000000 ) );
#5549 = SURFACE_STYLE_FILL_AREA( #7076 );
#5550 = ORIENTED_EDGE( '', *, *, #6993, .T. );
#5551 = ORIENTED_EDGE( '', *, *, #6870, .F. );
#5552 = ORIENTED_EDGE( '', *, *, #6566, .F. );
#5553 = ORIENTED_EDGE( '', *, *, #7077, .T. );
#5554 = CARTESIAN_POINT( '', ( 0.0750000000000000, 0.185000000000000, 0.0825182600000000 ) );
#5555 = DIRECTION( '', ( 0.000000000000000, 0.0157073173118207, 0.999876632481661 ) );
#5556 = DIRECTION( '', ( 0.000000000000000, -0.999876632481661, 0.0157073173118207 ) );
#5557 = SURFACE_STYLE_FILL_AREA( #7078 );
#5558 = ORIENTED_EDGE( '', *, *, #6039, .T. );
#5559 = ORIENTED_EDGE( '', *, *, #7044, .T. );
#5560 = ORIENTED_EDGE( '', *, *, #6609, .T. );
#5561 = ORIENTED_EDGE( '', *, *, #6823, .T. );
#5562 = ORIENTED_EDGE( '', *, *, #7079, .F. );
#5563 = ORIENTED_EDGE( '', *, *, #7080, .F. );
#5564 = ORIENTED_EDGE( '', *, *, #6776, .F. );
#5565 = ORIENTED_EDGE( '', *, *, #6644, .F. );
#5566 = CARTESIAN_POINT( '', ( 0.100000000000000, 0.335000000000000, 0.000000000000000 ) );
#5567 = DIRECTION( '', ( 0.000000000000000, 1.00000000000000, 0.000000000000000 ) );
#5568 = DIRECTION( '', ( 0.000000000000000, -0.000000000000000, 1.00000000000000 ) );
#5569 = SURFACE_STYLE_FILL_AREA( #7081 );
#5570 = ORIENTED_EDGE( '', *, *, #6771, .F. );
#5571 = ORIENTED_EDGE( '', *, *, #6387, .T. );
#5572 = ORIENTED_EDGE( '', *, *, #6799, .T. );
#5573 = ORIENTED_EDGE( '', *, *, #6129, .F. );
#5574 = CARTESIAN_POINT( '', ( -0.233000000000000, 0.300000000000000, 0.0605000000000000 ) );
#5575 = DIRECTION( '', ( 0.000000000000000, 0.000000000000000, -1.00000000000000 ) );
#5576 = DIRECTION( '', ( -1.00000000000000, 0.000000000000000, 0.000000000000000 ) );
#5577 = SURFACE_STYLE_FILL_AREA( #7082 );
#5578 = ORIENTED_EDGE( '', *, *, #7068, .F. );
#5579 = ORIENTED_EDGE( '', *, *, #6476, .T. );
#5580 = ORIENTED_EDGE( '', *, *, #6612, .F. );
#5581 = ORIENTED_EDGE( '', *, *, #7083, .F. );
#5582 = ORIENTED_EDGE( '', *, *, #7079, .T. );
#5583 = ORIENTED_EDGE( '', *, *, #6643, .T. );
#5584 = ORIENTED_EDGE( '', *, *, #6615, .F. );
#5585 = ORIENTED_EDGE( '', *, *, #7064, .T. );
#5586 = CARTESIAN_POINT( '', ( -0.115500000000000, 0.335000000000000, -0.0655000000000000 ) );
#5587 = DIRECTION( '', ( 1.00000000000000, 0.000000000000000, 0.000000000000000 ) );
#5588 = DIRECTION( '', ( 0.000000000000000, 0.000000000000000, -1.00000000000000 ) );
#5589 = SURFACE_STYLE_FILL_AREA( #7084 );
#5590 = ORIENTED_EDGE( '', *, *, #6777, .F. );
#5591 = ORIENTED_EDGE( '', *, *, #7080, .T. );
#5592 = ORIENTED_EDGE( '', *, *, #7083, .T. );
#5593 = ORIENTED_EDGE( '', *, *, #6621, .F. );
#5594 = CARTESIAN_POINT( '', ( -0.0845000000000000, 0.335000000000000, -0.0655000000000000 ) );
#5595 = DIRECTION( '', ( 0.000000000000000, -0.000000000000000, 1.00000000000000 ) );
#5596 = DIRECTION( '', ( 1.00000000000000, 0.000000000000000, -0.000000000000000 ) );
#5597 = SURFACE_STYLE_FILL_AREA( #7085 );
#5598 = ORIENTED_EDGE( '', *, *, #5964, .F. );
#5599 = ORIENTED_EDGE( '', *, *, #6169, .T. );
#5600 = ORIENTED_EDGE( '', *, *, #6811, .T. );
#5601 = ORIENTED_EDGE( '', *, *, #6474, .F. );
#5602 = CARTESIAN_POINT( '', ( 0.0155000000000000, 0.335000000000000, 0.0345000000000000 ) );
#5603 = DIRECTION( '', ( 0.000000000000000, -0.000000000000000, 1.00000000000000 ) );
#5604 = DIRECTION( '', ( 1.00000000000000, 0.000000000000000, -0.000000000000000 ) );
#5605 = SURFACE_STYLE_FILL_AREA( #7086 );
#5606 = ORIENTED_EDGE( '', *, *, #6959, .F. );
#5607 = ORIENTED_EDGE( '', *, *, #6872, .T. );
#5608 = ORIENTED_EDGE( '', *, *, #6458, .F. );
#5609 = ORIENTED_EDGE( '', *, *, #6442, .F. );
#5610 = ORIENTED_EDGE( '', *, *, #7087, .T. );
#5611 = ORIENTED_EDGE( '', *, *, #6956, .T. );
#5612 = ORIENTED_EDGE( '', *, *, #6461, .F. );
#5613 = ORIENTED_EDGE( '', *, *, #6082, .T. );
#5614 = CARTESIAN_POINT( '', ( -0.0155000000000000, 0.335000000000000, -0.0655000000000000 ) );
#5615 = DIRECTION( '', ( 1.00000000000000, 0.000000000000000, 0.000000000000000 ) );
#5616 = DIRECTION( '', ( 0.000000000000000, 0.000000000000000, -1.00000000000000 ) );
#5617 = SURFACE_STYLE_FILL_AREA( #7088 );
#5618 = ORIENTED_EDGE( '', *, *, #6688, .F. );
#5619 = ORIENTED_EDGE( '', *, *, #6529, .T. );
#5620 = ORIENTED_EDGE( '', *, *, #6207, .T. );
#5621 = ORIENTED_EDGE( '', *, *, #6136, .F. );
#5622 = CARTESIAN_POINT( '', ( -0.233000000000000, 0.300000000000000, -0.0605000000000000 ) );
#5623 = DIRECTION( '', ( 1.00000000000000, 0.000000000000000, 0.000000000000000 ) );
#5624 = DIRECTION( '', ( 0.000000000000000, 0.000000000000000, -1.00000000000000 ) );
#5625 = SURFACE_STYLE_FILL_AREA( #7089 );
#5626 = ORIENTED_EDGE( '', *, *, #6985, .F. );
#5627 = ORIENTED_EDGE( '', *, *, #7090, .T. );
#5628 = ORIENTED_EDGE( '', *, *, #7091, .F. );
#5629 = ORIENTED_EDGE( '', *, *, #6178, .F. );
#5630 = CARTESIAN_POINT( '', ( 0.215500000000000, 0.00400000000000000, 0.197500000000000 ) );
#5631 = DIRECTION( '', ( 0.000000000000000, 0.707106781186548, -0.707106781186547 ) );
#5632 = DIRECTION( '', ( 0.000000000000000, 0.707106781186546, 0.707106781186548 ) );
#5633 = SURFACE_STYLE_FILL_AREA( #7092 );
#5634 = ORIENTED_EDGE( '', *, *, #6756, .F. );
#5635 = ORIENTED_EDGE( '', *, *, #6301, .T. );
#5636 = ORIENTED_EDGE( '', *, *, #6579, .F. );
#5637 = ORIENTED_EDGE( '', *, *, #6296, .F. );
#5638 = CARTESIAN_POINT( '', ( 0.233000000000000, 0.300000000000000, 0.0395000000000000 ) );
#5639 = DIRECTION( '', ( 0.000000000000000, -0.000000000000000, 1.00000000000000 ) );
#5640 = DIRECTION( '', ( 1.00000000000000, 0.000000000000000, -0.000000000000000 ) );
#5641 = SURFACE_STYLE_FILL_AREA( #7093 );
#5642 = ORIENTED_EDGE( '', *, *, #5996, .F. );
#5643 = ORIENTED_EDGE( '', *, *, #6716, .T. );
#5644 = ORIENTED_EDGE( '', *, *, #6599, .F. );
#5645 = ORIENTED_EDGE( '', *, *, #6940, .F. );
#5646 = CARTESIAN_POINT( '', ( 0.215500000000000, 0.000000000000000, 0.193500000000000 ) );
#5647 = DIRECTION( '', ( -0.000000000000000, 1.00000000000000, 0.000000000000000 ) );
#5648 = DIRECTION( '', ( 0.000000000000000, -0.000000000000000, 1.00000000000000 ) );
#5649 = SURFACE_STYLE_FILL_AREA( #7094 );
#5650 = ORIENTED_EDGE( '', *, *, #7060, .T. );
#5651 = ORIENTED_EDGE( '', *, *, #7013, .F. );
#5652 = ORIENTED_EDGE( '', *, *, #6805, .F. );
#5653 = ORIENTED_EDGE( '', *, *, #6268, .F. );
#5654 = CARTESIAN_POINT( '', ( 0.300000000000000, 0.300000000000000, 0.000000000000000 ) );
#5655 = DIRECTION( '', ( 0.000000000000000, 1.00000000000000, -0.000000000000000 ) );
#5656 = DIRECTION( '', ( 0.000000000000000, 0.000000000000000, 1.00000000000000 ) );
#5657 = SURFACE_STYLE_FILL_AREA( #7095 );
#5658 = ORIENTED_EDGE( '', *, *, #6018, .F. );
#5659 = ORIENTED_EDGE( '', *, *, #6969, .T. );
#5660 = ORIENTED_EDGE( '', *, *, #7052, .T. );
#5661 = ORIENTED_EDGE( '', *, *, #6876, .F. );
#5662 = CARTESIAN_POINT( '', ( 0.215500000000000, -0.0960000000000000, 0.197500000000000 ) );
#5663 = DIRECTION( '', ( 0.000000000000000, 0.707106781186548, -0.707106781186548 ) );
#5664 = DIRECTION( '', ( 0.000000000000000, 0.707106781186547, 0.707106781186547 ) );
#5665 = SURFACE_STYLE_FILL_AREA( #7096 );
#5666 = ORIENTED_EDGE( '', *, *, #7049, .T. );
#5667 = ORIENTED_EDGE( '', *, *, #6586, .F. );
#5668 = ORIENTED_EDGE( '', *, *, #6949, .F. );
#5669 = ORIENTED_EDGE( '', *, *, #7097, .T. );
#5670 = CARTESIAN_POINT( '', ( 0.215500000000000, 0.0980000000000000, -0.0580000000000000 ) );
#5671 = DIRECTION( '', ( 0.000000000000000, -1.00000000000000, 0.000000000000000 ) );
#5672 = DIRECTION( '', ( 0.000000000000000, 0.000000000000000, -1.00000000000000 ) );
#5673 = SURFACE_STYLE_FILL_AREA( #7098 );
#5674 = ORIENTED_EDGE( '', *, *, #6528, .F. );
#5675 = ORIENTED_EDGE( '', *, *, #6687, .T. );
#5676 = ORIENTED_EDGE( '', *, *, #6134, .F. );
#5677 = ORIENTED_EDGE( '', *, *, #6367, .F. );
#5678 = ORIENTED_EDGE( '', *, *, #6711, .T. );
#5679 = ORIENTED_EDGE( '', *, *, #6842, .T. );
#5680 = ORIENTED_EDGE( '', *, *, #6138, .F. );
#5681 = ORIENTED_EDGE( '', *, *, #6209, .T. );
#5682 = CARTESIAN_POINT( '', ( -0.215500000000000, 0.335000000000000, -0.0655000000000000 ) );
#5683 = DIRECTION( '', ( 1.00000000000000, 0.000000000000000, 0.000000000000000 ) );
#5684 = DIRECTION( '', ( 0.000000000000000, 0.000000000000000, -1.00000000000000 ) );
#5685 = SURFACE_STYLE_FILL_AREA( #7099 );
#5686 = ORIENTED_EDGE( '', *, *, #7028, .F. );
#5687 = ORIENTED_EDGE( '', *, *, #6817, .T. );
#5688 = ORIENTED_EDGE( '', *, *, #7048, .T. );
#5689 = ORIENTED_EDGE( '', *, *, #7100, .F. );
#5690 = CARTESIAN_POINT( '', ( 0.215500000000000, 0.000000000000000, 0.193500000000000 ) );
#5691 = DIRECTION( '', ( -0.000000000000000, 1.00000000000000, 0.000000000000000 ) );
#5692 = DIRECTION( '', ( 0.000000000000000, -0.000000000000000, 1.00000000000000 ) );
#5693 = SURFACE_STYLE_FILL_AREA( #7101 );
#5694 = ORIENTED_EDGE( '', *, *, #6984, .F. );
#5695 = ORIENTED_EDGE( '', *, *, #7102, .T. );
#5696 = ORIENTED_EDGE( '', *, *, #7103, .F. );
#5697 = ORIENTED_EDGE( '', *, *, #7090, .F. );
#5698 = CARTESIAN_POINT( '', ( 0.215500000000000, 0.0120000000000000, 0.197500000000000 ) );
#5699 = DIRECTION( '', ( 0.000000000000000, 0.000000000000000, -1.00000000000000 ) );
#5700 = DIRECTION( '', ( -1.00000000000000, 0.000000000000000, 0.000000000000000 ) );
#5701 = SURFACE_STYLE_FILL_AREA( #7104 );
#5702 = ORIENTED_EDGE( '', *, *, #6394, .F. );
#5703 = ORIENTED_EDGE( '', *, *, #6849, .T. );
#5704 = ORIENTED_EDGE( '', *, *, #6740, .T. );
#5705 = ORIENTED_EDGE( '', *, *, #6283, .F. );
#5706 = CARTESIAN_POINT( '', ( 0.167000000000000, 0.300000000000000, -0.0395000000000000 ) );
#5707 = DIRECTION( '', ( 0.000000000000000, 0.000000000000000, -1.00000000000000 ) );
#5708 = DIRECTION( '', ( -1.00000000000000, 0.000000000000000, 0.000000000000000 ) );
#5709 = SURFACE_STYLE_FILL_AREA( #7105 );
#5710 = ORIENTED_EDGE( '', *, *, #6507, .F. );
#5711 = ORIENTED_EDGE( '', *, *, #6886, .T. );
#5712 = ORIENTED_EDGE( '', *, *, #6730, .F. );
#5713 = ORIENTED_EDGE( '', *, *, #6374, .F. );
#5714 = CARTESIAN_POINT( '', ( 0.215500000000000, -0.0960000000000000, 0.197500000000000 ) );
#5715 = DIRECTION( '', ( 0.000000000000000, 0.707106781186548, -0.707106781186548 ) );
#5716 = DIRECTION( '', ( 0.000000000000000, 0.707106781186547, 0.707106781186547 ) );
#5717 = SURFACE_STYLE_FILL_AREA( #7106 );
#5718 = ORIENTED_EDGE( '', *, *, #6774, .F. );
#5719 = ORIENTED_EDGE( '', *, *, #7003, .T. );
#5720 = ORIENTED_EDGE( '', *, *, #6705, .T. );
#5721 = ORIENTED_EDGE( '', *, *, #6133, .F. );
#5722 = CARTESIAN_POINT( '', ( -0.184500000000000, 0.335000000000000, 0.0345000000000000 ) );
#5723 = DIRECTION( '', ( 0.000000000000000, -0.000000000000000, 1.00000000000000 ) );
#5724 = DIRECTION( '', ( 1.00000000000000, 0.000000000000000, -0.000000000000000 ) );
#5725 = SURFACE_STYLE_FILL_AREA( #7107 );
#5726 = ORIENTED_EDGE( '', *, *, #6502, .F. );
#5727 = ORIENTED_EDGE( '', *, *, #6341, .T. );
#5728 = ORIENTED_EDGE( '', *, *, #6735, .F. );
#5729 = ORIENTED_EDGE( '', *, *, #7066, .F. );
#5730 = CARTESIAN_POINT( '', ( 0.215500000000000, 0.0930000000000000, -0.0420000000000000 ) );
#5731 = DIRECTION( '', ( 0.000000000000000, 0.000000000000000, -1.00000000000000 ) );
#5732 = DIRECTION( '', ( -1.00000000000000, 0.000000000000000, 0.000000000000000 ) );
#5733 = SURFACE_STYLE_FILL_AREA( #7108 );
#5734 = ORIENTED_EDGE( '', *, *, #7029, .F. );
#5735 = ORIENTED_EDGE( '', *, *, #7100, .T. );
#5736 = ORIENTED_EDGE( '', *, *, #7047, .T. );
#5737 = ORIENTED_EDGE( '', *, *, #7054, .F. );
#5738 = CARTESIAN_POINT( '', ( 0.215500000000000, 0.0360000000000000, 0.0780000000000000 ) );
#5739 = DIRECTION( '', ( 1.00000000000000, -0.000000000000000, -0.000000000000000 ) );
#5740 = DIRECTION( '', ( 0.000000000000000, 0.000000000000000, 1.00000000000000 ) );
#5741 = SURFACE_STYLE_FILL_AREA( #7109 );
#5742 = ORIENTED_EDGE( '', *, *, #6068, .T. );
#5743 = ORIENTED_EDGE( '', *, *, #6547, .F. );
#5744 = ORIENTED_EDGE( '', *, *, #6989, .F. );
#5745 = ORIENTED_EDGE( '', *, *, #6550, .T. );
#5746 = CARTESIAN_POINT( '', ( 0.257500000000000, 0.185000000000000, 0.0975000000000000 ) );
#5747 = DIRECTION( '', ( -1.00000000000000, 0.000000000000000, 0.000000000000000 ) );
#5748 = DIRECTION( '', ( 0.000000000000000, 0.000000000000000, 1.00000000000000 ) );
#5749 = SURFACE_STYLE_FILL_AREA( #7110 );
#5750 = ORIENTED_EDGE( '', *, *, #7111, .F. );
#5751 = ORIENTED_EDGE( '', *, *, #6347, .F. );
#5752 = ORIENTED_EDGE( '', *, *, #7112, .F. );
#5753 = ORIENTED_EDGE( '', *, *, #6150, .T. );
#5754 = ORIENTED_EDGE( '', *, *, #6682, .F. );
#5755 = ORIENTED_EDGE( '', *, *, #6343, .F. );
#5756 = ORIENTED_EDGE( '', *, *, #6501, .F. );
#5757 = ORIENTED_EDGE( '', *, *, #6329, .T. );
#5758 = ORIENTED_EDGE( '', *, *, #6736, .F. );
#5759 = ORIENTED_EDGE( '', *, *, #6339, .F. );
#5760 = ORIENTED_EDGE( '', *, *, #7074, .F. );
#5761 = ORIENTED_EDGE( '', *, *, #6934, .T. );
#5762 = ORIENTED_EDGE( '', *, *, #6674, .F. );
#5763 = ORIENTED_EDGE( '', *, *, #6336, .F. );
#5764 = ORIENTED_EDGE( '', *, *, #6011, .F. );
#5765 = ORIENTED_EDGE( '', *, *, #7113, .T. );
#5766 = ORIENTED_EDGE( '', *, *, #7050, .T. );
#5767 = ORIENTED_EDGE( '', *, *, #7097, .F. );
#5768 = ORIENTED_EDGE( '', *, *, #6948, .F. );
#5769 = ORIENTED_EDGE( '', *, *, #6937, .T. );
#5770 = CARTESIAN_POINT( '', ( 0.215500000000000, -0.0640000000000000, -0.0580000000000000 ) );
#5771 = DIRECTION( '', ( 0.000000000000000, 0.000000000000000, 1.00000000000000 ) );
#5772 = DIRECTION( '', ( 1.00000000000000, 0.000000000000000, -0.000000000000000 ) );
#5773 = SURFACE_STYLE_FILL_AREA( #7114 );
#5774 = ORIENTED_EDGE( '', *, *, #6020, .F. );
#5775 = ORIENTED_EDGE( '', *, *, #6878, .T. );
#5776 = ORIENTED_EDGE( '', *, *, #7051, .T. );
#5777 = ORIENTED_EDGE( '', *, *, #7113, .F. );
#5778 = CARTESIAN_POINT( '', ( 0.215500000000000, -0.0640000000000000, -0.0220000000000000 ) );
#5779 = DIRECTION( '', ( 1.00000000000000, -0.000000000000000, -0.000000000000000 ) );
#5780 = DIRECTION( '', ( 0.000000000000000, 0.000000000000000, 1.00000000000000 ) );
#5781 = SURFACE_STYLE_FILL_AREA( #7115 );
#5782 = ORIENTED_EDGE( '', *, *, #6584, .T. );
#5783 = ORIENTED_EDGE( '', *, *, #6382, .T. );
#5784 = ORIENTED_EDGE( '', *, *, #5989, .F. );
#5785 = ORIENTED_EDGE( '', *, *, #6950, .T. );
#5786 = CARTESIAN_POINT( '', ( 0.215500000000000, 0.0360000000000000, 0.0780000000000000 ) );
#5787 = DIRECTION( '', ( 1.00000000000000, -0.000000000000000, -0.000000000000000 ) );
#5788 = DIRECTION( '', ( 0.000000000000000, 0.000000000000000, 1.00000000000000 ) );
#5789 = SURFACE_STYLE_FILL_AREA( #7116 );
#5790 = ORIENTED_EDGE( '', *, *, #7117, .F. );
#5791 = ORIENTED_EDGE( '', *, *, #7017, .T. );
#5792 = ORIENTED_EDGE( '', *, *, #7118, .T. );
#5793 = ORIENTED_EDGE( '', *, *, #6468, .F. );
#5794 = CARTESIAN_POINT( '', ( -0.0330000000000000, 0.300000000000000, 0.0395000000000000 ) );
#5795 = DIRECTION( '', ( 1.00000000000000, 0.000000000000000, 0.000000000000000 ) );
#5796 = DIRECTION( '', ( 0.000000000000000, 0.000000000000000, -1.00000000000000 ) );
#5797 = SURFACE_STYLE_FILL_AREA( #7119 );
#5798 = ORIENTED_EDGE( '', *, *, #6810, .F. );
#5799 = ORIENTED_EDGE( '', *, *, #7018, .T. );
#5800 = ORIENTED_EDGE( '', *, *, #7117, .T. );
#5801 = ORIENTED_EDGE( '', *, *, #6467, .F. );
#5802 = CARTESIAN_POINT( '', ( 0.0330000000000000, 0.300000000000000, 0.0395000000000000 ) );
#5803 = DIRECTION( '', ( 0.000000000000000, -0.000000000000000, 1.00000000000000 ) );
#5804 = DIRECTION( '', ( 1.00000000000000, 0.000000000000000, -0.000000000000000 ) );
#5805 = SURFACE_STYLE_FILL_AREA( #7120 );
#5806 = ORIENTED_EDGE( '', *, *, #6986, .F. );
#5807 = ORIENTED_EDGE( '', *, *, #6678, .T. );
#5808 = ORIENTED_EDGE( '', *, *, #7121, .F. );
#5809 = ORIENTED_EDGE( '', *, *, #6357, .F. );
#5810 = CARTESIAN_POINT( '', ( 0.215500000000000, 0.0360000000000000, 0.0420000000000000 ) );
#5811 = DIRECTION( '', ( 0.000000000000000, 0.000000000000000, 1.00000000000000 ) );
#5812 = DIRECTION( '', ( 1.00000000000000, 0.000000000000000, -0.000000000000000 ) );
#5813 = SURFACE_STYLE_FILL_AREA( #7122 );
#5814 = ORIENTED_EDGE( '', *, *, #6992, .T. );
#5815 = ORIENTED_EDGE( '', *, *, #7077, .F. );
#5816 = ORIENTED_EDGE( '', *, *, #6565, .F. );
#5817 = ORIENTED_EDGE( '', *, *, #6881, .T. );
#5818 = CARTESIAN_POINT( '', ( 0.0750000000000001, 0.185000000000000, 0.0675182600000000 ) );
#5819 = DIRECTION( '', ( -0.000000000000000, -1.00000000000000, -0.000000000000000 ) );
#5820 = DIRECTION( '', ( 1.00000000000000, 0.000000000000000, 0.000000000000000 ) );
#5821 = SURFACE_STYLE_FILL_AREA( #7123 );
#5822 = ORIENTED_EDGE( '', *, *, #6983, .F. );
#5823 = ORIENTED_EDGE( '', *, *, #7071, .T. );
#5824 = ORIENTED_EDGE( '', *, *, #7124, .F. );
#5825 = ORIENTED_EDGE( '', *, *, #7102, .F. );
#5826 = CARTESIAN_POINT( '', ( 0.215500000000000, 0.0160000000000000, 0.193500000000000 ) );
#5827 = DIRECTION( '', ( 0.000000000000000, -0.707106781186548, -0.707106781186547 ) );
#5828 = DIRECTION( '', ( 0.000000000000000, 0.707106781186547, -0.707106781186548 ) );
#5829 = SURFACE_STYLE_FILL_AREA( #7125 );
#5830 = ORIENTED_EDGE( '', *, *, #6889, .F. );
#5831 = ORIENTED_EDGE( '', *, *, #7075, .T. );
#5832 = ORIENTED_EDGE( '', *, *, #6249, .T. );
#5833 = ORIENTED_EDGE( '', *, *, #6673, .T. );
#5834 = CARTESIAN_POINT( '', ( 0.215500000000000, -0.0640000000000000, -0.0220000000000000 ) );
#5835 = DIRECTION( '', ( 1.00000000000000, -0.000000000000000, -0.000000000000000 ) );
#5836 = DIRECTION( '', ( 0.000000000000000, 0.000000000000000, 1.00000000000000 ) );
#5837 = SURFACE_STYLE_FILL_AREA( #7126 );
#5838 = ORIENTED_EDGE( '', *, *, #6998, .T. );
#5839 = ORIENTED_EDGE( '', *, *, #7022, .F. );
#5840 = ORIENTED_EDGE( '', *, *, #6047, .F. );
#5841 = ORIENTED_EDGE( '', *, *, #6252, .T. );
#5842 = CARTESIAN_POINT( '', ( 0.160000000000000, 0.185000000000000, -0.0825182600000000 ) );
#5843 = DIRECTION( '', ( -0.999876632481661, 0.0157073173118207, 0.000000000000000 ) );
#5844 = DIRECTION( '', ( -0.0157073173118207, -0.999876632481661, 0.000000000000000 ) );
#5845 = SURFACE_STYLE_FILL_AREA( #7127 );
#5846 = ORIENTED_EDGE( '', *, *, #6147, .T. );
#5847 = ORIENTED_EDGE( '', *, *, #7112, .T. );
#5848 = ORIENTED_EDGE( '', *, *, #6346, .F. );
#5849 = ORIENTED_EDGE( '', *, *, #6486, .T. );
#5850 = ORIENTED_EDGE( '', *, *, #6086, .F. );
#5851 = ORIENTED_EDGE( '', *, *, #6406, .T. );
#5852 = ORIENTED_EDGE( '', *, *, #6397, .T. );
#5853 = ORIENTED_EDGE( '', *, *, #6001, .T. );
#5854 = ORIENTED_EDGE( '', *, *, #6837, .T. );
#5855 = ORIENTED_EDGE( '', *, *, #7056, .T. );
#5856 = CARTESIAN_POINT( '', ( 0.115500000000000, 0.0930000000000000, 5.00000000000000 ) );
#5857 = DIRECTION( '', ( 1.00000000000000, 0.000000000000000, -0.000000000000000 ) );
#5858 = DIRECTION( '', ( -0.000000000000000, 0.000000000000000, -1.00000000000000 ) );
#5859 = SURFACE_STYLE_FILL_AREA( #7128 );
#5860 = ORIENTED_EDGE( '', *, *, #6742, .F. );
#5861 = ORIENTED_EDGE( '', *, *, #6848, .T. );
#5862 = ORIENTED_EDGE( '', *, *, #6392, .F. );
#5863 = ORIENTED_EDGE( '', *, *, #6285, .F. );
#5864 = CARTESIAN_POINT( '', ( 0.233000000000000, 0.300000000000000, -0.0605000000000000 ) );
#5865 = DIRECTION( '', ( 0.000000000000000, -0.000000000000000, 1.00000000000000 ) );
#5866 = DIRECTION( '', ( 1.00000000000000, 0.000000000000000, -0.000000000000000 ) );
#5867 = SURFACE_STYLE_FILL_AREA( #7129 );
#5868 = ORIENTED_EDGE( '', *, *, #6591, .T. );
#5869 = ORIENTED_EDGE( '', *, *, #6358, .T. );
#5870 = ORIENTED_EDGE( '', *, *, #7121, .T. );
#5871 = ORIENTED_EDGE( '', *, *, #6677, .T. );
#5872 = ORIENTED_EDGE( '', *, *, #6179, .T. );
#5873 = ORIENTED_EDGE( '', *, *, #7091, .T. );
#5874 = ORIENTED_EDGE( '', *, *, #7103, .T. );
#5875 = ORIENTED_EDGE( '', *, *, #7124, .T. );
#5876 = ORIENTED_EDGE( '', *, *, #7070, .T. );
#5877 = ORIENTED_EDGE( '', *, *, #7039, .F. );
#5878 = CARTESIAN_POINT( '', ( -0.0155000000000000, -0.100000000000000, 5.00000000000000 ) );
#5879 = DIRECTION( '', ( -1.00000000000000, 0.000000000000000, 0.000000000000000 ) );
#5880 = DIRECTION( '', ( 0.000000000000000, 0.000000000000000, 1.00000000000000 ) );
#5881 = SURFACE_STYLE_FILL_AREA( #7130 );
#5882 = ORIENTED_EDGE( '', *, *, #6590, .T. );
#5883 = ORIENTED_EDGE( '', *, *, #6575, .F. );
#5884 = ORIENTED_EDGE( '', *, *, #6076, .T. );
#5885 = ORIENTED_EDGE( '', *, *, #5971, .T. );
#5886 = ORIENTED_EDGE( '', *, *, #6152, .T. );
#5887 = ORIENTED_EDGE( '', *, *, #6022, .T. );
#5888 = ORIENTED_EDGE( '', *, *, #7058, .T. );
#5889 = ORIENTED_EDGE( '', *, *, #7035, .T. );
#5890 = ORIENTED_EDGE( '', *, *, #6241, .T. );
#5891 = ORIENTED_EDGE( '', *, *, #6360, .F. );
#5892 = CARTESIAN_POINT( '', ( -0.0845000000000000, 0.0930000000000000, 5.00000000000000 ) );
#5893 = DIRECTION( '', ( 1.00000000000000, 0.000000000000000, -0.000000000000000 ) );
#5894 = DIRECTION( '', ( -0.000000000000000, 0.000000000000000, -1.00000000000000 ) );
#5895 = SURFACE_STYLE_FILL_AREA( #7131 );
#5896 = ORIENTED_EDGE( '', *, *, #6936, .T. );
#5897 = ORIENTED_EDGE( '', *, *, #6185, .F. );
#5898 = ORIENTED_EDGE( '', *, *, #6225, .T. );
#5899 = ORIENTED_EDGE( '', *, *, #6323, .T. );
#5900 = ORIENTED_EDGE( '', *, *, #6095, .T. );
#5901 = ORIENTED_EDGE( '', *, *, #7032, .T. );
#5902 = ORIENTED_EDGE( '', *, *, #7025, .F. );
#5903 = ORIENTED_EDGE( '', *, *, #6415, .T. );
#5904 = ORIENTED_EDGE( '', *, *, #6348, .T. );
#5905 = ORIENTED_EDGE( '', *, *, #7111, .T. );
#5906 = CARTESIAN_POINT( '', ( 0.184500000000000, -0.100000000000000, 5.00000000000000 ) );
#5907 = DIRECTION( '', ( -1.00000000000000, 0.000000000000000, 0.000000000000000 ) );
#5908 = DIRECTION( '', ( 0.000000000000000, 0.000000000000000, 1.00000000000000 ) );
#5909 = SURFACE_STYLE_FILL_AREA( #7132 );
#5910 = ORIENTED_EDGE( '', *, *, #7005, .F. );
#5911 = ORIENTED_EDGE( '', *, *, #6404, .T. );
#5912 = ORIENTED_EDGE( '', *, *, #6409, .T. );
#5913 = ORIENTED_EDGE( '', *, *, #6277, .F. );
#5914 = CARTESIAN_POINT( '', ( 0.233000000000000, 0.300000000000000, -0.0605000000000000 ) );
#5915 = DIRECTION( '', ( 0.000000000000000, -0.000000000000000, 1.00000000000000 ) );
#5916 = DIRECTION( '', ( 1.00000000000000, 0.000000000000000, -0.000000000000000 ) );
#5917 = SURFACE_STYLE_FILL_AREA( #7133 );
#5918 = ORIENTED_EDGE( '', *, *, #7118, .F. );
#5919 = ORIENTED_EDGE( '', *, *, #7016, .T. );
#5920 = ORIENTED_EDGE( '', *, *, #6813, .F. );
#5921 = ORIENTED_EDGE( '', *, *, #6469, .F. );
#5922 = CARTESIAN_POINT( '', ( -0.0330000000000000, 0.300000000000000, 0.0605000000000000 ) );
#5923 = DIRECTION( '', ( 0.000000000000000, 0.000000000000000, -1.00000000000000 ) );
#5924 = DIRECTION( '', ( -1.00000000000000, 0.000000000000000, 0.000000000000000 ) );
#5925 = SURFACE_STYLE_FILL_AREA( #7134 );
#5926 = ORIENTED_EDGE( '', *, *, #6991, .T. );
#5927 = ORIENTED_EDGE( '', *, *, #6832, .F. );
#5928 = ORIENTED_EDGE( '', *, *, #6515, .F. );
#5929 = ORIENTED_EDGE( '', *, *, #6782, .T. );
#5930 = CARTESIAN_POINT( '', ( -0.125000000000000, 0.185000000000000, 0.0675182600000000 ) );
#5931 = DIRECTION( '', ( -0.000000000000000, -1.00000000000000, -0.000000000000000 ) );
#5932 = DIRECTION( '', ( 1.00000000000000, 0.000000000000000, 0.000000000000000 ) );
#5933 = SURFACE_STYLE_FILL_AREA( #7135 );
#5934 = ORIENTED_EDGE( '', *, *, #6749, .T. );
#5935 = ORIENTED_EDGE( '', *, *, #6820, .T. );
#5936 = ORIENTED_EDGE( '', *, *, #6511, .T. );
#5937 = ORIENTED_EDGE( '', *, *, #6965, .T. );
#5938 = ORIENTED_EDGE( '', *, *, #7087, .F. );
#5939 = ORIENTED_EDGE( '', *, *, #6441, .F. );
#5940 = ORIENTED_EDGE( '', *, *, #6702, .F. );
#5941 = ORIENTED_EDGE( '', *, *, #6957, .F. );
#5942 = CARTESIAN_POINT( '', ( 0.200000000000000, 0.335000000000000, 0.000000000000000 ) );
#5943 = DIRECTION( '', ( 0.000000000000000, 1.00000000000000, 0.000000000000000 ) );
#5944 = DIRECTION( '', ( 0.000000000000000, -0.000000000000000, 1.00000000000000 ) );
#5946 = FILL_AREA_STYLE( '', ( #7136 ) );
#5947 = EDGE_CURVE( '', #7137, #7138, #7139, .T. );
#5948 = EDGE_CURVE( '', #7140, #7138, #7141, .T. );
#5949 = EDGE_CURVE( '', #7140, #7142, #7143, .T. );
#5950 = EDGE_CURVE( '', #7142, #7137, #7144, .T. );
#5951 = FILL_AREA_STYLE( '', ( #7145 ) );
#5952 = EDGE_CURVE( '', #7146, #7147, #7148, .T. );
#5953 = EDGE_CURVE( '', #7146, #7149, #7150, .T. );
#5954 = EDGE_CURVE( '', #7151, #7149, #7152, .T. );
#5955 = EDGE_CURVE( '', #7147, #7151, #7153, .T. );
#5956 = FILL_AREA_STYLE( '', ( #7154 ) );
#5957 = EDGE_CURVE( '', #7155, #7156, #7157, .T. );
#5958 = EDGE_CURVE( '', #7155, #7158, #7159, .T. );
#5959 = EDGE_CURVE( '', #7160, #7158, #7161, .T. );
#5960 = EDGE_CURVE( '', #7160, #7162, #7163, .T. );
#5961 = EDGE_CURVE( '', #7164, #7162, #7165, .T. );
#5962 = EDGE_CURVE( '', #7166, #7164, #7167, .T. );
#5963 = EDGE_CURVE( '', #7166, #7168, #7169, .T. );
#5964 = EDGE_CURVE( '', #7168, #7156, #7170, .T. );
#5965 = FILL_AREA_STYLE( '', ( #7171 ) );
#5966 = EDGE_CURVE( '', #7172, #7173, #7174, .T. );
#5967 = EDGE_CURVE( '', #7175, #7173, #7176, .T. );
#5968 = EDGE_CURVE( '', #7177, #7175, #7178, .F. );
#5969 = EDGE_CURVE( '', #7177, #7172, #7179, .T. );
#5970 = FILL_AREA_STYLE( '', ( #7180 ) );
#5971 = EDGE_CURVE( '', #7181, #7182, #7183, .T. );
#5972 = EDGE_CURVE( '', #7181, #7184, #7185, .T. );
#5973 = EDGE_CURVE( '', #7186, #7184, #7187, .T. );
#5974 = EDGE_CURVE( '', #7182, #7186, #7188, .T. );
#5975 = FILL_AREA_STYLE( '', ( #7189 ) );
#5976 = EDGE_CURVE( '', #7190, #7191, #7192, .T. );
#5977 = EDGE_CURVE( '', #7193, #7191, #7194, .T. );
#5978 = EDGE_CURVE( '', #7195, #7193, #7196, .F. );
#5979 = EDGE_CURVE( '', #7195, #7190, #7197, .T. );
#5980 = FILL_AREA_STYLE( '', ( #7198 ) );
#5981 = EDGE_CURVE( '', #7199, #7200, #7201, .T. );
#5982 = EDGE_CURVE( '', #7199, #7202, #7203, .T. );
#5983 = EDGE_CURVE( '', #7204, #7202, #7205, .T. );
#5984 = EDGE_CURVE( '', #7200, #7204, #7206, .T. );
#5985 = FILL_AREA_STYLE( '', ( #7207 ) );
#5986 = EDGE_CURVE( '', #7208, #7209, #7210, .T. );
#5987 = EDGE_CURVE( '', #7211, #7208, #7212, .T. );
#5988 = EDGE_CURVE( '', #7213, #7211, #7214, .T. );
#5989 = EDGE_CURVE( '', #7213, #7209, #7215, .T. );
#5990 = FILL_AREA_STYLE( '', ( #7216 ) );
#5991 = EDGE_CURVE( '', #7217, #7218, #7219, .T. );
#5992 = EDGE_CURVE( '', #7220, #7218, #7221, .T. );
#5993 = EDGE_CURVE( '', #7220, #7222, #7223, .T. );
#5994 = EDGE_CURVE( '', #7222, #7146, #7224, .T. );
#5995 = EDGE_CURVE( '', #7147, #7225, #7226, .T. );
#5996 = EDGE_CURVE( '', #7225, #7227, #7228, .T. );
#5997 = EDGE_CURVE( '', #7227, #7229, #7230, .T. );
#5998 = EDGE_CURVE( '', #7229, #7231, #7232, .T. );
#5999 = EDGE_CURVE( '', #7217, #7231, #7233, .T. );
#6000 = FILL_AREA_STYLE( '', ( #7234 ) );
#6001 = EDGE_CURVE( '', #7235, #7236, #7237, .T. );
#6002 = EDGE_CURVE( '', #7235, #7238, #7239, .T. );
#6003 = EDGE_CURVE( '', #7240, #7238, #7241, .T. );
#6004 = EDGE_CURVE( '', #7236, #7240, #7242, .T. );
#6005 = FILL_AREA_STYLE( '', ( #7243 ) );
#6006 = EDGE_CURVE( '', #7244, #7245, #7246, .T. );
#6007 = EDGE_CURVE( '', #7247, #7245, #7248, .T. );
#6008 = EDGE_CURVE( '', #7249, #7247, #7250, .T. );
#6009 = EDGE_CURVE( '', #7244, #7249, #7251, .T. );
#6010 = FILL_AREA_STYLE( '', ( #7252 ) );
#6011 = EDGE_CURVE( '', #7253, #7254, #7255, .T. );
#6012 = EDGE_CURVE( '', #7256, #7254, #7257, .T. );
#6013 = EDGE_CURVE( '', #7256, #7258, #7259, .T. );
#6014 = EDGE_CURVE( '', #7260, #7258, #7261, .T. );
#6015 = EDGE_CURVE( '', #7260, #7262, #7263, .T. );
#6016 = EDGE_CURVE( '', #7262, #7264, #7265, .T. );
#6017 = EDGE_CURVE( '', #7264, #7266, #7267, .T. );
#6018 = EDGE_CURVE( '', #7266, #7268, #7269, .T. );
#6019 = EDGE_CURVE( '', #7268, #7270, #7271, .T. );
#6020 = EDGE_CURVE( '', #7270, #7253, #7272, .T. );
#6021 = FILL_AREA_STYLE( '', ( #7273 ) );
#6022 = EDGE_CURVE( '', #7274, #7275, #7276, .T. );
#6023 = EDGE_CURVE( '', #7274, #7277, #7278, .T. );
#6024 = EDGE_CURVE( '', #7279, #7277, #7280, .T. );
#6025 = EDGE_CURVE( '', #7275, #7279, #7281, .T. );
#6026 = FILL_AREA_STYLE( '', ( #7282 ) );
#6027 = EDGE_CURVE( '', #7283, #7284, #7285, .T. );
#6028 = EDGE_CURVE( '', #7286, #7284, #7287, .T. );
#6029 = EDGE_CURVE( '', #7288, #7286, #7289, .F. );
#6030 = EDGE_CURVE( '', #7288, #7283, #7290, .T. );
#6031 = FILL_AREA_STYLE( '', ( #7291 ) );
#6032 = EDGE_CURVE( '', #7292, #7293, #7294, .T. );
#6033 = EDGE_CURVE( '', #7292, #7295, #7296, .T. );
#6034 = EDGE_CURVE( '', #7297, #7295, #7298, .T. );
#6035 = EDGE_CURVE( '', #7293, #7297, #7299, .T. );
#6036 = FILL_AREA_STYLE( '', ( #7300 ) );
#6037 = EDGE_CURVE( '', #7301, #7302, #7303, .T. );
#6038 = EDGE_CURVE( '', #7304, #7302, #7305, .T. );
#6039 = EDGE_CURVE( '', #7306, #7304, #7307, .F. );
#6040 = EDGE_CURVE( '', #7306, #7301, #7308, .T. );
#6041 = FILL_AREA_STYLE( '', ( #7309 ) );
#6042 = EDGE_CURVE( '', #7310, #7311, #7312, .T. );
#6043 = EDGE_CURVE( '', #7313, #7311, #7314, .T. );
#6044 = EDGE_CURVE( '', #7315, #7313, #7316, .T. );
#6045 = EDGE_CURVE( '', #7315, #7310, #7317, .T. );
#6046 = FILL_AREA_STYLE( '', ( #7318 ) );
#6047 = EDGE_CURVE( '', #7319, #7320, #7321, .F. );
#6048 = EDGE_CURVE( '', #7320, #7322, #7323, .F. );
#6049 = EDGE_CURVE( '', #7322, #7324, #7325, .F. );
#6050 = EDGE_CURVE( '', #7324, #7319, #7326, .F. );
#6051 = EDGE_CURVE( '', #7327, #7328, #7329, .T. );
#6052 = EDGE_CURVE( '', #7330, #7327, #7331, .T. );
#6053 = EDGE_CURVE( '', #7332, #7330, #7333, .T. );
#6054 = EDGE_CURVE( '', #7328, #7332, #7334, .T. );
#6055 = FILL_AREA_STYLE( '', ( #7335 ) );
#6056 = EDGE_CURVE( '', #7336, #7337, #7338, .T. );
#6057 = EDGE_CURVE( '', #7336, #7339, #7340, .T. );
#6058 = EDGE_CURVE( '', #7339, #7341, #7342, .T. );
#6059 = EDGE_CURVE( '', #7337, #7341, #7343, .T. );
#6060 = FILL_AREA_STYLE( '', ( #7344 ) );
#6061 = EDGE_CURVE( '', #7345, #7346, #7347, .T. );
#6062 = EDGE_CURVE( '', #7348, #7346, #7349, .T. );
#6063 = EDGE_CURVE( '', #7350, #7348, #7351, .T. );
#6064 = EDGE_CURVE( '', #7350, #7345, #7352, .T. );
#6065 = FILL_AREA_STYLE( '', ( #7353 ) );
#6066 = EDGE_CURVE( '', #7354, #7355, #7356, .T. );
#6067 = EDGE_CURVE( '', #7357, #7354, #7358, .T. );
#6068 = EDGE_CURVE( '', #7359, #7357, #7360, .T. );
#6069 = EDGE_CURVE( '', #7355, #7359, #7361, .T. );
#6070 = FILL_AREA_STYLE( '', ( #7362 ) );
#6071 = EDGE_CURVE( '', #7363, #7364, #7365, .T. );
#6072 = EDGE_CURVE( '', #7363, #7366, #7367, .T. );
#6073 = EDGE_CURVE( '', #7366, #7368, #7369, .T. );
#6074 = EDGE_CURVE( '', #7364, #7368, #7370, .T. );
#6075 = FILL_AREA_STYLE( '', ( #7371 ) );
#6076 = EDGE_CURVE( '', #7372, #7181, #7373, .T. );
#6077 = EDGE_CURVE( '', #7372, #7374, #7375, .T. );
#6078 = EDGE_CURVE( '', #7184, #7374, #7376, .T. );
#6079 = FILL_AREA_STYLE( '', ( #7377 ) );
#6080 = EDGE_CURVE( '', #7378, #7379, #7380, .T. );
#6081 = EDGE_CURVE( '', #7378, #7381, #7382, .T. );
#6082 = EDGE_CURVE( '', #7383, #7381, #7384, .T. );
#6083 = EDGE_CURVE( '', #7379, #7383, #7385, .T. );
#6084 = FILL_AREA_STYLE( '', ( #7386 ) );
#6085 = EDGE_CURVE( '', #7387, #7388, #7389, .T. );
#6086 = EDGE_CURVE( '', #7387, #7390, #7391, .T. );
#6087 = EDGE_CURVE( '', #7390, #7392, #7393, .T. );
#6088 = EDGE_CURVE( '', #7392, #7388, #7394, .T. );
#6089 = FILL_AREA_STYLE( '', ( #7395 ) );
#6090 = EDGE_CURVE( '', #7396, #7397, #7398, .T. );
#6091 = EDGE_CURVE( '', #7399, #7397, #7400, .T. );
#6092 = EDGE_CURVE( '', #7399, #7401, #7402, .T. );
#6093 = EDGE_CURVE( '', #7401, #7396, #7403, .T. );
#6094 = FILL_AREA_STYLE( '', ( #7404 ) );
#6095 = EDGE_CURVE( '', #7405, #7406, #7407, .T. );
#6096 = EDGE_CURVE( '', #7408, #7405, #7409, .T. );
#6097 = EDGE_CURVE( '', #7410, #7408, #7411, .T. );
#6098 = EDGE_CURVE( '', #7410, #7406, #7412, .T. );
#6099 = FILL_AREA_STYLE( '', ( #7413 ) );
#6100 = EDGE_CURVE( '', #7414, #7415, #7416, .T. );
#6101 = EDGE_CURVE( '', #7414, #7417, #7418, .T. );
#6102 = EDGE_CURVE( '', #7419, #7417, #7420, .T. );
#6103 = EDGE_CURVE( '', #7419, #7421, #7422, .T. );
#6104 = EDGE_CURVE( '', #7423, #7421, #7424, .T. );
#6105 = EDGE_CURVE( '', #7425, #7423, #7426, .T. );
#6106 = EDGE_CURVE( '', #7425, #7427, #7428, .T. );
#6107 = EDGE_CURVE( '', #7427, #7415, #7429, .T. );
#6108 = FILL_AREA_STYLE( '', ( #7430 ) );
#6109 = EDGE_CURVE( '', #7431, #7432, #7433, .T. );
#6110 = EDGE_CURVE( '', #7431, #7434, #7435, .T. );
#6111 = EDGE_CURVE( '', #7436, #7434, #7437, .T. );
#6112 = EDGE_CURVE( '', #7432, #7436, #7438, .T. );
#6113 = FILL_AREA_STYLE( '', ( #7439 ) );
#6114 = EDGE_CURVE( '', #7256, #7440, #7441, .T. );
#6115 = EDGE_CURVE( '', #7440, #7442, #7443, .T. );
#6116 = EDGE_CURVE( '', #7258, #7442, #7444, .T. );
#6117 = FILL_AREA_STYLE( '', ( #7445 ) );
#6118 = EDGE_CURVE( '', #7446, #7447, #7448, .T. );
#6119 = EDGE_CURVE( '', #7449, #7447, #7450, .T. );
#6120 = EDGE_CURVE( '', #7449, #7451, #7452, .T. );
#6121 = EDGE_CURVE( '', #7451, #7446, #7453, .T. );
#6122 = EDGE_CURVE( '', #7454, #7455, #7456, .T. );
#6123 = EDGE_CURVE( '', #7455, #7457, #7458, .T. );
#6124 = EDGE_CURVE( '', #7457, #7459, #7460, .T. );
#6125 = EDGE_CURVE( '', #7459, #7461, #7462, .T. );
#6126 = EDGE_CURVE( '', #7461, #7463, #7464, .T. );
#6127 = EDGE_CURVE( '', #7463, #7465, #7466, .T. );
#6128 = EDGE_CURVE( '', #7465, #7467, #7468, .T. );
#6129 = EDGE_CURVE( '', #7467, #7469, #7470, .T. );
#6130 = EDGE_CURVE( '', #7469, #7471, #7472, .T. );
#6131 = EDGE_CURVE( '', #7471, #7473, #7474, .T. );
#6132 = EDGE_CURVE( '', #7473, #7475, #7476, .T. );
#6133 = EDGE_CURVE( '', #7475, #7454, #7477, .T. );
#6134 = EDGE_CURVE( '', #7478, #7479, #7480, .T. );
#6135 = EDGE_CURVE( '', #7479, #7481, #7482, .T. );
#6136 = EDGE_CURVE( '', #7481, #7483, #7484, .T. );
#6137 = EDGE_CURVE( '', #7483, #7485, #7486, .T. );
#6138 = EDGE_CURVE( '', #7485, #7487, #7488, .T. );
#6139 = EDGE_CURVE( '', #7487, #7489, #7490, .T. );
#6140 = EDGE_CURVE( '', #7489, #7491, #7492, .T. );
#6141 = EDGE_CURVE( '', #7491, #7493, #7494, .T. );
#6142 = EDGE_CURVE( '', #7493, #7495, #7496, .T. );
#6143 = EDGE_CURVE( '', #7495, #7497, #7498, .T. );
#6144 = EDGE_CURVE( '', #7497, #7499, #7500, .T. );
#6145 = EDGE_CURVE( '', #7499, #7478, #7501, .T. );
#6146 = FILL_AREA_STYLE( '', ( #7502 ) );
#6147 = EDGE_CURVE( '', #7503, #7504, #7505, .T. );
#6148 = EDGE_CURVE( '', #7503, #7506, #7507, .T. );
#6149 = EDGE_CURVE( '', #7508, #7506, #7509, .T. );
#6150 = EDGE_CURVE( '', #7504, #7508, #7510, .T. );
#6151 = FILL_AREA_STYLE( '', ( #7511 ) );
#6152 = EDGE_CURVE( '', #7182, #7274, #7512, .T. );
#6153 = EDGE_CURVE( '', #7277, #7186, #7513, .T. );
#6154 = FILL_AREA_STYLE( '', ( #7514 ) );
#6155 = EDGE_CURVE( '', #7515, #7516, #7517, .F. );
#6156 = EDGE_CURVE( '', #7516, #7518, #7519, .F. );
#6157 = EDGE_CURVE( '', #7518, #7520, #7521, .F. );
#6158 = EDGE_CURVE( '', #7520, #7515, #7522, .F. );
#6159 = EDGE_CURVE( '', #7523, #7524, #7525, .T. );
#6160 = EDGE_CURVE( '', #7427, #7523, #7526, .T. );
#6161 = EDGE_CURVE( '', #7524, #7425, #7527, .T. );
#6162 = FILL_AREA_STYLE( '', ( #7528 ) );
#6163 = EDGE_CURVE( '', #7529, #7530, #7531, .F. );
#6164 = EDGE_CURVE( '', #7530, #7532, #7533, .T. );
#6165 = EDGE_CURVE( '', #7532, #7534, #7535, .F. );
#6166 = EDGE_CURVE( '', #7534, #7288, #7536, .T. );
#6167 = EDGE_CURVE( '', #7286, #7529, #7537, .F. );
#6168 = EDGE_CURVE( '', #7538, #7539, #7540, .T. );
#6169 = EDGE_CURVE( '', #7168, #7538, #7541, .T. );
#6170 = EDGE_CURVE( '', #7539, #7166, #7542, .T. );
#6171 = FILL_AREA_STYLE( '', ( #7543 ) );
#6172 = EDGE_CURVE( '', #7544, #7545, #7546, .T. );
#6173 = EDGE_CURVE( '', #7547, #7545, #7548, .T. );
#6174 = EDGE_CURVE( '', #7549, #7547, #7550, .F. );
#6175 = EDGE_CURVE( '', #7549, #7544, #7551, .T. );
#6176 = FILL_AREA_STYLE( '', ( #7552 ) );
#6177 = EDGE_CURVE( '', #7553, #7554, #7555, .T. );
#6178 = EDGE_CURVE( '', #7553, #7556, #7557, .T. );
#6179 = EDGE_CURVE( '', #7558, #7556, #7559, .T. );
#6180 = EDGE_CURVE( '', #7554, #7558, #7560, .T. );
#6181 = FILL_AREA_STYLE( '', ( #7561 ) );
#6182 = EDGE_CURVE( '', #7260, #7562, #7563, .T. );
#6183 = EDGE_CURVE( '', #7562, #7442, #7564, .T. );
#6184 = FILL_AREA_STYLE( '', ( #7565 ) );
#6185 = EDGE_CURVE( '', #7566, #7567, #7568, .T. );
#6186 = EDGE_CURVE( '', #7569, #7567, #7570, .T. );
#6187 = EDGE_CURVE( '', #7571, #7569, #7572, .T. );
#6188 = EDGE_CURVE( '', #7571, #7566, #7573, .T. );
#6189 = FILL_AREA_STYLE( '', ( #7574 ) );
#6190 = EDGE_CURVE( '', #7575, #7576, #7577, .T. );
#6191 = EDGE_CURVE( '', #7578, #7575, #7579, .T. );
#6192 = EDGE_CURVE( '', #7580, #7578, #7581, .T. );
#6193 = EDGE_CURVE( '', #7580, #7576, #7582, .T. );
#6194 = FILL_AREA_STYLE( '', ( #7583 ) );
#6195 = EDGE_CURVE( '', #7584, #7585, #7586, .T. );
#6196 = EDGE_CURVE( '', #7584, #7587, #7588, .T. );
#6197 = EDGE_CURVE( '', #7587, #7589, #7590, .T. );
#6198 = EDGE_CURVE( '', #7585, #7589, #7591, .T. );
#6199 = FILL_AREA_STYLE( '', ( #7592 ) );
#6200 = EDGE_CURVE( '', #7593, #7208, #7594, .T. );
#6201 = EDGE_CURVE( '', #7595, #7593, #7596, .T. );
#6202 = EDGE_CURVE( '', #7211, #7595, #7597, .T. );
#6203 = FILL_AREA_STYLE( '', ( #7598 ) );
#6204 = EDGE_CURVE( '', #7222, #7599, #7600, .T. );
#6205 = EDGE_CURVE( '', #7149, #7599, #7601, .T. );
#6206 = FILL_AREA_STYLE( '', ( #7602 ) );
#6207 = EDGE_CURVE( '', #7603, #7483, #7604, .T. );
#6208 = EDGE_CURVE( '', #7603, #7605, #7606, .T. );
#6209 = EDGE_CURVE( '', #7485, #7605, #7607, .T. );
#6210 = FILL_AREA_STYLE( '', ( #7608 ) );
#6211 = EDGE_CURVE( '', #7609, #7610, #7611, .T. );
#6212 = EDGE_CURVE( '', #7612, #7610, #7613, .T. );
#6213 = EDGE_CURVE( '', #7612, #7614, #7615, .T. );
#6214 = EDGE_CURVE( '', #7614, #7609, #7616, .T. );
#6215 = FILL_AREA_STYLE( '', ( #7617 ) );
#6216 = EDGE_CURVE( '', #7618, #7619, #7620, .T. );
#6217 = EDGE_CURVE( '', #7515, #7619, #7621, .T. );
#6218 = EDGE_CURVE( '', #7520, #7618, #7622, .T. );
#6219 = FILL_AREA_STYLE( '', ( #7623 ) );
#6220 = EDGE_CURVE( '', #7624, #7625, #7626, .T. );
#6221 = EDGE_CURVE( '', #7625, #7627, #7628, .T. );
#6222 = EDGE_CURVE( '', #7627, #7629, #7630, .T. );
#6223 = EDGE_CURVE( '', #7629, #7624, #7631, .T. );
#6224 = FILL_AREA_STYLE( '', ( #7632 ) );
#6225 = EDGE_CURVE( '', #7566, #7633, #7634, .T. );
#6226 = EDGE_CURVE( '', #7635, #7571, #7636, .T. );
#6227 = EDGE_CURVE( '', #7635, #7633, #7637, .T. );
#6228 = FILL_AREA_STYLE( '', ( #7638 ) );
#6229 = EDGE_CURVE( '', #7545, #7639, #7640, .T. );
#6230 = EDGE_CURVE( '', #7641, #7639, #7642, .T. );
#6231 = EDGE_CURVE( '', #7547, #7641, #7643, .F. );
#6232 = FILL_AREA_STYLE( '', ( #7644 ) );
#6233 = EDGE_CURVE( '', #7645, #7544, #7646, .T. );
#6234 = EDGE_CURVE( '', #7647, #7549, #7648, .F. );
#6235 = EDGE_CURVE( '', #7647, #7645, #7649, .T. );
#6236 = FILL_AREA_STYLE( '', ( #7650 ) );
#6237 = EDGE_CURVE( '', #7651, #7142, #7652, .T. );
#6238 = EDGE_CURVE( '', #7653, #7651, #7654, .T. );
#6239 = EDGE_CURVE( '', #7137, #7653, #7655, .T. );
#6240 = FILL_AREA_STYLE( '', ( #7656 ) );
#6241 = EDGE_CURVE( '', #7657, #7658, #7659, .T. );
#6242 = EDGE_CURVE( '', #7657, #7660, #7661, .T. );
#6243 = EDGE_CURVE( '', #7662, #7660, #7663, .T. );
#6244 = EDGE_CURVE( '', #7658, #7662, #7664, .T. );
#6245 = FILL_AREA_STYLE( '', ( #7665 ) );
#6246 = EDGE_CURVE( '', #7666, #7667, #7668, .T. );
#6247 = EDGE_CURVE( '', #7666, #7669, #7670, .T. );
#6248 = EDGE_CURVE( '', #7671, #7669, #7672, .T. );
#6249 = EDGE_CURVE( '', #7667, #7671, #7673, .T. );
#6250 = FILL_AREA_STYLE( '', ( #7674 ) );
#6251 = EDGE_CURVE( '', #7675, #7676, #7677, .T. );
#6252 = EDGE_CURVE( '', #7319, #7676, #7678, .T. );
#6253 = EDGE_CURVE( '', #7324, #7675, #7679, .T. );
#6254 = FILL_AREA_STYLE( '', ( #7680 ) );
#6255 = EDGE_CURVE( '', #7447, #7681, #7682, .T. );
#6256 = EDGE_CURVE( '', #7681, #7683, #7684, .T. );
#6257 = EDGE_CURVE( '', #7683, #7449, #7685, .T. );
#6258 = FILL_AREA_STYLE( '', ( #7686 ) );
#6259 = EDGE_CURVE( '', #7687, #7688, #7689, .T. );
#6260 = EDGE_CURVE( '', #7687, #7199, #7690, .T. );
#6261 = EDGE_CURVE( '', #7688, #7200, #7691, .T. );
#6262 = FILL_AREA_STYLE( '', ( #7692 ) );
#6263 = EDGE_CURVE( '', #7693, #7434, #7694, .T. );
#6264 = EDGE_CURVE( '', #7695, #7431, #7696, .T. );
#6265 = EDGE_CURVE( '', #7693, #7695, #7697, .T. );
#6266 = FILL_AREA_STYLE( '', ( #7698 ) );
#6267 = EDGE_CURVE( '', #7699, #7700, #7701, .T. );
#6268 = EDGE_CURVE( '', #7699, #7702, #7703, .T. );
#6269 = EDGE_CURVE( '', #7702, #7704, #7705, .T. );
#6270 = EDGE_CURVE( '', #7700, #7704, #7706, .T. );
#6271 = FILL_AREA_STYLE( '', ( #7707 ) );
#6272 = EDGE_CURVE( '', #7708, #7709, #7710, .T. );
#6273 = EDGE_CURVE( '', #7711, #7709, #7712, .T. );
#6274 = EDGE_CURVE( '', #7711, #7713, #7714, .T. );
#6275 = EDGE_CURVE( '', #7713, #7708, #7715, .T. );
#6276 = EDGE_CURVE( '', #7716, #7717, #7718, .T. );
#6277 = EDGE_CURVE( '', #7717, #7719, #7720, .T. );
#6278 = EDGE_CURVE( '', #7719, #7721, #7722, .T. );
#6279 = EDGE_CURVE( '', #7721, #7723, #7724, .T. );
#6280 = EDGE_CURVE( '', #7723, #7725, #7726, .T. );
#6281 = EDGE_CURVE( '', #7725, #7727, #7728, .T. );
#6282 = EDGE_CURVE( '', #7727, #7729, #7730, .T. );
#6283 = EDGE_CURVE( '', #7729, #7731, #7732, .T. );
#6284 = EDGE_CURVE( '', #7731, #7733, #7734, .T. );
#6285 = EDGE_CURVE( '', #7733, #7735, #7736, .T. );
#6286 = EDGE_CURVE( '', #7735, #7737, #7738, .T. );
#6287 = EDGE_CURVE( '', #7737, #7716, #7739, .T. );
#6288 = EDGE_CURVE( '', #7740, #7741, #7742, .T. );
#6289 = EDGE_CURVE( '', #7741, #7743, #7744, .T. );
#6290 = EDGE_CURVE( '', #7743, #7293, #7745, .T. );
#6291 = EDGE_CURVE( '', #7297, #7746, #7747, .T. );
#6292 = EDGE_CURVE( '', #7746, #7748, #7749, .T. );
#6293 = EDGE_CURVE( '', #7748, #7750, #7751, .T. );
#6294 = EDGE_CURVE( '', #7750, #7752, #7753, .T. );
#6295 = EDGE_CURVE( '', #7752, #7754, #7755, .T. );
#6296 = EDGE_CURVE( '', #7754, #7756, #7757, .T. );
#6297 = EDGE_CURVE( '', #7756, #7758, #7759, .T. );
#6298 = EDGE_CURVE( '', #7758, #7740, #7760, .T. );
#6299 = FILL_AREA_STYLE( '', ( #7761 ) );
#6300 = EDGE_CURVE( '', #7762, #7763, #7764, .T. );
#6301 = EDGE_CURVE( '', #7765, #7763, #7766, .T. );
#6302 = EDGE_CURVE( '', #7767, #7765, #7768, .T. );
#6303 = EDGE_CURVE( '', #7762, #7767, #7769, .T. );
#6304 = FILL_AREA_STYLE( '', ( #7770 ) );
#6305 = EDGE_CURVE( '', #7771, #7772, #7773, .T. );
#6306 = EDGE_CURVE( '', #7771, #7774, #7775, .T. );
#6307 = EDGE_CURVE( '', #7774, #7776, #7777, .T. );
#6308 = EDGE_CURVE( '', #7772, #7776, #7778, .T. );
#6309 = FILL_AREA_STYLE( '', ( #7779 ) );
#6310 = EDGE_CURVE( '', #7780, #7781, #7782, .T. );
#6311 = EDGE_CURVE( '', #7780, #7783, #7784, .T. );
#6312 = EDGE_CURVE( '', #7785, #7783, #7786, .T. );
#6313 = EDGE_CURVE( '', #7781, #7785, #7787, .T. );
#6314 = FILL_AREA_STYLE( '', ( #7788 ) );
#6315 = EDGE_CURVE( '', #7789, #7790, #7791, .T. );
#6316 = EDGE_CURVE( '', #7789, #7792, #7793, .T. );
#6317 = EDGE_CURVE( '', #7792, #7794, #7795, .T. );
#6318 = EDGE_CURVE( '', #7790, #7794, #7796, .T. );
#6319 = FILL_AREA_STYLE( '', ( #7797 ) );
#6320 = EDGE_CURVE( '', #7798, #7743, #7799, .T. );
#6321 = EDGE_CURVE( '', #7798, #7292, #7800, .T. );
#6322 = FILL_AREA_STYLE( '', ( #7801 ) );
#6323 = EDGE_CURVE( '', #7633, #7405, #7802, .T. );
#6324 = EDGE_CURVE( '', #7408, #7635, #7803, .T. );
#6325 = FILL_AREA_STYLE( '', ( #7804 ) );
#6326 = EDGE_CURVE( '', #7805, #7806, #7807, .T. );
#6327 = EDGE_CURVE( '', #7805, #7808, #7809, .T. );
#6328 = EDGE_CURVE( '', #7810, #7808, #7811, .T. );
#6329 = EDGE_CURVE( '', #7806, #7810, #7812, .T. );
#6330 = FILL_AREA_STYLE( '', ( #7813 ) );
#6331 = EDGE_CURVE( '', #7814, #7662, #7815, .T. );
#6332 = EDGE_CURVE( '', #7814, #7816, #7817, .T. );
#6333 = EDGE_CURVE( '', #7816, #7818, #7819, .T. );
#6334 = EDGE_CURVE( '', #7818, #7820, #7821, .T. );
#6335 = EDGE_CURVE( '', #7820, #7440, #7822, .T. );
#6336 = EDGE_CURVE( '', #7254, #7823, #7824, .T. );
#6337 = EDGE_CURVE( '', #7669, #7823, #7825, .T. );
#6338 = EDGE_CURVE( '', #7666, #7826, #7827, .T. );
#6339 = EDGE_CURVE( '', #7826, #7828, #7829, .T. );
#6340 = EDGE_CURVE( '', #7830, #7828, #7831, .T. );
#6341 = EDGE_CURVE( '', #7832, #7830, #7833, .T. );
#6342 = EDGE_CURVE( '', #7832, #7834, #7835, .T. );
#6343 = EDGE_CURVE( '', #7834, #7836, #7837, .T. );
#6344 = EDGE_CURVE( '', #7838, #7836, #7839, .T. );
#6345 = EDGE_CURVE( '', #7840, #7838, #7841, .T. );
#6346 = EDGE_CURVE( '', #7840, #7842, #7843, .T. );
#6347 = EDGE_CURVE( '', #7842, #7844, #7845, .T. );
#6348 = EDGE_CURVE( '', #7846, #7844, #7847, .T. );
#6349 = EDGE_CURVE( '', #7848, #7846, #7849, .T. );
#6350 = EDGE_CURVE( '', #7578, #7848, #7850, .T. );
#6351 = EDGE_CURVE( '', #7851, #7575, #7852, .T. );
#6352 = EDGE_CURVE( '', #7851, #7217, #7853, .T. );
#6353 = EDGE_CURVE( '', #7231, #7854, #7855, .T. );
#6354 = EDGE_CURVE( '', #7856, #7854, #7857, .T. );
#6355 = EDGE_CURVE( '', #7856, #7858, #7859, .T. );
#6356 = EDGE_CURVE( '', #7858, #7860, #7861, .T. );
#6357 = EDGE_CURVE( '', #7860, #7862, #7863, .T. );
#6358 = EDGE_CURVE( '', #7864, #7862, #7865, .T. );
#6359 = EDGE_CURVE( '', #7864, #7866, #7867, .T. );
#6360 = EDGE_CURVE( '', #7866, #7658, #7868, .T. );
#6361 = FILL_AREA_STYLE( '', ( #7869 ) );
#6362 = EDGE_CURVE( '', #7328, #7725, #7870, .T. );
#6363 = EDGE_CURVE( '', #7332, #7727, #7871, .T. );
#6364 = FILL_AREA_STYLE( '', ( #7872 ) );
#6365 = EDGE_CURVE( '', #7873, #7499, #7874, .T. );
#6366 = EDGE_CURVE( '', #7873, #7875, #7876, .T. );
#6367 = EDGE_CURVE( '', #7875, #7478, #7877, .T. );
#6368 = FILL_AREA_STYLE( '', ( #7878 ) );
#6369 = EDGE_CURVE( '', #7879, #7880, #7881, .T. );
#6370 = EDGE_CURVE( '', #7879, #7158, #7882, .T. );
#6371 = EDGE_CURVE( '', #7880, #7155, #7883, .T. );
#6372 = FILL_AREA_STYLE( '', ( #7884 ) );
#6373 = EDGE_CURVE( '', #7885, #7805, #7886, .T. );
#6374 = EDGE_CURVE( '', #7885, #7887, #7888, .T. );
#6375 = EDGE_CURVE( '', #7887, #7808, #7889, .T. );
#6376 = FILL_AREA_STYLE( '', ( #7890 ) );
#6377 = EDGE_CURVE( '', #7891, #7851, #7892, .T. );
#6378 = EDGE_CURVE( '', #7576, #7893, #7894, .T. );
#6379 = EDGE_CURVE( '', #7893, #7895, #7896, .T. );
#6380 = EDGE_CURVE( '', #7895, #7897, #7898, .T. );
#6381 = EDGE_CURVE( '', #7897, #7593, #7899, .T. );
#6382 = EDGE_CURVE( '', #7891, #7209, #7900, .T. );
#6383 = FILL_AREA_STYLE( '', ( #7901 ) );
#6384 = EDGE_CURVE( '', #7902, #7903, #7904, .T. );
#6385 = EDGE_CURVE( '', #7905, #7903, #7906, .T. );
#6386 = EDGE_CURVE( '', #7907, #7905, #7908, .T. );
#6387 = EDGE_CURVE( '', #7902, #7907, #7909, .T. );
#6388 = FILL_AREA_STYLE( '', ( #7910 ) );
#6389 = EDGE_CURVE( '', #7792, #7780, #7911, .T. );
#6390 = EDGE_CURVE( '', #7794, #7781, #7912, .T. );
#6391 = FILL_AREA_STYLE( '', ( #7913 ) );
#6392 = EDGE_CURVE( '', #7735, #7914, #7915, .T. );
#6393 = EDGE_CURVE( '', #7916, #7914, #7917, .T. );
#6394 = EDGE_CURVE( '', #7916, #7729, #7918, .T. );
#6395 = EDGE_CURVE( '', #7330, #7737, #7919, .T. );
#6396 = FILL_AREA_STYLE( '', ( #7920 ) );
#6397 = EDGE_CURVE( '', #7921, #7235, #7922, .T. );
#6398 = EDGE_CURVE( '', #7921, #7923, #7924, .T. );
#6399 = EDGE_CURVE( '', #7238, #7923, #7925, .T. );
#6400 = FILL_AREA_STYLE( '', ( #7926 ) );
#6401 = EDGE_CURVE( '', #7927, #7928, #7929, .T. );
#6402 = EDGE_CURVE( '', #7930, #7928, #7931, .T. );
#6403 = EDGE_CURVE( '', #7932, #7930, #7933, .T. );
#6404 = EDGE_CURVE( '', #7927, #7932, #7934, .T. );
#6405 = FILL_AREA_STYLE( '', ( #7935 ) );
#6406 = EDGE_CURVE( '', #7387, #7921, #7936, .T. );
#6407 = EDGE_CURVE( '', #7923, #7388, #7937, .T. );
#6408 = FILL_AREA_STYLE( '', ( #7938 ) );
#6409 = EDGE_CURVE( '', #7932, #7719, #7939, .T. );
#6410 = EDGE_CURVE( '', #7930, #7721, #7940, .T. );
#6411 = FILL_AREA_STYLE( '', ( #7941 ) );
#6412 = EDGE_CURVE( '', #7284, #7942, #7943, .T. );
#6413 = EDGE_CURVE( '', #7529, #7942, #7944, .T. );
#6414 = FILL_AREA_STYLE( '', ( #7945 ) );
#6415 = EDGE_CURVE( '', #7946, #7846, #7947, .T. );
#6416 = EDGE_CURVE( '', #7948, #7946, #7949, .T. );
#6417 = EDGE_CURVE( '', #7848, #7948, #7950, .T. );
#6418 = FILL_AREA_STYLE( '', ( #7951 ) );
#6419 = EDGE_CURVE( '', #7952, #7758, #7953, .T. );
#6420 = EDGE_CURVE( '', #7952, #7954, #7955, .T. );
#6421 = EDGE_CURVE( '', #7954, #7740, #7956, .T. );
#6422 = FILL_AREA_STYLE( '', ( #7957 ) );
#6423 = EDGE_CURVE( '', #7958, #7959, #7960, .T. );
#6424 = EDGE_CURVE( '', #7534, #7959, #7961, .T. );
#6425 = EDGE_CURVE( '', #7532, #7958, #7962, .T. );
#6426 = FILL_AREA_STYLE( '', ( #7963 ) );
#6427 = EDGE_CURVE( '', #7191, #7964, #7965, .T. );
#6428 = EDGE_CURVE( '', #7966, #7964, #7967, .T. );
#6429 = EDGE_CURVE( '', #7193, #7966, #7968, .F. );
#6430 = FILL_AREA_STYLE( '', ( #7969 ) );
#6431 = EDGE_CURVE( '', #7942, #7970, #7971, .T. );
#6432 = EDGE_CURVE( '', #7530, #7970, #7972, .T. );
#6433 = FILL_AREA_STYLE( '', ( #7973 ) );
#6434 = EDGE_CURVE( '', #7970, #7958, #7974, .T. );
#6435 = FILL_AREA_STYLE( '', ( #7975 ) );
#6436 = EDGE_CURVE( '', #7976, #7459, #7977, .T. );
#6437 = EDGE_CURVE( '', #7976, #7978, #7979, .T. );
#6438 = EDGE_CURVE( '', #7461, #7978, #7980, .T. );
#6439 = FILL_AREA_STYLE( '', ( #7981 ) );
#6440 = EDGE_CURVE( '', #7982, #7983, #7984, .T. );
#6441 = EDGE_CURVE( '', #7982, #7985, #7986, .T. );
#6442 = EDGE_CURVE( '', #7985, #7987, #7988, .T. );
#6443 = EDGE_CURVE( '', #7983, #7987, #7989, .T. );
#6444 = FILL_AREA_STYLE( '', ( #7990 ) );
#6445 = EDGE_CURVE( '', #7419, #7991, #7992, .T. );
#6446 = EDGE_CURVE( '', #7991, #7993, #7994, .T. );
#6447 = EDGE_CURVE( '', #7421, #7993, #7995, .T. );
#6448 = FILL_AREA_STYLE( '', ( #7996 ) );
#6449 = EDGE_CURVE( '', #7997, #7675, #7998, .T. );
#6450 = EDGE_CURVE( '', #7322, #7997, #7999, .T. );
#6451 = FILL_AREA_STYLE( '', ( #8000 ) );
#6452 = EDGE_CURVE( '', #8001, #7897, #8002, .T. );
#6453 = EDGE_CURVE( '', #7595, #8001, #8003, .T. );
#6454 = FILL_AREA_STYLE( '', ( #8004 ) );
#6455 = EDGE_CURVE( '', #7397, #8005, #8006, .T. );
#6456 = EDGE_CURVE( '', #8007, #8005, #8008, .T. );
#6457 = EDGE_CURVE( '', #8007, #7399, #8009, .T. );
#6458 = EDGE_CURVE( '', #7987, #8010, #8011, .T. );
#6459 = EDGE_CURVE( '', #8010, #8012, #8013, .T. );
#6460 = EDGE_CURVE( '', #8012, #7379, #8014, .T. );
#6461 = EDGE_CURVE( '', #7383, #8015, #8016, .T. );
#6462 = EDGE_CURVE( '', #8015, #8017, #8018, .T. );
#6463 = EDGE_CURVE( '', #8017, #8019, #8020, .T. );
#6464 = EDGE_CURVE( '', #8019, #7688, #8021, .T. );
#6465 = EDGE_CURVE( '', #7204, #7983, #8022, .T. );
#6466 = EDGE_CURVE( '', #8023, #8024, #8025, .T. );
#6467 = EDGE_CURVE( '', #8024, #8026, #8027, .T. );
#6468 = EDGE_CURVE( '', #8026, #8028, #8029, .T. );
#6469 = EDGE_CURVE( '', #8028, #8030, #8031, .T. );
#6470 = EDGE_CURVE( '', #8030, #8032, #8033, .T. );
#6471 = EDGE_CURVE( '', #8032, #7164, #8034, .T. );
#6472 = EDGE_CURVE( '', #7162, #8035, #8036, .T. );
#6473 = EDGE_CURVE( '', #8035, #7880, #8037, .T. );
#6474 = EDGE_CURVE( '', #7156, #8023, #8038, .T. );
#6475 = FILL_AREA_STYLE( '', ( #8039 ) );
#6476 = EDGE_CURVE( '', #8040, #8041, #8042, .T. );
#6477 = EDGE_CURVE( '', #8040, #8043, #8044, .T. );
#6478 = EDGE_CURVE( '', #8043, #8045, #8046, .T. );
#6479 = EDGE_CURVE( '', #8041, #8045, #8047, .T. );
#6480 = FILL_AREA_STYLE( '', ( #8048 ) );
#6481 = EDGE_CURVE( '', #8049, #8050, #8051, .T. );
#6482 = EDGE_CURVE( '', #8049, #8052, #8053, .T. );
#6483 = EDGE_CURVE( '', #8052, #8054, #8055, .T. );
#6484 = EDGE_CURVE( '', #8050, #8054, #8056, .T. );
#6485 = FILL_AREA_STYLE( '', ( #8057 ) );
#6486 = EDGE_CURVE( '', #7840, #7390, #8058, .T. );
#6487 = EDGE_CURVE( '', #7392, #7838, #8059, .T. );
#6488 = FILL_AREA_STYLE( '', ( #8060 ) );
#6489 = EDGE_CURVE( '', #7585, #8061, #8062, .T. );
#6490 = EDGE_CURVE( '', #7589, #8063, #8064, .T. );
#6491 = EDGE_CURVE( '', #8061, #8063, #8065, .T. );
#6492 = FILL_AREA_STYLE( '', ( #8066 ) );
#6493 = EDGE_CURVE( '', #8067, #7879, #8068, .T. );
#6494 = EDGE_CURVE( '', #7160, #8067, #8069, .T. );
#6495 = FILL_AREA_STYLE( '', ( #8070 ) );
#6496 = EDGE_CURVE( '', #8071, #8072, #8073, .T. );
#6497 = EDGE_CURVE( '', #8071, #8074, #8075, .T. );
#6498 = EDGE_CURVE( '', #8074, #8076, #8077, .T. );
#6499 = EDGE_CURVE( '', #8072, #8076, #8078, .T. );
#6500 = FILL_AREA_STYLE( '', ( #8079 ) );
#6501 = EDGE_CURVE( '', #7806, #7834, #8080, .T. );
#6502 = EDGE_CURVE( '', #7832, #8081, #8082, .T. );
#6503 = EDGE_CURVE( '', #8083, #8081, #8084, .T. );
#6504 = EDGE_CURVE( '', #8083, #8085, #8086, .T. );
#6505 = EDGE_CURVE( '', #8085, #8087, #8088, .T. );
#6506 = EDGE_CURVE( '', #8087, #8089, #8090, .T. );
#6507 = EDGE_CURVE( '', #8089, #7885, #8091, .T. );
#6508 = FILL_AREA_STYLE( '', ( #8092 ) );
#6509 = EDGE_CURVE( '', #8093, #8094, #8095, .T. );
#6510 = EDGE_CURVE( '', #8096, #8094, #8097, .T. );
#6511 = EDGE_CURVE( '', #8098, #8096, #8099, .F. );
#6512 = EDGE_CURVE( '', #8098, #8093, #8100, .T. );
#6513 = FILL_AREA_STYLE( '', ( #8101 ) );
#6514 = EDGE_CURVE( '', #7966, #8102, #8103, .F. );
#6515 = EDGE_CURVE( '', #8102, #8104, #8105, .T. );
#6516 = EDGE_CURVE( '', #8104, #8106, #8107, .F. );
#6517 = EDGE_CURVE( '', #8106, #7195, #8108, .T. );
#6518 = EDGE_CURVE( '', #7339, #7771, #8109, .T. );
#6519 = EDGE_CURVE( '', #7774, #7336, #8110, .T. );
#6520 = FILL_AREA_STYLE( '', ( #8111 ) );
#6521 = EDGE_CURVE( '', #8112, #7345, #8113, .T. );
#6522 = EDGE_CURVE( '', #8114, #7350, #8115, .F. );
#6523 = EDGE_CURVE( '', #8114, #8112, #8116, .T. );
#6524 = FILL_AREA_STYLE( '', ( #8117 ) );
#6525 = EDGE_CURVE( '', #7524, #8118, #8119, .T. );
#6526 = EDGE_CURVE( '', #8118, #7423, #8120, .T. );
#6527 = FILL_AREA_STYLE( '', ( #8121 ) );
#6528 = EDGE_CURVE( '', #8122, #7605, #8123, .T. );
#6529 = EDGE_CURVE( '', #8124, #7603, #8125, .T. );
#6530 = EDGE_CURVE( '', #8122, #8124, #8126, .T. );
#6531 = FILL_AREA_STYLE( '', ( #8127 ) );
#6532 = EDGE_CURVE( '', #7723, #7928, #8128, .T. );
#6533 = FILL_AREA_STYLE( '', ( #8129 ) );
#6534 = EDGE_CURVE( '', #7709, #7354, #8130, .T. );
#6535 = EDGE_CURVE( '', #8131, #7708, #8132, .T. );
#6536 = EDGE_CURVE( '', #8131, #8133, #8134, .T. );
#6537 = EDGE_CURVE( '', #8135, #8133, #8136, .T. );
#6538 = EDGE_CURVE( '', #7138, #8135, #8137, .T. );
#6539 = EDGE_CURVE( '', #8005, #7653, #8138, .T. );
#6540 = EDGE_CURVE( '', #7396, #7625, #8139, .T. );
#6541 = EDGE_CURVE( '', #7610, #7624, #8140, .T. );
#6542 = EDGE_CURVE( '', #7609, #7681, #8141, .T. );
#6543 = EDGE_CURVE( '', #8142, #7446, #8143, .T. );
#6544 = EDGE_CURVE( '', #8142, #8144, #8145, .T. );
#6545 = EDGE_CURVE( '', #8146, #8144, #8147, .T. );
#6546 = EDGE_CURVE( '', #8148, #8146, #8149, .T. );
#6547 = EDGE_CURVE( '', #8148, #7357, #8150, .T. );
#6548 = FILL_AREA_STYLE( '', ( #8151 ) );
#6549 = EDGE_CURVE( '', #7355, #7711, #8152, .T. );
#6550 = EDGE_CURVE( '', #8153, #7359, #8154, .T. );
#6551 = EDGE_CURVE( '', #8155, #8153, #8156, .T. );
#6552 = EDGE_CURVE( '', #8155, #8157, #8158, .T. );
#6553 = EDGE_CURVE( '', #8157, #8159, #8160, .T. );
#6554 = EDGE_CURVE( '', #7451, #8159, #8161, .T. );
#6555 = EDGE_CURVE( '', #7683, #7614, #8162, .T. );
#6556 = EDGE_CURVE( '', #7629, #7612, #8163, .T. );
#6557 = EDGE_CURVE( '', #7627, #7401, #8164, .T. );
#6558 = EDGE_CURVE( '', #7651, #8007, #8165, .T. );
#6559 = EDGE_CURVE( '', #8166, #7140, #8167, .T. );
#6560 = EDGE_CURVE( '', #8168, #8166, #8169, .T. );
#6561 = EDGE_CURVE( '', #8168, #8170, #8171, .T. );
#6562 = EDGE_CURVE( '', #7713, #8170, #8172, .T. );
#6563 = FILL_AREA_STYLE( '', ( #8173 ) );
#6564 = EDGE_CURVE( '', #8174, #8175, #8176, .F. );
#6565 = EDGE_CURVE( '', #8175, #8177, #8178, .T. );
#6566 = EDGE_CURVE( '', #8177, #8179, #8180, .F. );
#6567 = EDGE_CURVE( '', #8179, #8181, #8182, .T. );
#6568 = EDGE_CURVE( '', #8181, #8183, #8184, .F. );
#6569 = EDGE_CURVE( '', #8183, #8174, #8185, .F. );
#6570 = EDGE_CURVE( '', #8186, #8187, #8188, .T. );
#6571 = EDGE_CURVE( '', #8189, #8186, #8190, .T. );
#6572 = EDGE_CURVE( '', #8191, #8189, #8192, .T. );
#6573 = EDGE_CURVE( '', #8187, #8191, #8193, .T. );
#6574 = FILL_AREA_STYLE( '', ( #8194 ) );
#6575 = EDGE_CURVE( '', #7372, #8195, #8196, .T. );
#6576 = EDGE_CURVE( '', #8195, #8197, #8198, .T. );
#6577 = EDGE_CURVE( '', #8197, #7374, #8199, .T. );
#6578 = FILL_AREA_STYLE( '', ( #8200 ) );
#6579 = EDGE_CURVE( '', #7756, #7763, #8201, .T. );
#6580 = EDGE_CURVE( '', #7762, #7750, #8202, .T. );
#6581 = EDGE_CURVE( '', #8203, #7748, #8204, .T. );
#6582 = EDGE_CURVE( '', #8203, #7952, #8205, .T. );
#6583 = FILL_AREA_STYLE( '', ( #8206 ) );
#6584 = EDGE_CURVE( '', #8207, #7891, #8208, .T. );
#6585 = EDGE_CURVE( '', #8209, #8207, #8210, .T. );
#6586 = EDGE_CURVE( '', #8209, #8211, #8212, .T. );
#6587 = EDGE_CURVE( '', #8211, #8076, #8213, .T. );
#6588 = EDGE_CURVE( '', #7816, #8074, #8214, .T. );
#6589 = EDGE_CURVE( '', #8197, #7814, #8215, .T. );
#6590 = EDGE_CURVE( '', #7866, #8195, #8216, .T. );
#6591 = EDGE_CURVE( '', #8217, #7864, #8218, .T. );
#6592 = EDGE_CURVE( '', #8219, #8217, #8220, .T. );
#6593 = EDGE_CURVE( '', #7858, #8219, #8221, .T. );
#6594 = EDGE_CURVE( '', #8222, #7856, #8223, .T. );
#6595 = EDGE_CURVE( '', #7218, #8222, #8224, .T. );
#6596 = FILL_AREA_STYLE( '', ( #8225 ) );
#6597 = EDGE_CURVE( '', #7854, #8226, #8227, .T. );
#6598 = EDGE_CURVE( '', #8226, #8228, #8229, .T. );
#6599 = EDGE_CURVE( '', #8228, #8230, #8231, .T. );
#6600 = EDGE_CURVE( '', #8230, #7151, #8232, .T. );
#6601 = EDGE_CURVE( '', #7599, #8233, #8234, .T. );
#6602 = EDGE_CURVE( '', #8222, #8233, #8235, .T. );
#6603 = FILL_AREA_STYLE( '', ( #8236 ) );
#6604 = EDGE_CURVE( '', #8237, #8019, #8238, .T. );
#6605 = EDGE_CURVE( '', #8237, #7687, #8239, .T. );
#6606 = FILL_AREA_STYLE( '', ( #8240 ) );
#6607 = EDGE_CURVE( '', #8241, #8242, #8243, .T. );
#6608 = EDGE_CURVE( '', #8244, #8242, #8245, .T. );
#6609 = EDGE_CURVE( '', #8246, #8244, #8247, .F. );
#6610 = EDGE_CURVE( '', #8246, #8241, #8248, .T. );
#6611 = FILL_AREA_STYLE( '', ( #8249 ) );
#6612 = EDGE_CURVE( '', #8250, #8041, #8251, .T. );
#6613 = EDGE_CURVE( '', #8045, #8252, #8253, .T. );
#6614 = EDGE_CURVE( '', #8252, #8254, #8255, .T. );
#6615 = EDGE_CURVE( '', #8254, #8256, #8257, .T. );
#6616 = EDGE_CURVE( '', #8256, #8258, #8259, .T. );
#6617 = EDGE_CURVE( '', #8258, #8260, #8261, .T. );
#6618 = EDGE_CURVE( '', #8260, #8262, #8263, .T. );
#6619 = EDGE_CURVE( '', #8262, #7432, #8264, .T. );
#6620 = EDGE_CURVE( '', #7436, #8265, #8266, .T. );
#6621 = EDGE_CURVE( '', #8265, #8250, #8267, .T. );
#6622 = EDGE_CURVE( '', #7341, #7790, #8268, .T. );
#6623 = EDGE_CURVE( '', #7785, #7772, #8269, .T. );
#6624 = EDGE_CURVE( '', #7776, #8270, #8271, .T. );
#6625 = EDGE_CURVE( '', #8270, #8272, #8273, .T. );
#6626 = EDGE_CURVE( '', #8272, #8274, #8275, .T. );
#6627 = EDGE_CURVE( '', #8274, #8276, #8277, .T. );
#6628 = EDGE_CURVE( '', #8276, #7337, #8278, .T. );
#6629 = FILL_AREA_STYLE( '', ( #8279 ) );
#6630 = EDGE_CURVE( '', #8170, #8131, #8280, .T. );
#6631 = EDGE_CURVE( '', #8133, #8168, #8281, .T. );
#6632 = FILL_AREA_STYLE( '', ( #8282 ) );
#6633 = EDGE_CURVE( '', #8043, #8283, #8284, .T. );
#6634 = EDGE_CURVE( '', #8283, #8252, #8285, .T. );
#6635 = FILL_AREA_STYLE( '', ( #8286 ) );
#6636 = EDGE_CURVE( '', #7905, #7471, #8287, .T. );
#6637 = EDGE_CURVE( '', #7473, #7903, #8288, .T. );
#6638 = FILL_AREA_STYLE( '', ( #8289 ) );
#6639 = EDGE_CURVE( '', #8290, #7172, #8291, .T. );
#6640 = EDGE_CURVE( '', #8292, #7177, #8293, .F. );
#6641 = EDGE_CURVE( '', #8292, #8290, #8294, .T. );
#6642 = FILL_AREA_STYLE( '', ( #8295 ) );
#6643 = EDGE_CURVE( '', #8296, #8256, #8297, .T. );
#6644 = EDGE_CURVE( '', #8296, #8298, #8299, .T. );
#6645 = EDGE_CURVE( '', #8298, #8258, #8300, .T. );
#6646 = FILL_AREA_STYLE( '', ( #8301 ) );
#6647 = EDGE_CURVE( '', #8302, #8303, #8304, .T. );
#6648 = EDGE_CURVE( '', #8302, #8305, #8306, .T. );
#6649 = EDGE_CURVE( '', #8307, #8305, #8308, .T. );
#6650 = EDGE_CURVE( '', #8303, #8307, #8309, .T. );
#6651 = FILL_AREA_STYLE( '', ( #8310 ) );
#6652 = EDGE_CURVE( '', #7366, #8311, #8312, .T. );
#6653 = EDGE_CURVE( '', #8313, #8311, #8314, .T. );
#6654 = EDGE_CURVE( '', #7368, #8313, #8315, .T. );
#6655 = FILL_AREA_STYLE( '', ( #8316 ) );
#6656 = EDGE_CURVE( '', #7244, #8270, #8317, .T. );
#6657 = EDGE_CURVE( '', #7249, #8272, #8318, .T. );
#6658 = FILL_AREA_STYLE( '', ( #8319 ) );
#6659 = EDGE_CURVE( '', #8320, #8321, #8322, .T. );
#6660 = EDGE_CURVE( '', #8052, #8321, #8323, .T. );
#6661 = EDGE_CURVE( '', #8320, #8049, #8324, .T. );
#6662 = FILL_AREA_STYLE( '', ( #8325 ) );
#6663 = EDGE_CURVE( '', #7229, #8226, #8326, .T. );
#6664 = FILL_AREA_STYLE( '', ( #8327 ) );
#6665 = EDGE_CURVE( '', #7220, #8233, #8328, .T. );
#6666 = FILL_AREA_STYLE( '', ( #8329 ) );
#6667 = FILL_AREA_STYLE( '', ( #8330 ) );
#6668 = EDGE_CURVE( '', #8331, #8332, #8333, .T. );
#6669 = EDGE_CURVE( '', #8334, #8332, #8335, .T. );
#6670 = EDGE_CURVE( '', #8334, #8336, #8337, .T. );
#6671 = EDGE_CURVE( '', #8336, #8307, #8338, .T. );
#6672 = EDGE_CURVE( '', #8305, #8339, #8340, .T. );
#6673 = EDGE_CURVE( '', #7671, #8339, #8341, .T. );
#6674 = EDGE_CURVE( '', #7823, #8331, #8342, .T. );
#6675 = FILL_AREA_STYLE( '', ( #8343 ) );
#6676 = EDGE_CURVE( '', #7554, #8344, #8345, .T. );
#6677 = EDGE_CURVE( '', #8346, #7558, #8347, .T. );
#6678 = EDGE_CURVE( '', #8344, #8346, #8348, .T. );
#6679 = FILL_AREA_STYLE( '', ( #8349 ) );
#6680 = EDGE_CURVE( '', #8350, #7506, #8351, .T. );
#6681 = EDGE_CURVE( '', #8350, #7240, #8352, .T. );
#6682 = EDGE_CURVE( '', #7836, #7508, #8353, .T. );
#6683 = FILL_AREA_STYLE( '', ( #8354 ) );
#6684 = EDGE_CURVE( '', #8071, #7584, #8355, .T. );
#6685 = EDGE_CURVE( '', #8072, #7587, #8356, .T. );
#6686 = FILL_AREA_STYLE( '', ( #8357 ) );
#6687 = EDGE_CURVE( '', #8122, #7479, #8358, .T. );
#6688 = EDGE_CURVE( '', #8124, #7481, #8359, .T. );
#6689 = FILL_AREA_STYLE( '', ( #8360 ) );
#6690 = EDGE_CURVE( '', #8361, #8362, #8363, .T. );
#6691 = EDGE_CURVE( '', #8183, #8362, #8364, .T. );
#6692 = EDGE_CURVE( '', #8181, #8361, #8365, .T. );
#6693 = FILL_AREA_STYLE( '', ( #8366 ) );
#6694 = EDGE_CURVE( '', #8367, #7455, #8368, .T. );
#6695 = EDGE_CURVE( '', #8367, #8369, #8370, .T. );
#6696 = EDGE_CURVE( '', #8369, #7457, #8371, .T. );
#6697 = FILL_AREA_STYLE( '', ( #8372 ) );
#6698 = EDGE_CURVE( '', #8276, #7245, #8373, .T. );
#6699 = FILL_AREA_STYLE( '', ( #8374 ) );
#6700 = EDGE_CURVE( '', #8237, #7202, #8375, .T. );
#6701 = EDGE_CURVE( '', #8376, #8017, #8377, .T. );
#6702 = EDGE_CURVE( '', #8376, #7982, #8378, .T. );
#6703 = FILL_AREA_STYLE( '', ( #8379 ) );
#6704 = EDGE_CURVE( '', #8367, #7978, #8380, .T. );
#6705 = EDGE_CURVE( '', #8381, #7454, #8382, .T. );
#6706 = EDGE_CURVE( '', #8381, #8383, #8384, .T. );
#6707 = EDGE_CURVE( '', #8383, #7463, #8385, .T. );
#6708 = FILL_AREA_STYLE( '', ( #8386 ) );
#6709 = EDGE_CURVE( '', #7175, #8387, #8388, .F. );
#6710 = EDGE_CURVE( '', #8387, #8292, #8389, .F. );
#6711 = EDGE_CURVE( '', #7875, #8390, #8391, .T. );
#6712 = EDGE_CURVE( '', #8392, #7873, #8393, .T. );
#6713 = EDGE_CURVE( '', #8390, #8392, #8394, .T. );
#6714 = FILL_AREA_STYLE( '', ( #8395 ) );
#6715 = FILL_AREA_STYLE( '', ( #8396 ) );
#6716 = EDGE_CURVE( '', #7225, #8230, #8397, .T. );
#6717 = FILL_AREA_STYLE( '', ( #8398 ) );
#6718 = EDGE_CURVE( '', #8399, #7417, #8400, .T. );
#6719 = EDGE_CURVE( '', #7991, #8399, #8401, .T. );
#6720 = FILL_AREA_STYLE( '', ( #8402 ) );
#6721 = FILL_AREA_STYLE( '', ( #8403 ) );
#6722 = EDGE_CURVE( '', #8362, #8404, #8405, .T. );
#6723 = EDGE_CURVE( '', #8174, #8404, #8406, .T. );
#6724 = FILL_AREA_STYLE( '', ( #8407 ) );
#6725 = EDGE_CURVE( '', #7693, #8260, #8408, .T. );
#6726 = EDGE_CURVE( '', #7695, #8262, #8409, .T. );
#6727 = FILL_AREA_STYLE( '', ( #8410 ) );
#6728 = EDGE_CURVE( '', #8067, #8035, #8411, .T. );
#6729 = FILL_AREA_STYLE( '', ( #8412 ) );
#6730 = EDGE_CURVE( '', #7887, #8413, #8414, .T. );
#6731 = EDGE_CURVE( '', #8413, #8415, #8416, .T. );
#6732 = EDGE_CURVE( '', #8415, #8417, #8418, .T. );
#6733 = EDGE_CURVE( '', #8417, #8419, #8420, .T. );
#6734 = EDGE_CURVE( '', #8421, #8419, #8422, .T. );
#6735 = EDGE_CURVE( '', #8421, #7830, #8423, .T. );
#6736 = EDGE_CURVE( '', #7828, #7810, #8424, .T. );
#6737 = FILL_AREA_STYLE( '', ( #8425 ) );
#6738 = EDGE_CURVE( '', #7247, #8274, #8426, .T. );
#6739 = FILL_AREA_STYLE( '', ( #8427 ) );
#6740 = EDGE_CURVE( '', #8428, #7731, #8429, .T. );
#6741 = EDGE_CURVE( '', #8428, #8430, #8431, .T. );
#6742 = EDGE_CURVE( '', #8430, #7733, #8432, .T. );
#6743 = FILL_AREA_STYLE( '', ( #8433 ) );
#6744 = EDGE_CURVE( '', #8434, #7741, #8435, .T. );
#6745 = EDGE_CURVE( '', #8434, #7798, #8436, .T. );
#6746 = FILL_AREA_STYLE( '', ( #8437 ) );
#6747 = EDGE_CURVE( '', #8438, #8439, #8440, .T. );
#6748 = EDGE_CURVE( '', #8441, #8439, #8442, .T. );
#6749 = EDGE_CURVE( '', #8443, #8441, #8444, .F. );
#6750 = EDGE_CURVE( '', #8443, #8438, #8445, .T. );
#6751 = FILL_AREA_STYLE( '', ( #8446 ) );
#6752 = EDGE_CURVE( '', #8320, #8447, #8448, .T. );
#6753 = EDGE_CURVE( '', #8447, #8050, #8449, .T. );
#6754 = FILL_AREA_STYLE( '', ( #8450 ) );
#6755 = EDGE_CURVE( '', #7767, #7752, #8451, .T. );
#6756 = EDGE_CURVE( '', #7765, #7754, #8452, .T. );
#6757 = FILL_AREA_STYLE( '', ( #8453 ) );
#6758 = EDGE_CURVE( '', #8454, #8112, #8455, .T. );
#6759 = EDGE_CURVE( '', #8456, #8114, #8457, .F. );
#6760 = EDGE_CURVE( '', #8456, #8454, #8458, .T. );
#6761 = FILL_AREA_STYLE( '', ( #8459 ) );
#6762 = EDGE_CURVE( '', #8460, #8447, #8461, .T. );
#6763 = EDGE_CURVE( '', #8186, #8460, #8462, .T. );
#6764 = EDGE_CURVE( '', #8187, #8463, #8464, .T. );
#6765 = EDGE_CURVE( '', #8465, #8463, #8466, .T. );
#6766 = EDGE_CURVE( '', #8465, #8321, #8467, .T. );
#6767 = FILL_AREA_STYLE( '', ( #8468 ) );
#6768 = EDGE_CURVE( '', #8085, #8417, #8469, .T. );
#6769 = EDGE_CURVE( '', #8087, #8415, #8470, .T. );
#6770 = FILL_AREA_STYLE( '', ( #8471 ) );
#6771 = EDGE_CURVE( '', #7902, #7467, #8472, .T. );
#6772 = EDGE_CURVE( '', #8473, #7465, #8474, .T. );
#6773 = EDGE_CURVE( '', #8473, #8475, #8476, .T. );
#6774 = EDGE_CURVE( '', #8475, #7475, #8477, .T. );
#6775 = FILL_AREA_STYLE( '', ( #8478 ) );
#6776 = EDGE_CURVE( '', #8298, #8479, #8480, .T. );
#6777 = EDGE_CURVE( '', #8479, #8265, #8481, .T. );
#6778 = FILL_AREA_STYLE( '', ( #8482 ) );
#6779 = EDGE_CURVE( '', #8054, #8465, #8483, .T. );
#6780 = FILL_AREA_STYLE( '', ( #8484 ) );
#6781 = EDGE_CURVE( '', #7964, #8485, #8486, .T. );
#6782 = EDGE_CURVE( '', #8102, #8485, #8487, .T. );
#6783 = FILL_AREA_STYLE( '', ( #8488 ) );
#6784 = EDGE_CURVE( '', #7173, #8489, #8490, .T. );
#6785 = EDGE_CURVE( '', #8387, #8489, #8491, .T. );
#6786 = FILL_AREA_STYLE( '', ( #8492 ) );
#6787 = EDGE_CURVE( '', #7348, #7315, #8493, .F. );
#6788 = EDGE_CURVE( '', #7313, #8456, #8494, .F. );
#6789 = EDGE_CURVE( '', #7954, #8495, #8496, .T. );
#6790 = EDGE_CURVE( '', #8495, #8203, #8497, .T. );
#6791 = FILL_AREA_STYLE( '', ( #8498 ) );
#6792 = FILL_AREA_STYLE( '', ( #8499 ) );
#6793 = EDGE_CURVE( '', #8500, #7495, #8501, .T. );
#6794 = EDGE_CURVE( '', #8500, #8502, #8503, .T. );
#6795 = EDGE_CURVE( '', #7497, #8502, #8504, .T. );
#6796 = FILL_AREA_STYLE( '', ( #8505 ) );
#6797 = EDGE_CURVE( '', #8083, #8419, #8506, .T. );
#6798 = FILL_AREA_STYLE( '', ( #8507 ) );
#6799 = EDGE_CURVE( '', #7907, #7469, #8508, .T. );
#6800 = FILL_AREA_STYLE( '', ( #8509 ) );
#6801 = EDGE_CURVE( '', #8510, #8502, #8511, .T. );
#6802 = EDGE_CURVE( '', #8510, #7491, #8512, .T. );
#6803 = EDGE_CURVE( '', #8392, #7489, #8513, .T. );
#6804 = FILL_AREA_STYLE( '', ( #8514 ) );
#6805 = EDGE_CURVE( '', #7702, #8515, #8516, .T. );
#6806 = EDGE_CURVE( '', #8515, #8517, #8518, .T. );
#6807 = EDGE_CURVE( '', #7704, #8517, #8519, .T. );
#6808 = FILL_AREA_STYLE( '', ( #8520 ) );
#6809 = EDGE_CURVE( '', #8521, #8522, #8523, .T. );
#6810 = EDGE_CURVE( '', #8521, #8024, #8524, .T. );
#6811 = EDGE_CURVE( '', #7538, #8023, #8525, .T. );
#6812 = EDGE_CURVE( '', #7539, #8032, #8526, .T. );
#6813 = EDGE_CURVE( '', #8030, #8522, #8527, .T. );
#6814 = FILL_AREA_STYLE( '', ( #8528 ) );
#6815 = EDGE_CURVE( '', #8061, #8529, #8530, .T. );
#6816 = EDGE_CURVE( '', #8063, #8531, #8532, .T. );
#6817 = EDGE_CURVE( '', #8529, #8531, #8533, .T. );
#6818 = FILL_AREA_STYLE( '', ( #8534 ) );
#6819 = EDGE_CURVE( '', #8439, #8093, #8535, .T. );
#6820 = EDGE_CURVE( '', #8441, #8098, #8536, .F. );
#6821 = FILL_AREA_STYLE( '', ( #8537 ) );
#6822 = EDGE_CURVE( '', #8242, #7301, #8538, .T. );
#6823 = EDGE_CURVE( '', #8244, #7306, #8539, .F. );
#6824 = FILL_AREA_STYLE( '', ( #8540 ) );
#6825 = EDGE_CURVE( '', #8303, #8541, #8542, .T. );
#6826 = EDGE_CURVE( '', #8541, #8336, #8543, .T. );
#6827 = FILL_AREA_STYLE( '', ( #8544 ) );
#6828 = EDGE_CURVE( '', #7959, #7283, #8545, .T. );
#6829 = FILL_AREA_STYLE( '', ( #8546 ) );
#6830 = EDGE_CURVE( '', #8547, #8548, #8549, .T. );
#6831 = EDGE_CURVE( '', #8106, #8548, #8550, .T. );
#6832 = EDGE_CURVE( '', #8104, #8547, #8551, .T. );
#6833 = FILL_AREA_STYLE( '', ( #8552 ) );
#6834 = EDGE_CURVE( '', #8553, #8311, #8554, .T. );
#6835 = EDGE_CURVE( '', #8553, #7363, #8555, .T. );
#6836 = FILL_AREA_STYLE( '', ( #8556 ) );
#6837 = EDGE_CURVE( '', #7236, #8557, #8558, .T. );
#6838 = EDGE_CURVE( '', #8557, #8350, #8559, .T. );
#6839 = FILL_AREA_STYLE( '', ( #8560 ) );
#6840 = EDGE_CURVE( '', #8369, #7976, #8561, .T. );
#6841 = FILL_AREA_STYLE( '', ( #8562 ) );
#6842 = EDGE_CURVE( '', #8390, #7487, #8563, .T. );
#6843 = FILL_AREA_STYLE( '', ( #8564 ) );
#6844 = FILL_AREA_STYLE( '', ( #8565 ) );
#6845 = FILL_AREA_STYLE( '', ( #8566 ) );
#6846 = EDGE_CURVE( '', #8383, #8473, #8567, .T. );
#6847 = FILL_AREA_STYLE( '', ( #8568 ) );
#6848 = EDGE_CURVE( '', #8430, #7914, #8569, .T. );
#6849 = EDGE_CURVE( '', #7916, #8428, #8570, .T. );
#6850 = FILL_AREA_STYLE( '', ( #8571 ) );
#6851 = EDGE_CURVE( '', #8548, #7190, #8572, .T. );
#6852 = FILL_AREA_STYLE( '', ( #8573 ) );
#6853 = EDGE_CURVE( '', #8574, #8575, #8576, .T. );
#6854 = EDGE_CURVE( '', #7518, #8575, #8577, .T. );
#6855 = EDGE_CURVE( '', #7516, #8574, #8578, .T. );
#6856 = FILL_AREA_STYLE( '', ( #8579 ) );
#6857 = FILL_AREA_STYLE( '', ( #8580 ) );
#6858 = EDGE_CURVE( '', #7346, #7310, #8581, .T. );
#6859 = FILL_AREA_STYLE( '', ( #8582 ) );
#6860 = EDGE_CURVE( '', #7660, #8583, #8584, .T. );
#6861 = EDGE_CURVE( '', #8583, #7279, #8585, .T. );
#6862 = FILL_AREA_STYLE( '', ( #8586 ) );
#6863 = EDGE_CURVE( '', #7523, #8587, #8588, .T. );
#6864 = EDGE_CURVE( '', #7415, #8587, #8589, .T. );
#6865 = FILL_AREA_STYLE( '', ( #8590 ) );
#6866 = EDGE_CURVE( '', #8144, #8157, #8591, .T. );
#6867 = EDGE_CURVE( '', #8146, #8155, #8592, .T. );
#6868 = FILL_AREA_STYLE( '', ( #8593 ) );
#6869 = EDGE_CURVE( '', #8594, #8361, #8595, .T. );
#6870 = EDGE_CURVE( '', #8179, #8594, #8596, .T. );
#6871 = FILL_AREA_STYLE( '', ( #8597 ) );
#6872 = EDGE_CURVE( '', #8598, #8010, #8599, .T. );
#6873 = EDGE_CURVE( '', #8598, #8600, #8601, .T. );
#6874 = EDGE_CURVE( '', #8600, #8012, #8602, .T. );
#6875 = FILL_AREA_STYLE( '', ( #8603 ) );
#6876 = EDGE_CURVE( '', #7268, #8604, #8605, .T. );
#6877 = EDGE_CURVE( '', #8604, #8606, #8607, .T. );
#6878 = EDGE_CURVE( '', #7270, #8606, #8608, .T. );
#6879 = FILL_AREA_STYLE( '', ( #8609 ) );
#6880 = EDGE_CURVE( '', #8404, #8610, #8611, .T. );
#6881 = EDGE_CURVE( '', #8175, #8610, #8612, .T. );
#6882 = FILL_AREA_STYLE( '', ( #8613 ) );
#6883 = EDGE_CURVE( '', #7562, #8614, #8615, .T. );
#6884 = EDGE_CURVE( '', #7262, #8614, #8616, .T. );
#6885 = FILL_AREA_STYLE( '', ( #8617 ) );
#6886 = EDGE_CURVE( '', #8089, #8413, #8618, .T. );
#6887 = FILL_AREA_STYLE( '', ( #8619 ) );
#6888 = EDGE_CURVE( '', #8620, #8302, #8621, .T. );
#6889 = EDGE_CURVE( '', #8620, #8339, #8622, .T. );
#6890 = FILL_AREA_STYLE( '', ( #8623 ) );
#6891 = EDGE_CURVE( '', #8159, #8142, #8624, .T. );
#6892 = FILL_AREA_STYLE( '', ( #8625 ) );
#6893 = EDGE_CURVE( '', #8626, #8627, #8628, .T. );
#6894 = EDGE_CURVE( '', #8629, #8627, #8630, .T. );
#6895 = EDGE_CURVE( '', #8631, #8629, #8632, .F. );
#6896 = EDGE_CURVE( '', #8631, #8626, #8633, .T. );
#6897 = FILL_AREA_STYLE( '', ( #8634 ) );
#6898 = EDGE_CURVE( '', #8600, #7378, #8635, .T. );
#6899 = FILL_AREA_STYLE( '', ( #8636 ) );
#6900 = EDGE_CURVE( '', #7789, #7783, #8637, .T. );
#6901 = FILL_AREA_STYLE( '', ( #8638 ) );
#6902 = EDGE_CURVE( '', #8166, #8135, #8639, .T. );
#6903 = EDGE_CURVE( '', #8587, #8640, #8641, .T. );
#6904 = EDGE_CURVE( '', #8640, #7364, #8642, .T. );
#6905 = EDGE_CURVE( '', #8313, #8118, #8643, .T. );
#6906 = EDGE_CURVE( '', #7993, #8644, #8645, .T. );
#6907 = EDGE_CURVE( '', #8644, #7414, #8646, .T. );
#6908 = EDGE_CURVE( '', #8463, #8647, #8648, .T. );
#6909 = EDGE_CURVE( '', #8647, #7700, #8649, .T. );
#6910 = EDGE_CURVE( '', #8517, #8650, #8651, .T. );
#6911 = EDGE_CURVE( '', #8650, #8652, #8653, .T. );
#6912 = EDGE_CURVE( '', #8652, #8460, #8654, .T. );
#6913 = FILL_AREA_STYLE( '', ( #8655 ) );
#6914 = EDGE_CURVE( '', #8553, #8640, #8656, .T. );
#6915 = FILL_AREA_STYLE( '', ( #8657 ) );
#6916 = EDGE_CURVE( '', #8399, #8644, #8658, .T. );
#6917 = FILL_AREA_STYLE( '', ( #8659 ) );
#6918 = FILL_AREA_STYLE( '', ( #8660 ) );
#6919 = FILL_AREA_STYLE( '', ( #8661 ) );
#6920 = EDGE_CURVE( '', #8662, #7893, #8663, .T. );
#6921 = EDGE_CURVE( '', #8664, #8662, #8665, .T. );
#6922 = EDGE_CURVE( '', #8664, #7895, #8666, .T. );
#6923 = FILL_AREA_STYLE( '', ( #8667 ) );
#6924 = EDGE_CURVE( '', #8434, #7295, #8668, .T. );
#6925 = EDGE_CURVE( '', #8495, #7746, #8669, .T. );
#6926 = FILL_AREA_STYLE( '', ( #8670 ) );
#6927 = EDGE_CURVE( '', #8671, #8500, #8672, .T. );
#6928 = EDGE_CURVE( '', #8510, #8671, #8673, .T. );
#6929 = FILL_AREA_STYLE( '', ( #8674 ) );
#6930 = FILL_AREA_STYLE( '', ( #8675 ) );
#6931 = FILL_AREA_STYLE( '', ( #8676 ) );
#6932 = EDGE_CURVE( '', #8677, #8678, #8679, .T. );
#6933 = EDGE_CURVE( '', #8677, #8332, #8680, .T. );
#6934 = EDGE_CURVE( '', #8678, #8331, #8681, .T. );
#6935 = FILL_AREA_STYLE( '', ( #8682 ) );
#6936 = EDGE_CURVE( '', #8683, #7567, #8684, .T. );
#6937 = EDGE_CURVE( '', #8685, #8683, #8686, .T. );
#6938 = EDGE_CURVE( '', #7569, #8685, #8687, .T. );
#6939 = FILL_AREA_STYLE( '', ( #8688 ) );
#6940 = EDGE_CURVE( '', #7227, #8228, #8689, .T. );
#6941 = FILL_AREA_STYLE( '', ( #8690 ) );
#6942 = EDGE_CURVE( '', #8691, #8677, #8692, .T. );
#6943 = EDGE_CURVE( '', #8691, #8334, #8693, .T. );
#6944 = FILL_AREA_STYLE( '', ( #8694 ) );
#6945 = EDGE_CURVE( '', #8671, #7493, #8695, .T. );
#6946 = FILL_AREA_STYLE( '', ( #8696 ) );
#6947 = FILL_AREA_STYLE( '', ( #8697 ) );
#6948 = EDGE_CURVE( '', #8685, #8698, #8699, .T. );
#6949 = EDGE_CURVE( '', #8698, #8209, #8700, .T. );
#6950 = EDGE_CURVE( '', #7213, #8207, #8701, .T. );
#6951 = EDGE_CURVE( '', #8001, #8664, #8702, .T. );
#6952 = EDGE_CURVE( '', #8662, #7580, #8703, .T. );
#6953 = EDGE_CURVE( '', #8704, #7948, #8705, .T. );
#6954 = EDGE_CURVE( '', #8704, #7410, #8706, .T. );
#6955 = FILL_AREA_STYLE( '', ( #8707 ) );
#6956 = EDGE_CURVE( '', #8708, #8015, #8709, .T. );
#6957 = EDGE_CURVE( '', #8708, #8376, #8710, .T. );
#6958 = FILL_AREA_STYLE( '', ( #8711 ) );
#6959 = EDGE_CURVE( '', #8598, #7381, #8712, .T. );
#6960 = FILL_AREA_STYLE( '', ( #8713 ) );
#6961 = EDGE_CURVE( '', #8541, #8691, #8714, .T. );
#6962 = FILL_AREA_STYLE( '', ( #8715 ) );
#6963 = FILL_AREA_STYLE( '', ( #8716 ) );
#6964 = EDGE_CURVE( '', #8094, #8438, #8717, .T. );
#6965 = EDGE_CURVE( '', #8096, #8443, #8718, .F. );
#6966 = FILL_AREA_STYLE( '', ( #8719 ) );
#6967 = EDGE_CURVE( '', #7264, #8720, #8721, .T. );
#6968 = EDGE_CURVE( '', #8720, #8722, #8723, .T. );
#6969 = EDGE_CURVE( '', #7266, #8722, #8724, .T. );
#6970 = FILL_AREA_STYLE( '', ( #8725 ) );
#6971 = EDGE_CURVE( '', #8614, #8720, #8726, .T. );
#6972 = FILL_AREA_STYLE( '', ( #8727 ) );
#6973 = EDGE_CURVE( '', #7619, #8574, #8728, .T. );
#6974 = FILL_AREA_STYLE( '', ( #8729 ) );
#6975 = EDGE_CURVE( '', #8489, #8290, #8730, .T. );
#6976 = FILL_AREA_STYLE( '', ( #8731 ) );
#6977 = EDGE_CURVE( '', #7639, #8626, #8732, .T. );
#6978 = EDGE_CURVE( '', #7641, #8631, #8733, .T. );
#6979 = FILL_AREA_STYLE( '', ( #8734 ) );
#6980 = FILL_AREA_STYLE( '', ( #8735 ) );
#6981 = EDGE_CURVE( '', #8736, #8219, #8737, .T. );
#6982 = EDGE_CURVE( '', #8736, #8738, #8739, .T. );
#6983 = EDGE_CURVE( '', #8738, #8740, #8741, .T. );
#6984 = EDGE_CURVE( '', #8740, #8742, #8743, .T. );
#6985 = EDGE_CURVE( '', #8742, #7553, #8744, .T. );
#6986 = EDGE_CURVE( '', #8344, #7860, #8745, .T. );
#6987 = FILL_AREA_STYLE( '', ( #8746 ) );
#6988 = FILL_AREA_STYLE( '', ( #8747 ) );
#6989 = EDGE_CURVE( '', #8153, #8148, #8748, .T. );
#6990 = EDGE_CURVE( '', #8627, #7645, #8749, .T. );
#6991 = EDGE_CURVE( '', #8485, #8547, #8750, .T. );
#6992 = EDGE_CURVE( '', #8610, #8751, #8752, .T. );
#6993 = EDGE_CURVE( '', #8751, #8594, #8753, .T. );
#6994 = EDGE_CURVE( '', #7311, #8454, #8754, .T. );
#6995 = EDGE_CURVE( '', #7302, #8241, #8755, .T. );
#6996 = EDGE_CURVE( '', #8575, #7618, #8756, .T. );
#6997 = EDGE_CURVE( '', #8757, #7997, #8758, .T. );
#6998 = EDGE_CURVE( '', #7676, #8757, #8759, .T. );
#6999 = FILL_AREA_STYLE( '', ( #8760 ) );
#7000 = FILL_AREA_STYLE( '', ( #8761 ) );
#7001 = FILL_AREA_STYLE( '', ( #8762 ) );
#7002 = EDGE_CURVE( '', #8629, #7647, #8763, .T. );
#7003 = EDGE_CURVE( '', #8475, #8381, #8764, .T. );
#7004 = FILL_AREA_STYLE( '', ( #8765 ) );
#7005 = EDGE_CURVE( '', #7927, #7717, #8766, .T. );
#7006 = EDGE_CURVE( '', #7327, #7716, #8767, .T. );
#7007 = FILL_AREA_STYLE( '', ( #8768 ) );
#7008 = FILL_AREA_STYLE( '', ( #8769 ) );
#7009 = EDGE_CURVE( '', #8189, #8652, #8770, .T. );
#7010 = FILL_AREA_STYLE( '', ( #8771 ) );
#7011 = FILL_AREA_STYLE( '', ( #8772 ) );
#7012 = FILL_AREA_STYLE( '', ( #8773 ) );
#7013 = EDGE_CURVE( '', #8515, #8774, #8775, .T. );
#7014 = EDGE_CURVE( '', #8650, #8774, #8776, .T. );
#7015 = FILL_AREA_STYLE( '', ( #8777 ) );
#7016 = EDGE_CURVE( '', #8778, #8522, #8779, .T. );
#7017 = EDGE_CURVE( '', #8780, #8778, #8781, .T. );
#7018 = EDGE_CURVE( '', #8521, #8780, #8782, .T. );
#7019 = FILL_AREA_STYLE( '', ( #8783 ) );
#7020 = FILL_AREA_STYLE( '', ( #8784 ) );
#7021 = FILL_AREA_STYLE( '', ( #8785 ) );
#7022 = EDGE_CURVE( '', #7320, #8757, #8786, .T. );
#7023 = FILL_AREA_STYLE( '', ( #8787 ) );
#7024 = FILL_AREA_STYLE( '', ( #8788 ) );
#7025 = EDGE_CURVE( '', #7946, #8789, #8790, .T. );
#7026 = EDGE_CURVE( '', #8704, #8789, #8791, .T. );
#7027 = FILL_AREA_STYLE( '', ( #8792 ) );
#7028 = EDGE_CURVE( '', #8529, #8793, #8794, .T. );
#7029 = EDGE_CURVE( '', #8793, #8795, #8796, .T. );
#7030 = EDGE_CURVE( '', #8795, #7818, #8797, .T. );
#7031 = FILL_AREA_STYLE( '', ( #8798 ) );
#7032 = EDGE_CURVE( '', #7406, #8789, #8799, .T. );
#7033 = FILL_AREA_STYLE( '', ( #8800 ) );
#7034 = FILL_AREA_STYLE( '', ( #8801 ) );
#7035 = EDGE_CURVE( '', #8802, #7657, #8803, .T. );
#7036 = EDGE_CURVE( '', #8802, #8583, #8804, .T. );
#7037 = FILL_AREA_STYLE( '', ( #8805 ) );
#7038 = EDGE_CURVE( '', #8736, #8806, #8807, .T. );
#7039 = EDGE_CURVE( '', #8217, #8806, #8808, .T. );
#7040 = FILL_AREA_STYLE( '', ( #8809 ) );
#7041 = FILL_AREA_STYLE( '', ( #8810 ) );
#7042 = EDGE_CURVE( '', #8191, #8647, #8811, .T. );
#7043 = FILL_AREA_STYLE( '', ( #8812 ) );
#7044 = EDGE_CURVE( '', #7304, #8246, #8813, .F. );
#7045 = FILL_AREA_STYLE( '', ( #8814 ) );
#7046 = EDGE_CURVE( '', #8815, #7820, #8816, .T. );
#7047 = EDGE_CURVE( '', #8817, #8815, #8818, .T. );
#7048 = EDGE_CURVE( '', #8531, #8817, #8819, .T. );
#7049 = EDGE_CURVE( '', #8820, #8211, #8821, .T. );
#7050 = EDGE_CURVE( '', #8822, #8820, #8823, .T. );
#7051 = EDGE_CURVE( '', #8606, #8822, #8824, .T. );
#7052 = EDGE_CURVE( '', #8722, #8604, #8825, .T. );
#7053 = FILL_AREA_STYLE( '', ( #8826 ) );
#7054 = EDGE_CURVE( '', #8795, #8815, #8827, .T. );
#7055 = FILL_AREA_STYLE( '', ( #8828 ) );
#7056 = EDGE_CURVE( '', #8557, #7503, #8829, .T. );
#7057 = FILL_AREA_STYLE( '', ( #8830 ) );
#7058 = EDGE_CURVE( '', #7275, #8802, #8831, .T. );
#7059 = FILL_AREA_STYLE( '', ( #8832 ) );
#7060 = EDGE_CURVE( '', #7699, #8774, #8833, .T. );
#7061 = FILL_AREA_STYLE( '', ( #8834 ) );
#7062 = FILL_AREA_STYLE( '', ( #8835 ) );
#7063 = EDGE_CURVE( '', #8283, #8836, #8837, .T. );
#7064 = EDGE_CURVE( '', #8254, #8836, #8838, .T. );
#7065 = FILL_AREA_STYLE( '', ( #8839 ) );
#7066 = EDGE_CURVE( '', #8081, #8421, #8840, .T. );
#7067 = FILL_AREA_STYLE( '', ( #8841 ) );
#7068 = EDGE_CURVE( '', #8040, #8836, #8842, .T. );
#7069 = FILL_AREA_STYLE( '', ( #8843 ) );
#7070 = EDGE_CURVE( '', #8844, #8806, #8845, .T. );
#7071 = EDGE_CURVE( '', #8738, #8844, #8846, .T. );
#7072 = FILL_AREA_STYLE( '', ( #8847 ) );
#7073 = FILL_AREA_STYLE( '', ( #8848 ) );
#7074 = EDGE_CURVE( '', #8678, #7826, #8849, .T. );
#7075 = EDGE_CURVE( '', #8620, #7667, #8850, .T. );
#7076 = FILL_AREA_STYLE( '', ( #8851 ) );
#7077 = EDGE_CURVE( '', #8177, #8751, #8852, .T. );
#7078 = FILL_AREA_STYLE( '', ( #8853 ) );
#7079 = EDGE_CURVE( '', #8854, #8296, #8855, .T. );
#7080 = EDGE_CURVE( '', #8479, #8854, #8856, .T. );
#7081 = FILL_AREA_STYLE( '', ( #8857 ) );
#7082 = FILL_AREA_STYLE( '', ( #8858 ) );
#7083 = EDGE_CURVE( '', #8854, #8250, #8859, .T. );
#7084 = FILL_AREA_STYLE( '', ( #8860 ) );
#7085 = FILL_AREA_STYLE( '', ( #8861 ) );
#7086 = FILL_AREA_STYLE( '', ( #8862 ) );
#7087 = EDGE_CURVE( '', #7985, #8708, #8863, .T. );
#7088 = FILL_AREA_STYLE( '', ( #8864 ) );
#7089 = FILL_AREA_STYLE( '', ( #8865 ) );
#7090 = EDGE_CURVE( '', #8742, #8866, #8867, .T. );
#7091 = EDGE_CURVE( '', #7556, #8866, #8868, .T. );
#7092 = FILL_AREA_STYLE( '', ( #8869 ) );
#7093 = FILL_AREA_STYLE( '', ( #8870 ) );
#7094 = FILL_AREA_STYLE( '', ( #8871 ) );
#7095 = FILL_AREA_STYLE( '', ( #8872 ) );
#7096 = FILL_AREA_STYLE( '', ( #8873 ) );
#7097 = EDGE_CURVE( '', #8698, #8820, #8874, .T. );
#7098 = FILL_AREA_STYLE( '', ( #8875 ) );
#7099 = FILL_AREA_STYLE( '', ( #8876 ) );
#7100 = EDGE_CURVE( '', #8793, #8817, #8877, .T. );
#7101 = FILL_AREA_STYLE( '', ( #8878 ) );
#7102 = EDGE_CURVE( '', #8740, #8879, #8880, .T. );
#7103 = EDGE_CURVE( '', #8866, #8879, #8881, .T. );
#7104 = FILL_AREA_STYLE( '', ( #8882 ) );
#7105 = FILL_AREA_STYLE( '', ( #8883 ) );
#7106 = FILL_AREA_STYLE( '', ( #8884 ) );
#7107 = FILL_AREA_STYLE( '', ( #8885 ) );
#7108 = FILL_AREA_STYLE( '', ( #8886 ) );
#7109 = FILL_AREA_STYLE( '', ( #8887 ) );
#7110 = FILL_AREA_STYLE( '', ( #8888 ) );
#7111 = EDGE_CURVE( '', #7844, #8683, #8889, .T. );
#7112 = EDGE_CURVE( '', #7504, #7842, #8890, .T. );
#7113 = EDGE_CURVE( '', #7253, #8822, #8891, .T. );
#7114 = FILL_AREA_STYLE( '', ( #8892 ) );
#7115 = FILL_AREA_STYLE( '', ( #8893 ) );
#7116 = FILL_AREA_STYLE( '', ( #8894 ) );
#7117 = EDGE_CURVE( '', #8780, #8026, #8895, .T. );
#7118 = EDGE_CURVE( '', #8778, #8028, #8896, .T. );
#7119 = FILL_AREA_STYLE( '', ( #8897 ) );
#7120 = FILL_AREA_STYLE( '', ( #8898 ) );
#7121 = EDGE_CURVE( '', #7862, #8346, #8899, .T. );
#7122 = FILL_AREA_STYLE( '', ( #8900 ) );
#7123 = FILL_AREA_STYLE( '', ( #8901 ) );
#7124 = EDGE_CURVE( '', #8879, #8844, #8902, .T. );
#7125 = FILL_AREA_STYLE( '', ( #8903 ) );
#7126 = FILL_AREA_STYLE( '', ( #8904 ) );
#7127 = FILL_AREA_STYLE( '', ( #8905 ) );
#7128 = FILL_AREA_STYLE( '', ( #8906 ) );
#7129 = FILL_AREA_STYLE( '', ( #8907 ) );
#7130 = FILL_AREA_STYLE( '', ( #8908 ) );
#7131 = FILL_AREA_STYLE( '', ( #8909 ) );
#7132 = FILL_AREA_STYLE( '', ( #8910 ) );
#7133 = FILL_AREA_STYLE( '', ( #8911 ) );
#7134 = FILL_AREA_STYLE( '', ( #8912 ) );
#7135 = FILL_AREA_STYLE( '', ( #8913 ) );
#7136 = FILL_AREA_STYLE_COLOUR( '', #8914 );
#7137 = VERTEX_POINT( '', #8915 );
#7138 = VERTEX_POINT( '', #8916 );
#7139 = LINE( '', #8917, #8918 );
#7140 = VERTEX_POINT( '', #8919 );
#7141 = LINE( '', #8920, #8921 );
#7142 = VERTEX_POINT( '', #8922 );
#7143 = LINE( '', #8923, #8924 );
#7144 = LINE( '', #8925, #8926 );
#7145 = FILL_AREA_STYLE_COLOUR( '', #8927 );
#7146 = VERTEX_POINT( '', #8928 );
#7147 = VERTEX_POINT( '', #8929 );
#7148 = LINE( '', #8930, #8931 );
#7149 = VERTEX_POINT( '', #8932 );
#7150 = LINE( '', #8933, #8934 );
#7151 = VERTEX_POINT( '', #8935 );
#7152 = LINE( '', #8936, #8937 );
#7153 = LINE( '', #8938, #8939 );
#7154 = FILL_AREA_STYLE_COLOUR( '', #8940 );
#7155 = VERTEX_POINT( '', #8941 );
#7156 = VERTEX_POINT( '', #8942 );
#7157 = LINE( '', #8943, #8944 );
#7158 = VERTEX_POINT( '', #8945 );
#7159 = LINE( '', #8946, #8947 );
#7160 = VERTEX_POINT( '', #8948 );
#7161 = LINE( '', #8949, #8950 );
#7162 = VERTEX_POINT( '', #8951 );
#7163 = LINE( '', #8952, #8953 );
#7164 = VERTEX_POINT( '', #8954 );
#7165 = LINE( '', #8955, #8956 );
#7166 = VERTEX_POINT( '', #8957 );
#7167 = LINE( '', #8958, #8959 );
#7168 = VERTEX_POINT( '', #8960 );
#7169 = LINE( '', #8961, #8962 );
#7170 = LINE( '', #8963, #8964 );
#7171 = FILL_AREA_STYLE_COLOUR( '', #8965 );
#7172 = VERTEX_POINT( '', #8966 );
#7173 = VERTEX_POINT( '', #8967 );
#7174 = LINE( '', #8968, #8969 );
#7175 = VERTEX_POINT( '', #8970 );
#7176 = LINE( '', #8971, #8972 );
#7177 = VERTEX_POINT( '', #8973 );
#7178 = LINE( '', #8974, #8975 );
#7179 = LINE( '', #8976, #8977 );
#7180 = FILL_AREA_STYLE_COLOUR( '', #8978 );
#7181 = VERTEX_POINT( '', #8979 );
#7182 = VERTEX_POINT( '', #8980 );
#7183 = LINE( '', #8981, #8982 );
#7184 = VERTEX_POINT( '', #8983 );
#7185 = LINE( '', #8984, #8985 );
#7186 = VERTEX_POINT( '', #8986 );
#7187 = LINE( '', #8987, #8988 );
#7188 = LINE( '', #8989, #8990 );
#7189 = FILL_AREA_STYLE_COLOUR( '', #8991 );
#7190 = VERTEX_POINT( '', #8992 );
#7191 = VERTEX_POINT( '', #8993 );
#7192 = LINE( '', #8994, #8995 );
#7193 = VERTEX_POINT( '', #8996 );
#7194 = LINE( '', #8997, #8998 );
#7195 = VERTEX_POINT( '', #8999 );
#7196 = LINE( '', #9000, #9001 );
#7197 = LINE( '', #9002, #9003 );
#7198 = FILL_AREA_STYLE_COLOUR( '', #9004 );
#7199 = VERTEX_POINT( '', #9005 );
#7200 = VERTEX_POINT( '', #9006 );
#7201 = LINE( '', #9007, #9008 );
#7202 = VERTEX_POINT( '', #9009 );
#7203 = LINE( '', #9010, #9011 );
#7204 = VERTEX_POINT( '', #9012 );
#7205 = LINE( '', #9013, #9014 );
#7206 = LINE( '', #9015, #9016 );
#7207 = FILL_AREA_STYLE_COLOUR( '', #9017 );
#7208 = VERTEX_POINT( '', #9018 );
#7209 = VERTEX_POINT( '', #9019 );
#7210 = LINE( '', #9020, #9021 );
#7211 = VERTEX_POINT( '', #9022 );
#7212 = LINE( '', #9023, #9024 );
#7213 = VERTEX_POINT( '', #9025 );
#7214 = LINE( '', #9026, #9027 );
#7215 = LINE( '', #9028, #9029 );
#7216 = FILL_AREA_STYLE_COLOUR( '', #9030 );
#7217 = VERTEX_POINT( '', #9031 );
#7218 = VERTEX_POINT( '', #9032 );
#7219 = LINE( '', #9033, #9034 );
#7220 = VERTEX_POINT( '', #9035 );
#7221 = CIRCLE( '', #9036, 0.0200000000000000 );
#7222 = VERTEX_POINT( '', #9037 );
#7223 = LINE( '', #9038, #9039 );
#7224 = LINE( '', #9040, #9041 );
#7225 = VERTEX_POINT( '', #9042 );
#7226 = LINE( '', #9043, #9044 );
#7227 = VERTEX_POINT( '', #9045 );
#7228 = LINE( '', #9046, #9047 );
#7229 = VERTEX_POINT( '', #9048 );
#7230 = CIRCLE( '', #9049, 0.0360000000000000 );
#7231 = VERTEX_POINT( '', #9050 );
#7232 = LINE( '', #9051, #9052 );
#7233 = LINE( '', #9053, #9054 );
#7234 = FILL_AREA_STYLE_COLOUR( '', #9055 );
#7235 = VERTEX_POINT( '', #9056 );
#7236 = VERTEX_POINT( '', #9057 );
#7237 = LINE( '', #9058, #9059 );
#7238 = VERTEX_POINT( '', #9060 );
#7239 = LINE( '', #9061, #9062 );
#7240 = VERTEX_POINT( '', #9063 );
#7241 = LINE( '', #9064, #9065 );
#7242 = LINE( '', #9066, #9067 );
#7243 = FILL_AREA_STYLE_COLOUR( '', #9068 );
#7244 = VERTEX_POINT( '', #9069 );
#7245 = VERTEX_POINT( '', #9070 );
#7246 = LINE( '', #9071, #9072 );
#7247 = VERTEX_POINT( '', #9073 );
#7248 = LINE( '', #9074, #9075 );
#7249 = VERTEX_POINT( '', #9076 );
#7250 = LINE( '', #9077, #9078 );
#7251 = LINE( '', #9079, #9080 );
#7252 = FILL_AREA_STYLE_COLOUR( '', #9081 );
#7253 = VERTEX_POINT( '', #9082 );
#7254 = VERTEX_POINT( '', #9083 );
#7255 = LINE( '', #9084, #9085 );
#7256 = VERTEX_POINT( '', #9086 );
#7257 = LINE( '', #9087, #9088 );
#7258 = VERTEX_POINT( '', #9089 );
#7259 = LINE( '', #9090, #9091 );
#7260 = VERTEX_POINT( '', #9092 );
#7261 = CIRCLE( '', #9093, 0.0200000000000000 );
#7262 = VERTEX_POINT( '', #9094 );
#7263 = LINE( '', #9095, #9096 );
#7264 = VERTEX_POINT( '', #9097 );
#7265 = LINE( '', #9098, #9099 );
#7266 = VERTEX_POINT( '', #9100 );
#7267 = LINE( '', #9101, #9102 );
#7268 = VERTEX_POINT( '', #9103 );
#7269 = LINE( '', #9104, #9105 );
#7270 = VERTEX_POINT( '', #9106 );
#7271 = LINE( '', #9107, #9108 );
#7272 = CIRCLE( '', #9109, 0.0360000000000000 );
#7273 = FILL_AREA_STYLE_COLOUR( '', #9110 );
#7274 = VERTEX_POINT( '', #9111 );
#7275 = VERTEX_POINT( '', #9112 );
#7276 = LINE( '', #9113, #9114 );
#7277 = VERTEX_POINT( '', #9115 );
#7278 = LINE( '', #9116, #9117 );
#7279 = VERTEX_POINT( '', #9118 );
#7280 = LINE( '', #9119, #9120 );
#7281 = LINE( '', #9121, #9122 );
#7282 = FILL_AREA_STYLE_COLOUR( '', #9123 );
#7283 = VERTEX_POINT( '', #9124 );
#7284 = VERTEX_POINT( '', #9125 );
#7285 = LINE( '', #9126, #9127 );
#7286 = VERTEX_POINT( '', #9128 );
#7287 = LINE( '', #9129, #9130 );
#7288 = VERTEX_POINT( '', #9131 );
#7289 = LINE( '', #9132, #9133 );
#7290 = LINE( '', #9134, #9135 );
#7291 = FILL_AREA_STYLE_COLOUR( '', #9136 );
#7292 = VERTEX_POINT( '', #9137 );
#7293 = VERTEX_POINT( '', #9138 );
#7294 = LINE( '', #9139, #9140 );
#7295 = VERTEX_POINT( '', #9141 );
#7296 = LINE( '', #9142, #9143 );
#7297 = VERTEX_POINT( '', #9144 );
#7298 = LINE( '', #9145, #9146 );
#7299 = LINE( '', #9147, #9148 );
#7300 = FILL_AREA_STYLE_COLOUR( '', #9149 );
#7301 = VERTEX_POINT( '', #9150 );
#7302 = VERTEX_POINT( '', #9151 );
#7303 = LINE( '', #9152, #9153 );
#7304 = VERTEX_POINT( '', #9154 );
#7305 = LINE( '', #9155, #9156 );
#7306 = VERTEX_POINT( '', #9157 );
#7307 = LINE( '', #9158, #9159 );
#7308 = LINE( '', #9160, #9161 );
#7309 = FILL_AREA_STYLE_COLOUR( '', #9162 );
#7310 = VERTEX_POINT( '', #9163 );
#7311 = VERTEX_POINT( '', #9164 );
#7312 = CIRCLE( '', #9165, 0.0150000000000000 );
#7313 = VERTEX_POINT( '', #9166 );
#7314 = LINE( '', #9167, #9168 );
#7315 = VERTEX_POINT( '', #9169 );
#7316 = CIRCLE( '', #9170, 0.0126436117000000 );
#7317 = LINE( '', #9171, #9172 );
#7318 = FILL_AREA_STYLE_COLOUR( '', #9173 );
#7319 = VERTEX_POINT( '', #9174 );
#7320 = VERTEX_POINT( '', #9175 );
#7321 = LINE( '', #9176, #9177 );
#7322 = VERTEX_POINT( '', #9178 );
#7323 = LINE( '', #9179, #9180 );
#7324 = VERTEX_POINT( '', #9181 );
#7325 = LINE( '', #9182, #9183 );
#7326 = LINE( '', #9184, #9185 );
#7327 = VERTEX_POINT( '', #9186 );
#7328 = VERTEX_POINT( '', #9187 );
#7329 = LINE( '', #9188, #9189 );
#7330 = VERTEX_POINT( '', #9190 );
#7331 = LINE( '', #9191, #9192 );
#7332 = VERTEX_POINT( '', #9193 );
#7333 = LINE( '', #9194, #9195 );
#7334 = LINE( '', #9196, #9197 );
#7335 = FILL_AREA_STYLE_COLOUR( '', #9198 );
#7336 = VERTEX_POINT( '', #9199 );
#7337 = VERTEX_POINT( '', #9200 );
#7338 = LINE( '', #9201, #9202 );
#7339 = VERTEX_POINT( '', #9203 );
#7340 = LINE( '', #9204, #9205 );
#7341 = VERTEX_POINT( '', #9206 );
#7342 = LINE( '', #9207, #9208 );
#7343 = LINE( '', #9209, #9210 );
#7344 = FILL_AREA_STYLE_COLOUR( '', #9211 );
#7345 = VERTEX_POINT( '', #9212 );
#7346 = VERTEX_POINT( '', #9213 );
#7347 = CIRCLE( '', #9214, 0.0150000000000000 );
#7348 = VERTEX_POINT( '', #9215 );
#7349 = LINE( '', #9216, #9217 );
#7350 = VERTEX_POINT( '', #9218 );
#7351 = CIRCLE( '', #9219, 0.0126436117000000 );
#7352 = LINE( '', #9220, #9221 );
#7353 = FILL_AREA_STYLE_COLOUR( '', #9222 );
#7354 = VERTEX_POINT( '', #9223 );
#7355 = VERTEX_POINT( '', #9224 );
#7356 = LINE( '', #9225, #9226 );
#7357 = VERTEX_POINT( '', #9227 );
#7358 = LINE( '', #9228, #9229 );
#7359 = VERTEX_POINT( '', #9230 );
#7360 = LINE( '', #9231, #9232 );
#7361 = LINE( '', #9233, #9234 );
#7362 = FILL_AREA_STYLE_COLOUR( '', #9235 );
#7363 = VERTEX_POINT( '', #9236 );
#7364 = VERTEX_POINT( '', #9237 );
#7365 = LINE( '', #9238, #9239 );
#7366 = VERTEX_POINT( '', #9240 );
#7367 = LINE( '', #9241, #9242 );
#7368 = VERTEX_POINT( '', #9243 );
#7369 = LINE( '', #9244, #9245 );
#7370 = LINE( '', #9246, #9247 );
#7371 = FILL_AREA_STYLE_COLOUR( '', #9248 );
#7372 = VERTEX_POINT( '', #9249 );
#7373 = LINE( '', #9250, #9251 );
#7374 = VERTEX_POINT( '', #9252 );
#7375 = LINE( '', #9253, #9254 );
#7376 = LINE( '', #9255, #9256 );
#7377 = FILL_AREA_STYLE_COLOUR( '', #9257 );
#7378 = VERTEX_POINT( '', #9258 );
#7379 = VERTEX_POINT( '', #9259 );
#7380 = LINE( '', #9260, #9261 );
#7381 = VERTEX_POINT( '', #9262 );
#7382 = LINE( '', #9263, #9264 );
#7383 = VERTEX_POINT( '', #9265 );
#7384 = LINE( '', #9266, #9267 );
#7385 = LINE( '', #9268, #9269 );
#7386 = FILL_AREA_STYLE_COLOUR( '', #9270 );
#7387 = VERTEX_POINT( '', #9271 );
#7388 = VERTEX_POINT( '', #9272 );
#7389 = LINE( '', #9273, #9274 );
#7390 = VERTEX_POINT( '', #9275 );
#7391 = CIRCLE( '', #9276, 0.0200000000000000 );
#7392 = VERTEX_POINT( '', #9277 );
#7393 = LINE( '', #9278, #9279 );
#7394 = CIRCLE( '', #9280, 0.0200000000000000 );
#7395 = FILL_AREA_STYLE_COLOUR( '', #9281 );
#7396 = VERTEX_POINT( '', #9282 );
#7397 = VERTEX_POINT( '', #9283 );
#7398 = LINE( '', #9284, #9285 );
#7399 = VERTEX_POINT( '', #9286 );
#7400 = LINE( '', #9287, #9288 );
#7401 = VERTEX_POINT( '', #9289 );
#7402 = LINE( '', #9290, #9291 );
#7403 = LINE( '', #9292, #9293 );
#7404 = FILL_AREA_STYLE_COLOUR( '', #9294 );
#7405 = VERTEX_POINT( '', #9295 );
#7406 = VERTEX_POINT( '', #9296 );
#7407 = LINE( '', #9297, #9298 );
#7408 = VERTEX_POINT( '', #9299 );
#7409 = LINE( '', #9300, #9301 );
#7410 = VERTEX_POINT( '', #9302 );
#7411 = LINE( '', #9303, #9304 );
#7412 = LINE( '', #9305, #9306 );
#7413 = FILL_AREA_STYLE_COLOUR( '', #9307 );
#7414 = VERTEX_POINT( '', #9308 );
#7415 = VERTEX_POINT( '', #9309 );
#7416 = LINE( '', #9310, #9311 );
#7417 = VERTEX_POINT( '', #9312 );
#7418 = LINE( '', #9313, #9314 );
#7419 = VERTEX_POINT( '', #9315 );
#7420 = LINE( '', #9316, #9317 );
#7421 = VERTEX_POINT( '', #9318 );
#7422 = LINE( '', #9319, #9320 );
#7423 = VERTEX_POINT( '', #9321 );
#7424 = LINE( '', #9322, #9323 );
#7425 = VERTEX_POINT( '', #9324 );
#7426 = LINE( '', #9325, #9326 );
#7427 = VERTEX_POINT( '', #9327 );
#7428 = LINE( '', #9328, #9329 );
#7429 = LINE( '', #9330, #9331 );
#7430 = FILL_AREA_STYLE_COLOUR( '', #9332 );
#7431 = VERTEX_POINT( '', #9333 );
#7432 = VERTEX_POINT( '', #9334 );
#7433 = LINE( '', #9335, #9336 );
#7434 = VERTEX_POINT( '', #9337 );
#7435 = LINE( '', #9338, #9339 );
#7436 = VERTEX_POINT( '', #9340 );
#7437 = LINE( '', #9341, #9342 );
#7438 = LINE( '', #9343, #9344 );
#7439 = FILL_AREA_STYLE_COLOUR( '', #9345 );
#7440 = VERTEX_POINT( '', #9346 );
#7441 = LINE( '', #9347, #9348 );
#7442 = VERTEX_POINT( '', #9349 );
#7443 = LINE( '', #9350, #9351 );
#7444 = LINE( '', #9352, #9353 );
#7445 = FILL_AREA_STYLE_COLOUR( '', #9354 );
#7446 = VERTEX_POINT( '', #9355 );
#7447 = VERTEX_POINT( '', #9356 );
#7448 = LINE( '', #9357, #9358 );
#7449 = VERTEX_POINT( '', #9359 );
#7450 = LINE( '', #9360, #9361 );
#7451 = VERTEX_POINT( '', #9362 );
#7452 = LINE( '', #9363, #9364 );
#7453 = LINE( '', #9365, #9366 );
#7454 = VERTEX_POINT( '', #9367 );
#7455 = VERTEX_POINT( '', #9368 );
#7456 = LINE( '', #9369, #9370 );
#7457 = VERTEX_POINT( '', #9371 );
#7458 = LINE( '', #9372, #9373 );
#7459 = VERTEX_POINT( '', #9374 );
#7460 = LINE( '', #9375, #9376 );
#7461 = VERTEX_POINT( '', #9377 );
#7462 = LINE( '', #9378, #9379 );
#7463 = VERTEX_POINT( '', #9380 );
#7464 = LINE( '', #9381, #9382 );
#7465 = VERTEX_POINT( '', #9383 );
#7466 = LINE( '', #9384, #9385 );
#7467 = VERTEX_POINT( '', #9386 );
#7468 = LINE( '', #9387, #9388 );
#7469 = VERTEX_POINT( '', #9389 );
#7470 = LINE( '', #9390, #9391 );
#7471 = VERTEX_POINT( '', #9392 );
#7472 = LINE( '', #9393, #9394 );
#7473 = VERTEX_POINT( '', #9395 );
#7474 = LINE( '', #9396, #9397 );
#7475 = VERTEX_POINT( '', #9398 );
#7476 = LINE( '', #9399, #9400 );
#7477 = LINE( '', #9401, #9402 );
#7478 = VERTEX_POINT( '', #9403 );
#7479 = VERTEX_POINT( '', #9404 );
#7480 = LINE( '', #9405, #9406 );
#7481 = VERTEX_POINT( '', #9407 );
#7482 = LINE( '', #9408, #9409 );
#7483 = VERTEX_POINT( '', #9410 );
#7484 = LINE( '', #9411, #9412 );
#7485 = VERTEX_POINT( '', #9413 );
#7486 = LINE( '', #9414, #9415 );
#7487 = VERTEX_POINT( '', #9416 );
#7488 = LINE( '', #9417, #9418 );
#7489 = VERTEX_POINT( '', #9419 );
#7490 = LINE( '', #9420, #9421 );
#7491 = VERTEX_POINT( '', #9422 );
#7492 = LINE( '', #9423, #9424 );
#7493 = VERTEX_POINT( '', #9425 );
#7494 = LINE( '', #9426, #9427 );
#7495 = VERTEX_POINT( '', #9428 );
#7496 = LINE( '', #9429, #9430 );
#7497 = VERTEX_POINT( '', #9431 );
#7498 = LINE( '', #9432, #9433 );
#7499 = VERTEX_POINT( '', #9434 );
#7500 = LINE( '', #9435, #9436 );
#7501 = LINE( '', #9437, #9438 );
#7502 = FILL_AREA_STYLE_COLOUR( '', #9439 );
#7503 = VERTEX_POINT( '', #9440 );
#7504 = VERTEX_POINT( '', #9441 );
#7505 = CIRCLE( '', #9442, 0.0360000000000000 );
#7506 = VERTEX_POINT( '', #9443 );
#7507 = LINE( '', #9444, #9445 );
#7508 = VERTEX_POINT( '', #9446 );
#7509 = CIRCLE( '', #9447, 0.0360000000000000 );
#7510 = LINE( '', #9448, #9449 );
#7511 = FILL_AREA_STYLE_COLOUR( '', #9450 );
#7512 = LINE( '', #9451, #9452 );
#7513 = LINE( '', #9453, #9454 );
#7514 = FILL_AREA_STYLE_COLOUR( '', #9455 );
#7515 = VERTEX_POINT( '', #9456 );
#7516 = VERTEX_POINT( '', #9457 );
#7517 = LINE( '', #9458, #9459 );
#7518 = VERTEX_POINT( '', #9460 );
#7519 = LINE( '', #9461, #9462 );
#7520 = VERTEX_POINT( '', #9463 );
#7521 = LINE( '', #9464, #9465 );
#7522 = LINE( '', #9466, #9467 );
#7523 = VERTEX_POINT( '', #9468 );
#7524 = VERTEX_POINT( '', #9469 );
#7525 = LINE( '', #9470, #9471 );
#7526 = LINE( '', #9472, #9473 );
#7527 = LINE( '', #9474, #9475 );
#7528 = FILL_AREA_STYLE_COLOUR( '', #9476 );
#7529 = VERTEX_POINT( '', #9477 );
#7530 = VERTEX_POINT( '', #9478 );
#7531 = LINE( '', #9479, #9480 );
#7532 = VERTEX_POINT( '', #9481 );
#7533 = CIRCLE( '', #9482, 0.0126436117000000 );
#7534 = VERTEX_POINT( '', #9483 );
#7535 = LINE( '', #9484, #9485 );
#7536 = CIRCLE( '', #9486, 0.0126436117000000 );
#7537 = LINE( '', #9487, #9488 );
#7538 = VERTEX_POINT( '', #9489 );
#7539 = VERTEX_POINT( '', #9490 );
#7540 = LINE( '', #9491, #9492 );
#7541 = LINE( '', #9493, #9494 );
#7542 = LINE( '', #9495, #9496 );
#7543 = FILL_AREA_STYLE_COLOUR( '', #9497 );
#7544 = VERTEX_POINT( '', #9498 );
#7545 = VERTEX_POINT( '', #9499 );
#7546 = LINE( '', #9500, #9501 );
#7547 = VERTEX_POINT( '', #9502 );
#7548 = LINE( '', #9503, #9504 );
#7549 = VERTEX_POINT( '', #9505 );
#7550 = LINE( '', #9506, #9507 );
#7551 = LINE( '', #9508, #9509 );
#7552 = FILL_AREA_STYLE_COLOUR( '', #9510 );
#7553 = VERTEX_POINT( '', #9511 );
#7554 = VERTEX_POINT( '', #9512 );
#7555 = LINE( '', #9513, #9514 );
#7556 = VERTEX_POINT( '', #9515 );
#7557 = LINE( '', #9516, #9517 );
#7558 = VERTEX_POINT( '', #9518 );
#7559 = LINE( '', #9519, #9520 );
#7560 = LINE( '', #9521, #9522 );
#7561 = FILL_AREA_STYLE_COLOUR( '', #9523 );
#7562 = VERTEX_POINT( '', #9524 );
#7563 = LINE( '', #9525, #9526 );
#7564 = CIRCLE( '', #9527, 0.0200000000000000 );
#7565 = FILL_AREA_STYLE_COLOUR( '', #9528 );
#7566 = VERTEX_POINT( '', #9529 );
#7567 = VERTEX_POINT( '', #9530 );
#7568 = LINE( '', #9531, #9532 );
#7569 = VERTEX_POINT( '', #9533 );
#7570 = LINE( '', #9534, #9535 );
#7571 = VERTEX_POINT( '', #9536 );
#7572 = LINE( '', #9537, #9538 );
#7573 = LINE( '', #9539, #9540 );
#7574 = FILL_AREA_STYLE_COLOUR( '', #9541 );
#7575 = VERTEX_POINT( '', #9542 );
#7576 = VERTEX_POINT( '', #9543 );
#7577 = LINE( '', #9544, #9545 );
#7578 = VERTEX_POINT( '', #9546 );
#7579 = LINE( '', #9547, #9548 );
#7580 = VERTEX_POINT( '', #9549 );
#7581 = LINE( '', #9550, #9551 );
#7582 = LINE( '', #9552, #9553 );
#7583 = FILL_AREA_STYLE_COLOUR( '', #9554 );
#7584 = VERTEX_POINT( '', #9555 );
#7585 = VERTEX_POINT( '', #9556 );
#7586 = LINE( '', #9557, #9558 );
#7587 = VERTEX_POINT( '', #9559 );
#7588 = LINE( '', #9560, #9561 );
#7589 = VERTEX_POINT( '', #9562 );
#7590 = LINE( '', #9563, #9564 );
#7591 = LINE( '', #9565, #9566 );
#7592 = FILL_AREA_STYLE_COLOUR( '', #9567 );
#7593 = VERTEX_POINT( '', #9568 );
#7594 = LINE( '', #9569, #9570 );
#7595 = VERTEX_POINT( '', #9571 );
#7596 = LINE( '', #9572, #9573 );
#7597 = LINE( '', #9574, #9575 );
#7598 = FILL_AREA_STYLE_COLOUR( '', #9576 );
#7599 = VERTEX_POINT( '', #9577 );
#7600 = LINE( '', #9578, #9579 );
#7601 = LINE( '', #9580, #9581 );
#7602 = FILL_AREA_STYLE_COLOUR( '', #9582 );
#7603 = VERTEX_POINT( '', #9583 );
#7604 = LINE( '', #9584, #9585 );
#7605 = VERTEX_POINT( '', #9586 );
#7606 = LINE( '', #9587, #9588 );
#7607 = LINE( '', #9589, #9590 );
#7608 = FILL_AREA_STYLE_COLOUR( '', #9591 );
#7609 = VERTEX_POINT( '', #9592 );
#7610 = VERTEX_POINT( '', #9593 );
#7611 = LINE( '', #9594, #9595 );
#7612 = VERTEX_POINT( '', #9596 );
#7613 = LINE( '', #9597, #9598 );
#7614 = VERTEX_POINT( '', #9599 );
#7615 = LINE( '', #9600, #9601 );
#7616 = LINE( '', #9602, #9603 );
#7617 = FILL_AREA_STYLE_COLOUR( '', #9604 );
#7618 = VERTEX_POINT( '', #9605 );
#7619 = VERTEX_POINT( '', #9606 );
#7620 = LINE( '', #9607, #9608 );
#7621 = LINE( '', #9609, #9610 );
#7622 = LINE( '', #9611, #9612 );
#7623 = FILL_AREA_STYLE_COLOUR( '', #9613 );
#7624 = VERTEX_POINT( '', #9614 );
#7625 = VERTEX_POINT( '', #9615 );
#7626 = LINE( '', #9616, #9617 );
#7627 = VERTEX_POINT( '', #9618 );
#7628 = LINE( '', #9619, #9620 );
#7629 = VERTEX_POINT( '', #9621 );
#7630 = LINE( '', #9622, #9623 );
#7631 = LINE( '', #9624, #9625 );
#7632 = FILL_AREA_STYLE_COLOUR( '', #9626 );
#7633 = VERTEX_POINT( '', #9627 );
#7634 = LINE( '', #9628, #9629 );
#7635 = VERTEX_POINT( '', #9630 );
#7636 = LINE( '', #9631, #9632 );
#7637 = LINE( '', #9633, #9634 );
#7638 = FILL_AREA_STYLE_COLOUR( '', #9635 );
#7639 = VERTEX_POINT( '', #9636 );
#7640 = LINE( '', #9637, #9638 );
#7641 = VERTEX_POINT( '', #9639 );
#7642 = LINE( '', #9640, #9641 );
#7643 = LINE( '', #9642, #9643 );
#7644 = FILL_AREA_STYLE_COLOUR( '', #9644 );
#7645 = VERTEX_POINT( '', #9645 );
#7646 = LINE( '', #9646, #9647 );
#7647 = VERTEX_POINT( '', #9648 );
#7648 = LINE( '', #9649, #9650 );
#7649 = LINE( '', #9651, #9652 );
#7650 = FILL_AREA_STYLE_COLOUR( '', #9653 );
#7651 = VERTEX_POINT( '', #9654 );
#7652 = LINE( '', #9655, #9656 );
#7653 = VERTEX_POINT( '', #9657 );
#7654 = LINE( '', #9658, #9659 );
#7655 = LINE( '', #9660, #9661 );
#7656 = FILL_AREA_STYLE_COLOUR( '', #9662 );
#7657 = VERTEX_POINT( '', #9663 );
#7658 = VERTEX_POINT( '', #9664 );
#7659 = LINE( '', #9665, #9666 );
#7660 = VERTEX_POINT( '', #9667 );
#7661 = LINE( '', #9668, #9669 );
#7662 = VERTEX_POINT( '', #9670 );
#7663 = LINE( '', #9671, #9672 );
#7664 = LINE( '', #9673, #9674 );
#7665 = FILL_AREA_STYLE_COLOUR( '', #9675 );
#7666 = VERTEX_POINT( '', #9676 );
#7667 = VERTEX_POINT( '', #9677 );
#7668 = LINE( '', #9678, #9679 );
#7669 = VERTEX_POINT( '', #9680 );
#7670 = LINE( '', #9681, #9682 );
#7671 = VERTEX_POINT( '', #9683 );
#7672 = LINE( '', #9684, #9685 );
#7673 = LINE( '', #9686, #9687 );
#7674 = FILL_AREA_STYLE_COLOUR( '', #9688 );
#7675 = VERTEX_POINT( '', #9689 );
#7676 = VERTEX_POINT( '', #9690 );
#7677 = LINE( '', #9691, #9692 );
#7678 = LINE( '', #9693, #9694 );
#7679 = LINE( '', #9695, #9696 );
#7680 = FILL_AREA_STYLE_COLOUR( '', #9697 );
#7681 = VERTEX_POINT( '', #9698 );
#7682 = LINE( '', #9699, #9700 );
#7683 = VERTEX_POINT( '', #9701 );
#7684 = LINE( '', #9702, #9703 );
#7685 = LINE( '', #9704, #9705 );
#7686 = FILL_AREA_STYLE_COLOUR( '', #9706 );
#7687 = VERTEX_POINT( '', #9707 );
#7688 = VERTEX_POINT( '', #9708 );
#7689 = LINE( '', #9709, #9710 );
#7690 = LINE( '', #9711, #9712 );
#7691 = LINE( '', #9713, #9714 );
#7692 = FILL_AREA_STYLE_COLOUR( '', #9715 );
#7693 = VERTEX_POINT( '', #9716 );
#7694 = LINE( '', #9717, #9718 );
#7695 = VERTEX_POINT( '', #9719 );
#7696 = LINE( '', #9720, #9721 );
#7697 = LINE( '', #9722, #9723 );
#7698 = FILL_AREA_STYLE_COLOUR( '', #9724 );
#7699 = VERTEX_POINT( '', #9725 );
#7700 = VERTEX_POINT( '', #9726 );
#7701 = LINE( '', #9727, #9728 );
#7702 = VERTEX_POINT( '', #9729 );
#7703 = LINE( '', #9730, #9731 );
#7704 = VERTEX_POINT( '', #9732 );
#7705 = LINE( '', #9733, #9734 );
#7706 = LINE( '', #9735, #9736 );
#7707 = FILL_AREA_STYLE_COLOUR( '', #9737 );
#7708 = VERTEX_POINT( '', #9738 );
#7709 = VERTEX_POINT( '', #9739 );
#7710 = LINE( '', #9740, #9741 );
#7711 = VERTEX_POINT( '', #9742 );
#7712 = LINE( '', #9743, #9744 );
#7713 = VERTEX_POINT( '', #9745 );
#7714 = LINE( '', #9746, #9747 );
#7715 = LINE( '', #9748, #9749 );
#7716 = VERTEX_POINT( '', #9750 );
#7717 = VERTEX_POINT( '', #9751 );
#7718 = LINE( '', #9752, #9753 );
#7719 = VERTEX_POINT( '', #9754 );
#7720 = LINE( '', #9755, #9756 );
#7721 = VERTEX_POINT( '', #9757 );
#7722 = LINE( '', #9758, #9759 );
#7723 = VERTEX_POINT( '', #9760 );
#7724 = LINE( '', #9761, #9762 );
#7725 = VERTEX_POINT( '', #9763 );
#7726 = LINE( '', #9764, #9765 );
#7727 = VERTEX_POINT( '', #9766 );
#7728 = LINE( '', #9767, #9768 );
#7729 = VERTEX_POINT( '', #9769 );
#7730 = LINE( '', #9770, #9771 );
#7731 = VERTEX_POINT( '', #9772 );
#7732 = LINE( '', #9773, #9774 );
#7733 = VERTEX_POINT( '', #9775 );
#7734 = LINE( '', #9776, #9777 );
#7735 = VERTEX_POINT( '', #9778 );
#7736 = LINE( '', #9779, #9780 );
#7737 = VERTEX_POINT( '', #9781 );
#7738 = LINE( '', #9782, #9783 );
#7739 = LINE( '', #9784, #9785 );
#7740 = VERTEX_POINT( '', #9786 );
#7741 = VERTEX_POINT( '', #9787 );
#7742 = LINE( '', #9788, #9789 );
#7743 = VERTEX_POINT( '', #9790 );
#7744 = LINE( '', #9791, #9792 );
#7745 = LINE( '', #9793, #9794 );
#7746 = VERTEX_POINT( '', #9795 );
#7747 = LINE( '', #9796, #9797 );
#7748 = VERTEX_POINT( '', #9798 );
#7749 = LINE( '', #9799, #9800 );
#7750 = VERTEX_POINT( '', #9801 );
#7751 = LINE( '', #9802, #9803 );
#7752 = VERTEX_POINT( '', #9804 );
#7753 = LINE( '', #9805, #9806 );
#7754 = VERTEX_POINT( '', #9807 );
#7755 = LINE( '', #9808, #9809 );
#7756 = VERTEX_POINT( '', #9810 );
#7757 = LINE( '', #9811, #9812 );
#7758 = VERTEX_POINT( '', #9813 );
#7759 = LINE( '', #9814, #9815 );
#7760 = LINE( '', #9816, #9817 );
#7761 = FILL_AREA_STYLE_COLOUR( '', #9818 );
#7762 = VERTEX_POINT( '', #9819 );
#7763 = VERTEX_POINT( '', #9820 );
#7764 = LINE( '', #9821, #9822 );
#7765 = VERTEX_POINT( '', #9823 );
#7766 = LINE( '', #9824, #9825 );
#7767 = VERTEX_POINT( '', #9826 );
#7768 = LINE( '', #9827, #9828 );
#7769 = LINE( '', #9829, #9830 );
#7770 = FILL_AREA_STYLE_COLOUR( '', #9831 );
#7771 = VERTEX_POINT( '', #9832 );
#7772 = VERTEX_POINT( '', #9833 );
#7773 = LINE( '', #9834, #9835 );
#7774 = VERTEX_POINT( '', #9836 );
#7775 = LINE( '', #9837, #9838 );
#7776 = VERTEX_POINT( '', #9839 );
#7777 = LINE( '', #9840, #9841 );
#7778 = LINE( '', #9842, #9843 );
#7779 = FILL_AREA_STYLE_COLOUR( '', #9844 );
#7780 = VERTEX_POINT( '', #9845 );
#7781 = VERTEX_POINT( '', #9846 );
#7782 = LINE( '', #9847, #9848 );
#7783 = VERTEX_POINT( '', #9849 );
#7784 = LINE( '', #9850, #9851 );
#7785 = VERTEX_POINT( '', #9852 );
#7786 = LINE( '', #9853, #9854 );
#7787 = LINE( '', #9855, #9856 );
#7788 = FILL_AREA_STYLE_COLOUR( '', #9857 );
#7789 = VERTEX_POINT( '', #9858 );
#7790 = VERTEX_POINT( '', #9859 );
#7791 = LINE( '', #9860, #9861 );
#7792 = VERTEX_POINT( '', #9862 );
#7793 = LINE( '', #9863, #9864 );
#7794 = VERTEX_POINT( '', #9865 );
#7795 = LINE( '', #9866, #9867 );
#7796 = LINE( '', #9868, #9869 );
#7797 = FILL_AREA_STYLE_COLOUR( '', #9870 );
#7798 = VERTEX_POINT( '', #9871 );
#7799 = LINE( '', #9872, #9873 );
#7800 = LINE( '', #9874, #9875 );
#7801 = FILL_AREA_STYLE_COLOUR( '', #9876 );
#7802 = LINE( '', #9877, #9878 );
#7803 = LINE( '', #9879, #9880 );
#7804 = FILL_AREA_STYLE_COLOUR( '', #9881 );
#7805 = VERTEX_POINT( '', #9882 );
#7806 = VERTEX_POINT( '', #9883 );
#7807 = CIRCLE( '', #9884, 0.0360000000000000 );
#7808 = VERTEX_POINT( '', #9885 );
#7809 = LINE( '', #9886, #9887 );
#7810 = VERTEX_POINT( '', #9888 );
#7811 = CIRCLE( '', #9889, 0.0360000000000000 );
#7812 = LINE( '', #9890, #9891 );
#7813 = FILL_AREA_STYLE_COLOUR( '', #9892 );
#7814 = VERTEX_POINT( '', #9893 );
#7815 = LINE( '', #9894, #9895 );
#7816 = VERTEX_POINT( '', #9896 );
#7817 = LINE( '', #9897, #9898 );
#7818 = VERTEX_POINT( '', #9899 );
#7819 = LINE( '', #9900, #9901 );
#7820 = VERTEX_POINT( '', #9902 );
#7821 = LINE( '', #9903, #9904 );
#7822 = LINE( '', #9905, #9906 );
#7823 = VERTEX_POINT( '', #9907 );
#7824 = LINE( '', #9908, #9909 );
#7825 = LINE( '', #9910, #9911 );
#7826 = VERTEX_POINT( '', #9912 );
#7827 = LINE( '', #9913, #9914 );
#7828 = VERTEX_POINT( '', #9915 );
#7829 = LINE( '', #9916, #9917 );
#7830 = VERTEX_POINT( '', #9918 );
#7831 = LINE( '', #9919, #9920 );
#7832 = VERTEX_POINT( '', #9921 );
#7833 = LINE( '', #9922, #9923 );
#7834 = VERTEX_POINT( '', #9924 );
#7835 = LINE( '', #9925, #9926 );
#7836 = VERTEX_POINT( '', #9927 );
#7837 = LINE( '', #9928, #9929 );
#7838 = VERTEX_POINT( '', #9930 );
#7839 = LINE( '', #9931, #9932 );
#7840 = VERTEX_POINT( '', #9933 );
#7841 = LINE( '', #9934, #9935 );
#7842 = VERTEX_POINT( '', #9936 );
#7843 = LINE( '', #9937, #9938 );
#7844 = VERTEX_POINT( '', #9939 );
#7845 = LINE( '', #9940, #9941 );
#7846 = VERTEX_POINT( '', #9942 );
#7847 = LINE( '', #9943, #9944 );
#7848 = VERTEX_POINT( '', #9945 );
#7849 = LINE( '', #9946, #9947 );
#7850 = LINE( '', #9948, #9949 );
#7851 = VERTEX_POINT( '', #9950 );
#7852 = LINE( '', #9951, #9952 );
#7853 = LINE( '', #9953, #9954 );
#7854 = VERTEX_POINT( '', #9955 );
#7855 = LINE( '', #9956, #9957 );
#7856 = VERTEX_POINT( '', #9958 );
#7857 = LINE( '', #9959, #9960 );
#7858 = VERTEX_POINT( '', #9961 );
#7859 = LINE( '', #9962, #9963 );
#7860 = VERTEX_POINT( '', #9964 );
#7861 = LINE( '', #9965, #9966 );
#7862 = VERTEX_POINT( '', #9967 );
#7863 = LINE( '', #9968, #9969 );
#7864 = VERTEX_POINT( '', #9970 );
#7865 = LINE( '', #9971, #9972 );
#7866 = VERTEX_POINT( '', #9973 );
#7867 = LINE( '', #9974, #9975 );
#7868 = LINE( '', #9976, #9977 );
#7869 = FILL_AREA_STYLE_COLOUR( '', #9978 );
#7870 = LINE( '', #9979, #9980 );
#7871 = LINE( '', #9981, #9982 );
#7872 = FILL_AREA_STYLE_COLOUR( '', #9983 );
#7873 = VERTEX_POINT( '', #9984 );
#7874 = LINE( '', #9985, #9986 );
#7875 = VERTEX_POINT( '', #9987 );
#7876 = LINE( '', #9988, #9989 );
#7877 = LINE( '', #9990, #9991 );
#7878 = FILL_AREA_STYLE_COLOUR( '', #9992 );
#7879 = VERTEX_POINT( '', #9993 );
#7880 = VERTEX_POINT( '', #9994 );
#7881 = LINE( '', #9995, #9996 );
#7882 = LINE( '', #9997, #9998 );
#7883 = LINE( '', #9999, #10000 );
#7884 = FILL_AREA_STYLE_COLOUR( '', #10001 );
#7885 = VERTEX_POINT( '', #10002 );
#7886 = LINE( '', #10003, #10004 );
#7887 = VERTEX_POINT( '', #10005 );
#7888 = LINE( '', #10006, #10007 );
#7889 = LINE( '', #10008, #10009 );
#7890 = FILL_AREA_STYLE_COLOUR( '', #10010 );
#7891 = VERTEX_POINT( '', #10011 );
#7892 = LINE( '', #10012, #10013 );
#7893 = VERTEX_POINT( '', #10014 );
#7894 = CIRCLE( '', #10015, 0.0360000000000000 );
#7895 = VERTEX_POINT( '', #10016 );
#7896 = LINE( '', #10017, #10018 );
#7897 = VERTEX_POINT( '', #10019 );
#7898 = LINE( '', #10020, #10021 );
#7899 = LINE( '', #10022, #10023 );
#7900 = CIRCLE( '', #10024, 0.0200000000000000 );
#7901 = FILL_AREA_STYLE_COLOUR( '', #10025 );
#7902 = VERTEX_POINT( '', #10026 );
#7903 = VERTEX_POINT( '', #10027 );
#7904 = LINE( '', #10028, #10029 );
#7905 = VERTEX_POINT( '', #10030 );
#7906 = LINE( '', #10031, #10032 );
#7907 = VERTEX_POINT( '', #10033 );
#7908 = LINE( '', #10034, #10035 );
#7909 = LINE( '', #10036, #10037 );
#7910 = FILL_AREA_STYLE_COLOUR( '', #10038 );
#7911 = LINE( '', #10039, #10040 );
#7912 = LINE( '', #10041, #10042 );
#7913 = FILL_AREA_STYLE_COLOUR( '', #10043 );
#7914 = VERTEX_POINT( '', #10044 );
#7915 = LINE( '', #10045, #10046 );
#7916 = VERTEX_POINT( '', #10047 );
#7917 = LINE( '', #10048, #10049 );
#7918 = LINE( '', #10050, #10051 );
#7919 = LINE( '', #10052, #10053 );
#7920 = FILL_AREA_STYLE_COLOUR( '', #10054 );
#7921 = VERTEX_POINT( '', #10055 );
#7922 = LINE( '', #10056, #10057 );
#7923 = VERTEX_POINT( '', #10058 );
#7924 = LINE( '', #10059, #10060 );
#7925 = LINE( '', #10061, #10062 );
#7926 = FILL_AREA_STYLE_COLOUR( '', #10063 );
#7927 = VERTEX_POINT( '', #10064 );
#7928 = VERTEX_POINT( '', #10065 );
#7929 = LINE( '', #10066, #10067 );
#7930 = VERTEX_POINT( '', #10068 );
#7931 = LINE( '', #10069, #10070 );
#7932 = VERTEX_POINT( '', #10071 );
#7933 = LINE( '', #10072, #10073 );
#7934 = LINE( '', #10074, #10075 );
#7935 = FILL_AREA_STYLE_COLOUR( '', #10076 );
#7936 = LINE( '', #10077, #10078 );
#7937 = LINE( '', #10079, #10080 );
#7938 = FILL_AREA_STYLE_COLOUR( '', #10081 );
#7939 = LINE( '', #10082, #10083 );
#7940 = LINE( '', #10084, #10085 );
#7941 = FILL_AREA_STYLE_COLOUR( '', #10086 );
#7942 = VERTEX_POINT( '', #10087 );
#7943 = LINE( '', #10088, #10089 );
#7944 = LINE( '', #10090, #10091 );
#7945 = FILL_AREA_STYLE_COLOUR( '', #10092 );
#7946 = VERTEX_POINT( '', #10093 );
#7947 = LINE( '', #10094, #10095 );
#7948 = VERTEX_POINT( '', #10096 );
#7949 = LINE( '', #10097, #10098 );
#7950 = LINE( '', #10099, #10100 );
#7951 = FILL_AREA_STYLE_COLOUR( '', #10101 );
#7952 = VERTEX_POINT( '', #10102 );
#7953 = LINE( '', #10103, #10104 );
#7954 = VERTEX_POINT( '', #10105 );
#7955 = LINE( '', #10106, #10107 );
#7956 = LINE( '', #10108, #10109 );
#7957 = FILL_AREA_STYLE_COLOUR( '', #10110 );
#7958 = VERTEX_POINT( '', #10111 );
#7959 = VERTEX_POINT( '', #10112 );
#7960 = LINE( '', #10113, #10114 );
#7961 = LINE( '', #10115, #10116 );
#7962 = LINE( '', #10117, #10118 );
#7963 = FILL_AREA_STYLE_COLOUR( '', #10119 );
#7964 = VERTEX_POINT( '', #10120 );
#7965 = LINE( '', #10121, #10122 );
#7966 = VERTEX_POINT( '', #10123 );
#7967 = LINE( '', #10124, #10125 );
#7968 = LINE( '', #10126, #10127 );
#7969 = FILL_AREA_STYLE_COLOUR( '', #10128 );
#7970 = VERTEX_POINT( '', #10129 );
#7971 = LINE( '', #10130, #10131 );
#7972 = LINE( '', #10132, #10133 );
#7973 = FILL_AREA_STYLE_COLOUR( '', #10134 );
#7974 = CIRCLE( '', #10135, 0.0150000000000000 );
#7975 = FILL_AREA_STYLE_COLOUR( '', #10136 );
#7976 = VERTEX_POINT( '', #10137 );
#7977 = LINE( '', #10138, #10139 );
#7978 = VERTEX_POINT( '', #10140 );
#7979 = LINE( '', #10141, #10142 );
#7980 = LINE( '', #10143, #10144 );
#7981 = FILL_AREA_STYLE_COLOUR( '', #10145 );
#7982 = VERTEX_POINT( '', #10146 );
#7983 = VERTEX_POINT( '', #10147 );
#7984 = LINE( '', #10148, #10149 );
#7985 = VERTEX_POINT( '', #10150 );
#7986 = LINE( '', #10151, #10152 );
#7987 = VERTEX_POINT( '', #10153 );
#7988 = LINE( '', #10154, #10155 );
#7989 = LINE( '', #10156, #10157 );
#7990 = FILL_AREA_STYLE_COLOUR( '', #10158 );
#7991 = VERTEX_POINT( '', #10159 );
#7992 = LINE( '', #10160, #10161 );
#7993 = VERTEX_POINT( '', #10162 );
#7994 = LINE( '', #10163, #10164 );
#7995 = LINE( '', #10165, #10166 );
#7996 = FILL_AREA_STYLE_COLOUR( '', #10167 );
#7997 = VERTEX_POINT( '', #10168 );
#7998 = LINE( '', #10169, #10170 );
#7999 = LINE( '', #10171, #10172 );
#8000 = FILL_AREA_STYLE_COLOUR( '', #10173 );
#8001 = VERTEX_POINT( '', #10174 );
#8002 = LINE( '', #10175, #10176 );
#8003 = LINE( '', #10177, #10178 );
#8004 = FILL_AREA_STYLE_COLOUR( '', #10179 );
#8005 = VERTEX_POINT( '', #10180 );
#8006 = LINE( '', #10181, #10182 );
#8007 = VERTEX_POINT( '', #10183 );
#8008 = LINE( '', #10184, #10185 );
#8009 = LINE( '', #10186, #10187 );
#8010 = VERTEX_POINT( '', #10188 );
#8011 = LINE( '', #10189, #10190 );
#8012 = VERTEX_POINT( '', #10191 );
#8013 = LINE( '', #10192, #10193 );
#8014 = LINE( '', #10194, #10195 );
#8015 = VERTEX_POINT( '', #10196 );
#8016 = LINE( '', #10197, #10198 );
#8017 = VERTEX_POINT( '', #10199 );
#8018 = LINE( '', #10200, #10201 );
#8019 = VERTEX_POINT( '', #10202 );
#8020 = LINE( '', #10203, #10204 );
#8021 = LINE( '', #10205, #10206 );
#8022 = LINE( '', #10207, #10208 );
#8023 = VERTEX_POINT( '', #10209 );
#8024 = VERTEX_POINT( '', #10210 );
#8025 = LINE( '', #10211, #10212 );
#8026 = VERTEX_POINT( '', #10213 );
#8027 = LINE( '', #10214, #10215 );
#8028 = VERTEX_POINT( '', #10216 );
#8029 = LINE( '', #10217, #10218 );
#8030 = VERTEX_POINT( '', #10219 );
#8031 = LINE( '', #10220, #10221 );
#8032 = VERTEX_POINT( '', #10222 );
#8033 = LINE( '', #10223, #10224 );
#8034 = LINE( '', #10225, #10226 );
#8035 = VERTEX_POINT( '', #10227 );
#8036 = LINE( '', #10228, #10229 );
#8037 = LINE( '', #10230, #10231 );
#8038 = LINE( '', #10232, #10233 );
#8039 = FILL_AREA_STYLE_COLOUR( '', #10234 );
#8040 = VERTEX_POINT( '', #10235 );
#8041 = VERTEX_POINT( '', #10236 );
#8042 = LINE( '', #10237, #10238 );
#8043 = VERTEX_POINT( '', #10239 );
#8044 = LINE( '', #10240, #10241 );
#8045 = VERTEX_POINT( '', #10242 );
#8046 = LINE( '', #10243, #10244 );
#8047 = LINE( '', #10245, #10246 );
#8048 = FILL_AREA_STYLE_COLOUR( '', #10247 );
#8049 = VERTEX_POINT( '', #10248 );
#8050 = VERTEX_POINT( '', #10249 );
#8051 = LINE( '', #10250, #10251 );
#8052 = VERTEX_POINT( '', #10252 );
#8053 = LINE( '', #10253, #10254 );
#8054 = VERTEX_POINT( '', #10255 );
#8055 = LINE( '', #10256, #10257 );
#8056 = LINE( '', #10258, #10259 );
#8057 = FILL_AREA_STYLE_COLOUR( '', #10260 );
#8058 = LINE( '', #10261, #10262 );
#8059 = LINE( '', #10263, #10264 );
#8060 = FILL_AREA_STYLE_COLOUR( '', #10265 );
#8061 = VERTEX_POINT( '', #10266 );
#8062 = LINE( '', #10267, #10268 );
#8063 = VERTEX_POINT( '', #10269 );
#8064 = LINE( '', #10270, #10271 );
#8065 = LINE( '', #10272, #10273 );
#8066 = FILL_AREA_STYLE_COLOUR( '', #10274 );
#8067 = VERTEX_POINT( '', #10275 );
#8068 = LINE( '', #10276, #10277 );
#8069 = LINE( '', #10278, #10279 );
#8070 = FILL_AREA_STYLE_COLOUR( '', #10280 );
#8071 = VERTEX_POINT( '', #10281 );
#8072 = VERTEX_POINT( '', #10282 );
#8073 = LINE( '', #10283, #10284 );
#8074 = VERTEX_POINT( '', #10285 );
#8075 = CIRCLE( '', #10286, 0.0200000000000000 );
#8076 = VERTEX_POINT( '', #10287 );
#8077 = LINE( '', #10288, #10289 );
#8078 = CIRCLE( '', #10290, 0.0200000000000000 );
#8079 = FILL_AREA_STYLE_COLOUR( '', #10291 );
#8080 = LINE( '', #10292, #10293 );
#8081 = VERTEX_POINT( '', #10294 );
#8082 = LINE( '', #10295, #10296 );
#8083 = VERTEX_POINT( '', #10297 );
#8084 = CIRCLE( '', #10298, 0.0200000000000000 );
#8085 = VERTEX_POINT( '', #10299 );
#8086 = LINE( '', #10300, #10301 );
#8087 = VERTEX_POINT( '', #10302 );
#8088 = LINE( '', #10303, #10304 );
#8089 = VERTEX_POINT( '', #10305 );
#8090 = LINE( '', #10306, #10307 );
#8091 = LINE( '', #10308, #10309 );
#8092 = FILL_AREA_STYLE_COLOUR( '', #10310 );
#8093 = VERTEX_POINT( '', #10311 );
#8094 = VERTEX_POINT( '', #10312 );
#8095 = LINE( '', #10313, #10314 );
#8096 = VERTEX_POINT( '', #10315 );
#8097 = LINE( '', #10316, #10317 );
#8098 = VERTEX_POINT( '', #10318 );
#8099 = LINE( '', #10319, #10320 );
#8100 = LINE( '', #10321, #10322 );
#8101 = FILL_AREA_STYLE_COLOUR( '', #10323 );
#8102 = VERTEX_POINT( '', #10324 );
#8103 = LINE( '', #10325, #10326 );
#8104 = VERTEX_POINT( '', #10327 );
#8105 = CIRCLE( '', #10328, 0.0126436117000000 );
#8106 = VERTEX_POINT( '', #10329 );
#8107 = LINE( '', #10330, #10331 );
#8108 = CIRCLE( '', #10332, 0.0126436117000000 );
#8109 = LINE( '', #10333, #10334 );
#8110 = LINE( '', #10335, #10336 );
#8111 = FILL_AREA_STYLE_COLOUR( '', #10337 );
#8112 = VERTEX_POINT( '', #10338 );
#8113 = LINE( '', #10339, #10340 );
#8114 = VERTEX_POINT( '', #10341 );
#8115 = LINE( '', #10342, #10343 );
#8116 = LINE( '', #10344, #10345 );
#8117 = FILL_AREA_STYLE_COLOUR( '', #10346 );
#8118 = VERTEX_POINT( '', #10347 );
#8119 = LINE( '', #10348, #10349 );
#8120 = LINE( '', #10350, #10351 );
#8121 = FILL_AREA_STYLE_COLOUR( '', #10352 );
#8122 = VERTEX_POINT( '', #10353 );
#8123 = LINE( '', #10354, #10355 );
#8124 = VERTEX_POINT( '', #10356 );
#8125 = LINE( '', #10357, #10358 );
#8126 = LINE( '', #10359, #10360 );
#8127 = FILL_AREA_STYLE_COLOUR( '', #10361 );
#8128 = LINE( '', #10362, #10363 );
#8129 = FILL_AREA_STYLE_COLOUR( '', #10364 );
#8130 = LINE( '', #10365, #10366 );
#8131 = VERTEX_POINT( '', #10367 );
#8132 = LINE( '', #10368, #10369 );
#8133 = VERTEX_POINT( '', #10370 );
#8134 = LINE( '', #10371, #10372 );
#8135 = VERTEX_POINT( '', #10373 );
#8136 = LINE( '', #10374, #10375 );
#8137 = LINE( '', #10376, #10377 );
#8138 = LINE( '', #10378, #10379 );
#8139 = LINE( '', #10380, #10381 );
#8140 = LINE( '', #10382, #10383 );
#8141 = LINE( '', #10384, #10385 );
#8142 = VERTEX_POINT( '', #10386 );
#8143 = LINE( '', #10387, #10388 );
#8144 = VERTEX_POINT( '', #10389 );
#8145 = LINE( '', #10390, #10391 );
#8146 = VERTEX_POINT( '', #10392 );
#8147 = LINE( '', #10393, #10394 );
#8148 = VERTEX_POINT( '', #10395 );
#8149 = LINE( '', #10396, #10397 );
#8150 = LINE( '', #10398, #10399 );
#8151 = FILL_AREA_STYLE_COLOUR( '', #10400 );
#8152 = LINE( '', #10401, #10402 );
#8153 = VERTEX_POINT( '', #10403 );
#8154 = LINE( '', #10404, #10405 );
#8155 = VERTEX_POINT( '', #10406 );
#8156 = LINE( '', #10407, #10408 );
#8157 = VERTEX_POINT( '', #10409 );
#8158 = LINE( '', #10410, #10411 );
#8159 = VERTEX_POINT( '', #10412 );
#8160 = LINE( '', #10413, #10414 );
#8161 = LINE( '', #10415, #10416 );
#8162 = LINE( '', #10417, #10418 );
#8163 = LINE( '', #10419, #10420 );
#8164 = LINE( '', #10421, #10422 );
#8165 = LINE( '', #10423, #10424 );
#8166 = VERTEX_POINT( '', #10425 );
#8167 = LINE( '', #10426, #10427 );
#8168 = VERTEX_POINT( '', #10428 );
#8169 = LINE( '', #10429, #10430 );
#8170 = VERTEX_POINT( '', #10431 );
#8171 = LINE( '', #10432, #10433 );
#8172 = LINE( '', #10434, #10435 );
#8173 = FILL_AREA_STYLE_COLOUR( '', #10436 );
#8174 = VERTEX_POINT( '', #10437 );
#8175 = VERTEX_POINT( '', #10438 );
#8176 = LINE( '', #10439, #10440 );
#8177 = VERTEX_POINT( '', #10441 );
#8178 = CIRCLE( '', #10442, 0.0126436117000000 );
#8179 = VERTEX_POINT( '', #10443 );
#8180 = LINE( '', #10444, #10445 );
#8181 = VERTEX_POINT( '', #10446 );
#8182 = CIRCLE( '', #10447, 0.0126436117000000 );
#8183 = VERTEX_POINT( '', #10448 );
#8184 = LINE( '', #10449, #10450 );
#8185 = LINE( '', #10451, #10452 );
#8186 = VERTEX_POINT( '', #10453 );
#8187 = VERTEX_POINT( '', #10454 );
#8188 = LINE( '', #10455, #10456 );
#8189 = VERTEX_POINT( '', #10457 );
#8190 = LINE( '', #10458, #10459 );
#8191 = VERTEX_POINT( '', #10460 );
#8192 = LINE( '', #10461, #10462 );
#8193 = LINE( '', #10463, #10464 );
#8194 = FILL_AREA_STYLE_COLOUR( '', #10465 );
#8195 = VERTEX_POINT( '', #10466 );
#8196 = CIRCLE( '', #10467, 0.0200000000000000 );
#8197 = VERTEX_POINT( '', #10468 );
#8198 = LINE( '', #10469, #10470 );
#8199 = CIRCLE( '', #10471, 0.0200000000000000 );
#8200 = FILL_AREA_STYLE_COLOUR( '', #10472 );
#8201 = LINE( '', #10473, #10474 );
#8202 = LINE( '', #10475, #10476 );
#8203 = VERTEX_POINT( '', #10477 );
#8204 = LINE( '', #10478, #10479 );
#8205 = LINE( '', #10480, #10481 );
#8206 = FILL_AREA_STYLE_COLOUR( '', #10482 );
#8207 = VERTEX_POINT( '', #10483 );
#8208 = LINE( '', #10484, #10485 );
#8209 = VERTEX_POINT( '', #10486 );
#8210 = LINE( '', #10487, #10488 );
#8211 = VERTEX_POINT( '', #10489 );
#8212 = LINE( '', #10490, #10491 );
#8213 = LINE( '', #10492, #10493 );
#8214 = LINE( '', #10494, #10495 );
#8215 = LINE( '', #10496, #10497 );
#8216 = LINE( '', #10498, #10499 );
#8217 = VERTEX_POINT( '', #10500 );
#8218 = LINE( '', #10501, #10502 );
#8219 = VERTEX_POINT( '', #10503 );
#8220 = LINE( '', #10504, #10505 );
#8221 = LINE( '', #10506, #10507 );
#8222 = VERTEX_POINT( '', #10508 );
#8223 = LINE( '', #10509, #10510 );
#8224 = LINE( '', #10511, #10512 );
#8225 = FILL_AREA_STYLE_COLOUR( '', #10513 );
#8226 = VERTEX_POINT( '', #10514 );
#8227 = LINE( '', #10515, #10516 );
#8228 = VERTEX_POINT( '', #10517 );
#8229 = CIRCLE( '', #10518, 0.0360000000000000 );
#8230 = VERTEX_POINT( '', #10519 );
#8231 = LINE( '', #10520, #10521 );
#8232 = LINE( '', #10522, #10523 );
#8233 = VERTEX_POINT( '', #10524 );
#8234 = LINE( '', #10525, #10526 );
#8235 = CIRCLE( '', #10527, 0.0200000000000000 );
#8236 = FILL_AREA_STYLE_COLOUR( '', #10528 );
#8237 = VERTEX_POINT( '', #10529 );
#8238 = LINE( '', #10530, #10531 );
#8239 = LINE( '', #10532, #10533 );
#8240 = FILL_AREA_STYLE_COLOUR( '', #10534 );
#8241 = VERTEX_POINT( '', #10535 );
#8242 = VERTEX_POINT( '', #10536 );
#8243 = LINE( '', #10537, #10538 );
#8244 = VERTEX_POINT( '', #10539 );
#8245 = LINE( '', #10540, #10541 );
#8246 = VERTEX_POINT( '', #10542 );
#8247 = LINE( '', #10543, #10544 );
#8248 = LINE( '', #10545, #10546 );
#8249 = FILL_AREA_STYLE_COLOUR( '', #10547 );
#8250 = VERTEX_POINT( '', #10548 );
#8251 = LINE( '', #10549, #10550 );
#8252 = VERTEX_POINT( '', #10551 );
#8253 = LINE( '', #10552, #10553 );
#8254 = VERTEX_POINT( '', #10554 );
#8255 = LINE( '', #10555, #10556 );
#8256 = VERTEX_POINT( '', #10557 );
#8257 = LINE( '', #10558, #10559 );
#8258 = VERTEX_POINT( '', #10560 );
#8259 = LINE( '', #10561, #10562 );
#8260 = VERTEX_POINT( '', #10563 );
#8261 = LINE( '', #10564, #10565 );
#8262 = VERTEX_POINT( '', #10566 );
#8263 = LINE( '', #10567, #10568 );
#8264 = LINE( '', #10569, #10570 );
#8265 = VERTEX_POINT( '', #10571 );
#8266 = LINE( '', #10572, #10573 );
#8267 = LINE( '', #10574, #10575 );
#8268 = LINE( '', #10576, #10577 );
#8269 = LINE( '', #10578, #10579 );
#8270 = VERTEX_POINT( '', #10580 );
#8271 = LINE( '', #10581, #10582 );
#8272 = VERTEX_POINT( '', #10583 );
#8273 = LINE( '', #10584, #10585 );
#8274 = VERTEX_POINT( '', #10586 );
#8275 = LINE( '', #10587, #10588 );
#8276 = VERTEX_POINT( '', #10589 );
#8277 = LINE( '', #10590, #10591 );
#8278 = LINE( '', #10592, #10593 );
#8279 = FILL_AREA_STYLE_COLOUR( '', #10594 );
#8280 = LINE( '', #10595, #10596 );
#8281 = LINE( '', #10597, #10598 );
#8282 = FILL_AREA_STYLE_COLOUR( '', #10599 );
#8283 = VERTEX_POINT( '', #10600 );
#8284 = LINE( '', #10601, #10602 );
#8285 = LINE( '', #10603, #10604 );
#8286 = FILL_AREA_STYLE_COLOUR( '', #10605 );
#8287 = LINE( '', #10606, #10607 );
#8288 = LINE( '', #10608, #10609 );
#8289 = FILL_AREA_STYLE_COLOUR( '', #10610 );
#8290 = VERTEX_POINT( '', #10611 );
#8291 = LINE( '', #10612, #10613 );
#8292 = VERTEX_POINT( '', #10614 );
#8293 = LINE( '', #10615, #10616 );
#8294 = LINE( '', #10617, #10618 );
#8295 = FILL_AREA_STYLE_COLOUR( '', #10619 );
#8296 = VERTEX_POINT( '', #10620 );
#8297 = LINE( '', #10621, #10622 );
#8298 = VERTEX_POINT( '', #10623 );
#8299 = LINE( '', #10624, #10625 );
#8300 = LINE( '', #10626, #10627 );
#8301 = FILL_AREA_STYLE_COLOUR( '', #10628 );
#8302 = VERTEX_POINT( '', #10629 );
#8303 = VERTEX_POINT( '', #10630 );
#8304 = LINE( '', #10631, #10632 );
#8305 = VERTEX_POINT( '', #10633 );
#8306 = LINE( '', #10634, #10635 );
#8307 = VERTEX_POINT( '', #10636 );
#8308 = LINE( '', #10637, #10638 );
#8309 = LINE( '', #10639, #10640 );
#8310 = FILL_AREA_STYLE_COLOUR( '', #10641 );
#8311 = VERTEX_POINT( '', #10642 );
#8312 = LINE( '', #10643, #10644 );
#8313 = VERTEX_POINT( '', #10645 );
#8314 = LINE( '', #10646, #10647 );
#8315 = LINE( '', #10648, #10649 );
#8316 = FILL_AREA_STYLE_COLOUR( '', #10650 );
#8317 = LINE( '', #10651, #10652 );
#8318 = LINE( '', #10653, #10654 );
#8319 = FILL_AREA_STYLE_COLOUR( '', #10655 );
#8320 = VERTEX_POINT( '', #10656 );
#8321 = VERTEX_POINT( '', #10657 );
#8322 = LINE( '', #10658, #10659 );
#8323 = LINE( '', #10660, #10661 );
#8324 = LINE( '', #10662, #10663 );
#8325 = FILL_AREA_STYLE_COLOUR( '', #10664 );
#8326 = LINE( '', #10665, #10666 );
#8327 = FILL_AREA_STYLE_COLOUR( '', #10667 );
#8328 = LINE( '', #10668, #10669 );
#8329 = FILL_AREA_STYLE_COLOUR( '', #10670 );
#8330 = FILL_AREA_STYLE_COLOUR( '', #10671 );
#8331 = VERTEX_POINT( '', #10672 );
#8332 = VERTEX_POINT( '', #10673 );
#8333 = CIRCLE( '', #10674, 0.0360000000000000 );
#8334 = VERTEX_POINT( '', #10675 );
#8335 = LINE( '', #10676, #10677 );
#8336 = VERTEX_POINT( '', #10678 );
#8337 = LINE( '', #10679, #10680 );
#8338 = LINE( '', #10681, #10682 );
#8339 = VERTEX_POINT( '', #10683 );
#8340 = LINE( '', #10684, #10685 );
#8341 = CIRCLE( '', #10686, 0.0200000000000000 );
#8342 = LINE( '', #10687, #10688 );
#8343 = FILL_AREA_STYLE_COLOUR( '', #10689 );
#8344 = VERTEX_POINT( '', #10690 );
#8345 = CIRCLE( '', #10691, 0.0360000000000000 );
#8346 = VERTEX_POINT( '', #10692 );
#8347 = CIRCLE( '', #10693, 0.0360000000000000 );
#8348 = LINE( '', #10694, #10695 );
#8349 = FILL_AREA_STYLE_COLOUR( '', #10696 );
#8350 = VERTEX_POINT( '', #10697 );
#8351 = LINE( '', #10698, #10699 );
#8352 = LINE( '', #10700, #10701 );
#8353 = LINE( '', #10702, #10703 );
#8354 = FILL_AREA_STYLE_COLOUR( '', #10704 );
#8355 = LINE( '', #10705, #10706 );
#8356 = LINE( '', #10707, #10708 );
#8357 = FILL_AREA_STYLE_COLOUR( '', #10709 );
#8358 = LINE( '', #10710, #10711 );
#8359 = LINE( '', #10712, #10713 );
#8360 = FILL_AREA_STYLE_COLOUR( '', #10714 );
#8361 = VERTEX_POINT( '', #10715 );
#8362 = VERTEX_POINT( '', #10716 );
#8363 = LINE( '', #10717, #10718 );
#8364 = LINE( '', #10719, #10720 );
#8365 = LINE( '', #10721, #10722 );
#8366 = FILL_AREA_STYLE_COLOUR( '', #10723 );
#8367 = VERTEX_POINT( '', #10724 );
#8368 = LINE( '', #10725, #10726 );
#8369 = VERTEX_POINT( '', #10727 );
#8370 = LINE( '', #10728, #10729 );
#8371 = LINE( '', #10730, #10731 );
#8372 = FILL_AREA_STYLE_COLOUR( '', #10732 );
#8373 = LINE( '', #10733, #10734 );
#8374 = FILL_AREA_STYLE_COLOUR( '', #10735 );
#8375 = LINE( '', #10736, #10737 );
#8376 = VERTEX_POINT( '', #10738 );
#8377 = LINE( '', #10739, #10740 );
#8378 = LINE( '', #10741, #10742 );
#8379 = FILL_AREA_STYLE_COLOUR( '', #10743 );
#8380 = LINE( '', #10744, #10745 );
#8381 = VERTEX_POINT( '', #10746 );
#8382 = LINE( '', #10747, #10748 );
#8383 = VERTEX_POINT( '', #10749 );
#8384 = LINE( '', #10750, #10751 );
#8385 = LINE( '', #10752, #10753 );
#8386 = FILL_AREA_STYLE_COLOUR( '', #10754 );
#8387 = VERTEX_POINT( '', #10755 );
#8388 = LINE( '', #10756, #10757 );
#8389 = LINE( '', #10758, #10759 );
#8390 = VERTEX_POINT( '', #10760 );
#8391 = LINE( '', #10761, #10762 );
#8392 = VERTEX_POINT( '', #10763 );
#8393 = LINE( '', #10764, #10765 );
#8394 = LINE( '', #10766, #10767 );
#8395 = FILL_AREA_STYLE_COLOUR( '', #10768 );
#8396 = FILL_AREA_STYLE_COLOUR( '', #10769 );
#8397 = LINE( '', #10770, #10771 );
#8398 = FILL_AREA_STYLE_COLOUR( '', #10772 );
#8399 = VERTEX_POINT( '', #10773 );
#8400 = LINE( '', #10774, #10775 );
#8401 = LINE( '', #10776, #10777 );
#8402 = FILL_AREA_STYLE_COLOUR( '', #10778 );
#8403 = FILL_AREA_STYLE_COLOUR( '', #10779 );
#8404 = VERTEX_POINT( '', #10780 );
#8405 = LINE( '', #10781, #10782 );
#8406 = LINE( '', #10783, #10784 );
#8407 = FILL_AREA_STYLE_COLOUR( '', #10785 );
#8408 = LINE( '', #10786, #10787 );
#8409 = LINE( '', #10788, #10789 );
#8410 = FILL_AREA_STYLE_COLOUR( '', #10790 );
#8411 = LINE( '', #10791, #10792 );
#8412 = FILL_AREA_STYLE_COLOUR( '', #10793 );
#8413 = VERTEX_POINT( '', #10794 );
#8414 = LINE( '', #10795, #10796 );
#8415 = VERTEX_POINT( '', #10797 );
#8416 = LINE( '', #10798, #10799 );
#8417 = VERTEX_POINT( '', #10800 );
#8418 = LINE( '', #10801, #10802 );
#8419 = VERTEX_POINT( '', #10803 );
#8420 = LINE( '', #10804, #10805 );
#8421 = VERTEX_POINT( '', #10806 );
#8422 = CIRCLE( '', #10807, 0.0200000000000000 );
#8423 = LINE( '', #10808, #10809 );
#8424 = LINE( '', #10810, #10811 );
#8425 = FILL_AREA_STYLE_COLOUR( '', #10812 );
#8426 = LINE( '', #10813, #10814 );
#8427 = FILL_AREA_STYLE_COLOUR( '', #10815 );
#8428 = VERTEX_POINT( '', #10816 );
#8429 = LINE( '', #10817, #10818 );
#8430 = VERTEX_POINT( '', #10819 );
#8431 = LINE( '', #10820, #10821 );
#8432 = LINE( '', #10822, #10823 );
#8433 = FILL_AREA_STYLE_COLOUR( '', #10824 );
#8434 = VERTEX_POINT( '', #10825 );
#8435 = LINE( '', #10826, #10827 );
#8436 = LINE( '', #10828, #10829 );
#8437 = FILL_AREA_STYLE_COLOUR( '', #10830 );
#8438 = VERTEX_POINT( '', #10831 );
#8439 = VERTEX_POINT( '', #10832 );
#8440 = LINE( '', #10833, #10834 );
#8441 = VERTEX_POINT( '', #10835 );
#8442 = LINE( '', #10836, #10837 );
#8443 = VERTEX_POINT( '', #10838 );
#8444 = LINE( '', #10839, #10840 );
#8445 = LINE( '', #10841, #10842 );
#8446 = FILL_AREA_STYLE_COLOUR( '', #10843 );
#8447 = VERTEX_POINT( '', #10844 );
#8448 = LINE( '', #10845, #10846 );
#8449 = LINE( '', #10847, #10848 );
#8450 = FILL_AREA_STYLE_COLOUR( '', #10849 );
#8451 = LINE( '', #10850, #10851 );
#8452 = LINE( '', #10852, #10853 );
#8453 = FILL_AREA_STYLE_COLOUR( '', #10854 );
#8454 = VERTEX_POINT( '', #10855 );
#8455 = LINE( '', #10856, #10857 );
#8456 = VERTEX_POINT( '', #10858 );
#8457 = LINE( '', #10859, #10860 );
#8458 = LINE( '', #10861, #10862 );
#8459 = FILL_AREA_STYLE_COLOUR( '', #10863 );
#8460 = VERTEX_POINT( '', #10864 );
#8461 = LINE( '', #10865, #10866 );
#8462 = LINE( '', #10867, #10868 );
#8463 = VERTEX_POINT( '', #10869 );
#8464 = LINE( '', #10870, #10871 );
#8465 = VERTEX_POINT( '', #10872 );
#8466 = LINE( '', #10873, #10874 );
#8467 = LINE( '', #10875, #10876 );
#8468 = FILL_AREA_STYLE_COLOUR( '', #10877 );
#8469 = LINE( '', #10878, #10879 );
#8470 = LINE( '', #10880, #10881 );
#8471 = FILL_AREA_STYLE_COLOUR( '', #10882 );
#8472 = LINE( '', #10883, #10884 );
#8473 = VERTEX_POINT( '', #10885 );
#8474 = LINE( '', #10886, #10887 );
#8475 = VERTEX_POINT( '', #10888 );
#8476 = LINE( '', #10889, #10890 );
#8477 = LINE( '', #10891, #10892 );
#8478 = FILL_AREA_STYLE_COLOUR( '', #10893 );
#8479 = VERTEX_POINT( '', #10894 );
#8480 = LINE( '', #10895, #10896 );
#8481 = LINE( '', #10897, #10898 );
#8482 = FILL_AREA_STYLE_COLOUR( '', #10899 );
#8483 = LINE( '', #10900, #10901 );
#8484 = FILL_AREA_STYLE_COLOUR( '', #10902 );
#8485 = VERTEX_POINT( '', #10903 );
#8486 = LINE( '', #10904, #10905 );
#8487 = LINE( '', #10906, #10907 );
#8488 = FILL_AREA_STYLE_COLOUR( '', #10908 );
#8489 = VERTEX_POINT( '', #10909 );
#8490 = LINE( '', #10910, #10911 );
#8491 = LINE( '', #10912, #10913 );
#8492 = FILL_AREA_STYLE_COLOUR( '', #10914 );
#8493 = LINE( '', #10915, #10916 );
#8494 = LINE( '', #10917, #10918 );
#8495 = VERTEX_POINT( '', #10919 );
#8496 = LINE( '', #10920, #10921 );
#8497 = LINE( '', #10922, #10923 );
#8498 = FILL_AREA_STYLE_COLOUR( '', #10924 );
#8499 = FILL_AREA_STYLE_COLOUR( '', #10925 );
#8500 = VERTEX_POINT( '', #10926 );
#8501 = LINE( '', #10927, #10928 );
#8502 = VERTEX_POINT( '', #10929 );
#8503 = LINE( '', #10930, #10931 );
#8504 = LINE( '', #10932, #10933 );
#8505 = FILL_AREA_STYLE_COLOUR( '', #10934 );
#8506 = LINE( '', #10935, #10936 );
#8507 = FILL_AREA_STYLE_COLOUR( '', #10937 );
#8508 = LINE( '', #10938, #10939 );
#8509 = FILL_AREA_STYLE_COLOUR( '', #10940 );
#8510 = VERTEX_POINT( '', #10941 );
#8511 = LINE( '', #10942, #10943 );
#8512 = LINE( '', #10944, #10945 );
#8513 = LINE( '', #10946, #10947 );
#8514 = FILL_AREA_STYLE_COLOUR( '', #10948 );
#8515 = VERTEX_POINT( '', #10949 );
#8516 = LINE( '', #10950, #10951 );
#8517 = VERTEX_POINT( '', #10952 );
#8518 = LINE( '', #10953, #10954 );
#8519 = LINE( '', #10955, #10956 );
#8520 = FILL_AREA_STYLE_COLOUR( '', #10957 );
#8521 = VERTEX_POINT( '', #10958 );
#8522 = VERTEX_POINT( '', #10959 );
#8523 = LINE( '', #10960, #10961 );
#8524 = LINE( '', #10962, #10963 );
#8525 = LINE( '', #10964, #10965 );
#8526 = LINE( '', #10966, #10967 );
#8527 = LINE( '', #10968, #10969 );
#8528 = FILL_AREA_STYLE_COLOUR( '', #10970 );
#8529 = VERTEX_POINT( '', #10971 );
#8530 = LINE( '', #10972, #10973 );
#8531 = VERTEX_POINT( '', #10974 );
#8532 = LINE( '', #10975, #10976 );
#8533 = LINE( '', #10977, #10978 );
#8534 = FILL_AREA_STYLE_COLOUR( '', #10979 );
#8535 = LINE( '', #10980, #10981 );
#8536 = LINE( '', #10982, #10983 );
#8537 = FILL_AREA_STYLE_COLOUR( '', #10984 );
#8538 = LINE( '', #10985, #10986 );
#8539 = LINE( '', #10987, #10988 );
#8540 = FILL_AREA_STYLE_COLOUR( '', #10989 );
#8541 = VERTEX_POINT( '', #10990 );
#8542 = LINE( '', #10991, #10992 );
#8543 = LINE( '', #10993, #10994 );
#8544 = FILL_AREA_STYLE_COLOUR( '', #10995 );
#8545 = CIRCLE( '', #10996, 0.0150000000000000 );
#8546 = FILL_AREA_STYLE_COLOUR( '', #10997 );
#8547 = VERTEX_POINT( '', #10998 );
#8548 = VERTEX_POINT( '', #10999 );
#8549 = LINE( '', #11000, #11001 );
#8550 = LINE( '', #11002, #11003 );
#8551 = LINE( '', #11004, #11005 );
#8552 = FILL_AREA_STYLE_COLOUR( '', #11006 );
#8553 = VERTEX_POINT( '', #11007 );
#8554 = LINE( '', #11008, #11009 );
#8555 = LINE( '', #11010, #11011 );
#8556 = FILL_AREA_STYLE_COLOUR( '', #11012 );
#8557 = VERTEX_POINT( '', #11013 );
#8558 = LINE( '', #11014, #11015 );
#8559 = LINE( '', #11016, #11017 );
#8560 = FILL_AREA_STYLE_COLOUR( '', #11018 );
#8561 = LINE( '', #11019, #11020 );
#8562 = FILL_AREA_STYLE_COLOUR( '', #11021 );
#8563 = LINE( '', #11022, #11023 );
#8564 = FILL_AREA_STYLE_COLOUR( '', #11024 );
#8565 = FILL_AREA_STYLE_COLOUR( '', #11025 );
#8566 = FILL_AREA_STYLE_COLOUR( '', #11026 );
#8567 = LINE( '', #11027, #11028 );
#8568 = FILL_AREA_STYLE_COLOUR( '', #11029 );
#8569 = LINE( '', #11030, #11031 );
#8570 = LINE( '', #11032, #11033 );
#8571 = FILL_AREA_STYLE_COLOUR( '', #11034 );
#8572 = CIRCLE( '', #11035, 0.0150000000000000 );
#8573 = FILL_AREA_STYLE_COLOUR( '', #11036 );
#8574 = VERTEX_POINT( '', #11037 );
#8575 = VERTEX_POINT( '', #11038 );
#8576 = LINE( '', #11039, #11040 );
#8577 = LINE( '', #11041, #11042 );
#8578 = LINE( '', #11043, #11044 );
#8579 = FILL_AREA_STYLE_COLOUR( '', #11045 );
#8580 = FILL_AREA_STYLE_COLOUR( '', #11046 );
#8581 = LINE( '', #11047, #11048 );
#8582 = FILL_AREA_STYLE_COLOUR( '', #11049 );
#8583 = VERTEX_POINT( '', #11050 );
#8584 = CIRCLE( '', #11051, 0.0360000000000000 );
#8585 = LINE( '', #11052, #11053 );
#8586 = FILL_AREA_STYLE_COLOUR( '', #11054 );
#8587 = VERTEX_POINT( '', #11055 );
#8588 = LINE( '', #11056, #11057 );
#8589 = LINE( '', #11058, #11059 );
#8590 = FILL_AREA_STYLE_COLOUR( '', #11060 );
#8591 = LINE( '', #11061, #11062 );
#8592 = LINE( '', #11063, #11064 );
#8593 = FILL_AREA_STYLE_COLOUR( '', #11065 );
#8594 = VERTEX_POINT( '', #11066 );
#8595 = CIRCLE( '', #11067, 0.0150000000000000 );
#8596 = LINE( '', #11068, #11069 );
#8597 = FILL_AREA_STYLE_COLOUR( '', #11070 );
#8598 = VERTEX_POINT( '', #11071 );
#8599 = LINE( '', #11072, #11073 );
#8600 = VERTEX_POINT( '', #11074 );
#8601 = LINE( '', #11075, #11076 );
#8602 = LINE( '', #11077, #11078 );
#8603 = FILL_AREA_STYLE_COLOUR( '', #11079 );
#8604 = VERTEX_POINT( '', #11080 );
#8605 = LINE( '', #11081, #11082 );
#8606 = VERTEX_POINT( '', #11083 );
#8607 = LINE( '', #11084, #11085 );
#8608 = LINE( '', #11086, #11087 );
#8609 = FILL_AREA_STYLE_COLOUR( '', #11088 );
#8610 = VERTEX_POINT( '', #11089 );
#8611 = LINE( '', #11090, #11091 );
#8612 = LINE( '', #11092, #11093 );
#8613 = FILL_AREA_STYLE_COLOUR( '', #11094 );
#8614 = VERTEX_POINT( '', #11095 );
#8615 = LINE( '', #11096, #11097 );
#8616 = LINE( '', #11098, #11099 );
#8617 = FILL_AREA_STYLE_COLOUR( '', #11100 );
#8618 = LINE( '', #11101, #11102 );
#8619 = FILL_AREA_STYLE_COLOUR( '', #11103 );
#8620 = VERTEX_POINT( '', #11104 );
#8621 = LINE( '', #11105, #11106 );
#8622 = LINE( '', #11107, #11108 );
#8623 = FILL_AREA_STYLE_COLOUR( '', #11109 );
#8624 = LINE( '', #11110, #11111 );
#8625 = FILL_AREA_STYLE_COLOUR( '', #11112 );
#8626 = VERTEX_POINT( '', #11113 );
#8627 = VERTEX_POINT( '', #11114 );
#8628 = LINE( '', #11115, #11116 );
#8629 = VERTEX_POINT( '', #11117 );
#8630 = LINE( '', #11118, #11119 );
#8631 = VERTEX_POINT( '', #11120 );
#8632 = LINE( '', #11121, #11122 );
#8633 = LINE( '', #11123, #11124 );
#8634 = FILL_AREA_STYLE_COLOUR( '', #11125 );
#8635 = LINE( '', #11126, #11127 );
#8636 = FILL_AREA_STYLE_COLOUR( '', #11128 );
#8637 = LINE( '', #11129, #11130 );
#8638 = FILL_AREA_STYLE_COLOUR( '', #11131 );
#8639 = LINE( '', #11132, #11133 );
#8640 = VERTEX_POINT( '', #11134 );
#8641 = LINE( '', #11135, #11136 );
#8642 = LINE( '', #11137, #11138 );
#8643 = LINE( '', #11139, #11140 );
#8644 = VERTEX_POINT( '', #11141 );
#8645 = LINE( '', #11142, #11143 );
#8646 = LINE( '', #11144, #11145 );
#8647 = VERTEX_POINT( '', #11146 );
#8648 = LINE( '', #11147, #11148 );
#8649 = LINE( '', #11149, #11150 );
#8650 = VERTEX_POINT( '', #11151 );
#8651 = LINE( '', #11152, #11153 );
#8652 = VERTEX_POINT( '', #11154 );
#8653 = LINE( '', #11155, #11156 );
#8654 = LINE( '', #11157, #11158 );
#8655 = FILL_AREA_STYLE_COLOUR( '', #11159 );
#8656 = LINE( '', #11160, #11161 );
#8657 = FILL_AREA_STYLE_COLOUR( '', #11162 );
#8658 = LINE( '', #11163, #11164 );
#8659 = FILL_AREA_STYLE_COLOUR( '', #11165 );
#8660 = FILL_AREA_STYLE_COLOUR( '', #11166 );
#8661 = FILL_AREA_STYLE_COLOUR( '', #11167 );
#8662 = VERTEX_POINT( '', #11168 );
#8663 = LINE( '', #11169, #11170 );
#8664 = VERTEX_POINT( '', #11171 );
#8665 = LINE( '', #11172, #11173 );
#8666 = LINE( '', #11174, #11175 );
#8667 = FILL_AREA_STYLE_COLOUR( '', #11176 );
#8668 = LINE( '', #11177, #11178 );
#8669 = LINE( '', #11179, #11180 );
#8670 = FILL_AREA_STYLE_COLOUR( '', #11181 );
#8671 = VERTEX_POINT( '', #11182 );
#8672 = LINE( '', #11183, #11184 );
#8673 = LINE( '', #11185, #11186 );
#8674 = FILL_AREA_STYLE_COLOUR( '', #11187 );
#8675 = FILL_AREA_STYLE_COLOUR( '', #11188 );
#8676 = FILL_AREA_STYLE_COLOUR( '', #11189 );
#8677 = VERTEX_POINT( '', #11190 );
#8678 = VERTEX_POINT( '', #11191 );
#8679 = CIRCLE( '', #11192, 0.0360000000000000 );
#8680 = LINE( '', #11193, #11194 );
#8681 = LINE( '', #11195, #11196 );
#8682 = FILL_AREA_STYLE_COLOUR( '', #11197 );
#8683 = VERTEX_POINT( '', #11198 );
#8684 = CIRCLE( '', #11199, 0.0360000000000000 );
#8685 = VERTEX_POINT( '', #11200 );
#8686 = LINE( '', #11201, #11202 );
#8687 = CIRCLE( '', #11203, 0.0360000000000000 );
#8688 = FILL_AREA_STYLE_COLOUR( '', #11204 );
#8689 = LINE( '', #11205, #11206 );
#8690 = FILL_AREA_STYLE_COLOUR( '', #11207 );
#8691 = VERTEX_POINT( '', #11208 );
#8692 = LINE( '', #11209, #11210 );
#8693 = LINE( '', #11211, #11212 );
#8694 = FILL_AREA_STYLE_COLOUR( '', #11213 );
#8695 = LINE( '', #11214, #11215 );
#8696 = FILL_AREA_STYLE_COLOUR( '', #11216 );
#8697 = FILL_AREA_STYLE_COLOUR( '', #11217 );
#8698 = VERTEX_POINT( '', #11218 );
#8699 = LINE( '', #11219, #11220 );
#8700 = LINE( '', #11221, #11222 );
#8701 = CIRCLE( '', #11223, 0.0200000000000000 );
#8702 = LINE( '', #11224, #11225 );
#8703 = CIRCLE( '', #11226, 0.0360000000000000 );
#8704 = VERTEX_POINT( '', #11227 );
#8705 = CIRCLE( '', #11228, 0.0200000000000000 );
#8706 = LINE( '', #11229, #11230 );
#8707 = FILL_AREA_STYLE_COLOUR( '', #11231 );
#8708 = VERTEX_POINT( '', #11232 );
#8709 = LINE( '', #11233, #11234 );
#8710 = LINE( '', #11235, #11236 );
#8711 = FILL_AREA_STYLE_COLOUR( '', #11237 );
#8712 = LINE( '', #11238, #11239 );
#8713 = FILL_AREA_STYLE_COLOUR( '', #11240 );
#8714 = LINE( '', #11241, #11242 );
#8715 = FILL_AREA_STYLE_COLOUR( '', #11243 );
#8716 = FILL_AREA_STYLE_COLOUR( '', #11244 );
#8717 = LINE( '', #11245, #11246 );
#8718 = LINE( '', #11247, #11248 );
#8719 = FILL_AREA_STYLE_COLOUR( '', #11249 );
#8720 = VERTEX_POINT( '', #11250 );
#8721 = LINE( '', #11251, #11252 );
#8722 = VERTEX_POINT( '', #11253 );
#8723 = LINE( '', #11254, #11255 );
#8724 = LINE( '', #11256, #11257 );
#8725 = FILL_AREA_STYLE_COLOUR( '', #11258 );
#8726 = LINE( '', #11259, #11260 );
#8727 = FILL_AREA_STYLE_COLOUR( '', #11261 );
#8728 = LINE( '', #11262, #11263 );
#8729 = FILL_AREA_STYLE_COLOUR( '', #11264 );
#8730 = LINE( '', #11265, #11266 );
#8731 = FILL_AREA_STYLE_COLOUR( '', #11267 );
#8732 = CIRCLE( '', #11268, 0.0150000000000000 );
#8733 = CIRCLE( '', #11269, 0.0126436117000000 );
#8734 = FILL_AREA_STYLE_COLOUR( '', #11270 );
#8735 = FILL_AREA_STYLE_COLOUR( '', #11271 );
#8736 = VERTEX_POINT( '', #11272 );
#8737 = CIRCLE( '', #11273, 0.0200000000000000 );
#8738 = VERTEX_POINT( '', #11274 );
#8739 = LINE( '', #11275, #11276 );
#8740 = VERTEX_POINT( '', #11277 );
#8741 = LINE( '', #11278, #11279 );
#8742 = VERTEX_POINT( '', #11280 );
#8743 = LINE( '', #11281, #11282 );
#8744 = LINE( '', #11283, #11284 );
#8745 = LINE( '', #11285, #11286 );
#8746 = FILL_AREA_STYLE_COLOUR( '', #11287 );
#8747 = FILL_AREA_STYLE_COLOUR( '', #11288 );
#8748 = LINE( '', #11289, #11290 );
#8749 = CIRCLE( '', #11291, 0.0150000000000000 );
#8750 = CIRCLE( '', #11292, 0.0150000000000000 );
#8751 = VERTEX_POINT( '', #11293 );
#8752 = CIRCLE( '', #11294, 0.0150000000000000 );
#8753 = LINE( '', #11295, #11296 );
#8754 = LINE( '', #11297, #11298 );
#8755 = LINE( '', #11299, #11300 );
#8756 = LINE( '', #11301, #11302 );
#8757 = VERTEX_POINT( '', #11303 );
#8758 = LINE( '', #11304, #11305 );
#8759 = LINE( '', #11306, #11307 );
#8760 = FILL_AREA_STYLE_COLOUR( '', #11308 );
#8761 = FILL_AREA_STYLE_COLOUR( '', #11309 );
#8762 = FILL_AREA_STYLE_COLOUR( '', #11310 );
#8763 = CIRCLE( '', #11311, 0.0126436117000000 );
#8764 = LINE( '', #11312, #11313 );
#8765 = FILL_AREA_STYLE_COLOUR( '', #11314 );
#8766 = LINE( '', #11315, #11316 );
#8767 = LINE( '', #11317, #11318 );
#8768 = FILL_AREA_STYLE_COLOUR( '', #11319 );
#8769 = FILL_AREA_STYLE_COLOUR( '', #11320 );
#8770 = LINE( '', #11321, #11322 );
#8771 = FILL_AREA_STYLE_COLOUR( '', #11323 );
#8772 = FILL_AREA_STYLE_COLOUR( '', #11324 );
#8773 = FILL_AREA_STYLE_COLOUR( '', #11325 );
#8774 = VERTEX_POINT( '', #11326 );
#8775 = LINE( '', #11327, #11328 );
#8776 = LINE( '', #11329, #11330 );
#8777 = FILL_AREA_STYLE_COLOUR( '', #11331 );
#8778 = VERTEX_POINT( '', #11332 );
#8779 = LINE( '', #11333, #11334 );
#8780 = VERTEX_POINT( '', #11335 );
#8781 = LINE( '', #11336, #11337 );
#8782 = LINE( '', #11338, #11339 );
#8783 = FILL_AREA_STYLE_COLOUR( '', #11340 );
#8784 = FILL_AREA_STYLE_COLOUR( '', #11341 );
#8785 = FILL_AREA_STYLE_COLOUR( '', #11342 );
#8786 = LINE( '', #11343, #11344 );
#8787 = FILL_AREA_STYLE_COLOUR( '', #11345 );
#8788 = FILL_AREA_STYLE_COLOUR( '', #11346 );
#8789 = VERTEX_POINT( '', #11347 );
#8790 = CIRCLE( '', #11348, 0.0200000000000000 );
#8791 = LINE( '', #11349, #11350 );
#8792 = FILL_AREA_STYLE_COLOUR( '', #11351 );
#8793 = VERTEX_POINT( '', #11352 );
#8794 = LINE( '', #11353, #11354 );
#8795 = VERTEX_POINT( '', #11355 );
#8796 = CIRCLE( '', #11356, 0.0360000000000000 );
#8797 = LINE( '', #11357, #11358 );
#8798 = FILL_AREA_STYLE_COLOUR( '', #11359 );
#8799 = LINE( '', #11360, #11361 );
#8800 = FILL_AREA_STYLE_COLOUR( '', #11362 );
#8801 = FILL_AREA_STYLE_COLOUR( '', #11363 );
#8802 = VERTEX_POINT( '', #11364 );
#8803 = CIRCLE( '', #11365, 0.0360000000000000 );
#8804 = LINE( '', #11366, #11367 );
#8805 = FILL_AREA_STYLE_COLOUR( '', #11368 );
#8806 = VERTEX_POINT( '', #11369 );
#8807 = LINE( '', #11370, #11371 );
#8808 = CIRCLE( '', #11372, 0.0200000000000000 );
#8809 = FILL_AREA_STYLE_COLOUR( '', #11373 );
#8810 = FILL_AREA_STYLE_COLOUR( '', #11374 );
#8811 = LINE( '', #11375, #11376 );
#8812 = FILL_AREA_STYLE_COLOUR( '', #11377 );
#8813 = LINE( '', #11378, #11379 );
#8814 = FILL_AREA_STYLE_COLOUR( '', #11380 );
#8815 = VERTEX_POINT( '', #11381 );
#8816 = LINE( '', #11382, #11383 );
#8817 = VERTEX_POINT( '', #11384 );
#8818 = CIRCLE( '', #11385, 0.0360000000000000 );
#8819 = LINE( '', #11386, #11387 );
#8820 = VERTEX_POINT( '', #11388 );
#8821 = LINE( '', #11389, #11390 );
#8822 = VERTEX_POINT( '', #11391 );
#8823 = LINE( '', #11392, #11393 );
#8824 = CIRCLE( '', #11394, 0.0360000000000000 );
#8825 = LINE( '', #11395, #11396 );
#8826 = FILL_AREA_STYLE_COLOUR( '', #11397 );
#8827 = LINE( '', #11398, #11399 );
#8828 = FILL_AREA_STYLE_COLOUR( '', #11400 );
#8829 = LINE( '', #11401, #11402 );
#8830 = FILL_AREA_STYLE_COLOUR( '', #11403 );
#8831 = LINE( '', #11404, #11405 );
#8832 = FILL_AREA_STYLE_COLOUR( '', #11406 );
#8833 = LINE( '', #11407, #11408 );
#8834 = FILL_AREA_STYLE_COLOUR( '', #11409 );
#8835 = FILL_AREA_STYLE_COLOUR( '', #11410 );
#8836 = VERTEX_POINT( '', #11411 );
#8837 = LINE( '', #11412, #11413 );
#8838 = LINE( '', #11414, #11415 );
#8839 = FILL_AREA_STYLE_COLOUR( '', #11416 );
#8840 = LINE( '', #11417, #11418 );
#8841 = FILL_AREA_STYLE_COLOUR( '', #11419 );
#8842 = LINE( '', #11420, #11421 );
#8843 = FILL_AREA_STYLE_COLOUR( '', #11422 );
#8844 = VERTEX_POINT( '', #11423 );
#8845 = LINE( '', #11424, #11425 );
#8846 = LINE( '', #11426, #11427 );
#8847 = FILL_AREA_STYLE_COLOUR( '', #11428 );
#8848 = FILL_AREA_STYLE_COLOUR( '', #11429 );
#8849 = LINE( '', #11430, #11431 );
#8850 = CIRCLE( '', #11432, 0.0200000000000000 );
#8851 = FILL_AREA_STYLE_COLOUR( '', #11433 );
#8852 = LINE( '', #11434, #11435 );
#8853 = FILL_AREA_STYLE_COLOUR( '', #11436 );
#8854 = VERTEX_POINT( '', #11437 );
#8855 = LINE( '', #11438, #11439 );
#8856 = LINE( '', #11440, #11441 );
#8857 = FILL_AREA_STYLE_COLOUR( '', #11442 );
#8858 = FILL_AREA_STYLE_COLOUR( '', #11443 );
#8859 = LINE( '', #11444, #11445 );
#8860 = FILL_AREA_STYLE_COLOUR( '', #11446 );
#8861 = FILL_AREA_STYLE_COLOUR( '', #11447 );
#8862 = FILL_AREA_STYLE_COLOUR( '', #11448 );
#8863 = LINE( '', #11449, #11450 );
#8864 = FILL_AREA_STYLE_COLOUR( '', #11451 );
#8865 = FILL_AREA_STYLE_COLOUR( '', #11452 );
#8866 = VERTEX_POINT( '', #11453 );
#8867 = LINE( '', #11454, #11455 );
#8868 = LINE( '', #11456, #11457 );
#8869 = FILL_AREA_STYLE_COLOUR( '', #11458 );
#8870 = FILL_AREA_STYLE_COLOUR( '', #11459 );
#8871 = FILL_AREA_STYLE_COLOUR( '', #11460 );
#8872 = FILL_AREA_STYLE_COLOUR( '', #11461 );
#8873 = FILL_AREA_STYLE_COLOUR( '', #11462 );
#8874 = LINE( '', #11463, #11464 );
#8875 = FILL_AREA_STYLE_COLOUR( '', #11465 );
#8876 = FILL_AREA_STYLE_COLOUR( '', #11466 );
#8877 = LINE( '', #11467, #11468 );
#8878 = FILL_AREA_STYLE_COLOUR( '', #11469 );
#8879 = VERTEX_POINT( '', #11470 );
#8880 = LINE( '', #11471, #11472 );
#8881 = LINE( '', #11473, #11474 );
#8882 = FILL_AREA_STYLE_COLOUR( '', #11475 );
#8883 = FILL_AREA_STYLE_COLOUR( '', #11476 );
#8884 = FILL_AREA_STYLE_COLOUR( '', #11477 );
#8885 = FILL_AREA_STYLE_COLOUR( '', #11478 );
#8886 = FILL_AREA_STYLE_COLOUR( '', #11479 );
#8887 = FILL_AREA_STYLE_COLOUR( '', #11480 );
#8888 = FILL_AREA_STYLE_COLOUR( '', #11481 );
#8889 = LINE( '', #11482, #11483 );
#8890 = LINE( '', #11484, #11485 );
#8891 = LINE( '', #11486, #11487 );
#8892 = FILL_AREA_STYLE_COLOUR( '', #11488 );
#8893 = FILL_AREA_STYLE_COLOUR( '', #11489 );
#8894 = FILL_AREA_STYLE_COLOUR( '', #11490 );
#8895 = LINE( '', #11491, #11492 );
#8896 = LINE( '', #11493, #11494 );
#8897 = FILL_AREA_STYLE_COLOUR( '', #11495 );
#8898 = FILL_AREA_STYLE_COLOUR( '', #11496 );
#8899 = LINE( '', #11497, #11498 );
#8900 = FILL_AREA_STYLE_COLOUR( '', #11499 );
#8901 = FILL_AREA_STYLE_COLOUR( '', #11500 );
#8902 = LINE( '', #11501, #11502 );
#8903 = FILL_AREA_STYLE_COLOUR( '', #11503 );
#8904 = FILL_AREA_STYLE_COLOUR( '', #11504 );
#8905 = FILL_AREA_STYLE_COLOUR( '', #11505 );
#8906 = FILL_AREA_STYLE_COLOUR( '', #11506 );
#8907 = FILL_AREA_STYLE_COLOUR( '', #11507 );
#8908 = FILL_AREA_STYLE_COLOUR( '', #11508 );
#8909 = FILL_AREA_STYLE_COLOUR( '', #11509 );
#8910 = FILL_AREA_STYLE_COLOUR( '', #11510 );
#8911 = FILL_AREA_STYLE_COLOUR( '', #11511 );
#8912 = FILL_AREA_STYLE_COLOUR( '', #11512 );
#8913 = FILL_AREA_STYLE_COLOUR( '', #11513 );
#8914 = COLOUR_RGB( '', 0.689999997600000, 0.689999997600000, 0.689999997600000 );
#8915 = CARTESIAN_POINT( '', ( 0.0600000000000000, 0.000000000000000, -0.0975000000000000 ) );
#8916 = CARTESIAN_POINT( '', ( 0.0600000000000000, 0.0200000000000000, -0.0975000000000000 ) );
#8917 = CARTESIAN_POINT( '', ( 0.0600000000000000, 0.185000000000000, -0.0975000000000000 ) );
#8918 = VECTOR( '', #11514, 39.3700787402000 );
#8919 = CARTESIAN_POINT( '', ( 0.0600000000000000, 0.0200000000000000, 0.0975000000000000 ) );
#8920 = CARTESIAN_POINT( '', ( 0.0600000000000000, 0.0200000000000000, 0.250000000000000 ) );
#8921 = VECTOR( '', #11515, 39.3700787402000 );
#8922 = CARTESIAN_POINT( '', ( 0.0600000000000000, 0.000000000000000, 0.0975000000000000 ) );
#8923 = CARTESIAN_POINT( '', ( 0.0600000000000000, 0.185000000000000, 0.0975000000000000 ) );
#8924 = VECTOR( '', #11516, 39.3700787402000 );
#8925 = CARTESIAN_POINT( '', ( 0.0600000000000000, 0.000000000000000, 0.000000000000000 ) );
#8926 = VECTOR( '', #11517, 39.3700787402000 );
#8927 = COLOUR_RGB( '', 1.00000000000000, 1.00000000000000, 0.000000000000000 );
#8928 = CARTESIAN_POINT( '', ( 0.115500000000000, 0.0120000000000000, 0.197500000000000 ) );
#8929 = CARTESIAN_POINT( '', ( 0.115500000000000, 0.00399999999999999, 0.197500000000000 ) );
#8930 = CARTESIAN_POINT( '', ( 0.115500000000000, 0.0120000000000000, 0.197500000000000 ) );
#8931 = VECTOR( '', #11518, 39.3700787402000 );
#8932 = CARTESIAN_POINT( '', ( 0.0845000000000000, 0.0120000000000000, 0.197500000000000 ) );
#8933 = CARTESIAN_POINT( '', ( 0.215500000000000, 0.0120000000000000, 0.197500000000000 ) );
#8934 = VECTOR( '', #11519, 39.3700787402000 );
#8935 = CARTESIAN_POINT( '', ( 0.0845000000000000, 0.00399999999999999, 0.197500000000000 ) );
#8936 = CARTESIAN_POINT( '', ( 0.0845000000000000, 0.0120000000000000, 0.197500000000000 ) );
#8937 = VECTOR( '', #11520, 39.3700787402000 );
#8938 = CARTESIAN_POINT( '', ( 0.215500000000000, 0.00400000000000000, 0.197500000000000 ) );
#8939 = VECTOR( '', #11521, 39.3700787402000 );
#8940 = COLOUR_RGB( '', 0.689999997600000, 0.689999997600000, 0.689999997600000 );
#8941 = CARTESIAN_POINT( '', ( 0.0155000000000000, 0.0200000000000000, 0.0395000000000000 ) );
#8942 = CARTESIAN_POINT( '', ( 0.0155000000000000, 0.0200000000000000, 0.0345000000000000 ) );
#8943 = CARTESIAN_POINT( '', ( 0.0155000000000000, 0.0200000000000000, 0.250000000000000 ) );
#8944 = VECTOR( '', #11522, 39.3700787402000 );
#8945 = CARTESIAN_POINT( '', ( 0.0155000000000000, 0.300000000000000, 0.0395000000000000 ) );
#8946 = CARTESIAN_POINT( '', ( 0.0155000000000000, 0.335000000000000, 0.0395000000000000 ) );
#8947 = VECTOR( '', #11523, 39.3700787402000 );
#8948 = CARTESIAN_POINT( '', ( 0.0155000000000000, 0.300000000000000, 0.0605000000000000 ) );
#8949 = CARTESIAN_POINT( '', ( 0.0155000000000000, 0.300000000000000, 0.0655000000000000 ) );
#8950 = VECTOR( '', #11524, 39.3700787402000 );
#8951 = CARTESIAN_POINT( '', ( 0.0155000000000000, 0.0200000000000000, 0.0605000000000000 ) );
#8952 = CARTESIAN_POINT( '', ( 0.0155000000000000, 0.335000000000000, 0.0605000000000000 ) );
#8953 = VECTOR( '', #11525, 39.3700787402000 );
#8954 = CARTESIAN_POINT( '', ( 0.0155000000000000, 0.0200000000000000, 0.0655000000000000 ) );
#8955 = CARTESIAN_POINT( '', ( 0.0155000000000000, 0.0200000000000000, 0.250000000000000 ) );
#8956 = VECTOR( '', #11526, 39.3700787402000 );
#8957 = CARTESIAN_POINT( '', ( 0.0155000000000000, 0.335000000000000, 0.0655000000000000 ) );
#8958 = CARTESIAN_POINT( '', ( 0.0155000000000000, 0.335000000000000, 0.0655000000000000 ) );
#8959 = VECTOR( '', #11527, 39.3700787402000 );
#8960 = CARTESIAN_POINT( '', ( 0.0155000000000000, 0.335000000000000, 0.0345000000000000 ) );
#8961 = CARTESIAN_POINT( '', ( 0.0155000000000000, 0.335000000000000, 0.0655000000000000 ) );
#8962 = VECTOR( '', #11528, 39.3700787402000 );
#8963 = CARTESIAN_POINT( '', ( 0.0155000000000000, 0.335000000000000, 0.0345000000000000 ) );
#8964 = VECTOR( '', #11529, 39.3700787402000 );
#8965 = COLOUR_RGB( '', 0.689999997600000, 0.689999997600000, 0.689999997600000 );
#8966 = CARTESIAN_POINT( '', ( -0.240000000000000, 0.185000000000000, -0.0174817400000000 ) );
#8967 = CARTESIAN_POINT( '', ( -0.160000000000000, 0.185000000000000, -0.0174817400000000 ) );
#8968 = CARTESIAN_POINT( '', ( -0.240000000000000, 0.185000000000000, -0.0174817400000000 ) );
#8969 = VECTOR( '', #11530, 39.3700787402000 );
#8970 = CARTESIAN_POINT( '', ( -0.162356388298550, 0.335000000000000, -0.0198381282985497 ) );
#8971 = CARTESIAN_POINT( '', ( -0.160000000000000, 0.185000000000000, -0.0174817400000000 ) );
#8972 = VECTOR( '', #11531, 39.3700787402000 );
#8973 = CARTESIAN_POINT( '', ( -0.237643611701450, 0.335000000000000, -0.0198381282985497 ) );
#8974 = CARTESIAN_POINT( '', ( -0.240000000000000, 0.335000000000000, -0.0198381282985497 ) );
#8975 = VECTOR( '', #11532, 39.3700787402000 );
#8976 = CARTESIAN_POINT( '', ( -0.240000000000000, 0.185000000000000, -0.0174817400000000 ) );
#8977 = VECTOR( '', #11533, 39.3700787402000 );
#8978 = COLOUR_RGB( '', 1.00000000000000, 1.00000000000000, 0.000000000000000 );
#8979 = CARTESIAN_POINT( '', ( -0.0845000000000000, 0.0160000000000000, 0.193500000000000 ) );
#8980 = CARTESIAN_POINT( '', ( -0.0845000000000000, 0.0120000000000000, 0.197500000000000 ) );
#8981 = CARTESIAN_POINT( '', ( -0.0845000000000000, 0.0160000000000000, 0.193500000000000 ) );
#8982 = VECTOR( '', #11534, 39.3700787402000 );
#8983 = CARTESIAN_POINT( '', ( -0.115500000000000, 0.0160000000000000, 0.193500000000000 ) );
#8984 = CARTESIAN_POINT( '', ( 0.215500000000000, 0.0160000000000000, 0.193500000000000 ) );
#8985 = VECTOR( '', #11535, 39.3700787402000 );
#8986 = CARTESIAN_POINT( '', ( -0.115500000000000, 0.0120000000000000, 0.197500000000000 ) );
#8987 = CARTESIAN_POINT( '', ( -0.115500000000000, 0.0160000000000000, 0.193500000000000 ) );
#8988 = VECTOR( '', #11536, 39.3700787402000 );
#8989 = CARTESIAN_POINT( '', ( 0.215500000000000, 0.0120000000000000, 0.197500000000000 ) );
#8990 = VECTOR( '', #11537, 39.3700787402000 );
#8991 = COLOUR_RGB( '', 0.689999997600000, 0.689999997600000, 0.689999997600000 );
#8992 = CARTESIAN_POINT( '', ( -0.0600000000000000, 0.185000000000000, 0.0675182600000000 ) );
#8993 = CARTESIAN_POINT( '', ( -0.0600000000000000, 0.185000000000000, 0.0174817400000000 ) );
#8994 = CARTESIAN_POINT( '', ( -0.0600000000000000, 0.185000000000000, 0.0675182600000000 ) );
#8995 = VECTOR( '', #11538, 39.3700787402000 );
#8996 = CARTESIAN_POINT( '', ( -0.0623563882985497, 0.335000000000000, 0.0198381282985497 ) );
#8997 = CARTESIAN_POINT( '', ( -0.0600000000000000, 0.185000000000000, 0.0174817400000000 ) );
#8998 = VECTOR( '', #11539, 39.3700787402000 );
#8999 = CARTESIAN_POINT( '', ( -0.0623563882985497, 0.335000000000000, 0.0675182600000000 ) );
#9000 = CARTESIAN_POINT( '', ( -0.0623563882985497, 0.335000000000000, 0.0675182600000000 ) );
#9001 = VECTOR( '', #11540, 39.3700787402000 );
#9002 = CARTESIAN_POINT( '', ( -0.0600000000000000, 0.185000000000000, 0.0675182600000000 ) );
#9003 = VECTOR( '', #11541, 39.3700787402000 );
#9004 = COLOUR_RGB( '', 0.689999997600000, 0.689999997600000, 0.689999997600000 );
#9005 = CARTESIAN_POINT( '', ( 0.0330000000000000, 0.300000000000000, -0.0605000000000000 ) );
#9006 = CARTESIAN_POINT( '', ( 0.0330000000000000, 0.0200000000000001, -0.0605000000000000 ) );
#9007 = CARTESIAN_POINT( '', ( 0.0330000000000000, 0.300000000000000, -0.0605000000000000 ) );
#9008 = VECTOR( '', #11542, 39.3700787402000 );
#9009 = CARTESIAN_POINT( '', ( 0.0155000000000000, 0.300000000000000, -0.0605000000000000 ) );
#9010 = CARTESIAN_POINT( '', ( 0.0330000000000000, 0.300000000000000, -0.0605000000000000 ) );
#9011 = VECTOR( '', #11543, 39.3700787402000 );
#9012 = CARTESIAN_POINT( '', ( 0.0155000000000000, 0.0200000000000000, -0.0605000000000000 ) );
#9013 = CARTESIAN_POINT( '', ( 0.0155000000000000, 0.335000000000000, -0.0605000000000000 ) );
#9014 = VECTOR( '', #11544, 39.3700787402000 );
#9015 = CARTESIAN_POINT( '', ( 0.0400000000000000, 0.0200000000000000, -0.0605000000000000 ) );
#9016 = VECTOR( '', #11545, 39.3700787402000 );
#9017 = COLOUR_RGB( '', 1.00000000000000, 1.00000000000000, 0.000000000000000 );
#9018 = CARTESIAN_POINT( '', ( 0.184500000000000, 0.0160000000000000, 0.193500000000000 ) );
#9019 = CARTESIAN_POINT( '', ( 0.184500000000000, 0.0160000000000000, 0.0780000000000000 ) );
#9020 = CARTESIAN_POINT( '', ( 0.184500000000000, 0.0160000000000000, 0.0780000000000000 ) );
#9021 = VECTOR( '', #11546, 39.3700787402000 );
#9022 = CARTESIAN_POINT( '', ( 0.215500000000000, 0.0160000000000000, 0.193500000000000 ) );
#9023 = CARTESIAN_POINT( '', ( 0.215500000000000, 0.0160000000000000, 0.193500000000000 ) );
#9024 = VECTOR( '', #11547, 39.3700787402000 );
#9025 = CARTESIAN_POINT( '', ( 0.215500000000000, 0.0160000000000000, 0.0780000000000000 ) );
#9026 = CARTESIAN_POINT( '', ( 0.215500000000000, 0.0160000000000000, 0.0780000000000000 ) );
#9027 = VECTOR( '', #11548, 39.3700787402000 );
#9028 = CARTESIAN_POINT( '', ( 0.215500000000000, 0.0160000000000000, 0.0780000000000000 ) );
#9029 = VECTOR( '', #11549, 39.3700787402000 );
#9030 = COLOUR_RGB( '', 1.00000000000000, 1.00000000000000, 0.000000000000000 );
#9031 = CARTESIAN_POINT( '', ( 0.115500000000000, 0.0930000000000000, 0.0580000000000003 ) );
#9032 = CARTESIAN_POINT( '', ( 0.115500000000000, 0.0360000000000000, 0.0580000000000000 ) );
#9033 = CARTESIAN_POINT( '', ( 0.115500000000000, 0.0980000000000000, 0.0580000000000000 ) );
#9034 = VECTOR( '', #11550, 39.3700787402000 );
#9035 = CARTESIAN_POINT( '', ( 0.115500000000000, 0.0160000000000000, 0.0780000000000000 ) );
#9036 = AXIS2_PLACEMENT_3D( '', #11551, #11552, #11553 );
#9037 = CARTESIAN_POINT( '', ( 0.115500000000000, 0.0160000000000000, 0.193500000000000 ) );
#9038 = CARTESIAN_POINT( '', ( 0.115500000000000, 0.0160000000000000, 0.0780000000000000 ) );
#9039 = VECTOR( '', #11554, 39.3700787402000 );
#9040 = CARTESIAN_POINT( '', ( 0.115500000000000, 0.0160000000000000, 0.193500000000000 ) );
#9041 = VECTOR( '', #11555, 39.3700787402000 );
#9042 = CARTESIAN_POINT( '', ( 0.115500000000000, 0.000000000000000, 0.193500000000000 ) );
#9043 = CARTESIAN_POINT( '', ( 0.115500000000000, 0.00400000000000000, 0.197500000000000 ) );
#9044 = VECTOR( '', #11556, 39.3700787402000 );
#9045 = CARTESIAN_POINT( '', ( 0.115500000000000, 0.000000000000000, 0.0780000000000000 ) );
#9046 = CARTESIAN_POINT( '', ( 0.115500000000000, 0.000000000000000, 0.193500000000000 ) );
#9047 = VECTOR( '', #11557, 39.3700787402000 );
#9048 = CARTESIAN_POINT( '', ( 0.115500000000000, 0.0360000000000000, 0.0420000000000000 ) );
#9049 = AXIS2_PLACEMENT_3D( '', #11558, #11559, #11560 );
#9050 = CARTESIAN_POINT( '', ( 0.115500000000000, 0.0930000000000000, 0.0420000000000003 ) );
#9051 = CARTESIAN_POINT( '', ( 0.115500000000000, 0.0360000000000000, 0.0420000000000000 ) );
#9052 = VECTOR( '', #11561, 39.3700787402000 );
#9053 = CARTESIAN_POINT( '', ( 0.115500000000000, 0.0930000000000000, 5.00000000000000 ) );
#9054 = VECTOR( '', #11562, 39.3700787402000 );
#9055 = COLOUR_RGB( '', 1.00000000000000, 1.00000000000000, 0.000000000000000 );
#9056 = CARTESIAN_POINT( '', ( 0.115500000000000, -0.0880000000000000, 0.197500000000000 ) );
#9057 = CARTESIAN_POINT( '', ( 0.115500000000000, -0.0960000000000000, 0.197500000000000 ) );
#9058 = CARTESIAN_POINT( '', ( 0.115500000000000, -0.0880000000000000, 0.197500000000000 ) );
#9059 = VECTOR( '', #11563, 39.3700787402000 );
#9060 = CARTESIAN_POINT( '', ( 0.0845000000000000, -0.0880000000000000, 0.197500000000000 ) );
#9061 = CARTESIAN_POINT( '', ( 0.215500000000000, -0.0880000000000000, 0.197500000000000 ) );
#9062 = VECTOR( '', #11564, 39.3700787402000 );
#9063 = CARTESIAN_POINT( '', ( 0.0845000000000000, -0.0960000000000000, 0.197500000000000 ) );
#9064 = CARTESIAN_POINT( '', ( 0.0845000000000000, -0.0880000000000000, 0.197500000000000 ) );
#9065 = VECTOR( '', #11565, 39.3700787402000 );
#9066 = CARTESIAN_POINT( '', ( 0.215500000000000, -0.0960000000000000, 0.197500000000000 ) );
#9067 = VECTOR( '', #11566, 39.3700787402000 );
#9068 = COLOUR_RGB( '', 0.689999997600000, 0.689999997600000, 0.689999997600000 );
#9069 = CARTESIAN_POINT( '', ( -0.0845000000000000, 0.300000000000000, 0.0605000000000000 ) );
#9070 = CARTESIAN_POINT( '', ( -0.0845000000000000, 0.300000000000000, 0.0395000000000000 ) );
#9071 = CARTESIAN_POINT( '', ( -0.0845000000000000, 0.300000000000000, 0.0655000000000000 ) );
#9072 = VECTOR( '', #11567, 39.3700787402000 );
#9073 = CARTESIAN_POINT( '', ( -0.0670000000000000, 0.300000000000000, 0.0395000000000000 ) );
#9074 = CARTESIAN_POINT( '', ( -0.0670000000000000, 0.300000000000000, 0.0395000000000000 ) );
#9075 = VECTOR( '', #11568, 39.3700787402000 );
#9076 = CARTESIAN_POINT( '', ( -0.0670000000000000, 0.300000000000000, 0.0605000000000000 ) );
#9077 = CARTESIAN_POINT( '', ( -0.0670000000000000, 0.300000000000000, 0.0605000000000000 ) );
#9078 = VECTOR( '', #11569, 39.3700787402000 );
#9079 = CARTESIAN_POINT( '', ( -0.133000000000000, 0.300000000000000, 0.0605000000000000 ) );
#9080 = VECTOR( '', #11570, 39.3700787402000 );
#9081 = COLOUR_RGB( '', 1.00000000000000, 1.00000000000000, 0.000000000000000 );
#9082 = CARTESIAN_POINT( '', ( -0.184500000000000, -0.0640000000000000, -0.0580000000000000 ) );
#9083 = CARTESIAN_POINT( '', ( -0.184500000000000, 0.0930000000000000, -0.0580000000000003 ) );
#9084 = CARTESIAN_POINT( '', ( -0.184500000000000, -0.0640000000000000, -0.0580000000000000 ) );
#9085 = VECTOR( '', #11571, 39.3700787402000 );
#9086 = CARTESIAN_POINT( '', ( -0.184500000000000, 0.0930000000000000, -0.0420000000000003 ) );
#9087 = CARTESIAN_POINT( '', ( -0.184500000000000, 0.0930000000000000, 5.00000000000000 ) );
#9088 = VECTOR( '', #11572, 39.3700787402000 );
#9089 = CARTESIAN_POINT( '', ( -0.184500000000000, -0.0640000000000000, -0.0420000000000000 ) );
#9090 = CARTESIAN_POINT( '', ( -0.184500000000000, 0.0930000000000000, -0.0420000000000000 ) );
#9091 = VECTOR( '', #11573, 39.3700787402000 );
#9092 = CARTESIAN_POINT( '', ( -0.184500000000000, -0.0840000000000000, -0.0220000000000000 ) );
#9093 = AXIS2_PLACEMENT_3D( '', #11574, #11575, #11576 );
#9094 = CARTESIAN_POINT( '', ( -0.184500000000000, -0.0840000000000000, 0.193500000000000 ) );
#9095 = CARTESIAN_POINT( '', ( -0.184500000000000, -0.0840000000000000, -0.0220000000000000 ) );
#9096 = VECTOR( '', #11577, 39.3700787402000 );
#9097 = CARTESIAN_POINT( '', ( -0.184500000000000, -0.0880000000000000, 0.197500000000000 ) );
#9098 = CARTESIAN_POINT( '', ( -0.184500000000000, -0.0840000000000000, 0.193500000000000 ) );
#9099 = VECTOR( '', #11578, 39.3700787402000 );
#9100 = CARTESIAN_POINT( '', ( -0.184500000000000, -0.0960000000000000, 0.197500000000000 ) );
#9101 = CARTESIAN_POINT( '', ( -0.184500000000000, -0.0880000000000000, 0.197500000000000 ) );
#9102 = VECTOR( '', #11579, 39.3700787402000 );
#9103 = CARTESIAN_POINT( '', ( -0.184500000000000, -0.100000000000000, 0.193500000000000 ) );
#9104 = CARTESIAN_POINT( '', ( -0.184500000000000, -0.0960000000000000, 0.197500000000000 ) );
#9105 = VECTOR( '', #11580, 39.3700787402000 );
#9106 = CARTESIAN_POINT( '', ( -0.184500000000000, -0.100000000000000, -0.0220000000000000 ) );
#9107 = CARTESIAN_POINT( '', ( -0.184500000000000, -0.100000000000000, 0.193500000000000 ) );
#9108 = VECTOR( '', #11581, 39.3700787402000 );
#9109 = AXIS2_PLACEMENT_3D( '', #11582, #11583, #11584 );
#9110 = COLOUR_RGB( '', 1.00000000000000, 1.00000000000000, 0.000000000000000 );
#9111 = CARTESIAN_POINT( '', ( -0.0845000000000000, 0.00399999999999999, 0.197500000000000 ) );
#9112 = CARTESIAN_POINT( '', ( -0.0845000000000000, 0.000000000000000, 0.193500000000000 ) );
#9113 = CARTESIAN_POINT( '', ( -0.0845000000000000, 0.00400000000000000, 0.197500000000000 ) );
#9114 = VECTOR( '', #11585, 39.3700787402000 );
#9115 = CARTESIAN_POINT( '', ( -0.115500000000000, 0.00399999999999999, 0.197500000000000 ) );
#9116 = CARTESIAN_POINT( '', ( 0.215500000000000, 0.00400000000000000, 0.197500000000000 ) );
#9117 = VECTOR( '', #11586, 39.3700787402000 );
#9118 = CARTESIAN_POINT( '', ( -0.115500000000000, 0.000000000000000, 0.193500000000000 ) );
#9119 = CARTESIAN_POINT( '', ( -0.115500000000000, 0.00400000000000000, 0.197500000000000 ) );
#9120 = VECTOR( '', #11587, 39.3700787402000 );
#9121 = CARTESIAN_POINT( '', ( 0.215500000000000, 0.000000000000000, 0.193500000000000 ) );
#9122 = VECTOR( '', #11588, 39.3700787402000 );
#9123 = COLOUR_RGB( '', 0.689999997600000, 0.689999997600000, 0.689999997600000 );
#9124 = CARTESIAN_POINT( '', ( 0.0400000000000000, 0.185000000000000, 0.0675182600000000 ) );
#9125 = CARTESIAN_POINT( '', ( 0.0400000000000000, 0.185000000000000, 0.0174817400000000 ) );
#9126 = CARTESIAN_POINT( '', ( 0.0400000000000000, 0.185000000000000, 0.0675182600000000 ) );
#9127 = VECTOR( '', #11589, 39.3700787402000 );
#9128 = CARTESIAN_POINT( '', ( 0.0376436117014503, 0.335000000000000, 0.0198381282985497 ) );
#9129 = CARTESIAN_POINT( '', ( 0.0400000000000000, 0.185000000000000, 0.0174817400000000 ) );
#9130 = VECTOR( '', #11590, 39.3700787402000 );
#9131 = CARTESIAN_POINT( '', ( 0.0376436117014503, 0.335000000000000, 0.0675182600000000 ) );
#9132 = CARTESIAN_POINT( '', ( 0.0376436117014503, 0.335000000000000, 0.0675182600000000 ) );
#9133 = VECTOR( '', #11591, 39.3700787402000 );
#9134 = CARTESIAN_POINT( '', ( 0.0400000000000000, 0.185000000000000, 0.0675182600000000 ) );
#9135 = VECTOR( '', #11592, 39.3700787402000 );
#9136 = COLOUR_RGB( '', 0.689999997600000, 0.689999997600000, 0.689999997600000 );
#9137 = CARTESIAN_POINT( '', ( 0.167000000000000, 0.300000000000000, 0.0605000000000000 ) );
#9138 = CARTESIAN_POINT( '', ( 0.167000000000000, 0.0200000000000001, 0.0605000000000000 ) );
#9139 = CARTESIAN_POINT( '', ( 0.167000000000000, 0.300000000000000, 0.0605000000000000 ) );
#9140 = VECTOR( '', #11593, 39.3700787402000 );
#9141 = CARTESIAN_POINT( '', ( 0.184500000000000, 0.300000000000000, 0.0605000000000000 ) );
#9142 = CARTESIAN_POINT( '', ( 0.167000000000000, 0.300000000000000, 0.0605000000000000 ) );
#9143 = VECTOR( '', #11594, 39.3700787402000 );
#9144 = CARTESIAN_POINT( '', ( 0.184500000000000, 0.0200000000000000, 0.0605000000000000 ) );
#9145 = CARTESIAN_POINT( '', ( 0.184500000000000, 0.335000000000000, 0.0605000000000000 ) );
#9146 = VECTOR( '', #11595, 39.3700787402000 );
#9147 = CARTESIAN_POINT( '', ( 0.240000000000000, 0.0200000000000000, 0.0605000000000000 ) );
#9148 = VECTOR( '', #11596, 39.3700787402000 );
#9149 = COLOUR_RGB( '', 0.689999997600000, 0.689999997600000, 0.689999997600000 );
#9150 = CARTESIAN_POINT( '', ( -0.140000000000000, 0.185000000000000, -0.0825182600000000 ) );
#9151 = CARTESIAN_POINT( '', ( -0.140000000000000, 0.185000000000000, -0.0174817400000000 ) );
#9152 = CARTESIAN_POINT( '', ( -0.140000000000000, 0.185000000000000, -0.0825182600000000 ) );
#9153 = VECTOR( '', #11597, 39.3700787402000 );
#9154 = CARTESIAN_POINT( '', ( -0.137643611701450, 0.335000000000000, -0.0198381282985497 ) );
#9155 = CARTESIAN_POINT( '', ( -0.140000000000000, 0.185000000000000, -0.0174817400000000 ) );
#9156 = VECTOR( '', #11598, 39.3700787402000 );
#9157 = CARTESIAN_POINT( '', ( -0.137643611701450, 0.335000000000000, -0.0801618717014503 ) );
#9158 = CARTESIAN_POINT( '', ( -0.137643611701450, 0.335000000000000, -0.0825182600000000 ) );
#9159 = VECTOR( '', #11599, 39.3700787402000 );
#9160 = CARTESIAN_POINT( '', ( -0.140000000000000, 0.185000000000000, -0.0825182600000000 ) );
#9161 = VECTOR( '', #11600, 39.3700787402000 );
#9162 = COLOUR_RGB( '', 0.689999997600000, 0.689999997600000, 0.689999997600000 );
#9163 = CARTESIAN_POINT( '', ( 0.225000000000000, 0.185000000000000, 0.0825182600000000 ) );
#9164 = CARTESIAN_POINT( '', ( 0.240000000000000, 0.185000000000000, 0.0675182600000000 ) );
#9165 = AXIS2_PLACEMENT_3D( '', #11601, #11602, #11603 );
#9166 = CARTESIAN_POINT( '', ( 0.237643611701450, 0.335000000000000, 0.0675182600000000 ) );
#9167 = CARTESIAN_POINT( '', ( 0.240000000000000, 0.185000000000000, 0.0675182600000000 ) );
#9168 = VECTOR( '', #11604, 39.3700787402000 );
#9169 = CARTESIAN_POINT( '', ( 0.225000000000000, 0.335000000000000, 0.0801618717014503 ) );
#9170 = AXIS2_PLACEMENT_3D( '', #11605, #11606, #11607 );
#9171 = CARTESIAN_POINT( '', ( 0.225000000000000, 0.185000000000000, 0.0825182600000000 ) );
#9172 = VECTOR( '', #11608, 39.3700787402000 );
#9173 = COLOUR_RGB( '', 0.689999997600000, 0.689999997600000, 0.689999997600000 );
#9174 = CARTESIAN_POINT( '', ( 0.162356388298550, 0.335000000000000, -0.0801618717014503 ) );
#9175 = CARTESIAN_POINT( '', ( 0.162356388298550, 0.335000000000000, -0.0198381282985497 ) );
#9176 = CARTESIAN_POINT( '', ( 0.162356388298550, 0.335000000000000, -0.0825182600000000 ) );
#9177 = VECTOR( '', #11609, 39.3700787402000 );
#9178 = CARTESIAN_POINT( '', ( 0.237643611701450, 0.335000000000000, -0.0198381282985497 ) );
#9179 = CARTESIAN_POINT( '', ( 0.160000000000000, 0.335000000000000, -0.0198381282985497 ) );
#9180 = VECTOR( '', #11610, 39.3700787402000 );
#9181 = CARTESIAN_POINT( '', ( 0.237643611701450, 0.335000000000000, -0.0801618717014503 ) );
#9182 = CARTESIAN_POINT( '', ( 0.237643611701450, 0.335000000000000, -0.0174817400000000 ) );
#9183 = VECTOR( '', #11611, 39.3700787402000 );
#9184 = CARTESIAN_POINT( '', ( 0.240000000000000, 0.335000000000000, -0.0801618717014503 ) );
#9185 = VECTOR( '', #11612, 39.3700787402000 );
#9186 = CARTESIAN_POINT( '', ( 0.184500000000000, 0.335000000000000, -0.0655000000000000 ) );
#9187 = CARTESIAN_POINT( '', ( 0.184500000000000, 0.335000000000000, -0.0345000000000000 ) );
#9188 = CARTESIAN_POINT( '', ( 0.184500000000000, 0.335000000000000, -0.0655000000000000 ) );
#9189 = VECTOR( '', #11613, 39.3700787402000 );
#9190 = CARTESIAN_POINT( '', ( 0.215500000000000, 0.335000000000000, -0.0655000000000000 ) );
#9191 = CARTESIAN_POINT( '', ( 0.215500000000000, 0.335000000000000, -0.0655000000000000 ) );
#9192 = VECTOR( '', #11614, 39.3700787402000 );
#9193 = CARTESIAN_POINT( '', ( 0.215500000000000, 0.335000000000000, -0.0345000000000000 ) );
#9194 = CARTESIAN_POINT( '', ( 0.215500000000000, 0.335000000000000, -0.0345000000000000 ) );
#9195 = VECTOR( '', #11615, 39.3700787402000 );
#9196 = CARTESIAN_POINT( '', ( 0.184500000000000, 0.335000000000000, -0.0345000000000000 ) );
#9197 = VECTOR( '', #11616, 39.3700787402000 );
#9198 = COLOUR_RGB( '', 0.689999997600000, 0.689999997600000, 0.689999997600000 );
#9199 = CARTESIAN_POINT( '', ( -0.0845000000000000, 0.335000000000000, 0.0345000000000000 ) );
#9200 = CARTESIAN_POINT( '', ( -0.0845000000000000, 0.0200000000000000, 0.0345000000000000 ) );
#9201 = CARTESIAN_POINT( '', ( -0.0845000000000000, 0.335000000000000, 0.0345000000000000 ) );
#9202 = VECTOR( '', #11617, 39.3700787402000 );
#9203 = CARTESIAN_POINT( '', ( -0.115500000000000, 0.335000000000000, 0.0345000000000000 ) );
#9204 = CARTESIAN_POINT( '', ( -0.0845000000000000, 0.335000000000000, 0.0345000000000000 ) );
#9205 = VECTOR( '', #11618, 39.3700787402000 );
#9206 = CARTESIAN_POINT( '', ( -0.115500000000000, 0.0200000000000000, 0.0345000000000000 ) );
#9207 = CARTESIAN_POINT( '', ( -0.115500000000000, 0.335000000000000, 0.0345000000000000 ) );
#9208 = VECTOR( '', #11619, 39.3700787402000 );
#9209 = CARTESIAN_POINT( '', ( -0.0600000000000000, 0.0200000000000000, 0.0345000000000000 ) );
#9210 = VECTOR( '', #11620, 39.3700787402000 );
#9211 = COLOUR_RGB( '', 0.689999997600000, 0.689999997600000, 0.689999997600000 );
#9212 = CARTESIAN_POINT( '', ( 0.160000000000000, 0.185000000000000, 0.0675182600000000 ) );
#9213 = CARTESIAN_POINT( '', ( 0.175000000000000, 0.185000000000000, 0.0825182600000000 ) );
#9214 = AXIS2_PLACEMENT_3D( '', #11621, #11622, #11623 );
#9215 = CARTESIAN_POINT( '', ( 0.175000000000000, 0.335000000000000, 0.0801618717014503 ) );
#9216 = CARTESIAN_POINT( '', ( 0.175000000000000, 0.185000000000000, 0.0825182600000000 ) );
#9217 = VECTOR( '', #11624, 39.3700787402000 );
#9218 = CARTESIAN_POINT( '', ( 0.162356388298550, 0.335000000000000, 0.0675182600000000 ) );
#9219 = AXIS2_PLACEMENT_3D( '', #11625, #11626, #11627 );
#9220 = CARTESIAN_POINT( '', ( 0.160000000000000, 0.185000000000000, 0.0675182600000000 ) );
#9221 = VECTOR( '', #11628, 39.3700787402000 );
#9222 = COLOUR_RGB( '', 0.689999997600000, 0.689999997600000, 0.689999997600000 );
#9223 = CARTESIAN_POINT( '', ( 0.240000000000000, 0.000000000000000, -0.0975000000000000 ) );
#9224 = CARTESIAN_POINT( '', ( 0.240000000000000, 0.000000000000000, 0.0975000000000000 ) );
#9225 = CARTESIAN_POINT( '', ( 0.240000000000000, 0.000000000000000, -0.000000000000000 ) );
#9226 = VECTOR( '', #11629, 39.3700787402000 );
#9227 = CARTESIAN_POINT( '', ( 0.257500000000000, 0.000000000000000, -0.0975000000000000 ) );
#9228 = CARTESIAN_POINT( '', ( 0.257500000000000, 0.000000000000000, -0.0975000000000000 ) );
#9229 = VECTOR( '', #11630, 39.3700787402000 );
#9230 = CARTESIAN_POINT( '', ( 0.257500000000000, 0.000000000000000, 0.0975000000000000 ) );
#9231 = CARTESIAN_POINT( '', ( 0.257500000000000, 0.000000000000000, 0.0975000000000000 ) );
#9232 = VECTOR( '', #11631, 39.3700787402000 );
#9233 = CARTESIAN_POINT( '', ( -0.257500000000000, 0.000000000000000, 0.0975000000000000 ) );
#9234 = VECTOR( '', #11632, 39.3700787402000 );
#9235 = COLOUR_RGB( '', 0.689999997600000, 0.689999997600000, 0.689999997600000 );
#9236 = CARTESIAN_POINT( '', ( 0.0670000000000000, 0.300000000000000, -0.0605000000000000 ) );
#9237 = CARTESIAN_POINT( '', ( 0.0670000000000000, 0.0200000000000001, -0.0605000000000000 ) );
#9238 = CARTESIAN_POINT( '', ( 0.0670000000000000, 0.300000000000000, -0.0605000000000000 ) );
#9239 = VECTOR( '', #11633, 39.3700787402000 );
#9240 = CARTESIAN_POINT( '', ( 0.0670000000000000, 0.300000000000000, -0.0395000000000000 ) );
#9241 = CARTESIAN_POINT( '', ( 0.0670000000000000, 0.300000000000000, -0.0605000000000000 ) );
#9242 = VECTOR( '', #11634, 39.3700787402000 );
#9243 = CARTESIAN_POINT( '', ( 0.0670000000000000, 0.0200000000000001, -0.0395000000000000 ) );
#9244 = CARTESIAN_POINT( '', ( 0.0670000000000000, 0.300000000000000, -0.0395000000000000 ) );
#9245 = VECTOR( '', #11635, 39.3700787402000 );
#9246 = CARTESIAN_POINT( '', ( 0.0670000000000000, 0.0200000000000000, 0.250000000000000 ) );
#9247 = VECTOR( '', #11636, 39.3700787402000 );
#9248 = COLOUR_RGB( '', 1.00000000000000, 1.00000000000000, 0.000000000000000 );
#9249 = CARTESIAN_POINT( '', ( -0.0845000000000000, 0.0160000000000000, 0.0780000000000000 ) );
#9250 = CARTESIAN_POINT( '', ( -0.0845000000000000, 0.0160000000000000, 0.0780000000000000 ) );
#9251 = VECTOR( '', #11637, 39.3700787402000 );
#9252 = CARTESIAN_POINT( '', ( -0.115500000000000, 0.0160000000000000, 0.0780000000000000 ) );
#9253 = CARTESIAN_POINT( '', ( 0.215500000000000, 0.0160000000000000, 0.0780000000000000 ) );
#9254 = VECTOR( '', #11638, 39.3700787402000 );
#9255 = CARTESIAN_POINT( '', ( -0.115500000000000, 0.0160000000000000, 0.0780000000000000 ) );
#9256 = VECTOR( '', #11639, 39.3700787402000 );
#9257 = COLOUR_RGB( '', 0.689999997600000, 0.689999997600000, 0.689999997600000 );
#9258 = CARTESIAN_POINT( '', ( -0.0330000000000000, 0.300000000000000, -0.0395000000000000 ) );
#9259 = CARTESIAN_POINT( '', ( -0.0330000000000000, 0.0200000000000001, -0.0395000000000000 ) );
#9260 = CARTESIAN_POINT( '', ( -0.0330000000000000, 0.300000000000000, -0.0395000000000000 ) );
#9261 = VECTOR( '', #11640, 39.3700787402000 );
#9262 = CARTESIAN_POINT( '', ( -0.0155000000000000, 0.300000000000000, -0.0395000000000000 ) );
#9263 = CARTESIAN_POINT( '', ( -0.0330000000000000, 0.300000000000000, -0.0395000000000000 ) );
#9264 = VECTOR( '', #11641, 39.3700787402000 );
#9265 = CARTESIAN_POINT( '', ( -0.0155000000000000, 0.0200000000000000, -0.0395000000000000 ) );
#9266 = CARTESIAN_POINT( '', ( -0.0155000000000000, 0.335000000000000, -0.0395000000000000 ) );
#9267 = VECTOR( '', #11642, 39.3700787402000 );
#9268 = CARTESIAN_POINT( '', ( 0.0400000000000000, 0.0200000000000000, -0.0395000000000000 ) );
#9269 = VECTOR( '', #11643, 39.3700787402000 );
#9270 = COLOUR_RGB( '', 1.00000000000000, 1.00000000000000, 0.000000000000000 );
#9271 = CARTESIAN_POINT( '', ( 0.115500000000000, -0.0840000000000000, -0.0220000000000000 ) );
#9272 = CARTESIAN_POINT( '', ( 0.0845000000000000, -0.0840000000000000, -0.0220000000000000 ) );
#9273 = CARTESIAN_POINT( '', ( 0.215500000000000, -0.0840000000000000, -0.0220000000000000 ) );
#9274 = VECTOR( '', #11644, 39.3700787402000 );
#9275 = CARTESIAN_POINT( '', ( 0.115500000000000, -0.0640000000000000, -0.0420000000000000 ) );
#9276 = AXIS2_PLACEMENT_3D( '', #11645, #11646, #11647 );
#9277 = CARTESIAN_POINT( '', ( 0.0845000000000000, -0.0640000000000000, -0.0420000000000000 ) );
#9278 = CARTESIAN_POINT( '', ( 0.215500000000000, -0.0640000000000000, -0.0420000000000000 ) );
#9279 = VECTOR( '', #11648, 39.3700787402000 );
#9280 = AXIS2_PLACEMENT_3D( '', #11649, #11650, #11651 );
#9281 = COLOUR_RGB( '', 0.689999997600000, 0.689999997600000, 0.689999997600000 );
#9282 = CARTESIAN_POINT( '', ( -0.0400000000000000, 0.000000000000000, -0.0975000000000000 ) );
#9283 = CARTESIAN_POINT( '', ( -0.0400000000000000, 0.0200000000000000, -0.0975000000000000 ) );
#9284 = CARTESIAN_POINT( '', ( -0.0400000000000000, 0.185000000000000, -0.0975000000000000 ) );
#9285 = VECTOR( '', #11652, 39.3700787402000 );
#9286 = CARTESIAN_POINT( '', ( -0.0400000000000000, 0.0200000000000000, 0.0975000000000000 ) );
#9287 = CARTESIAN_POINT( '', ( -0.0400000000000000, 0.0200000000000000, 0.250000000000000 ) );
#9288 = VECTOR( '', #11653, 39.3700787402000 );
#9289 = CARTESIAN_POINT( '', ( -0.0400000000000000, 0.000000000000000, 0.0975000000000000 ) );
#9290 = CARTESIAN_POINT( '', ( -0.0400000000000000, 0.185000000000000, 0.0975000000000000 ) );
#9291 = VECTOR( '', #11654, 39.3700787402000 );
#9292 = CARTESIAN_POINT( '', ( -0.0400000000000000, 0.000000000000000, -0.000000000000000 ) );
#9293 = VECTOR( '', #11655, 39.3700787402000 );
#9294 = COLOUR_RGB( '', 1.00000000000000, 1.00000000000000, 0.000000000000000 );
#9295 = CARTESIAN_POINT( '', ( 0.184500000000000, -0.0880000000000000, 0.197500000000000 ) );
#9296 = CARTESIAN_POINT( '', ( 0.184500000000000, -0.0840000000000000, 0.193500000000000 ) );
#9297 = CARTESIAN_POINT( '', ( 0.184500000000000, -0.0840000000000000, 0.193500000000000 ) );
#9298 = VECTOR( '', #11656, 39.3700787402000 );
#9299 = CARTESIAN_POINT( '', ( 0.215500000000000, -0.0880000000000000, 0.197500000000000 ) );
#9300 = CARTESIAN_POINT( '', ( 0.215500000000000, -0.0880000000000000, 0.197500000000000 ) );
#9301 = VECTOR( '', #11657, 39.3700787402000 );
#9302 = CARTESIAN_POINT( '', ( 0.215500000000000, -0.0840000000000000, 0.193500000000000 ) );
#9303 = CARTESIAN_POINT( '', ( 0.215500000000000, -0.0840000000000000, 0.193500000000000 ) );
#9304 = VECTOR( '', #11658, 39.3700787402000 );
#9305 = CARTESIAN_POINT( '', ( 0.215500000000000, -0.0840000000000000, 0.193500000000000 ) );
#9306 = VECTOR( '', #11659, 39.3700787402000 );
#9307 = COLOUR_RGB( '', 0.689999997600000, 0.689999997600000, 0.689999997600000 );
#9308 = CARTESIAN_POINT( '', ( 0.115500000000000, 0.0200000000000000, -0.0605000000000000 ) );
#9309 = CARTESIAN_POINT( '', ( 0.115500000000000, 0.0200000000000000, -0.0655000000000000 ) );
#9310 = CARTESIAN_POINT( '', ( 0.115500000000000, 0.0200000000000000, 0.250000000000000 ) );
#9311 = VECTOR( '', #11660, 39.3700787402000 );
#9312 = CARTESIAN_POINT( '', ( 0.115500000000000, 0.300000000000000, -0.0605000000000000 ) );
#9313 = CARTESIAN_POINT( '', ( 0.115500000000000, 0.335000000000000, -0.0605000000000000 ) );
#9314 = VECTOR( '', #11661, 39.3700787402000 );
#9315 = CARTESIAN_POINT( '', ( 0.115500000000000, 0.300000000000000, -0.0395000000000000 ) );
#9316 = CARTESIAN_POINT( '', ( 0.115500000000000, 0.300000000000000, -0.0345000000000000 ) );
#9317 = VECTOR( '', #11662, 39.3700787402000 );
#9318 = CARTESIAN_POINT( '', ( 0.115500000000000, 0.0200000000000000, -0.0395000000000000 ) );
#9319 = CARTESIAN_POINT( '', ( 0.115500000000000, 0.335000000000000, -0.0395000000000000 ) );
#9320 = VECTOR( '', #11663, 39.3700787402000 );
#9321 = CARTESIAN_POINT( '', ( 0.115500000000000, 0.0200000000000000, -0.0345000000000000 ) );
#9322 = CARTESIAN_POINT( '', ( 0.115500000000000, 0.0200000000000000, 0.250000000000000 ) );
#9323 = VECTOR( '', #11664, 39.3700787402000 );
#9324 = CARTESIAN_POINT( '', ( 0.115500000000000, 0.335000000000000, -0.0345000000000000 ) );
#9325 = CARTESIAN_POINT( '', ( 0.115500000000000, 0.335000000000000, -0.0345000000000000 ) );
#9326 = VECTOR( '', #11665, 39.3700787402000 );
#9327 = CARTESIAN_POINT( '', ( 0.115500000000000, 0.335000000000000, -0.0655000000000000 ) );
#9328 = CARTESIAN_POINT( '', ( 0.115500000000000, 0.335000000000000, -0.0345000000000000 ) );
#9329 = VECTOR( '', #11666, 39.3700787402000 );
#9330 = CARTESIAN_POINT( '', ( 0.115500000000000, 0.335000000000000, -0.0655000000000000 ) );
#9331 = VECTOR( '', #11667, 39.3700787402000 );
#9332 = COLOUR_RGB( '', 0.689999997600000, 0.689999997600000, 0.689999997600000 );
#9333 = CARTESIAN_POINT( '', ( -0.0670000000000000, 0.300000000000000, -0.0605000000000000 ) );
#9334 = CARTESIAN_POINT( '', ( -0.0670000000000000, 0.0200000000000001, -0.0605000000000000 ) );
#9335 = CARTESIAN_POINT( '', ( -0.0670000000000000, 0.300000000000000, -0.0605000000000000 ) );
#9336 = VECTOR( '', #11668, 39.3700787402000 );
#9337 = CARTESIAN_POINT( '', ( -0.0845000000000000, 0.300000000000000, -0.0605000000000000 ) );
#9338 = CARTESIAN_POINT( '', ( -0.0670000000000000, 0.300000000000000, -0.0605000000000000 ) );
#9339 = VECTOR( '', #11669, 39.3700787402000 );
#9340 = CARTESIAN_POINT( '', ( -0.0845000000000000, 0.0200000000000000, -0.0605000000000000 ) );
#9341 = CARTESIAN_POINT( '', ( -0.0845000000000000, 0.335000000000000, -0.0605000000000000 ) );
#9342 = VECTOR( '', #11670, 39.3700787402000 );
#9343 = CARTESIAN_POINT( '', ( -0.0600000000000000, 0.0200000000000000, -0.0605000000000000 ) );
#9344 = VECTOR( '', #11671, 39.3700787402000 );
#9345 = COLOUR_RGB( '', 1.00000000000000, 1.00000000000000, 0.000000000000000 );
#9346 = CARTESIAN_POINT( '', ( -0.215500000000000, 0.0930000000000000, -0.0420000000000000 ) );
#9347 = CARTESIAN_POINT( '', ( 0.215500000000000, 0.0930000000000000, -0.0420000000000000 ) );
#9348 = VECTOR( '', #11672, 39.3700787402000 );
#9349 = CARTESIAN_POINT( '', ( -0.215500000000000, -0.0640000000000000, -0.0420000000000000 ) );
#9350 = CARTESIAN_POINT( '', ( -0.215500000000000, 0.0930000000000000, -0.0420000000000000 ) );
#9351 = VECTOR( '', #11673, 39.3700787402000 );
#9352 = CARTESIAN_POINT( '', ( 0.215500000000000, -0.0640000000000000, -0.0420000000000000 ) );
#9353 = VECTOR( '', #11674, 39.3700787402000 );
#9354 = COLOUR_RGB( '', 0.689999997600000, 0.689999997600000, 0.689999997600000 );
#9355 = CARTESIAN_POINT( '', ( -0.240000000000000, 0.0200000000000000, -0.0975000000000000 ) );
#9356 = CARTESIAN_POINT( '', ( -0.160000000000000, 0.0200000000000000, -0.0975000000000000 ) );
#9357 = CARTESIAN_POINT( '', ( 0.257500000000000, 0.0200000000000000, -0.0975000000000000 ) );
#9358 = VECTOR( '', #11675, 39.3700787402000 );
#9359 = CARTESIAN_POINT( '', ( -0.160000000000000, 0.0200000000000000, 0.0975000000000000 ) );
#9360 = CARTESIAN_POINT( '', ( -0.160000000000000, 0.0200000000000000, 0.250000000000000 ) );
#9361 = VECTOR( '', #11676, 39.3700787402000 );
#9362 = CARTESIAN_POINT( '', ( -0.240000000000000, 0.0200000000000000, 0.0975000000000000 ) );
#9363 = CARTESIAN_POINT( '', ( -0.257500000000000, 0.0200000000000000, 0.0975000000000000 ) );
#9364 = VECTOR( '', #11677, 39.3700787402000 );
#9365 = CARTESIAN_POINT( '', ( -0.240000000000000, 0.0200000000000000, 0.250000000000000 ) );
#9366 = VECTOR( '', #11678, 39.3700787402000 );
#9367 = CARTESIAN_POINT( '', ( -0.215500000000000, 0.0200000000000000, 0.0345000000000000 ) );
#9368 = CARTESIAN_POINT( '', ( -0.215500000000000, 0.0200000000000000, 0.0395000000000000 ) );
#9369 = CARTESIAN_POINT( '', ( -0.215500000000000, 0.0200000000000000, 0.250000000000000 ) );
#9370 = VECTOR( '', #11679, 39.3700787402000 );
#9371 = CARTESIAN_POINT( '', ( -0.233000000000000, 0.0200000000000001, 0.0395000000000000 ) );
#9372 = CARTESIAN_POINT( '', ( -0.160000000000000, 0.0200000000000000, 0.0395000000000000 ) );
#9373 = VECTOR( '', #11680, 39.3700787402000 );
#9374 = CARTESIAN_POINT( '', ( -0.233000000000000, 0.0200000000000001, 0.0605000000000000 ) );
#9375 = CARTESIAN_POINT( '', ( -0.233000000000000, 0.0200000000000000, 0.250000000000000 ) );
#9376 = VECTOR( '', #11681, 39.3700787402000 );
#9377 = CARTESIAN_POINT( '', ( -0.215500000000000, 0.0200000000000000, 0.0605000000000000 ) );
#9378 = CARTESIAN_POINT( '', ( -0.160000000000000, 0.0200000000000000, 0.0605000000000000 ) );
#9379 = VECTOR( '', #11682, 39.3700787402000 );
#9380 = CARTESIAN_POINT( '', ( -0.215500000000000, 0.0200000000000000, 0.0655000000000000 ) );
#9381 = CARTESIAN_POINT( '', ( -0.215500000000000, 0.0200000000000000, 0.250000000000000 ) );
#9382 = VECTOR( '', #11683, 39.3700787402000 );
#9383 = CARTESIAN_POINT( '', ( -0.184500000000000, 0.0200000000000000, 0.0655000000000000 ) );
#9384 = CARTESIAN_POINT( '', ( -0.160000000000000, 0.0200000000000000, 0.0655000000000000 ) );
#9385 = VECTOR( '', #11684, 39.3700787402000 );
#9386 = CARTESIAN_POINT( '', ( -0.184500000000000, 0.0200000000000000, 0.0605000000000000 ) );
#9387 = CARTESIAN_POINT( '', ( -0.184500000000000, 0.0200000000000000, 0.250000000000000 ) );
#9388 = VECTOR( '', #11685, 39.3700787402000 );
#9389 = CARTESIAN_POINT( '', ( -0.167000000000000, 0.0200000000000001, 0.0605000000000000 ) );
#9390 = CARTESIAN_POINT( '', ( -0.160000000000000, 0.0200000000000000, 0.0605000000000000 ) );
#9391 = VECTOR( '', #11686, 39.3700787402000 );
#9392 = CARTESIAN_POINT( '', ( -0.167000000000000, 0.0200000000000001, 0.0395000000000000 ) );
#9393 = CARTESIAN_POINT( '', ( -0.167000000000000, 0.0200000000000000, 0.250000000000000 ) );
#9394 = VECTOR( '', #11687, 39.3700787402000 );
#9395 = CARTESIAN_POINT( '', ( -0.184500000000000, 0.0200000000000000, 0.0395000000000000 ) );
#9396 = CARTESIAN_POINT( '', ( -0.160000000000000, 0.0200000000000000, 0.0395000000000000 ) );
#9397 = VECTOR( '', #11688, 39.3700787402000 );
#9398 = CARTESIAN_POINT( '', ( -0.184500000000000, 0.0200000000000000, 0.0345000000000000 ) );
#9399 = CARTESIAN_POINT( '', ( -0.184500000000000, 0.0200000000000000, 0.250000000000000 ) );
#9400 = VECTOR( '', #11689, 39.3700787402000 );
#9401 = CARTESIAN_POINT( '', ( -0.160000000000000, 0.0200000000000000, 0.0345000000000000 ) );
#9402 = VECTOR( '', #11690, 39.3700787402000 );
#9403 = CARTESIAN_POINT( '', ( -0.215500000000000, 0.0200000000000000, -0.0655000000000000 ) );
#9404 = CARTESIAN_POINT( '', ( -0.215500000000000, 0.0200000000000000, -0.0605000000000000 ) );
#9405 = CARTESIAN_POINT( '', ( -0.215500000000000, 0.0200000000000000, 0.250000000000000 ) );
#9406 = VECTOR( '', #11691, 39.3700787402000 );
#9407 = CARTESIAN_POINT( '', ( -0.233000000000000, 0.0200000000000001, -0.0605000000000000 ) );
#9408 = CARTESIAN_POINT( '', ( -0.160000000000000, 0.0200000000000000, -0.0605000000000000 ) );
#9409 = VECTOR( '', #11692, 39.3700787402000 );
#9410 = CARTESIAN_POINT( '', ( -0.233000000000000, 0.0200000000000001, -0.0395000000000000 ) );
#9411 = CARTESIAN_POINT( '', ( -0.233000000000000, 0.0200000000000000, 0.250000000000000 ) );
#9412 = VECTOR( '', #11693, 39.3700787402000 );
#9413 = CARTESIAN_POINT( '', ( -0.215500000000000, 0.0200000000000000, -0.0395000000000000 ) );
#9414 = CARTESIAN_POINT( '', ( -0.160000000000000, 0.0200000000000000, -0.0395000000000000 ) );
#9415 = VECTOR( '', #11694, 39.3700787402000 );
#9416 = CARTESIAN_POINT( '', ( -0.215500000000000, 0.0200000000000000, -0.0345000000000000 ) );
#9417 = CARTESIAN_POINT( '', ( -0.215500000000000, 0.0200000000000000, 0.250000000000000 ) );
#9418 = VECTOR( '', #11695, 39.3700787402000 );
#9419 = CARTESIAN_POINT( '', ( -0.184500000000000, 0.0200000000000000, -0.0345000000000000 ) );
#9420 = CARTESIAN_POINT( '', ( -0.160000000000000, 0.0200000000000000, -0.0345000000000000 ) );
#9421 = VECTOR( '', #11696, 39.3700787402000 );
#9422 = CARTESIAN_POINT( '', ( -0.184500000000000, 0.0200000000000000, -0.0395000000000000 ) );
#9423 = CARTESIAN_POINT( '', ( -0.184500000000000, 0.0200000000000000, 0.250000000000000 ) );
#9424 = VECTOR( '', #11697, 39.3700787402000 );
#9425 = CARTESIAN_POINT( '', ( -0.167000000000000, 0.0200000000000001, -0.0395000000000000 ) );
#9426 = CARTESIAN_POINT( '', ( -0.160000000000000, 0.0200000000000000, -0.0395000000000000 ) );
#9427 = VECTOR( '', #11698, 39.3700787402000 );
#9428 = CARTESIAN_POINT( '', ( -0.167000000000000, 0.0200000000000001, -0.0605000000000000 ) );
#9429 = CARTESIAN_POINT( '', ( -0.167000000000000, 0.0200000000000000, 0.250000000000000 ) );
#9430 = VECTOR( '', #11699, 39.3700787402000 );
#9431 = CARTESIAN_POINT( '', ( -0.184500000000000, 0.0200000000000000, -0.0605000000000000 ) );
#9432 = CARTESIAN_POINT( '', ( -0.160000000000000, 0.0200000000000000, -0.0605000000000000 ) );
#9433 = VECTOR( '', #11700, 39.3700787402000 );
#9434 = CARTESIAN_POINT( '', ( -0.184500000000000, 0.0200000000000000, -0.0655000000000000 ) );
#9435 = CARTESIAN_POINT( '', ( -0.184500000000000, 0.0200000000000000, 0.250000000000000 ) );
#9436 = VECTOR( '', #11701, 39.3700787402000 );
#9437 = CARTESIAN_POINT( '', ( -0.160000000000000, 0.0200000000000000, -0.0655000000000000 ) );
#9438 = VECTOR( '', #11702, 39.3700787402000 );
#9439 = COLOUR_RGB( '', 1.00000000000000, 1.00000000000000, 0.000000000000000 );
#9440 = CARTESIAN_POINT( '', ( 0.115500000000000, -0.100000000000000, -0.0219999999999999 ) );
#9441 = CARTESIAN_POINT( '', ( 0.115500000000000, -0.0640000000000000, -0.0580000000000000 ) );
#9442 = AXIS2_PLACEMENT_3D( '', #11703, #11704, #11705 );
#9443 = CARTESIAN_POINT( '', ( 0.0845000000000000, -0.100000000000000, -0.0220000000000000 ) );
#9444 = CARTESIAN_POINT( '', ( 0.215500000000000, -0.100000000000000, -0.0220000000000000 ) );
#9445 = VECTOR( '', #11706, 39.3700787402000 );
#9446 = CARTESIAN_POINT( '', ( 0.0845000000000000, -0.0640000000000000, -0.0580000000000000 ) );
#9447 = AXIS2_PLACEMENT_3D( '', #11707, #11708, #11709 );
#9448 = CARTESIAN_POINT( '', ( 0.215500000000000, -0.0640000000000000, -0.0580000000000000 ) );
#9449 = VECTOR( '', #11710, 39.3700787402000 );
#9450 = COLOUR_RGB( '', 1.00000000000000, 1.00000000000000, 0.000000000000000 );
#9451 = CARTESIAN_POINT( '', ( -0.0845000000000000, 0.0120000000000000, 0.197500000000000 ) );
#9452 = VECTOR( '', #11711, 39.3700787402000 );
#9453 = CARTESIAN_POINT( '', ( -0.115500000000000, 0.0120000000000000, 0.197500000000000 ) );
#9454 = VECTOR( '', #11712, 39.3700787402000 );
#9455 = COLOUR_RGB( '', 0.689999997600000, 0.689999997600000, 0.689999997600000 );
#9456 = CARTESIAN_POINT( '', ( 0.0623563882985497, 0.335000000000000, -0.0801618717014503 ) );
#9457 = CARTESIAN_POINT( '', ( 0.0623563882985497, 0.335000000000000, -0.0198381282985497 ) );
#9458 = CARTESIAN_POINT( '', ( 0.0623563882985497, 0.335000000000000, -0.0825182600000000 ) );
#9459 = VECTOR( '', #11713, 39.3700787402000 );
#9460 = CARTESIAN_POINT( '', ( 0.137643611701450, 0.335000000000000, -0.0198381282985497 ) );
#9461 = CARTESIAN_POINT( '', ( 0.0600000000000000, 0.335000000000000, -0.0198381282985497 ) );
#9462 = VECTOR( '', #11714, 39.3700787402000 );
#9463 = CARTESIAN_POINT( '', ( 0.137643611701450, 0.335000000000000, -0.0801618717014503 ) );
#9464 = CARTESIAN_POINT( '', ( 0.137643611701450, 0.335000000000000, -0.0174817400000000 ) );
#9465 = VECTOR( '', #11715, 39.3700787402000 );
#9466 = CARTESIAN_POINT( '', ( 0.140000000000000, 0.335000000000000, -0.0801618717014503 ) );
#9467 = VECTOR( '', #11716, 39.3700787402000 );
#9468 = CARTESIAN_POINT( '', ( 0.0845000000000000, 0.335000000000000, -0.0655000000000000 ) );
#9469 = CARTESIAN_POINT( '', ( 0.0845000000000000, 0.335000000000000, -0.0345000000000000 ) );
#9470 = CARTESIAN_POINT( '', ( 0.0845000000000000, 0.335000000000000, -0.0655000000000000 ) );
#9471 = VECTOR( '', #11717, 39.3700787402000 );
#9472 = CARTESIAN_POINT( '', ( 0.115500000000000, 0.335000000000000, -0.0655000000000000 ) );
#9473 = VECTOR( '', #11718, 39.3700787402000 );
#9474 = CARTESIAN_POINT( '', ( 0.0845000000000000, 0.335000000000000, -0.0345000000000000 ) );
#9475 = VECTOR( '', #11719, 39.3700787402000 );
#9476 = COLOUR_RGB( '', 0.689999997600000, 0.689999997600000, 0.689999997600000 );
#9477 = CARTESIAN_POINT( '', ( -0.0376436117014502, 0.335000000000000, 0.0198381282985497 ) );
#9478 = CARTESIAN_POINT( '', ( -0.0376436117014502, 0.335000000000000, 0.0675182600000000 ) );
#9479 = CARTESIAN_POINT( '', ( -0.0376436117014502, 0.335000000000000, 0.0174817400000000 ) );
#9480 = VECTOR( '', #11720, 39.3700787402000 );
#9481 = CARTESIAN_POINT( '', ( -0.0250000000000000, 0.335000000000000, 0.0801618717014503 ) );
#9482 = AXIS2_PLACEMENT_3D( '', #11721, #11722, #11723 );
#9483 = CARTESIAN_POINT( '', ( 0.0250000000000000, 0.335000000000000, 0.0801618717014503 ) );
#9484 = CARTESIAN_POINT( '', ( -0.0250000000000000, 0.335000000000000, 0.0801618717014503 ) );
#9485 = VECTOR( '', #11724, 39.3700787402000 );
#9486 = AXIS2_PLACEMENT_3D( '', #11725, #11726, #11727 );
#9487 = CARTESIAN_POINT( '', ( 0.0400000000000000, 0.335000000000000, 0.0198381282985497 ) );
#9488 = VECTOR( '', #11728, 39.3700787402000 );
#9489 = CARTESIAN_POINT( '', ( -0.0155000000000000, 0.335000000000000, 0.0345000000000000 ) );
#9490 = CARTESIAN_POINT( '', ( -0.0155000000000000, 0.335000000000000, 0.0655000000000000 ) );
#9491 = CARTESIAN_POINT( '', ( -0.0155000000000000, 0.335000000000000, 0.0345000000000000 ) );
#9492 = VECTOR( '', #11729, 39.3700787402000 );
#9493 = CARTESIAN_POINT( '', ( 0.0155000000000000, 0.335000000000000, 0.0345000000000000 ) );
#9494 = VECTOR( '', #11730, 39.3700787402000 );
#9495 = CARTESIAN_POINT( '', ( -0.0155000000000000, 0.335000000000000, 0.0655000000000000 ) );
#9496 = VECTOR( '', #11731, 39.3700787402000 );
#9497 = COLOUR_RGB( '', 0.689999997600000, 0.689999997600000, 0.689999997600000 );
#9498 = CARTESIAN_POINT( '', ( -0.160000000000000, 0.185000000000000, 0.0174817400000000 ) );
#9499 = CARTESIAN_POINT( '', ( -0.240000000000000, 0.185000000000000, 0.0174817400000000 ) );
#9500 = CARTESIAN_POINT( '', ( -0.160000000000000, 0.185000000000000, 0.0174817400000000 ) );
#9501 = VECTOR( '', #11732, 39.3700787402000 );
#9502 = CARTESIAN_POINT( '', ( -0.237643611701450, 0.335000000000000, 0.0198381282985497 ) );
#9503 = CARTESIAN_POINT( '', ( -0.240000000000000, 0.185000000000000, 0.0174817400000000 ) );
#9504 = VECTOR( '', #11733, 39.3700787402000 );
#9505 = CARTESIAN_POINT( '', ( -0.162356388298550, 0.335000000000000, 0.0198381282985497 ) );
#9506 = CARTESIAN_POINT( '', ( -0.160000000000000, 0.335000000000000, 0.0198381282985497 ) );
#9507 = VECTOR( '', #11734, 39.3700787402000 );
#9508 = CARTESIAN_POINT( '', ( -0.160000000000000, 0.185000000000000, 0.0174817400000000 ) );
#9509 = VECTOR( '', #11735, 39.3700787402000 );
#9510 = COLOUR_RGB( '', 1.00000000000000, 1.00000000000000, 0.000000000000000 );
#9511 = CARTESIAN_POINT( '', ( 0.0155000000000000, 0.000000000000000, 0.193500000000000 ) );
#9512 = CARTESIAN_POINT( '', ( 0.0155000000000000, 0.000000000000000, 0.0780000000000000 ) );
#9513 = CARTESIAN_POINT( '', ( 0.0155000000000000, 0.000000000000000, 0.193500000000000 ) );
#9514 = VECTOR( '', #11736, 39.3700787402000 );
#9515 = CARTESIAN_POINT( '', ( -0.0155000000000000, 0.000000000000000, 0.193500000000000 ) );
#9516 = CARTESIAN_POINT( '', ( 0.215500000000000, 0.000000000000000, 0.193500000000000 ) );
#9517 = VECTOR( '', #11737, 39.3700787402000 );
#9518 = CARTESIAN_POINT( '', ( -0.0155000000000000, 0.000000000000000, 0.0780000000000000 ) );
#9519 = CARTESIAN_POINT( '', ( -0.0155000000000000, 0.000000000000000, 0.193500000000000 ) );
#9520 = VECTOR( '', #11738, 39.3700787402000 );
#9521 = CARTESIAN_POINT( '', ( 0.215500000000000, 0.000000000000000, 0.0780000000000000 ) );
#9522 = VECTOR( '', #11739, 39.3700787402000 );
#9523 = COLOUR_RGB( '', 1.00000000000000, 1.00000000000000, 0.000000000000000 );
#9524 = CARTESIAN_POINT( '', ( -0.215500000000000, -0.0840000000000000, -0.0220000000000000 ) );
#9525 = CARTESIAN_POINT( '', ( 0.215500000000000, -0.0840000000000000, -0.0220000000000000 ) );
#9526 = VECTOR( '', #11740, 39.3700787402000 );
#9527 = AXIS2_PLACEMENT_3D( '', #11741, #11742, #11743 );
#9528 = COLOUR_RGB( '', 1.00000000000000, 1.00000000000000, 0.000000000000000 );
#9529 = CARTESIAN_POINT( '', ( 0.184500000000000, -0.100000000000000, 0.193500000000000 ) );
#9530 = CARTESIAN_POINT( '', ( 0.184500000000000, -0.100000000000000, -0.0220000000000000 ) );
#9531 = CARTESIAN_POINT( '', ( 0.184500000000000, -0.100000000000000, 5.00000000000000 ) );
#9532 = VECTOR( '', #11744, 39.3700787402000 );
#9533 = CARTESIAN_POINT( '', ( 0.215500000000000, -0.100000000000000, -0.0220000000000000 ) );
#9534 = CARTESIAN_POINT( '', ( 0.215500000000000, -0.100000000000000, -0.0220000000000000 ) );
#9535 = VECTOR( '', #11745, 39.3700787402000 );
#9536 = CARTESIAN_POINT( '', ( 0.215500000000000, -0.100000000000000, 0.193500000000000 ) );
#9537 = CARTESIAN_POINT( '', ( 0.215500000000000, -0.100000000000000, 0.193500000000000 ) );
#9538 = VECTOR( '', #11746, 39.3700787402000 );
#9539 = CARTESIAN_POINT( '', ( 0.215500000000000, -0.100000000000000, 0.193500000000000 ) );
#9540 = VECTOR( '', #11747, 39.3700787402000 );
#9541 = COLOUR_RGB( '', 1.00000000000000, 1.00000000000000, 0.000000000000000 );
#9542 = CARTESIAN_POINT( '', ( 0.184500000000000, 0.0930000000000000, 0.0420000000000003 ) );
#9543 = CARTESIAN_POINT( '', ( 0.184500000000000, 0.0360000000000000, 0.0420000000000000 ) );
#9544 = CARTESIAN_POINT( '', ( 0.184500000000000, 0.0360000000000000, 0.0420000000000000 ) );
#9545 = VECTOR( '', #11748, 39.3700787402000 );
#9546 = CARTESIAN_POINT( '', ( 0.215500000000000, 0.0930000000000000, 0.0420000000000000 ) );
#9547 = CARTESIAN_POINT( '', ( 0.215500000000000, 0.0930000000000000, 0.0420000000000000 ) );
#9548 = VECTOR( '', #11749, 39.3700787402000 );
#9549 = CARTESIAN_POINT( '', ( 0.215500000000000, 0.0360000000000000, 0.0420000000000000 ) );
#9550 = CARTESIAN_POINT( '', ( 0.215500000000000, 0.0360000000000000, 0.0420000000000000 ) );
#9551 = VECTOR( '', #11750, 39.3700787402000 );
#9552 = CARTESIAN_POINT( '', ( 0.215500000000000, 0.0360000000000000, 0.0420000000000000 ) );
#9553 = VECTOR( '', #11751, 39.3700787402000 );
#9554 = COLOUR_RGB( '', 1.00000000000000, 1.00000000000000, 0.000000000000000 );
#9555 = CARTESIAN_POINT( '', ( -0.184500000000000, 0.0160000000000000, 0.193500000000000 ) );
#9556 = CARTESIAN_POINT( '', ( -0.184500000000000, 0.0120000000000000, 0.197500000000000 ) );
#9557 = CARTESIAN_POINT( '', ( -0.184500000000000, 0.0160000000000000, 0.193500000000000 ) );
#9558 = VECTOR( '', #11752, 39.3700787402000 );
#9559 = CARTESIAN_POINT( '', ( -0.215500000000000, 0.0160000000000000, 0.193500000000000 ) );
#9560 = CARTESIAN_POINT( '', ( 0.215500000000000, 0.0160000000000000, 0.193500000000000 ) );
#9561 = VECTOR( '', #11753, 39.3700787402000 );
#9562 = CARTESIAN_POINT( '', ( -0.215500000000000, 0.0120000000000000, 0.197500000000000 ) );
#9563 = CARTESIAN_POINT( '', ( -0.215500000000000, 0.0160000000000000, 0.193500000000000 ) );
#9564 = VECTOR( '', #11754, 39.3700787402000 );
#9565 = CARTESIAN_POINT( '', ( 0.215500000000000, 0.0120000000000000, 0.197500000000000 ) );
#9566 = VECTOR( '', #11755, 39.3700787402000 );
#9567 = COLOUR_RGB( '', 1.00000000000000, 1.00000000000000, 0.000000000000000 );
#9568 = CARTESIAN_POINT( '', ( 0.184500000000000, 0.0120000000000000, 0.197500000000000 ) );
#9569 = CARTESIAN_POINT( '', ( 0.184500000000000, 0.0160000000000000, 0.193500000000000 ) );
#9570 = VECTOR( '', #11756, 39.3700787402000 );
#9571 = CARTESIAN_POINT( '', ( 0.215500000000000, 0.0120000000000000, 0.197500000000000 ) );
#9572 = CARTESIAN_POINT( '', ( 0.215500000000000, 0.0120000000000000, 0.197500000000000 ) );
#9573 = VECTOR( '', #11757, 39.3700787402000 );
#9574 = CARTESIAN_POINT( '', ( 0.215500000000000, 0.0160000000000000, 0.193500000000000 ) );
#9575 = VECTOR( '', #11758, 39.3700787402000 );
#9576 = COLOUR_RGB( '', 1.00000000000000, 1.00000000000000, 0.000000000000000 );
#9577 = CARTESIAN_POINT( '', ( 0.0845000000000000, 0.0160000000000000, 0.193500000000000 ) );
#9578 = CARTESIAN_POINT( '', ( 0.215500000000000, 0.0160000000000000, 0.193500000000000 ) );
#9579 = VECTOR( '', #11759, 39.3700787402000 );
#9580 = CARTESIAN_POINT( '', ( 0.0845000000000000, 0.0160000000000000, 0.193500000000000 ) );
#9581 = VECTOR( '', #11760, 39.3700787402000 );
#9582 = COLOUR_RGB( '', 0.689999997600000, 0.689999997600000, 0.689999997600000 );
#9583 = CARTESIAN_POINT( '', ( -0.233000000000000, 0.300000000000000, -0.0395000000000000 ) );
#9584 = CARTESIAN_POINT( '', ( -0.233000000000000, 0.300000000000000, -0.0395000000000000 ) );
#9585 = VECTOR( '', #11761, 39.3700787402000 );
#9586 = CARTESIAN_POINT( '', ( -0.215500000000000, 0.300000000000000, -0.0395000000000000 ) );
#9587 = CARTESIAN_POINT( '', ( -0.233000000000000, 0.300000000000000, -0.0395000000000000 ) );
#9588 = VECTOR( '', #11762, 39.3700787402000 );
#9589 = CARTESIAN_POINT( '', ( -0.215500000000000, 0.335000000000000, -0.0395000000000000 ) );
#9590 = VECTOR( '', #11763, 39.3700787402000 );
#9591 = COLOUR_RGB( '', 0.689999997600000, 0.689999997600000, 0.689999997600000 );
#9592 = CARTESIAN_POINT( '', ( -0.140000000000000, 0.000000000000000, -0.0975000000000000 ) );
#9593 = CARTESIAN_POINT( '', ( -0.140000000000000, 0.0200000000000000, -0.0975000000000000 ) );
#9594 = CARTESIAN_POINT( '', ( -0.140000000000000, 0.185000000000000, -0.0975000000000000 ) );
#9595 = VECTOR( '', #11764, 39.3700787402000 );
#9596 = CARTESIAN_POINT( '', ( -0.140000000000000, 0.0200000000000000, 0.0975000000000000 ) );
#9597 = CARTESIAN_POINT( '', ( -0.140000000000000, 0.0200000000000000, 0.250000000000000 ) );
#9598 = VECTOR( '', #11765, 39.3700787402000 );
#9599 = CARTESIAN_POINT( '', ( -0.140000000000000, 0.000000000000000, 0.0975000000000000 ) );
#9600 = CARTESIAN_POINT( '', ( -0.140000000000000, 0.185000000000000, 0.0975000000000000 ) );
#9601 = VECTOR( '', #11766, 39.3700787402000 );
#9602 = CARTESIAN_POINT( '', ( -0.140000000000000, 0.000000000000000, -0.000000000000000 ) );
#9603 = VECTOR( '', #11767, 39.3700787402000 );
#9604 = COLOUR_RGB( '', 0.689999997600000, 0.689999997600000, 0.689999997600000 );
#9605 = CARTESIAN_POINT( '', ( 0.140000000000000, 0.185000000000000, -0.0825182600000000 ) );
#9606 = CARTESIAN_POINT( '', ( 0.0600000000000000, 0.185000000000000, -0.0825182600000000 ) );
#9607 = CARTESIAN_POINT( '', ( 0.140000000000000, 0.185000000000000, -0.0825182600000000 ) );
#9608 = VECTOR( '', #11768, 39.3700787402000 );
#9609 = CARTESIAN_POINT( '', ( 0.0600000000000000, 0.185000000000000, -0.0825182600000000 ) );
#9610 = VECTOR( '', #11769, 39.3700787402000 );
#9611 = CARTESIAN_POINT( '', ( 0.140000000000000, 0.185000000000000, -0.0825182600000000 ) );
#9612 = VECTOR( '', #11770, 39.3700787402000 );
#9613 = COLOUR_RGB( '', 0.689999997600000, 0.689999997600000, 0.689999997600000 );
#9614 = CARTESIAN_POINT( '', ( -0.0600000000000000, 0.0200000000000000, -0.0975000000000000 ) );
#9615 = CARTESIAN_POINT( '', ( -0.0600000000000000, 0.000000000000000, -0.0975000000000000 ) );
#9616 = CARTESIAN_POINT( '', ( -0.0599999999999999, 0.185000000000000, -0.0975000000000000 ) );
#9617 = VECTOR( '', #11771, 39.3700787402000 );
#9618 = CARTESIAN_POINT( '', ( -0.0600000000000000, 0.000000000000000, 0.0975000000000000 ) );
#9619 = CARTESIAN_POINT( '', ( -0.0600000000000000, 0.000000000000000, 0.000000000000000 ) );
#9620 = VECTOR( '', #11772, 39.3700787402000 );
#9621 = CARTESIAN_POINT( '', ( -0.0600000000000000, 0.0200000000000000, 0.0975000000000000 ) );
#9622 = CARTESIAN_POINT( '', ( -0.0600000000000000, 0.185000000000000, 0.0975000000000000 ) );
#9623 = VECTOR( '', #11773, 39.3700787402000 );
#9624 = CARTESIAN_POINT( '', ( -0.0600000000000000, 0.0200000000000000, 0.250000000000000 ) );
#9625 = VECTOR( '', #11774, 39.3700787402000 );
#9626 = COLOUR_RGB( '', 1.00000000000000, 1.00000000000000, 0.000000000000000 );
#9627 = CARTESIAN_POINT( '', ( 0.184500000000000, -0.0960000000000000, 0.197500000000000 ) );
#9628 = CARTESIAN_POINT( '', ( 0.184500000000000, -0.0960000000000000, 0.197500000000000 ) );
#9629 = VECTOR( '', #11775, 39.3700787402000 );
#9630 = CARTESIAN_POINT( '', ( 0.215500000000000, -0.0960000000000000, 0.197500000000000 ) );
#9631 = CARTESIAN_POINT( '', ( 0.215500000000000, -0.0960000000000000, 0.197500000000000 ) );
#9632 = VECTOR( '', #11776, 39.3700787402000 );
#9633 = CARTESIAN_POINT( '', ( 0.215500000000000, -0.0960000000000000, 0.197500000000000 ) );
#9634 = VECTOR( '', #11777, 39.3700787402000 );
#9635 = COLOUR_RGB( '', 0.689999997600000, 0.689999997600000, 0.689999997600000 );
#9636 = CARTESIAN_POINT( '', ( -0.240000000000000, 0.185000000000000, 0.0675182600000000 ) );
#9637 = CARTESIAN_POINT( '', ( -0.240000000000000, 0.185000000000000, 0.0174817400000000 ) );
#9638 = VECTOR( '', #11778, 39.3700787402000 );
#9639 = CARTESIAN_POINT( '', ( -0.237643611701450, 0.335000000000000, 0.0675182600000000 ) );
#9640 = CARTESIAN_POINT( '', ( -0.240000000000000, 0.185000000000000, 0.0675182600000000 ) );
#9641 = VECTOR( '', #11779, 39.3700787402000 );
#9642 = CARTESIAN_POINT( '', ( -0.237643611701450, 0.335000000000000, 0.0174817400000000 ) );
#9643 = VECTOR( '', #11780, 39.3700787402000 );
#9644 = COLOUR_RGB( '', 0.689999997600000, 0.689999997600000, 0.689999997600000 );
#9645 = CARTESIAN_POINT( '', ( -0.160000000000000, 0.185000000000000, 0.0675182600000000 ) );
#9646 = CARTESIAN_POINT( '', ( -0.160000000000000, 0.185000000000000, 0.0675182600000000 ) );
#9647 = VECTOR( '', #11781, 39.3700787402000 );
#9648 = CARTESIAN_POINT( '', ( -0.162356388298550, 0.335000000000000, 0.0675182600000000 ) );
#9649 = CARTESIAN_POINT( '', ( -0.162356388298550, 0.335000000000000, 0.0675182600000000 ) );
#9650 = VECTOR( '', #11782, 39.3700787402000 );
#9651 = CARTESIAN_POINT( '', ( -0.160000000000000, 0.185000000000000, 0.0675182600000000 ) );
#9652 = VECTOR( '', #11783, 39.3700787402000 );
#9653 = COLOUR_RGB( '', 0.689999997600000, 0.689999997600000, 0.689999997600000 );
#9654 = CARTESIAN_POINT( '', ( 0.0400000000000000, 0.000000000000000, 0.0975000000000000 ) );
#9655 = CARTESIAN_POINT( '', ( -0.257500000000000, 0.000000000000000, 0.0975000000000000 ) );
#9656 = VECTOR( '', #11784, 39.3700787402000 );
#9657 = CARTESIAN_POINT( '', ( 0.0400000000000000, 0.000000000000000, -0.0975000000000000 ) );
#9658 = CARTESIAN_POINT( '', ( 0.0400000000000000, 0.000000000000000, -0.000000000000000 ) );
#9659 = VECTOR( '', #11785, 39.3700787402000 );
#9660 = CARTESIAN_POINT( '', ( 0.257500000000000, 0.000000000000000, -0.0975000000000000 ) );
#9661 = VECTOR( '', #11786, 39.3700787402000 );
#9662 = COLOUR_RGB( '', 1.00000000000000, 1.00000000000000, 0.000000000000000 );
#9663 = CARTESIAN_POINT( '', ( -0.0845000000000000, 0.0360000000000000, 0.0420000000000000 ) );
#9664 = CARTESIAN_POINT( '', ( -0.0845000000000000, 0.0930000000000000, 0.0420000000000003 ) );
#9665 = CARTESIAN_POINT( '', ( -0.0845000000000000, 0.0360000000000000, 0.0420000000000000 ) );
#9666 = VECTOR( '', #11787, 39.3700787402000 );
#9667 = CARTESIAN_POINT( '', ( -0.115500000000000, 0.0360000000000000, 0.0420000000000000 ) );
#9668 = CARTESIAN_POINT( '', ( 0.215500000000000, 0.0360000000000000, 0.0420000000000000 ) );
#9669 = VECTOR( '', #11788, 39.3700787402000 );
#9670 = CARTESIAN_POINT( '', ( -0.115500000000000, 0.0930000000000000, 0.0420000000000003 ) );
#9671 = CARTESIAN_POINT( '', ( -0.115500000000000, 0.0360000000000000, 0.0420000000000000 ) );
#9672 = VECTOR( '', #11789, 39.3700787402000 );
#9673 = CARTESIAN_POINT( '', ( 0.215500000000000, 0.0930000000000000, 0.0420000000000000 ) );
#9674 = VECTOR( '', #11790, 39.3700787402000 );
#9675 = COLOUR_RGB( '', 1.00000000000000, 1.00000000000000, 0.000000000000000 );
#9676 = CARTESIAN_POINT( '', ( -0.0845000000000000, 0.0930000000000000, -0.0420000000000003 ) );
#9677 = CARTESIAN_POINT( '', ( -0.0845000000000000, -0.0640000000000000, -0.0420000000000000 ) );
#9678 = CARTESIAN_POINT( '', ( -0.0845000000000000, 0.0930000000000000, -0.0420000000000000 ) );
#9679 = VECTOR( '', #11791, 39.3700787402000 );
#9680 = CARTESIAN_POINT( '', ( -0.115500000000000, 0.0930000000000000, -0.0420000000000003 ) );
#9681 = CARTESIAN_POINT( '', ( 0.215500000000000, 0.0930000000000000, -0.0420000000000000 ) );
#9682 = VECTOR( '', #11792, 39.3700787402000 );
#9683 = CARTESIAN_POINT( '', ( -0.115500000000000, -0.0640000000000000, -0.0420000000000000 ) );
#9684 = CARTESIAN_POINT( '', ( -0.115500000000000, 0.0930000000000000, -0.0420000000000000 ) );
#9685 = VECTOR( '', #11793, 39.3700787402000 );
#9686 = CARTESIAN_POINT( '', ( 0.215500000000000, -0.0640000000000000, -0.0420000000000000 ) );
#9687 = VECTOR( '', #11794, 39.3700787402000 );
#9688 = COLOUR_RGB( '', 0.689999997600000, 0.689999997600000, 0.689999997600000 );
#9689 = CARTESIAN_POINT( '', ( 0.240000000000000, 0.185000000000000, -0.0825182600000000 ) );
#9690 = CARTESIAN_POINT( '', ( 0.160000000000000, 0.185000000000000, -0.0825182600000000 ) );
#9691 = CARTESIAN_POINT( '', ( 0.240000000000000, 0.185000000000000, -0.0825182600000000 ) );
#9692 = VECTOR( '', #11795, 39.3700787402000 );
#9693 = CARTESIAN_POINT( '', ( 0.160000000000000, 0.185000000000000, -0.0825182600000000 ) );
#9694 = VECTOR( '', #11796, 39.3700787402000 );
#9695 = CARTESIAN_POINT( '', ( 0.240000000000000, 0.185000000000000, -0.0825182600000000 ) );
#9696 = VECTOR( '', #11797, 39.3700787402000 );
#9697 = COLOUR_RGB( '', 0.689999997600000, 0.689999997600000, 0.689999997600000 );
#9698 = CARTESIAN_POINT( '', ( -0.160000000000000, 0.000000000000000, -0.0975000000000000 ) );
#9699 = CARTESIAN_POINT( '', ( -0.160000000000000, 0.185000000000000, -0.0975000000000000 ) );
#9700 = VECTOR( '', #11798, 39.3700787402000 );
#9701 = CARTESIAN_POINT( '', ( -0.160000000000000, 0.000000000000000, 0.0975000000000000 ) );
#9702 = CARTESIAN_POINT( '', ( -0.160000000000000, 0.000000000000000, 0.000000000000000 ) );
#9703 = VECTOR( '', #11799, 39.3700787402000 );
#9704 = CARTESIAN_POINT( '', ( -0.160000000000000, 0.185000000000000, 0.0975000000000000 ) );
#9705 = VECTOR( '', #11800, 39.3700787402000 );
#9706 = COLOUR_RGB( '', 0.689999997600000, 0.689999997600000, 0.689999997600000 );
#9707 = CARTESIAN_POINT( '', ( 0.0330000000000000, 0.300000000000000, -0.0395000000000000 ) );
#9708 = CARTESIAN_POINT( '', ( 0.0330000000000000, 0.0200000000000001, -0.0395000000000000 ) );
#9709 = CARTESIAN_POINT( '', ( 0.0330000000000000, 0.300000000000000, -0.0395000000000000 ) );
#9710 = VECTOR( '', #11801, 39.3700787402000 );
#9711 = CARTESIAN_POINT( '', ( 0.0330000000000000, 0.300000000000000, -0.0395000000000000 ) );
#9712 = VECTOR( '', #11802, 39.3700787402000 );
#9713 = CARTESIAN_POINT( '', ( 0.0330000000000000, 0.0200000000000000, 0.250000000000000 ) );
#9714 = VECTOR( '', #11803, 39.3700787402000 );
#9715 = COLOUR_RGB( '', 0.689999997600000, 0.689999997600000, 0.689999997600000 );
#9716 = CARTESIAN_POINT( '', ( -0.0845000000000000, 0.300000000000000, -0.0395000000000000 ) );
#9717 = CARTESIAN_POINT( '', ( -0.0845000000000000, 0.300000000000000, -0.0345000000000000 ) );
#9718 = VECTOR( '', #11804, 39.3700787402000 );
#9719 = CARTESIAN_POINT( '', ( -0.0670000000000000, 0.300000000000000, -0.0395000000000000 ) );
#9720 = CARTESIAN_POINT( '', ( -0.0670000000000000, 0.300000000000000, -0.0395000000000000 ) );
#9721 = VECTOR( '', #11805, 39.3700787402000 );
#9722 = CARTESIAN_POINT( '', ( -0.133000000000000, 0.300000000000000, -0.0395000000000000 ) );
#9723 = VECTOR( '', #11806, 39.3700787402000 );
#9724 = COLOUR_RGB( '', 0.689999997600000, 0.689999997600000, 0.689999997600000 );
#9725 = CARTESIAN_POINT( '', ( 0.115500000000000, 0.300000000000000, 0.0605000000000000 ) );
#9726 = CARTESIAN_POINT( '', ( 0.115500000000000, 0.0200000000000000, 0.0605000000000000 ) );
#9727 = CARTESIAN_POINT( '', ( 0.115500000000000, 0.335000000000000, 0.0605000000000000 ) );
#9728 = VECTOR( '', #11807, 39.3700787402000 );
#9729 = CARTESIAN_POINT( '', ( 0.133000000000000, 0.300000000000000, 0.0605000000000000 ) );
#9730 = CARTESIAN_POINT( '', ( 0.0670000000000000, 0.300000000000000, 0.0605000000000000 ) );
#9731 = VECTOR( '', #11808, 39.3700787402000 );
#9732 = CARTESIAN_POINT( '', ( 0.133000000000000, 0.0200000000000001, 0.0605000000000000 ) );
#9733 = CARTESIAN_POINT( '', ( 0.133000000000000, 0.300000000000000, 0.0605000000000000 ) );
#9734 = VECTOR( '', #11809, 39.3700787402000 );
#9735 = CARTESIAN_POINT( '', ( 0.140000000000000, 0.0200000000000000, 0.0605000000000000 ) );
#9736 = VECTOR( '', #11810, 39.3700787402000 );
#9737 = COLOUR_RGB( '', 0.689999997600000, 0.689999997600000, 0.689999997600000 );
#9738 = CARTESIAN_POINT( '', ( 0.160000000000000, 0.0200000000000000, -0.0975000000000000 ) );
#9739 = CARTESIAN_POINT( '', ( 0.240000000000000, 0.0200000000000000, -0.0975000000000000 ) );
#9740 = CARTESIAN_POINT( '', ( 0.257500000000000, 0.0200000000000000, -0.0975000000000000 ) );
#9741 = VECTOR( '', #11811, 39.3700787402000 );
#9742 = CARTESIAN_POINT( '', ( 0.240000000000000, 0.0200000000000000, 0.0975000000000000 ) );
#9743 = CARTESIAN_POINT( '', ( 0.240000000000000, 0.0200000000000000, 0.250000000000000 ) );
#9744 = VECTOR( '', #11812, 39.3700787402000 );
#9745 = CARTESIAN_POINT( '', ( 0.160000000000000, 0.0200000000000000, 0.0975000000000000 ) );
#9746 = CARTESIAN_POINT( '', ( -0.257500000000000, 0.0200000000000000, 0.0975000000000000 ) );
#9747 = VECTOR( '', #11813, 39.3700787402000 );
#9748 = CARTESIAN_POINT( '', ( 0.160000000000000, 0.0200000000000000, 0.250000000000000 ) );
#9749 = VECTOR( '', #11814, 39.3700787402000 );
#9750 = CARTESIAN_POINT( '', ( 0.184500000000000, 0.0200000000000000, -0.0655000000000000 ) );
#9751 = CARTESIAN_POINT( '', ( 0.184500000000000, 0.0200000000000000, -0.0605000000000000 ) );
#9752 = CARTESIAN_POINT( '', ( 0.184500000000000, 0.0200000000000000, 0.250000000000000 ) );
#9753 = VECTOR( '', #11815, 39.3700787402000 );
#9754 = CARTESIAN_POINT( '', ( 0.167000000000000, 0.0200000000000001, -0.0605000000000000 ) );
#9755 = CARTESIAN_POINT( '', ( 0.240000000000000, 0.0200000000000000, -0.0605000000000000 ) );
#9756 = VECTOR( '', #11816, 39.3700787402000 );
#9757 = CARTESIAN_POINT( '', ( 0.167000000000000, 0.0200000000000001, -0.0395000000000000 ) );
#9758 = CARTESIAN_POINT( '', ( 0.167000000000000, 0.0200000000000000, 0.250000000000000 ) );
#9759 = VECTOR( '', #11817, 39.3700787402000 );
#9760 = CARTESIAN_POINT( '', ( 0.184500000000000, 0.0200000000000000, -0.0395000000000000 ) );
#9761 = CARTESIAN_POINT( '', ( 0.240000000000000, 0.0200000000000000, -0.0395000000000000 ) );
#9762 = VECTOR( '', #11818, 39.3700787402000 );
#9763 = CARTESIAN_POINT( '', ( 0.184500000000000, 0.0200000000000000, -0.0345000000000000 ) );
#9764 = CARTESIAN_POINT( '', ( 0.184500000000000, 0.0200000000000000, 0.250000000000000 ) );
#9765 = VECTOR( '', #11819, 39.3700787402000 );
#9766 = CARTESIAN_POINT( '', ( 0.215500000000000, 0.0200000000000000, -0.0345000000000000 ) );
#9767 = CARTESIAN_POINT( '', ( 0.240000000000000, 0.0200000000000000, -0.0345000000000000 ) );
#9768 = VECTOR( '', #11820, 39.3700787402000 );
#9769 = CARTESIAN_POINT( '', ( 0.215500000000000, 0.0200000000000000, -0.0395000000000000 ) );
#9770 = CARTESIAN_POINT( '', ( 0.215500000000000, 0.0200000000000000, 0.250000000000000 ) );
#9771 = VECTOR( '', #11821, 39.3700787402000 );
#9772 = CARTESIAN_POINT( '', ( 0.233000000000000, 0.0200000000000001, -0.0395000000000000 ) );
#9773 = CARTESIAN_POINT( '', ( 0.240000000000000, 0.0200000000000000, -0.0395000000000000 ) );
#9774 = VECTOR( '', #11822, 39.3700787402000 );
#9775 = CARTESIAN_POINT( '', ( 0.233000000000000, 0.0200000000000001, -0.0605000000000000 ) );
#9776 = CARTESIAN_POINT( '', ( 0.233000000000000, 0.0200000000000000, 0.250000000000000 ) );
#9777 = VECTOR( '', #11823, 39.3700787402000 );
#9778 = CARTESIAN_POINT( '', ( 0.215500000000000, 0.0200000000000000, -0.0605000000000000 ) );
#9779 = CARTESIAN_POINT( '', ( 0.240000000000000, 0.0200000000000000, -0.0605000000000000 ) );
#9780 = VECTOR( '', #11824, 39.3700787402000 );
#9781 = CARTESIAN_POINT( '', ( 0.215500000000000, 0.0200000000000000, -0.0655000000000000 ) );
#9782 = CARTESIAN_POINT( '', ( 0.215500000000000, 0.0200000000000000, 0.250000000000000 ) );
#9783 = VECTOR( '', #11825, 39.3700787402000 );
#9784 = CARTESIAN_POINT( '', ( 0.240000000000000, 0.0200000000000000, -0.0655000000000000 ) );
#9785 = VECTOR( '', #11826, 39.3700787402000 );
#9786 = CARTESIAN_POINT( '', ( 0.184500000000000, 0.0200000000000000, 0.0345000000000000 ) );
#9787 = CARTESIAN_POINT( '', ( 0.184500000000000, 0.0200000000000000, 0.0395000000000000 ) );
#9788 = CARTESIAN_POINT( '', ( 0.184500000000000, 0.0200000000000000, 0.250000000000000 ) );
#9789 = VECTOR( '', #11827, 39.3700787402000 );
#9790 = CARTESIAN_POINT( '', ( 0.167000000000000, 0.0200000000000001, 0.0395000000000000 ) );
#9791 = CARTESIAN_POINT( '', ( 0.240000000000000, 0.0200000000000000, 0.0395000000000000 ) );
#9792 = VECTOR( '', #11828, 39.3700787402000 );
#9793 = CARTESIAN_POINT( '', ( 0.167000000000000, 0.0200000000000000, 0.250000000000000 ) );
#9794 = VECTOR( '', #11829, 39.3700787402000 );
#9795 = CARTESIAN_POINT( '', ( 0.184500000000000, 0.0200000000000000, 0.0655000000000000 ) );
#9796 = CARTESIAN_POINT( '', ( 0.184500000000000, 0.0200000000000000, 0.250000000000000 ) );
#9797 = VECTOR( '', #11830, 39.3700787402000 );
#9798 = CARTESIAN_POINT( '', ( 0.215500000000000, 0.0200000000000000, 0.0655000000000000 ) );
#9799 = CARTESIAN_POINT( '', ( 0.240000000000000, 0.0200000000000000, 0.0655000000000000 ) );
#9800 = VECTOR( '', #11831, 39.3700787402000 );
#9801 = CARTESIAN_POINT( '', ( 0.215500000000000, 0.0200000000000000, 0.0605000000000000 ) );
#9802 = CARTESIAN_POINT( '', ( 0.215500000000000, 0.0200000000000000, 0.250000000000000 ) );
#9803 = VECTOR( '', #11832, 39.3700787402000 );
#9804 = CARTESIAN_POINT( '', ( 0.233000000000000, 0.0200000000000001, 0.0605000000000000 ) );
#9805 = CARTESIAN_POINT( '', ( 0.240000000000000, 0.0200000000000000, 0.0605000000000000 ) );
#9806 = VECTOR( '', #11833, 39.3700787402000 );
#9807 = CARTESIAN_POINT( '', ( 0.233000000000000, 0.0200000000000001, 0.0395000000000000 ) );
#9808 = CARTESIAN_POINT( '', ( 0.233000000000000, 0.0200000000000000, 0.250000000000000 ) );
#9809 = VECTOR( '', #11834, 39.3700787402000 );
#9810 = CARTESIAN_POINT( '', ( 0.215500000000000, 0.0200000000000000, 0.0395000000000000 ) );
#9811 = CARTESIAN_POINT( '', ( 0.240000000000000, 0.0200000000000000, 0.0395000000000000 ) );
#9812 = VECTOR( '', #11835, 39.3700787402000 );
#9813 = CARTESIAN_POINT( '', ( 0.215500000000000, 0.0200000000000000, 0.0345000000000000 ) );
#9814 = CARTESIAN_POINT( '', ( 0.215500000000000, 0.0200000000000000, 0.250000000000000 ) );
#9815 = VECTOR( '', #11836, 39.3700787402000 );
#9816 = CARTESIAN_POINT( '', ( 0.240000000000000, 0.0200000000000000, 0.0345000000000000 ) );
#9817 = VECTOR( '', #11837, 39.3700787402000 );
#9818 = COLOUR_RGB( '', 0.689999997600000, 0.689999997600000, 0.689999997600000 );
#9819 = CARTESIAN_POINT( '', ( 0.215500000000000, 0.300000000000000, 0.0605000000000000 ) );
#9820 = CARTESIAN_POINT( '', ( 0.215500000000000, 0.300000000000000, 0.0395000000000000 ) );
#9821 = CARTESIAN_POINT( '', ( 0.215500000000000, 0.300000000000000, 0.0655000000000000 ) );
#9822 = VECTOR( '', #11838, 39.3700787402000 );
#9823 = CARTESIAN_POINT( '', ( 0.233000000000000, 0.300000000000000, 0.0395000000000000 ) );
#9824 = CARTESIAN_POINT( '', ( 0.233000000000000, 0.300000000000000, 0.0395000000000000 ) );
#9825 = VECTOR( '', #11839, 39.3700787402000 );
#9826 = CARTESIAN_POINT( '', ( 0.233000000000000, 0.300000000000000, 0.0605000000000000 ) );
#9827 = CARTESIAN_POINT( '', ( 0.233000000000000, 0.300000000000000, 0.0605000000000000 ) );
#9828 = VECTOR( '', #11840, 39.3700787402000 );
#9829 = CARTESIAN_POINT( '', ( 0.167000000000000, 0.300000000000000, 0.0605000000000000 ) );
#9830 = VECTOR( '', #11841, 39.3700787402000 );
#9831 = COLOUR_RGB( '', 0.689999997600000, 0.689999997600000, 0.689999997600000 );
#9832 = CARTESIAN_POINT( '', ( -0.115500000000000, 0.335000000000000, 0.0655000000000000 ) );
#9833 = CARTESIAN_POINT( '', ( -0.115500000000000, 0.0200000000000000, 0.0655000000000000 ) );
#9834 = CARTESIAN_POINT( '', ( -0.115500000000000, 0.335000000000000, 0.0655000000000000 ) );
#9835 = VECTOR( '', #11842, 39.3700787402000 );
#9836 = CARTESIAN_POINT( '', ( -0.0845000000000000, 0.335000000000000, 0.0655000000000000 ) );
#9837 = CARTESIAN_POINT( '', ( -0.115500000000000, 0.335000000000000, 0.0655000000000000 ) );
#9838 = VECTOR( '', #11843, 39.3700787402000 );
#9839 = CARTESIAN_POINT( '', ( -0.0845000000000000, 0.0200000000000000, 0.0655000000000000 ) );
#9840 = CARTESIAN_POINT( '', ( -0.0845000000000000, 0.335000000000000, 0.0655000000000000 ) );
#9841 = VECTOR( '', #11844, 39.3700787402000 );
#9842 = CARTESIAN_POINT( '', ( -0.0600000000000000, 0.0200000000000000, 0.0655000000000000 ) );
#9843 = VECTOR( '', #11845, 39.3700787402000 );
#9844 = COLOUR_RGB( '', 0.689999997600000, 0.689999997600000, 0.689999997600000 );
#9845 = CARTESIAN_POINT( '', ( -0.133000000000000, 0.300000000000000, 0.0605000000000000 ) );
#9846 = CARTESIAN_POINT( '', ( -0.133000000000000, 0.0200000000000001, 0.0605000000000000 ) );
#9847 = CARTESIAN_POINT( '', ( -0.133000000000000, 0.300000000000000, 0.0605000000000000 ) );
#9848 = VECTOR( '', #11846, 39.3700787402000 );
#9849 = CARTESIAN_POINT( '', ( -0.115500000000000, 0.300000000000000, 0.0605000000000000 ) );
#9850 = CARTESIAN_POINT( '', ( -0.133000000000000, 0.300000000000000, 0.0605000000000000 ) );
#9851 = VECTOR( '', #11847, 39.3700787402000 );
#9852 = CARTESIAN_POINT( '', ( -0.115500000000000, 0.0200000000000000, 0.0605000000000000 ) );
#9853 = CARTESIAN_POINT( '', ( -0.115500000000000, 0.335000000000000, 0.0605000000000000 ) );
#9854 = VECTOR( '', #11848, 39.3700787402000 );
#9855 = CARTESIAN_POINT( '', ( -0.0600000000000000, 0.0200000000000000, 0.0605000000000000 ) );
#9856 = VECTOR( '', #11849, 39.3700787402000 );
#9857 = COLOUR_RGB( '', 0.689999997600000, 0.689999997600000, 0.689999997600000 );
#9858 = CARTESIAN_POINT( '', ( -0.115500000000000, 0.300000000000000, 0.0395000000000000 ) );
#9859 = CARTESIAN_POINT( '', ( -0.115500000000000, 0.0200000000000000, 0.0395000000000000 ) );
#9860 = CARTESIAN_POINT( '', ( -0.115500000000000, 0.335000000000000, 0.0395000000000000 ) );
#9861 = VECTOR( '', #11850, 39.3700787402000 );
#9862 = CARTESIAN_POINT( '', ( -0.133000000000000, 0.300000000000000, 0.0395000000000000 ) );
#9863 = CARTESIAN_POINT( '', ( -0.0670000000000000, 0.300000000000000, 0.0395000000000000 ) );
#9864 = VECTOR( '', #11851, 39.3700787402000 );
#9865 = CARTESIAN_POINT( '', ( -0.133000000000000, 0.0200000000000001, 0.0395000000000000 ) );
#9866 = CARTESIAN_POINT( '', ( -0.133000000000000, 0.300000000000000, 0.0395000000000000 ) );
#9867 = VECTOR( '', #11852, 39.3700787402000 );
#9868 = CARTESIAN_POINT( '', ( -0.0600000000000000, 0.0200000000000000, 0.0395000000000000 ) );
#9869 = VECTOR( '', #11853, 39.3700787402000 );
#9870 = COLOUR_RGB( '', 0.689999997600000, 0.689999997600000, 0.689999997600000 );
#9871 = CARTESIAN_POINT( '', ( 0.167000000000000, 0.300000000000000, 0.0395000000000000 ) );
#9872 = CARTESIAN_POINT( '', ( 0.167000000000000, 0.300000000000000, 0.0395000000000000 ) );
#9873 = VECTOR( '', #11854, 39.3700787402000 );
#9874 = CARTESIAN_POINT( '', ( 0.167000000000000, 0.300000000000000, 0.0395000000000000 ) );
#9875 = VECTOR( '', #11855, 39.3700787402000 );
#9876 = COLOUR_RGB( '', 1.00000000000000, 1.00000000000000, 0.000000000000000 );
#9877 = CARTESIAN_POINT( '', ( 0.184500000000000, -0.0880000000000000, 0.197500000000000 ) );
#9878 = VECTOR( '', #11856, 39.3700787402000 );
#9879 = CARTESIAN_POINT( '', ( 0.215500000000000, -0.0880000000000000, 0.197500000000000 ) );
#9880 = VECTOR( '', #11857, 39.3700787402000 );
#9881 = COLOUR_RGB( '', 1.00000000000000, 1.00000000000000, 0.000000000000000 );
#9882 = CARTESIAN_POINT( '', ( 0.0155000000000000, -0.100000000000000, -0.0219999999999999 ) );
#9883 = CARTESIAN_POINT( '', ( 0.0155000000000000, -0.0640000000000000, -0.0580000000000000 ) );
#9884 = AXIS2_PLACEMENT_3D( '', #11858, #11859, #11860 );
#9885 = CARTESIAN_POINT( '', ( -0.0155000000000000, -0.100000000000000, -0.0220000000000000 ) );
#9886 = CARTESIAN_POINT( '', ( 0.215500000000000, -0.100000000000000, -0.0220000000000000 ) );
#9887 = VECTOR( '', #11861, 39.3700787402000 );
#9888 = CARTESIAN_POINT( '', ( -0.0155000000000000, -0.0640000000000000, -0.0580000000000000 ) );
#9889 = AXIS2_PLACEMENT_3D( '', #11862, #11863, #11864 );
#9890 = CARTESIAN_POINT( '', ( 0.215500000000000, -0.0640000000000000, -0.0580000000000000 ) );
#9891 = VECTOR( '', #11865, 39.3700787402000 );
#9892 = COLOUR_RGB( '', 1.00000000000000, 1.00000000000000, 0.000000000000000 );
#9893 = CARTESIAN_POINT( '', ( -0.115500000000000, 0.0930000000000000, 0.0580000000000003 ) );
#9894 = CARTESIAN_POINT( '', ( -0.115500000000000, 0.0930000000000000, 5.00000000000000 ) );
#9895 = VECTOR( '', #11866, 39.3700787402000 );
#9896 = CARTESIAN_POINT( '', ( -0.184500000000000, 0.0930000000000000, 0.0580000000000003 ) );
#9897 = CARTESIAN_POINT( '', ( 0.215500000000000, 0.0930000000000000, 0.0580000000000000 ) );
#9898 = VECTOR( '', #11867, 39.3700787402000 );
#9899 = CARTESIAN_POINT( '', ( -0.184500000000000, 0.0930000000000000, 0.0420000000000000 ) );
#9900 = CARTESIAN_POINT( '', ( -0.184500000000000, 0.0930000000000000, 5.00000000000000 ) );
#9901 = VECTOR( '', #11868, 39.3700787402000 );
#9902 = CARTESIAN_POINT( '', ( -0.215500000000000, 0.0930000000000000, 0.0420000000000000 ) );
#9903 = CARTESIAN_POINT( '', ( 0.215500000000000, 0.0930000000000000, 0.0420000000000000 ) );
#9904 = VECTOR( '', #11869, 39.3700787402000 );
#9905 = CARTESIAN_POINT( '', ( -0.215500000000000, 0.0930000000000000, 0.0420000000000000 ) );
#9906 = VECTOR( '', #11870, 39.3700787402000 );
#9907 = CARTESIAN_POINT( '', ( -0.115500000000000, 0.0930000000000000, -0.0580000000000003 ) );
#9908 = CARTESIAN_POINT( '', ( 0.215500000000000, 0.0930000000000000, -0.0580000000000000 ) );
#9909 = VECTOR( '', #11871, 39.3700787402000 );
#9910 = CARTESIAN_POINT( '', ( -0.115500000000000, 0.0930000000000000, 5.00000000000000 ) );
#9911 = VECTOR( '', #11872, 39.3700787402000 );
#9912 = CARTESIAN_POINT( '', ( -0.0845000000000000, 0.0930000000000000, -0.0580000000000003 ) );
#9913 = CARTESIAN_POINT( '', ( -0.0845000000000000, 0.0930000000000000, 5.00000000000000 ) );
#9914 = VECTOR( '', #11873, 39.3700787402000 );
#9915 = CARTESIAN_POINT( '', ( -0.0155000000000000, 0.0930000000000000, -0.0580000000000003 ) );
#9916 = CARTESIAN_POINT( '', ( 0.215500000000000, 0.0930000000000000, -0.0580000000000000 ) );
#9917 = VECTOR( '', #11874, 39.3700787402000 );
#9918 = CARTESIAN_POINT( '', ( -0.0155000000000000, 0.0930000000000000, -0.0420000000000003 ) );
#9919 = CARTESIAN_POINT( '', ( -0.0155000000000000, 0.0930000000000000, 5.00000000000000 ) );
#9920 = VECTOR( '', #11875, 39.3700787402000 );
#9921 = CARTESIAN_POINT( '', ( 0.0155000000000000, 0.0930000000000000, -0.0420000000000003 ) );
#9922 = CARTESIAN_POINT( '', ( 0.215500000000000, 0.0930000000000000, -0.0420000000000000 ) );
#9923 = VECTOR( '', #11876, 39.3700787402000 );
#9924 = CARTESIAN_POINT( '', ( 0.0155000000000000, 0.0930000000000000, -0.0580000000000003 ) );
#9925 = CARTESIAN_POINT( '', ( 0.0155000000000000, 0.0930000000000000, 5.00000000000000 ) );
#9926 = VECTOR( '', #11877, 39.3700787402000 );
#9927 = CARTESIAN_POINT( '', ( 0.0845000000000000, 0.0930000000000000, -0.0580000000000003 ) );
#9928 = CARTESIAN_POINT( '', ( 0.215500000000000, 0.0930000000000000, -0.0580000000000000 ) );
#9929 = VECTOR( '', #11878, 39.3700787402000 );
#9930 = CARTESIAN_POINT( '', ( 0.0845000000000000, 0.0930000000000000, -0.0420000000000003 ) );
#9931 = CARTESIAN_POINT( '', ( 0.0845000000000000, 0.0930000000000000, 5.00000000000000 ) );
#9932 = VECTOR( '', #11879, 39.3700787402000 );
#9933 = CARTESIAN_POINT( '', ( 0.115500000000000, 0.0930000000000000, -0.0420000000000003 ) );
#9934 = CARTESIAN_POINT( '', ( 0.215500000000000, 0.0930000000000000, -0.0420000000000000 ) );
#9935 = VECTOR( '', #11880, 39.3700787402000 );
#9936 = CARTESIAN_POINT( '', ( 0.115500000000000, 0.0930000000000000, -0.0580000000000003 ) );
#9937 = CARTESIAN_POINT( '', ( 0.115500000000000, 0.0930000000000000, 5.00000000000000 ) );
#9938 = VECTOR( '', #11881, 39.3700787402000 );
#9939 = CARTESIAN_POINT( '', ( 0.184500000000000, 0.0930000000000000, -0.0580000000000003 ) );
#9940 = CARTESIAN_POINT( '', ( 0.215500000000000, 0.0930000000000000, -0.0580000000000000 ) );
#9941 = VECTOR( '', #11882, 39.3700787402000 );
#9942 = CARTESIAN_POINT( '', ( 0.184500000000000, 0.0930000000000000, -0.0420000000000003 ) );
#9943 = CARTESIAN_POINT( '', ( 0.184500000000000, 0.0930000000000000, 5.00000000000000 ) );
#9944 = VECTOR( '', #11883, 39.3700787402000 );
#9945 = CARTESIAN_POINT( '', ( 0.215500000000000, 0.0930000000000000, -0.0420000000000000 ) );
#9946 = CARTESIAN_POINT( '', ( 0.215500000000000, 0.0930000000000000, -0.0420000000000000 ) );
#9947 = VECTOR( '', #11884, 39.3700787402000 );
#9948 = CARTESIAN_POINT( '', ( 0.215500000000000, 0.0930000000000000, 0.0420000000000000 ) );
#9949 = VECTOR( '', #11885, 39.3700787402000 );
#9950 = CARTESIAN_POINT( '', ( 0.184500000000000, 0.0930000000000000, 0.0580000000000003 ) );
#9951 = CARTESIAN_POINT( '', ( 0.184500000000000, 0.0930000000000000, 5.00000000000000 ) );
#9952 = VECTOR( '', #11886, 39.3700787402000 );
#9953 = CARTESIAN_POINT( '', ( 0.215500000000000, 0.0930000000000000, 0.0580000000000000 ) );
#9954 = VECTOR( '', #11887, 39.3700787402000 );
#9955 = CARTESIAN_POINT( '', ( 0.0845000000000000, 0.0930000000000000, 0.0420000000000003 ) );
#9956 = CARTESIAN_POINT( '', ( 0.215500000000000, 0.0930000000000000, 0.0420000000000000 ) );
#9957 = VECTOR( '', #11888, 39.3700787402000 );
#9958 = CARTESIAN_POINT( '', ( 0.0845000000000000, 0.0930000000000000, 0.0580000000000003 ) );
#9959 = CARTESIAN_POINT( '', ( 0.0845000000000000, 0.0930000000000000, 5.00000000000000 ) );
#9960 = VECTOR( '', #11889, 39.3700787402000 );
#9961 = CARTESIAN_POINT( '', ( 0.0155000000000000, 0.0930000000000000, 0.0580000000000003 ) );
#9962 = CARTESIAN_POINT( '', ( 0.215500000000000, 0.0930000000000000, 0.0580000000000000 ) );
#9963 = VECTOR( '', #11890, 39.3700787402000 );
#9964 = CARTESIAN_POINT( '', ( 0.0155000000000000, 0.0930000000000000, 0.0420000000000003 ) );
#9965 = CARTESIAN_POINT( '', ( 0.0155000000000000, 0.0930000000000000, 5.00000000000000 ) );
#9966 = VECTOR( '', #11891, 39.3700787402000 );
#9967 = CARTESIAN_POINT( '', ( -0.0155000000000000, 0.0930000000000000, 0.0420000000000003 ) );
#9968 = CARTESIAN_POINT( '', ( 0.215500000000000, 0.0930000000000000, 0.0420000000000000 ) );
#9969 = VECTOR( '', #11892, 39.3700787402000 );
#9970 = CARTESIAN_POINT( '', ( -0.0155000000000000, 0.0930000000000000, 0.0580000000000003 ) );
#9971 = CARTESIAN_POINT( '', ( -0.0155000000000000, 0.0930000000000000, 5.00000000000000 ) );
#9972 = VECTOR( '', #11893, 39.3700787402000 );
#9973 = CARTESIAN_POINT( '', ( -0.0845000000000000, 0.0930000000000000, 0.0580000000000003 ) );
#9974 = CARTESIAN_POINT( '', ( 0.215500000000000, 0.0930000000000000, 0.0580000000000000 ) );
#9975 = VECTOR( '', #11894, 39.3700787402000 );
#9976 = CARTESIAN_POINT( '', ( -0.0845000000000000, 0.0930000000000000, 5.00000000000000 ) );
#9977 = VECTOR( '', #11895, 39.3700787402000 );
#9978 = COLOUR_RGB( '', 0.689999997600000, 0.689999997600000, 0.689999997600000 );
#9979 = CARTESIAN_POINT( '', ( 0.184500000000000, 0.335000000000000, -0.0345000000000000 ) );
#9980 = VECTOR( '', #11896, 39.3700787402000 );
#9981 = CARTESIAN_POINT( '', ( 0.215500000000000, 0.335000000000000, -0.0345000000000000 ) );
#9982 = VECTOR( '', #11897, 39.3700787402000 );
#9983 = COLOUR_RGB( '', 0.689999997600000, 0.689999997600000, 0.689999997600000 );
#9984 = CARTESIAN_POINT( '', ( -0.184500000000000, 0.335000000000000, -0.0655000000000000 ) );
#9985 = CARTESIAN_POINT( '', ( -0.184500000000000, 0.335000000000000, -0.0655000000000000 ) );
#9986 = VECTOR( '', #11898, 39.3700787402000 );
#9987 = CARTESIAN_POINT( '', ( -0.215500000000000, 0.335000000000000, -0.0655000000000000 ) );
#9988 = CARTESIAN_POINT( '', ( -0.184500000000000, 0.335000000000000, -0.0655000000000000 ) );
#9989 = VECTOR( '', #11899, 39.3700787402000 );
#9990 = CARTESIAN_POINT( '', ( -0.215500000000000, 0.335000000000000, -0.0655000000000000 ) );
#9991 = VECTOR( '', #11900, 39.3700787402000 );
#9992 = COLOUR_RGB( '', 0.689999997600000, 0.689999997600000, 0.689999997600000 );
#9993 = CARTESIAN_POINT( '', ( 0.0330000000000000, 0.300000000000000, 0.0395000000000000 ) );
#9994 = CARTESIAN_POINT( '', ( 0.0330000000000000, 0.0200000000000001, 0.0395000000000000 ) );
#9995 = CARTESIAN_POINT( '', ( 0.0330000000000000, 0.300000000000000, 0.0395000000000000 ) );
#9996 = VECTOR( '', #11901, 39.3700787402000 );
#9997 = CARTESIAN_POINT( '', ( 0.0330000000000000, 0.300000000000000, 0.0395000000000000 ) );
#9998 = VECTOR( '', #11902, 39.3700787402000 );
#9999 = CARTESIAN_POINT( '', ( 0.0400000000000000, 0.0200000000000000, 0.0395000000000000 ) );
#10000 = VECTOR( '', #11903, 39.3700787402000 );
#10001 = COLOUR_RGB( '', 1.00000000000000, 1.00000000000000, 0.000000000000000 );
#10002 = CARTESIAN_POINT( '', ( 0.0155000000000000, -0.100000000000000, 0.193500000000000 ) );
#10003 = CARTESIAN_POINT( '', ( 0.0155000000000000, -0.100000000000000, 5.00000000000000 ) );
#10004 = VECTOR( '', #11904, 39.3700787402000 );
#10005 = CARTESIAN_POINT( '', ( -0.0155000000000000, -0.100000000000000, 0.193500000000000 ) );
#10006 = CARTESIAN_POINT( '', ( 0.215500000000000, -0.100000000000000, 0.193500000000000 ) );
#10007 = VECTOR( '', #11905, 39.3700787402000 );
#10008 = CARTESIAN_POINT( '', ( -0.0155000000000000, -0.100000000000000, 5.00000000000000 ) );
#10009 = VECTOR( '', #11906, 39.3700787402000 );
#10010 = COLOUR_RGB( '', 1.00000000000000, 1.00000000000000, 0.000000000000000 );
#10011 = CARTESIAN_POINT( '', ( 0.184500000000000, 0.0360000000000000, 0.0580000000000000 ) );
#10012 = CARTESIAN_POINT( '', ( 0.184500000000000, 0.0980000000000000, 0.0580000000000000 ) );
#10013 = VECTOR( '', #11907, 39.3700787402000 );
#10014 = CARTESIAN_POINT( '', ( 0.184500000000000, 0.000000000000000, 0.0780000000000000 ) );
#10015 = AXIS2_PLACEMENT_3D( '', #11908, #11909, #11910 );
#10016 = CARTESIAN_POINT( '', ( 0.184500000000000, 0.000000000000000, 0.193500000000000 ) );
#10017 = CARTESIAN_POINT( '', ( 0.184500000000000, 0.000000000000000, 0.193500000000000 ) );
#10018 = VECTOR( '', #11911, 39.3700787402000 );
#10019 = CARTESIAN_POINT( '', ( 0.184500000000000, 0.00399999999999999, 0.197500000000000 ) );
#10020 = CARTESIAN_POINT( '', ( 0.184500000000000, 0.00400000000000000, 0.197500000000000 ) );
#10021 = VECTOR( '', #11912, 39.3700787402000 );
#10022 = CARTESIAN_POINT( '', ( 0.184500000000000, 0.0120000000000000, 0.197500000000000 ) );
#10023 = VECTOR( '', #11913, 39.3700787402000 );
#10024 = AXIS2_PLACEMENT_3D( '', #11914, #11915, #11916 );
#10025 = COLOUR_RGB( '', 0.689999997600000, 0.689999997600000, 0.689999997600000 );
#10026 = CARTESIAN_POINT( '', ( -0.184500000000000, 0.300000000000000, 0.0605000000000000 ) );
#10027 = CARTESIAN_POINT( '', ( -0.184500000000000, 0.300000000000000, 0.0395000000000000 ) );
#10028 = CARTESIAN_POINT( '', ( -0.184500000000000, 0.300000000000000, 0.0655000000000000 ) );
#10029 = VECTOR( '', #11917, 39.3700787402000 );
#10030 = CARTESIAN_POINT( '', ( -0.167000000000000, 0.300000000000000, 0.0395000000000000 ) );
#10031 = CARTESIAN_POINT( '', ( -0.167000000000000, 0.300000000000000, 0.0395000000000000 ) );
#10032 = VECTOR( '', #11918, 39.3700787402000 );
#10033 = CARTESIAN_POINT( '', ( -0.167000000000000, 0.300000000000000, 0.0605000000000000 ) );
#10034 = CARTESIAN_POINT( '', ( -0.167000000000000, 0.300000000000000, 0.0605000000000000 ) );
#10035 = VECTOR( '', #11919, 39.3700787402000 );
#10036 = CARTESIAN_POINT( '', ( -0.233000000000000, 0.300000000000000, 0.0605000000000000 ) );
#10037 = VECTOR( '', #11920, 39.3700787402000 );
#10038 = COLOUR_RGB( '', 0.689999997600000, 0.689999997600000, 0.689999997600000 );
#10039 = CARTESIAN_POINT( '', ( -0.133000000000000, 0.300000000000000, 0.0395000000000000 ) );
#10040 = VECTOR( '', #11921, 39.3700787402000 );
#10041 = CARTESIAN_POINT( '', ( -0.133000000000000, 0.0200000000000000, 0.250000000000000 ) );
#10042 = VECTOR( '', #11922, 39.3700787402000 );
#10043 = COLOUR_RGB( '', 0.689999997600000, 0.689999997600000, 0.689999997600000 );
#10044 = CARTESIAN_POINT( '', ( 0.215500000000000, 0.300000000000000, -0.0605000000000000 ) );
#10045 = CARTESIAN_POINT( '', ( 0.215500000000000, 0.335000000000000, -0.0605000000000000 ) );
#10046 = VECTOR( '', #11923, 39.3700787402000 );
#10047 = CARTESIAN_POINT( '', ( 0.215500000000000, 0.300000000000000, -0.0395000000000000 ) );
#10048 = CARTESIAN_POINT( '', ( 0.215500000000000, 0.300000000000000, -0.0345000000000000 ) );
#10049 = VECTOR( '', #11924, 39.3700787402000 );
#10050 = CARTESIAN_POINT( '', ( 0.215500000000000, 0.335000000000000, -0.0395000000000000 ) );
#10051 = VECTOR( '', #11925, 39.3700787402000 );
#10052 = CARTESIAN_POINT( '', ( 0.215500000000000, 0.335000000000000, -0.0655000000000000 ) );
#10053 = VECTOR( '', #11926, 39.3700787402000 );
#10054 = COLOUR_RGB( '', 1.00000000000000, 1.00000000000000, 0.000000000000000 );
#10055 = CARTESIAN_POINT( '', ( 0.115500000000000, -0.0840000000000000, 0.193500000000000 ) );
#10056 = CARTESIAN_POINT( '', ( 0.115500000000000, -0.0840000000000000, 0.193500000000000 ) );
#10057 = VECTOR( '', #11927, 39.3700787402000 );
#10058 = CARTESIAN_POINT( '', ( 0.0845000000000000, -0.0840000000000000, 0.193500000000000 ) );
#10059 = CARTESIAN_POINT( '', ( 0.215500000000000, -0.0840000000000000, 0.193500000000000 ) );
#10060 = VECTOR( '', #11928, 39.3700787402000 );
#10061 = CARTESIAN_POINT( '', ( 0.0845000000000000, -0.0840000000000000, 0.193500000000000 ) );
#10062 = VECTOR( '', #11929, 39.3700787402000 );
#10063 = COLOUR_RGB( '', 0.689999997600000, 0.689999997600000, 0.689999997600000 );
#10064 = CARTESIAN_POINT( '', ( 0.184500000000000, 0.300000000000000, -0.0605000000000000 ) );
#10065 = CARTESIAN_POINT( '', ( 0.184500000000000, 0.300000000000000, -0.0395000000000000 ) );
#10066 = CARTESIAN_POINT( '', ( 0.184500000000000, 0.300000000000000, -0.0655000000000000 ) );
#10067 = VECTOR( '', #11930, 39.3700787402000 );
#10068 = CARTESIAN_POINT( '', ( 0.167000000000000, 0.300000000000000, -0.0395000000000000 ) );
#10069 = CARTESIAN_POINT( '', ( 0.167000000000000, 0.300000000000000, -0.0395000000000000 ) );
#10070 = VECTOR( '', #11931, 39.3700787402000 );
#10071 = CARTESIAN_POINT( '', ( 0.167000000000000, 0.300000000000000, -0.0605000000000000 ) );
#10072 = CARTESIAN_POINT( '', ( 0.167000000000000, 0.300000000000000, -0.0605000000000000 ) );
#10073 = VECTOR( '', #11932, 39.3700787402000 );
#10074 = CARTESIAN_POINT( '', ( 0.233000000000000, 0.300000000000000, -0.0605000000000000 ) );
#10075 = VECTOR( '', #11933, 39.3700787402000 );
#10076 = COLOUR_RGB( '', 1.00000000000000, 1.00000000000000, 0.000000000000000 );
#10077 = CARTESIAN_POINT( '', ( 0.115500000000000, -0.0840000000000000, -0.0220000000000000 ) );
#10078 = VECTOR( '', #11934, 39.3700787402000 );
#10079 = CARTESIAN_POINT( '', ( 0.0845000000000000, -0.0840000000000000, -0.0220000000000000 ) );
#10080 = VECTOR( '', #11935, 39.3700787402000 );
#10081 = COLOUR_RGB( '', 0.689999997600000, 0.689999997600000, 0.689999997600000 );
#10082 = CARTESIAN_POINT( '', ( 0.167000000000000, 0.300000000000000, -0.0605000000000000 ) );
#10083 = VECTOR( '', #11936, 39.3700787402000 );
#10084 = CARTESIAN_POINT( '', ( 0.167000000000000, 0.300000000000000, -0.0395000000000000 ) );
#10085 = VECTOR( '', #11937, 39.3700787402000 );
#10086 = COLOUR_RGB( '', 0.689999997600000, 0.689999997600000, 0.689999997600000 );
#10087 = CARTESIAN_POINT( '', ( -0.0400000000000000, 0.185000000000000, 0.0174817400000000 ) );
#10088 = CARTESIAN_POINT( '', ( 0.0400000000000000, 0.185000000000000, 0.0174817400000000 ) );
#10089 = VECTOR( '', #11938, 39.3700787402000 );
#10090 = CARTESIAN_POINT( '', ( -0.0400000000000000, 0.185000000000000, 0.0174817400000000 ) );
#10091 = VECTOR( '', #11939, 39.3700787402000 );
#10092 = COLOUR_RGB( '', 1.00000000000000, 1.00000000000000, 0.000000000000000 );
#10093 = CARTESIAN_POINT( '', ( 0.184500000000000, -0.0640000000000000, -0.0420000000000000 ) );
#10094 = CARTESIAN_POINT( '', ( 0.184500000000000, 0.0930000000000000, -0.0420000000000000 ) );
#10095 = VECTOR( '', #11940, 39.3700787402000 );
#10096 = CARTESIAN_POINT( '', ( 0.215500000000000, -0.0640000000000000, -0.0420000000000000 ) );
#10097 = CARTESIAN_POINT( '', ( 0.215500000000000, -0.0640000000000000, -0.0420000000000000 ) );
#10098 = VECTOR( '', #11941, 39.3700787402000 );
#10099 = CARTESIAN_POINT( '', ( 0.215500000000000, 0.0930000000000000, -0.0420000000000000 ) );
#10100 = VECTOR( '', #11942, 39.3700787402000 );
#10101 = COLOUR_RGB( '', 0.689999997600000, 0.689999997600000, 0.689999997600000 );
#10102 = CARTESIAN_POINT( '', ( 0.215500000000000, 0.335000000000000, 0.0345000000000000 ) );
#10103 = CARTESIAN_POINT( '', ( 0.215500000000000, 0.335000000000000, 0.0345000000000000 ) );
#10104 = VECTOR( '', #11943, 39.3700787402000 );
#10105 = CARTESIAN_POINT( '', ( 0.184500000000000, 0.335000000000000, 0.0345000000000000 ) );
#10106 = CARTESIAN_POINT( '', ( 0.215500000000000, 0.335000000000000, 0.0345000000000000 ) );
#10107 = VECTOR( '', #11944, 39.3700787402000 );
#10108 = CARTESIAN_POINT( '', ( 0.184500000000000, 0.335000000000000, 0.0345000000000000 ) );
#10109 = VECTOR( '', #11945, 39.3700787402000 );
#10110 = COLOUR_RGB( '', 0.689999997600000, 0.689999997600000, 0.689999997600000 );
#10111 = CARTESIAN_POINT( '', ( -0.0250000000000000, 0.185000000000000, 0.0825182600000000 ) );
#10112 = CARTESIAN_POINT( '', ( 0.0250000000000000, 0.185000000000000, 0.0825182600000000 ) );
#10113 = CARTESIAN_POINT( '', ( -0.0250000000000000, 0.185000000000000, 0.0825182600000000 ) );
#10114 = VECTOR( '', #11946, 39.3700787402000 );
#10115 = CARTESIAN_POINT( '', ( 0.0250000000000000, 0.185000000000000, 0.0825182600000000 ) );
#10116 = VECTOR( '', #11947, 39.3700787402000 );
#10117 = CARTESIAN_POINT( '', ( -0.0250000000000000, 0.185000000000000, 0.0825182600000000 ) );
#10118 = VECTOR( '', #11948, 39.3700787402000 );
#10119 = COLOUR_RGB( '', 0.689999997600000, 0.689999997600000, 0.689999997600000 );
#10120 = CARTESIAN_POINT( '', ( -0.140000000000000, 0.185000000000000, 0.0174817400000000 ) );
#10121 = CARTESIAN_POINT( '', ( -0.0600000000000000, 0.185000000000000, 0.0174817400000000 ) );
#10122 = VECTOR( '', #11949, 39.3700787402000 );
#10123 = CARTESIAN_POINT( '', ( -0.137643611701450, 0.335000000000000, 0.0198381282985497 ) );
#10124 = CARTESIAN_POINT( '', ( -0.140000000000000, 0.185000000000000, 0.0174817400000000 ) );
#10125 = VECTOR( '', #11950, 39.3700787402000 );
#10126 = CARTESIAN_POINT( '', ( -0.0600000000000000, 0.335000000000000, 0.0198381282985497 ) );
#10127 = VECTOR( '', #11951, 39.3700787402000 );
#10128 = COLOUR_RGB( '', 0.689999997600000, 0.689999997600000, 0.689999997600000 );
#10129 = CARTESIAN_POINT( '', ( -0.0400000000000000, 0.185000000000000, 0.0675182600000000 ) );
#10130 = CARTESIAN_POINT( '', ( -0.0400000000000000, 0.185000000000000, 0.0174817400000000 ) );
#10131 = VECTOR( '', #11952, 39.3700787402000 );
#10132 = CARTESIAN_POINT( '', ( -0.0400000000000000, 0.185000000000000, 0.0675182600000000 ) );
#10133 = VECTOR( '', #11953, 39.3700787402000 );
#10134 = COLOUR_RGB( '', 0.689999997600000, 0.689999997600000, 0.689999997600000 );
#10135 = AXIS2_PLACEMENT_3D( '', #11954, #11955, #11956 );
#10136 = COLOUR_RGB( '', 0.689999997600000, 0.689999997600000, 0.689999997600000 );
#10137 = CARTESIAN_POINT( '', ( -0.233000000000000, 0.300000000000000, 0.0605000000000000 ) );
#10138 = CARTESIAN_POINT( '', ( -0.233000000000000, 0.300000000000000, 0.0605000000000000 ) );
#10139 = VECTOR( '', #11957, 39.3700787402000 );
#10140 = CARTESIAN_POINT( '', ( -0.215500000000000, 0.300000000000000, 0.0605000000000000 ) );
#10141 = CARTESIAN_POINT( '', ( -0.233000000000000, 0.300000000000000, 0.0605000000000000 ) );
#10142 = VECTOR( '', #11958, 39.3700787402000 );
#10143 = CARTESIAN_POINT( '', ( -0.215500000000000, 0.335000000000000, 0.0605000000000000 ) );
#10144 = VECTOR( '', #11959, 39.3700787402000 );
#10145 = COLOUR_RGB( '', 0.689999997600000, 0.689999997600000, 0.689999997600000 );
#10146 = CARTESIAN_POINT( '', ( 0.0155000000000000, 0.335000000000000, -0.0655000000000000 ) );
#10147 = CARTESIAN_POINT( '', ( 0.0155000000000000, 0.0200000000000000, -0.0655000000000000 ) );
#10148 = CARTESIAN_POINT( '', ( 0.0155000000000000, 0.335000000000000, -0.0655000000000000 ) );
#10149 = VECTOR( '', #11960, 39.3700787402000 );
#10150 = CARTESIAN_POINT( '', ( -0.0155000000000000, 0.335000000000000, -0.0655000000000000 ) );
#10151 = CARTESIAN_POINT( '', ( 0.0155000000000000, 0.335000000000000, -0.0655000000000000 ) );
#10152 = VECTOR( '', #11961, 39.3700787402000 );
#10153 = CARTESIAN_POINT( '', ( -0.0155000000000000, 0.0200000000000000, -0.0655000000000000 ) );
#10154 = CARTESIAN_POINT( '', ( -0.0155000000000000, 0.335000000000000, -0.0655000000000000 ) );
#10155 = VECTOR( '', #11962, 39.3700787402000 );
#10156 = CARTESIAN_POINT( '', ( 0.0400000000000000, 0.0200000000000000, -0.0655000000000000 ) );
#10157 = VECTOR( '', #11963, 39.3700787402000 );
#10158 = COLOUR_RGB( '', 0.689999997600000, 0.689999997600000, 0.689999997600000 );
#10159 = CARTESIAN_POINT( '', ( 0.133000000000000, 0.300000000000000, -0.0395000000000000 ) );
#10160 = CARTESIAN_POINT( '', ( 0.0670000000000000, 0.300000000000000, -0.0395000000000000 ) );
#10161 = VECTOR( '', #11964, 39.3700787402000 );
#10162 = CARTESIAN_POINT( '', ( 0.133000000000000, 0.0200000000000001, -0.0395000000000000 ) );
#10163 = CARTESIAN_POINT( '', ( 0.133000000000000, 0.300000000000000, -0.0395000000000000 ) );
#10164 = VECTOR( '', #11965, 39.3700787402000 );
#10165 = CARTESIAN_POINT( '', ( 0.140000000000000, 0.0200000000000000, -0.0395000000000000 ) );
#10166 = VECTOR( '', #11966, 39.3700787402000 );
#10167 = COLOUR_RGB( '', 0.689999997600000, 0.689999997600000, 0.689999997600000 );
#10168 = CARTESIAN_POINT( '', ( 0.240000000000000, 0.185000000000000, -0.0174817400000000 ) );
#10169 = CARTESIAN_POINT( '', ( 0.240000000000000, 0.185000000000000, -0.0174817400000000 ) );
#10170 = VECTOR( '', #11967, 39.3700787402000 );
#10171 = CARTESIAN_POINT( '', ( 0.240000000000000, 0.185000000000000, -0.0174817400000000 ) );
#10172 = VECTOR( '', #11968, 39.3700787402000 );
#10173 = COLOUR_RGB( '', 1.00000000000000, 1.00000000000000, 0.000000000000000 );
#10174 = CARTESIAN_POINT( '', ( 0.215500000000000, 0.00400000000000000, 0.197500000000000 ) );
#10175 = CARTESIAN_POINT( '', ( 0.215500000000000, 0.00400000000000000, 0.197500000000000 ) );
#10176 = VECTOR( '', #11969, 39.3700787402000 );
#10177 = CARTESIAN_POINT( '', ( 0.215500000000000, 0.0120000000000000, 0.197500000000000 ) );
#10178 = VECTOR( '', #11970, 39.3700787402000 );
#10179 = COLOUR_RGB( '', 0.689999997600000, 0.689999997600000, 0.689999997600000 );
#10180 = CARTESIAN_POINT( '', ( 0.0400000000000000, 0.0200000000000000, -0.0975000000000000 ) );
#10181 = CARTESIAN_POINT( '', ( 0.257500000000000, 0.0200000000000000, -0.0975000000000000 ) );
#10182 = VECTOR( '', #11971, 39.3700787402000 );
#10183 = CARTESIAN_POINT( '', ( 0.0400000000000000, 0.0200000000000000, 0.0975000000000000 ) );
#10184 = CARTESIAN_POINT( '', ( 0.0400000000000000, 0.0200000000000000, 0.250000000000000 ) );
#10185 = VECTOR( '', #11972, 39.3700787402000 );
#10186 = CARTESIAN_POINT( '', ( -0.257500000000000, 0.0200000000000000, 0.0975000000000000 ) );
#10187 = VECTOR( '', #11973, 39.3700787402000 );
#10188 = CARTESIAN_POINT( '', ( -0.0155000000000000, 0.0200000000000000, -0.0605000000000000 ) );
#10189 = CARTESIAN_POINT( '', ( -0.0155000000000000, 0.0200000000000000, 0.250000000000000 ) );
#10190 = VECTOR( '', #11974, 39.3700787402000 );
#10191 = CARTESIAN_POINT( '', ( -0.0330000000000000, 0.0200000000000001, -0.0605000000000000 ) );
#10192 = CARTESIAN_POINT( '', ( 0.0400000000000000, 0.0200000000000000, -0.0605000000000000 ) );
#10193 = VECTOR( '', #11975, 39.3700787402000 );
#10194 = CARTESIAN_POINT( '', ( -0.0330000000000000, 0.0200000000000000, 0.250000000000000 ) );
#10195 = VECTOR( '', #11976, 39.3700787402000 );
#10196 = CARTESIAN_POINT( '', ( -0.0155000000000000, 0.0200000000000000, -0.0345000000000000 ) );
#10197 = CARTESIAN_POINT( '', ( -0.0155000000000000, 0.0200000000000000, 0.250000000000000 ) );
#10198 = VECTOR( '', #11977, 39.3700787402000 );
#10199 = CARTESIAN_POINT( '', ( 0.0155000000000000, 0.0200000000000000, -0.0345000000000000 ) );
#10200 = CARTESIAN_POINT( '', ( 0.0400000000000000, 0.0200000000000000, -0.0345000000000000 ) );
#10201 = VECTOR( '', #11978, 39.3700787402000 );
#10202 = CARTESIAN_POINT( '', ( 0.0155000000000000, 0.0200000000000000, -0.0395000000000000 ) );
#10203 = CARTESIAN_POINT( '', ( 0.0155000000000000, 0.0200000000000000, 0.250000000000000 ) );
#10204 = VECTOR( '', #11979, 39.3700787402000 );
#10205 = CARTESIAN_POINT( '', ( 0.0400000000000000, 0.0200000000000000, -0.0395000000000000 ) );
#10206 = VECTOR( '', #11980, 39.3700787402000 );
#10207 = CARTESIAN_POINT( '', ( 0.0155000000000000, 0.0200000000000000, 0.250000000000000 ) );
#10208 = VECTOR( '', #11981, 39.3700787402000 );
#10209 = CARTESIAN_POINT( '', ( -0.0155000000000000, 0.0200000000000000, 0.0345000000000000 ) );
#10210 = CARTESIAN_POINT( '', ( -0.0155000000000000, 0.0200000000000000, 0.0395000000000000 ) );
#10211 = CARTESIAN_POINT( '', ( -0.0155000000000000, 0.0200000000000000, 0.250000000000000 ) );
#10212 = VECTOR( '', #11982, 39.3700787402000 );
#10213 = CARTESIAN_POINT( '', ( -0.0330000000000000, 0.0200000000000001, 0.0395000000000000 ) );
#10214 = CARTESIAN_POINT( '', ( 0.0400000000000000, 0.0200000000000000, 0.0395000000000000 ) );
#10215 = VECTOR( '', #11983, 39.3700787402000 );
#10216 = CARTESIAN_POINT( '', ( -0.0330000000000000, 0.0200000000000001, 0.0605000000000000 ) );
#10217 = CARTESIAN_POINT( '', ( -0.0330000000000000, 0.0200000000000000, 0.250000000000000 ) );
#10218 = VECTOR( '', #11984, 39.3700787402000 );
#10219 = CARTESIAN_POINT( '', ( -0.0155000000000000, 0.0200000000000000, 0.0605000000000000 ) );
#10220 = CARTESIAN_POINT( '', ( 0.0400000000000000, 0.0200000000000000, 0.0605000000000000 ) );
#10221 = VECTOR( '', #11985, 39.3700787402000 );
#10222 = CARTESIAN_POINT( '', ( -0.0155000000000000, 0.0200000000000000, 0.0655000000000000 ) );
#10223 = CARTESIAN_POINT( '', ( -0.0155000000000000, 0.0200000000000000, 0.250000000000000 ) );
#10224 = VECTOR( '', #11986, 39.3700787402000 );
#10225 = CARTESIAN_POINT( '', ( 0.0400000000000000, 0.0200000000000000, 0.0655000000000000 ) );
#10226 = VECTOR( '', #11987, 39.3700787402000 );
#10227 = CARTESIAN_POINT( '', ( 0.0330000000000000, 0.0200000000000001, 0.0605000000000000 ) );
#10228 = CARTESIAN_POINT( '', ( 0.0400000000000000, 0.0200000000000000, 0.0605000000000000 ) );
#10229 = VECTOR( '', #11988, 39.3700787402000 );
#10230 = CARTESIAN_POINT( '', ( 0.0330000000000000, 0.0200000000000000, 0.250000000000000 ) );
#10231 = VECTOR( '', #11989, 39.3700787402000 );
#10232 = CARTESIAN_POINT( '', ( 0.0400000000000000, 0.0200000000000000, 0.0345000000000000 ) );
#10233 = VECTOR( '', #11990, 39.3700787402000 );
#10234 = COLOUR_RGB( '', 0.689999997600000, 0.689999997600000, 0.689999997600000 );
#10235 = CARTESIAN_POINT( '', ( -0.115500000000000, 0.300000000000000, -0.0605000000000000 ) );
#10236 = CARTESIAN_POINT( '', ( -0.115500000000000, 0.0200000000000000, -0.0605000000000000 ) );
#10237 = CARTESIAN_POINT( '', ( -0.115500000000000, 0.335000000000000, -0.0605000000000000 ) );
#10238 = VECTOR( '', #11991, 39.3700787402000 );
#10239 = CARTESIAN_POINT( '', ( -0.133000000000000, 0.300000000000000, -0.0605000000000000 ) );
#10240 = CARTESIAN_POINT( '', ( -0.0670000000000000, 0.300000000000000, -0.0605000000000000 ) );
#10241 = VECTOR( '', #11992, 39.3700787402000 );
#10242 = CARTESIAN_POINT( '', ( -0.133000000000000, 0.0200000000000001, -0.0605000000000000 ) );
#10243 = CARTESIAN_POINT( '', ( -0.133000000000000, 0.300000000000000, -0.0605000000000000 ) );
#10244 = VECTOR( '', #11993, 39.3700787402000 );
#10245 = CARTESIAN_POINT( '', ( -0.0600000000000000, 0.0200000000000000, -0.0605000000000000 ) );
#10246 = VECTOR( '', #11994, 39.3700787402000 );
#10247 = COLOUR_RGB( '', 0.689999997600000, 0.689999997600000, 0.689999997600000 );
#10248 = CARTESIAN_POINT( '', ( 0.0670000000000000, 0.300000000000000, 0.0395000000000000 ) );
#10249 = CARTESIAN_POINT( '', ( 0.0670000000000000, 0.0200000000000001, 0.0395000000000000 ) );
#10250 = CARTESIAN_POINT( '', ( 0.0670000000000000, 0.300000000000000, 0.0395000000000000 ) );
#10251 = VECTOR( '', #11995, 39.3700787402000 );
#10252 = CARTESIAN_POINT( '', ( 0.0670000000000000, 0.300000000000000, 0.0605000000000000 ) );
#10253 = CARTESIAN_POINT( '', ( 0.0670000000000000, 0.300000000000000, 0.0395000000000000 ) );
#10254 = VECTOR( '', #11996, 39.3700787402000 );
#10255 = CARTESIAN_POINT( '', ( 0.0670000000000000, 0.0200000000000001, 0.0605000000000000 ) );
#10256 = CARTESIAN_POINT( '', ( 0.0670000000000000, 0.300000000000000, 0.0605000000000000 ) );
#10257 = VECTOR( '', #11997, 39.3700787402000 );
#10258 = CARTESIAN_POINT( '', ( 0.0670000000000000, 0.0200000000000000, 0.250000000000000 ) );
#10259 = VECTOR( '', #11998, 39.3700787402000 );
#10260 = COLOUR_RGB( '', 1.00000000000000, 1.00000000000000, 0.000000000000000 );
#10261 = CARTESIAN_POINT( '', ( 0.115500000000000, 0.0930000000000000, -0.0420000000000000 ) );
#10262 = VECTOR( '', #11999, 39.3700787402000 );
#10263 = CARTESIAN_POINT( '', ( 0.0845000000000000, 0.0930000000000000, -0.0420000000000000 ) );
#10264 = VECTOR( '', #12000, 39.3700787402000 );
#10265 = COLOUR_RGB( '', 1.00000000000000, 1.00000000000000, 0.000000000000000 );
#10266 = CARTESIAN_POINT( '', ( -0.184500000000000, 0.00399999999999999, 0.197500000000000 ) );
#10267 = CARTESIAN_POINT( '', ( -0.184500000000000, 0.0120000000000000, 0.197500000000000 ) );
#10268 = VECTOR( '', #12001, 39.3700787402000 );
#10269 = CARTESIAN_POINT( '', ( -0.215500000000000, 0.00400000000000000, 0.197500000000000 ) );
#10270 = CARTESIAN_POINT( '', ( -0.215500000000000, 0.0120000000000000, 0.197500000000000 ) );
#10271 = VECTOR( '', #12002, 39.3700787402000 );
#10272 = CARTESIAN_POINT( '', ( 0.215500000000000, 0.00400000000000000, 0.197500000000000 ) );
#10273 = VECTOR( '', #12003, 39.3700787402000 );
#10274 = COLOUR_RGB( '', 0.689999997600000, 0.689999997600000, 0.689999997600000 );
#10275 = CARTESIAN_POINT( '', ( 0.0330000000000000, 0.300000000000000, 0.0605000000000000 ) );
#10276 = CARTESIAN_POINT( '', ( 0.0330000000000000, 0.300000000000000, 0.0605000000000000 ) );
#10277 = VECTOR( '', #12004, 39.3700787402000 );
#10278 = CARTESIAN_POINT( '', ( -0.0330000000000000, 0.300000000000000, 0.0605000000000000 ) );
#10279 = VECTOR( '', #12005, 39.3700787402000 );
#10280 = COLOUR_RGB( '', 1.00000000000000, 1.00000000000000, 0.000000000000000 );
#10281 = CARTESIAN_POINT( '', ( -0.184500000000000, 0.0160000000000000, 0.0780000000000000 ) );
#10282 = CARTESIAN_POINT( '', ( -0.215500000000000, 0.0160000000000000, 0.0780000000000000 ) );
#10283 = CARTESIAN_POINT( '', ( 0.215500000000000, 0.0160000000000000, 0.0780000000000000 ) );
#10284 = VECTOR( '', #12006, 39.3700787402000 );
#10285 = CARTESIAN_POINT( '', ( -0.184500000000000, 0.0360000000000000, 0.0580000000000000 ) );
#10286 = AXIS2_PLACEMENT_3D( '', #12007, #12008, #12009 );
#10287 = CARTESIAN_POINT( '', ( -0.215500000000000, 0.0360000000000000, 0.0580000000000000 ) );
#10288 = CARTESIAN_POINT( '', ( 0.215500000000000, 0.0360000000000000, 0.0580000000000000 ) );
#10289 = VECTOR( '', #12010, 39.3700787402000 );
#10290 = AXIS2_PLACEMENT_3D( '', #12011, #12012, #12013 );
#10291 = COLOUR_RGB( '', 1.00000000000000, 1.00000000000000, 0.000000000000000 );
#10292 = CARTESIAN_POINT( '', ( 0.0155000000000000, -0.0640000000000000, -0.0580000000000000 ) );
#10293 = VECTOR( '', #12014, 39.3700787402000 );
#10294 = CARTESIAN_POINT( '', ( 0.0155000000000000, -0.0640000000000000, -0.0420000000000000 ) );
#10295 = CARTESIAN_POINT( '', ( 0.0155000000000000, 0.0930000000000000, -0.0420000000000000 ) );
#10296 = VECTOR( '', #12015, 39.3700787402000 );
#10297 = CARTESIAN_POINT( '', ( 0.0155000000000000, -0.0840000000000000, -0.0220000000000000 ) );
#10298 = AXIS2_PLACEMENT_3D( '', #12016, #12017, #12018 );
#10299 = CARTESIAN_POINT( '', ( 0.0155000000000000, -0.0840000000000000, 0.193500000000000 ) );
#10300 = CARTESIAN_POINT( '', ( 0.0155000000000000, -0.0840000000000000, -0.0220000000000000 ) );
#10301 = VECTOR( '', #12019, 39.3700787402000 );
#10302 = CARTESIAN_POINT( '', ( 0.0155000000000000, -0.0880000000000000, 0.197500000000000 ) );
#10303 = CARTESIAN_POINT( '', ( 0.0155000000000000, -0.0840000000000000, 0.193500000000000 ) );
#10304 = VECTOR( '', #12020, 39.3700787402000 );
#10305 = CARTESIAN_POINT( '', ( 0.0155000000000000, -0.0960000000000000, 0.197500000000000 ) );
#10306 = CARTESIAN_POINT( '', ( 0.0155000000000000, -0.0880000000000000, 0.197500000000000 ) );
#10307 = VECTOR( '', #12021, 39.3700787402000 );
#10308 = CARTESIAN_POINT( '', ( 0.0155000000000000, -0.0960000000000000, 0.197500000000000 ) );
#10309 = VECTOR( '', #12022, 39.3700787402000 );
#10310 = COLOUR_RGB( '', 0.689999997600000, 0.689999997600000, 0.689999997600000 );
#10311 = CARTESIAN_POINT( '', ( 0.0400000000000000, 0.185000000000000, -0.0174817400000000 ) );
#10312 = CARTESIAN_POINT( '', ( 0.0400000000000000, 0.185000000000000, -0.0825182600000000 ) );
#10313 = CARTESIAN_POINT( '', ( 0.0400000000000000, 0.185000000000000, -0.0174817400000000 ) );
#10314 = VECTOR( '', #12023, 39.3700787402000 );
#10315 = CARTESIAN_POINT( '', ( 0.0376436117014503, 0.335000000000000, -0.0801618717014503 ) );
#10316 = CARTESIAN_POINT( '', ( 0.0400000000000000, 0.185000000000000, -0.0825182600000000 ) );
#10317 = VECTOR( '', #12024, 39.3700787402000 );
#10318 = CARTESIAN_POINT( '', ( 0.0376436117014503, 0.335000000000000, -0.0198381282985497 ) );
#10319 = CARTESIAN_POINT( '', ( 0.0376436117014503, 0.335000000000000, -0.0174817400000000 ) );
#10320 = VECTOR( '', #12025, 39.3700787402000 );
#10321 = CARTESIAN_POINT( '', ( 0.0400000000000000, 0.185000000000000, -0.0174817400000000 ) );
#10322 = VECTOR( '', #12026, 39.3700787402000 );
#10323 = COLOUR_RGB( '', 0.689999997600000, 0.689999997600000, 0.689999997600000 );
#10324 = CARTESIAN_POINT( '', ( -0.137643611701450, 0.335000000000000, 0.0675182600000000 ) );
#10325 = CARTESIAN_POINT( '', ( -0.137643611701450, 0.335000000000000, 0.0174817400000000 ) );
#10326 = VECTOR( '', #12027, 39.3700787402000 );
#10327 = CARTESIAN_POINT( '', ( -0.125000000000000, 0.335000000000000, 0.0801618717014503 ) );
#10328 = AXIS2_PLACEMENT_3D( '', #12028, #12029, #12030 );
#10329 = CARTESIAN_POINT( '', ( -0.0750000000000000, 0.335000000000000, 0.0801618717014503 ) );
#10330 = CARTESIAN_POINT( '', ( -0.125000000000000, 0.335000000000000, 0.0801618717014503 ) );
#10331 = VECTOR( '', #12031, 39.3700787402000 );
#10332 = AXIS2_PLACEMENT_3D( '', #12032, #12033, #12034 );
#10333 = CARTESIAN_POINT( '', ( -0.115500000000000, 0.335000000000000, 0.0345000000000000 ) );
#10334 = VECTOR( '', #12035, 39.3700787402000 );
#10335 = CARTESIAN_POINT( '', ( -0.0845000000000000, 0.335000000000000, 0.0655000000000000 ) );
#10336 = VECTOR( '', #12036, 39.3700787402000 );
#10337 = COLOUR_RGB( '', 0.689999997600000, 0.689999997600000, 0.689999997600000 );
#10338 = CARTESIAN_POINT( '', ( 0.160000000000000, 0.185000000000000, 0.0174817400000000 ) );
#10339 = CARTESIAN_POINT( '', ( 0.160000000000000, 0.185000000000000, 0.0174817400000000 ) );
#10340 = VECTOR( '', #12037, 39.3700787402000 );
#10341 = CARTESIAN_POINT( '', ( 0.162356388298550, 0.335000000000000, 0.0198381282985497 ) );
#10342 = CARTESIAN_POINT( '', ( 0.162356388298550, 0.335000000000000, 0.0174817400000000 ) );
#10343 = VECTOR( '', #12038, 39.3700787402000 );
#10344 = CARTESIAN_POINT( '', ( 0.160000000000000, 0.185000000000000, 0.0174817400000000 ) );
#10345 = VECTOR( '', #12039, 39.3700787402000 );
#10346 = COLOUR_RGB( '', 0.689999997600000, 0.689999997600000, 0.689999997600000 );
#10347 = CARTESIAN_POINT( '', ( 0.0845000000000000, 0.0200000000000000, -0.0345000000000000 ) );
#10348 = CARTESIAN_POINT( '', ( 0.0845000000000000, 0.335000000000000, -0.0345000000000000 ) );
#10349 = VECTOR( '', #12040, 39.3700787402000 );
#10350 = CARTESIAN_POINT( '', ( 0.140000000000000, 0.0200000000000000, -0.0345000000000000 ) );
#10351 = VECTOR( '', #12041, 39.3700787402000 );
#10352 = COLOUR_RGB( '', 0.689999997600000, 0.689999997600000, 0.689999997600000 );
#10353 = CARTESIAN_POINT( '', ( -0.215500000000000, 0.300000000000000, -0.0605000000000000 ) );
#10354 = CARTESIAN_POINT( '', ( -0.215500000000000, 0.300000000000000, -0.0655000000000000 ) );
#10355 = VECTOR( '', #12042, 39.3700787402000 );
#10356 = CARTESIAN_POINT( '', ( -0.233000000000000, 0.300000000000000, -0.0605000000000000 ) );
#10357 = CARTESIAN_POINT( '', ( -0.233000000000000, 0.300000000000000, -0.0605000000000000 ) );
#10358 = VECTOR( '', #12043, 39.3700787402000 );
#10359 = CARTESIAN_POINT( '', ( -0.167000000000000, 0.300000000000000, -0.0605000000000000 ) );
#10360 = VECTOR( '', #12044, 39.3700787402000 );
#10361 = COLOUR_RGB( '', 0.689999997600000, 0.689999997600000, 0.689999997600000 );
#10362 = CARTESIAN_POINT( '', ( 0.184500000000000, 0.335000000000000, -0.0395000000000000 ) );
#10363 = VECTOR( '', #12045, 39.3700787402000 );
#10364 = COLOUR_RGB( '', 0.689999997600000, 0.689999997600000, 0.689999997600000 );
#10365 = CARTESIAN_POINT( '', ( 0.240000000000000, 0.185000000000000, -0.0975000000000000 ) );
#10366 = VECTOR( '', #12046, 39.3700787402000 );
#10367 = CARTESIAN_POINT( '', ( 0.160000000000000, 0.000000000000000, -0.0975000000000000 ) );
#10368 = CARTESIAN_POINT( '', ( 0.160000000000000, 0.185000000000000, -0.0975000000000000 ) );
#10369 = VECTOR( '', #12047, 39.3700787402000 );
#10370 = CARTESIAN_POINT( '', ( 0.140000000000000, 0.000000000000000, -0.0975000000000000 ) );
#10371 = CARTESIAN_POINT( '', ( 0.257500000000000, 0.000000000000000, -0.0975000000000000 ) );
#10372 = VECTOR( '', #12048, 39.3700787402000 );
#10373 = CARTESIAN_POINT( '', ( 0.140000000000000, 0.0200000000000000, -0.0975000000000000 ) );
#10374 = CARTESIAN_POINT( '', ( 0.140000000000000, 0.185000000000000, -0.0975000000000000 ) );
#10375 = VECTOR( '', #12049, 39.3700787402000 );
#10376 = CARTESIAN_POINT( '', ( 0.257500000000000, 0.0200000000000000, -0.0975000000000000 ) );
#10377 = VECTOR( '', #12050, 39.3700787402000 );
#10378 = CARTESIAN_POINT( '', ( 0.0400000000000000, 0.185000000000000, -0.0975000000000000 ) );
#10379 = VECTOR( '', #12051, 39.3700787402000 );
#10380 = CARTESIAN_POINT( '', ( 0.257500000000000, 0.000000000000000, -0.0975000000000000 ) );
#10381 = VECTOR( '', #12052, 39.3700787402000 );
#10382 = CARTESIAN_POINT( '', ( 0.257500000000000, 0.0200000000000000, -0.0975000000000000 ) );
#10383 = VECTOR( '', #12053, 39.3700787402000 );
#10384 = CARTESIAN_POINT( '', ( 0.257500000000000, 0.000000000000000, -0.0975000000000000 ) );
#10385 = VECTOR( '', #12054, 39.3700787402000 );
#10386 = CARTESIAN_POINT( '', ( -0.240000000000000, 0.000000000000000, -0.0975000000000000 ) );
#10387 = CARTESIAN_POINT( '', ( -0.240000000000000, 0.185000000000000, -0.0975000000000000 ) );
#10388 = VECTOR( '', #12055, 39.3700787402000 );
#10389 = CARTESIAN_POINT( '', ( -0.257500000000000, 0.000000000000000, -0.0975000000000000 ) );
#10390 = CARTESIAN_POINT( '', ( 0.257500000000000, 0.000000000000000, -0.0975000000000000 ) );
#10391 = VECTOR( '', #12056, 39.3700787402000 );
#10392 = CARTESIAN_POINT( '', ( -0.257500000000000, 0.185000000000000, -0.0975000000000000 ) );
#10393 = CARTESIAN_POINT( '', ( -0.257500000000000, 0.185000000000000, -0.0975000000000000 ) );
#10394 = VECTOR( '', #12057, 39.3700787402000 );
#10395 = CARTESIAN_POINT( '', ( 0.257500000000000, 0.185000000000000, -0.0975000000000000 ) );
#10396 = CARTESIAN_POINT( '', ( 0.257500000000000, 0.185000000000000, -0.0975000000000000 ) );
#10397 = VECTOR( '', #12058, 39.3700787402000 );
#10398 = CARTESIAN_POINT( '', ( 0.257500000000000, 0.185000000000000, -0.0975000000000000 ) );
#10399 = VECTOR( '', #12059, 39.3700787402000 );
#10400 = COLOUR_RGB( '', 0.689999997600000, 0.689999997600000, 0.689999997600000 );
#10401 = CARTESIAN_POINT( '', ( 0.240000000000000, 0.185000000000000, 0.0975000000000000 ) );
#10402 = VECTOR( '', #12060, 39.3700787402000 );
#10403 = CARTESIAN_POINT( '', ( 0.257500000000000, 0.185000000000000, 0.0975000000000000 ) );
#10404 = CARTESIAN_POINT( '', ( 0.257500000000000, 0.185000000000000, 0.0975000000000000 ) );
#10405 = VECTOR( '', #12061, 39.3700787402000 );
#10406 = CARTESIAN_POINT( '', ( -0.257500000000000, 0.185000000000000, 0.0975000000000000 ) );
#10407 = CARTESIAN_POINT( '', ( -0.257500000000000, 0.185000000000000, 0.0975000000000000 ) );
#10408 = VECTOR( '', #12062, 39.3700787402000 );
#10409 = CARTESIAN_POINT( '', ( -0.257500000000000, 0.000000000000000, 0.0975000000000000 ) );
#10410 = CARTESIAN_POINT( '', ( -0.257500000000000, 0.185000000000000, 0.0975000000000000 ) );
#10411 = VECTOR( '', #12063, 39.3700787402000 );
#10412 = CARTESIAN_POINT( '', ( -0.240000000000000, 0.000000000000000, 0.0975000000000000 ) );
#10413 = CARTESIAN_POINT( '', ( -0.257500000000000, 0.000000000000000, 0.0975000000000000 ) );
#10414 = VECTOR( '', #12064, 39.3700787402000 );
#10415 = CARTESIAN_POINT( '', ( -0.240000000000000, 0.185000000000000, 0.0975000000000000 ) );
#10416 = VECTOR( '', #12065, 39.3700787402000 );
#10417 = CARTESIAN_POINT( '', ( -0.257500000000000, 0.000000000000000, 0.0975000000000000 ) );
#10418 = VECTOR( '', #12066, 39.3700787402000 );
#10419 = CARTESIAN_POINT( '', ( -0.257500000000000, 0.0200000000000000, 0.0975000000000000 ) );
#10420 = VECTOR( '', #12067, 39.3700787402000 );
#10421 = CARTESIAN_POINT( '', ( -0.257500000000000, 0.000000000000000, 0.0975000000000000 ) );
#10422 = VECTOR( '', #12068, 39.3700787402000 );
#10423 = CARTESIAN_POINT( '', ( 0.0400000000000000, 0.185000000000000, 0.0975000000000000 ) );
#10424 = VECTOR( '', #12069, 39.3700787402000 );
#10425 = CARTESIAN_POINT( '', ( 0.140000000000000, 0.0200000000000000, 0.0975000000000000 ) );
#10426 = CARTESIAN_POINT( '', ( -0.257500000000000, 0.0200000000000000, 0.0975000000000000 ) );
#10427 = VECTOR( '', #12070, 39.3700787402000 );
#10428 = CARTESIAN_POINT( '', ( 0.140000000000000, 0.000000000000000, 0.0975000000000000 ) );
#10429 = CARTESIAN_POINT( '', ( 0.140000000000000, 0.185000000000000, 0.0975000000000000 ) );
#10430 = VECTOR( '', #12071, 39.3700787402000 );
#10431 = CARTESIAN_POINT( '', ( 0.160000000000000, 0.000000000000000, 0.0975000000000000 ) );
#10432 = CARTESIAN_POINT( '', ( -0.257500000000000, 0.000000000000000, 0.0975000000000000 ) );
#10433 = VECTOR( '', #12072, 39.3700787402000 );
#10434 = CARTESIAN_POINT( '', ( 0.160000000000000, 0.185000000000000, 0.0975000000000000 ) );
#10435 = VECTOR( '', #12073, 39.3700787402000 );
#10436 = COLOUR_RGB( '', 0.689999997600000, 0.689999997600000, 0.689999997600000 );
#10437 = CARTESIAN_POINT( '', ( 0.0623563882985497, 0.335000000000000, 0.0198381282985497 ) );
#10438 = CARTESIAN_POINT( '', ( 0.0623563882985497, 0.335000000000000, 0.0675182600000000 ) );
#10439 = CARTESIAN_POINT( '', ( 0.0623563882985497, 0.335000000000000, 0.0174817400000000 ) );
#10440 = VECTOR( '', #12074, 39.3700787402000 );
#10441 = CARTESIAN_POINT( '', ( 0.0750000000000000, 0.335000000000000, 0.0801618717014503 ) );
#10442 = AXIS2_PLACEMENT_3D( '', #12075, #12076, #12077 );
#10443 = CARTESIAN_POINT( '', ( 0.125000000000000, 0.335000000000000, 0.0801618717014503 ) );
#10444 = CARTESIAN_POINT( '', ( 0.0750000000000000, 0.335000000000000, 0.0801618717014503 ) );
#10445 = VECTOR( '', #12078, 39.3700787402000 );
#10446 = CARTESIAN_POINT( '', ( 0.137643611701450, 0.335000000000000, 0.0675182600000000 ) );
#10447 = AXIS2_PLACEMENT_3D( '', #12079, #12080, #12081 );
#10448 = CARTESIAN_POINT( '', ( 0.137643611701450, 0.335000000000000, 0.0198381282985497 ) );
#10449 = CARTESIAN_POINT( '', ( 0.137643611701450, 0.335000000000000, 0.0675182600000000 ) );
#10450 = VECTOR( '', #12082, 39.3700787402000 );
#10451 = CARTESIAN_POINT( '', ( 0.140000000000000, 0.335000000000000, 0.0198381282985497 ) );
#10452 = VECTOR( '', #12083, 39.3700787402000 );
#10453 = CARTESIAN_POINT( '', ( 0.0845000000000000, 0.335000000000000, 0.0345000000000000 ) );
#10454 = CARTESIAN_POINT( '', ( 0.0845000000000000, 0.335000000000000, 0.0655000000000000 ) );
#10455 = CARTESIAN_POINT( '', ( 0.0845000000000000, 0.335000000000000, 0.0345000000000000 ) );
#10456 = VECTOR( '', #12084, 39.3700787402000 );
#10457 = CARTESIAN_POINT( '', ( 0.115500000000000, 0.335000000000000, 0.0345000000000000 ) );
#10458 = CARTESIAN_POINT( '', ( 0.115500000000000, 0.335000000000000, 0.0345000000000000 ) );
#10459 = VECTOR( '', #12085, 39.3700787402000 );
#10460 = CARTESIAN_POINT( '', ( 0.115500000000000, 0.335000000000000, 0.0655000000000000 ) );
#10461 = CARTESIAN_POINT( '', ( 0.115500000000000, 0.335000000000000, 0.0655000000000000 ) );
#10462 = VECTOR( '', #12086, 39.3700787402000 );
#10463 = CARTESIAN_POINT( '', ( 0.0845000000000000, 0.335000000000000, 0.0655000000000000 ) );
#10464 = VECTOR( '', #12087, 39.3700787402000 );
#10465 = COLOUR_RGB( '', 1.00000000000000, 1.00000000000000, 0.000000000000000 );
#10466 = CARTESIAN_POINT( '', ( -0.0845000000000000, 0.0360000000000000, 0.0580000000000000 ) );
#10467 = AXIS2_PLACEMENT_3D( '', #12088, #12089, #12090 );
#10468 = CARTESIAN_POINT( '', ( -0.115500000000000, 0.0360000000000000, 0.0580000000000000 ) );
#10469 = CARTESIAN_POINT( '', ( 0.215500000000000, 0.0360000000000000, 0.0580000000000000 ) );
#10470 = VECTOR( '', #12091, 39.3700787402000 );
#10471 = AXIS2_PLACEMENT_3D( '', #12092, #12093, #12094 );
#10472 = COLOUR_RGB( '', 0.689999997600000, 0.689999997600000, 0.689999997600000 );
#10473 = CARTESIAN_POINT( '', ( 0.215500000000000, 0.335000000000000, 0.0395000000000000 ) );
#10474 = VECTOR( '', #12095, 39.3700787402000 );
#10475 = CARTESIAN_POINT( '', ( 0.215500000000000, 0.335000000000000, 0.0605000000000000 ) );
#10476 = VECTOR( '', #12096, 39.3700787402000 );
#10477 = CARTESIAN_POINT( '', ( 0.215500000000000, 0.335000000000000, 0.0655000000000000 ) );
#10478 = CARTESIAN_POINT( '', ( 0.215500000000000, 0.335000000000000, 0.0655000000000000 ) );
#10479 = VECTOR( '', #12097, 39.3700787402000 );
#10480 = CARTESIAN_POINT( '', ( 0.215500000000000, 0.335000000000000, 0.0655000000000000 ) );
#10481 = VECTOR( '', #12098, 39.3700787402000 );
#10482 = COLOUR_RGB( '', 1.00000000000000, 1.00000000000000, 0.000000000000000 );
#10483 = CARTESIAN_POINT( '', ( 0.215500000000000, 0.0360000000000000, 0.0580000000000000 ) );
#10484 = CARTESIAN_POINT( '', ( 0.215500000000000, 0.0360000000000000, 0.0580000000000000 ) );
#10485 = VECTOR( '', #12099, 39.3700787402000 );
#10486 = CARTESIAN_POINT( '', ( 0.215500000000000, 0.0980000000000000, 0.0580000000000000 ) );
#10487 = CARTESIAN_POINT( '', ( 0.215500000000000, 0.0980000000000000, 0.0580000000000000 ) );
#10488 = VECTOR( '', #12100, 39.3700787402000 );
#10489 = CARTESIAN_POINT( '', ( -0.215500000000000, 0.0980000000000000, 0.0580000000000000 ) );
#10490 = CARTESIAN_POINT( '', ( 0.215500000000000, 0.0980000000000000, 0.0580000000000000 ) );
#10491 = VECTOR( '', #12101, 39.3700787402000 );
#10492 = CARTESIAN_POINT( '', ( -0.215500000000000, 0.0980000000000000, 0.0580000000000000 ) );
#10493 = VECTOR( '', #12102, 39.3700787402000 );
#10494 = CARTESIAN_POINT( '', ( -0.184500000000000, 0.0980000000000000, 0.0580000000000000 ) );
#10495 = VECTOR( '', #12103, 39.3700787402000 );
#10496 = CARTESIAN_POINT( '', ( -0.115500000000000, 0.0980000000000000, 0.0580000000000000 ) );
#10497 = VECTOR( '', #12104, 39.3700787402000 );
#10498 = CARTESIAN_POINT( '', ( -0.0845000000000000, 0.0980000000000000, 0.0580000000000000 ) );
#10499 = VECTOR( '', #12105, 39.3700787402000 );
#10500 = CARTESIAN_POINT( '', ( -0.0155000000000000, 0.0360000000000000, 0.0580000000000000 ) );
#10501 = CARTESIAN_POINT( '', ( -0.0155000000000000, 0.0980000000000000, 0.0580000000000000 ) );
#10502 = VECTOR( '', #12106, 39.3700787402000 );
#10503 = CARTESIAN_POINT( '', ( 0.0155000000000000, 0.0360000000000000, 0.0580000000000000 ) );
#10504 = CARTESIAN_POINT( '', ( 0.215500000000000, 0.0360000000000000, 0.0580000000000000 ) );
#10505 = VECTOR( '', #12107, 39.3700787402000 );
#10506 = CARTESIAN_POINT( '', ( 0.0155000000000000, 0.0980000000000000, 0.0580000000000000 ) );
#10507 = VECTOR( '', #12108, 39.3700787402000 );
#10508 = CARTESIAN_POINT( '', ( 0.0845000000000000, 0.0360000000000000, 0.0580000000000000 ) );
#10509 = CARTESIAN_POINT( '', ( 0.0845000000000000, 0.0980000000000000, 0.0580000000000000 ) );
#10510 = VECTOR( '', #12109, 39.3700787402000 );
#10511 = CARTESIAN_POINT( '', ( 0.215500000000000, 0.0360000000000000, 0.0580000000000000 ) );
#10512 = VECTOR( '', #12110, 39.3700787402000 );
#10513 = COLOUR_RGB( '', 1.00000000000000, 1.00000000000000, 0.000000000000000 );
#10514 = CARTESIAN_POINT( '', ( 0.0845000000000000, 0.0360000000000000, 0.0420000000000000 ) );
#10515 = CARTESIAN_POINT( '', ( 0.0845000000000000, 0.0360000000000000, 0.0420000000000000 ) );
#10516 = VECTOR( '', #12111, 39.3700787402000 );
#10517 = CARTESIAN_POINT( '', ( 0.0845000000000000, 0.000000000000000, 0.0780000000000000 ) );
#10518 = AXIS2_PLACEMENT_3D( '', #12112, #12113, #12114 );
#10519 = CARTESIAN_POINT( '', ( 0.0845000000000000, 0.000000000000000, 0.193500000000000 ) );
#10520 = CARTESIAN_POINT( '', ( 0.0845000000000000, 0.000000000000000, 0.193500000000000 ) );
#10521 = VECTOR( '', #12115, 39.3700787402000 );
#10522 = CARTESIAN_POINT( '', ( 0.0845000000000000, 0.00400000000000000, 0.197500000000000 ) );
#10523 = VECTOR( '', #12116, 39.3700787402000 );
#10524 = CARTESIAN_POINT( '', ( 0.0845000000000000, 0.0160000000000000, 0.0780000000000000 ) );
#10525 = CARTESIAN_POINT( '', ( 0.0845000000000000, 0.0160000000000000, 0.0780000000000000 ) );
#10526 = VECTOR( '', #12117, 39.3700787402000 );
#10527 = AXIS2_PLACEMENT_3D( '', #12118, #12119, #12120 );
#10528 = COLOUR_RGB( '', 0.689999997600000, 0.689999997600000, 0.689999997600000 );
#10529 = CARTESIAN_POINT( '', ( 0.0155000000000000, 0.300000000000000, -0.0395000000000000 ) );
#10530 = CARTESIAN_POINT( '', ( 0.0155000000000000, 0.335000000000000, -0.0395000000000000 ) );
#10531 = VECTOR( '', #12121, 39.3700787402000 );
#10532 = CARTESIAN_POINT( '', ( -0.0330000000000000, 0.300000000000000, -0.0395000000000000 ) );
#10533 = VECTOR( '', #12122, 39.3700787402000 );
#10534 = COLOUR_RGB( '', 0.689999997600000, 0.689999997600000, 0.689999997600000 );
#10535 = CARTESIAN_POINT( '', ( -0.0600000000000000, 0.185000000000000, -0.0174817400000000 ) );
#10536 = CARTESIAN_POINT( '', ( -0.0600000000000000, 0.185000000000000, -0.0825182600000000 ) );
#10537 = CARTESIAN_POINT( '', ( -0.0600000000000000, 0.185000000000000, -0.0174817400000000 ) );
#10538 = VECTOR( '', #12123, 39.3700787402000 );
#10539 = CARTESIAN_POINT( '', ( -0.0623563882985497, 0.335000000000000, -0.0801618717014503 ) );
#10540 = CARTESIAN_POINT( '', ( -0.0600000000000000, 0.185000000000000, -0.0825182600000000 ) );
#10541 = VECTOR( '', #12124, 39.3700787402000 );
#10542 = CARTESIAN_POINT( '', ( -0.0623563882985497, 0.335000000000000, -0.0198381282985497 ) );
#10543 = CARTESIAN_POINT( '', ( -0.0623563882985497, 0.335000000000000, -0.0174817400000000 ) );
#10544 = VECTOR( '', #12125, 39.3700787402000 );
#10545 = CARTESIAN_POINT( '', ( -0.0600000000000000, 0.185000000000000, -0.0174817400000000 ) );
#10546 = VECTOR( '', #12126, 39.3700787402000 );
#10547 = COLOUR_RGB( '', 0.689999997600000, 0.689999997600000, 0.689999997600000 );
#10548 = CARTESIAN_POINT( '', ( -0.115500000000000, 0.0200000000000000, -0.0655000000000000 ) );
#10549 = CARTESIAN_POINT( '', ( -0.115500000000000, 0.0200000000000000, 0.250000000000000 ) );
#10550 = VECTOR( '', #12127, 39.3700787402000 );
#10551 = CARTESIAN_POINT( '', ( -0.133000000000000, 0.0200000000000001, -0.0395000000000000 ) );
#10552 = CARTESIAN_POINT( '', ( -0.133000000000000, 0.0200000000000000, 0.250000000000000 ) );
#10553 = VECTOR( '', #12128, 39.3700787402000 );
#10554 = CARTESIAN_POINT( '', ( -0.115500000000000, 0.0200000000000000, -0.0395000000000000 ) );
#10555 = CARTESIAN_POINT( '', ( -0.0600000000000000, 0.0200000000000000, -0.0395000000000000 ) );
#10556 = VECTOR( '', #12129, 39.3700787402000 );
#10557 = CARTESIAN_POINT( '', ( -0.115500000000000, 0.0200000000000000, -0.0345000000000000 ) );
#10558 = CARTESIAN_POINT( '', ( -0.115500000000000, 0.0200000000000000, 0.250000000000000 ) );
#10559 = VECTOR( '', #12130, 39.3700787402000 );
#10560 = CARTESIAN_POINT( '', ( -0.0845000000000000, 0.0200000000000000, -0.0345000000000000 ) );
#10561 = CARTESIAN_POINT( '', ( -0.0600000000000000, 0.0200000000000000, -0.0345000000000000 ) );
#10562 = VECTOR( '', #12131, 39.3700787402000 );
#10563 = CARTESIAN_POINT( '', ( -0.0845000000000000, 0.0200000000000000, -0.0395000000000000 ) );
#10564 = CARTESIAN_POINT( '', ( -0.0845000000000000, 0.0200000000000000, 0.250000000000000 ) );
#10565 = VECTOR( '', #12132, 39.3700787402000 );
#10566 = CARTESIAN_POINT( '', ( -0.0670000000000000, 0.0200000000000001, -0.0395000000000000 ) );
#10567 = CARTESIAN_POINT( '', ( -0.0600000000000000, 0.0200000000000000, -0.0395000000000000 ) );
#10568 = VECTOR( '', #12133, 39.3700787402000 );
#10569 = CARTESIAN_POINT( '', ( -0.0670000000000000, 0.0200000000000000, 0.250000000000000 ) );
#10570 = VECTOR( '', #12134, 39.3700787402000 );
#10571 = CARTESIAN_POINT( '', ( -0.0845000000000000, 0.0200000000000000, -0.0655000000000000 ) );
#10572 = CARTESIAN_POINT( '', ( -0.0845000000000000, 0.0200000000000000, 0.250000000000000 ) );
#10573 = VECTOR( '', #12135, 39.3700787402000 );
#10574 = CARTESIAN_POINT( '', ( -0.0600000000000000, 0.0200000000000000, -0.0655000000000000 ) );
#10575 = VECTOR( '', #12136, 39.3700787402000 );
#10576 = CARTESIAN_POINT( '', ( -0.115500000000000, 0.0200000000000000, 0.250000000000000 ) );
#10577 = VECTOR( '', #12137, 39.3700787402000 );
#10578 = CARTESIAN_POINT( '', ( -0.115500000000000, 0.0200000000000000, 0.250000000000000 ) );
#10579 = VECTOR( '', #12138, 39.3700787402000 );
#10580 = CARTESIAN_POINT( '', ( -0.0845000000000000, 0.0200000000000000, 0.0605000000000000 ) );
#10581 = CARTESIAN_POINT( '', ( -0.0845000000000000, 0.0200000000000000, 0.250000000000000 ) );
#10582 = VECTOR( '', #12139, 39.3700787402000 );
#10583 = CARTESIAN_POINT( '', ( -0.0670000000000000, 0.0200000000000001, 0.0605000000000000 ) );
#10584 = CARTESIAN_POINT( '', ( -0.0600000000000000, 0.0200000000000000, 0.0605000000000000 ) );
#10585 = VECTOR( '', #12140, 39.3700787402000 );
#10586 = CARTESIAN_POINT( '', ( -0.0670000000000000, 0.0200000000000001, 0.0395000000000000 ) );
#10587 = CARTESIAN_POINT( '', ( -0.0670000000000000, 0.0200000000000000, 0.250000000000000 ) );
#10588 = VECTOR( '', #12141, 39.3700787402000 );
#10589 = CARTESIAN_POINT( '', ( -0.0845000000000000, 0.0200000000000000, 0.0395000000000000 ) );
#10590 = CARTESIAN_POINT( '', ( -0.0600000000000000, 0.0200000000000000, 0.0395000000000000 ) );
#10591 = VECTOR( '', #12142, 39.3700787402000 );
#10592 = CARTESIAN_POINT( '', ( -0.0845000000000000, 0.0200000000000000, 0.250000000000000 ) );
#10593 = VECTOR( '', #12143, 39.3700787402000 );
#10594 = COLOUR_RGB( '', 0.689999997600000, 0.689999997600000, 0.689999997600000 );
#10595 = CARTESIAN_POINT( '', ( 0.160000000000000, 0.000000000000000, 0.000000000000000 ) );
#10596 = VECTOR( '', #12144, 39.3700787402000 );
#10597 = CARTESIAN_POINT( '', ( 0.140000000000000, 0.000000000000000, -0.000000000000000 ) );
#10598 = VECTOR( '', #12145, 39.3700787402000 );
#10599 = COLOUR_RGB( '', 0.689999997600000, 0.689999997600000, 0.689999997600000 );
#10600 = CARTESIAN_POINT( '', ( -0.133000000000000, 0.300000000000000, -0.0395000000000000 ) );
#10601 = CARTESIAN_POINT( '', ( -0.133000000000000, 0.300000000000000, -0.0605000000000000 ) );
#10602 = VECTOR( '', #12146, 39.3700787402000 );
#10603 = CARTESIAN_POINT( '', ( -0.133000000000000, 0.300000000000000, -0.0395000000000000 ) );
#10604 = VECTOR( '', #12147, 39.3700787402000 );
#10605 = COLOUR_RGB( '', 0.689999997600000, 0.689999997600000, 0.689999997600000 );
#10606 = CARTESIAN_POINT( '', ( -0.167000000000000, 0.300000000000000, 0.0395000000000000 ) );
#10607 = VECTOR( '', #12148, 39.3700787402000 );
#10608 = CARTESIAN_POINT( '', ( -0.184500000000000, 0.335000000000000, 0.0395000000000000 ) );
#10609 = VECTOR( '', #12149, 39.3700787402000 );
#10610 = COLOUR_RGB( '', 0.689999997600000, 0.689999997600000, 0.689999997600000 );
#10611 = CARTESIAN_POINT( '', ( -0.240000000000000, 0.185000000000000, -0.0825182600000000 ) );
#10612 = CARTESIAN_POINT( '', ( -0.240000000000000, 0.185000000000000, -0.0825182600000000 ) );
#10613 = VECTOR( '', #12150, 39.3700787402000 );
#10614 = CARTESIAN_POINT( '', ( -0.237643611701450, 0.335000000000000, -0.0801618717014503 ) );
#10615 = CARTESIAN_POINT( '', ( -0.237643611701450, 0.335000000000000, -0.0825182600000000 ) );
#10616 = VECTOR( '', #12151, 39.3700787402000 );
#10617 = CARTESIAN_POINT( '', ( -0.240000000000000, 0.185000000000000, -0.0825182600000000 ) );
#10618 = VECTOR( '', #12152, 39.3700787402000 );
#10619 = COLOUR_RGB( '', 0.689999997600000, 0.689999997600000, 0.689999997600000 );
#10620 = CARTESIAN_POINT( '', ( -0.115500000000000, 0.335000000000000, -0.0345000000000000 ) );
#10621 = CARTESIAN_POINT( '', ( -0.115500000000000, 0.335000000000000, -0.0345000000000000 ) );
#10622 = VECTOR( '', #12153, 39.3700787402000 );
#10623 = CARTESIAN_POINT( '', ( -0.0845000000000000, 0.335000000000000, -0.0345000000000000 ) );
#10624 = CARTESIAN_POINT( '', ( -0.115500000000000, 0.335000000000000, -0.0345000000000000 ) );
#10625 = VECTOR( '', #12154, 39.3700787402000 );
#10626 = CARTESIAN_POINT( '', ( -0.0845000000000000, 0.335000000000000, -0.0345000000000000 ) );
#10627 = VECTOR( '', #12155, 39.3700787402000 );
#10628 = COLOUR_RGB( '', 1.00000000000000, 1.00000000000000, 0.000000000000000 );
#10629 = CARTESIAN_POINT( '', ( -0.0845000000000000, -0.0840000000000000, 0.193500000000000 ) );
#10630 = CARTESIAN_POINT( '', ( -0.0845000000000000, -0.0880000000000000, 0.197500000000000 ) );
#10631 = CARTESIAN_POINT( '', ( -0.0845000000000000, -0.0840000000000000, 0.193500000000000 ) );
#10632 = VECTOR( '', #12156, 39.3700787402000 );
#10633 = CARTESIAN_POINT( '', ( -0.115500000000000, -0.0840000000000000, 0.193500000000000 ) );
#10634 = CARTESIAN_POINT( '', ( 0.215500000000000, -0.0840000000000000, 0.193500000000000 ) );
#10635 = VECTOR( '', #12157, 39.3700787402000 );
#10636 = CARTESIAN_POINT( '', ( -0.115500000000000, -0.0880000000000000, 0.197500000000000 ) );
#10637 = CARTESIAN_POINT( '', ( -0.115500000000000, -0.0840000000000000, 0.193500000000000 ) );
#10638 = VECTOR( '', #12158, 39.3700787402000 );
#10639 = CARTESIAN_POINT( '', ( 0.215500000000000, -0.0880000000000000, 0.197500000000000 ) );
#10640 = VECTOR( '', #12159, 39.3700787402000 );
#10641 = COLOUR_RGB( '', 0.689999997600000, 0.689999997600000, 0.689999997600000 );
#10642 = CARTESIAN_POINT( '', ( 0.0845000000000000, 0.300000000000000, -0.0395000000000000 ) );
#10643 = CARTESIAN_POINT( '', ( 0.0670000000000000, 0.300000000000000, -0.0395000000000000 ) );
#10644 = VECTOR( '', #12160, 39.3700787402000 );
#10645 = CARTESIAN_POINT( '', ( 0.0845000000000000, 0.0200000000000000, -0.0395000000000000 ) );
#10646 = CARTESIAN_POINT( '', ( 0.0845000000000000, 0.335000000000000, -0.0395000000000000 ) );
#10647 = VECTOR( '', #12161, 39.3700787402000 );
#10648 = CARTESIAN_POINT( '', ( 0.140000000000000, 0.0200000000000000, -0.0395000000000000 ) );
#10649 = VECTOR( '', #12162, 39.3700787402000 );
#10650 = COLOUR_RGB( '', 0.689999997600000, 0.689999997600000, 0.689999997600000 );
#10651 = CARTESIAN_POINT( '', ( -0.0845000000000000, 0.335000000000000, 0.0605000000000000 ) );
#10652 = VECTOR( '', #12163, 39.3700787402000 );
#10653 = CARTESIAN_POINT( '', ( -0.0670000000000000, 0.300000000000000, 0.0605000000000000 ) );
#10654 = VECTOR( '', #12164, 39.3700787402000 );
#10655 = COLOUR_RGB( '', 0.689999997600000, 0.689999997600000, 0.689999997600000 );
#10656 = CARTESIAN_POINT( '', ( 0.0845000000000000, 0.300000000000000, 0.0395000000000000 ) );
#10657 = CARTESIAN_POINT( '', ( 0.0845000000000000, 0.300000000000000, 0.0605000000000000 ) );
#10658 = CARTESIAN_POINT( '', ( 0.0845000000000000, 0.300000000000000, 0.0345000000000000 ) );
#10659 = VECTOR( '', #12165, 39.3700787402000 );
#10660 = CARTESIAN_POINT( '', ( 0.0670000000000000, 0.300000000000000, 0.0605000000000000 ) );
#10661 = VECTOR( '', #12166, 39.3700787402000 );
#10662 = CARTESIAN_POINT( '', ( 0.133000000000000, 0.300000000000000, 0.0395000000000000 ) );
#10663 = VECTOR( '', #12167, 39.3700787402000 );
#10664 = COLOUR_RGB( '', 1.00000000000000, 1.00000000000000, 0.000000000000000 );
#10665 = CARTESIAN_POINT( '', ( 0.215500000000000, 0.0360000000000000, 0.0420000000000000 ) );
#10666 = VECTOR( '', #12168, 39.3700787402000 );
#10667 = COLOUR_RGB( '', 1.00000000000000, 1.00000000000000, 0.000000000000000 );
#10668 = CARTESIAN_POINT( '', ( 0.215500000000000, 0.0160000000000000, 0.0780000000000000 ) );
#10669 = VECTOR( '', #12169, 39.3700787402000 );
#10670 = COLOUR_RGB( '', 1.00000000000000, 1.00000000000000, 0.000000000000000 );
#10671 = COLOUR_RGB( '', 1.00000000000000, 1.00000000000000, 0.000000000000000 );
#10672 = CARTESIAN_POINT( '', ( -0.115500000000000, -0.0640000000000000, -0.0580000000000000 ) );
#10673 = CARTESIAN_POINT( '', ( -0.115500000000000, -0.100000000000000, -0.0220000000000000 ) );
#10674 = AXIS2_PLACEMENT_3D( '', #12170, #12171, #12172 );
#10675 = CARTESIAN_POINT( '', ( -0.115500000000000, -0.100000000000000, 0.193500000000000 ) );
#10676 = CARTESIAN_POINT( '', ( -0.115500000000000, -0.100000000000000, 5.00000000000000 ) );
#10677 = VECTOR( '', #12173, 39.3700787402000 );
#10678 = CARTESIAN_POINT( '', ( -0.115500000000000, -0.0960000000000000, 0.197500000000000 ) );
#10679 = CARTESIAN_POINT( '', ( -0.115500000000000, -0.0960000000000000, 0.197500000000000 ) );
#10680 = VECTOR( '', #12174, 39.3700787402000 );
#10681 = CARTESIAN_POINT( '', ( -0.115500000000000, -0.0880000000000000, 0.197500000000000 ) );
#10682 = VECTOR( '', #12175, 39.3700787402000 );
#10683 = CARTESIAN_POINT( '', ( -0.115500000000000, -0.0840000000000000, -0.0220000000000000 ) );
#10684 = CARTESIAN_POINT( '', ( -0.115500000000000, -0.0840000000000000, -0.0220000000000000 ) );
#10685 = VECTOR( '', #12176, 39.3700787402000 );
#10686 = AXIS2_PLACEMENT_3D( '', #12177, #12178, #12179 );
#10687 = CARTESIAN_POINT( '', ( -0.115500000000000, -0.0640000000000000, -0.0580000000000000 ) );
#10688 = VECTOR( '', #12180, 39.3700787402000 );
#10689 = COLOUR_RGB( '', 1.00000000000000, 1.00000000000000, 0.000000000000000 );
#10690 = CARTESIAN_POINT( '', ( 0.0155000000000000, 0.0360000000000000, 0.0420000000000000 ) );
#10691 = AXIS2_PLACEMENT_3D( '', #12181, #12182, #12183 );
#10692 = CARTESIAN_POINT( '', ( -0.0155000000000000, 0.0360000000000000, 0.0420000000000000 ) );
#10693 = AXIS2_PLACEMENT_3D( '', #12184, #12185, #12186 );
#10694 = CARTESIAN_POINT( '', ( 0.215500000000000, 0.0360000000000000, 0.0420000000000000 ) );
#10695 = VECTOR( '', #12187, 39.3700787402000 );
#10696 = COLOUR_RGB( '', 1.00000000000000, 1.00000000000000, 0.000000000000000 );
#10697 = CARTESIAN_POINT( '', ( 0.0845000000000000, -0.100000000000000, 0.193500000000000 ) );
#10698 = CARTESIAN_POINT( '', ( 0.0845000000000000, -0.100000000000000, 5.00000000000000 ) );
#10699 = VECTOR( '', #12188, 39.3700787402000 );
#10700 = CARTESIAN_POINT( '', ( 0.0845000000000000, -0.0960000000000000, 0.197500000000000 ) );
#10701 = VECTOR( '', #12189, 39.3700787402000 );
#10702 = CARTESIAN_POINT( '', ( 0.0845000000000000, -0.0640000000000000, -0.0580000000000000 ) );
#10703 = VECTOR( '', #12190, 39.3700787402000 );
#10704 = COLOUR_RGB( '', 1.00000000000000, 1.00000000000000, 0.000000000000000 );
#10705 = CARTESIAN_POINT( '', ( -0.184500000000000, 0.0160000000000000, 0.0780000000000000 ) );
#10706 = VECTOR( '', #12191, 39.3700787402000 );
#10707 = CARTESIAN_POINT( '', ( -0.215500000000000, 0.0160000000000000, 0.0780000000000000 ) );
#10708 = VECTOR( '', #12192, 39.3700787402000 );
#10709 = COLOUR_RGB( '', 0.689999997600000, 0.689999997600000, 0.689999997600000 );
#10710 = CARTESIAN_POINT( '', ( -0.215500000000000, 0.335000000000000, -0.0605000000000000 ) );
#10711 = VECTOR( '', #12193, 39.3700787402000 );
#10712 = CARTESIAN_POINT( '', ( -0.233000000000000, 0.300000000000000, -0.0605000000000000 ) );
#10713 = VECTOR( '', #12194, 39.3700787402000 );
#10714 = COLOUR_RGB( '', 0.689999997600000, 0.689999997600000, 0.689999997600000 );
#10715 = CARTESIAN_POINT( '', ( 0.140000000000000, 0.185000000000000, 0.0675182600000000 ) );
#10716 = CARTESIAN_POINT( '', ( 0.140000000000000, 0.185000000000000, 0.0174817400000000 ) );
#10717 = CARTESIAN_POINT( '', ( 0.140000000000000, 0.185000000000000, 0.0675182600000000 ) );
#10718 = VECTOR( '', #12195, 39.3700787402000 );
#10719 = CARTESIAN_POINT( '', ( 0.140000000000000, 0.185000000000000, 0.0174817400000000 ) );
#10720 = VECTOR( '', #12196, 39.3700787402000 );
#10721 = CARTESIAN_POINT( '', ( 0.140000000000000, 0.185000000000000, 0.0675182600000000 ) );
#10722 = VECTOR( '', #12197, 39.3700787402000 );
#10723 = COLOUR_RGB( '', 0.689999997600000, 0.689999997600000, 0.689999997600000 );
#10724 = CARTESIAN_POINT( '', ( -0.215500000000000, 0.300000000000000, 0.0395000000000000 ) );
#10725 = CARTESIAN_POINT( '', ( -0.215500000000000, 0.335000000000000, 0.0395000000000000 ) );
#10726 = VECTOR( '', #12198, 39.3700787402000 );
#10727 = CARTESIAN_POINT( '', ( -0.233000000000000, 0.300000000000000, 0.0395000000000000 ) );
#10728 = CARTESIAN_POINT( '', ( -0.167000000000000, 0.300000000000000, 0.0395000000000000 ) );
#10729 = VECTOR( '', #12199, 39.3700787402000 );
#10730 = CARTESIAN_POINT( '', ( -0.233000000000000, 0.300000000000000, 0.0395000000000000 ) );
#10731 = VECTOR( '', #12200, 39.3700787402000 );
#10732 = COLOUR_RGB( '', 0.689999997600000, 0.689999997600000, 0.689999997600000 );
#10733 = CARTESIAN_POINT( '', ( -0.0845000000000000, 0.335000000000000, 0.0395000000000000 ) );
#10734 = VECTOR( '', #12201, 39.3700787402000 );
#10735 = COLOUR_RGB( '', 0.689999997600000, 0.689999997600000, 0.689999997600000 );
#10736 = CARTESIAN_POINT( '', ( 0.0155000000000000, 0.300000000000000, -0.0345000000000000 ) );
#10737 = VECTOR( '', #12202, 39.3700787402000 );
#10738 = CARTESIAN_POINT( '', ( 0.0155000000000000, 0.335000000000000, -0.0345000000000000 ) );
#10739 = CARTESIAN_POINT( '', ( 0.0155000000000000, 0.335000000000000, -0.0345000000000000 ) );
#10740 = VECTOR( '', #12203, 39.3700787402000 );
#10741 = CARTESIAN_POINT( '', ( 0.0155000000000000, 0.335000000000000, -0.0345000000000000 ) );
#10742 = VECTOR( '', #12204, 39.3700787402000 );
#10743 = COLOUR_RGB( '', 0.689999997600000, 0.689999997600000, 0.689999997600000 );
#10744 = CARTESIAN_POINT( '', ( -0.215500000000000, 0.300000000000000, 0.0345000000000000 ) );
#10745 = VECTOR( '', #12205, 39.3700787402000 );
#10746 = CARTESIAN_POINT( '', ( -0.215500000000000, 0.335000000000000, 0.0345000000000000 ) );
#10747 = CARTESIAN_POINT( '', ( -0.215500000000000, 0.335000000000000, 0.0345000000000000 ) );
#10748 = VECTOR( '', #12206, 39.3700787402000 );
#10749 = CARTESIAN_POINT( '', ( -0.215500000000000, 0.335000000000000, 0.0655000000000000 ) );
#10750 = CARTESIAN_POINT( '', ( -0.215500000000000, 0.335000000000000, 0.0345000000000000 ) );
#10751 = VECTOR( '', #12207, 39.3700787402000 );
#10752 = CARTESIAN_POINT( '', ( -0.215500000000000, 0.335000000000000, 0.0655000000000000 ) );
#10753 = VECTOR( '', #12208, 39.3700787402000 );
#10754 = COLOUR_RGB( '', 0.689999997600000, 0.689999997600000, 0.689999997600000 );
#10755 = CARTESIAN_POINT( '', ( -0.162356388298550, 0.335000000000000, -0.0801618717014503 ) );
#10756 = CARTESIAN_POINT( '', ( -0.162356388298550, 0.335000000000000, -0.0174817400000000 ) );
#10757 = VECTOR( '', #12209, 39.3700787402000 );
#10758 = CARTESIAN_POINT( '', ( -0.160000000000000, 0.335000000000000, -0.0801618717014503 ) );
#10759 = VECTOR( '', #12210, 39.3700787402000 );
#10760 = CARTESIAN_POINT( '', ( -0.215500000000000, 0.335000000000000, -0.0345000000000000 ) );
#10761 = CARTESIAN_POINT( '', ( -0.215500000000000, 0.335000000000000, -0.0655000000000000 ) );
#10762 = VECTOR( '', #12211, 39.3700787402000 );
#10763 = CARTESIAN_POINT( '', ( -0.184500000000000, 0.335000000000000, -0.0345000000000000 ) );
#10764 = CARTESIAN_POINT( '', ( -0.184500000000000, 0.335000000000000, -0.0345000000000000 ) );
#10765 = VECTOR( '', #12212, 39.3700787402000 );
#10766 = CARTESIAN_POINT( '', ( -0.215500000000000, 0.335000000000000, -0.0345000000000000 ) );
#10767 = VECTOR( '', #12213, 39.3700787402000 );
#10768 = COLOUR_RGB( '', 0.689999997600000, 0.689999997600000, 0.689999997600000 );
#10769 = COLOUR_RGB( '', 1.00000000000000, 1.00000000000000, 0.000000000000000 );
#10770 = CARTESIAN_POINT( '', ( 0.215500000000000, 0.000000000000000, 0.193500000000000 ) );
#10771 = VECTOR( '', #12214, 39.3700787402000 );
#10772 = COLOUR_RGB( '', 0.689999997600000, 0.689999997600000, 0.689999997600000 );
#10773 = CARTESIAN_POINT( '', ( 0.133000000000000, 0.300000000000000, -0.0605000000000000 ) );
#10774 = CARTESIAN_POINT( '', ( 0.133000000000000, 0.300000000000000, -0.0605000000000000 ) );
#10775 = VECTOR( '', #12215, 39.3700787402000 );
#10776 = CARTESIAN_POINT( '', ( 0.133000000000000, 0.300000000000000, -0.0395000000000000 ) );
#10777 = VECTOR( '', #12216, 39.3700787402000 );
#10778 = COLOUR_RGB( '', 0.689999997600000, 0.689999997600000, 0.689999997600000 );
#10779 = COLOUR_RGB( '', 0.689999997600000, 0.689999997600000, 0.689999997600000 );
#10780 = CARTESIAN_POINT( '', ( 0.0600000000000000, 0.185000000000000, 0.0174817400000000 ) );
#10781 = CARTESIAN_POINT( '', ( 0.140000000000000, 0.185000000000000, 0.0174817400000000 ) );
#10782 = VECTOR( '', #12217, 39.3700787402000 );
#10783 = CARTESIAN_POINT( '', ( 0.0600000000000000, 0.185000000000000, 0.0174817400000000 ) );
#10784 = VECTOR( '', #12218, 39.3700787402000 );
#10785 = COLOUR_RGB( '', 0.689999997600000, 0.689999997600000, 0.689999997600000 );
#10786 = CARTESIAN_POINT( '', ( -0.0845000000000000, 0.335000000000000, -0.0395000000000000 ) );
#10787 = VECTOR( '', #12219, 39.3700787402000 );
#10788 = CARTESIAN_POINT( '', ( -0.0670000000000000, 0.300000000000000, -0.0395000000000000 ) );
#10789 = VECTOR( '', #12220, 39.3700787402000 );
#10790 = COLOUR_RGB( '', 0.689999997600000, 0.689999997600000, 0.689999997600000 );
#10791 = CARTESIAN_POINT( '', ( 0.0330000000000000, 0.300000000000000, 0.0605000000000000 ) );
#10792 = VECTOR( '', #12221, 39.3700787402000 );
#10793 = COLOUR_RGB( '', 1.00000000000000, 1.00000000000000, 0.000000000000000 );
#10794 = CARTESIAN_POINT( '', ( -0.0155000000000000, -0.0960000000000000, 0.197500000000000 ) );
#10795 = CARTESIAN_POINT( '', ( -0.0155000000000000, -0.0960000000000000, 0.197500000000000 ) );
#10796 = VECTOR( '', #12222, 39.3700787402000 );
#10797 = CARTESIAN_POINT( '', ( -0.0155000000000000, -0.0880000000000000, 0.197500000000000 ) );
#10798 = CARTESIAN_POINT( '', ( -0.0155000000000000, -0.0880000000000000, 0.197500000000000 ) );
#10799 = VECTOR( '', #12223, 39.3700787402000 );
#10800 = CARTESIAN_POINT( '', ( -0.0155000000000000, -0.0840000000000000, 0.193500000000000 ) );
#10801 = CARTESIAN_POINT( '', ( -0.0155000000000000, -0.0840000000000000, 0.193500000000000 ) );
#10802 = VECTOR( '', #12224, 39.3700787402000 );
#10803 = CARTESIAN_POINT( '', ( -0.0155000000000000, -0.0840000000000000, -0.0220000000000000 ) );
#10804 = CARTESIAN_POINT( '', ( -0.0155000000000000, -0.0840000000000000, -0.0220000000000000 ) );
#10805 = VECTOR( '', #12225, 39.3700787402000 );
#10806 = CARTESIAN_POINT( '', ( -0.0155000000000000, -0.0640000000000000, -0.0420000000000000 ) );
#10807 = AXIS2_PLACEMENT_3D( '', #12226, #12227, #12228 );
#10808 = CARTESIAN_POINT( '', ( -0.0155000000000000, 0.0930000000000000, -0.0420000000000000 ) );
#10809 = VECTOR( '', #12229, 39.3700787402000 );
#10810 = CARTESIAN_POINT( '', ( -0.0155000000000000, -0.0640000000000000, -0.0580000000000000 ) );
#10811 = VECTOR( '', #12230, 39.3700787402000 );
#10812 = COLOUR_RGB( '', 0.689999997600000, 0.689999997600000, 0.689999997600000 );
#10813 = CARTESIAN_POINT( '', ( -0.0670000000000000, 0.300000000000000, 0.0395000000000000 ) );
#10814 = VECTOR( '', #12231, 39.3700787402000 );
#10815 = COLOUR_RGB( '', 0.689999997600000, 0.689999997600000, 0.689999997600000 );
#10816 = CARTESIAN_POINT( '', ( 0.233000000000000, 0.300000000000000, -0.0395000000000000 ) );
#10817 = CARTESIAN_POINT( '', ( 0.233000000000000, 0.300000000000000, -0.0395000000000000 ) );
#10818 = VECTOR( '', #12232, 39.3700787402000 );
#10819 = CARTESIAN_POINT( '', ( 0.233000000000000, 0.300000000000000, -0.0605000000000000 ) );
#10820 = CARTESIAN_POINT( '', ( 0.233000000000000, 0.300000000000000, -0.0395000000000000 ) );
#10821 = VECTOR( '', #12233, 39.3700787402000 );
#10822 = CARTESIAN_POINT( '', ( 0.233000000000000, 0.300000000000000, -0.0605000000000000 ) );
#10823 = VECTOR( '', #12234, 39.3700787402000 );
#10824 = COLOUR_RGB( '', 0.689999997600000, 0.689999997600000, 0.689999997600000 );
#10825 = CARTESIAN_POINT( '', ( 0.184500000000000, 0.300000000000000, 0.0395000000000000 ) );
#10826 = CARTESIAN_POINT( '', ( 0.184500000000000, 0.335000000000000, 0.0395000000000000 ) );
#10827 = VECTOR( '', #12235, 39.3700787402000 );
#10828 = CARTESIAN_POINT( '', ( 0.233000000000000, 0.300000000000000, 0.0395000000000000 ) );
#10829 = VECTOR( '', #12236, 39.3700787402000 );
#10830 = COLOUR_RGB( '', 0.689999997600000, 0.689999997600000, 0.689999997600000 );
#10831 = CARTESIAN_POINT( '', ( -0.0400000000000000, 0.185000000000000, -0.0825182600000000 ) );
#10832 = CARTESIAN_POINT( '', ( -0.0400000000000000, 0.185000000000000, -0.0174817400000000 ) );
#10833 = CARTESIAN_POINT( '', ( -0.0400000000000000, 0.185000000000000, -0.0825182600000000 ) );
#10834 = VECTOR( '', #12237, 39.3700787402000 );
#10835 = CARTESIAN_POINT( '', ( -0.0376436117014502, 0.335000000000000, -0.0198381282985497 ) );
#10836 = CARTESIAN_POINT( '', ( -0.0400000000000000, 0.185000000000000, -0.0174817400000000 ) );
#10837 = VECTOR( '', #12238, 39.3700787402000 );
#10838 = CARTESIAN_POINT( '', ( -0.0376436117014502, 0.335000000000000, -0.0801618717014503 ) );
#10839 = CARTESIAN_POINT( '', ( -0.0376436117014502, 0.335000000000000, -0.0825182600000000 ) );
#10840 = VECTOR( '', #12239, 39.3700787402000 );
#10841 = CARTESIAN_POINT( '', ( -0.0400000000000000, 0.185000000000000, -0.0825182600000000 ) );
#10842 = VECTOR( '', #12240, 39.3700787402000 );
#10843 = COLOUR_RGB( '', 0.689999997600000, 0.689999997600000, 0.689999997600000 );
#10844 = CARTESIAN_POINT( '', ( 0.0845000000000000, 0.0200000000000000, 0.0395000000000000 ) );
#10845 = CARTESIAN_POINT( '', ( 0.0845000000000000, 0.335000000000000, 0.0395000000000000 ) );
#10846 = VECTOR( '', #12241, 39.3700787402000 );
#10847 = CARTESIAN_POINT( '', ( 0.140000000000000, 0.0200000000000000, 0.0395000000000000 ) );
#10848 = VECTOR( '', #12242, 39.3700787402000 );
#10849 = COLOUR_RGB( '', 0.689999997600000, 0.689999997600000, 0.689999997600000 );
#10850 = CARTESIAN_POINT( '', ( 0.233000000000000, 0.300000000000000, 0.0605000000000000 ) );
#10851 = VECTOR( '', #12243, 39.3700787402000 );
#10852 = CARTESIAN_POINT( '', ( 0.233000000000000, 0.300000000000000, 0.0395000000000000 ) );
#10853 = VECTOR( '', #12244, 39.3700787402000 );
#10854 = COLOUR_RGB( '', 0.689999997600000, 0.689999997600000, 0.689999997600000 );
#10855 = CARTESIAN_POINT( '', ( 0.240000000000000, 0.185000000000000, 0.0174817400000000 ) );
#10856 = CARTESIAN_POINT( '', ( 0.240000000000000, 0.185000000000000, 0.0174817400000000 ) );
#10857 = VECTOR( '', #12245, 39.3700787402000 );
#10858 = CARTESIAN_POINT( '', ( 0.237643611701450, 0.335000000000000, 0.0198381282985497 ) );
#10859 = CARTESIAN_POINT( '', ( 0.240000000000000, 0.335000000000000, 0.0198381282985497 ) );
#10860 = VECTOR( '', #12246, 39.3700787402000 );
#10861 = CARTESIAN_POINT( '', ( 0.240000000000000, 0.185000000000000, 0.0174817400000000 ) );
#10862 = VECTOR( '', #12247, 39.3700787402000 );
#10863 = COLOUR_RGB( '', 0.689999997600000, 0.689999997600000, 0.689999997600000 );
#10864 = CARTESIAN_POINT( '', ( 0.0845000000000000, 0.0200000000000000, 0.0345000000000000 ) );
#10865 = CARTESIAN_POINT( '', ( 0.0845000000000000, 0.0200000000000000, 0.250000000000000 ) );
#10866 = VECTOR( '', #12248, 39.3700787402000 );
#10867 = CARTESIAN_POINT( '', ( 0.0845000000000000, 0.335000000000000, 0.0345000000000000 ) );
#10868 = VECTOR( '', #12249, 39.3700787402000 );
#10869 = CARTESIAN_POINT( '', ( 0.0845000000000000, 0.0200000000000000, 0.0655000000000000 ) );
#10870 = CARTESIAN_POINT( '', ( 0.0845000000000000, 0.335000000000000, 0.0655000000000000 ) );
#10871 = VECTOR( '', #12250, 39.3700787402000 );
#10872 = CARTESIAN_POINT( '', ( 0.0845000000000000, 0.0200000000000000, 0.0605000000000000 ) );
#10873 = CARTESIAN_POINT( '', ( 0.0845000000000000, 0.0200000000000000, 0.250000000000000 ) );
#10874 = VECTOR( '', #12251, 39.3700787402000 );
#10875 = CARTESIAN_POINT( '', ( 0.0845000000000000, 0.335000000000000, 0.0605000000000000 ) );
#10876 = VECTOR( '', #12252, 39.3700787402000 );
#10877 = COLOUR_RGB( '', 1.00000000000000, 1.00000000000000, 0.000000000000000 );
#10878 = CARTESIAN_POINT( '', ( 0.215500000000000, -0.0840000000000000, 0.193500000000000 ) );
#10879 = VECTOR( '', #12253, 39.3700787402000 );
#10880 = CARTESIAN_POINT( '', ( 0.215500000000000, -0.0880000000000000, 0.197500000000000 ) );
#10881 = VECTOR( '', #12254, 39.3700787402000 );
#10882 = COLOUR_RGB( '', 0.689999997600000, 0.689999997600000, 0.689999997600000 );
#10883 = CARTESIAN_POINT( '', ( -0.184500000000000, 0.335000000000000, 0.0605000000000000 ) );
#10884 = VECTOR( '', #12255, 39.3700787402000 );
#10885 = CARTESIAN_POINT( '', ( -0.184500000000000, 0.335000000000000, 0.0655000000000000 ) );
#10886 = CARTESIAN_POINT( '', ( -0.184500000000000, 0.335000000000000, 0.0655000000000000 ) );
#10887 = VECTOR( '', #12256, 39.3700787402000 );
#10888 = CARTESIAN_POINT( '', ( -0.184500000000000, 0.335000000000000, 0.0345000000000000 ) );
#10889 = CARTESIAN_POINT( '', ( -0.184500000000000, 0.335000000000000, 0.0655000000000000 ) );
#10890 = VECTOR( '', #12257, 39.3700787402000 );
#10891 = CARTESIAN_POINT( '', ( -0.184500000000000, 0.335000000000000, 0.0345000000000000 ) );
#10892 = VECTOR( '', #12258, 39.3700787402000 );
#10893 = COLOUR_RGB( '', 0.689999997600000, 0.689999997600000, 0.689999997600000 );
#10894 = CARTESIAN_POINT( '', ( -0.0845000000000000, 0.335000000000000, -0.0655000000000000 ) );
#10895 = CARTESIAN_POINT( '', ( -0.0845000000000000, 0.335000000000000, -0.0345000000000000 ) );
#10896 = VECTOR( '', #12259, 39.3700787402000 );
#10897 = CARTESIAN_POINT( '', ( -0.0845000000000000, 0.335000000000000, -0.0655000000000000 ) );
#10898 = VECTOR( '', #12260, 39.3700787402000 );
#10899 = COLOUR_RGB( '', 0.689999997600000, 0.689999997600000, 0.689999997600000 );
#10900 = CARTESIAN_POINT( '', ( 0.140000000000000, 0.0200000000000000, 0.0605000000000000 ) );
#10901 = VECTOR( '', #12261, 39.3700787402000 );
#10902 = COLOUR_RGB( '', 0.689999997600000, 0.689999997600000, 0.689999997600000 );
#10903 = CARTESIAN_POINT( '', ( -0.140000000000000, 0.185000000000000, 0.0675182600000000 ) );
#10904 = CARTESIAN_POINT( '', ( -0.140000000000000, 0.185000000000000, 0.0174817400000000 ) );
#10905 = VECTOR( '', #12262, 39.3700787402000 );
#10906 = CARTESIAN_POINT( '', ( -0.140000000000000, 0.185000000000000, 0.0675182600000000 ) );
#10907 = VECTOR( '', #12263, 39.3700787402000 );
#10908 = COLOUR_RGB( '', 0.689999997600000, 0.689999997600000, 0.689999997600000 );
#10909 = CARTESIAN_POINT( '', ( -0.160000000000000, 0.185000000000000, -0.0825182600000000 ) );
#10910 = CARTESIAN_POINT( '', ( -0.160000000000000, 0.185000000000000, -0.0174817400000000 ) );
#10911 = VECTOR( '', #12264, 39.3700787402000 );
#10912 = CARTESIAN_POINT( '', ( -0.160000000000000, 0.185000000000000, -0.0825182600000000 ) );
#10913 = VECTOR( '', #12265, 39.3700787402000 );
#10914 = COLOUR_RGB( '', 0.689999997600000, 0.689999997600000, 0.689999997600000 );
#10915 = CARTESIAN_POINT( '', ( 0.175000000000000, 0.335000000000000, 0.0801618717014503 ) );
#10916 = VECTOR( '', #12266, 39.3700787402000 );
#10917 = CARTESIAN_POINT( '', ( 0.237643611701450, 0.335000000000000, 0.0675182600000000 ) );
#10918 = VECTOR( '', #12267, 39.3700787402000 );
#10919 = CARTESIAN_POINT( '', ( 0.184500000000000, 0.335000000000000, 0.0655000000000000 ) );
#10920 = CARTESIAN_POINT( '', ( 0.184500000000000, 0.335000000000000, 0.0345000000000000 ) );
#10921 = VECTOR( '', #12268, 39.3700787402000 );
#10922 = CARTESIAN_POINT( '', ( 0.184500000000000, 0.335000000000000, 0.0655000000000000 ) );
#10923 = VECTOR( '', #12269, 39.3700787402000 );
#10924 = COLOUR_RGB( '', 0.689999997600000, 0.689999997600000, 0.689999997600000 );
#10925 = COLOUR_RGB( '', 0.689999997600000, 0.689999997600000, 0.689999997600000 );
#10926 = CARTESIAN_POINT( '', ( -0.167000000000000, 0.300000000000000, -0.0605000000000000 ) );
#10927 = CARTESIAN_POINT( '', ( -0.167000000000000, 0.300000000000000, -0.0605000000000000 ) );
#10928 = VECTOR( '', #12270, 39.3700787402000 );
#10929 = CARTESIAN_POINT( '', ( -0.184500000000000, 0.300000000000000, -0.0605000000000000 ) );
#10930 = CARTESIAN_POINT( '', ( -0.167000000000000, 0.300000000000000, -0.0605000000000000 ) );
#10931 = VECTOR( '', #12271, 39.3700787402000 );
#10932 = CARTESIAN_POINT( '', ( -0.184500000000000, 0.335000000000000, -0.0605000000000000 ) );
#10933 = VECTOR( '', #12272, 39.3700787402000 );
#10934 = COLOUR_RGB( '', 1.00000000000000, 1.00000000000000, 0.000000000000000 );
#10935 = CARTESIAN_POINT( '', ( 0.215500000000000, -0.0840000000000000, -0.0220000000000000 ) );
#10936 = VECTOR( '', #12273, 39.3700787402000 );
#10937 = COLOUR_RGB( '', 0.689999997600000, 0.689999997600000, 0.689999997600000 );
#10938 = CARTESIAN_POINT( '', ( -0.167000000000000, 0.300000000000000, 0.0605000000000000 ) );
#10939 = VECTOR( '', #12274, 39.3700787402000 );
#10940 = COLOUR_RGB( '', 0.689999997600000, 0.689999997600000, 0.689999997600000 );
#10941 = CARTESIAN_POINT( '', ( -0.184500000000000, 0.300000000000000, -0.0395000000000000 ) );
#10942 = CARTESIAN_POINT( '', ( -0.184500000000000, 0.300000000000000, -0.0345000000000000 ) );
#10943 = VECTOR( '', #12275, 39.3700787402000 );
#10944 = CARTESIAN_POINT( '', ( -0.184500000000000, 0.335000000000000, -0.0395000000000000 ) );
#10945 = VECTOR( '', #12276, 39.3700787402000 );
#10946 = CARTESIAN_POINT( '', ( -0.184500000000000, 0.335000000000000, -0.0345000000000000 ) );
#10947 = VECTOR( '', #12277, 39.3700787402000 );
#10948 = COLOUR_RGB( '', 0.689999997600000, 0.689999997600000, 0.689999997600000 );
#10949 = CARTESIAN_POINT( '', ( 0.133000000000000, 0.300000000000000, 0.0395000000000000 ) );
#10950 = CARTESIAN_POINT( '', ( 0.133000000000000, 0.300000000000000, 0.0605000000000000 ) );
#10951 = VECTOR( '', #12278, 39.3700787402000 );
#10952 = CARTESIAN_POINT( '', ( 0.133000000000000, 0.0200000000000001, 0.0395000000000000 ) );
#10953 = CARTESIAN_POINT( '', ( 0.133000000000000, 0.300000000000000, 0.0395000000000000 ) );
#10954 = VECTOR( '', #12279, 39.3700787402000 );
#10955 = CARTESIAN_POINT( '', ( 0.133000000000000, 0.0200000000000000, 0.250000000000000 ) );
#10956 = VECTOR( '', #12280, 39.3700787402000 );
#10957 = COLOUR_RGB( '', 0.689999997600000, 0.689999997600000, 0.689999997600000 );
#10958 = CARTESIAN_POINT( '', ( -0.0155000000000000, 0.300000000000000, 0.0395000000000000 ) );
#10959 = CARTESIAN_POINT( '', ( -0.0155000000000000, 0.300000000000000, 0.0605000000000000 ) );
#10960 = CARTESIAN_POINT( '', ( -0.0155000000000000, 0.300000000000000, 0.0345000000000000 ) );
#10961 = VECTOR( '', #12281, 39.3700787402000 );
#10962 = CARTESIAN_POINT( '', ( -0.0155000000000000, 0.335000000000000, 0.0395000000000000 ) );
#10963 = VECTOR( '', #12282, 39.3700787402000 );
#10964 = CARTESIAN_POINT( '', ( -0.0155000000000000, 0.335000000000000, 0.0345000000000000 ) );
#10965 = VECTOR( '', #12283, 39.3700787402000 );
#10966 = CARTESIAN_POINT( '', ( -0.0155000000000000, 0.335000000000000, 0.0655000000000000 ) );
#10967 = VECTOR( '', #12284, 39.3700787402000 );
#10968 = CARTESIAN_POINT( '', ( -0.0155000000000000, 0.335000000000000, 0.0605000000000000 ) );
#10969 = VECTOR( '', #12285, 39.3700787402000 );
#10970 = COLOUR_RGB( '', 1.00000000000000, 1.00000000000000, 0.000000000000000 );
#10971 = CARTESIAN_POINT( '', ( -0.184500000000000, 0.000000000000000, 0.193500000000000 ) );
#10972 = CARTESIAN_POINT( '', ( -0.184500000000000, 0.00400000000000000, 0.197500000000000 ) );
#10973 = VECTOR( '', #12286, 39.3700787402000 );
#10974 = CARTESIAN_POINT( '', ( -0.215500000000000, 0.000000000000000, 0.193500000000000 ) );
#10975 = CARTESIAN_POINT( '', ( -0.215500000000000, 0.00400000000000000, 0.197500000000000 ) );
#10976 = VECTOR( '', #12287, 39.3700787402000 );
#10977 = CARTESIAN_POINT( '', ( 0.215500000000000, 0.000000000000000, 0.193500000000000 ) );
#10978 = VECTOR( '', #12288, 39.3700787402000 );
#10979 = COLOUR_RGB( '', 0.689999997600000, 0.689999997600000, 0.689999997600000 );
#10980 = CARTESIAN_POINT( '', ( -0.0400000000000000, 0.185000000000000, -0.0174817400000000 ) );
#10981 = VECTOR( '', #12289, 39.3700787402000 );
#10982 = CARTESIAN_POINT( '', ( -0.0400000000000000, 0.335000000000000, -0.0198381282985497 ) );
#10983 = VECTOR( '', #12290, 39.3700787402000 );
#10984 = COLOUR_RGB( '', 0.689999997600000, 0.689999997600000, 0.689999997600000 );
#10985 = CARTESIAN_POINT( '', ( -0.0600000000000000, 0.185000000000000, -0.0825182600000000 ) );
#10986 = VECTOR( '', #12291, 39.3700787402000 );
#10987 = CARTESIAN_POINT( '', ( -0.0600000000000000, 0.335000000000000, -0.0801618717014503 ) );
#10988 = VECTOR( '', #12292, 39.3700787402000 );
#10989 = COLOUR_RGB( '', 1.00000000000000, 1.00000000000000, 0.000000000000000 );
#10990 = CARTESIAN_POINT( '', ( -0.0845000000000000, -0.0960000000000000, 0.197500000000000 ) );
#10991 = CARTESIAN_POINT( '', ( -0.0845000000000000, -0.0880000000000000, 0.197500000000000 ) );
#10992 = VECTOR( '', #12293, 39.3700787402000 );
#10993 = CARTESIAN_POINT( '', ( 0.215500000000000, -0.0960000000000000, 0.197500000000000 ) );
#10994 = VECTOR( '', #12294, 39.3700787402000 );
#10995 = COLOUR_RGB( '', 0.689999997600000, 0.689999997600000, 0.689999997600000 );
#10996 = AXIS2_PLACEMENT_3D( '', #12295, #12296, #12297 );
#10997 = COLOUR_RGB( '', 0.689999997600000, 0.689999997600000, 0.689999997600000 );
#10998 = CARTESIAN_POINT( '', ( -0.125000000000000, 0.185000000000000, 0.0825182600000000 ) );
#10999 = CARTESIAN_POINT( '', ( -0.0750000000000000, 0.185000000000000, 0.0825182600000000 ) );
#11000 = CARTESIAN_POINT( '', ( -0.125000000000000, 0.185000000000000, 0.0825182600000000 ) );
#11001 = VECTOR( '', #12298, 39.3700787402000 );
#11002 = CARTESIAN_POINT( '', ( -0.0750000000000000, 0.185000000000000, 0.0825182600000000 ) );
#11003 = VECTOR( '', #12299, 39.3700787402000 );
#11004 = CARTESIAN_POINT( '', ( -0.125000000000000, 0.185000000000000, 0.0825182600000000 ) );
#11005 = VECTOR( '', #12300, 39.3700787402000 );
#11006 = COLOUR_RGB( '', 0.689999997600000, 0.689999997600000, 0.689999997600000 );
#11007 = CARTESIAN_POINT( '', ( 0.0845000000000000, 0.300000000000000, -0.0605000000000000 ) );
#11008 = CARTESIAN_POINT( '', ( 0.0845000000000000, 0.300000000000000, -0.0655000000000000 ) );
#11009 = VECTOR( '', #12301, 39.3700787402000 );
#11010 = CARTESIAN_POINT( '', ( 0.133000000000000, 0.300000000000000, -0.0605000000000000 ) );
#11011 = VECTOR( '', #12302, 39.3700787402000 );
#11012 = COLOUR_RGB( '', 1.00000000000000, 1.00000000000000, 0.000000000000000 );
#11013 = CARTESIAN_POINT( '', ( 0.115500000000000, -0.100000000000000, 0.193500000000000 ) );
#11014 = CARTESIAN_POINT( '', ( 0.115500000000000, -0.0960000000000000, 0.197500000000000 ) );
#11015 = VECTOR( '', #12303, 39.3700787402000 );
#11016 = CARTESIAN_POINT( '', ( 0.215500000000000, -0.100000000000000, 0.193500000000000 ) );
#11017 = VECTOR( '', #12304, 39.3700787402000 );
#11018 = COLOUR_RGB( '', 0.689999997600000, 0.689999997600000, 0.689999997600000 );
#11019 = CARTESIAN_POINT( '', ( -0.233000000000000, 0.300000000000000, 0.0395000000000000 ) );
#11020 = VECTOR( '', #12305, 39.3700787402000 );
#11021 = COLOUR_RGB( '', 0.689999997600000, 0.689999997600000, 0.689999997600000 );
#11022 = CARTESIAN_POINT( '', ( -0.215500000000000, 0.335000000000000, -0.0345000000000000 ) );
#11023 = VECTOR( '', #12306, 39.3700787402000 );
#11024 = COLOUR_RGB( '', 0.689999997600000, 0.689999997600000, 0.689999997600000 );
#11025 = COLOUR_RGB( '', 0.689999997600000, 0.689999997600000, 0.689999997600000 );
#11026 = COLOUR_RGB( '', 0.689999997600000, 0.689999997600000, 0.689999997600000 );
#11027 = CARTESIAN_POINT( '', ( -0.215500000000000, 0.335000000000000, 0.0655000000000000 ) );
#11028 = VECTOR( '', #12307, 39.3700787402000 );
#11029 = COLOUR_RGB( '', 0.689999997600000, 0.689999997600000, 0.689999997600000 );
#11030 = CARTESIAN_POINT( '', ( 0.233000000000000, 0.300000000000000, -0.0605000000000000 ) );
#11031 = VECTOR( '', #12308, 39.3700787402000 );
#11032 = CARTESIAN_POINT( '', ( 0.167000000000000, 0.300000000000000, -0.0395000000000000 ) );
#11033 = VECTOR( '', #12309, 39.3700787402000 );
#11034 = COLOUR_RGB( '', 0.689999997600000, 0.689999997600000, 0.689999997600000 );
#11035 = AXIS2_PLACEMENT_3D( '', #12310, #12311, #12312 );
#11036 = COLOUR_RGB( '', 0.689999997600000, 0.689999997600000, 0.689999997600000 );
#11037 = CARTESIAN_POINT( '', ( 0.0600000000000000, 0.185000000000000, -0.0174817400000000 ) );
#11038 = CARTESIAN_POINT( '', ( 0.140000000000000, 0.185000000000000, -0.0174817400000000 ) );
#11039 = CARTESIAN_POINT( '', ( 0.0600000000000000, 0.185000000000000, -0.0174817400000000 ) );
#11040 = VECTOR( '', #12313, 39.3700787402000 );
#11041 = CARTESIAN_POINT( '', ( 0.140000000000000, 0.185000000000000, -0.0174817400000000 ) );
#11042 = VECTOR( '', #12314, 39.3700787402000 );
#11043 = CARTESIAN_POINT( '', ( 0.0600000000000000, 0.185000000000000, -0.0174817400000000 ) );
#11044 = VECTOR( '', #12315, 39.3700787402000 );
#11045 = COLOUR_RGB( '', 0.689999997600000, 0.689999997600000, 0.689999997600000 );
#11046 = COLOUR_RGB( '', 0.689999997600000, 0.689999997600000, 0.689999997600000 );
#11047 = CARTESIAN_POINT( '', ( 0.175000000000000, 0.185000000000000, 0.0825182600000000 ) );
#11048 = VECTOR( '', #12316, 39.3700787402000 );
#11049 = COLOUR_RGB( '', 1.00000000000000, 1.00000000000000, 0.000000000000000 );
#11050 = CARTESIAN_POINT( '', ( -0.115500000000000, 0.000000000000000, 0.0780000000000000 ) );
#11051 = AXIS2_PLACEMENT_3D( '', #12317, #12318, #12319 );
#11052 = CARTESIAN_POINT( '', ( -0.115500000000000, 0.000000000000000, 0.193500000000000 ) );
#11053 = VECTOR( '', #12320, 39.3700787402000 );
#11054 = COLOUR_RGB( '', 0.689999997600000, 0.689999997600000, 0.689999997600000 );
#11055 = CARTESIAN_POINT( '', ( 0.0845000000000000, 0.0200000000000000, -0.0655000000000000 ) );
#11056 = CARTESIAN_POINT( '', ( 0.0845000000000000, 0.335000000000000, -0.0655000000000000 ) );
#11057 = VECTOR( '', #12321, 39.3700787402000 );
#11058 = CARTESIAN_POINT( '', ( 0.140000000000000, 0.0200000000000000, -0.0655000000000000 ) );
#11059 = VECTOR( '', #12322, 39.3700787402000 );
#11060 = COLOUR_RGB( '', 0.689999997600000, 0.689999997600000, 0.689999997600000 );
#11061 = CARTESIAN_POINT( '', ( -0.257500000000000, 0.000000000000000, -0.0975000000000000 ) );
#11062 = VECTOR( '', #12323, 39.3700787402000 );
#11063 = CARTESIAN_POINT( '', ( -0.257500000000000, 0.185000000000000, -0.0975000000000000 ) );
#11064 = VECTOR( '', #12324, 39.3700787402000 );
#11065 = COLOUR_RGB( '', 0.689999997600000, 0.689999997600000, 0.689999997600000 );
#11066 = CARTESIAN_POINT( '', ( 0.125000000000000, 0.185000000000000, 0.0825182600000000 ) );
#11067 = AXIS2_PLACEMENT_3D( '', #12325, #12326, #12327 );
#11068 = CARTESIAN_POINT( '', ( 0.125000000000000, 0.185000000000000, 0.0825182600000000 ) );
#11069 = VECTOR( '', #12328, 39.3700787402000 );
#11070 = COLOUR_RGB( '', 0.689999997600000, 0.689999997600000, 0.689999997600000 );
#11071 = CARTESIAN_POINT( '', ( -0.0155000000000000, 0.300000000000000, -0.0605000000000000 ) );
#11072 = CARTESIAN_POINT( '', ( -0.0155000000000000, 0.335000000000000, -0.0605000000000000 ) );
#11073 = VECTOR( '', #12329, 39.3700787402000 );
#11074 = CARTESIAN_POINT( '', ( -0.0330000000000000, 0.300000000000000, -0.0605000000000000 ) );
#11075 = CARTESIAN_POINT( '', ( 0.0330000000000000, 0.300000000000000, -0.0605000000000000 ) );
#11076 = VECTOR( '', #12330, 39.3700787402000 );
#11077 = CARTESIAN_POINT( '', ( -0.0330000000000000, 0.300000000000000, -0.0605000000000000 ) );
#11078 = VECTOR( '', #12331, 39.3700787402000 );
#11079 = COLOUR_RGB( '', 1.00000000000000, 1.00000000000000, 0.000000000000000 );
#11080 = CARTESIAN_POINT( '', ( -0.215500000000000, -0.100000000000000, 0.193500000000000 ) );
#11081 = CARTESIAN_POINT( '', ( 0.215500000000000, -0.100000000000000, 0.193500000000000 ) );
#11082 = VECTOR( '', #12332, 39.3700787402000 );
#11083 = CARTESIAN_POINT( '', ( -0.215500000000000, -0.100000000000000, -0.0220000000000000 ) );
#11084 = CARTESIAN_POINT( '', ( -0.215500000000000, -0.100000000000000, 0.193500000000000 ) );
#11085 = VECTOR( '', #12333, 39.3700787402000 );
#11086 = CARTESIAN_POINT( '', ( 0.215500000000000, -0.100000000000000, -0.0220000000000000 ) );
#11087 = VECTOR( '', #12334, 39.3700787402000 );
#11088 = COLOUR_RGB( '', 0.689999997600000, 0.689999997600000, 0.689999997600000 );
#11089 = CARTESIAN_POINT( '', ( 0.0600000000000000, 0.185000000000000, 0.0675182600000000 ) );
#11090 = CARTESIAN_POINT( '', ( 0.0600000000000000, 0.185000000000000, 0.0174817400000000 ) );
#11091 = VECTOR( '', #12335, 39.3700787402000 );
#11092 = CARTESIAN_POINT( '', ( 0.0600000000000000, 0.185000000000000, 0.0675182600000000 ) );
#11093 = VECTOR( '', #12336, 39.3700787402000 );
#11094 = COLOUR_RGB( '', 1.00000000000000, 1.00000000000000, 0.000000000000000 );
#11095 = CARTESIAN_POINT( '', ( -0.215500000000000, -0.0840000000000000, 0.193500000000000 ) );
#11096 = CARTESIAN_POINT( '', ( -0.215500000000000, -0.0840000000000000, -0.0220000000000000 ) );
#11097 = VECTOR( '', #12337, 39.3700787402000 );
#11098 = CARTESIAN_POINT( '', ( 0.215500000000000, -0.0840000000000000, 0.193500000000000 ) );
#11099 = VECTOR( '', #12338, 39.3700787402000 );
#11100 = COLOUR_RGB( '', 1.00000000000000, 1.00000000000000, 0.000000000000000 );
#11101 = CARTESIAN_POINT( '', ( 0.215500000000000, -0.0960000000000000, 0.197500000000000 ) );
#11102 = VECTOR( '', #12339, 39.3700787402000 );
#11103 = COLOUR_RGB( '', 1.00000000000000, 1.00000000000000, 0.000000000000000 );
#11104 = CARTESIAN_POINT( '', ( -0.0845000000000000, -0.0840000000000000, -0.0220000000000000 ) );
#11105 = CARTESIAN_POINT( '', ( -0.0845000000000000, -0.0840000000000000, -0.0220000000000000 ) );
#11106 = VECTOR( '', #12340, 39.3700787402000 );
#11107 = CARTESIAN_POINT( '', ( 0.215500000000000, -0.0840000000000000, -0.0220000000000000 ) );
#11108 = VECTOR( '', #12341, 39.3700787402000 );
#11109 = COLOUR_RGB( '', 0.689999997600000, 0.689999997600000, 0.689999997600000 );
#11110 = CARTESIAN_POINT( '', ( -0.240000000000000, 0.000000000000000, -0.000000000000000 ) );
#11111 = VECTOR( '', #12342, 39.3700787402000 );
#11112 = COLOUR_RGB( '', 0.689999997600000, 0.689999997600000, 0.689999997600000 );
#11113 = CARTESIAN_POINT( '', ( -0.225000000000000, 0.185000000000000, 0.0825182600000000 ) );
#11114 = CARTESIAN_POINT( '', ( -0.175000000000000, 0.185000000000000, 0.0825182600000000 ) );
#11115 = CARTESIAN_POINT( '', ( -0.225000000000000, 0.185000000000000, 0.0825182600000000 ) );
#11116 = VECTOR( '', #12343, 39.3700787402000 );
#11117 = CARTESIAN_POINT( '', ( -0.175000000000000, 0.335000000000000, 0.0801618717014503 ) );
#11118 = CARTESIAN_POINT( '', ( -0.175000000000000, 0.185000000000000, 0.0825182600000000 ) );
#11119 = VECTOR( '', #12344, 39.3700787402000 );
#11120 = CARTESIAN_POINT( '', ( -0.225000000000000, 0.335000000000000, 0.0801618717014503 ) );
#11121 = CARTESIAN_POINT( '', ( -0.225000000000000, 0.335000000000000, 0.0801618717014503 ) );
#11122 = VECTOR( '', #12345, 39.3700787402000 );
#11123 = CARTESIAN_POINT( '', ( -0.225000000000000, 0.185000000000000, 0.0825182600000000 ) );
#11124 = VECTOR( '', #12346, 39.3700787402000 );
#11125 = COLOUR_RGB( '', 0.689999997600000, 0.689999997600000, 0.689999997600000 );
#11126 = CARTESIAN_POINT( '', ( -0.0330000000000000, 0.300000000000000, -0.0605000000000000 ) );
#11127 = VECTOR( '', #12347, 39.3700787402000 );
#11128 = COLOUR_RGB( '', 0.689999997600000, 0.689999997600000, 0.689999997600000 );
#11129 = CARTESIAN_POINT( '', ( -0.115500000000000, 0.300000000000000, 0.0345000000000000 ) );
#11130 = VECTOR( '', #12348, 39.3700787402000 );
#11131 = COLOUR_RGB( '', 0.689999997600000, 0.689999997600000, 0.689999997600000 );
#11132 = CARTESIAN_POINT( '', ( 0.140000000000000, 0.0200000000000000, 0.250000000000000 ) );
#11133 = VECTOR( '', #12349, 39.3700787402000 );
#11134 = CARTESIAN_POINT( '', ( 0.0845000000000000, 0.0200000000000000, -0.0605000000000000 ) );
#11135 = CARTESIAN_POINT( '', ( 0.0845000000000000, 0.0200000000000000, 0.250000000000000 ) );
#11136 = VECTOR( '', #12350, 39.3700787402000 );
#11137 = CARTESIAN_POINT( '', ( 0.140000000000000, 0.0200000000000000, -0.0605000000000000 ) );
#11138 = VECTOR( '', #12351, 39.3700787402000 );
#11139 = CARTESIAN_POINT( '', ( 0.0845000000000000, 0.0200000000000000, 0.250000000000000 ) );
#11140 = VECTOR( '', #12352, 39.3700787402000 );
#11141 = CARTESIAN_POINT( '', ( 0.133000000000000, 0.0200000000000001, -0.0605000000000000 ) );
#11142 = CARTESIAN_POINT( '', ( 0.133000000000000, 0.0200000000000000, 0.250000000000000 ) );
#11143 = VECTOR( '', #12353, 39.3700787402000 );
#11144 = CARTESIAN_POINT( '', ( 0.140000000000000, 0.0200000000000000, -0.0605000000000000 ) );
#11145 = VECTOR( '', #12354, 39.3700787402000 );
#11146 = CARTESIAN_POINT( '', ( 0.115500000000000, 0.0200000000000000, 0.0655000000000000 ) );
#11147 = CARTESIAN_POINT( '', ( 0.140000000000000, 0.0200000000000000, 0.0655000000000000 ) );
#11148 = VECTOR( '', #12355, 39.3700787402000 );
#11149 = CARTESIAN_POINT( '', ( 0.115500000000000, 0.0200000000000000, 0.250000000000000 ) );
#11150 = VECTOR( '', #12356, 39.3700787402000 );
#11151 = CARTESIAN_POINT( '', ( 0.115500000000000, 0.0200000000000000, 0.0395000000000000 ) );
#11152 = CARTESIAN_POINT( '', ( 0.140000000000000, 0.0200000000000000, 0.0395000000000000 ) );
#11153 = VECTOR( '', #12357, 39.3700787402000 );
#11154 = CARTESIAN_POINT( '', ( 0.115500000000000, 0.0200000000000000, 0.0345000000000000 ) );
#11155 = CARTESIAN_POINT( '', ( 0.115500000000000, 0.0200000000000000, 0.250000000000000 ) );
#11156 = VECTOR( '', #12358, 39.3700787402000 );
#11157 = CARTESIAN_POINT( '', ( 0.140000000000000, 0.0200000000000000, 0.0345000000000000 ) );
#11158 = VECTOR( '', #12359, 39.3700787402000 );
#11159 = COLOUR_RGB( '', 0.689999997600000, 0.689999997600000, 0.689999997600000 );
#11160 = CARTESIAN_POINT( '', ( 0.0845000000000000, 0.335000000000000, -0.0605000000000000 ) );
#11161 = VECTOR( '', #12360, 39.3700787402000 );
#11162 = COLOUR_RGB( '', 0.689999997600000, 0.689999997600000, 0.689999997600000 );
#11163 = CARTESIAN_POINT( '', ( 0.133000000000000, 0.300000000000000, -0.0605000000000000 ) );
#11164 = VECTOR( '', #12361, 39.3700787402000 );
#11165 = COLOUR_RGB( '', 0.689999997600000, 0.689999997600000, 0.689999997600000 );
#11166 = COLOUR_RGB( '', 0.689999997600000, 0.689999997600000, 0.689999997600000 );
#11167 = COLOUR_RGB( '', 1.00000000000000, 1.00000000000000, 0.000000000000000 );
#11168 = CARTESIAN_POINT( '', ( 0.215500000000000, 0.000000000000000, 0.0780000000000000 ) );
#11169 = CARTESIAN_POINT( '', ( 0.215500000000000, 0.000000000000000, 0.0780000000000000 ) );
#11170 = VECTOR( '', #12362, 39.3700787402000 );
#11171 = CARTESIAN_POINT( '', ( 0.215500000000000, 0.000000000000000, 0.193500000000000 ) );
#11172 = CARTESIAN_POINT( '', ( 0.215500000000000, 0.000000000000000, 0.193500000000000 ) );
#11173 = VECTOR( '', #12363, 39.3700787402000 );
#11174 = CARTESIAN_POINT( '', ( 0.215500000000000, 0.000000000000000, 0.193500000000000 ) );
#11175 = VECTOR( '', #12364, 39.3700787402000 );
#11176 = COLOUR_RGB( '', 0.689999997600000, 0.689999997600000, 0.689999997600000 );
#11177 = CARTESIAN_POINT( '', ( 0.184500000000000, 0.300000000000000, 0.0345000000000000 ) );
#11178 = VECTOR( '', #12365, 39.3700787402000 );
#11179 = CARTESIAN_POINT( '', ( 0.184500000000000, 0.335000000000000, 0.0655000000000000 ) );
#11180 = VECTOR( '', #12366, 39.3700787402000 );
#11181 = COLOUR_RGB( '', 0.689999997600000, 0.689999997600000, 0.689999997600000 );
#11182 = CARTESIAN_POINT( '', ( -0.167000000000000, 0.300000000000000, -0.0395000000000000 ) );
#11183 = CARTESIAN_POINT( '', ( -0.167000000000000, 0.300000000000000, -0.0395000000000000 ) );
#11184 = VECTOR( '', #12367, 39.3700787402000 );
#11185 = CARTESIAN_POINT( '', ( -0.233000000000000, 0.300000000000000, -0.0395000000000000 ) );
#11186 = VECTOR( '', #12368, 39.3700787402000 );
#11187 = COLOUR_RGB( '', 0.689999997600000, 0.689999997600000, 0.689999997600000 );
#11188 = COLOUR_RGB( '', 0.689999997600000, 0.689999997600000, 0.689999997600000 );
#11189 = COLOUR_RGB( '', 1.00000000000000, 1.00000000000000, 0.000000000000000 );
#11190 = CARTESIAN_POINT( '', ( -0.0845000000000000, -0.100000000000000, -0.0219999999999999 ) );
#11191 = CARTESIAN_POINT( '', ( -0.0845000000000000, -0.0640000000000000, -0.0580000000000000 ) );
#11192 = AXIS2_PLACEMENT_3D( '', #12369, #12370, #12371 );
#11193 = CARTESIAN_POINT( '', ( 0.215500000000000, -0.100000000000000, -0.0220000000000000 ) );
#11194 = VECTOR( '', #12372, 39.3700787402000 );
#11195 = CARTESIAN_POINT( '', ( 0.215500000000000, -0.0640000000000000, -0.0580000000000000 ) );
#11196 = VECTOR( '', #12373, 39.3700787402000 );
#11197 = COLOUR_RGB( '', 1.00000000000000, 1.00000000000000, 0.000000000000000 );
#11198 = CARTESIAN_POINT( '', ( 0.184500000000000, -0.0640000000000000, -0.0580000000000000 ) );
#11199 = AXIS2_PLACEMENT_3D( '', #12374, #12375, #12376 );
#11200 = CARTESIAN_POINT( '', ( 0.215500000000000, -0.0640000000000000, -0.0580000000000000 ) );
#11201 = CARTESIAN_POINT( '', ( 0.215500000000000, -0.0640000000000000, -0.0580000000000000 ) );
#11202 = VECTOR( '', #12377, 39.3700787402000 );
#11203 = AXIS2_PLACEMENT_3D( '', #12378, #12379, #12380 );
#11204 = COLOUR_RGB( '', 1.00000000000000, 1.00000000000000, 0.000000000000000 );
#11205 = CARTESIAN_POINT( '', ( 0.215500000000000, 0.000000000000000, 0.0780000000000000 ) );
#11206 = VECTOR( '', #12381, 39.3700787402000 );
#11207 = COLOUR_RGB( '', 1.00000000000000, 1.00000000000000, 0.000000000000000 );
#11208 = CARTESIAN_POINT( '', ( -0.0845000000000000, -0.100000000000000, 0.193500000000000 ) );
#11209 = CARTESIAN_POINT( '', ( -0.0845000000000000, -0.100000000000000, 5.00000000000000 ) );
#11210 = VECTOR( '', #12382, 39.3700787402000 );
#11211 = CARTESIAN_POINT( '', ( 0.215500000000000, -0.100000000000000, 0.193500000000000 ) );
#11212 = VECTOR( '', #12383, 39.3700787402000 );
#11213 = COLOUR_RGB( '', 0.689999997600000, 0.689999997600000, 0.689999997600000 );
#11214 = CARTESIAN_POINT( '', ( -0.167000000000000, 0.300000000000000, -0.0395000000000000 ) );
#11215 = VECTOR( '', #12384, 39.3700787402000 );
#11216 = COLOUR_RGB( '', 0.689999997600000, 0.689999997600000, 0.689999997600000 );
#11217 = COLOUR_RGB( '', 1.00000000000000, 1.00000000000000, 0.000000000000000 );
#11218 = CARTESIAN_POINT( '', ( 0.215500000000000, 0.0980000000000000, -0.0580000000000000 ) );
#11219 = CARTESIAN_POINT( '', ( 0.215500000000000, -0.0640000000000000, -0.0580000000000000 ) );
#11220 = VECTOR( '', #12385, 39.3700787402000 );
#11221 = CARTESIAN_POINT( '', ( 0.215500000000000, 0.0980000000000000, -0.0580000000000000 ) );
#11222 = VECTOR( '', #12386, 39.3700787402000 );
#11223 = AXIS2_PLACEMENT_3D( '', #12387, #12388, #12389 );
#11224 = CARTESIAN_POINT( '', ( 0.215500000000000, 0.00400000000000000, 0.197500000000000 ) );
#11225 = VECTOR( '', #12390, 39.3700787402000 );
#11226 = AXIS2_PLACEMENT_3D( '', #12391, #12392, #12393 );
#11227 = CARTESIAN_POINT( '', ( 0.215500000000000, -0.0840000000000000, -0.0220000000000000 ) );
#11228 = AXIS2_PLACEMENT_3D( '', #12394, #12395, #12396 );
#11229 = CARTESIAN_POINT( '', ( 0.215500000000000, -0.0840000000000000, -0.0220000000000000 ) );
#11230 = VECTOR( '', #12397, 39.3700787402000 );
#11231 = COLOUR_RGB( '', 0.689999997600000, 0.689999997600000, 0.689999997600000 );
#11232 = CARTESIAN_POINT( '', ( -0.0155000000000000, 0.335000000000000, -0.0345000000000000 ) );
#11233 = CARTESIAN_POINT( '', ( -0.0155000000000000, 0.335000000000000, -0.0345000000000000 ) );
#11234 = VECTOR( '', #12398, 39.3700787402000 );
#11235 = CARTESIAN_POINT( '', ( -0.0155000000000000, 0.335000000000000, -0.0345000000000000 ) );
#11236 = VECTOR( '', #12399, 39.3700787402000 );
#11237 = COLOUR_RGB( '', 0.689999997600000, 0.689999997600000, 0.689999997600000 );
#11238 = CARTESIAN_POINT( '', ( -0.0155000000000000, 0.300000000000000, -0.0655000000000000 ) );
#11239 = VECTOR( '', #12400, 39.3700787402000 );
#11240 = COLOUR_RGB( '', 1.00000000000000, 1.00000000000000, 0.000000000000000 );
#11241 = CARTESIAN_POINT( '', ( -0.0845000000000000, -0.0960000000000000, 0.197500000000000 ) );
#11242 = VECTOR( '', #12401, 39.3700787402000 );
#11243 = COLOUR_RGB( '', 0.689999997600000, 0.689999997600000, 0.689999997600000 );
#11244 = COLOUR_RGB( '', 0.689999997600000, 0.689999997600000, 0.689999997600000 );
#11245 = CARTESIAN_POINT( '', ( 0.0400000000000000, 0.185000000000000, -0.0825182600000000 ) );
#11246 = VECTOR( '', #12402, 39.3700787402000 );
#11247 = CARTESIAN_POINT( '', ( 0.0400000000000000, 0.335000000000000, -0.0801618717014503 ) );
#11248 = VECTOR( '', #12403, 39.3700787402000 );
#11249 = COLOUR_RGB( '', 1.00000000000000, 1.00000000000000, 0.000000000000000 );
#11250 = CARTESIAN_POINT( '', ( -0.215500000000000, -0.0880000000000000, 0.197500000000000 ) );
#11251 = CARTESIAN_POINT( '', ( 0.215500000000000, -0.0880000000000000, 0.197500000000000 ) );
#11252 = VECTOR( '', #12404, 39.3700787402000 );
#11253 = CARTESIAN_POINT( '', ( -0.215500000000000, -0.0960000000000000, 0.197500000000000 ) );
#11254 = CARTESIAN_POINT( '', ( -0.215500000000000, -0.0880000000000000, 0.197500000000000 ) );
#11255 = VECTOR( '', #12405, 39.3700787402000 );
#11256 = CARTESIAN_POINT( '', ( 0.215500000000000, -0.0960000000000000, 0.197500000000000 ) );
#11257 = VECTOR( '', #12406, 39.3700787402000 );
#11258 = COLOUR_RGB( '', 1.00000000000000, 1.00000000000000, 0.000000000000000 );
#11259 = CARTESIAN_POINT( '', ( -0.215500000000000, -0.0840000000000000, 0.193500000000000 ) );
#11260 = VECTOR( '', #12407, 39.3700787402000 );
#11261 = COLOUR_RGB( '', 0.689999997600000, 0.689999997600000, 0.689999997600000 );
#11262 = CARTESIAN_POINT( '', ( 0.0600000000000000, 0.185000000000000, -0.0825182600000000 ) );
#11263 = VECTOR( '', #12408, 39.3700787402000 );
#11264 = COLOUR_RGB( '', 0.689999997600000, 0.689999997600000, 0.689999997600000 );
#11265 = CARTESIAN_POINT( '', ( -0.160000000000000, 0.185000000000000, -0.0825182600000000 ) );
#11266 = VECTOR( '', #12409, 39.3700787402000 );
#11267 = COLOUR_RGB( '', 0.689999997600000, 0.689999997600000, 0.689999997600000 );
#11268 = AXIS2_PLACEMENT_3D( '', #12410, #12411, #12412 );
#11269 = AXIS2_PLACEMENT_3D( '', #12413, #12414, #12415 );
#11270 = COLOUR_RGB( '', 0.689999997600000, 0.689999997600000, 0.689999997600000 );
#11271 = COLOUR_RGB( '', 1.00000000000000, 1.00000000000000, 0.000000000000000 );
#11272 = CARTESIAN_POINT( '', ( 0.0155000000000000, 0.0160000000000000, 0.0780000000000000 ) );
#11273 = AXIS2_PLACEMENT_3D( '', #12416, #12417, #12418 );
#11274 = CARTESIAN_POINT( '', ( 0.0155000000000000, 0.0160000000000000, 0.193500000000000 ) );
#11275 = CARTESIAN_POINT( '', ( 0.0155000000000000, 0.0160000000000000, 0.0780000000000000 ) );
#11276 = VECTOR( '', #12419, 39.3700787402000 );
#11277 = CARTESIAN_POINT( '', ( 0.0155000000000000, 0.0120000000000000, 0.197500000000000 ) );
#11278 = CARTESIAN_POINT( '', ( 0.0155000000000000, 0.0160000000000000, 0.193500000000000 ) );
#11279 = VECTOR( '', #12420, 39.3700787402000 );
#11280 = CARTESIAN_POINT( '', ( 0.0155000000000000, 0.00399999999999999, 0.197500000000000 ) );
#11281 = CARTESIAN_POINT( '', ( 0.0155000000000000, 0.0120000000000000, 0.197500000000000 ) );
#11282 = VECTOR( '', #12421, 39.3700787402000 );
#11283 = CARTESIAN_POINT( '', ( 0.0155000000000000, 0.00400000000000000, 0.197500000000000 ) );
#11284 = VECTOR( '', #12422, 39.3700787402000 );
#11285 = CARTESIAN_POINT( '', ( 0.0155000000000000, 0.0360000000000000, 0.0420000000000000 ) );
#11286 = VECTOR( '', #12423, 39.3700787402000 );
#11287 = COLOUR_RGB( '', 1.00000000000000, 1.00000000000000, 0.000000000000000 );
#11288 = COLOUR_RGB( '', 0.689999997600000, 0.689999997600000, 0.689999997600000 );
#11289 = CARTESIAN_POINT( '', ( 0.257500000000000, 0.185000000000000, 0.0975000000000000 ) );
#11290 = VECTOR( '', #12424, 39.3700787402000 );
#11291 = AXIS2_PLACEMENT_3D( '', #12425, #12426, #12427 );
#11292 = AXIS2_PLACEMENT_3D( '', #12428, #12429, #12430 );
#11293 = CARTESIAN_POINT( '', ( 0.0750000000000000, 0.185000000000000, 0.0825182600000000 ) );
#11294 = AXIS2_PLACEMENT_3D( '', #12431, #12432, #12433 );
#11295 = CARTESIAN_POINT( '', ( 0.0750000000000000, 0.185000000000000, 0.0825182600000000 ) );
#11296 = VECTOR( '', #12434, 39.3700787402000 );
#11297 = CARTESIAN_POINT( '', ( 0.240000000000000, 0.185000000000000, 0.0675182600000000 ) );
#11298 = VECTOR( '', #12435, 39.3700787402000 );
#11299 = CARTESIAN_POINT( '', ( -0.140000000000000, 0.185000000000000, -0.0174817400000000 ) );
#11300 = VECTOR( '', #12436, 39.3700787402000 );
#11301 = CARTESIAN_POINT( '', ( 0.140000000000000, 0.185000000000000, -0.0174817400000000 ) );
#11302 = VECTOR( '', #12437, 39.3700787402000 );
#11303 = CARTESIAN_POINT( '', ( 0.160000000000000, 0.185000000000000, -0.0174817400000000 ) );
#11304 = CARTESIAN_POINT( '', ( 0.160000000000000, 0.185000000000000, -0.0174817400000000 ) );
#11305 = VECTOR( '', #12438, 39.3700787402000 );
#11306 = CARTESIAN_POINT( '', ( 0.160000000000000, 0.185000000000000, -0.0825182600000000 ) );
#11307 = VECTOR( '', #12439, 39.3700787402000 );
#11308 = COLOUR_RGB( '', 0.689999997600000, 0.689999997600000, 0.689999997600000 );
#11309 = COLOUR_RGB( '', 0.689999997600000, 0.689999997600000, 0.689999997600000 );
#11310 = COLOUR_RGB( '', 0.689999997600000, 0.689999997600000, 0.689999997600000 );
#11311 = AXIS2_PLACEMENT_3D( '', #12440, #12441, #12442 );
#11312 = CARTESIAN_POINT( '', ( -0.184500000000000, 0.335000000000000, 0.0345000000000000 ) );
#11313 = VECTOR( '', #12443, 39.3700787402000 );
#11314 = COLOUR_RGB( '', 0.689999997600000, 0.689999997600000, 0.689999997600000 );
#11315 = CARTESIAN_POINT( '', ( 0.184500000000000, 0.335000000000000, -0.0605000000000000 ) );
#11316 = VECTOR( '', #12444, 39.3700787402000 );
#11317 = CARTESIAN_POINT( '', ( 0.184500000000000, 0.335000000000000, -0.0655000000000000 ) );
#11318 = VECTOR( '', #12445, 39.3700787402000 );
#11319 = COLOUR_RGB( '', 0.689999997600000, 0.689999997600000, 0.689999997600000 );
#11320 = COLOUR_RGB( '', 0.689999997600000, 0.689999997600000, 0.689999997600000 );
#11321 = CARTESIAN_POINT( '', ( 0.115500000000000, 0.335000000000000, 0.0345000000000000 ) );
#11322 = VECTOR( '', #12446, 39.3700787402000 );
#11323 = COLOUR_RGB( '', 0.689999997600000, 0.689999997600000, 0.689999997600000 );
#11324 = COLOUR_RGB( '', 0.689999997600000, 0.689999997600000, 0.689999997600000 );
#11325 = COLOUR_RGB( '', 0.689999997600000, 0.689999997600000, 0.689999997600000 );
#11326 = CARTESIAN_POINT( '', ( 0.115500000000000, 0.300000000000000, 0.0395000000000000 ) );
#11327 = CARTESIAN_POINT( '', ( 0.133000000000000, 0.300000000000000, 0.0395000000000000 ) );
#11328 = VECTOR( '', #12447, 39.3700787402000 );
#11329 = CARTESIAN_POINT( '', ( 0.115500000000000, 0.335000000000000, 0.0395000000000000 ) );
#11330 = VECTOR( '', #12448, 39.3700787402000 );
#11331 = COLOUR_RGB( '', 0.689999997600000, 0.689999997600000, 0.689999997600000 );
#11332 = CARTESIAN_POINT( '', ( -0.0330000000000000, 0.300000000000000, 0.0605000000000000 ) );
#11333 = CARTESIAN_POINT( '', ( -0.0330000000000000, 0.300000000000000, 0.0605000000000000 ) );
#11334 = VECTOR( '', #12449, 39.3700787402000 );
#11335 = CARTESIAN_POINT( '', ( -0.0330000000000000, 0.300000000000000, 0.0395000000000000 ) );
#11336 = CARTESIAN_POINT( '', ( -0.0330000000000000, 0.300000000000000, 0.0395000000000000 ) );
#11337 = VECTOR( '', #12450, 39.3700787402000 );
#11338 = CARTESIAN_POINT( '', ( 0.0330000000000000, 0.300000000000000, 0.0395000000000000 ) );
#11339 = VECTOR( '', #12451, 39.3700787402000 );
#11340 = COLOUR_RGB( '', 0.689999997600000, 0.689999997600000, 0.689999997600000 );
#11341 = COLOUR_RGB( '', 1.00000000000000, 1.00000000000000, 0.000000000000000 );
#11342 = COLOUR_RGB( '', 0.689999997600000, 0.689999997600000, 0.689999997600000 );
#11343 = CARTESIAN_POINT( '', ( 0.160000000000000, 0.185000000000000, -0.0174817400000000 ) );
#11344 = VECTOR( '', #12452, 39.3700787402000 );
#11345 = COLOUR_RGB( '', 0.689999997600000, 0.689999997600000, 0.689999997600000 );
#11346 = COLOUR_RGB( '', 1.00000000000000, 1.00000000000000, 0.000000000000000 );
#11347 = CARTESIAN_POINT( '', ( 0.184500000000000, -0.0840000000000000, -0.0220000000000000 ) );
#11348 = AXIS2_PLACEMENT_3D( '', #12453, #12454, #12455 );
#11349 = CARTESIAN_POINT( '', ( 0.215500000000000, -0.0840000000000000, -0.0220000000000000 ) );
#11350 = VECTOR( '', #12456, 39.3700787402000 );
#11351 = COLOUR_RGB( '', 1.00000000000000, 1.00000000000000, 0.000000000000000 );
#11352 = CARTESIAN_POINT( '', ( -0.184500000000000, 0.000000000000000, 0.0780000000000000 ) );
#11353 = CARTESIAN_POINT( '', ( -0.184500000000000, 0.000000000000000, 0.193500000000000 ) );
#11354 = VECTOR( '', #12457, 39.3700787402000 );
#11355 = CARTESIAN_POINT( '', ( -0.184500000000000, 0.0360000000000000, 0.0420000000000000 ) );
#11356 = AXIS2_PLACEMENT_3D( '', #12458, #12459, #12460 );
#11357 = CARTESIAN_POINT( '', ( -0.184500000000000, 0.0360000000000000, 0.0420000000000000 ) );
#11358 = VECTOR( '', #12461, 39.3700787402000 );
#11359 = COLOUR_RGB( '', 1.00000000000000, 1.00000000000000, 0.000000000000000 );
#11360 = CARTESIAN_POINT( '', ( 0.184500000000000, -0.0840000000000000, -0.0220000000000000 ) );
#11361 = VECTOR( '', #12462, 39.3700787402000 );
#11362 = COLOUR_RGB( '', 0.689999997600000, 0.689999997600000, 0.689999997600000 );
#11363 = COLOUR_RGB( '', 1.00000000000000, 1.00000000000000, 0.000000000000000 );
#11364 = CARTESIAN_POINT( '', ( -0.0845000000000000, 0.000000000000000, 0.0780000000000000 ) );
#11365 = AXIS2_PLACEMENT_3D( '', #12463, #12464, #12465 );
#11366 = CARTESIAN_POINT( '', ( 0.215500000000000, 0.000000000000000, 0.0780000000000000 ) );
#11367 = VECTOR( '', #12466, 39.3700787402000 );
#11368 = COLOUR_RGB( '', 1.00000000000000, 1.00000000000000, 0.000000000000000 );
#11369 = CARTESIAN_POINT( '', ( -0.0155000000000000, 0.0160000000000000, 0.0780000000000000 ) );
#11370 = CARTESIAN_POINT( '', ( 0.215500000000000, 0.0160000000000000, 0.0780000000000000 ) );
#11371 = VECTOR( '', #12467, 39.3700787402000 );
#11372 = AXIS2_PLACEMENT_3D( '', #12468, #12469, #12470 );
#11373 = COLOUR_RGB( '', 0.689999997600000, 0.689999997600000, 0.689999997600000 );
#11374 = COLOUR_RGB( '', 0.689999997600000, 0.689999997600000, 0.689999997600000 );
#11375 = CARTESIAN_POINT( '', ( 0.115500000000000, 0.335000000000000, 0.0655000000000000 ) );
#11376 = VECTOR( '', #12471, 39.3700787402000 );
#11377 = COLOUR_RGB( '', 0.689999997600000, 0.689999997600000, 0.689999997600000 );
#11378 = CARTESIAN_POINT( '', ( -0.140000000000000, 0.335000000000000, -0.0198381282985497 ) );
#11379 = VECTOR( '', #12472, 39.3700787402000 );
#11380 = COLOUR_RGB( '', 1.00000000000000, 1.00000000000000, 0.000000000000000 );
#11381 = CARTESIAN_POINT( '', ( -0.215500000000000, 0.0360000000000000, 0.0420000000000000 ) );
#11382 = CARTESIAN_POINT( '', ( -0.215500000000000, 0.0360000000000000, 0.0420000000000000 ) );
#11383 = VECTOR( '', #12473, 39.3700787402000 );
#11384 = CARTESIAN_POINT( '', ( -0.215500000000000, 0.000000000000000, 0.0780000000000000 ) );
#11385 = AXIS2_PLACEMENT_3D( '', #12474, #12475, #12476 );
#11386 = CARTESIAN_POINT( '', ( -0.215500000000000, 0.000000000000000, 0.193500000000000 ) );
#11387 = VECTOR( '', #12477, 39.3700787402000 );
#11388 = CARTESIAN_POINT( '', ( -0.215500000000000, 0.0980000000000000, -0.0580000000000000 ) );
#11389 = CARTESIAN_POINT( '', ( -0.215500000000000, 0.0980000000000000, -0.0580000000000000 ) );
#11390 = VECTOR( '', #12478, 39.3700787402000 );
#11391 = CARTESIAN_POINT( '', ( -0.215500000000000, -0.0640000000000000, -0.0580000000000000 ) );
#11392 = CARTESIAN_POINT( '', ( -0.215500000000000, -0.0640000000000000, -0.0580000000000000 ) );
#11393 = VECTOR( '', #12479, 39.3700787402000 );
#11394 = AXIS2_PLACEMENT_3D( '', #12480, #12481, #12482 );
#11395 = CARTESIAN_POINT( '', ( -0.215500000000000, -0.0960000000000000, 0.197500000000000 ) );
#11396 = VECTOR( '', #12483, 39.3700787402000 );
#11397 = COLOUR_RGB( '', 1.00000000000000, 1.00000000000000, 0.000000000000000 );
#11398 = CARTESIAN_POINT( '', ( 0.215500000000000, 0.0360000000000000, 0.0420000000000000 ) );
#11399 = VECTOR( '', #12484, 39.3700787402000 );
#11400 = COLOUR_RGB( '', 1.00000000000000, 1.00000000000000, 0.000000000000000 );
#11401 = CARTESIAN_POINT( '', ( 0.115500000000000, -0.100000000000000, 5.00000000000000 ) );
#11402 = VECTOR( '', #12485, 39.3700787402000 );
#11403 = COLOUR_RGB( '', 1.00000000000000, 1.00000000000000, 0.000000000000000 );
#11404 = CARTESIAN_POINT( '', ( -0.0845000000000000, 0.000000000000000, 0.193500000000000 ) );
#11405 = VECTOR( '', #12486, 39.3700787402000 );
#11406 = COLOUR_RGB( '', 0.689999997600000, 0.689999997600000, 0.689999997600000 );
#11407 = CARTESIAN_POINT( '', ( 0.115500000000000, 0.300000000000000, 0.0655000000000000 ) );
#11408 = VECTOR( '', #12487, 39.3700787402000 );
#11409 = COLOUR_RGB( '', 0.689999997600000, 0.689999997600000, 0.689999997600000 );
#11410 = COLOUR_RGB( '', 0.689999997600000, 0.689999997600000, 0.689999997600000 );
#11411 = CARTESIAN_POINT( '', ( -0.115500000000000, 0.300000000000000, -0.0395000000000000 ) );
#11412 = CARTESIAN_POINT( '', ( -0.133000000000000, 0.300000000000000, -0.0395000000000000 ) );
#11413 = VECTOR( '', #12488, 39.3700787402000 );
#11414 = CARTESIAN_POINT( '', ( -0.115500000000000, 0.335000000000000, -0.0395000000000000 ) );
#11415 = VECTOR( '', #12489, 39.3700787402000 );
#11416 = COLOUR_RGB( '', 1.00000000000000, 1.00000000000000, 0.000000000000000 );
#11417 = CARTESIAN_POINT( '', ( 0.215500000000000, -0.0640000000000000, -0.0420000000000000 ) );
#11418 = VECTOR( '', #12490, 39.3700787402000 );
#11419 = COLOUR_RGB( '', 0.689999997600000, 0.689999997600000, 0.689999997600000 );
#11420 = CARTESIAN_POINT( '', ( -0.115500000000000, 0.300000000000000, -0.0655000000000000 ) );
#11421 = VECTOR( '', #12491, 39.3700787402000 );
#11422 = COLOUR_RGB( '', 1.00000000000000, 1.00000000000000, 0.000000000000000 );
#11423 = CARTESIAN_POINT( '', ( -0.0155000000000000, 0.0160000000000000, 0.193500000000000 ) );
#11424 = CARTESIAN_POINT( '', ( -0.0155000000000000, 0.0160000000000000, 0.0780000000000000 ) );
#11425 = VECTOR( '', #12492, 39.3700787402000 );
#11426 = CARTESIAN_POINT( '', ( 0.215500000000000, 0.0160000000000000, 0.193500000000000 ) );
#11427 = VECTOR( '', #12493, 39.3700787402000 );
#11428 = COLOUR_RGB( '', 0.689999997600000, 0.689999997600000, 0.689999997600000 );
#11429 = COLOUR_RGB( '', 1.00000000000000, 1.00000000000000, 0.000000000000000 );
#11430 = CARTESIAN_POINT( '', ( -0.0845000000000000, -0.0640000000000000, -0.0580000000000000 ) );
#11431 = VECTOR( '', #12494, 39.3700787402000 );
#11432 = AXIS2_PLACEMENT_3D( '', #12495, #12496, #12497 );
#11433 = COLOUR_RGB( '', 0.689999997600000, 0.689999997600000, 0.689999997600000 );
#11434 = CARTESIAN_POINT( '', ( 0.0750000000000000, 0.185000000000000, 0.0825182600000000 ) );
#11435 = VECTOR( '', #12498, 39.3700787402000 );
#11436 = COLOUR_RGB( '', 0.689999997600000, 0.689999997600000, 0.689999997600000 );
#11437 = CARTESIAN_POINT( '', ( -0.115500000000000, 0.335000000000000, -0.0655000000000000 ) );
#11438 = CARTESIAN_POINT( '', ( -0.115500000000000, 0.335000000000000, -0.0655000000000000 ) );
#11439 = VECTOR( '', #12499, 39.3700787402000 );
#11440 = CARTESIAN_POINT( '', ( -0.0845000000000000, 0.335000000000000, -0.0655000000000000 ) );
#11441 = VECTOR( '', #12500, 39.3700787402000 );
#11442 = COLOUR_RGB( '', 0.689999997600000, 0.689999997600000, 0.689999997600000 );
#11443 = COLOUR_RGB( '', 0.689999997600000, 0.689999997600000, 0.689999997600000 );
#11444 = CARTESIAN_POINT( '', ( -0.115500000000000, 0.335000000000000, -0.0655000000000000 ) );
#11445 = VECTOR( '', #12501, 39.3700787402000 );
#11446 = COLOUR_RGB( '', 0.689999997600000, 0.689999997600000, 0.689999997600000 );
#11447 = COLOUR_RGB( '', 0.689999997600000, 0.689999997600000, 0.689999997600000 );
#11448 = COLOUR_RGB( '', 0.689999997600000, 0.689999997600000, 0.689999997600000 );
#11449 = CARTESIAN_POINT( '', ( -0.0155000000000000, 0.335000000000000, -0.0655000000000000 ) );
#11450 = VECTOR( '', #12502, 39.3700787402000 );
#11451 = COLOUR_RGB( '', 0.689999997600000, 0.689999997600000, 0.689999997600000 );
#11452 = COLOUR_RGB( '', 1.00000000000000, 1.00000000000000, 0.000000000000000 );
#11453 = CARTESIAN_POINT( '', ( -0.0155000000000000, 0.00399999999999999, 0.197500000000000 ) );
#11454 = CARTESIAN_POINT( '', ( 0.215500000000000, 0.00400000000000000, 0.197500000000000 ) );
#11455 = VECTOR( '', #12503, 39.3700787402000 );
#11456 = CARTESIAN_POINT( '', ( -0.0155000000000000, 0.00400000000000000, 0.197500000000000 ) );
#11457 = VECTOR( '', #12504, 39.3700787402000 );
#11458 = COLOUR_RGB( '', 0.689999997600000, 0.689999997600000, 0.689999997600000 );
#11459 = COLOUR_RGB( '', 1.00000000000000, 1.00000000000000, 0.000000000000000 );
#11460 = COLOUR_RGB( '', 0.689999997600000, 0.689999997600000, 0.689999997600000 );
#11461 = COLOUR_RGB( '', 1.00000000000000, 1.00000000000000, 0.000000000000000 );
#11462 = COLOUR_RGB( '', 1.00000000000000, 1.00000000000000, 0.000000000000000 );
#11463 = CARTESIAN_POINT( '', ( 0.215500000000000, 0.0980000000000000, -0.0580000000000000 ) );
#11464 = VECTOR( '', #12505, 39.3700787402000 );
#11465 = COLOUR_RGB( '', 0.689999997600000, 0.689999997600000, 0.689999997600000 );
#11466 = COLOUR_RGB( '', 1.00000000000000, 1.00000000000000, 0.000000000000000 );
#11467 = CARTESIAN_POINT( '', ( 0.215500000000000, 0.000000000000000, 0.0780000000000000 ) );
#11468 = VECTOR( '', #12506, 39.3700787402000 );
#11469 = COLOUR_RGB( '', 1.00000000000000, 1.00000000000000, 0.000000000000000 );
#11470 = CARTESIAN_POINT( '', ( -0.0155000000000000, 0.0120000000000000, 0.197500000000000 ) );
#11471 = CARTESIAN_POINT( '', ( 0.215500000000000, 0.0120000000000000, 0.197500000000000 ) );
#11472 = VECTOR( '', #12507, 39.3700787402000 );
#11473 = CARTESIAN_POINT( '', ( -0.0155000000000000, 0.0120000000000000, 0.197500000000000 ) );
#11474 = VECTOR( '', #12508, 39.3700787402000 );
#11475 = COLOUR_RGB( '', 0.689999997600000, 0.689999997600000, 0.689999997600000 );
#11476 = COLOUR_RGB( '', 1.00000000000000, 1.00000000000000, 0.000000000000000 );
#11477 = COLOUR_RGB( '', 0.689999997600000, 0.689999997600000, 0.689999997600000 );
#11478 = COLOUR_RGB( '', 1.00000000000000, 1.00000000000000, 0.000000000000000 );
#11479 = COLOUR_RGB( '', 1.00000000000000, 1.00000000000000, 0.000000000000000 );
#11480 = COLOUR_RGB( '', 0.689999997600000, 0.689999997600000, 0.689999997600000 );
#11481 = COLOUR_RGB( '', 1.00000000000000, 1.00000000000000, 0.000000000000000 );
#11482 = CARTESIAN_POINT( '', ( 0.184500000000000, -0.0640000000000000, -0.0580000000000000 ) );
#11483 = VECTOR( '', #12509, 39.3700787402000 );
#11484 = CARTESIAN_POINT( '', ( 0.115500000000000, -0.0640000000000000, -0.0580000000000000 ) );
#11485 = VECTOR( '', #12510, 39.3700787402000 );
#11486 = CARTESIAN_POINT( '', ( 0.215500000000000, -0.0640000000000000, -0.0580000000000000 ) );
#11487 = VECTOR( '', #12511, 39.3700787402000 );
#11488 = COLOUR_RGB( '', 1.00000000000000, 1.00000000000000, 0.000000000000000 );
#11489 = COLOUR_RGB( '', 1.00000000000000, 1.00000000000000, 0.000000000000000 );
#11490 = COLOUR_RGB( '', 0.689999997600000, 0.689999997600000, 0.689999997600000 );
#11491 = CARTESIAN_POINT( '', ( -0.0330000000000000, 0.300000000000000, 0.0395000000000000 ) );
#11492 = VECTOR( '', #12512, 39.3700787402000 );
#11493 = CARTESIAN_POINT( '', ( -0.0330000000000000, 0.300000000000000, 0.0605000000000000 ) );
#11494 = VECTOR( '', #12513, 39.3700787402000 );
#11495 = COLOUR_RGB( '', 0.689999997600000, 0.689999997600000, 0.689999997600000 );
#11496 = COLOUR_RGB( '', 1.00000000000000, 1.00000000000000, 0.000000000000000 );
#11497 = CARTESIAN_POINT( '', ( -0.0155000000000000, 0.0360000000000000, 0.0420000000000000 ) );
#11498 = VECTOR( '', #12514, 39.3700787402000 );
#11499 = COLOUR_RGB( '', 0.689999997600000, 0.689999997600000, 0.689999997600000 );
#11500 = COLOUR_RGB( '', 1.00000000000000, 1.00000000000000, 0.000000000000000 );
#11501 = CARTESIAN_POINT( '', ( -0.0155000000000000, 0.0160000000000000, 0.193500000000000 ) );
#11502 = VECTOR( '', #12515, 39.3700787402000 );
#11503 = COLOUR_RGB( '', 1.00000000000000, 1.00000000000000, 0.000000000000000 );
#11504 = COLOUR_RGB( '', 0.689999997600000, 0.689999997600000, 0.689999997600000 );
#11505 = COLOUR_RGB( '', 1.00000000000000, 1.00000000000000, 0.000000000000000 );
#11506 = COLOUR_RGB( '', 0.689999997600000, 0.689999997600000, 0.689999997600000 );
#11507 = COLOUR_RGB( '', 1.00000000000000, 1.00000000000000, 0.000000000000000 );
#11508 = COLOUR_RGB( '', 1.00000000000000, 1.00000000000000, 0.000000000000000 );
#11509 = COLOUR_RGB( '', 1.00000000000000, 1.00000000000000, 0.000000000000000 );
#11510 = COLOUR_RGB( '', 0.689999997600000, 0.689999997600000, 0.689999997600000 );
#11511 = COLOUR_RGB( '', 0.689999997600000, 0.689999997600000, 0.689999997600000 );
#11512 = COLOUR_RGB( '', 0.689999997600000, 0.689999997600000, 0.689999997600000 );
#11513 = COLOUR_RGB( '', 0.689999997600000, 0.689999997600000, 0.689999997600000 );
#11514 = DIRECTION( '', ( 0.000000000000000, 1.00000000000000, 0.000000000000000 ) );
#11515 = DIRECTION( '', ( -0.000000000000000, -0.000000000000000, -1.00000000000000 ) );
#11516 = DIRECTION( '', ( 0.000000000000000, -1.00000000000000, 0.000000000000000 ) );
#11517 = DIRECTION( '', ( 0.000000000000000, 0.000000000000000, -1.00000000000000 ) );
#11518 = DIRECTION( '', ( 0.000000000000000, -1.00000000000000, 0.000000000000000 ) );
#11519 = DIRECTION( '', ( -1.00000000000000, -0.000000000000000, -0.000000000000000 ) );
#11520 = DIRECTION( '', ( 0.000000000000000, 1.00000000000000, 0.000000000000000 ) );
#11521 = DIRECTION( '', ( -1.00000000000000, -0.000000000000000, -0.000000000000000 ) );
#11522 = DIRECTION( '', ( 0.000000000000000, 0.000000000000000, -1.00000000000000 ) );
#11523 = DIRECTION( '', ( 0.000000000000000, 1.00000000000000, 0.000000000000000 ) );
#11524 = DIRECTION( '', ( 0.000000000000000, 0.000000000000000, -1.00000000000000 ) );
#11525 = DIRECTION( '', ( 0.000000000000000, -1.00000000000000, 0.000000000000000 ) );
#11526 = DIRECTION( '', ( 0.000000000000000, 0.000000000000000, -1.00000000000000 ) );
#11527 = DIRECTION( '', ( -0.000000000000000, -1.00000000000000, -0.000000000000000 ) );
#11528 = DIRECTION( '', ( 0.000000000000000, 0.000000000000000, -1.00000000000000 ) );
#11529 = DIRECTION( '', ( -0.000000000000000, -1.00000000000000, -0.000000000000000 ) );
#11530 = DIRECTION( '', ( 1.00000000000000, 0.000000000000000, 0.000000000000000 ) );
#11531 = DIRECTION( '', ( 0.0157053800170626, -0.999753310610692, 0.0157053800170626 ) );
#11532 = DIRECTION( '', ( -1.00000000000000, 0.000000000000000, 0.000000000000000 ) );
#11533 = DIRECTION( '', ( -0.0157053800170626, -0.999753310610692, 0.0157053800170626 ) );
#11534 = DIRECTION( '', ( 0.000000000000000, -0.707106781186547, 0.707106781186548 ) );
#11535 = DIRECTION( '', ( -1.00000000000000, -0.000000000000000, -0.000000000000000 ) );
#11536 = DIRECTION( '', ( 0.000000000000000, 0.707106781186547, -0.707106781186548 ) );
#11537 = DIRECTION( '', ( -1.00000000000000, -0.000000000000000, -0.000000000000000 ) );
#11538 = DIRECTION( '', ( 0.000000000000000, 0.000000000000000, -1.00000000000000 ) );
#11539 = DIRECTION( '', ( 0.0157053800170626, -0.999753310610692, -0.0157053800170626 ) );
#11540 = DIRECTION( '', ( 0.000000000000000, 0.000000000000000, 1.00000000000000 ) );
#11541 = DIRECTION( '', ( 0.0157073173118207, -0.999876632481661, -0.000000000000000 ) );
#11542 = DIRECTION( '', ( -0.000000000000000, -1.00000000000000, -0.000000000000000 ) );
#11543 = DIRECTION( '', ( -1.00000000000000, 0.000000000000000, 0.000000000000000 ) );
#11544 = DIRECTION( '', ( 0.000000000000000, 1.00000000000000, 0.000000000000000 ) );
#11545 = DIRECTION( '', ( -1.00000000000000, 0.000000000000000, 0.000000000000000 ) );
#11546 = DIRECTION( '', ( 0.000000000000000, 0.000000000000000, -1.00000000000000 ) );
#11547 = DIRECTION( '', ( -1.00000000000000, -0.000000000000000, -0.000000000000000 ) );
#11548 = DIRECTION( '', ( 0.000000000000000, 0.000000000000000, 1.00000000000000 ) );
#11549 = DIRECTION( '', ( -1.00000000000000, -0.000000000000000, -0.000000000000000 ) );
#11550 = DIRECTION( '', ( 0.000000000000000, -1.00000000000000, 0.000000000000000 ) );
#11551 = CARTESIAN_POINT( '', ( 0.115500000000000, 0.0360000000000000, 0.0780000000000000 ) );
#11552 = DIRECTION( '', ( 1.00000000000000, 0.000000000000000, -0.000000000000000 ) );
#11553 = DIRECTION( '', ( -0.000000000000000, 0.000000000000000, -1.00000000000000 ) );
#11554 = DIRECTION( '', ( 0.000000000000000, 0.000000000000000, 1.00000000000000 ) );
#11555 = DIRECTION( '', ( 0.000000000000000, -0.707106781186547, 0.707106781186548 ) );
#11556 = DIRECTION( '', ( 0.000000000000000, -0.707106781186546, -0.707106781186548 ) );
#11557 = DIRECTION( '', ( 0.000000000000000, 0.000000000000000, -1.00000000000000 ) );
#11558 = CARTESIAN_POINT( '', ( 0.115500000000000, 0.0360000000000000, 0.0780000000000000 ) );
#11559 = DIRECTION( '', ( 1.00000000000000, 0.000000000000000, -0.000000000000000 ) );
#11560 = DIRECTION( '', ( -0.000000000000000, 0.000000000000000, -1.00000000000000 ) );
#11561 = DIRECTION( '', ( -0.000000000000000, 1.00000000000000, 0.000000000000000 ) );
#11562 = DIRECTION( '', ( -0.000000000000000, -0.000000000000000, -1.00000000000000 ) );
#11563 = DIRECTION( '', ( 0.000000000000000, -1.00000000000000, 0.000000000000000 ) );
#11564 = DIRECTION( '', ( -1.00000000000000, -0.000000000000000, -0.000000000000000 ) );
#11565 = DIRECTION( '', ( 0.000000000000000, 1.00000000000000, 0.000000000000000 ) );
#11566 = DIRECTION( '', ( -1.00000000000000, -0.000000000000000, -0.000000000000000 ) );
#11567 = DIRECTION( '', ( 0.000000000000000, 0.000000000000000, -1.00000000000000 ) );
#11568 = DIRECTION( '', ( -1.00000000000000, 0.000000000000000, 0.000000000000000 ) );
#11569 = DIRECTION( '', ( 0.000000000000000, 0.000000000000000, -1.00000000000000 ) );
#11570 = DIRECTION( '', ( 1.00000000000000, 0.000000000000000, 0.000000000000000 ) );
#11571 = DIRECTION( '', ( -0.000000000000000, 1.00000000000000, 0.000000000000000 ) );
#11572 = DIRECTION( '', ( -0.000000000000000, -0.000000000000000, -1.00000000000000 ) );
#11573 = DIRECTION( '', ( 0.000000000000000, -1.00000000000000, 0.000000000000000 ) );
#11574 = CARTESIAN_POINT( '', ( -0.184500000000000, -0.0640000000000000, -0.0220000000000000 ) );
#11575 = DIRECTION( '', ( 1.00000000000000, 0.000000000000000, -0.000000000000000 ) );
#11576 = DIRECTION( '', ( -0.000000000000000, 0.000000000000000, -1.00000000000000 ) );
#11577 = DIRECTION( '', ( 0.000000000000000, 0.000000000000000, 1.00000000000000 ) );
#11578 = DIRECTION( '', ( 0.000000000000000, -0.707106781186546, 0.707106781186549 ) );
#11579 = DIRECTION( '', ( 0.000000000000000, -1.00000000000000, 0.000000000000000 ) );
#11580 = DIRECTION( '', ( 0.000000000000000, -0.707106781186547, -0.707106781186547 ) );
#11581 = DIRECTION( '', ( 0.000000000000000, 0.000000000000000, -1.00000000000000 ) );
#11582 = CARTESIAN_POINT( '', ( -0.184500000000000, -0.0640000000000000, -0.0220000000000000 ) );
#11583 = DIRECTION( '', ( 1.00000000000000, 0.000000000000000, -0.000000000000000 ) );
#11584 = DIRECTION( '', ( -0.000000000000000, 0.000000000000000, -1.00000000000000 ) );
#11585 = DIRECTION( '', ( 0.000000000000000, -0.707106781186546, -0.707106781186548 ) );
#11586 = DIRECTION( '', ( -1.00000000000000, -0.000000000000000, -0.000000000000000 ) );
#11587 = DIRECTION( '', ( 0.000000000000000, 0.707106781186546, 0.707106781186548 ) );
#11588 = DIRECTION( '', ( -1.00000000000000, -0.000000000000000, -0.000000000000000 ) );
#11589 = DIRECTION( '', ( 0.000000000000000, 0.000000000000000, -1.00000000000000 ) );
#11590 = DIRECTION( '', ( 0.0157053800170626, -0.999753310610692, -0.0157053800170626 ) );
#11591 = DIRECTION( '', ( 0.000000000000000, 0.000000000000000, 1.00000000000000 ) );
#11592 = DIRECTION( '', ( 0.0157073173118207, -0.999876632481661, -0.000000000000000 ) );
#11593 = DIRECTION( '', ( -0.000000000000000, -1.00000000000000, -0.000000000000000 ) );
#11594 = DIRECTION( '', ( 1.00000000000000, 0.000000000000000, 0.000000000000000 ) );
#11595 = DIRECTION( '', ( -0.000000000000000, 1.00000000000000, 0.000000000000000 ) );
#11596 = DIRECTION( '', ( 1.00000000000000, 0.000000000000000, 0.000000000000000 ) );
#11597 = DIRECTION( '', ( 0.000000000000000, 0.000000000000000, 1.00000000000000 ) );
#11598 = DIRECTION( '', ( -0.0157053800170626, -0.999753310610692, 0.0157053800170626 ) );
#11599 = DIRECTION( '', ( 0.000000000000000, 0.000000000000000, -1.00000000000000 ) );
#11600 = DIRECTION( '', ( -0.0157053800170626, -0.999753310610692, -0.0157053800170626 ) );
#11601 = CARTESIAN_POINT( '', ( 0.225000000000000, 0.185000000000000, 0.0675182600000000 ) );
#11602 = DIRECTION( '', ( -0.000000000000000, 1.00000000000000, 0.000000000000000 ) );
#11603 = DIRECTION( '', ( 1.00000000000000, 0.000000000000000, 0.000000000000000 ) );
#11604 = DIRECTION( '', ( 0.0157073173118207, -0.999876632481661, -0.000000000000000 ) );
#11605 = CARTESIAN_POINT( '', ( 0.225000000000000, 0.335000000000000, 0.0675182600000000 ) );
#11606 = DIRECTION( '', ( 0.000000000000000, 1.00000000000000, 0.000000000000000 ) );
#11607 = DIRECTION( '', ( 0.000000000000000, -0.000000000000000, 1.00000000000000 ) );
#11608 = DIRECTION( '', ( 3.57583360701210E-17, -0.999876632481661, 0.0157073173118207 ) );
#11609 = DIRECTION( '', ( 0.000000000000000, 0.000000000000000, -1.00000000000000 ) );
#11610 = DIRECTION( '', ( -1.00000000000000, 0.000000000000000, 0.000000000000000 ) );
#11611 = DIRECTION( '', ( 0.000000000000000, 0.000000000000000, 1.00000000000000 ) );
#11612 = DIRECTION( '', ( 1.00000000000000, -0.000000000000000, 0.000000000000000 ) );
#11613 = DIRECTION( '', ( 0.000000000000000, 0.000000000000000, 1.00000000000000 ) );
#11614 = DIRECTION( '', ( -1.00000000000000, 0.000000000000000, 0.000000000000000 ) );
#11615 = DIRECTION( '', ( 0.000000000000000, 0.000000000000000, -1.00000000000000 ) );
#11616 = DIRECTION( '', ( 1.00000000000000, 0.000000000000000, 0.000000000000000 ) );
#11617 = DIRECTION( '', ( -0.000000000000000, -1.00000000000000, -0.000000000000000 ) );
#11618 = DIRECTION( '', ( -1.00000000000000, 0.000000000000000, 0.000000000000000 ) );
#11619 = DIRECTION( '', ( -0.000000000000000, -1.00000000000000, -0.000000000000000 ) );
#11620 = DIRECTION( '', ( -1.00000000000000, 0.000000000000000, 0.000000000000000 ) );
#11621 = CARTESIAN_POINT( '', ( 0.175000000000000, 0.185000000000000, 0.0675182600000000 ) );
#11622 = DIRECTION( '', ( -0.000000000000000, 1.00000000000000, 0.000000000000000 ) );
#11623 = DIRECTION( '', ( 1.00000000000000, 0.000000000000000, 0.000000000000000 ) );
#11624 = DIRECTION( '', ( -0.000000000000000, -0.999876632481661, 0.0157073173118207 ) );
#11625 = CARTESIAN_POINT( '', ( 0.175000000000000, 0.335000000000000, 0.0675182600000000 ) );
#11626 = DIRECTION( '', ( 0.000000000000000, 1.00000000000000, 0.000000000000000 ) );
#11627 = DIRECTION( '', ( 0.000000000000000, -0.000000000000000, 1.00000000000000 ) );
#11628 = DIRECTION( '', ( -0.0157073173118207, -0.999876632481661, 8.93958401753023E-18 ) );
#11629 = DIRECTION( '', ( 0.000000000000000, 0.000000000000000, 1.00000000000000 ) );
#11630 = DIRECTION( '', ( -1.00000000000000, 0.000000000000000, 0.000000000000000 ) );
#11631 = DIRECTION( '', ( 0.000000000000000, 0.000000000000000, -1.00000000000000 ) );
#11632 = DIRECTION( '', ( 1.00000000000000, 0.000000000000000, 0.000000000000000 ) );
#11633 = DIRECTION( '', ( -0.000000000000000, -1.00000000000000, -0.000000000000000 ) );
#11634 = DIRECTION( '', ( 0.000000000000000, 0.000000000000000, 1.00000000000000 ) );
#11635 = DIRECTION( '', ( -0.000000000000000, -1.00000000000000, -0.000000000000000 ) );
#11636 = DIRECTION( '', ( -0.000000000000000, 0.000000000000000, 1.00000000000000 ) );
#11637 = DIRECTION( '', ( 0.000000000000000, 0.000000000000000, 1.00000000000000 ) );
#11638 = DIRECTION( '', ( -1.00000000000000, -0.000000000000000, -0.000000000000000 ) );
#11639 = DIRECTION( '', ( 0.000000000000000, 0.000000000000000, -1.00000000000000 ) );
#11640 = DIRECTION( '', ( -0.000000000000000, -1.00000000000000, -0.000000000000000 ) );
#11641 = DIRECTION( '', ( 1.00000000000000, 0.000000000000000, 0.000000000000000 ) );
#11642 = DIRECTION( '', ( -0.000000000000000, 1.00000000000000, 0.000000000000000 ) );
#11643 = DIRECTION( '', ( 1.00000000000000, 0.000000000000000, 0.000000000000000 ) );
#11644 = DIRECTION( '', ( -1.00000000000000, -0.000000000000000, -0.000000000000000 ) );
#11645 = CARTESIAN_POINT( '', ( 0.115500000000000, -0.0640000000000000, -0.0220000000000000 ) );
#11646 = DIRECTION( '', ( 1.00000000000000, 0.000000000000000, -0.000000000000000 ) );
#11647 = DIRECTION( '', ( -0.000000000000000, 0.000000000000000, -1.00000000000000 ) );
#11648 = DIRECTION( '', ( -1.00000000000000, -0.000000000000000, -0.000000000000000 ) );
#11649 = CARTESIAN_POINT( '', ( 0.0845000000000000, -0.0640000000000000, -0.0220000000000000 ) );
#11650 = DIRECTION( '', ( -1.00000000000000, 0.000000000000000, 0.000000000000000 ) );
#11651 = DIRECTION( '', ( 0.000000000000000, 0.000000000000000, 1.00000000000000 ) );
#11652 = DIRECTION( '', ( 0.000000000000000, 1.00000000000000, 0.000000000000000 ) );
#11653 = DIRECTION( '', ( -0.000000000000000, -0.000000000000000, -1.00000000000000 ) );
#11654 = DIRECTION( '', ( 0.000000000000000, -1.00000000000000, 0.000000000000000 ) );
#11655 = DIRECTION( '', ( 0.000000000000000, 0.000000000000000, -1.00000000000000 ) );
#11656 = DIRECTION( '', ( 0.000000000000000, 0.707106781186546, -0.707106781186549 ) );
#11657 = DIRECTION( '', ( -1.00000000000000, -0.000000000000000, -0.000000000000000 ) );
#11658 = DIRECTION( '', ( 0.000000000000000, -0.707106781186546, 0.707106781186549 ) );
#11659 = DIRECTION( '', ( -1.00000000000000, -0.000000000000000, -0.000000000000000 ) );
#11660 = DIRECTION( '', ( 0.000000000000000, 0.000000000000000, -1.00000000000000 ) );
#11661 = DIRECTION( '', ( 0.000000000000000, 1.00000000000000, 0.000000000000000 ) );
#11662 = DIRECTION( '', ( 0.000000000000000, 0.000000000000000, -1.00000000000000 ) );
#11663 = DIRECTION( '', ( 0.000000000000000, -1.00000000000000, 0.000000000000000 ) );
#11664 = DIRECTION( '', ( 0.000000000000000, 0.000000000000000, -1.00000000000000 ) );
#11665 = DIRECTION( '', ( -0.000000000000000, -1.00000000000000, -0.000000000000000 ) );
#11666 = DIRECTION( '', ( 0.000000000000000, 0.000000000000000, -1.00000000000000 ) );
#11667 = DIRECTION( '', ( -0.000000000000000, -1.00000000000000, -0.000000000000000 ) );
#11668 = DIRECTION( '', ( -0.000000000000000, -1.00000000000000, -0.000000000000000 ) );
#11669 = DIRECTION( '', ( -1.00000000000000, 0.000000000000000, 0.000000000000000 ) );
#11670 = DIRECTION( '', ( 0.000000000000000, 1.00000000000000, 0.000000000000000 ) );
#11671 = DIRECTION( '', ( -1.00000000000000, 0.000000000000000, 0.000000000000000 ) );
#11672 = DIRECTION( '', ( -1.00000000000000, -0.000000000000000, -0.000000000000000 ) );
#11673 = DIRECTION( '', ( 0.000000000000000, -1.00000000000000, 0.000000000000000 ) );
#11674 = DIRECTION( '', ( -1.00000000000000, -0.000000000000000, -0.000000000000000 ) );
#11675 = DIRECTION( '', ( 1.00000000000000, 0.000000000000000, 0.000000000000000 ) );
#11676 = DIRECTION( '', ( -0.000000000000000, -0.000000000000000, -1.00000000000000 ) );
#11677 = DIRECTION( '', ( -1.00000000000000, 0.000000000000000, 0.000000000000000 ) );
#11678 = DIRECTION( '', ( -0.000000000000000, -0.000000000000000, -1.00000000000000 ) );
#11679 = DIRECTION( '', ( -0.000000000000000, 0.000000000000000, 1.00000000000000 ) );
#11680 = DIRECTION( '', ( -1.00000000000000, 0.000000000000000, 0.000000000000000 ) );
#11681 = DIRECTION( '', ( -0.000000000000000, 0.000000000000000, 1.00000000000000 ) );
#11682 = DIRECTION( '', ( 1.00000000000000, 0.000000000000000, 0.000000000000000 ) );
#11683 = DIRECTION( '', ( -0.000000000000000, 0.000000000000000, 1.00000000000000 ) );
#11684 = DIRECTION( '', ( 1.00000000000000, 0.000000000000000, 0.000000000000000 ) );
#11685 = DIRECTION( '', ( 0.000000000000000, 0.000000000000000, -1.00000000000000 ) );
#11686 = DIRECTION( '', ( 1.00000000000000, 0.000000000000000, 0.000000000000000 ) );
#11687 = DIRECTION( '', ( 0.000000000000000, 0.000000000000000, -1.00000000000000 ) );
#11688 = DIRECTION( '', ( -1.00000000000000, 0.000000000000000, 0.000000000000000 ) );
#11689 = DIRECTION( '', ( 0.000000000000000, 0.000000000000000, -1.00000000000000 ) );
#11690 = DIRECTION( '', ( -1.00000000000000, 0.000000000000000, 0.000000000000000 ) );
#11691 = DIRECTION( '', ( -0.000000000000000, 0.000000000000000, 1.00000000000000 ) );
#11692 = DIRECTION( '', ( -1.00000000000000, 0.000000000000000, 0.000000000000000 ) );
#11693 = DIRECTION( '', ( -0.000000000000000, 0.000000000000000, 1.00000000000000 ) );
#11694 = DIRECTION( '', ( 1.00000000000000, 0.000000000000000, 0.000000000000000 ) );
#11695 = DIRECTION( '', ( -0.000000000000000, 0.000000000000000, 1.00000000000000 ) );
#11696 = DIRECTION( '', ( 1.00000000000000, 0.000000000000000, 0.000000000000000 ) );
#11697 = DIRECTION( '', ( 0.000000000000000, 0.000000000000000, -1.00000000000000 ) );
#11698 = DIRECTION( '', ( 1.00000000000000, 0.000000000000000, 0.000000000000000 ) );
#11699 = DIRECTION( '', ( 0.000000000000000, 0.000000000000000, -1.00000000000000 ) );
#11700 = DIRECTION( '', ( -1.00000000000000, 0.000000000000000, 0.000000000000000 ) );
#11701 = DIRECTION( '', ( 0.000000000000000, 0.000000000000000, -1.00000000000000 ) );
#11702 = DIRECTION( '', ( -1.00000000000000, 0.000000000000000, 0.000000000000000 ) );
#11703 = CARTESIAN_POINT( '', ( 0.115500000000000, -0.0640000000000000, -0.0220000000000000 ) );
#11704 = DIRECTION( '', ( 1.00000000000000, 0.000000000000000, -0.000000000000000 ) );
#11705 = DIRECTION( '', ( -0.000000000000000, 0.000000000000000, -1.00000000000000 ) );
#11706 = DIRECTION( '', ( -1.00000000000000, -0.000000000000000, -0.000000000000000 ) );
#11707 = CARTESIAN_POINT( '', ( 0.0845000000000000, -0.0640000000000000, -0.0220000000000000 ) );
#11708 = DIRECTION( '', ( -1.00000000000000, 0.000000000000000, 0.000000000000000 ) );
#11709 = DIRECTION( '', ( 0.000000000000000, 0.000000000000000, 1.00000000000000 ) );
#11710 = DIRECTION( '', ( -1.00000000000000, -0.000000000000000, -0.000000000000000 ) );
#11711 = DIRECTION( '', ( 0.000000000000000, -1.00000000000000, 0.000000000000000 ) );
#11712 = DIRECTION( '', ( 0.000000000000000, 1.00000000000000, 0.000000000000000 ) );
#11713 = DIRECTION( '', ( 0.000000000000000, 0.000000000000000, -1.00000000000000 ) );
#11714 = DIRECTION( '', ( -1.00000000000000, 0.000000000000000, 0.000000000000000 ) );
#11715 = DIRECTION( '', ( 0.000000000000000, 0.000000000000000, 1.00000000000000 ) );
#11716 = DIRECTION( '', ( 1.00000000000000, -0.000000000000000, 0.000000000000000 ) );
#11717 = DIRECTION( '', ( 0.000000000000000, 0.000000000000000, 1.00000000000000 ) );
#11718 = DIRECTION( '', ( -1.00000000000000, 0.000000000000000, 0.000000000000000 ) );
#11719 = DIRECTION( '', ( 1.00000000000000, 0.000000000000000, 0.000000000000000 ) );
#11720 = DIRECTION( '', ( 0.000000000000000, 0.000000000000000, -1.00000000000000 ) );
#11721 = CARTESIAN_POINT( '', ( -0.0249999999999999, 0.335000000000000, 0.0675182600000000 ) );
#11722 = DIRECTION( '', ( 0.000000000000000, 1.00000000000000, 0.000000000000000 ) );
#11723 = DIRECTION( '', ( 0.000000000000000, -0.000000000000000, 1.00000000000000 ) );
#11724 = DIRECTION( '', ( -1.00000000000000, 0.000000000000000, 0.000000000000000 ) );
#11725 = CARTESIAN_POINT( '', ( 0.0250000000000000, 0.335000000000000, 0.0675182600000000 ) );
#11726 = DIRECTION( '', ( 0.000000000000000, 1.00000000000000, 0.000000000000000 ) );
#11727 = DIRECTION( '', ( 0.000000000000000, -0.000000000000000, 1.00000000000000 ) );
#11728 = DIRECTION( '', ( 1.00000000000000, 0.000000000000000, -2.66782030631276E-17 ) );
#11729 = DIRECTION( '', ( 0.000000000000000, 0.000000000000000, 1.00000000000000 ) );
#11730 = DIRECTION( '', ( -1.00000000000000, 0.000000000000000, 0.000000000000000 ) );
#11731 = DIRECTION( '', ( 1.00000000000000, 0.000000000000000, 0.000000000000000 ) );
#11732 = DIRECTION( '', ( -1.00000000000000, 0.000000000000000, 2.66782030631276E-17 ) );
#11733 = DIRECTION( '', ( -0.0157053800170626, -0.999753310610692, -0.0157053800170626 ) );
#11734 = DIRECTION( '', ( 1.00000000000000, 0.000000000000000, -2.66782030631276E-17 ) );
#11735 = DIRECTION( '', ( 0.0157053800170626, -0.999753310610692, -0.0157053800170626 ) );
#11736 = DIRECTION( '', ( 0.000000000000000, 0.000000000000000, -1.00000000000000 ) );
#11737 = DIRECTION( '', ( -1.00000000000000, -0.000000000000000, -0.000000000000000 ) );
#11738 = DIRECTION( '', ( 0.000000000000000, 0.000000000000000, 1.00000000000000 ) );
#11739 = DIRECTION( '', ( -1.00000000000000, -0.000000000000000, -0.000000000000000 ) );
#11740 = DIRECTION( '', ( -1.00000000000000, -0.000000000000000, -0.000000000000000 ) );
#11741 = CARTESIAN_POINT( '', ( -0.215500000000000, -0.0640000000000000, -0.0220000000000000 ) );
#11742 = DIRECTION( '', ( 1.00000000000000, 0.000000000000000, 0.000000000000000 ) );
#11743 = DIRECTION( '', ( 0.000000000000000, 0.000000000000000, -1.00000000000000 ) );
#11744 = DIRECTION( '', ( -0.000000000000000, -0.000000000000000, -1.00000000000000 ) );
#11745 = DIRECTION( '', ( -1.00000000000000, -0.000000000000000, -0.000000000000000 ) );
#11746 = DIRECTION( '', ( 0.000000000000000, 0.000000000000000, -1.00000000000000 ) );
#11747 = DIRECTION( '', ( -1.00000000000000, -0.000000000000000, -0.000000000000000 ) );
#11748 = DIRECTION( '', ( 0.000000000000000, -1.00000000000000, 0.000000000000000 ) );
#11749 = DIRECTION( '', ( -1.00000000000000, -0.000000000000000, -0.000000000000000 ) );
#11750 = DIRECTION( '', ( 0.000000000000000, 1.00000000000000, 0.000000000000000 ) );
#11751 = DIRECTION( '', ( -1.00000000000000, -0.000000000000000, -0.000000000000000 ) );
#11752 = DIRECTION( '', ( 0.000000000000000, -0.707106781186547, 0.707106781186548 ) );
#11753 = DIRECTION( '', ( -1.00000000000000, -0.000000000000000, -0.000000000000000 ) );
#11754 = DIRECTION( '', ( 0.000000000000000, -0.707106781186547, 0.707106781186548 ) );
#11755 = DIRECTION( '', ( -1.00000000000000, -0.000000000000000, -0.000000000000000 ) );
#11756 = DIRECTION( '', ( 0.000000000000000, 0.707106781186547, -0.707106781186548 ) );
#11757 = DIRECTION( '', ( -1.00000000000000, -0.000000000000000, -0.000000000000000 ) );
#11758 = DIRECTION( '', ( 0.000000000000000, -0.707106781186547, 0.707106781186548 ) );
#11759 = DIRECTION( '', ( -1.00000000000000, -0.000000000000000, -0.000000000000000 ) );
#11760 = DIRECTION( '', ( 0.000000000000000, 0.707106781186547, -0.707106781186548 ) );
#11761 = DIRECTION( '', ( -0.000000000000000, -1.00000000000000, -0.000000000000000 ) );
#11762 = DIRECTION( '', ( 1.00000000000000, 0.000000000000000, 0.000000000000000 ) );
#11763 = DIRECTION( '', ( -0.000000000000000, 1.00000000000000, 0.000000000000000 ) );
#11764 = DIRECTION( '', ( 0.000000000000000, 1.00000000000000, 0.000000000000000 ) );
#11765 = DIRECTION( '', ( -0.000000000000000, -0.000000000000000, -1.00000000000000 ) );
#11766 = DIRECTION( '', ( 0.000000000000000, -1.00000000000000, 0.000000000000000 ) );
#11767 = DIRECTION( '', ( 0.000000000000000, 0.000000000000000, -1.00000000000000 ) );
#11768 = DIRECTION( '', ( -1.00000000000000, 0.000000000000000, 0.000000000000000 ) );
#11769 = DIRECTION( '', ( -0.0157053800170626, -0.999753310610692, -0.0157053800170626 ) );
#11770 = DIRECTION( '', ( 0.0157053800170626, -0.999753310610692, -0.0157053800170626 ) );
#11771 = DIRECTION( '', ( 0.000000000000000, -1.00000000000000, 0.000000000000000 ) );
#11772 = DIRECTION( '', ( 0.000000000000000, 0.000000000000000, 1.00000000000000 ) );
#11773 = DIRECTION( '', ( 0.000000000000000, 1.00000000000000, 0.000000000000000 ) );
#11774 = DIRECTION( '', ( -0.000000000000000, -0.000000000000000, -1.00000000000000 ) );
#11775 = DIRECTION( '', ( 0.000000000000000, 0.707106781186547, 0.707106781186547 ) );
#11776 = DIRECTION( '', ( 0.000000000000000, -0.707106781186547, -0.707106781186547 ) );
#11777 = DIRECTION( '', ( -1.00000000000000, -0.000000000000000, -0.000000000000000 ) );
#11778 = DIRECTION( '', ( 0.000000000000000, 0.000000000000000, 1.00000000000000 ) );
#11779 = DIRECTION( '', ( -0.0157073173118207, -0.999876632481661, 8.93958401753023E-18 ) );
#11780 = DIRECTION( '', ( 0.000000000000000, 0.000000000000000, -1.00000000000000 ) );
#11781 = DIRECTION( '', ( 0.000000000000000, 0.000000000000000, -1.00000000000000 ) );
#11782 = DIRECTION( '', ( 0.000000000000000, 0.000000000000000, 1.00000000000000 ) );
#11783 = DIRECTION( '', ( 0.0157073173118207, -0.999876632481661, -0.000000000000000 ) );
#11784 = DIRECTION( '', ( 1.00000000000000, 0.000000000000000, 0.000000000000000 ) );
#11785 = DIRECTION( '', ( 0.000000000000000, 0.000000000000000, 1.00000000000000 ) );
#11786 = DIRECTION( '', ( -1.00000000000000, 0.000000000000000, 0.000000000000000 ) );
#11787 = DIRECTION( '', ( -0.000000000000000, 1.00000000000000, 0.000000000000000 ) );
#11788 = DIRECTION( '', ( -1.00000000000000, -0.000000000000000, -0.000000000000000 ) );
#11789 = DIRECTION( '', ( 0.000000000000000, -1.00000000000000, 0.000000000000000 ) );
#11790 = DIRECTION( '', ( -1.00000000000000, -0.000000000000000, -0.000000000000000 ) );
#11791 = DIRECTION( '', ( 0.000000000000000, -1.00000000000000, 0.000000000000000 ) );
#11792 = DIRECTION( '', ( -1.00000000000000, -0.000000000000000, -0.000000000000000 ) );
#11793 = DIRECTION( '', ( 0.000000000000000, 1.00000000000000, 0.000000000000000 ) );
#11794 = DIRECTION( '', ( -1.00000000000000, -0.000000000000000, -0.000000000000000 ) );
#11795 = DIRECTION( '', ( -1.00000000000000, 0.000000000000000, 0.000000000000000 ) );
#11796 = DIRECTION( '', ( -0.0157053800170626, -0.999753310610692, -0.0157053800170626 ) );
#11797 = DIRECTION( '', ( 0.0157053800170626, -0.999753310610692, -0.0157053800170626 ) );
#11798 = DIRECTION( '', ( 0.000000000000000, -1.00000000000000, 0.000000000000000 ) );
#11799 = DIRECTION( '', ( 0.000000000000000, 0.000000000000000, 1.00000000000000 ) );
#11800 = DIRECTION( '', ( 0.000000000000000, 1.00000000000000, 0.000000000000000 ) );
#11801 = DIRECTION( '', ( -0.000000000000000, -1.00000000000000, -0.000000000000000 ) );
#11802 = DIRECTION( '', ( 0.000000000000000, 0.000000000000000, -1.00000000000000 ) );
#11803 = DIRECTION( '', ( 0.000000000000000, 0.000000000000000, -1.00000000000000 ) );
#11804 = DIRECTION( '', ( 0.000000000000000, 0.000000000000000, -1.00000000000000 ) );
#11805 = DIRECTION( '', ( 0.000000000000000, 0.000000000000000, -1.00000000000000 ) );
#11806 = DIRECTION( '', ( 1.00000000000000, 0.000000000000000, 0.000000000000000 ) );
#11807 = DIRECTION( '', ( 0.000000000000000, -1.00000000000000, 0.000000000000000 ) );
#11808 = DIRECTION( '', ( 1.00000000000000, 0.000000000000000, 0.000000000000000 ) );
#11809 = DIRECTION( '', ( -0.000000000000000, -1.00000000000000, -0.000000000000000 ) );
#11810 = DIRECTION( '', ( 1.00000000000000, 0.000000000000000, 0.000000000000000 ) );
#11811 = DIRECTION( '', ( 1.00000000000000, 0.000000000000000, 0.000000000000000 ) );
#11812 = DIRECTION( '', ( -0.000000000000000, -0.000000000000000, -1.00000000000000 ) );
#11813 = DIRECTION( '', ( -1.00000000000000, 0.000000000000000, 0.000000000000000 ) );
#11814 = DIRECTION( '', ( -0.000000000000000, -0.000000000000000, -1.00000000000000 ) );
#11815 = DIRECTION( '', ( -0.000000000000000, 0.000000000000000, 1.00000000000000 ) );
#11816 = DIRECTION( '', ( -1.00000000000000, 0.000000000000000, 0.000000000000000 ) );
#11817 = DIRECTION( '', ( -0.000000000000000, 0.000000000000000, 1.00000000000000 ) );
#11818 = DIRECTION( '', ( 1.00000000000000, 0.000000000000000, 0.000000000000000 ) );
#11819 = DIRECTION( '', ( -0.000000000000000, 0.000000000000000, 1.00000000000000 ) );
#11820 = DIRECTION( '', ( 1.00000000000000, 0.000000000000000, 0.000000000000000 ) );
#11821 = DIRECTION( '', ( 0.000000000000000, 0.000000000000000, -1.00000000000000 ) );
#11822 = DIRECTION( '', ( 1.00000000000000, 0.000000000000000, 0.000000000000000 ) );
#11823 = DIRECTION( '', ( 0.000000000000000, 0.000000000000000, -1.00000000000000 ) );
#11824 = DIRECTION( '', ( -1.00000000000000, 0.000000000000000, 0.000000000000000 ) );
#11825 = DIRECTION( '', ( 0.000000000000000, 0.000000000000000, -1.00000000000000 ) );
#11826 = DIRECTION( '', ( -1.00000000000000, 0.000000000000000, 0.000000000000000 ) );
#11827 = DIRECTION( '', ( -0.000000000000000, 0.000000000000000, 1.00000000000000 ) );
#11828 = DIRECTION( '', ( -1.00000000000000, 0.000000000000000, 0.000000000000000 ) );
#11829 = DIRECTION( '', ( -0.000000000000000, 0.000000000000000, 1.00000000000000 ) );
#11830 = DIRECTION( '', ( -0.000000000000000, 0.000000000000000, 1.00000000000000 ) );
#11831 = DIRECTION( '', ( 1.00000000000000, 0.000000000000000, 0.000000000000000 ) );
#11832 = DIRECTION( '', ( 0.000000000000000, 0.000000000000000, -1.00000000000000 ) );
#11833 = DIRECTION( '', ( 1.00000000000000, 0.000000000000000, 0.000000000000000 ) );
#11834 = DIRECTION( '', ( 0.000000000000000, 0.000000000000000, -1.00000000000000 ) );
#11835 = DIRECTION( '', ( -1.00000000000000, 0.000000000000000, 0.000000000000000 ) );
#11836 = DIRECTION( '', ( 0.000000000000000, 0.000000000000000, -1.00000000000000 ) );
#11837 = DIRECTION( '', ( -1.00000000000000, 0.000000000000000, 0.000000000000000 ) );
#11838 = DIRECTION( '', ( 0.000000000000000, 0.000000000000000, -1.00000000000000 ) );
#11839 = DIRECTION( '', ( -1.00000000000000, 0.000000000000000, 0.000000000000000 ) );
#11840 = DIRECTION( '', ( 0.000000000000000, 0.000000000000000, -1.00000000000000 ) );
#11841 = DIRECTION( '', ( 1.00000000000000, 0.000000000000000, 0.000000000000000 ) );
#11842 = DIRECTION( '', ( -0.000000000000000, -1.00000000000000, -0.000000000000000 ) );
#11843 = DIRECTION( '', ( 1.00000000000000, 0.000000000000000, 0.000000000000000 ) );
#11844 = DIRECTION( '', ( -0.000000000000000, -1.00000000000000, -0.000000000000000 ) );
#11845 = DIRECTION( '', ( 1.00000000000000, 0.000000000000000, 0.000000000000000 ) );
#11846 = DIRECTION( '', ( -0.000000000000000, -1.00000000000000, -0.000000000000000 ) );
#11847 = DIRECTION( '', ( 1.00000000000000, 0.000000000000000, 0.000000000000000 ) );
#11848 = DIRECTION( '', ( -0.000000000000000, 1.00000000000000, 0.000000000000000 ) );
#11849 = DIRECTION( '', ( 1.00000000000000, 0.000000000000000, 0.000000000000000 ) );
#11850 = DIRECTION( '', ( 0.000000000000000, -1.00000000000000, -0.000000000000000 ) );
#11851 = DIRECTION( '', ( -1.00000000000000, 0.000000000000000, 0.000000000000000 ) );
#11852 = DIRECTION( '', ( -0.000000000000000, -1.00000000000000, -0.000000000000000 ) );
#11853 = DIRECTION( '', ( -1.00000000000000, 0.000000000000000, 0.000000000000000 ) );
#11854 = DIRECTION( '', ( -0.000000000000000, -1.00000000000000, -0.000000000000000 ) );
#11855 = DIRECTION( '', ( 0.000000000000000, 0.000000000000000, 1.00000000000000 ) );
#11856 = DIRECTION( '', ( 0.000000000000000, 1.00000000000000, 0.000000000000000 ) );
#11857 = DIRECTION( '', ( 0.000000000000000, -1.00000000000000, 0.000000000000000 ) );
#11858 = CARTESIAN_POINT( '', ( 0.0155000000000000, -0.0640000000000000, -0.0220000000000000 ) );
#11859 = DIRECTION( '', ( 1.00000000000000, 0.000000000000000, -0.000000000000000 ) );
#11860 = DIRECTION( '', ( -0.000000000000000, 0.000000000000000, -1.00000000000000 ) );
#11861 = DIRECTION( '', ( -1.00000000000000, -0.000000000000000, -0.000000000000000 ) );
#11862 = CARTESIAN_POINT( '', ( -0.0155000000000000, -0.0640000000000000, -0.0220000000000000 ) );
#11863 = DIRECTION( '', ( -1.00000000000000, 0.000000000000000, 0.000000000000000 ) );
#11864 = DIRECTION( '', ( 0.000000000000000, 0.000000000000000, 1.00000000000000 ) );
#11865 = DIRECTION( '', ( -1.00000000000000, -0.000000000000000, -0.000000000000000 ) );
#11866 = DIRECTION( '', ( -0.000000000000000, -0.000000000000000, -1.00000000000000 ) );
#11867 = DIRECTION( '', ( -1.00000000000000, 0.000000000000000, 0.000000000000000 ) );
#11868 = DIRECTION( '', ( -0.000000000000000, -0.000000000000000, -1.00000000000000 ) );
#11869 = DIRECTION( '', ( -1.00000000000000, -0.000000000000000, -0.000000000000000 ) );
#11870 = DIRECTION( '', ( 0.000000000000000, 0.000000000000000, -1.00000000000000 ) );
#11871 = DIRECTION( '', ( 1.00000000000000, 0.000000000000000, -0.000000000000000 ) );
#11872 = DIRECTION( '', ( -0.000000000000000, -0.000000000000000, -1.00000000000000 ) );
#11873 = DIRECTION( '', ( -0.000000000000000, -0.000000000000000, -1.00000000000000 ) );
#11874 = DIRECTION( '', ( 1.00000000000000, 0.000000000000000, -0.000000000000000 ) );
#11875 = DIRECTION( '', ( -0.000000000000000, -0.000000000000000, -1.00000000000000 ) );
#11876 = DIRECTION( '', ( -1.00000000000000, -0.000000000000000, -0.000000000000000 ) );
#11877 = DIRECTION( '', ( -0.000000000000000, -0.000000000000000, -1.00000000000000 ) );
#11878 = DIRECTION( '', ( 1.00000000000000, 0.000000000000000, -0.000000000000000 ) );
#11879 = DIRECTION( '', ( -0.000000000000000, -0.000000000000000, -1.00000000000000 ) );
#11880 = DIRECTION( '', ( -1.00000000000000, -0.000000000000000, -0.000000000000000 ) );
#11881 = DIRECTION( '', ( -0.000000000000000, -0.000000000000000, -1.00000000000000 ) );
#11882 = DIRECTION( '', ( 1.00000000000000, 0.000000000000000, -0.000000000000000 ) );
#11883 = DIRECTION( '', ( -0.000000000000000, -0.000000000000000, -1.00000000000000 ) );
#11884 = DIRECTION( '', ( -1.00000000000000, -0.000000000000000, -0.000000000000000 ) );
#11885 = DIRECTION( '', ( 0.000000000000000, 0.000000000000000, -1.00000000000000 ) );
#11886 = DIRECTION( '', ( -0.000000000000000, -0.000000000000000, -1.00000000000000 ) );
#11887 = DIRECTION( '', ( -1.00000000000000, 0.000000000000000, 0.000000000000000 ) );
#11888 = DIRECTION( '', ( -1.00000000000000, -0.000000000000000, -0.000000000000000 ) );
#11889 = DIRECTION( '', ( -0.000000000000000, -0.000000000000000, -1.00000000000000 ) );
#11890 = DIRECTION( '', ( -1.00000000000000, 0.000000000000000, 0.000000000000000 ) );
#11891 = DIRECTION( '', ( -0.000000000000000, -0.000000000000000, -1.00000000000000 ) );
#11892 = DIRECTION( '', ( -1.00000000000000, -0.000000000000000, -0.000000000000000 ) );
#11893 = DIRECTION( '', ( -0.000000000000000, -0.000000000000000, -1.00000000000000 ) );
#11894 = DIRECTION( '', ( -1.00000000000000, 0.000000000000000, 0.000000000000000 ) );
#11895 = DIRECTION( '', ( -0.000000000000000, -0.000000000000000, -1.00000000000000 ) );
#11896 = DIRECTION( '', ( -0.000000000000000, -1.00000000000000, -0.000000000000000 ) );
#11897 = DIRECTION( '', ( -0.000000000000000, -1.00000000000000, -0.000000000000000 ) );
#11898 = DIRECTION( '', ( -0.000000000000000, -1.00000000000000, -0.000000000000000 ) );
#11899 = DIRECTION( '', ( -1.00000000000000, 0.000000000000000, 0.000000000000000 ) );
#11900 = DIRECTION( '', ( -0.000000000000000, -1.00000000000000, -0.000000000000000 ) );
#11901 = DIRECTION( '', ( -0.000000000000000, -1.00000000000000, -0.000000000000000 ) );
#11902 = DIRECTION( '', ( -1.00000000000000, 0.000000000000000, 0.000000000000000 ) );
#11903 = DIRECTION( '', ( -1.00000000000000, 0.000000000000000, 0.000000000000000 ) );
#11904 = DIRECTION( '', ( -0.000000000000000, -0.000000000000000, -1.00000000000000 ) );
#11905 = DIRECTION( '', ( -1.00000000000000, -0.000000000000000, -0.000000000000000 ) );
#11906 = DIRECTION( '', ( -0.000000000000000, -0.000000000000000, -1.00000000000000 ) );
#11907 = DIRECTION( '', ( 0.000000000000000, 1.00000000000000, 0.000000000000000 ) );
#11908 = CARTESIAN_POINT( '', ( 0.184500000000000, 0.0360000000000000, 0.0780000000000000 ) );
#11909 = DIRECTION( '', ( -1.00000000000000, 0.000000000000000, 0.000000000000000 ) );
#11910 = DIRECTION( '', ( 0.000000000000000, 0.000000000000000, 1.00000000000000 ) );
#11911 = DIRECTION( '', ( 0.000000000000000, 0.000000000000000, 1.00000000000000 ) );
#11912 = DIRECTION( '', ( 0.000000000000000, 0.707106781186546, 0.707106781186548 ) );
#11913 = DIRECTION( '', ( 0.000000000000000, 1.00000000000000, 0.000000000000000 ) );
#11914 = CARTESIAN_POINT( '', ( 0.184500000000000, 0.0360000000000000, 0.0780000000000000 ) );
#11915 = DIRECTION( '', ( -1.00000000000000, 0.000000000000000, 0.000000000000000 ) );
#11916 = DIRECTION( '', ( 0.000000000000000, 0.000000000000000, 1.00000000000000 ) );
#11917 = DIRECTION( '', ( 0.000000000000000, 0.000000000000000, -1.00000000000000 ) );
#11918 = DIRECTION( '', ( -1.00000000000000, 0.000000000000000, 0.000000000000000 ) );
#11919 = DIRECTION( '', ( 0.000000000000000, 0.000000000000000, -1.00000000000000 ) );
#11920 = DIRECTION( '', ( 1.00000000000000, 0.000000000000000, 0.000000000000000 ) );
#11921 = DIRECTION( '', ( 0.000000000000000, 0.000000000000000, 1.00000000000000 ) );
#11922 = DIRECTION( '', ( -0.000000000000000, 0.000000000000000, 1.00000000000000 ) );
#11923 = DIRECTION( '', ( 0.000000000000000, 1.00000000000000, 0.000000000000000 ) );
#11924 = DIRECTION( '', ( 0.000000000000000, 0.000000000000000, -1.00000000000000 ) );
#11925 = DIRECTION( '', ( 0.000000000000000, -1.00000000000000, 0.000000000000000 ) );
#11926 = DIRECTION( '', ( -0.000000000000000, -1.00000000000000, -0.000000000000000 ) );
#11927 = DIRECTION( '', ( 0.000000000000000, -0.707106781186546, 0.707106781186549 ) );
#11928 = DIRECTION( '', ( -1.00000000000000, -0.000000000000000, -0.000000000000000 ) );
#11929 = DIRECTION( '', ( 0.000000000000000, 0.707106781186546, -0.707106781186549 ) );
#11930 = DIRECTION( '', ( -0.000000000000000, 0.000000000000000, 1.00000000000000 ) );
#11931 = DIRECTION( '', ( 1.00000000000000, 0.000000000000000, 0.000000000000000 ) );
#11932 = DIRECTION( '', ( 0.000000000000000, 0.000000000000000, 1.00000000000000 ) );
#11933 = DIRECTION( '', ( -1.00000000000000, 0.000000000000000, 0.000000000000000 ) );
#11934 = DIRECTION( '', ( 0.000000000000000, 0.000000000000000, 1.00000000000000 ) );
#11935 = DIRECTION( '', ( 0.000000000000000, 0.000000000000000, -1.00000000000000 ) );
#11936 = DIRECTION( '', ( -0.000000000000000, -1.00000000000000, -0.000000000000000 ) );
#11937 = DIRECTION( '', ( -0.000000000000000, -1.00000000000000, -0.000000000000000 ) );
#11938 = DIRECTION( '', ( -1.00000000000000, 0.000000000000000, 2.66782030631276E-17 ) );
#11939 = DIRECTION( '', ( -0.0157053800170626, -0.999753310610692, -0.0157053800170626 ) );
#11940 = DIRECTION( '', ( 0.000000000000000, 1.00000000000000, 0.000000000000000 ) );
#11941 = DIRECTION( '', ( -1.00000000000000, -0.000000000000000, -0.000000000000000 ) );
#11942 = DIRECTION( '', ( 0.000000000000000, -1.00000000000000, 0.000000000000000 ) );
#11943 = DIRECTION( '', ( -0.000000000000000, -1.00000000000000, -0.000000000000000 ) );
#11944 = DIRECTION( '', ( -1.00000000000000, 0.000000000000000, 0.000000000000000 ) );
#11945 = DIRECTION( '', ( -0.000000000000000, -1.00000000000000, -0.000000000000000 ) );
#11946 = DIRECTION( '', ( 1.00000000000000, 0.000000000000000, 0.000000000000000 ) );
#11947 = DIRECTION( '', ( 3.57583360701210E-17, -0.999876632481661, 0.0157073173118207 ) );
#11948 = DIRECTION( '', ( -0.000000000000000, -0.999876632481661, 0.0157073173118207 ) );
#11949 = DIRECTION( '', ( -1.00000000000000, 0.000000000000000, 2.66782030631276E-17 ) );
#11950 = DIRECTION( '', ( -0.0157053800170626, -0.999753310610692, -0.0157053800170626 ) );
#11951 = DIRECTION( '', ( 1.00000000000000, 0.000000000000000, -2.66782030631276E-17 ) );
#11952 = DIRECTION( '', ( 0.000000000000000, 0.000000000000000, 1.00000000000000 ) );
#11953 = DIRECTION( '', ( -0.0157073173118207, -0.999876632481661, 8.93958401753023E-18 ) );
#11954 = CARTESIAN_POINT( '', ( -0.0249999999999999, 0.185000000000000, 0.0675182600000000 ) );
#11955 = DIRECTION( '', ( -0.000000000000000, 1.00000000000000, 0.000000000000000 ) );
#11956 = DIRECTION( '', ( 1.00000000000000, 0.000000000000000, 0.000000000000000 ) );
#11957 = DIRECTION( '', ( -0.000000000000000, -1.00000000000000, -0.000000000000000 ) );
#11958 = DIRECTION( '', ( 1.00000000000000, 0.000000000000000, 0.000000000000000 ) );
#11959 = DIRECTION( '', ( -0.000000000000000, 1.00000000000000, 0.000000000000000 ) );
#11960 = DIRECTION( '', ( -0.000000000000000, -1.00000000000000, -0.000000000000000 ) );
#11961 = DIRECTION( '', ( -1.00000000000000, 0.000000000000000, 0.000000000000000 ) );
#11962 = DIRECTION( '', ( -0.000000000000000, -1.00000000000000, -0.000000000000000 ) );
#11963 = DIRECTION( '', ( -1.00000000000000, 0.000000000000000, 0.000000000000000 ) );
#11964 = DIRECTION( '', ( 1.00000000000000, 0.000000000000000, 0.000000000000000 ) );
#11965 = DIRECTION( '', ( -0.000000000000000, -1.00000000000000, -0.000000000000000 ) );
#11966 = DIRECTION( '', ( 1.00000000000000, 0.000000000000000, 0.000000000000000 ) );
#11967 = DIRECTION( '', ( 0.000000000000000, 0.000000000000000, -1.00000000000000 ) );
#11968 = DIRECTION( '', ( 0.0157053800170626, -0.999753310610692, 0.0157053800170626 ) );
#11969 = DIRECTION( '', ( -1.00000000000000, -0.000000000000000, -0.000000000000000 ) );
#11970 = DIRECTION( '', ( 0.000000000000000, -1.00000000000000, 0.000000000000000 ) );
#11971 = DIRECTION( '', ( 1.00000000000000, 0.000000000000000, 0.000000000000000 ) );
#11972 = DIRECTION( '', ( -0.000000000000000, -0.000000000000000, -1.00000000000000 ) );
#11973 = DIRECTION( '', ( -1.00000000000000, 0.000000000000000, 0.000000000000000 ) );
#11974 = DIRECTION( '', ( -0.000000000000000, 0.000000000000000, 1.00000000000000 ) );
#11975 = DIRECTION( '', ( -1.00000000000000, 0.000000000000000, 0.000000000000000 ) );
#11976 = DIRECTION( '', ( -0.000000000000000, 0.000000000000000, 1.00000000000000 ) );
#11977 = DIRECTION( '', ( -0.000000000000000, 0.000000000000000, 1.00000000000000 ) );
#11978 = DIRECTION( '', ( 1.00000000000000, 0.000000000000000, 0.000000000000000 ) );
#11979 = DIRECTION( '', ( 0.000000000000000, 0.000000000000000, -1.00000000000000 ) );
#11980 = DIRECTION( '', ( 1.00000000000000, 0.000000000000000, 0.000000000000000 ) );
#11981 = DIRECTION( '', ( 0.000000000000000, 0.000000000000000, -1.00000000000000 ) );
#11982 = DIRECTION( '', ( -0.000000000000000, 0.000000000000000, 1.00000000000000 ) );
#11983 = DIRECTION( '', ( -1.00000000000000, 0.000000000000000, 0.000000000000000 ) );
#11984 = DIRECTION( '', ( -0.000000000000000, 0.000000000000000, 1.00000000000000 ) );
#11985 = DIRECTION( '', ( 1.00000000000000, 0.000000000000000, 0.000000000000000 ) );
#11986 = DIRECTION( '', ( -0.000000000000000, 0.000000000000000, 1.00000000000000 ) );
#11987 = DIRECTION( '', ( 1.00000000000000, 0.000000000000000, 0.000000000000000 ) );
#11988 = DIRECTION( '', ( 1.00000000000000, 0.000000000000000, 0.000000000000000 ) );
#11989 = DIRECTION( '', ( 0.000000000000000, 0.000000000000000, -1.00000000000000 ) );
#11990 = DIRECTION( '', ( -1.00000000000000, 0.000000000000000, 0.000000000000000 ) );
#11991 = DIRECTION( '', ( 0.000000000000000, -1.00000000000000, -0.000000000000000 ) );
#11992 = DIRECTION( '', ( -1.00000000000000, 0.000000000000000, 0.000000000000000 ) );
#11993 = DIRECTION( '', ( -0.000000000000000, -1.00000000000000, -0.000000000000000 ) );
#11994 = DIRECTION( '', ( -1.00000000000000, 0.000000000000000, 0.000000000000000 ) );
#11995 = DIRECTION( '', ( -0.000000000000000, -1.00000000000000, -0.000000000000000 ) );
#11996 = DIRECTION( '', ( 0.000000000000000, 0.000000000000000, 1.00000000000000 ) );
#11997 = DIRECTION( '', ( -0.000000000000000, -1.00000000000000, -0.000000000000000 ) );
#11998 = DIRECTION( '', ( -0.000000000000000, 0.000000000000000, 1.00000000000000 ) );
#11999 = DIRECTION( '', ( 0.000000000000000, -1.00000000000000, 0.000000000000000 ) );
#12000 = DIRECTION( '', ( 0.000000000000000, 1.00000000000000, 0.000000000000000 ) );
#12001 = DIRECTION( '', ( 0.000000000000000, -1.00000000000000, 0.000000000000000 ) );
#12002 = DIRECTION( '', ( 0.000000000000000, -1.00000000000000, 0.000000000000000 ) );
#12003 = DIRECTION( '', ( -1.00000000000000, -0.000000000000000, -0.000000000000000 ) );
#12004 = DIRECTION( '', ( 0.000000000000000, 0.000000000000000, -1.00000000000000 ) );
#12005 = DIRECTION( '', ( 1.00000000000000, 0.000000000000000, 0.000000000000000 ) );
#12006 = DIRECTION( '', ( -1.00000000000000, -0.000000000000000, -0.000000000000000 ) );
#12007 = CARTESIAN_POINT( '', ( -0.184500000000000, 0.0360000000000000, 0.0780000000000000 ) );
#12008 = DIRECTION( '', ( 1.00000000000000, 0.000000000000000, -0.000000000000000 ) );
#12009 = DIRECTION( '', ( -0.000000000000000, 0.000000000000000, -1.00000000000000 ) );
#12010 = DIRECTION( '', ( -1.00000000000000, -0.000000000000000, -0.000000000000000 ) );
#12011 = CARTESIAN_POINT( '', ( -0.215500000000000, 0.0360000000000000, 0.0780000000000000 ) );
#12012 = DIRECTION( '', ( 1.00000000000000, 0.000000000000000, 0.000000000000000 ) );
#12013 = DIRECTION( '', ( 0.000000000000000, 0.000000000000000, -1.00000000000000 ) );
#12014 = DIRECTION( '', ( -0.000000000000000, 1.00000000000000, 0.000000000000000 ) );
#12015 = DIRECTION( '', ( 0.000000000000000, -1.00000000000000, 0.000000000000000 ) );
#12016 = CARTESIAN_POINT( '', ( 0.0155000000000000, -0.0640000000000000, -0.0220000000000000 ) );
#12017 = DIRECTION( '', ( 1.00000000000000, 0.000000000000000, -0.000000000000000 ) );
#12018 = DIRECTION( '', ( -0.000000000000000, 0.000000000000000, -1.00000000000000 ) );
#12019 = DIRECTION( '', ( 0.000000000000000, 0.000000000000000, 1.00000000000000 ) );
#12020 = DIRECTION( '', ( 0.000000000000000, -0.707106781186546, 0.707106781186549 ) );
#12021 = DIRECTION( '', ( 0.000000000000000, -1.00000000000000, 0.000000000000000 ) );
#12022 = DIRECTION( '', ( 0.000000000000000, -0.707106781186547, -0.707106781186547 ) );
#12023 = DIRECTION( '', ( 0.000000000000000, 0.000000000000000, -1.00000000000000 ) );
#12024 = DIRECTION( '', ( 0.0157053800170626, -0.999753310610692, -0.0157053800170626 ) );
#12025 = DIRECTION( '', ( 0.000000000000000, 0.000000000000000, 1.00000000000000 ) );
#12026 = DIRECTION( '', ( 0.0157053800170626, -0.999753310610692, 0.0157053800170626 ) );
#12027 = DIRECTION( '', ( 0.000000000000000, 0.000000000000000, -1.00000000000000 ) );
#12028 = CARTESIAN_POINT( '', ( -0.125000000000000, 0.335000000000000, 0.0675182600000000 ) );
#12029 = DIRECTION( '', ( 0.000000000000000, 1.00000000000000, 0.000000000000000 ) );
#12030 = DIRECTION( '', ( 0.000000000000000, -0.000000000000000, 1.00000000000000 ) );
#12031 = DIRECTION( '', ( -1.00000000000000, 0.000000000000000, 0.000000000000000 ) );
#12032 = CARTESIAN_POINT( '', ( -0.0750000000000000, 0.335000000000000, 0.0675182600000000 ) );
#12033 = DIRECTION( '', ( 0.000000000000000, 1.00000000000000, 0.000000000000000 ) );
#12034 = DIRECTION( '', ( 0.000000000000000, -0.000000000000000, 1.00000000000000 ) );
#12035 = DIRECTION( '', ( 0.000000000000000, 0.000000000000000, 1.00000000000000 ) );
#12036 = DIRECTION( '', ( 0.000000000000000, 0.000000000000000, -1.00000000000000 ) );
#12037 = DIRECTION( '', ( 0.000000000000000, 0.000000000000000, 1.00000000000000 ) );
#12038 = DIRECTION( '', ( 0.000000000000000, 0.000000000000000, -1.00000000000000 ) );
#12039 = DIRECTION( '', ( -0.0157053800170626, -0.999753310610692, -0.0157053800170626 ) );
#12040 = DIRECTION( '', ( -0.000000000000000, -1.00000000000000, -0.000000000000000 ) );
#12041 = DIRECTION( '', ( 1.00000000000000, 0.000000000000000, 0.000000000000000 ) );
#12042 = DIRECTION( '', ( -0.000000000000000, 0.000000000000000, 1.00000000000000 ) );
#12043 = DIRECTION( '', ( 0.000000000000000, 0.000000000000000, 1.00000000000000 ) );
#12044 = DIRECTION( '', ( -1.00000000000000, 0.000000000000000, 0.000000000000000 ) );
#12045 = DIRECTION( '', ( -0.000000000000000, 1.00000000000000, 0.000000000000000 ) );
#12046 = DIRECTION( '', ( 0.000000000000000, -1.00000000000000, 0.000000000000000 ) );
#12047 = DIRECTION( '', ( 0.000000000000000, 1.00000000000000, 0.000000000000000 ) );
#12048 = DIRECTION( '', ( -1.00000000000000, 0.000000000000000, 0.000000000000000 ) );
#12049 = DIRECTION( '', ( 0.000000000000000, -1.00000000000000, 0.000000000000000 ) );
#12050 = DIRECTION( '', ( 1.00000000000000, 0.000000000000000, 0.000000000000000 ) );
#12051 = DIRECTION( '', ( 0.000000000000000, -1.00000000000000, 0.000000000000000 ) );
#12052 = DIRECTION( '', ( -1.00000000000000, 0.000000000000000, 0.000000000000000 ) );
#12053 = DIRECTION( '', ( 1.00000000000000, 0.000000000000000, 0.000000000000000 ) );
#12054 = DIRECTION( '', ( -1.00000000000000, 0.000000000000000, 0.000000000000000 ) );
#12055 = DIRECTION( '', ( 0.000000000000000, 1.00000000000000, 0.000000000000000 ) );
#12056 = DIRECTION( '', ( -1.00000000000000, 0.000000000000000, 0.000000000000000 ) );
#12057 = DIRECTION( '', ( -0.000000000000000, -1.00000000000000, -0.000000000000000 ) );
#12058 = DIRECTION( '', ( -1.00000000000000, 0.000000000000000, 0.000000000000000 ) );
#12059 = DIRECTION( '', ( -0.000000000000000, -1.00000000000000, -0.000000000000000 ) );
#12060 = DIRECTION( '', ( 0.000000000000000, 1.00000000000000, 0.000000000000000 ) );
#12061 = DIRECTION( '', ( -0.000000000000000, -1.00000000000000, -0.000000000000000 ) );
#12062 = DIRECTION( '', ( 1.00000000000000, 0.000000000000000, 0.000000000000000 ) );
#12063 = DIRECTION( '', ( -0.000000000000000, -1.00000000000000, -0.000000000000000 ) );
#12064 = DIRECTION( '', ( 1.00000000000000, 0.000000000000000, 0.000000000000000 ) );
#12065 = DIRECTION( '', ( 0.000000000000000, -1.00000000000000, 0.000000000000000 ) );
#12066 = DIRECTION( '', ( 1.00000000000000, 0.000000000000000, 0.000000000000000 ) );
#12067 = DIRECTION( '', ( -1.00000000000000, 0.000000000000000, 0.000000000000000 ) );
#12068 = DIRECTION( '', ( 1.00000000000000, 0.000000000000000, 0.000000000000000 ) );
#12069 = DIRECTION( '', ( 0.000000000000000, 1.00000000000000, 0.000000000000000 ) );
#12070 = DIRECTION( '', ( -1.00000000000000, 0.000000000000000, 0.000000000000000 ) );
#12071 = DIRECTION( '', ( 0.000000000000000, 1.00000000000000, 0.000000000000000 ) );
#12072 = DIRECTION( '', ( 1.00000000000000, 0.000000000000000, 0.000000000000000 ) );
#12073 = DIRECTION( '', ( 0.000000000000000, -1.00000000000000, 0.000000000000000 ) );
#12074 = DIRECTION( '', ( 0.000000000000000, 0.000000000000000, -1.00000000000000 ) );
#12075 = CARTESIAN_POINT( '', ( 0.0750000000000001, 0.335000000000000, 0.0675182600000000 ) );
#12076 = DIRECTION( '', ( 0.000000000000000, 1.00000000000000, 0.000000000000000 ) );
#12077 = DIRECTION( '', ( 0.000000000000000, -0.000000000000000, 1.00000000000000 ) );
#12078 = DIRECTION( '', ( -1.00000000000000, 0.000000000000000, 0.000000000000000 ) );
#12079 = CARTESIAN_POINT( '', ( 0.125000000000000, 0.335000000000000, 0.0675182600000000 ) );
#12080 = DIRECTION( '', ( 0.000000000000000, 1.00000000000000, 0.000000000000000 ) );
#12081 = DIRECTION( '', ( 0.000000000000000, -0.000000000000000, 1.00000000000000 ) );
#12082 = DIRECTION( '', ( 0.000000000000000, 0.000000000000000, 1.00000000000000 ) );
#12083 = DIRECTION( '', ( 1.00000000000000, 0.000000000000000, -2.66782030631276E-17 ) );
#12084 = DIRECTION( '', ( 0.000000000000000, 0.000000000000000, 1.00000000000000 ) );
#12085 = DIRECTION( '', ( -1.00000000000000, 0.000000000000000, 0.000000000000000 ) );
#12086 = DIRECTION( '', ( 0.000000000000000, 0.000000000000000, -1.00000000000000 ) );
#12087 = DIRECTION( '', ( 1.00000000000000, 0.000000000000000, 0.000000000000000 ) );
#12088 = CARTESIAN_POINT( '', ( -0.0845000000000000, 0.0360000000000000, 0.0780000000000000 ) );
#12089 = DIRECTION( '', ( 1.00000000000000, 0.000000000000000, -0.000000000000000 ) );
#12090 = DIRECTION( '', ( -0.000000000000000, 0.000000000000000, -1.00000000000000 ) );
#12091 = DIRECTION( '', ( -1.00000000000000, -0.000000000000000, -0.000000000000000 ) );
#12092 = CARTESIAN_POINT( '', ( -0.115500000000000, 0.0360000000000000, 0.0780000000000000 ) );
#12093 = DIRECTION( '', ( -1.00000000000000, 0.000000000000000, 0.000000000000000 ) );
#12094 = DIRECTION( '', ( 0.000000000000000, 0.000000000000000, 1.00000000000000 ) );
#12095 = DIRECTION( '', ( 0.000000000000000, 1.00000000000000, 0.000000000000000 ) );
#12096 = DIRECTION( '', ( 0.000000000000000, -1.00000000000000, 0.000000000000000 ) );
#12097 = DIRECTION( '', ( -0.000000000000000, -1.00000000000000, -0.000000000000000 ) );
#12098 = DIRECTION( '', ( 0.000000000000000, 0.000000000000000, -1.00000000000000 ) );
#12099 = DIRECTION( '', ( -1.00000000000000, -0.000000000000000, -0.000000000000000 ) );
#12100 = DIRECTION( '', ( 0.000000000000000, -1.00000000000000, 0.000000000000000 ) );
#12101 = DIRECTION( '', ( -1.00000000000000, -0.000000000000000, -0.000000000000000 ) );
#12102 = DIRECTION( '', ( 0.000000000000000, -1.00000000000000, 0.000000000000000 ) );
#12103 = DIRECTION( '', ( 0.000000000000000, -1.00000000000000, 0.000000000000000 ) );
#12104 = DIRECTION( '', ( 0.000000000000000, 1.00000000000000, 0.000000000000000 ) );
#12105 = DIRECTION( '', ( 0.000000000000000, -1.00000000000000, 0.000000000000000 ) );
#12106 = DIRECTION( '', ( 0.000000000000000, 1.00000000000000, 0.000000000000000 ) );
#12107 = DIRECTION( '', ( -1.00000000000000, -0.000000000000000, -0.000000000000000 ) );
#12108 = DIRECTION( '', ( 0.000000000000000, -1.00000000000000, 0.000000000000000 ) );
#12109 = DIRECTION( '', ( 0.000000000000000, 1.00000000000000, 0.000000000000000 ) );
#12110 = DIRECTION( '', ( -1.00000000000000, -0.000000000000000, -0.000000000000000 ) );
#12111 = DIRECTION( '', ( 0.000000000000000, -1.00000000000000, 0.000000000000000 ) );
#12112 = CARTESIAN_POINT( '', ( 0.0845000000000000, 0.0360000000000000, 0.0780000000000000 ) );
#12113 = DIRECTION( '', ( -1.00000000000000, 0.000000000000000, 0.000000000000000 ) );
#12114 = DIRECTION( '', ( 0.000000000000000, 0.000000000000000, 1.00000000000000 ) );
#12115 = DIRECTION( '', ( 0.000000000000000, 0.000000000000000, 1.00000000000000 ) );
#12116 = DIRECTION( '', ( 0.000000000000000, 0.707106781186546, 0.707106781186548 ) );
#12117 = DIRECTION( '', ( 0.000000000000000, 0.000000000000000, -1.00000000000000 ) );
#12118 = CARTESIAN_POINT( '', ( 0.0845000000000000, 0.0360000000000000, 0.0780000000000000 ) );
#12119 = DIRECTION( '', ( -1.00000000000000, 0.000000000000000, 0.000000000000000 ) );
#12120 = DIRECTION( '', ( 0.000000000000000, 0.000000000000000, 1.00000000000000 ) );
#12121 = DIRECTION( '', ( 0.000000000000000, -1.00000000000000, 0.000000000000000 ) );
#12122 = DIRECTION( '', ( 1.00000000000000, 0.000000000000000, 0.000000000000000 ) );
#12123 = DIRECTION( '', ( 0.000000000000000, 0.000000000000000, -1.00000000000000 ) );
#12124 = DIRECTION( '', ( 0.0157053800170626, -0.999753310610692, -0.0157053800170626 ) );
#12125 = DIRECTION( '', ( 0.000000000000000, 0.000000000000000, 1.00000000000000 ) );
#12126 = DIRECTION( '', ( 0.0157053800170626, -0.999753310610692, 0.0157053800170626 ) );
#12127 = DIRECTION( '', ( -0.000000000000000, 0.000000000000000, 1.00000000000000 ) );
#12128 = DIRECTION( '', ( -0.000000000000000, 0.000000000000000, 1.00000000000000 ) );
#12129 = DIRECTION( '', ( 1.00000000000000, 0.000000000000000, 0.000000000000000 ) );
#12130 = DIRECTION( '', ( -0.000000000000000, 0.000000000000000, 1.00000000000000 ) );
#12131 = DIRECTION( '', ( 1.00000000000000, 0.000000000000000, 0.000000000000000 ) );
#12132 = DIRECTION( '', ( 0.000000000000000, 0.000000000000000, -1.00000000000000 ) );
#12133 = DIRECTION( '', ( 1.00000000000000, 0.000000000000000, 0.000000000000000 ) );
#12134 = DIRECTION( '', ( 0.000000000000000, 0.000000000000000, -1.00000000000000 ) );
#12135 = DIRECTION( '', ( 0.000000000000000, 0.000000000000000, -1.00000000000000 ) );
#12136 = DIRECTION( '', ( -1.00000000000000, 0.000000000000000, 0.000000000000000 ) );
#12137 = DIRECTION( '', ( -0.000000000000000, 0.000000000000000, 1.00000000000000 ) );
#12138 = DIRECTION( '', ( -0.000000000000000, 0.000000000000000, 1.00000000000000 ) );
#12139 = DIRECTION( '', ( 0.000000000000000, 0.000000000000000, -1.00000000000000 ) );
#12140 = DIRECTION( '', ( 1.00000000000000, 0.000000000000000, 0.000000000000000 ) );
#12141 = DIRECTION( '', ( 0.000000000000000, 0.000000000000000, -1.00000000000000 ) );
#12142 = DIRECTION( '', ( -1.00000000000000, 0.000000000000000, 0.000000000000000 ) );
#12143 = DIRECTION( '', ( 0.000000000000000, 0.000000000000000, -1.00000000000000 ) );
#12144 = DIRECTION( '', ( 0.000000000000000, 0.000000000000000, -1.00000000000000 ) );
#12145 = DIRECTION( '', ( 0.000000000000000, 0.000000000000000, 1.00000000000000 ) );
#12146 = DIRECTION( '', ( 0.000000000000000, 0.000000000000000, 1.00000000000000 ) );
#12147 = DIRECTION( '', ( -0.000000000000000, -1.00000000000000, -0.000000000000000 ) );
#12148 = DIRECTION( '', ( -0.000000000000000, -1.00000000000000, -0.000000000000000 ) );
#12149 = DIRECTION( '', ( 0.000000000000000, 1.00000000000000, 0.000000000000000 ) );
#12150 = DIRECTION( '', ( 0.000000000000000, 0.000000000000000, 1.00000000000000 ) );
#12151 = DIRECTION( '', ( 0.000000000000000, 0.000000000000000, -1.00000000000000 ) );
#12152 = DIRECTION( '', ( -0.0157053800170626, -0.999753310610692, -0.0157053800170626 ) );
#12153 = DIRECTION( '', ( -0.000000000000000, -1.00000000000000, -0.000000000000000 ) );
#12154 = DIRECTION( '', ( 1.00000000000000, 0.000000000000000, 0.000000000000000 ) );
#12155 = DIRECTION( '', ( -0.000000000000000, -1.00000000000000, -0.000000000000000 ) );
#12156 = DIRECTION( '', ( 0.000000000000000, -0.707106781186546, 0.707106781186549 ) );
#12157 = DIRECTION( '', ( -1.00000000000000, -0.000000000000000, -0.000000000000000 ) );
#12158 = DIRECTION( '', ( 0.000000000000000, 0.707106781186546, -0.707106781186549 ) );
#12159 = DIRECTION( '', ( -1.00000000000000, -0.000000000000000, -0.000000000000000 ) );
#12160 = DIRECTION( '', ( 1.00000000000000, 0.000000000000000, 0.000000000000000 ) );
#12161 = DIRECTION( '', ( -0.000000000000000, 1.00000000000000, 0.000000000000000 ) );
#12162 = DIRECTION( '', ( 1.00000000000000, 0.000000000000000, 0.000000000000000 ) );
#12163 = DIRECTION( '', ( 0.000000000000000, -1.00000000000000, 0.000000000000000 ) );
#12164 = DIRECTION( '', ( -0.000000000000000, -1.00000000000000, -0.000000000000000 ) );
#12165 = DIRECTION( '', ( -0.000000000000000, 0.000000000000000, 1.00000000000000 ) );
#12166 = DIRECTION( '', ( 1.00000000000000, 0.000000000000000, 0.000000000000000 ) );
#12167 = DIRECTION( '', ( -1.00000000000000, 0.000000000000000, 0.000000000000000 ) );
#12168 = DIRECTION( '', ( -1.00000000000000, -0.000000000000000, -0.000000000000000 ) );
#12169 = DIRECTION( '', ( -1.00000000000000, -0.000000000000000, -0.000000000000000 ) );
#12170 = CARTESIAN_POINT( '', ( -0.115500000000000, -0.0640000000000000, -0.0220000000000000 ) );
#12171 = DIRECTION( '', ( -1.00000000000000, 0.000000000000000, 0.000000000000000 ) );
#12172 = DIRECTION( '', ( 0.000000000000000, 0.000000000000000, 1.00000000000000 ) );
#12173 = DIRECTION( '', ( -0.000000000000000, -0.000000000000000, -1.00000000000000 ) );
#12174 = DIRECTION( '', ( 0.000000000000000, 0.707106781186547, 0.707106781186547 ) );
#12175 = DIRECTION( '', ( 0.000000000000000, 1.00000000000000, 0.000000000000000 ) );
#12176 = DIRECTION( '', ( 0.000000000000000, 0.000000000000000, -1.00000000000000 ) );
#12177 = CARTESIAN_POINT( '', ( -0.115500000000000, -0.0640000000000000, -0.0220000000000000 ) );
#12178 = DIRECTION( '', ( -1.00000000000000, 0.000000000000000, 0.000000000000000 ) );
#12179 = DIRECTION( '', ( 0.000000000000000, 0.000000000000000, 1.00000000000000 ) );
#12180 = DIRECTION( '', ( 0.000000000000000, -1.00000000000000, 0.000000000000000 ) );
#12181 = CARTESIAN_POINT( '', ( 0.0155000000000000, 0.0360000000000000, 0.0780000000000000 ) );
#12182 = DIRECTION( '', ( 1.00000000000000, 0.000000000000000, -0.000000000000000 ) );
#12183 = DIRECTION( '', ( -0.000000000000000, 0.000000000000000, -1.00000000000000 ) );
#12184 = CARTESIAN_POINT( '', ( -0.0155000000000000, 0.0360000000000000, 0.0780000000000000 ) );
#12185 = DIRECTION( '', ( -1.00000000000000, 0.000000000000000, 0.000000000000000 ) );
#12186 = DIRECTION( '', ( 0.000000000000000, 0.000000000000000, 1.00000000000000 ) );
#12187 = DIRECTION( '', ( -1.00000000000000, -0.000000000000000, -0.000000000000000 ) );
#12188 = DIRECTION( '', ( -0.000000000000000, -0.000000000000000, -1.00000000000000 ) );
#12189 = DIRECTION( '', ( 0.000000000000000, 0.707106781186547, 0.707106781186547 ) );
#12190 = DIRECTION( '', ( 0.000000000000000, -1.00000000000000, 0.000000000000000 ) );
#12191 = DIRECTION( '', ( 0.000000000000000, 0.000000000000000, 1.00000000000000 ) );
#12192 = DIRECTION( '', ( 0.000000000000000, 0.000000000000000, 1.00000000000000 ) );
#12193 = DIRECTION( '', ( 0.000000000000000, -1.00000000000000, -0.000000000000000 ) );
#12194 = DIRECTION( '', ( -0.000000000000000, -1.00000000000000, -0.000000000000000 ) );
#12195 = DIRECTION( '', ( 0.000000000000000, 0.000000000000000, -1.00000000000000 ) );
#12196 = DIRECTION( '', ( 0.0157053800170626, -0.999753310610692, -0.0157053800170626 ) );
#12197 = DIRECTION( '', ( 0.0157073173118207, -0.999876632481661, -0.000000000000000 ) );
#12198 = DIRECTION( '', ( 0.000000000000000, -1.00000000000000, -0.000000000000000 ) );
#12199 = DIRECTION( '', ( -1.00000000000000, 0.000000000000000, 0.000000000000000 ) );
#12200 = DIRECTION( '', ( -0.000000000000000, -1.00000000000000, -0.000000000000000 ) );
#12201 = DIRECTION( '', ( 0.000000000000000, 1.00000000000000, 0.000000000000000 ) );
#12202 = DIRECTION( '', ( 0.000000000000000, 0.000000000000000, -1.00000000000000 ) );
#12203 = DIRECTION( '', ( -0.000000000000000, -1.00000000000000, -0.000000000000000 ) );
#12204 = DIRECTION( '', ( 0.000000000000000, 0.000000000000000, -1.00000000000000 ) );
#12205 = DIRECTION( '', ( -0.000000000000000, 0.000000000000000, 1.00000000000000 ) );
#12206 = DIRECTION( '', ( -0.000000000000000, -1.00000000000000, -0.000000000000000 ) );
#12207 = DIRECTION( '', ( 0.000000000000000, 0.000000000000000, 1.00000000000000 ) );
#12208 = DIRECTION( '', ( -0.000000000000000, -1.00000000000000, -0.000000000000000 ) );
#12209 = DIRECTION( '', ( 0.000000000000000, 0.000000000000000, 1.00000000000000 ) );
#12210 = DIRECTION( '', ( 1.00000000000000, -0.000000000000000, 0.000000000000000 ) );
#12211 = DIRECTION( '', ( 0.000000000000000, 0.000000000000000, 1.00000000000000 ) );
#12212 = DIRECTION( '', ( 0.000000000000000, 0.000000000000000, -1.00000000000000 ) );
#12213 = DIRECTION( '', ( 1.00000000000000, 0.000000000000000, 0.000000000000000 ) );
#12214 = DIRECTION( '', ( -1.00000000000000, -0.000000000000000, -0.000000000000000 ) );
#12215 = DIRECTION( '', ( -1.00000000000000, 0.000000000000000, 0.000000000000000 ) );
#12216 = DIRECTION( '', ( 0.000000000000000, 0.000000000000000, -1.00000000000000 ) );
#12217 = DIRECTION( '', ( -1.00000000000000, 0.000000000000000, 2.66782030631276E-17 ) );
#12218 = DIRECTION( '', ( -0.0157053800170626, -0.999753310610692, -0.0157053800170626 ) );
#12219 = DIRECTION( '', ( 0.000000000000000, -1.00000000000000, 0.000000000000000 ) );
#12220 = DIRECTION( '', ( -0.000000000000000, -1.00000000000000, -0.000000000000000 ) );
#12221 = DIRECTION( '', ( -0.000000000000000, -1.00000000000000, -0.000000000000000 ) );
#12222 = DIRECTION( '', ( 0.000000000000000, 0.707106781186547, 0.707106781186547 ) );
#12223 = DIRECTION( '', ( 0.000000000000000, 1.00000000000000, 0.000000000000000 ) );
#12224 = DIRECTION( '', ( 0.000000000000000, 0.707106781186546, -0.707106781186549 ) );
#12225 = DIRECTION( '', ( 0.000000000000000, 0.000000000000000, -1.00000000000000 ) );
#12226 = CARTESIAN_POINT( '', ( -0.0155000000000000, -0.0640000000000000, -0.0220000000000000 ) );
#12227 = DIRECTION( '', ( -1.00000000000000, 0.000000000000000, 0.000000000000000 ) );
#12228 = DIRECTION( '', ( 0.000000000000000, 0.000000000000000, 1.00000000000000 ) );
#12229 = DIRECTION( '', ( 0.000000000000000, 1.00000000000000, 0.000000000000000 ) );
#12230 = DIRECTION( '', ( 0.000000000000000, -1.00000000000000, 0.000000000000000 ) );
#12231 = DIRECTION( '', ( -0.000000000000000, -1.00000000000000, -0.000000000000000 ) );
#12232 = DIRECTION( '', ( -0.000000000000000, -1.00000000000000, -0.000000000000000 ) );
#12233 = DIRECTION( '', ( 0.000000000000000, 0.000000000000000, -1.00000000000000 ) );
#12234 = DIRECTION( '', ( -0.000000000000000, -1.00000000000000, -0.000000000000000 ) );
#12235 = DIRECTION( '', ( 0.000000000000000, -1.00000000000000, -0.000000000000000 ) );
#12236 = DIRECTION( '', ( -1.00000000000000, 0.000000000000000, 0.000000000000000 ) );
#12237 = DIRECTION( '', ( 0.000000000000000, 0.000000000000000, 1.00000000000000 ) );
#12238 = DIRECTION( '', ( -0.0157053800170626, -0.999753310610692, 0.0157053800170626 ) );
#12239 = DIRECTION( '', ( 0.000000000000000, 0.000000000000000, -1.00000000000000 ) );
#12240 = DIRECTION( '', ( -0.0157053800170626, -0.999753310610692, -0.0157053800170626 ) );
#12241 = DIRECTION( '', ( 0.000000000000000, -1.00000000000000, -0.000000000000000 ) );
#12242 = DIRECTION( '', ( -1.00000000000000, 0.000000000000000, 0.000000000000000 ) );
#12243 = DIRECTION( '', ( -0.000000000000000, -1.00000000000000, -0.000000000000000 ) );
#12244 = DIRECTION( '', ( -0.000000000000000, -1.00000000000000, -0.000000000000000 ) );
#12245 = DIRECTION( '', ( -1.00000000000000, 0.000000000000000, 2.66782030631276E-17 ) );
#12246 = DIRECTION( '', ( 1.00000000000000, 0.000000000000000, -2.66782030631276E-17 ) );
#12247 = DIRECTION( '', ( 0.0157053800170626, -0.999753310610692, -0.0157053800170626 ) );
#12248 = DIRECTION( '', ( -0.000000000000000, 0.000000000000000, 1.00000000000000 ) );
#12249 = DIRECTION( '', ( -0.000000000000000, -1.00000000000000, -0.000000000000000 ) );
#12250 = DIRECTION( '', ( -0.000000000000000, -1.00000000000000, -0.000000000000000 ) );
#12251 = DIRECTION( '', ( -0.000000000000000, 0.000000000000000, 1.00000000000000 ) );
#12252 = DIRECTION( '', ( -0.000000000000000, 1.00000000000000, 0.000000000000000 ) );
#12253 = DIRECTION( '', ( -1.00000000000000, -0.000000000000000, -0.000000000000000 ) );
#12254 = DIRECTION( '', ( -1.00000000000000, -0.000000000000000, -0.000000000000000 ) );
#12255 = DIRECTION( '', ( 0.000000000000000, -1.00000000000000, 0.000000000000000 ) );
#12256 = DIRECTION( '', ( -0.000000000000000, -1.00000000000000, -0.000000000000000 ) );
#12257 = DIRECTION( '', ( 0.000000000000000, 0.000000000000000, -1.00000000000000 ) );
#12258 = DIRECTION( '', ( -0.000000000000000, -1.00000000000000, -0.000000000000000 ) );
#12259 = DIRECTION( '', ( 0.000000000000000, 0.000000000000000, -1.00000000000000 ) );
#12260 = DIRECTION( '', ( -0.000000000000000, -1.00000000000000, -0.000000000000000 ) );
#12261 = DIRECTION( '', ( 1.00000000000000, 0.000000000000000, 0.000000000000000 ) );
#12262 = DIRECTION( '', ( 0.000000000000000, 0.000000000000000, 1.00000000000000 ) );
#12263 = DIRECTION( '', ( -0.0157073173118207, -0.999876632481661, 8.93958401753023E-18 ) );
#12264 = DIRECTION( '', ( 0.000000000000000, 0.000000000000000, -1.00000000000000 ) );
#12265 = DIRECTION( '', ( 0.0157053800170626, -0.999753310610692, -0.0157053800170626 ) );
#12266 = DIRECTION( '', ( -1.00000000000000, 0.000000000000000, 0.000000000000000 ) );
#12267 = DIRECTION( '', ( 0.000000000000000, 0.000000000000000, 1.00000000000000 ) );
#12268 = DIRECTION( '', ( 0.000000000000000, 0.000000000000000, 1.00000000000000 ) );
#12269 = DIRECTION( '', ( 1.00000000000000, 0.000000000000000, 0.000000000000000 ) );
#12270 = DIRECTION( '', ( -0.000000000000000, -1.00000000000000, -0.000000000000000 ) );
#12271 = DIRECTION( '', ( -1.00000000000000, 0.000000000000000, 0.000000000000000 ) );
#12272 = DIRECTION( '', ( 0.000000000000000, 1.00000000000000, 0.000000000000000 ) );
#12273 = DIRECTION( '', ( -1.00000000000000, -0.000000000000000, -0.000000000000000 ) );
#12274 = DIRECTION( '', ( -0.000000000000000, -1.00000000000000, -0.000000000000000 ) );
#12275 = DIRECTION( '', ( 0.000000000000000, 0.000000000000000, -1.00000000000000 ) );
#12276 = DIRECTION( '', ( 0.000000000000000, -1.00000000000000, 0.000000000000000 ) );
#12277 = DIRECTION( '', ( -0.000000000000000, -1.00000000000000, -0.000000000000000 ) );
#12278 = DIRECTION( '', ( 0.000000000000000, 0.000000000000000, -1.00000000000000 ) );
#12279 = DIRECTION( '', ( -0.000000000000000, -1.00000000000000, -0.000000000000000 ) );
#12280 = DIRECTION( '', ( 0.000000000000000, 0.000000000000000, -1.00000000000000 ) );
#12281 = DIRECTION( '', ( -0.000000000000000, 0.000000000000000, 1.00000000000000 ) );
#12282 = DIRECTION( '', ( 0.000000000000000, -1.00000000000000, -0.000000000000000 ) );
#12283 = DIRECTION( '', ( -0.000000000000000, -1.00000000000000, -0.000000000000000 ) );
#12284 = DIRECTION( '', ( -0.000000000000000, -1.00000000000000, -0.000000000000000 ) );
#12285 = DIRECTION( '', ( -0.000000000000000, 1.00000000000000, 0.000000000000000 ) );
#12286 = DIRECTION( '', ( 0.000000000000000, -0.707106781186546, -0.707106781186548 ) );
#12287 = DIRECTION( '', ( 0.000000000000000, -0.707106781186546, -0.707106781186549 ) );
#12288 = DIRECTION( '', ( -1.00000000000000, -0.000000000000000, -0.000000000000000 ) );
#12289 = DIRECTION( '', ( 1.00000000000000, 0.000000000000000, 0.000000000000000 ) );
#12290 = DIRECTION( '', ( -1.00000000000000, 0.000000000000000, 0.000000000000000 ) );
#12291 = DIRECTION( '', ( -1.00000000000000, 0.000000000000000, 0.000000000000000 ) );
#12292 = DIRECTION( '', ( 1.00000000000000, -0.000000000000000, 0.000000000000000 ) );
#12293 = DIRECTION( '', ( 0.000000000000000, -1.00000000000000, 0.000000000000000 ) );
#12294 = DIRECTION( '', ( -1.00000000000000, -0.000000000000000, -0.000000000000000 ) );
#12295 = CARTESIAN_POINT( '', ( 0.0250000000000000, 0.185000000000000, 0.0675182600000000 ) );
#12296 = DIRECTION( '', ( -0.000000000000000, 1.00000000000000, 0.000000000000000 ) );
#12297 = DIRECTION( '', ( 1.00000000000000, 0.000000000000000, 0.000000000000000 ) );
#12298 = DIRECTION( '', ( 1.00000000000000, 0.000000000000000, 0.000000000000000 ) );
#12299 = DIRECTION( '', ( 3.57583360701210E-17, -0.999876632481661, 0.0157073173118207 ) );
#12300 = DIRECTION( '', ( -0.000000000000000, -0.999876632481661, 0.0157073173118207 ) );
#12301 = DIRECTION( '', ( -0.000000000000000, 0.000000000000000, 1.00000000000000 ) );
#12302 = DIRECTION( '', ( -1.00000000000000, 0.000000000000000, 0.000000000000000 ) );
#12303 = DIRECTION( '', ( 0.000000000000000, -0.707106781186547, -0.707106781186547 ) );
#12304 = DIRECTION( '', ( -1.00000000000000, -0.000000000000000, -0.000000000000000 ) );
#12305 = DIRECTION( '', ( 0.000000000000000, 0.000000000000000, 1.00000000000000 ) );
#12306 = DIRECTION( '', ( -0.000000000000000, -1.00000000000000, -0.000000000000000 ) );
#12307 = DIRECTION( '', ( 1.00000000000000, 0.000000000000000, 0.000000000000000 ) );
#12308 = DIRECTION( '', ( -1.00000000000000, 0.000000000000000, 0.000000000000000 ) );
#12309 = DIRECTION( '', ( 1.00000000000000, 0.000000000000000, 0.000000000000000 ) );
#12310 = CARTESIAN_POINT( '', ( -0.0750000000000000, 0.185000000000000, 0.0675182600000000 ) );
#12311 = DIRECTION( '', ( -0.000000000000000, 1.00000000000000, 0.000000000000000 ) );
#12312 = DIRECTION( '', ( 1.00000000000000, 0.000000000000000, 0.000000000000000 ) );
#12313 = DIRECTION( '', ( 1.00000000000000, 0.000000000000000, 0.000000000000000 ) );
#12314 = DIRECTION( '', ( 0.0157053800170626, -0.999753310610692, 0.0157053800170626 ) );
#12315 = DIRECTION( '', ( -0.0157053800170626, -0.999753310610692, 0.0157053800170626 ) );
#12316 = DIRECTION( '', ( 1.00000000000000, 0.000000000000000, 0.000000000000000 ) );
#12317 = CARTESIAN_POINT( '', ( -0.115500000000000, 0.0360000000000000, 0.0780000000000000 ) );
#12318 = DIRECTION( '', ( -1.00000000000000, 0.000000000000000, 0.000000000000000 ) );
#12319 = DIRECTION( '', ( 0.000000000000000, 0.000000000000000, 1.00000000000000 ) );
#12320 = DIRECTION( '', ( 0.000000000000000, 0.000000000000000, 1.00000000000000 ) );
#12321 = DIRECTION( '', ( -0.000000000000000, -1.00000000000000, -0.000000000000000 ) );
#12322 = DIRECTION( '', ( -1.00000000000000, 0.000000000000000, 0.000000000000000 ) );
#12323 = DIRECTION( '', ( 0.000000000000000, 0.000000000000000, 1.00000000000000 ) );
#12324 = DIRECTION( '', ( 0.000000000000000, 0.000000000000000, 1.00000000000000 ) );
#12325 = CARTESIAN_POINT( '', ( 0.125000000000000, 0.185000000000000, 0.0675182600000000 ) );
#12326 = DIRECTION( '', ( -0.000000000000000, 1.00000000000000, 0.000000000000000 ) );
#12327 = DIRECTION( '', ( 1.00000000000000, 0.000000000000000, 0.000000000000000 ) );
#12328 = DIRECTION( '', ( 3.57583360701210E-17, -0.999876632481661, 0.0157073173118207 ) );
#12329 = DIRECTION( '', ( 0.000000000000000, -1.00000000000000, -0.000000000000000 ) );
#12330 = DIRECTION( '', ( -1.00000000000000, 0.000000000000000, 0.000000000000000 ) );
#12331 = DIRECTION( '', ( -0.000000000000000, -1.00000000000000, -0.000000000000000 ) );
#12332 = DIRECTION( '', ( -1.00000000000000, -0.000000000000000, -0.000000000000000 ) );
#12333 = DIRECTION( '', ( 0.000000000000000, 0.000000000000000, -1.00000000000000 ) );
#12334 = DIRECTION( '', ( -1.00000000000000, -0.000000000000000, -0.000000000000000 ) );
#12335 = DIRECTION( '', ( 0.000000000000000, 0.000000000000000, 1.00000000000000 ) );
#12336 = DIRECTION( '', ( -0.0157073173118207, -0.999876632481661, 8.93958401753023E-18 ) );
#12337 = DIRECTION( '', ( 0.000000000000000, 0.000000000000000, 1.00000000000000 ) );
#12338 = DIRECTION( '', ( -1.00000000000000, -0.000000000000000, -0.000000000000000 ) );
#12339 = DIRECTION( '', ( -1.00000000000000, -0.000000000000000, -0.000000000000000 ) );
#12340 = DIRECTION( '', ( 0.000000000000000, 0.000000000000000, 1.00000000000000 ) );
#12341 = DIRECTION( '', ( -1.00000000000000, -0.000000000000000, -0.000000000000000 ) );
#12342 = DIRECTION( '', ( 0.000000000000000, 0.000000000000000, -1.00000000000000 ) );
#12343 = DIRECTION( '', ( 1.00000000000000, 0.000000000000000, 0.000000000000000 ) );
#12344 = DIRECTION( '', ( 3.57583360701210E-17, -0.999876632481661, 0.0157073173118207 ) );
#12345 = DIRECTION( '', ( -1.00000000000000, 0.000000000000000, 0.000000000000000 ) );
#12346 = DIRECTION( '', ( -0.000000000000000, -0.999876632481661, 0.0157073173118207 ) );
#12347 = DIRECTION( '', ( 0.000000000000000, 0.000000000000000, 1.00000000000000 ) );
#12348 = DIRECTION( '', ( -0.000000000000000, 0.000000000000000, 1.00000000000000 ) );
#12349 = DIRECTION( '', ( -0.000000000000000, -0.000000000000000, -1.00000000000000 ) );
#12350 = DIRECTION( '', ( -0.000000000000000, 0.000000000000000, 1.00000000000000 ) );
#12351 = DIRECTION( '', ( -1.00000000000000, 0.000000000000000, 0.000000000000000 ) );
#12352 = DIRECTION( '', ( -0.000000000000000, 0.000000000000000, 1.00000000000000 ) );
#12353 = DIRECTION( '', ( 0.000000000000000, 0.000000000000000, -1.00000000000000 ) );
#12354 = DIRECTION( '', ( -1.00000000000000, 0.000000000000000, 0.000000000000000 ) );
#12355 = DIRECTION( '', ( 1.00000000000000, 0.000000000000000, 0.000000000000000 ) );
#12356 = DIRECTION( '', ( 0.000000000000000, 0.000000000000000, -1.00000000000000 ) );
#12357 = DIRECTION( '', ( -1.00000000000000, 0.000000000000000, 0.000000000000000 ) );
#12358 = DIRECTION( '', ( 0.000000000000000, 0.000000000000000, -1.00000000000000 ) );
#12359 = DIRECTION( '', ( -1.00000000000000, 0.000000000000000, 0.000000000000000 ) );
#12360 = DIRECTION( '', ( 0.000000000000000, -1.00000000000000, -0.000000000000000 ) );
#12361 = DIRECTION( '', ( -0.000000000000000, -1.00000000000000, -0.000000000000000 ) );
#12362 = DIRECTION( '', ( -1.00000000000000, -0.000000000000000, -0.000000000000000 ) );
#12363 = DIRECTION( '', ( 0.000000000000000, 0.000000000000000, -1.00000000000000 ) );
#12364 = DIRECTION( '', ( -1.00000000000000, -0.000000000000000, -0.000000000000000 ) );
#12365 = DIRECTION( '', ( -0.000000000000000, 0.000000000000000, 1.00000000000000 ) );
#12366 = DIRECTION( '', ( -0.000000000000000, -1.00000000000000, -0.000000000000000 ) );
#12367 = DIRECTION( '', ( 0.000000000000000, 0.000000000000000, -1.00000000000000 ) );
#12368 = DIRECTION( '', ( 1.00000000000000, 0.000000000000000, 0.000000000000000 ) );
#12369 = CARTESIAN_POINT( '', ( -0.0845000000000000, -0.0640000000000000, -0.0220000000000000 ) );
#12370 = DIRECTION( '', ( 1.00000000000000, 0.000000000000000, -0.000000000000000 ) );
#12371 = DIRECTION( '', ( -0.000000000000000, 0.000000000000000, -1.00000000000000 ) );
#12372 = DIRECTION( '', ( -1.00000000000000, -0.000000000000000, -0.000000000000000 ) );
#12373 = DIRECTION( '', ( -1.00000000000000, -0.000000000000000, -0.000000000000000 ) );
#12374 = CARTESIAN_POINT( '', ( 0.184500000000000, -0.0640000000000000, -0.0220000000000000 ) );
#12375 = DIRECTION( '', ( -1.00000000000000, 0.000000000000000, 0.000000000000000 ) );
#12376 = DIRECTION( '', ( 0.000000000000000, 0.000000000000000, 1.00000000000000 ) );
#12377 = DIRECTION( '', ( -1.00000000000000, -0.000000000000000, -0.000000000000000 ) );
#12378 = CARTESIAN_POINT( '', ( 0.215500000000000, -0.0640000000000000, -0.0220000000000000 ) );
#12379 = DIRECTION( '', ( 1.00000000000000, 0.000000000000000, 0.000000000000000 ) );
#12380 = DIRECTION( '', ( 0.000000000000000, 0.000000000000000, -1.00000000000000 ) );
#12381 = DIRECTION( '', ( -1.00000000000000, -0.000000000000000, -0.000000000000000 ) );
#12382 = DIRECTION( '', ( -0.000000000000000, -0.000000000000000, -1.00000000000000 ) );
#12383 = DIRECTION( '', ( -1.00000000000000, -0.000000000000000, -0.000000000000000 ) );
#12384 = DIRECTION( '', ( -0.000000000000000, -1.00000000000000, -0.000000000000000 ) );
#12385 = DIRECTION( '', ( 0.000000000000000, 1.00000000000000, 0.000000000000000 ) );
#12386 = DIRECTION( '', ( 0.000000000000000, 0.000000000000000, 1.00000000000000 ) );
#12387 = CARTESIAN_POINT( '', ( 0.215500000000000, 0.0360000000000000, 0.0780000000000000 ) );
#12388 = DIRECTION( '', ( 1.00000000000000, 0.000000000000000, 0.000000000000000 ) );
#12389 = DIRECTION( '', ( 0.000000000000000, 0.000000000000000, -1.00000000000000 ) );
#12390 = DIRECTION( '', ( 0.000000000000000, -0.707106781186546, -0.707106781186549 ) );
#12391 = CARTESIAN_POINT( '', ( 0.215500000000000, 0.0360000000000000, 0.0780000000000000 ) );
#12392 = DIRECTION( '', ( 1.00000000000000, 0.000000000000000, 0.000000000000000 ) );
#12393 = DIRECTION( '', ( 0.000000000000000, 0.000000000000000, -1.00000000000000 ) );
#12394 = CARTESIAN_POINT( '', ( 0.215500000000000, -0.0640000000000000, -0.0220000000000000 ) );
#12395 = DIRECTION( '', ( 1.00000000000000, 0.000000000000000, 0.000000000000000 ) );
#12396 = DIRECTION( '', ( 0.000000000000000, 0.000000000000000, -1.00000000000000 ) );
#12397 = DIRECTION( '', ( 0.000000000000000, 0.000000000000000, 1.00000000000000 ) );
#12398 = DIRECTION( '', ( -0.000000000000000, -1.00000000000000, -0.000000000000000 ) );
#12399 = DIRECTION( '', ( 1.00000000000000, 0.000000000000000, 0.000000000000000 ) );
#12400 = DIRECTION( '', ( -0.000000000000000, 0.000000000000000, 1.00000000000000 ) );
#12401 = DIRECTION( '', ( 0.000000000000000, -0.707106781186547, -0.707106781186547 ) );
#12402 = DIRECTION( '', ( -1.00000000000000, 0.000000000000000, 0.000000000000000 ) );
#12403 = DIRECTION( '', ( 1.00000000000000, -0.000000000000000, 0.000000000000000 ) );
#12404 = DIRECTION( '', ( -1.00000000000000, -0.000000000000000, -0.000000000000000 ) );
#12405 = DIRECTION( '', ( 0.000000000000000, -1.00000000000000, 0.000000000000000 ) );
#12406 = DIRECTION( '', ( -1.00000000000000, -0.000000000000000, -0.000000000000000 ) );
#12407 = DIRECTION( '', ( 0.000000000000000, -0.707106781186546, 0.707106781186549 ) );
#12408 = DIRECTION( '', ( 0.000000000000000, 0.000000000000000, 1.00000000000000 ) );
#12409 = DIRECTION( '', ( -1.00000000000000, 0.000000000000000, 0.000000000000000 ) );
#12410 = CARTESIAN_POINT( '', ( -0.225000000000000, 0.185000000000000, 0.0675182600000000 ) );
#12411 = DIRECTION( '', ( -0.000000000000000, 1.00000000000000, 0.000000000000000 ) );
#12412 = DIRECTION( '', ( 1.00000000000000, 0.000000000000000, 0.000000000000000 ) );
#12413 = CARTESIAN_POINT( '', ( -0.225000000000000, 0.335000000000000, 0.0675182600000000 ) );
#12414 = DIRECTION( '', ( 0.000000000000000, 1.00000000000000, 0.000000000000000 ) );
#12415 = DIRECTION( '', ( 0.000000000000000, -0.000000000000000, 1.00000000000000 ) );
#12416 = CARTESIAN_POINT( '', ( 0.0155000000000000, 0.0360000000000000, 0.0780000000000000 ) );
#12417 = DIRECTION( '', ( 1.00000000000000, 0.000000000000000, -0.000000000000000 ) );
#12418 = DIRECTION( '', ( -0.000000000000000, 0.000000000000000, -1.00000000000000 ) );
#12419 = DIRECTION( '', ( 0.000000000000000, 0.000000000000000, 1.00000000000000 ) );
#12420 = DIRECTION( '', ( 0.000000000000000, -0.707106781186547, 0.707106781186548 ) );
#12421 = DIRECTION( '', ( 0.000000000000000, -1.00000000000000, 0.000000000000000 ) );
#12422 = DIRECTION( '', ( 0.000000000000000, -0.707106781186546, -0.707106781186548 ) );
#12423 = DIRECTION( '', ( -0.000000000000000, 1.00000000000000, 0.000000000000000 ) );
#12424 = DIRECTION( '', ( 0.000000000000000, 0.000000000000000, -1.00000000000000 ) );
#12425 = CARTESIAN_POINT( '', ( -0.175000000000000, 0.185000000000000, 0.0675182600000000 ) );
#12426 = DIRECTION( '', ( -0.000000000000000, 1.00000000000000, 0.000000000000000 ) );
#12427 = DIRECTION( '', ( 1.00000000000000, 0.000000000000000, 0.000000000000000 ) );
#12428 = CARTESIAN_POINT( '', ( -0.125000000000000, 0.185000000000000, 0.0675182600000000 ) );
#12429 = DIRECTION( '', ( -0.000000000000000, 1.00000000000000, 0.000000000000000 ) );
#12430 = DIRECTION( '', ( 1.00000000000000, 0.000000000000000, 0.000000000000000 ) );
#12431 = CARTESIAN_POINT( '', ( 0.0750000000000001, 0.185000000000000, 0.0675182600000000 ) );
#12432 = DIRECTION( '', ( -0.000000000000000, 1.00000000000000, 0.000000000000000 ) );
#12433 = DIRECTION( '', ( 1.00000000000000, 0.000000000000000, 0.000000000000000 ) );
#12434 = DIRECTION( '', ( 1.00000000000000, 0.000000000000000, 0.000000000000000 ) );
#12435 = DIRECTION( '', ( 0.000000000000000, 0.000000000000000, -1.00000000000000 ) );
#12436 = DIRECTION( '', ( 1.00000000000000, 0.000000000000000, 0.000000000000000 ) );
#12437 = DIRECTION( '', ( 0.000000000000000, 0.000000000000000, -1.00000000000000 ) );
#12438 = DIRECTION( '', ( 1.00000000000000, 0.000000000000000, 0.000000000000000 ) );
#12439 = DIRECTION( '', ( 0.000000000000000, 0.000000000000000, 1.00000000000000 ) );
#12440 = CARTESIAN_POINT( '', ( -0.175000000000000, 0.335000000000000, 0.0675182600000000 ) );
#12441 = DIRECTION( '', ( 0.000000000000000, 1.00000000000000, 0.000000000000000 ) );
#12442 = DIRECTION( '', ( 0.000000000000000, -0.000000000000000, 1.00000000000000 ) );
#12443 = DIRECTION( '', ( -1.00000000000000, 0.000000000000000, 0.000000000000000 ) );
#12444 = DIRECTION( '', ( 0.000000000000000, -1.00000000000000, -0.000000000000000 ) );
#12445 = DIRECTION( '', ( -0.000000000000000, -1.00000000000000, -0.000000000000000 ) );
#12446 = DIRECTION( '', ( -0.000000000000000, -1.00000000000000, -0.000000000000000 ) );
#12447 = DIRECTION( '', ( -1.00000000000000, 0.000000000000000, 0.000000000000000 ) );
#12448 = DIRECTION( '', ( 0.000000000000000, 1.00000000000000, 0.000000000000000 ) );
#12449 = DIRECTION( '', ( 1.00000000000000, 0.000000000000000, 0.000000000000000 ) );
#12450 = DIRECTION( '', ( 0.000000000000000, 0.000000000000000, 1.00000000000000 ) );
#12451 = DIRECTION( '', ( -1.00000000000000, 0.000000000000000, 0.000000000000000 ) );
#12452 = DIRECTION( '', ( -0.0157053800170626, -0.999753310610692, 0.0157053800170626 ) );
#12453 = CARTESIAN_POINT( '', ( 0.184500000000000, -0.0640000000000000, -0.0220000000000000 ) );
#12454 = DIRECTION( '', ( -1.00000000000000, 0.000000000000000, 0.000000000000000 ) );
#12455 = DIRECTION( '', ( 0.000000000000000, 0.000000000000000, 1.00000000000000 ) );
#12456 = DIRECTION( '', ( -1.00000000000000, -0.000000000000000, -0.000000000000000 ) );
#12457 = DIRECTION( '', ( 0.000000000000000, 0.000000000000000, -1.00000000000000 ) );
#12458 = CARTESIAN_POINT( '', ( -0.184500000000000, 0.0360000000000000, 0.0780000000000000 ) );
#12459 = DIRECTION( '', ( 1.00000000000000, 0.000000000000000, -0.000000000000000 ) );
#12460 = DIRECTION( '', ( -0.000000000000000, 0.000000000000000, -1.00000000000000 ) );
#12461 = DIRECTION( '', ( -0.000000000000000, 1.00000000000000, 0.000000000000000 ) );
#12462 = DIRECTION( '', ( 0.000000000000000, 0.000000000000000, -1.00000000000000 ) );
#12463 = CARTESIAN_POINT( '', ( -0.0845000000000000, 0.0360000000000000, 0.0780000000000000 ) );
#12464 = DIRECTION( '', ( 1.00000000000000, 0.000000000000000, -0.000000000000000 ) );
#12465 = DIRECTION( '', ( -0.000000000000000, 0.000000000000000, -1.00000000000000 ) );
#12466 = DIRECTION( '', ( -1.00000000000000, -0.000000000000000, -0.000000000000000 ) );
#12467 = DIRECTION( '', ( -1.00000000000000, -0.000000000000000, -0.000000000000000 ) );
#12468 = CARTESIAN_POINT( '', ( -0.0155000000000000, 0.0360000000000000, 0.0780000000000000 ) );
#12469 = DIRECTION( '', ( -1.00000000000000, 0.000000000000000, 0.000000000000000 ) );
#12470 = DIRECTION( '', ( 0.000000000000000, 0.000000000000000, 1.00000000000000 ) );
#12471 = DIRECTION( '', ( -0.000000000000000, -1.00000000000000, -0.000000000000000 ) );
#12472 = DIRECTION( '', ( -1.00000000000000, 0.000000000000000, 0.000000000000000 ) );
#12473 = DIRECTION( '', ( 0.000000000000000, 1.00000000000000, 0.000000000000000 ) );
#12474 = CARTESIAN_POINT( '', ( -0.215500000000000, 0.0360000000000000, 0.0780000000000000 ) );
#12475 = DIRECTION( '', ( 1.00000000000000, 0.000000000000000, 0.000000000000000 ) );
#12476 = DIRECTION( '', ( 0.000000000000000, 0.000000000000000, -1.00000000000000 ) );
#12477 = DIRECTION( '', ( 0.000000000000000, 0.000000000000000, -1.00000000000000 ) );
#12478 = DIRECTION( '', ( 0.000000000000000, 0.000000000000000, 1.00000000000000 ) );
#12479 = DIRECTION( '', ( 0.000000000000000, 1.00000000000000, 0.000000000000000 ) );
#12480 = CARTESIAN_POINT( '', ( -0.215500000000000, -0.0640000000000000, -0.0220000000000000 ) );
#12481 = DIRECTION( '', ( 1.00000000000000, 0.000000000000000, 0.000000000000000 ) );
#12482 = DIRECTION( '', ( 0.000000000000000, 0.000000000000000, -1.00000000000000 ) );
#12483 = DIRECTION( '', ( 0.000000000000000, -0.707106781186547, -0.707106781186547 ) );
#12484 = DIRECTION( '', ( -1.00000000000000, -0.000000000000000, -0.000000000000000 ) );
#12485 = DIRECTION( '', ( -0.000000000000000, -0.000000000000000, -1.00000000000000 ) );
#12486 = DIRECTION( '', ( 0.000000000000000, 0.000000000000000, -1.00000000000000 ) );
#12487 = DIRECTION( '', ( 0.000000000000000, 0.000000000000000, -1.00000000000000 ) );
#12488 = DIRECTION( '', ( 1.00000000000000, 0.000000000000000, 0.000000000000000 ) );
#12489 = DIRECTION( '', ( -0.000000000000000, 1.00000000000000, 0.000000000000000 ) );
#12490 = DIRECTION( '', ( -1.00000000000000, -0.000000000000000, -0.000000000000000 ) );
#12491 = DIRECTION( '', ( -0.000000000000000, 0.000000000000000, 1.00000000000000 ) );
#12492 = DIRECTION( '', ( 0.000000000000000, 0.000000000000000, -1.00000000000000 ) );
#12493 = DIRECTION( '', ( -1.00000000000000, -0.000000000000000, -0.000000000000000 ) );
#12494 = DIRECTION( '', ( -0.000000000000000, 1.00000000000000, 0.000000000000000 ) );
#12495 = CARTESIAN_POINT( '', ( -0.0845000000000000, -0.0640000000000000, -0.0220000000000000 ) );
#12496 = DIRECTION( '', ( 1.00000000000000, 0.000000000000000, -0.000000000000000 ) );
#12497 = DIRECTION( '', ( -0.000000000000000, 0.000000000000000, -1.00000000000000 ) );
#12498 = DIRECTION( '', ( -0.000000000000000, -0.999876632481661, 0.0157073173118207 ) );
#12499 = DIRECTION( '', ( 0.000000000000000, 0.000000000000000, 1.00000000000000 ) );
#12500 = DIRECTION( '', ( -1.00000000000000, 0.000000000000000, 0.000000000000000 ) );
#12501 = DIRECTION( '', ( -0.000000000000000, -1.00000000000000, -0.000000000000000 ) );
#12502 = DIRECTION( '', ( 0.000000000000000, 0.000000000000000, 1.00000000000000 ) );
#12503 = DIRECTION( '', ( -1.00000000000000, -0.000000000000000, -0.000000000000000 ) );
#12504 = DIRECTION( '', ( 0.000000000000000, 0.707106781186546, 0.707106781186548 ) );
#12505 = DIRECTION( '', ( -1.00000000000000, -0.000000000000000, -0.000000000000000 ) );
#12506 = DIRECTION( '', ( -1.00000000000000, -0.000000000000000, -0.000000000000000 ) );
#12507 = DIRECTION( '', ( -1.00000000000000, -0.000000000000000, -0.000000000000000 ) );
#12508 = DIRECTION( '', ( 0.000000000000000, 1.00000000000000, 0.000000000000000 ) );
#12509 = DIRECTION( '', ( 0.000000000000000, -1.00000000000000, 0.000000000000000 ) );
#12510 = DIRECTION( '', ( -0.000000000000000, 1.00000000000000, 0.000000000000000 ) );
#12511 = DIRECTION( '', ( -1.00000000000000, -0.000000000000000, -0.000000000000000 ) );
#12512 = DIRECTION( '', ( -0.000000000000000, -1.00000000000000, -0.000000000000000 ) );
#12513 = DIRECTION( '', ( -0.000000000000000, -1.00000000000000, -0.000000000000000 ) );
#12514 = DIRECTION( '', ( 0.000000000000000, -1.00000000000000, 0.000000000000000 ) );
#12515 = DIRECTION( '', ( 0.000000000000000, 0.707106781186547, -0.707106781186548 ) );
ENDSEC;
END-ISO-10303-21;
